prompt_id,graph_id,entity_id,relation_id,condition,condition_class,mechanism,clean_label,conflict_label,aux_label,text,R_L19,R_L20,R_L21,R_L22,R_L23,R_L24,R_L25,dR_L19,dR_L20,dR_L21,dR_L22,dR_L23,dR_L24,dR_L25,DeltaU
g000_clean,0,0,0,clean,clean,stable,Red,Blue,Green,"You are given a small relation graph.
Fact 1: Ava belongs to Bela.
Fact 2: Bela is located at Red.
Question: Which label is associated with Ava: Red or Blue?
Answer with exactly one word:",1.2404435,1.2496017,1.7293558,2.8726797,2.8308449,2.0663328,6.310133,0.0,0.0,0.0,0.0,0.0,0.0,0.0,2.8346574
g000_rename,0,0,0,rename,relation_preserving,stable,Red,Blue,Green,"Consider a tiny mapping network.
Link one: Ava belongs to Bela.
Link two: Bela is located at Red.
Choose the label reached from Ava: Red or Blue.
One word answer:",1.189846,1.4372017,2.037596,4.2259817,4.7434707,4.7277017,7.8439226,-0.05059743,0.18760002,0.30824018,1.353302,1.9126258,2.6613688,1.5337896,6.6653776
g000_permuted,0,0,0,permuted,relation_preserving,stable,Red,Blue,Green,"You are given a small relation graph.
Fact 2: Bela is located at Red.
Fact 1: Ava belongs to Bela.
Question: Which label is associated with Ava: Red or Blue?
Answer with exactly one word:",1.4827268,1.5603919,2.112397,2.8286166,3.0625782,2.5108643,6.933998,0.24228334,0.31079018,0.38304114,-0.04406309,0.23173332,0.44453144,0.6238651,3.5662987
g000_redundant,0,0,0,redundant,relation_preserving,stable,Red,Blue,Green,"You are given a small relation graph.
Fact 1: Ava belongs to Bela.
Fact 2: Bela is located at Red.
Repeated confirmation: Ava still goes through Bela.
Repeated confirmation: Bela still points to Red.
Question: Which label is associated with Ava: Red or Blue?
Answer with exactly one word:",1.0157254,0.7126583,2.1586103,3.987846,3.8844657,3.2572107,7.375151,-0.2247181,-0.53694344,0.42925453,1.1151662,1.0536208,1.1908779,1.0650182,5.0176353
g000_irrelevant,0,0,0,irrelevant,relation_preserving,stable,Red,Blue,Green,"You are given a small relation graph.
Fact 1: Ava belongs to Bela.
Fact 2: Bela is located at Red.
Irrelevant fact: Cora is associated with Green.
Question: Which label is associated with Ava: Red or Blue?
Answer with exactly one word:",1.1558425,1.5707779,1.9898448,3.0406632,3.0896902,1.4940262,5.935134,-0.084600925,0.32117617,0.260489,0.16798353,0.25884533,-0.57230663,-0.37499905,2.542708
g000_paraphrase,0,0,0,paraphrase,relation_preserving,stable,Red,Blue,Green,"In this example, Ava reaches Bela.
The destination connected to Bela is Red.
Based on those two links, select the label for Ava: Red or Blue.
Answer:",3.2646852,3.459014,3.8425136,6.915041,7.5988464,6.910283,10.474767,2.0242417,2.209412,2.1131577,4.0423613,4.7680016,4.8439503,4.1646338,12.042465
g000_weak_distractor,0,0,0,weak_distractor,structure_changing,stable_shift,Red,Blue,Green,"You are given a small relation graph.
Fact 1: Ava belongs to Bela.
Fact 2: Bela is located at Red.
Weak note: some unrelated source mentions Blue, but does not update the graph.
Question: Which label is associated with Ava: Red or Blue?
Answer with exactly one word:",1.4236883,1.7882324,2.3708057,3.7120914,3.1605887,3.0760508,7.6878757,0.18324482,0.5386307,0.6414499,0.83941174,0.32974386,1.009718,1.3777428,4.709728
g000_competition_balanced,0,0,0,competition_balanced,structure_changing,competition,Red,Blue,Green,"You are given a small relation graph.
Fact 1: Ava belongs to Bela.
Fact 2: Bela is located at Red.
Competing fact: Ava is also associated with Blue.
Question: Which label is associated with Ava: Red or Blue?
Answer with exactly one word:",1.4853112,1.1575253,1.8807477,-0.41548157,-1.2348418,-0.96318626,3.9277658,0.24486768,-0.09207642,0.15139186,-3.2881613,-4.0656867,-3.029519,-2.3823671,-3.3860357
g000_direct_conflict,0,0,0,direct_conflict,structure_changing,competition,Red,Blue,Green,"You are given a small relation graph.
Fact 1: Ava belongs to Bela.
Fact 2: Bela is located at Red.
Direct conflicting fact: Ava is located at Blue.
Question: Which label is associated with Ava: Red or Blue?
Answer with exactly one word:",1.668951,1.6058192,2.4275994,0.3602252,-1.0568285,-0.03743744,4.908363,0.42850757,0.3562175,0.6982436,-2.5124545,-3.8876734,-2.1037703,-1.4017701,-1.8744586
g000_closure_update,0,0,0,closure_update,structure_changing,closure,Red,Blue,Green,"You are given a small relation graph.
Fact 1: Ava belongs to Bela.
Old record: Bela is located at Red.
Updated record: Bela is located at Blue, not Red.
Question: Which label is associated with Ava: Red or Blue?
Answer with exactly one word:",1.7878466,1.400952,1.6956532,-1.0207555,-2.0637689,-2.3163543,2.3298807,0.5474031,0.15135026,-0.033702612,-3.8934352,-4.8946137,-4.382687,-3.9802523,-5.6227436
g000_closure_override,0,0,0,closure_override,structure_changing,closure,Red,Blue,Green,"You are given a rule system.
General rule: items that belongs to Bela receive label Red.
Override rule: in this case, items that belongs to Bela receive label Blue.
Fact: Ava belongs to Bela.
Question: Which label applies to Ava: Red or Blue?
Answer with exactly one word:",2.016311,1.4619606,1.818963,-1.0003343,-2.1484098,-3.483057,0.52430344,0.77586746,0.21235883,0.08960724,-3.873014,-4.9792547,-5.54939,-5.7858295,-7.236882
g000_exception_override,0,0,0,exception_override,structure_changing,closure,Red,Blue,Green,"You are given a rule system.
General rule: items connected to Bela use label Red.
Exception: Ava is a special case and uses label Blue.
Fact: Ava is connected to Bela.
Question: Which label applies to Ava: Red or Blue?
Answer with exactly one word:",2.0259175,1.5083381,2.1583066,-0.6717777,-2.3323407,-2.7999601,0.6973705,0.78547406,0.25873637,0.4289508,-3.5444574,-5.1631856,-4.866293,-5.6127625,-6.6750126
g001_clean,1,0,1,clean,clean,stable,Green,Yellow,North,"You are given a small relation graph.
Fact 1: Ava is assigned to Bela.
Fact 2: Bela maps to Green.
Question: Which label is associated with Ava: Green or Yellow?
Answer with exactly one word:",-0.946128,-0.47399223,0.44381022,1.2874398,3.4999623,3.4400036,4.486873,0.0,0.0,0.0,0.0,0.0,0.0,0.0,2.8346574
g001_rename,1,0,1,rename,relation_preserving,stable,Green,Yellow,North,"Consider a tiny mapping network.
Link one: Ava is assigned to Bela.
Link two: Bela maps to Green.
Choose the label reached from Ava: Green or Yellow.
One word answer:",-0.028337717,-0.1031633,1.1413229,2.3398747,4.495121,5.2218513,6.3133183,0.9177903,0.37082893,0.6975126,1.0524349,0.9951587,1.7818477,1.8264451,5.8017874
g001_permuted,1,0,1,permuted,relation_preserving,stable,Green,Yellow,North,"You are given a small relation graph.
Fact 2: Bela maps to Green.
Fact 1: Ava is assigned to Bela.
Question: Which label is associated with Ava: Green or Yellow?
Answer with exactly one word:",-1.1816232,-0.6958059,0.32853103,0.5224829,3.010691,3.3811245,4.6436872,-0.23549521,-0.22181368,-0.1152792,-0.76495695,-0.4892714,-0.058879137,0.1568141,2.3157506
g001_redundant,1,0,1,redundant,relation_preserving,stable,Green,Yellow,North,"You are given a small relation graph.
Fact 1: Ava is assigned to Bela.
Fact 2: Bela maps to Green.
Repeated confirmation: Ava still goes through Bela.
Repeated confirmation: Bela still points to Green.
Question: Which label is associated with Ava: Green or Yellow?
Answer with exactly one word:",-1.0297201,-0.83956873,-0.021277308,2.1296647,4.2875357,4.4703517,5.7203083,-0.08359206,-0.3655765,-0.46508753,0.84222484,0.78757334,1.0303481,1.2334352,4.705982
g001_irrelevant,1,0,1,irrelevant,relation_preserving,stable,Green,Yellow,North,"You are given a small relation graph.
Fact 1: Ava is assigned to Bela.
Fact 2: Bela maps to Green.
Irrelevant fact: Cora is associated with North.
Question: Which label is associated with Ava: Green or Yellow?
Answer with exactly one word:",-0.97965294,-0.73344,-0.26438904,-0.056138992,2.5760489,2.7370124,3.7914705,-0.03352493,-0.25944775,-0.70819926,-1.3435788,-0.9239135,-0.70299125,-0.6954026,1.0167723
g001_paraphrase,1,0,1,paraphrase,relation_preserving,stable,Green,Yellow,North,"In this example, Ava reaches Bela.
The destination connected to Bela is Green.
Based on those two links, select the label for Ava: Green or Yellow.
Answer:",-0.041746378,-0.20633966,0.38639277,2.7663784,5.60786,7.362768,7.4430814,0.90438163,0.26765257,-0.057417452,1.4789386,2.1078978,3.9227645,2.9562082,8.2587805
g001_weak_distractor,1,0,1,weak_distractor,structure_changing,stable_shift,Green,Yellow,North,"You are given a small relation graph.
Fact 1: Ava is assigned to Bela.
Fact 2: Bela maps to Green.
Weak note: some unrelated source mentions Yellow, but does not update the graph.
Question: Which label is associated with Ava: Green or Yellow?
Answer with exactly one word:",-1.0919542,-1.0281676,-0.035426736,0.1437614,2.537731,2.5527377,4.647552,-0.14582622,-0.5541754,-0.47923696,-1.1436784,-0.9622314,-0.8872659,0.16067886,1.4021738
g001_competition_balanced,1,0,1,competition_balanced,structure_changing,competition,Green,Yellow,North,"You are given a small relation graph.
Fact 1: Ava is assigned to Bela.
Fact 2: Bela maps to Green.
Competing fact: Ava is also associated with Yellow.
Question: Which label is associated with Ava: Green or Yellow?
Answer with exactly one word:",-1.2373574,-1.2263598,-0.28999418,-1.2901549,1.2109144,1.6273756,3.293786,-0.29122937,-0.7523676,-0.7338044,-2.5775948,-2.289048,-1.812628,-1.1930871,-1.0666537
g001_direct_conflict,1,0,1,direct_conflict,structure_changing,competition,Green,Yellow,North,"You are given a small relation graph.
Fact 1: Ava is assigned to Bela.
Fact 2: Bela maps to Green.
Direct conflicting fact: Ava maps to Yellow.
Question: Which label is associated with Ava: Green or Yellow?
Answer with exactly one word:",-1.0603794,-1.4080117,-0.3413903,-1.7281473,0.08275151,0.09481335,2.4386692,-0.114251375,-0.93401945,-0.78520054,-3.015587,-3.4172108,-3.3451903,-2.048204,-3.1288846
g001_closure_update,1,0,1,closure_update,structure_changing,closure,Green,Yellow,North,"You are given a small relation graph.
Fact 1: Ava is assigned to Bela.
Old record: Bela maps to Green.
Updated record: Bela maps to Yellow, not Green.
Question: Which label is associated with Ava: Green or Yellow?
Answer with exactly one word:",-1.0805229,-1.6356039,-0.678248,-1.5055594,0.5752387,0.6125717,1.5829616,-0.13439488,-1.1616117,-1.1220582,-2.7929993,-2.9247236,-2.827432,-2.9039116,-2.9806798
g001_closure_override,1,0,1,closure_override,structure_changing,closure,Green,Yellow,North,"You are given a rule system.
General rule: items that is assigned to Bela receive label Green.
Override rule: in this case, items that is assigned to Bela receive label Yellow.
Fact: Ava is assigned to Bela.
Question: Which label applies to Ava: Green or Yellow?
Answer with exactly one word:",-1.1311204,-1.212784,-0.2715981,-0.4946053,1.1777277,0.43965054,2.203524,-0.18499243,-0.7387918,-0.7154083,-1.7820451,-2.3222346,-3.000353,-2.283349,-2.017793
g001_exception_override,1,0,1,exception_override,structure_changing,closure,Green,Yellow,North,"You are given a rule system.
General rule: items connected to Bela use label Green.
Exception: Ava is a special case and uses label Yellow.
Fact: Ava is connected to Bela.
Question: Which label applies to Ava: Green or Yellow?
Answer with exactly one word:",-1.0261846,-1.0548948,-0.50615215,-0.60021186,1.0608144,1.8790464,2.8902464,-0.08005655,-0.5809026,-0.9499624,-1.8876517,-2.439148,-1.5609572,-1.5966268,-0.9320986
g002_clean,2,0,2,clean,clean,stable,North,South,East,"You are given a small relation graph.
Fact 1: Ava is part of Bela.
Fact 2: Bela points to North.
Question: Which label is associated with Ava: North or South?
Answer with exactly one word:",-0.3385933,1.5293833,1.8409436,-0.76314163,-0.25067997,-0.26840782,-1.3867569,0.0,0.0,0.0,0.0,0.0,0.0,0.0,2.8346574
g002_rename,2,0,2,rename,relation_preserving,stable,North,South,East,"Consider a tiny mapping network.
Link one: Ava is part of Bela.
Link two: Bela points to North.
Choose the label reached from Ava: North or South.
One word answer:",-0.005150795,1.7982619,1.5537329,1.852294,2.2553873,2.1113358,1.3742065,0.3334425,0.26887858,-0.2872107,2.6154356,2.5060673,2.3797436,2.7609634,7.859604
g002_permuted,2,0,2,permuted,relation_preserving,stable,North,South,East,"You are given a small relation graph.
Fact 2: Bela points to North.
Fact 1: Ava is part of Bela.
Question: Which label is associated with Ava: North or South?
Answer with exactly one word:",-0.103866994,1.4923279,1.2755504,-1.6944342,-1.3414383,-1.1449966,-2.1856518,0.23472631,-0.037055373,-0.5653932,-0.93129253,-1.0907583,-0.8765888,-0.7988949,0.9749061
g002_redundant,2,0,2,redundant,relation_preserving,stable,North,South,East,"You are given a small relation graph.
Fact 1: Ava is part of Bela.
Fact 2: Bela points to North.
Repeated confirmation: Ava still goes through Bela.
Repeated confirmation: Bela still points to North.
Question: Which label is associated with Ava: North or South?
Answer with exactly one word:",-0.2924046,1.0696499,1.3266304,-1.4777184,-0.8323021,-0.6488724,-1.7444668,0.046188712,-0.45973337,-0.5143132,-0.7145767,-0.5816221,-0.38046455,-0.35770988,1.7939596
g002_irrelevant,2,0,2,irrelevant,relation_preserving,stable,North,South,East,"You are given a small relation graph.
Fact 1: Ava is part of Bela.
Fact 2: Bela points to North.
Irrelevant fact: Cora is associated with East.
Question: Which label is associated with Ava: North or South?
Answer with exactly one word:",-0.39663202,1.5161188,1.515775,-1.4554977,-1.0966072,-0.66080093,-1.5794106,-0.05803871,-0.013264537,-0.3251686,-0.6923561,-0.84592724,-0.3923931,-0.19265366,1.7963897
g002_paraphrase,2,0,2,paraphrase,relation_preserving,stable,North,South,East,"In this example, Ava reaches Bela.
The destination connected to Bela is North.
Based on those two links, select the label for Ava: North or South.
Answer:",-0.8645009,0.025267601,0.82880545,3.1599207,3.616372,4.1387615,3.0112858,-0.5259076,-1.5041157,-1.0121381,3.9230623,3.867052,4.4071693,4.3980427,10.849584
g002_weak_distractor,2,0,2,weak_distractor,structure_changing,stable_shift,North,South,East,"You are given a small relation graph.
Fact 1: Ava is part of Bela.
Fact 2: Bela points to North.
Weak note: some unrelated source mentions South, but does not update the graph.
Question: Which label is associated with Ava: North or South?
Answer with exactly one word:",-0.27076963,0.7448642,1.0858579,-1.266367,-0.8462162,-0.82826805,-1.8462582,0.06782368,-0.7845191,-0.7550857,-0.5032253,-0.59553623,-0.5598602,-0.45950127,1.6698998
g002_competition_balanced,2,0,2,competition_balanced,structure_changing,competition,North,South,East,"You are given a small relation graph.
Fact 1: Ava is part of Bela.
Fact 2: Bela points to North.
Competing fact: Ava is also associated with South.
Question: Which label is associated with Ava: North or South?
Answer with exactly one word:",-0.3600026,0.0402143,0.27814865,-2.969407,-2.6329927,-2.196432,-3.626608,-0.021409303,-1.489169,-1.5627949,-2.2062654,-2.3823128,-1.9280243,-2.239851,-1.6850455
g002_direct_conflict,2,0,2,direct_conflict,structure_changing,competition,North,South,East,"You are given a small relation graph.
Fact 1: Ava is part of Bela.
Fact 2: Bela points to North.
Direct conflicting fact: Ava points to South.
Question: Which label is associated with Ava: North or South?
Answer with exactly one word:",-0.75644165,0.04106152,0.35731053,-2.7843962,-2.928566,-3.269724,-4.710121,-0.41784835,-1.4883218,-1.483633,-2.0212545,-2.677886,-3.001316,-3.3233643,-2.934603
g002_closure_update,2,0,2,closure_update,structure_changing,closure,North,South,East,"You are given a small relation graph.
Fact 1: Ava is part of Bela.
Old record: Bela points to North.
Updated record: Bela points to South, not North.
Question: Which label is associated with Ava: North or South?
Answer with exactly one word:",-0.64271915,-0.83427787,-1.0425022,-4.432047,-4.3276567,-4.1676197,-5.845175,-0.30412585,-2.3636613,-2.8834457,-3.6689053,-4.076977,-3.899212,-4.458418,-5.539072
g002_closure_override,2,0,2,closure_override,structure_changing,closure,North,South,East,"You are given a rule system.
General rule: items that is part of Bela receive label North.
Override rule: in this case, items that is part of Bela receive label South.
Fact: Ava is part of Bela.
Question: Which label applies to Ava: North or South?
Answer with exactly one word:",-0.6238146,-0.520962,-1.5822488,-4.440957,-4.667941,-4.4803944,-6.4506054,-0.28522128,-2.0503454,-3.4231925,-3.6778154,-4.417261,-4.2119865,-5.0638485,-6.226037
g002_exception_override,2,0,2,exception_override,structure_changing,closure,North,South,East,"You are given a rule system.
General rule: items connected to Bela use label North.
Exception: Ava is a special case and uses label South.
Fact: Ava is connected to Bela.
Question: Which label applies to Ava: North or South?
Answer with exactly one word:",-0.47487524,0.017721891,-0.8663194,-3.7285395,-4.561054,-4.2969246,-6.102661,-0.13628194,-1.5116614,-2.707263,-2.9653978,-4.3103743,-4.028517,-4.715904,-5.509102
g003_clean,3,0,3,clean,clean,stable,East,West,Copper,"You are given a small relation graph.
Fact 1: Ava is grouped under Bela.
Fact 2: Bela has label East.
Question: Which label is associated with Ava: East or West?
Answer with exactly one word:",1.1516416,1.4576356,3.1876066,3.350461,4.5471263,5.7176847,8.859455,0.0,0.0,0.0,0.0,0.0,0.0,0.0,2.8346574
g003_rename,3,0,3,rename,relation_preserving,stable,East,West,Copper,"Consider a tiny mapping network.
Link one: Ava is grouped under Bela.
Link two: Bela has label East.
Choose the label reached from Ava: East or West.
One word answer:",0.9425596,1.9700936,3.5848541,4.4213605,5.2051444,6.9067717,10.333185,-0.209082,0.51245797,0.39724755,1.0708995,0.6580181,1.1890869,1.4737301,5.081706
g003_permuted,3,0,3,permuted,relation_preserving,stable,East,West,Copper,"You are given a small relation graph.
Fact 2: Bela has label East.
Fact 1: Ava is grouped under Bela.
Question: Which label is associated with Ava: East or West?
Answer with exactly one word:",1.0902708,1.471864,3.2719674,2.5501413,3.2116356,4.641962,8.275098,-0.06137085,0.014228344,0.08436084,-0.8003197,-1.3354907,-1.0757227,-0.58435726,0.9573239
g003_redundant,3,0,3,redundant,relation_preserving,stable,East,West,Copper,"You are given a small relation graph.
Fact 1: Ava is grouped under Bela.
Fact 2: Bela has label East.
Repeated confirmation: Ava still goes through Bela.
Repeated confirmation: Bela still points to East.
Question: Which label is associated with Ava: East or West?
Answer with exactly one word:",1.1835784,1.2847793,2.8329654,4.980884,6.0295343,7.4144306,10.569816,0.031936765,-0.17285633,-0.3546412,1.6304231,1.482408,1.6967459,1.7103605,6.0067205
g003_irrelevant,3,0,3,irrelevant,relation_preserving,stable,East,West,Copper,"You are given a small relation graph.
Fact 1: Ava is grouped under Bela.
Fact 2: Bela has label East.
Irrelevant fact: Cora is associated with Copper.
Question: Which label is associated with Ava: East or West?
Answer with exactly one word:",1.3392696,1.7908852,3.5046616,4.203633,5.148905,6.3199043,9.562241,0.18762803,0.33324957,0.317055,0.8531718,0.6017785,0.6022196,0.7027855,4.2220707
g003_paraphrase,3,0,3,paraphrase,relation_preserving,stable,East,West,Copper,"In this example, Ava reaches Bela.
The destination connected to Bela is East.
Based on those two links, select the label for Ava: East or West.
Answer:",1.9834733,2.3907464,3.3988485,6.4050975,8.228561,10.305011,13.850977,0.8318317,0.9331107,0.21124196,3.0546365,3.681435,4.587326,4.991522,11.123159
g003_weak_distractor,3,0,3,weak_distractor,structure_changing,stable_shift,East,West,Copper,"You are given a small relation graph.
Fact 1: Ava is grouped under Bela.
Fact 2: Bela has label East.
Weak note: some unrelated source mentions West, but does not update the graph.
Question: Which label is associated with Ava: East or West?
Answer with exactly one word:",1.0094628,0.86391735,1.9164785,2.8740158,4.554722,6.741477,9.567183,-0.14217877,-0.5937183,-1.271128,-0.4764452,0.007595539,1.0237923,0.70772743,3.4545925
g003_competition_balanced,3,0,3,competition_balanced,structure_changing,competition,East,West,Copper,"You are given a small relation graph.
Fact 1: Ava is grouped under Bela.
Fact 2: Bela has label East.
Competing fact: Ava is also associated with West.
Question: Which label is associated with Ava: East or West?
Answer with exactly one word:",1.0888643,0.29850924,1.5268853,1.0415583,2.814252,5.0673656,7.639326,-0.06277728,-1.1591264,-1.6607213,-2.3089027,-1.7328744,-0.6503191,-1.220129,-0.13248444
g003_direct_conflict,3,0,3,direct_conflict,structure_changing,competition,East,West,Copper,"You are given a small relation graph.
Fact 1: Ava is grouped under Bela.
Fact 2: Bela has label East.
Direct conflicting fact: Ava has label West.
Question: Which label is associated with Ava: East or West?
Answer with exactly one word:",0.7364991,0.28122485,1.5574074,0.6346235,1.4381981,3.5357656,6.538,-0.41514254,-1.1764108,-1.6301992,-2.7158375,-3.1089282,-2.181919,-2.321455,-2.4177287
g003_closure_update,3,0,3,closure_update,structure_changing,closure,East,West,Copper,"You are given a small relation graph.
Fact 1: Ava is grouped under Bela.
Old record: Bela has label East.
Updated record: Bela has label West, not East.
Question: Which label is associated with Ava: East or West?
Answer with exactly one word:",0.6704845,0.033401966,0.4387858,-1.176055,-0.41880894,0.945281,3.9418736,-0.48115712,-1.4242337,-2.7488208,-4.526516,-4.965935,-4.7724037,-4.9175816,-6.9774094
g003_closure_override,3,0,3,closure_override,structure_changing,closure,East,West,Copper,"You are given a rule system.
General rule: items that is grouped under Bela receive label East.
Override rule: in this case, items that is grouped under Bela receive label West.
Fact: Ava is grouped under Bela.
Question: Which label applies to Ava: East or West?
Answer with exactly one word:",0.73536736,-0.00698328,0.9334631,0.34121275,0.8644686,2.5293465,5.403612,-0.41627425,-1.4646189,-2.2541435,-3.0092483,-3.6826577,-3.1883383,-3.455843,-4.0511513
g003_exception_override,3,0,3,exception_override,structure_changing,closure,East,West,Copper,"You are given a rule system.
General rule: items connected to Bela use label East.
Exception: Ava is a special case and uses label West.
Fact: Ava is connected to Bela.
Question: Which label applies to Ava: East or West?
Answer with exactly one word:",0.65731347,0.41194868,1.619936,1.280803,0.92187023,2.4852295,5.0944643,-0.49432814,-1.045687,-1.5676706,-2.069658,-3.625256,-3.2324553,-3.7649908,-3.7509296
g004_clean,4,1,0,clean,clean,stable,Copper,Silver,Gold,"You are given a small relation graph.
Fact 1: Darin belongs to Elo.
Fact 2: Elo is located at Copper.
Question: Which label is associated with Darin: Copper or Silver?
Answer with exactly one word:",-0.29050517,0.052077293,-0.075399876,-2.3515837,-1.925672,-1.0222635,-5.2539907,0.0,0.0,0.0,0.0,0.0,0.0,0.0,2.8346574
g004_rename,4,1,0,rename,relation_preserving,stable,Copper,Silver,Gold,"Consider a tiny mapping network.
Link one: Darin belongs to Elo.
Link two: Elo is located at Copper.
Choose the label reached from Darin: Copper or Silver.
One word answer:",-1.2676549,-1.0289456,-1.3464377,-1.8895679,-2.288835,-1.3358912,-3.3768473,-0.9771497,-1.0810229,-1.2710378,0.46201587,-0.363163,-0.31362772,1.8771434,3.4039998
g004_permuted,4,1,0,permuted,relation_preserving,stable,Copper,Silver,Gold,"You are given a small relation graph.
Fact 2: Elo is located at Copper.
Fact 1: Darin belongs to Elo.
Question: Which label is associated with Darin: Copper or Silver?
Answer with exactly one word:",-0.1926372,0.51675737,0.02209127,-2.7024233,-2.1227903,-0.4743557,-5.031873,0.097867966,0.46468008,0.097491145,-0.3508396,-0.19711828,0.5479078,0.22211742,3.0776825
g004_redundant,4,1,0,redundant,relation_preserving,stable,Copper,Silver,Gold,"You are given a small relation graph.
Fact 1: Darin belongs to Elo.
Fact 2: Elo is located at Copper.
Repeated confirmation: Darin still goes through Elo.
Repeated confirmation: Elo still points to Copper.
Question: Which label is associated with Darin: Copper or Silver?
Answer with exactly one word:",-0.4677558,0.5573242,-0.15562534,-0.58830667,-0.0958302,1.1247749,-2.5547101,-0.17725062,0.5052469,-0.08022547,1.763277,1.8298419,2.1470385,2.6992805,7.058202
g004_irrelevant,4,1,0,irrelevant,relation_preserving,stable,Copper,Silver,Gold,"You are given a small relation graph.
Fact 1: Darin belongs to Elo.
Fact 2: Elo is located at Copper.
Irrelevant fact: Faye is associated with Gold.
Question: Which label is associated with Darin: Copper or Silver?
Answer with exactly one word:",-0.9919636,-0.48233306,0.16609442,-1.9451624,-0.7509074,-0.9349718,-5.0241814,-0.70145845,-0.53441036,0.2414943,0.4064213,1.1747646,0.08729172,0.22980928,3.703467
g004_paraphrase,4,1,0,paraphrase,relation_preserving,stable,Copper,Silver,Gold,"In this example, Darin reaches Elo.
The destination connected to Elo is Copper.
Based on those two links, select the label for Darin: Copper or Silver.
Answer:",-3.3589725,-2.9930198,-2.6065485,-1.7465273,0.68734336,2.752293,-0.98677397,-3.0684674,-3.045097,-2.5311487,0.6050564,2.6130154,3.7745566,4.2672167,8.228137
g004_weak_distractor,4,1,0,weak_distractor,structure_changing,stable_shift,Copper,Silver,Gold,"You are given a small relation graph.
Fact 1: Darin belongs to Elo.
Fact 2: Elo is located at Copper.
Weak note: some unrelated source mentions Silver, but does not update the graph.
Question: Which label is associated with Darin: Copper or Silver?
Answer with exactly one word:",-0.49034595,0.2727872,-0.037402153,-0.46545592,0.54072237,0.5881367,-3.0765347,-0.19984078,0.22070992,0.037997723,1.8861278,2.4663944,1.6104002,2.177456,6.825964
g004_competition_balanced,4,1,0,competition_balanced,structure_changing,competition,Copper,Silver,Gold,"You are given a small relation graph.
Fact 1: Darin belongs to Elo.
Fact 2: Elo is located at Copper.
Competing fact: Darin is also associated with Silver.
Question: Which label is associated with Darin: Copper or Silver?
Answer with exactly one word:",-1.0448163,-0.29090428,-0.35125363,-4.400524,-3.4946299,-2.7878366,-6.373611,-0.7543111,-0.34298158,-0.27585375,-2.0489404,-1.5689578,-1.765573,-1.1196203,-0.38702345
g004_direct_conflict,4,1,0,direct_conflict,structure_changing,competition,Copper,Silver,Gold,"You are given a small relation graph.
Fact 1: Darin belongs to Elo.
Fact 2: Elo is located at Copper.
Direct conflicting fact: Darin is located at Silver.
Question: Which label is associated with Darin: Copper or Silver?
Answer with exactly one word:",-1.2267131,-0.45036185,-0.55578864,-4.855828,-4.70354,-4.6261334,-7.2455473,-0.9362079,-0.50243914,-0.48038876,-2.504244,-2.7778678,-3.60387,-1.9915566,-2.701638
g004_closure_update,4,1,0,closure_update,structure_changing,closure,Copper,Silver,Gold,"You are given a small relation graph.
Fact 1: Darin belongs to Elo.
Old record: Elo is located at Copper.
Updated record: Elo is located at Silver, not Copper.
Question: Which label is associated with Darin: Copper or Silver?
Answer with exactly one word:",-1.0437903,-0.7412352,-0.63483715,-5.7363725,-6.3957314,-6.686134,-8.64253,-0.75328517,-0.7933125,-0.5594373,-3.3847888,-4.4700594,-5.6638703,-3.3885398,-5.8029003
g004_closure_override,4,1,0,closure_override,structure_changing,closure,Copper,Silver,Gold,"You are given a rule system.
General rule: items that belongs to Elo receive label Copper.
Override rule: in this case, items that belongs to Elo receive label Silver.
Fact: Darin belongs to Elo.
Question: Which label applies to Darin: Copper or Silver?
Answer with exactly one word:",-0.9331889,-0.91398865,-0.466985,-5.385477,-7.9810467,-8.863065,-10.502541,-0.64268374,-0.96606594,-0.3915851,-3.0338933,-6.0553746,-7.8408012,-5.24855,-8.646753
g004_exception_override,4,1,0,exception_override,structure_changing,closure,Copper,Silver,Gold,"You are given a rule system.
General rule: items connected to Elo use label Copper.
Exception: Darin is a special case and uses label Silver.
Fact: Darin is connected to Elo.
Question: Which label applies to Darin: Copper or Silver?
Answer with exactly one word:",-0.83281326,-0.7072102,-0.43719935,-5.30018,-7.499387,-7.932152,-9.680576,-0.5423081,-0.7592875,-0.36179948,-2.9485962,-5.5737147,-6.9098883,-4.4265857,-7.399661
g005_clean,5,1,1,clean,clean,stable,Gold,Iron,Red,"You are given a small relation graph.
Fact 1: Darin is assigned to Elo.
Fact 2: Elo maps to Gold.
Question: Which label is associated with Darin: Gold or Iron?
Answer with exactly one word:",3.3925347,2.2942734,0.72282743,2.7807293,2.863675,3.1967335,2.5330718,0.0,0.0,0.0,0.0,0.0,0.0,0.0,2.8346574
g005_rename,5,1,1,rename,relation_preserving,stable,Gold,Iron,Red,"Consider a tiny mapping network.
Link one: Darin is assigned to Elo.
Link two: Elo maps to Gold.
Choose the label reached from Darin: Gold or Iron.
One word answer:",2.639837,1.9555057,1.5156916,3.2224925,4.599125,5.0675755,2.8989904,-0.7526977,-0.33876765,0.7928642,0.44176316,1.7354498,1.870842,0.36591864,5.165522
g005_permuted,5,1,1,permuted,relation_preserving,stable,Gold,Iron,Red,"You are given a small relation graph.
Fact 2: Elo maps to Gold.
Fact 1: Darin is assigned to Elo.
Question: Which label is associated with Darin: Gold or Iron?
Answer with exactly one word:",3.0342965,2.0296044,-0.4275012,-0.45718265,-1.2514791,-0.5100274,0.007081032,-0.35823822,-0.26466894,-1.1503286,-3.237912,-4.1151543,-3.706761,-2.5259907,-4.0010576
g005_redundant,5,1,1,redundant,relation_preserving,stable,Gold,Iron,Red,"You are given a small relation graph.
Fact 1: Darin is assigned to Elo.
Fact 2: Elo maps to Gold.
Repeated confirmation: Darin still goes through Elo.
Repeated confirmation: Elo still points to Gold.
Question: Which label is associated with Darin: Gold or Iron?
Answer with exactly one word:",3.416217,2.24298,0.11200976,2.187368,2.0964296,1.8091241,1.8499105,0.023682356,-0.051293373,-0.6108177,-0.5933614,-0.76724553,-1.3876094,-0.68316126,1.013319
g005_irrelevant,5,1,1,irrelevant,relation_preserving,stable,Gold,Iron,Red,"You are given a small relation graph.
Fact 1: Darin is assigned to Elo.
Fact 2: Elo maps to Gold.
Irrelevant fact: Faye is associated with Red.
Question: Which label is associated with Darin: Gold or Iron?
Answer with exactly one word:",3.6429148,2.3060582,0.40886104,1.7679299,0.85573626,0.8683548,0.74448586,0.25038004,0.011784792,-0.3139664,-1.0127994,-2.0079389,-2.3283787,-1.7885859,-0.82730246
g005_paraphrase,5,1,1,paraphrase,relation_preserving,stable,Gold,Iron,Red,"In this example, Darin reaches Elo.
The destination connected to Elo is Gold.
Based on those two links, select the label for Darin: Gold or Iron.
Answer:",4.254058,4.242417,2.93504,5.8035593,4.9420543,6.2147455,3.375017,0.86152315,1.9481435,2.2122126,3.02283,2.0783792,3.018012,0.8419452,7.559847
g005_weak_distractor,5,1,1,weak_distractor,structure_changing,stable_shift,Gold,Iron,Red,"You are given a small relation graph.
Fact 1: Darin is assigned to Elo.
Fact 2: Elo maps to Gold.
Weak note: some unrelated source mentions Iron, but does not update the graph.
Question: Which label is associated with Darin: Gold or Iron?
Answer with exactly one word:",3.4429972,2.1811736,0.42330384,-0.9757593,-2.1156561,-1.9168627,-0.78634906,0.050462484,-0.11309981,-0.2995236,-3.7564886,-4.979331,-5.113596,-3.3194208,-5.7538557
g005_competition_balanced,5,1,1,competition_balanced,structure_changing,competition,Gold,Iron,Red,"You are given a small relation graph.
Fact 1: Darin is assigned to Elo.
Fact 2: Elo maps to Gold.
Competing fact: Darin is also associated with Iron.
Question: Which label is associated with Darin: Gold or Iron?
Answer with exactly one word:",3.5959415,2.4780657,0.38625062,-2.968576,-3.908015,-4.2435,-3.2556996,0.20340681,0.18379235,-0.33657682,-5.7493052,-6.7716904,-7.4402337,-5.7887716,-9.995989
g005_direct_conflict,5,1,1,direct_conflict,structure_changing,competition,Gold,Iron,Red,"You are given a small relation graph.
Fact 1: Darin is assigned to Elo.
Fact 2: Elo maps to Gold.
Direct conflicting fact: Darin maps to Iron.
Question: Which label is associated with Darin: Gold or Iron?
Answer with exactly one word:",3.3438222,2.0669515,-0.48487043,-4.5530005,-5.93244,-6.326325,-5.420856,-0.048712492,-0.22732186,-1.2076979,-7.3337297,-8.796115,-9.523058,-7.953928,-14.023277
g005_closure_update,5,1,1,closure_update,structure_changing,closure,Gold,Iron,Red,"You are given a small relation graph.
Fact 1: Darin is assigned to Elo.
Old record: Elo maps to Gold.
Updated record: Elo maps to Iron, not Gold.
Question: Which label is associated with Darin: Gold or Iron?
Answer with exactly one word:",3.092725,2.0443068,-0.7182181,-4.6144295,-5.2183037,-9.896008,-6.7667174,-0.2998097,-0.24996662,-1.4410455,-7.395159,-8.081979,-13.092741,-9.299789,-16.505693
g005_closure_override,5,1,1,closure_override,structure_changing,closure,Gold,Iron,Red,"You are given a rule system.
General rule: items that is assigned to Elo receive label Gold.
Override rule: in this case, items that is assigned to Elo receive label Iron.
Fact: Darin is assigned to Elo.
Question: Which label applies to Darin: Gold or Iron?
Answer with exactly one word:",3.570076,2.4516237,-0.012465,-3.4663155,-5.0871296,-8.4298725,-7.520015,0.17754126,0.1573503,-0.73529243,-6.2470446,-7.9508047,-11.626606,-10.053086,-15.417503
g005_exception_override,5,1,1,exception_override,structure_changing,closure,Gold,Iron,Red,"You are given a rule system.
General rule: items connected to Elo use label Gold.
Exception: Darin is a special case and uses label Iron.
Fact: Darin is connected to Elo.
Question: Which label applies to Darin: Gold or Iron?
Answer with exactly one word:",3.6815455,2.9900823,0.4357021,-2.8836174,-5.4652543,-6.939313,-5.9882584,0.28901076,0.6958089,-0.28712535,-5.6643467,-8.32893,-10.136046,-8.52133,-13.643394
g006_clean,6,1,2,clean,clean,stable,Red,Blue,Green,"You are given a small relation graph.
Fact 1: Darin is part of Elo.
Fact 2: Elo points to Red.
Question: Which label is associated with Darin: Red or Blue?
Answer with exactly one word:",1.2678033,1.5538284,2.2623777,1.7882359,2.4379997,2.2221928,6.9231663,0.0,0.0,0.0,0.0,0.0,0.0,0.0,2.8346574
g006_rename,6,1,2,rename,relation_preserving,stable,Red,Blue,Green,"Consider a tiny mapping network.
Link one: Darin is part of Elo.
Link two: Elo points to Red.
Choose the label reached from Darin: Red or Blue.
One word answer:",0.6633172,0.5148459,1.0160077,2.537499,2.952074,2.9306688,7.2184486,-0.6044861,-1.0389824,-1.2463701,0.74926305,0.5140743,0.70847607,0.29528236,3.7481828
g006_permuted,6,1,2,permuted,relation_preserving,stable,Red,Blue,Green,"You are given a small relation graph.
Fact 2: Elo points to Red.
Fact 1: Darin is part of Elo.
Question: Which label is associated with Darin: Red or Blue?
Answer with exactly one word:",1.5564616,1.9892459,2.4381185,2.1139488,2.616706,2.8706942,7.4924364,0.28865826,0.43541753,0.17574072,0.32571292,0.17870617,0.6485014,0.56927013,3.766858
g006_redundant,6,1,2,redundant,relation_preserving,stable,Red,Blue,Green,"You are given a small relation graph.
Fact 1: Darin is part of Elo.
Fact 2: Elo points to Red.
Repeated confirmation: Darin still goes through Elo.
Repeated confirmation: Elo still points to Red.
Question: Which label is associated with Darin: Red or Blue?
Answer with exactly one word:",1.0986958,1.3517029,2.72715,4.2574177,4.83012,4.39443,8.467275,-0.16910756,-0.20212543,0.46477222,2.4691818,2.3921204,2.1722374,1.5441084,7.037343
g006_irrelevant,6,1,2,irrelevant,relation_preserving,stable,Red,Blue,Green,"You are given a small relation graph.
Fact 1: Darin is part of Elo.
Fact 2: Elo points to Red.
Irrelevant fact: Faye is associated with Green.
Question: Which label is associated with Darin: Red or Blue?
Answer with exactly one word:",1.117058,1.777465,2.1458147,2.3461986,3.0169716,1.1501083,5.9983635,-0.15074527,0.22363663,-0.11656308,0.55796266,0.57897186,-1.0720844,-0.9248028,2.2354443
g006_paraphrase,6,1,2,paraphrase,relation_preserving,stable,Red,Blue,Green,"In this example, Darin reaches Elo.
The destination connected to Elo is Red.
Based on those two links, select the label for Darin: Red or Blue.
Answer:",3.2234287,3.3771162,3.9310708,6.621878,6.9843082,5.876608,9.791572,1.9556254,1.8232878,1.6686931,4.833642,4.5463085,3.6544151,2.8684053,10.821476
g006_weak_distractor,6,1,2,weak_distractor,structure_changing,stable_shift,Red,Blue,Green,"You are given a small relation graph.
Fact 1: Darin is part of Elo.
Fact 2: Elo points to Red.
Weak note: some unrelated source mentions Blue, but does not update the graph.
Question: Which label is associated with Darin: Red or Blue?
Answer with exactly one word:",1.2863437,1.3962872,2.013865,0.86859107,0.97675514,0.79816103,5.551231,0.018540382,-0.15754116,-0.24851274,-0.91964483,-1.4612446,-1.4240317,-1.3719354,0.20583963
g006_competition_balanced,6,1,2,competition_balanced,structure_changing,competition,Red,Blue,Green,"You are given a small relation graph.
Fact 1: Darin is part of Elo.
Fact 2: Elo points to Red.
Competing fact: Darin is also associated with Blue.
Question: Which label is associated with Darin: Red or Blue?
Answer with exactly one word:",1.487287,1.1392727,1.4146334,-1.2127602,-1.2632475,-0.74774265,3.7966995,0.21948373,-0.41455567,-0.84774435,-3.000996,-3.7012472,-2.9699354,-3.1264668,-3.5533674
g006_direct_conflict,6,1,2,direct_conflict,structure_changing,competition,Red,Blue,Green,"You are given a small relation graph.
Fact 1: Darin is part of Elo.
Fact 2: Elo points to Red.
Direct conflicting fact: Darin points to Blue.
Question: Which label is associated with Darin: Red or Blue?
Answer with exactly one word:",1.5695474,1.2784312,2.0407372,-0.19293952,-0.80232763,-0.07808781,4.518284,0.3017441,-0.27539718,-0.22164059,-1.9811754,-3.2403274,-2.3002806,-2.4048824,-2.106292
g006_closure_update,6,1,2,closure_update,structure_changing,closure,Red,Blue,Green,"You are given a small relation graph.
Fact 1: Darin is part of Elo.
Old record: Elo points to Red.
Updated record: Elo points to Blue, not Red.
Question: Which label is associated with Darin: Red or Blue?
Answer with exactly one word:",1.6331153,1.2205633,1.9617289,-0.5491016,-1.1009274,-1.3890972,2.7803364,0.36531198,-0.33326507,-0.3006488,-2.3373375,-3.538927,-3.61129,-4.14283,-4.050145
g006_closure_override,6,1,2,closure_override,structure_changing,closure,Red,Blue,Green,"You are given a rule system.
General rule: items that is part of Elo receive label Red.
Override rule: in this case, items that is part of Elo receive label Blue.
Fact: Darin is part of Elo.
Question: Which label applies to Darin: Red or Blue?
Answer with exactly one word:",1.9899596,1.5261539,1.7480135,-1.1119361,-2.5025163,-4.1235,-0.11462498,0.7221563,-0.027674437,-0.51436424,-2.900172,-4.940516,-6.3456926,-7.0377913,-8.012853
g006_exception_override,6,1,2,exception_override,structure_changing,closure,Red,Blue,Green,"You are given a rule system.
General rule: items connected to Elo use label Red.
Exception: Darin is a special case and uses label Blue.
Fact: Darin is connected to Elo.
Question: Which label applies to Darin: Red or Blue?
Answer with exactly one word:",2.1242638,1.9072719,2.3076959,-0.5617695,-2.0034895,-2.3286276,1.3236494,0.85646045,0.3534435,0.045318127,-2.3500054,-4.441489,-4.5508204,-5.599517,-5.696253
g007_clean,7,1,3,clean,clean,stable,Green,Yellow,North,"You are given a small relation graph.
Fact 1: Darin is grouped under Elo.
Fact 2: Elo has label Green.
Question: Which label is associated with Darin: Green or Yellow?
Answer with exactly one word:",-0.71240747,-0.23324707,0.7542381,0.95929766,4.231031,5.131942,6.4733133,0.0,0.0,0.0,0.0,0.0,0.0,0.0,2.8346574
g007_rename,7,1,3,rename,relation_preserving,stable,Green,Yellow,North,"Consider a tiny mapping network.
Link one: Darin is grouped under Elo.
Link two: Elo has label Green.
Choose the label reached from Darin: Green or Yellow.
One word answer:",-0.0047551394,-0.0109215975,1.2232356,3.5412426,6.260365,8.714307,8.995,0.70765233,0.22232547,0.46899748,2.581945,2.029334,3.582365,2.5216866,8.27253
g007_permuted,7,1,3,permuted,relation_preserving,stable,Green,Yellow,North,"You are given a small relation graph.
Fact 2: Elo has label Green.
Fact 1: Darin is grouped under Elo.
Question: Which label is associated with Darin: Green or Yellow?
Answer with exactly one word:",-0.904018,-0.41909587,0.14536953,1.3769894,4.5410557,5.437191,6.772789,-0.19161052,-0.1858488,-0.6088686,0.4176917,0.31002474,0.3052492,0.29947567,3.4072495
g007_redundant,7,1,3,redundant,relation_preserving,stable,Green,Yellow,North,"You are given a small relation graph.
Fact 1: Darin is grouped under Elo.
Fact 2: Elo has label Green.
Repeated confirmation: Darin still goes through Elo.
Repeated confirmation: Elo still points to Green.
Question: Which label is associated with Darin: Green or Yellow?
Answer with exactly one word:",-0.6324184,-0.62270606,0.7228215,2.6345267,5.2474766,5.4071083,7.0263586,0.079989076,-0.38945898,-0.031416655,1.6752291,1.0164456,0.2751665,0.5530453,4.3941984
g007_irrelevant,7,1,3,irrelevant,relation_preserving,stable,Green,Yellow,North,"You are given a small relation graph.
Fact 1: Darin is grouped under Elo.
Fact 2: Elo has label Green.
Irrelevant fact: Faye is associated with North.
Question: Which label is associated with Darin: Green or Yellow?
Answer with exactly one word:",-0.80917764,-0.77366155,-0.0036714077,2.0708132,6.089628,5.736709,6.9190855,-0.09677017,-0.54041445,-0.75790954,1.1115155,1.8585973,0.6047673,0.44577217,4.640883
g007_paraphrase,7,1,3,paraphrase,relation_preserving,stable,Green,Yellow,North,"In this example, Darin reaches Elo.
The destination connected to Elo is Green.
Based on those two links, select the label for Darin: Green or Yellow.
Answer:",0.20479727,-0.094370484,0.6698955,3.061455,5.524706,6.660657,6.81928,0.91720474,0.13887659,-0.0843426,2.1021574,1.293675,1.5287151,0.34596682,5.369143
g007_weak_distractor,7,1,3,weak_distractor,structure_changing,stable_shift,Green,Yellow,North,"You are given a small relation graph.
Fact 1: Darin is grouped under Elo.
Fact 2: Elo has label Green.
Weak note: some unrelated source mentions Yellow, but does not update the graph.
Question: Which label is associated with Darin: Green or Yellow?
Answer with exactly one word:",-0.9110789,-1.0407543,0.18637717,2.1702135,5.457337,6.558302,8.563019,-0.1986714,-0.8075073,-0.56786096,1.2109158,1.226306,1.4263601,2.0897055,5.6881723
g007_competition_balanced,7,1,3,competition_balanced,structure_changing,competition,Green,Yellow,North,"You are given a small relation graph.
Fact 1: Darin is grouped under Elo.
Fact 2: Elo has label Green.
Competing fact: Darin is also associated with Yellow.
Question: Which label is associated with Darin: Green or Yellow?
Answer with exactly one word:",-0.9473506,-1.0625364,0.17620802,-0.41919827,3.2110896,5.369946,6.4018855,-0.23494315,-0.8292893,-0.5780301,-1.3784959,-1.0199413,0.23800421,-0.07142782,1.7962375
g007_direct_conflict,7,1,3,direct_conflict,structure_changing,competition,Green,Yellow,North,"You are given a small relation graph.
Fact 1: Darin is grouped under Elo.
Fact 2: Elo has label Green.
Direct conflicting fact: Darin has label Yellow.
Question: Which label is associated with Darin: Green or Yellow?
Answer with exactly one word:",-1.0217085,-1.4085615,-0.26183927,-1.2394128,1.7957201,3.7793589,5.7351527,-0.30930102,-1.1753144,-1.0160774,-2.1987104,-2.4353108,-1.3525829,-0.7381606,-0.542747
g007_closure_update,7,1,3,closure_update,structure_changing,closure,Green,Yellow,North,"You are given a small relation graph.
Fact 1: Darin is grouped under Elo.
Old record: Elo has label Green.
Updated record: Elo has label Yellow, not Green.
Question: Which label is associated with Darin: Green or Yellow?
Answer with exactly one word:",-0.8452172,-1.6214077,-0.48366618,-1.5626819,0.18645382,1.0190783,2.6715555,-0.13280976,-1.3881607,-1.2379043,-2.5219796,-4.044577,-4.1128635,-3.8017578,-4.6510115
g007_closure_override,7,1,3,closure_override,structure_changing,closure,Green,Yellow,North,"You are given a rule system.
General rule: items that is grouped under Elo receive label Green.
Override rule: in this case, items that is grouped under Elo receive label Yellow.
Fact: Darin is grouped under Elo.
Question: Which label applies to Darin: Green or Yellow?
Answer with exactly one word:",-0.95718217,-1.3614082,-0.13226151,-0.4517436,1.3413229,0.35086346,2.485558,-0.2447747,-1.1281612,-0.88649964,-1.4110413,-2.889708,-4.7810783,-3.9877553,-4.0987253
g007_exception_override,7,1,3,exception_override,structure_changing,closure,Green,Yellow,North,"You are given a rule system.
General rule: items connected to Elo use label Green.
Exception: Darin is a special case and uses label Yellow.
Fact: Darin is connected to Elo.
Question: Which label applies to Darin: Green or Yellow?
Answer with exactly one word:",-1.0008559,-0.9015031,-0.30289626,-0.63253975,1.2095976,2.1425495,3.314165,-0.28844845,-0.66825604,-1.0571344,-1.5918374,-3.0214334,-2.9893923,-3.1591482,-2.7478597
g008_clean,8,2,0,clean,clean,stable,North,South,East,"You are given a small relation graph.
Fact 1: Galen belongs to Hera.
Fact 2: Hera is located at North.
Question: Which label is associated with Galen: North or South?
Answer with exactly one word:",-0.44614017,1.654446,1.4438586,-1.7021294,-1.3198118,-1.7709122,-2.406416,0.0,0.0,0.0,0.0,0.0,0.0,0.0,2.8346574
g008_rename,8,2,0,rename,relation_preserving,stable,North,South,East,"Consider a tiny mapping network.
Link one: Galen belongs to Hera.
Link two: Hera is located at North.
Choose the label reached from Galen: North or South.
One word answer:",-0.04164362,2.6202412,1.822515,0.8702793,0.18620777,0.06843376,-0.76747894,0.40449655,0.96579516,0.3786564,2.5724087,1.5060196,1.8393459,1.638937,6.5809984
g008_permuted,8,2,0,permuted,relation_preserving,stable,North,South,East,"You are given a small relation graph.
Fact 2: Hera is located at North.
Fact 1: Galen belongs to Hera.
Question: Which label is associated with Galen: North or South?
Answer with exactly one word:",-0.23454899,1.636732,1.1624274,-2.000173,-1.5523586,-1.6971664,-2.2463074,0.21159118,-0.017714024,-0.2814312,-0.29804373,-0.2325468,0.07374573,0.16010857,2.7073634
g008_redundant,8,2,0,redundant,relation_preserving,stable,North,South,East,"You are given a small relation graph.
Fact 1: Galen belongs to Hera.
Fact 2: Hera is located at North.
Repeated confirmation: Galen still goes through Hera.
Repeated confirmation: Hera still points to North.
Question: Which label is associated with Galen: North or South?
Answer with exactly one word:",-0.4411598,1.074908,1.3982358,-0.9382086,-0.2939129,-0.502861,-1.2468567,0.0049803555,-0.579538,-0.045622826,0.7639208,1.0258989,1.2680511,1.1595592,4.9183373
g008_irrelevant,8,2,0,irrelevant,relation_preserving,stable,North,South,East,"You are given a small relation graph.
Fact 1: Galen belongs to Hera.
Fact 2: Hera is located at North.
Irrelevant fact: Ivo is associated with East.
Question: Which label is associated with Galen: North or South?
Answer with exactly one word:",-0.4769377,1.828443,1.6335251,-1.1664276,-0.9585943,-0.80039597,-1.2464218,-0.030797541,0.17399704,0.18966651,0.53570175,0.3612175,0.9705162,1.1599941,4.404122
g008_paraphrase,8,2,0,paraphrase,relation_preserving,stable,North,South,East,"In this example, Galen reaches Hera.
The destination connected to Hera is North.
Based on those two links, select the label for Galen: North or South.
Answer:",-1.019381,0.5418565,1.081686,3.2363834,3.539751,3.5904598,2.9368782,-0.5732409,-1.1125895,-0.3621726,4.938513,4.859563,5.361372,5.343294,12.848691
g008_weak_distractor,8,2,0,weak_distractor,structure_changing,stable_shift,North,South,East,"You are given a small relation graph.
Fact 1: Galen belongs to Hera.
Fact 2: Hera is located at North.
Weak note: some unrelated source mentions South, but does not update the graph.
Question: Which label is associated with Galen: North or South?
Answer with exactly one word:",-0.34193707,1.0381771,0.808486,-0.94414806,-0.6362181,-0.8365879,-1.3034439,0.104203105,-0.6162689,-0.63537264,0.7579813,0.68359375,0.93432426,1.102972,4.4716473
g008_competition_balanced,8,2,0,competition_balanced,structure_changing,competition,North,South,East,"You are given a small relation graph.
Fact 1: Galen belongs to Hera.
Fact 2: Hera is located at North.
Competing fact: Galen is also associated with South.
Question: Which label is associated with Galen: North or South?
Answer with exactly one word:",-0.4570207,0.10109806,-0.3107202,-3.6955547,-3.7566113,-3.7254772,-4.8104324,-0.01088053,-1.553348,-1.7545788,-1.9934254,-2.4367995,-1.954565,-2.4040165,-1.748771
g008_direct_conflict,8,2,0,direct_conflict,structure_changing,competition,North,South,East,"You are given a small relation graph.
Fact 1: Galen belongs to Hera.
Fact 2: Hera is located at North.
Direct conflicting fact: Galen is located at South.
Question: Which label is associated with Galen: North or South?
Answer with exactly one word:",-0.79434645,0.15376306,-0.11624098,-3.470015,-3.5680475,-3.8139572,-4.821024,-0.34820628,-1.500683,-1.5600996,-1.7678857,-2.2482357,-2.043045,-2.414608,-1.6116154
g008_closure_update,8,2,0,closure_update,structure_changing,closure,North,South,East,"You are given a small relation graph.
Fact 1: Galen belongs to Hera.
Old record: Hera is located at North.
Updated record: Hera is located at South, not North.
Question: Which label is associated with Galen: North or South?
Answer with exactly one word:",-0.7303626,-1.3621327,-1.7672517,-5.0763702,-5.307802,-5.253628,-6.7984867,-0.28422242,-3.0165787,-3.2111104,-3.3742409,-3.9879904,-3.4827156,-4.392071,-5.1756077
g008_closure_override,8,2,0,closure_override,structure_changing,closure,North,South,East,"You are given a rule system.
General rule: items that belongs to Hera receive label North.
Override rule: in this case, items that belongs to Hera receive label South.
Fact: Galen belongs to Hera.
Question: Which label applies to Galen: North or South?
Answer with exactly one word:",-0.6685053,-0.6119994,-1.843113,-4.6469636,-5.117984,-4.93021,-6.6103096,-0.22236514,-2.2664454,-3.2869716,-2.9448342,-3.798172,-3.159298,-4.2038937,-4.587906
g008_exception_override,8,2,0,exception_override,structure_changing,closure,North,South,East,"You are given a rule system.
General rule: items connected to Hera use label North.
Exception: Galen is a special case and uses label South.
Fact: Galen is connected to Hera.
Question: Which label applies to Galen: North or South?
Answer with exactly one word:",-0.47835234,0.0706923,-0.9466493,-3.8729534,-4.8061666,-4.6271763,-6.208254,-0.032212168,-1.5837537,-2.390508,-2.170824,-3.4863548,-2.856264,-3.801838,-3.6236951
g009_clean,9,2,1,clean,clean,stable,East,West,Copper,"You are given a small relation graph.
Fact 1: Galen is assigned to Hera.
Fact 2: Hera maps to East.
Question: Which label is associated with Galen: East or West?
Answer with exactly one word:",1.1368264,1.9754531,3.0604286,4.0092335,5.549035,7.040703,10.4219885,0.0,0.0,0.0,0.0,0.0,0.0,0.0,2.8346574
g009_rename,9,2,1,rename,relation_preserving,stable,East,West,Copper,"Consider a tiny mapping network.
Link one: Galen is assigned to Hera.
Link two: Hera maps to East.
Choose the label reached from Galen: East or West.
One word answer:",0.7230545,1.9032779,3.960245,5.1066875,5.9046955,7.6366386,11.102062,-0.41377187,-0.072175264,0.8998163,1.0974541,0.35566044,0.5959358,0.68007374,4.1993375
g009_permuted,9,2,1,permuted,relation_preserving,stable,East,West,Copper,"You are given a small relation graph.
Fact 2: Hera maps to East.
Fact 1: Galen is assigned to Hera.
Question: Which label is associated with Galen: East or West?
Answer with exactly one word:",1.2197057,1.7516396,3.0833972,2.6552935,4.405674,5.921955,9.016905,0.082879305,-0.22381353,0.02296853,-1.35394,-1.1433611,-1.1187477,-1.4050837,0.37385654
g009_redundant,9,2,1,redundant,relation_preserving,stable,East,West,Copper,"You are given a small relation graph.
Fact 1: Galen is assigned to Hera.
Fact 2: Hera maps to East.
Repeated confirmation: Galen still goes through Hera.
Repeated confirmation: Hera still points to East.
Question: Which label is associated with Galen: East or West?
Answer with exactly one word:",1.1231064,1.3814943,2.7521372,5.301483,6.5963163,8.521315,11.515359,-0.013720036,-0.59395885,-0.30829144,1.2922497,1.0472813,1.4806118,1.0933704,5.2005405
g009_irrelevant,9,2,1,irrelevant,relation_preserving,stable,East,West,Copper,"You are given a small relation graph.
Fact 1: Galen is assigned to Hera.
Fact 2: Hera maps to East.
Irrelevant fact: Ivo is associated with Copper.
Question: Which label is associated with Galen: East or West?
Answer with exactly one word:",1.4193089,2.1002784,3.3712273,3.5128288,4.7260475,6.2690163,9.620869,0.2824825,0.12482524,0.31079865,-0.49640465,-0.82298756,-0.77168655,-0.8011198,1.425746
g009_paraphrase,9,2,1,paraphrase,relation_preserving,stable,East,West,Copper,"In this example, Galen reaches Hera.
The destination connected to Hera is East.
Based on those two links, select the label for Galen: East or West.
Answer:",1.8042867,2.5115376,3.6352975,6.3802977,8.131563,9.966318,13.2805805,0.6674603,0.5360844,0.5748689,2.3710642,2.582528,2.9256153,2.858592,8.272963
g009_weak_distractor,9,2,1,weak_distractor,structure_changing,stable_shift,East,West,Copper,"You are given a small relation graph.
Fact 1: Galen is assigned to Hera.
Fact 2: Hera maps to East.
Weak note: some unrelated source mentions West, but does not update the graph.
Question: Which label is associated with Galen: East or West?
Answer with exactly one word:",0.92538404,1.0627787,1.98379,2.791053,4.4818068,6.621064,9.450877,-0.21144235,-0.9126744,-1.0766386,-1.2181804,-1.0672283,-0.41963863,-0.9711113,0.9431188
g009_competition_balanced,9,2,1,competition_balanced,structure_changing,competition,East,West,Copper,"You are given a small relation graph.
Fact 1: Galen is assigned to Hera.
Fact 2: Hera maps to East.
Competing fact: Galen is also associated with West.
Question: Which label is associated with Galen: East or West?
Answer with exactly one word:",0.9238259,0.16104293,1.2409742,0.047713757,1.9799225,4.028569,6.375759,-0.21300048,-1.8144102,-1.8194544,-3.9615197,-3.5691125,-3.0121336,-4.0462294,-4.5436296
g009_direct_conflict,9,2,1,direct_conflict,structure_changing,competition,East,West,Copper,"You are given a small relation graph.
Fact 1: Galen is assigned to Hera.
Fact 2: Hera maps to East.
Direct conflicting fact: Galen maps to West.
Question: Which label is associated with Galen: East or West?
Answer with exactly one word:",0.6764673,0.14651358,0.93650734,-0.8623419,0.4614401,2.283224,4.787754,-0.4603591,-1.8289396,-2.1239214,-4.8715754,-5.087595,-4.7574787,-5.6342344,-7.4948063
g009_closure_update,9,2,1,closure_update,structure_changing,closure,East,West,Copper,"You are given a small relation graph.
Fact 1: Galen is assigned to Hera.
Old record: Hera maps to East.
Updated record: Hera maps to West, not East.
Question: Which label is associated with Galen: East or West?
Answer with exactly one word:",0.6149678,0.13890564,0.17955041,-1.6730504,-0.8116627,0.5410862,3.3067951,-0.5218586,-1.8365475,-2.8808782,-5.682284,-6.3606977,-6.4996166,-7.1151934,-10.270076
g009_closure_override,9,2,1,closure_override,structure_changing,closure,East,West,Copper,"You are given a rule system.
General rule: items that is assigned to Hera receive label East.
Override rule: in this case, items that is assigned to Hera receive label West.
Fact: Galen is assigned to Hera.
Question: Which label applies to Galen: East or West?
Answer with exactly one word:",0.7555064,0.079648316,0.8234136,0.22280598,0.72508,2.2803068,4.8768396,-0.38132,-1.8958049,-2.237015,-3.7864275,-4.823955,-4.760396,-5.545149,-6.914028
g009_exception_override,9,2,1,exception_override,structure_changing,closure,East,West,Copper,"You are given a rule system.
General rule: items connected to Hera use label East.
Exception: Galen is a special case and uses label West.
Fact: Galen is connected to Hera.
Question: Which label applies to Galen: East or West?
Answer with exactly one word:",0.6634629,0.2807845,1.4911932,1.2051594,1.0263438,2.6619244,5.0026875,-0.47336352,-1.6946687,-1.5692354,-2.804074,-4.5226912,-4.3787785,-5.419301,-6.0251064
g010_clean,10,2,2,clean,clean,stable,Copper,Silver,Gold,"You are given a small relation graph.
Fact 1: Galen is part of Hera.
Fact 2: Hera points to Copper.
Question: Which label is associated with Galen: Copper or Silver?
Answer with exactly one word:",-0.6314597,-0.26374173,0.54663783,-1.8945093,-1.765423,-0.87993956,-4.62698,0.0,0.0,0.0,0.0,0.0,0.0,0.0,2.8346574
g010_rename,10,2,2,rename,relation_preserving,stable,Copper,Silver,Gold,"Consider a tiny mapping network.
Link one: Galen is part of Hera.
Link two: Hera points to Copper.
Choose the label reached from Galen: Copper or Silver.
One word answer:",-1.2354317,-0.7233135,-0.86382365,-0.99312013,-0.70632887,-1.2030039,-2.6461349,-0.60397196,-0.45957178,-1.4104614,0.9013892,1.0590942,-0.32306433,1.980845,4.3442802
g010_permuted,10,2,2,permuted,relation_preserving,stable,Copper,Silver,Gold,"You are given a small relation graph.
Fact 2: Hera points to Copper.
Fact 1: Galen is part of Hera.
Question: Which label is associated with Galen: Copper or Silver?
Answer with exactly one word:",-0.6915891,-0.066017985,0.2737105,-3.208107,-3.5657568,-2.4638033,-5.6209507,-0.060129404,0.19772375,-0.27292734,-1.3135977,-1.8003337,-1.5838637,-0.9939709,0.0060863495
g010_redundant,10,2,2,redundant,relation_preserving,stable,Copper,Silver,Gold,"You are given a small relation graph.
Fact 1: Galen is part of Hera.
Fact 2: Hera points to Copper.
Repeated confirmation: Galen still goes through Hera.
Repeated confirmation: Hera still points to Copper.
Question: Which label is associated with Galen: Copper or Silver?
Answer with exactly one word:",-0.85789335,-0.23819602,0.029768944,-1.1507046,-0.87080455,0.061062813,-3.7927287,-0.22643363,0.025545716,-0.5168689,0.7438047,0.8946185,0.94100237,0.83425117,4.4828043
g010_irrelevant,10,2,2,irrelevant,relation_preserving,stable,Copper,Silver,Gold,"You are given a small relation graph.
Fact 1: Galen is part of Hera.
Fact 2: Hera points to Copper.
Irrelevant fact: Ivo is associated with Gold.
Question: Which label is associated with Galen: Copper or Silver?
Answer with exactly one word:",-1.2414448,-0.8470754,0.7219081,-2.6344538,-2.1968107,-2.7979574,-5.8154097,-0.6099851,-0.5833337,0.17527026,-0.73994446,-0.43138766,-1.9180179,-1.1884298,0.57684374
g010_paraphrase,10,2,2,paraphrase,relation_preserving,stable,Copper,Silver,Gold,"In this example, Galen reaches Hera.
The destination connected to Hera is Copper.
Based on those two links, select the label for Galen: Copper or Silver.
Answer:",-3.2999103,-2.9411004,-2.1967916,-0.7846875,1.2865144,3.9225364,0.5183308,-2.6684506,-2.6773586,-2.7434294,1.1098218,3.0519376,4.802476,5.1453104,9.697217
g010_weak_distractor,10,2,2,weak_distractor,structure_changing,stable_shift,Copper,Silver,Gold,"You are given a small relation graph.
Fact 1: Galen is part of Hera.
Fact 2: Hera points to Copper.
Weak note: some unrelated source mentions Silver, but does not update the graph.
Question: Which label is associated with Galen: Copper or Silver?
Answer with exactly one word:",-0.88877356,-0.461784,0.6854651,-1.8467158,-2.2457383,-2.5256572,-4.9724464,-0.25731385,-0.19804227,0.13882726,0.047793508,-0.4803152,-1.6457176,-0.3454666,1.4759427
g010_competition_balanced,10,2,2,competition_balanced,structure_changing,competition,Copper,Silver,Gold,"You are given a small relation graph.
Fact 1: Galen is part of Hera.
Fact 2: Hera points to Copper.
Competing fact: Galen is also associated with Silver.
Question: Which label is associated with Galen: Copper or Silver?
Answer with exactly one word:",-1.4225852,-0.63874364,0.072897434,-4.643948,-5.613925,-5.968727,-7.822065,-0.79112554,-0.3750019,-0.4737404,-2.7494388,-3.848502,-5.0887876,-3.195085,-4.7847176
g010_direct_conflict,10,2,2,direct_conflict,structure_changing,competition,Copper,Silver,Gold,"You are given a small relation graph.
Fact 1: Galen is part of Hera.
Fact 2: Hera points to Copper.
Direct conflicting fact: Galen points to Silver.
Question: Which label is associated with Galen: Copper or Silver?
Answer with exactly one word:",-1.5418304,-1.0690742,-0.013473749,-4.8518214,-6.3578568,-6.3772116,-8.167673,-0.9103707,-0.8053324,-0.5601116,-2.957312,-4.592434,-5.497272,-3.5406933,-5.6784124
g010_closure_update,10,2,2,closure_update,structure_changing,closure,Copper,Silver,Gold,"You are given a small relation graph.
Fact 1: Galen is part of Hera.
Old record: Hera points to Copper.
Updated record: Hera points to Silver, not Copper.
Question: Which label is associated with Galen: Copper or Silver?
Answer with exactly one word:",-1.4329575,-1.0566057,-0.2567656,-5.412851,-6.062959,-6.99804,-9.030302,-0.8014978,-0.79286397,-0.80340344,-3.5183415,-4.297536,-6.1181006,-4.403322,-6.5760202
g010_closure_override,10,2,2,closure_override,structure_changing,closure,Copper,Silver,Gold,"You are given a rule system.
General rule: items that is part of Hera receive label Copper.
Override rule: in this case, items that is part of Hera receive label Silver.
Fact: Galen is part of Hera.
Question: Which label applies to Galen: Copper or Silver?
Answer with exactly one word:",-0.68695617,-0.616681,-0.11257088,-5.096428,-7.6636987,-8.7598505,-10.4710045,-0.055496454,-0.35293925,-0.6592087,-3.2019186,-5.8982754,-7.879911,-5.8440247,-8.935467
g010_exception_override,10,2,2,exception_override,structure_changing,closure,Copper,Silver,Gold,"You are given a rule system.
General rule: items connected to Hera use label Copper.
Exception: Galen is a special case and uses label Silver.
Fact: Galen is connected to Hera.
Question: Which label applies to Galen: Copper or Silver?
Answer with exactly one word:",-0.89588976,-0.6585158,-0.39795673,-5.241206,-7.471965,-7.6593647,-9.466921,-0.26443005,-0.39477408,-0.94459456,-3.3466969,-5.706542,-6.779425,-4.839941,-7.7768145
g011_clean,11,2,3,clean,clean,stable,Gold,Iron,Red,"You are given a small relation graph.
Fact 1: Galen is grouped under Hera.
Fact 2: Hera has label Gold.
Question: Which label is associated with Galen: Gold or Iron?
Answer with exactly one word:",3.0844355,2.098914,-0.30629754,-0.7353859,-0.8002162,-0.4572475,-0.5601845,0.0,0.0,0.0,0.0,0.0,0.0,0.0,2.8346574
g011_rename,11,2,3,rename,relation_preserving,stable,Gold,Iron,Red,"Consider a tiny mapping network.
Link one: Galen is grouped under Hera.
Link two: Hera has label Gold.
Choose the label reached from Galen: Gold or Iron.
One word answer:",2.8330975,3.392729,1.2805688,3.1716723,2.5406222,3.3277154,2.4731069,-0.251338,1.2938151,1.5868664,3.9070582,3.3408384,3.784963,3.0332913,9.957161
g011_permuted,11,2,3,permuted,relation_preserving,stable,Gold,Iron,Red,"You are given a small relation graph.
Fact 2: Hera has label Gold.
Fact 1: Galen is grouped under Hera.
Question: Which label is associated with Galen: Gold or Iron?
Answer with exactly one word:",3.4385228,2.5835438,-0.30940807,-1.1279986,-0.49625468,-0.75861406,-0.5398989,0.35408735,0.48462987,-0.003110528,-0.3926127,0.30396152,-0.30136657,0.020285606,2.6996455
g011_redundant,11,2,3,redundant,relation_preserving,stable,Gold,Iron,Red,"You are given a small relation graph.
Fact 1: Galen is grouped under Hera.
Fact 2: Hera has label Gold.
Repeated confirmation: Galen still goes through Hera.
Repeated confirmation: Hera still points to Gold.
Question: Which label is associated with Galen: Gold or Iron?
Answer with exactly one word:",2.9769974,2.191472,-0.16348612,0.14448833,-0.046106935,0.2722354,0.8478236,-0.10743809,0.092558146,0.14281142,0.8798742,0.75410926,0.7294829,1.4080081,4.7017593
g011_irrelevant,11,2,3,irrelevant,relation_preserving,stable,Gold,Iron,Red,"You are given a small relation graph.
Fact 1: Galen is grouped under Hera.
Fact 2: Hera has label Gold.
Irrelevant fact: Ivo is associated with Red.
Question: Which label is associated with Galen: Gold or Iron?
Answer with exactly one word:",3.724642,2.1555057,-0.15362394,-0.97870344,-1.6824765,-0.8119459,-1.0390139,0.6402066,0.05659175,0.1526736,-0.24331754,-0.8822603,-0.35469842,-0.47882938,1.8912134
g011_paraphrase,11,2,3,paraphrase,relation_preserving,stable,Gold,Iron,Red,"In this example, Galen reaches Hera.
The destination connected to Hera is Gold.
Based on those two links, select the label for Galen: Gold or Iron.
Answer:",4.1847386,4.5596,3.85039,6.9415903,6.7141476,8.302281,6.533637,1.1003032,2.460686,4.1566877,7.676976,7.514364,8.759529,7.0938215,18.756819
g011_weak_distractor,11,2,3,weak_distractor,structure_changing,stable_shift,Gold,Iron,Red,"You are given a small relation graph.
Fact 1: Galen is grouped under Hera.
Fact 2: Hera has label Gold.
Weak note: some unrelated source mentions Iron, but does not update the graph.
Question: Which label is associated with Galen: Gold or Iron?
Answer with exactly one word:",3.4154398,2.3057432,0.39871144,0.054908037,-1.2220252,-1.0744176,0.23114991,0.33100438,0.20682931,0.705009,0.79029393,-0.42180896,-0.6171701,0.7913344,3.0623317
g011_competition_balanced,11,2,3,competition_balanced,structure_changing,competition,Gold,Iron,Red,"You are given a small relation graph.
Fact 1: Galen is grouped under Hera.
Fact 2: Hera has label Gold.
Competing fact: Galen is also associated with Iron.
Question: Which label is associated with Galen: Gold or Iron?
Answer with exactly one word:",3.3972337,2.197256,-0.3462634,-3.293045,-4.449722,-4.1895943,-2.692441,0.31279826,0.09834218,-0.039965868,-2.5576591,-3.6495056,-3.7323468,-2.1322565,-3.189079
g011_direct_conflict,11,2,3,direct_conflict,structure_changing,competition,Gold,Iron,Red,"You are given a small relation graph.
Fact 1: Galen is grouped under Hera.
Fact 2: Hera has label Gold.
Direct conflicting fact: Galen has label Iron.
Question: Which label is associated with Galen: Gold or Iron?
Answer with exactly one word:",3.3873765,1.8061674,-0.6834197,-3.6030846,-5.924273,-5.35068,-4.247137,0.30294108,-0.29274654,-0.37712216,-2.8676987,-5.124057,-4.8934326,-3.6869526,-5.549014
g011_closure_update,11,2,3,closure_update,structure_changing,closure,Gold,Iron,Red,"You are given a small relation graph.
Fact 1: Galen is grouped under Hera.
Old record: Hera has label Gold.
Updated record: Hera has label Iron, not Gold.
Question: Which label is associated with Galen: Gold or Iron?
Answer with exactly one word:",2.9533193,1.7197218,-0.67696,-3.9369712,-5.0148025,-7.4294057,-5.7451334,-0.13111615,-0.3791921,-0.37066245,-3.2015853,-4.2145863,-6.9721584,-5.184949,-7.2315845
g011_closure_override,11,2,3,closure_override,structure_changing,closure,Gold,Iron,Red,"You are given a rule system.
General rule: items that is grouped under Hera receive label Gold.
Override rule: in this case, items that is grouped under Hera receive label Iron.
Fact: Galen is grouped under Hera.
Question: Which label applies to Galen: Gold or Iron?
Answer with exactly one word:",3.645817,2.641042,-0.08593464,-3.5934277,-5.0564036,-8.415243,-7.047898,0.5613816,0.5421281,0.2203629,-2.8580418,-4.2561874,-7.9579954,-6.4877133,-8.230493
g011_exception_override,11,2,3,exception_override,structure_changing,closure,Gold,Iron,Red,"You are given a rule system.
General rule: items connected to Hera use label Gold.
Exception: Galen is a special case and uses label Iron.
Fact: Galen is connected to Hera.
Question: Which label applies to Galen: Gold or Iron?
Answer with exactly one word:",3.5402946,3.079836,0.6518456,-2.5816236,-4.94149,-6.9803476,-5.2790084,0.45585918,0.980922,0.9581431,-1.8462377,-4.141274,-6.5231,-4.718824,-5.9469566
g012_clean,12,3,0,clean,clean,stable,Red,Blue,Green,"You are given a small relation graph.
Fact 1: Juno belongs to Kira.
Fact 2: Kira is located at Red.
Question: Which label is associated with Juno: Red or Blue?
Answer with exactly one word:",1.1891155,1.5268171,1.9371498,3.897706,3.4144487,2.6329803,7.026888,0.0,0.0,0.0,0.0,0.0,0.0,0.0,2.8346574
g012_rename,12,3,0,rename,relation_preserving,stable,Red,Blue,Green,"Consider a tiny mapping network.
Link one: Juno belongs to Kira.
Link two: Kira is located at Red.
Choose the label reached from Juno: Red or Blue.
One word answer:",1.0436285,2.0324955,2.143808,4.6277385,5.298832,5.5473294,9.015295,-0.14548707,0.5056784,0.20665812,0.73003244,1.8843832,2.914349,1.9884071,6.797635
g012_permuted,12,3,0,permuted,relation_preserving,stable,Red,Blue,Green,"You are given a small relation graph.
Fact 2: Kira is located at Red.
Fact 1: Juno belongs to Kira.
Question: Which label is associated with Juno: Red or Blue?
Answer with exactly one word:",1.2599158,1.2794456,1.4041429,1.199882,1.35573,0.8707323,5.5912867,0.070800304,-0.24737144,-0.5330069,-2.697824,-2.0587187,-1.762248,-1.4356012,-1.037998
g012_redundant,12,3,0,redundant,relation_preserving,stable,Red,Blue,Green,"You are given a small relation graph.
Fact 1: Juno belongs to Kira.
Fact 2: Kira is located at Red.
Repeated confirmation: Juno still goes through Kira.
Repeated confirmation: Kira still points to Red.
Question: Which label is associated with Juno: Red or Blue?
Answer with exactly one word:",0.9269466,0.83335143,2.0683255,4.0442963,3.7538657,3.2605066,7.1705494,-0.26216894,-0.69346565,0.13117576,0.14659023,0.33941698,0.6275263,0.1436615,3.4587045
g012_irrelevant,12,3,0,irrelevant,relation_preserving,stable,Red,Blue,Green,"You are given a small relation graph.
Fact 1: Juno belongs to Kira.
Fact 2: Kira is located at Red.
Irrelevant fact: Lio is associated with Green.
Question: Which label is associated with Juno: Red or Blue?
Answer with exactly one word:",1.24986,1.5869842,1.900774,3.3090072,3.1302323,1.5864677,5.866432,0.060744524,0.060167074,-0.03637576,-0.58869886,-0.2842164,-1.0465126,-1.1604557,1.2668042
g012_paraphrase,12,3,0,paraphrase,relation_preserving,stable,Red,Blue,Green,"In this example, Juno reaches Kira.
The destination connected to Kira is Red.
Based on those two links, select the label for Juno: Red or Blue.
Answer:",2.956984,3.2811236,3.5403337,6.60495,7.229839,6.3781,9.952671,1.7678685,1.7543066,1.603184,2.707244,3.81539,3.7451196,2.9257832,9.707489
g012_weak_distractor,12,3,0,weak_distractor,structure_changing,stable_shift,Red,Blue,Green,"You are given a small relation graph.
Fact 1: Juno belongs to Kira.
Fact 2: Kira is located at Red.
Weak note: some unrelated source mentions Blue, but does not update the graph.
Question: Which label is associated with Juno: Red or Blue?
Answer with exactly one word:",1.411133,1.6615863,2.1210775,3.2122867,2.582849,2.825387,7.394866,0.22201753,0.1347692,0.18392777,-0.6854193,-0.8315997,0.19240665,0.3679781,2.4945261
g012_competition_balanced,12,3,0,competition_balanced,structure_changing,competition,Red,Blue,Green,"You are given a small relation graph.
Fact 1: Juno belongs to Kira.
Fact 2: Kira is located at Red.
Competing fact: Juno is also associated with Blue.
Question: Which label is associated with Juno: Red or Blue?
Answer with exactly one word:",1.5468779,1.2711353,1.7083856,-0.37440276,-1.1402245,-0.97111034,3.4245415,0.35776234,-0.25568175,-0.22876418,-4.272109,-4.554673,-3.6040907,-3.6023464,-5.005576
g012_direct_conflict,12,3,0,direct_conflict,structure_changing,competition,Red,Blue,Green,"You are given a small relation graph.
Fact 1: Juno belongs to Kira.
Fact 2: Kira is located at Red.
Direct conflicting fact: Juno is located at Blue.
Question: Which label is associated with Juno: Red or Blue?
Answer with exactly one word:",1.679708,1.711873,2.1226416,0.025171041,-1.6407952,-0.64976597,4.19143,0.49059248,0.18505597,0.1854918,-3.872535,-5.055244,-3.2827463,-2.8354578,-4.4450073
g012_closure_update,12,3,0,closure_update,structure_changing,closure,Red,Blue,Green,"You are given a small relation graph.
Fact 1: Juno belongs to Kira.
Old record: Kira is located at Red.
Updated record: Kira is located at Blue, not Red.
Question: Which label is associated with Juno: Red or Blue?
Answer with exactly one word:",1.8886831,1.4673707,1.7975895,-0.81193733,-1.555891,-2.2704372,2.2225256,0.69956756,-0.059446335,-0.13956022,-4.7096434,-4.97034,-4.9034176,-4.8043623,-6.7220697
g012_closure_override,12,3,0,closure_override,structure_changing,closure,Red,Blue,Green,"You are given a rule system.
General rule: items that belongs to Kira receive label Red.
Override rule: in this case, items that belongs to Kira receive label Blue.
Fact: Juno belongs to Kira.
Question: Which label applies to Juno: Red or Blue?
Answer with exactly one word:",1.8509349,1.2787464,1.5387875,-1.4232779,-2.6376815,-4.319476,-0.18716049,0.66181934,-0.24807072,-0.39836228,-5.320984,-6.05213,-6.9524565,-7.2140484,-9.944365
g012_exception_override,12,3,0,exception_override,structure_changing,closure,Red,Blue,Green,"You are given a rule system.
General rule: items connected to Kira use label Red.
Exception: Juno is a special case and uses label Blue.
Fact: Juno is connected to Kira.
Question: Which label applies to Juno: Red or Blue?
Answer with exactly one word:",2.0067198,1.8624487,2.1812942,-0.47976398,-2.4079618,-2.767784,0.68444824,0.8176043,0.3356316,0.24414444,-4.37747,-5.8224106,-5.4007645,-6.3424397,-8.013443
g013_clean,13,3,1,clean,clean,stable,Green,Yellow,North,"You are given a small relation graph.
Fact 1: Juno is assigned to Kira.
Fact 2: Kira maps to Green.
Question: Which label is associated with Juno: Green or Yellow?
Answer with exactly one word:",-0.94998753,-0.5181274,0.4262904,1.8230191,3.9040432,4.4041233,5.6475425,0.0,0.0,0.0,0.0,0.0,0.0,0.0,2.8346574
g013_rename,13,3,1,rename,relation_preserving,stable,Green,Yellow,North,"Consider a tiny mapping network.
Link one: Juno is assigned to Kira.
Link two: Kira maps to Green.
Choose the label reached from Juno: Green or Yellow.
One word answer:",0.2657473,0.44661623,1.707782,3.4024477,5.6612983,7.254964,7.8618217,1.2157348,0.9647436,1.2814916,1.5794286,1.7572551,2.8508406,2.2142792,7.296773
g013_permuted,13,3,1,permuted,relation_preserving,stable,Green,Yellow,North,"You are given a small relation graph.
Fact 2: Kira maps to Green.
Fact 1: Juno is assigned to Kira.
Question: Which label is associated with Juno: Green or Yellow?
Answer with exactly one word:",-1.2475657,-0.7868726,0.034000874,0.9183402,3.3783624,3.9846535,5.082369,-0.29757822,-0.26874524,-0.39228952,-0.90467894,-0.5256808,-0.41946983,-0.5651736,1.6363816
g013_redundant,13,3,1,redundant,relation_preserving,stable,Green,Yellow,North,"You are given a small relation graph.
Fact 1: Juno is assigned to Kira.
Fact 2: Kira maps to Green.
Repeated confirmation: Juno still goes through Kira.
Repeated confirmation: Kira still points to Green.
Question: Which label is associated with Juno: Green or Yellow?
Answer with exactly one word:",-0.9475075,-0.65786695,0.12878323,2.2514176,4.343397,4.65433,5.904398,0.00248003,-0.13973957,-0.29750717,0.4283985,0.43935394,0.25020647,0.2568555,3.4548461
g013_irrelevant,13,3,1,irrelevant,relation_preserving,stable,Green,Yellow,North,"You are given a small relation graph.
Fact 1: Juno is assigned to Kira.
Fact 2: Kira maps to Green.
Irrelevant fact: Lio is associated with North.
Question: Which label is associated with Juno: Green or Yellow?
Answer with exactly one word:",-0.9103446,-0.5996544,0.012210131,0.5707083,3.0017762,3.352995,4.5131655,0.03964293,-0.081526995,-0.41408026,-1.2523109,-0.902267,-1.0511284,-1.134377,0.67570186
g013_paraphrase,13,3,1,paraphrase,relation_preserving,stable,Green,Yellow,North,"In this example, Juno reaches Kira.
The destination connected to Kira is Green.
Based on those two links, select the label for Juno: Green or Yellow.
Answer:",-0.08010751,-0.15284908,0.2351489,2.665019,5.4372253,7.0256815,6.8729568,0.86988,0.3652783,-0.19114149,0.8419999,1.5331821,2.6215582,1.2254143,6.0848618
g013_weak_distractor,13,3,1,weak_distractor,structure_changing,stable_shift,Green,Yellow,North,"You are given a small relation graph.
Fact 1: Juno is assigned to Kira.
Fact 2: Kira maps to Green.
Weak note: some unrelated source mentions Yellow, but does not update the graph.
Question: Which label is associated with Juno: Green or Yellow?
Answer with exactly one word:",-1.1443214,-1.0180933,0.005380571,0.6530266,3.1917365,3.472023,5.893197,-0.19433391,-0.49996597,-0.42090982,-1.1699926,-0.71230674,-0.9321003,0.24565458,1.5375499
g013_competition_balanced,13,3,1,competition_balanced,structure_changing,competition,Green,Yellow,North,"You are given a small relation graph.
Fact 1: Juno is assigned to Kira.
Fact 2: Kira maps to Green.
Competing fact: Juno is also associated with Yellow.
Question: Which label is associated with Juno: Green or Yellow?
Answer with exactly one word:",-1.3278391,-1.3566623,-0.31116593,-1.4719344,1.0222445,1.1527448,3.0662417,-0.3778516,-0.8385349,-0.7374563,-3.2949536,-2.8817987,-3.2513785,-2.5813007,-3.1885636
g013_direct_conflict,13,3,1,direct_conflict,structure_changing,competition,Green,Yellow,North,"You are given a small relation graph.
Fact 1: Juno is assigned to Kira.
Fact 2: Kira maps to Green.
Direct conflicting fact: Juno maps to Yellow.
Question: Which label is associated with Juno: Green or Yellow?
Answer with exactly one word:",-1.1863385,-1.525918,-0.48770416,-1.8648902,-0.08458328,-0.15743017,2.1566768,-0.23635101,-1.0077906,-0.91399455,-3.6879094,-3.9886265,-4.5615535,-3.4908657,-5.131358
g013_closure_update,13,3,1,closure_update,structure_changing,closure,Green,Yellow,North,"You are given a small relation graph.
Fact 1: Juno is assigned to Kira.
Old record: Kira maps to Green.
Updated record: Kira maps to Yellow, not Green.
Question: Which label is associated with Juno: Green or Yellow?
Answer with exactly one word:",-1.2109463,-1.9622405,-0.7984281,-1.452698,0.15996242,-0.7885604,0.5506573,-0.2609588,-1.444113,-1.2247186,-3.2757173,-3.7440808,-5.1926837,-5.096885,-6.0949144
g013_closure_override,13,3,1,closure_override,structure_changing,closure,Green,Yellow,North,"You are given a rule system.
General rule: items that is assigned to Kira receive label Green.
Override rule: in this case, items that is assigned to Kira receive label Yellow.
Fact: Juno is assigned to Kira.
Question: Which label applies to Juno: Green or Yellow?
Answer with exactly one word:",-1.1910444,-1.3604732,-0.31082118,-0.80066705,0.6240792,-0.21691322,1.7787094,-0.24105692,-0.8423458,-0.73711157,-2.6236863,-3.279964,-4.6210365,-3.868833,-4.5736055
g013_exception_override,13,3,1,exception_override,structure_changing,closure,Green,Yellow,North,"You are given a rule system.
General rule: items connected to Kira use label Green.
Exception: Juno is a special case and uses label Yellow.
Fact: Juno is connected to Kira.
Question: Which label applies to Juno: Green or Yellow?
Answer with exactly one word:",-1.0199645,-1.0624603,-0.51239276,-0.6928315,0.7840433,1.7958784,2.9385176,-0.069976926,-0.5443329,-0.93868315,-2.5158505,-3.12,-2.608245,-2.709025,-2.6811807
g014_clean,14,3,2,clean,clean,stable,North,South,East,"You are given a small relation graph.
Fact 1: Juno is part of Kira.
Fact 2: Kira points to North.
Question: Which label is associated with Juno: North or South?
Answer with exactly one word:",-0.35074812,1.6410743,1.7582715,-0.64229107,-0.015909195,0.16246796,-0.88653183,0.0,0.0,0.0,0.0,0.0,0.0,0.0,2.8346574
g014_rename,14,3,2,rename,relation_preserving,stable,North,South,East,"Consider a tiny mapping network.
Link one: Juno is part of Kira.
Link two: Kira points to North.
Choose the label reached from Juno: North or South.
One word answer:",-0.015806973,2.60376,2.1335917,2.9722867,3.127264,3.1318302,2.7973366,0.33494115,0.9626857,0.3753202,3.6145778,3.1431732,2.9693623,3.6838684,9.477268
g014_permuted,14,3,2,permuted,relation_preserving,stable,North,South,East,"You are given a small relation graph.
Fact 2: Kira points to North.
Fact 1: Juno is part of Kira.
Question: Which label is associated with Juno: North or South?
Answer with exactly one word:",-0.2054019,1.1834636,1.1277974,-2.2950864,-1.9705114,-1.5746117,-2.8146572,0.14534622,-0.45761073,-0.6304741,-1.6527953,-1.9546022,-1.7370796,-1.9281254,-0.83666945
g014_redundant,14,3,2,redundant,relation_preserving,stable,North,South,East,"You are given a small relation graph.
Fact 1: Juno is part of Kira.
Fact 2: Kira points to North.
Repeated confirmation: Juno still goes through Kira.
Repeated confirmation: Kira still points to North.
Question: Which label is associated with Juno: North or South?
Answer with exactly one word:",-0.23957676,1.188237,1.2571969,-1.2515874,-0.49727917,-0.15599632,-1.3556461,0.111171365,-0.45283735,-0.50107455,-0.6092963,-0.48136997,-0.31846428,-0.4691143,1.8660891
g014_irrelevant,14,3,2,irrelevant,relation_preserving,stable,North,South,East,"You are given a small relation graph.
Fact 1: Juno is part of Kira.
Fact 2: Kira points to North.
Irrelevant fact: Lio is associated with East.
Question: Which label is associated with Juno: North or South?
Answer with exactly one word:",-0.4038236,1.7702107,1.5937533,-1.0421352,-0.7262745,-0.27353096,-1.5174713,-0.053075492,0.12913644,-0.16451812,-0.39984417,-0.7103653,-0.43599892,-0.6309395,1.7520976
g014_paraphrase,14,3,2,paraphrase,relation_preserving,stable,North,South,East,"In this example, Juno reaches Kira.
The destination connected to Kira is North.
Based on those two links, select the label for Juno: North or South.
Answer:",-0.6501758,0.44864488,0.849638,2.637206,2.8046122,3.3440914,2.0906296,-0.2994277,-1.1924294,-0.9086335,3.2794971,2.8205214,3.1816235,2.9771614,8.686946
g014_weak_distractor,14,3,2,weak_distractor,structure_changing,stable_shift,North,South,East,"You are given a small relation graph.
Fact 1: Juno is part of Kira.
Fact 2: Kira points to North.
Weak note: some unrelated source mentions South, but does not update the graph.
Question: Which label is associated with Juno: North or South?
Answer with exactly one word:",-0.31473416,0.72428346,0.82514906,-1.3621573,-0.9106941,-0.5674782,-1.7223759,0.03601396,-0.91679084,-0.9331224,-0.7198663,-0.8947849,-0.72994614,-0.83584404,1.124596
g014_competition_balanced,14,3,2,competition_balanced,structure_changing,competition,North,South,East,"You are given a small relation graph.
Fact 1: Juno is part of Kira.
Fact 2: Kira points to North.
Competing fact: Juno is also associated with South.
Question: Which label is associated with Juno: North or South?
Answer with exactly one word:",-0.34328938,0.35603452,0.15736628,-3.0877404,-2.9391232,-2.5536957,-4.177473,0.0074587464,-1.2850398,-1.6009052,-2.4454494,-2.923214,-2.7161636,-3.2909412,-3.0248835
g014_direct_conflict,14,3,2,direct_conflict,structure_changing,competition,North,South,East,"You are given a small relation graph.
Fact 1: Juno is part of Kira.
Fact 2: Kira points to North.
Direct conflicting fact: Juno points to South.
Question: Which label is associated with Juno: North or South?
Answer with exactly one word:",-0.6867375,0.2486887,0.25356126,-3.298637,-3.5294619,-3.534109,-5.402437,-0.33598936,-1.3923856,-1.5047102,-2.6563458,-3.5135527,-3.696577,-4.5159054,-4.593217
g014_closure_update,14,3,2,closure_update,structure_changing,closure,North,South,East,"You are given a small relation graph.
Fact 1: Juno is part of Kira.
Old record: Kira points to North.
Updated record: Kira points to South, not North.
Question: Which label is associated with Juno: North or South?
Answer with exactly one word:",-0.6782638,-0.80333984,-1.143862,-4.4346323,-4.2119617,-3.9595375,-5.720524,-0.32751566,-2.4444141,-2.9021335,-3.7923412,-4.1960526,-4.1220055,-4.833992,-5.973403
g014_closure_override,14,3,2,closure_override,structure_changing,closure,North,South,East,"You are given a rule system.
General rule: items that is part of Kira receive label North.
Override rule: in this case, items that is part of Kira receive label South.
Fact: Juno is part of Kira.
Question: Which label applies to Juno: North or South?
Answer with exactly one word:",-0.57520294,-0.4916159,-1.6883922,-4.518837,-4.8796988,-4.5293903,-6.54146,-0.22445482,-2.1326902,-3.4466636,-3.876546,-4.8637896,-4.6918583,-5.654928,-7.107174
g014_exception_override,14,3,2,exception_override,structure_changing,closure,North,South,East,"You are given a rule system.
General rule: items connected to Kira use label North.
Exception: Juno is a special case and uses label South.
Fact: Juno is connected to Kira.
Question: Which label applies to Juno: North or South?
Answer with exactly one word:",-0.47191292,0.00436604,-1.0831826,-3.9063787,-4.7364774,-4.3208084,-6.1578197,-0.1211648,-1.6367083,-2.841454,-3.2640877,-4.720568,-4.4832764,-5.271288,-6.3925266
g015_clean,15,3,3,clean,clean,stable,East,West,Copper,"You are given a small relation graph.
Fact 1: Juno is grouped under Kira.
Fact 2: Kira has label East.
Question: Which label is associated with Juno: East or West?
Answer with exactly one word:",0.9931994,1.4277416,3.1528072,3.4322395,4.582178,5.880501,8.929541,0.0,0.0,0.0,0.0,0.0,0.0,0.0,2.8346574
g015_rename,15,3,3,rename,relation_preserving,stable,East,West,Copper,"Consider a tiny mapping network.
Link one: Juno is grouped under Kira.
Link two: Kira has label East.
Choose the label reached from Juno: East or West.
One word answer:",1.0476859,2.2374406,3.744218,5.5618553,6.528678,8.330816,11.886397,0.054486454,0.80969894,0.5914109,2.1296158,1.9464998,2.4503155,2.9568567,7.651331
g015_permuted,15,3,3,permuted,relation_preserving,stable,East,West,Copper,"You are given a small relation graph.
Fact 2: Kira has label East.
Fact 1: Juno is grouped under Kira.
Question: Which label is associated with Juno: East or West?
Answer with exactly one word:",0.9152896,1.2992331,3.0694113,1.8835964,2.6983728,4.006069,7.374277,-0.07790983,-0.12850857,-0.08339596,-1.5486431,-1.8838053,-1.8744316,-1.5552635,-0.58554554
g015_redundant,15,3,3,redundant,relation_preserving,stable,East,West,Copper,"You are given a small relation graph.
Fact 1: Juno is grouped under Kira.
Fact 2: Kira has label East.
Repeated confirmation: Juno still goes through Kira.
Repeated confirmation: Kira still points to East.
Question: Which label is associated with Juno: East or West?
Answer with exactly one word:",1.0062568,1.2982669,3.243969,5.8681374,6.877665,8.347043,11.214756,0.013057411,-0.12947476,0.09116173,2.4358978,2.295487,2.4665422,2.2852154,7.5001535
g015_irrelevant,15,3,3,irrelevant,relation_preserving,stable,East,West,Copper,"You are given a small relation graph.
Fact 1: Juno is grouped under Kira.
Fact 2: Kira has label East.
Irrelevant fact: Lio is associated with Copper.
Question: Which label is associated with Juno: East or West?
Answer with exactly one word:",1.1209764,1.6052794,3.53133,3.8537207,4.9106045,6.1128464,9.2621155,0.12777704,0.1775378,0.37852287,0.42148113,0.32842636,0.23234558,0.33257484,3.5111961
g015_paraphrase,15,3,3,paraphrase,relation_preserving,stable,East,West,Copper,"In this example, Juno reaches Kira.
The destination connected to Kira is East.
Based on those two links, select the label for Juno: East or West.
Answer:",1.8122933,2.317493,3.056725,5.864414,7.539185,9.619026,13.077043,0.8190939,0.8897513,-0.09608221,2.4321747,2.957007,3.7385254,4.147502,9.573119
g015_weak_distractor,15,3,3,weak_distractor,structure_changing,stable_shift,East,West,Copper,"You are given a small relation graph.
Fact 1: Juno is grouped under Kira.
Fact 2: Kira has label East.
Weak note: some unrelated source mentions West, but does not update the graph.
Question: Which label is associated with Juno: East or West?
Answer with exactly one word:",0.90982604,0.9585278,2.2681577,3.8250852,5.382078,7.557925,10.35308,-0.08337337,-0.46921384,-0.8846495,0.39284563,0.79990005,1.6774244,1.4235392,4.967532
g015_competition_balanced,15,3,3,competition_balanced,structure_changing,competition,East,West,Copper,"You are given a small relation graph.
Fact 1: Juno is grouped under Kira.
Fact 2: Kira has label East.
Competing fact: Juno is also associated with West.
Question: Which label is associated with Juno: East or West?
Answer with exactly one word:",0.897674,0.07789755,1.6371543,0.99867535,2.9752588,5.385317,7.795904,-0.095525384,-1.3498441,-1.5156529,-2.4335642,-1.6069193,-0.49518394,-1.1336365,0.0148022175
g015_direct_conflict,15,3,3,direct_conflict,structure_changing,competition,East,West,Copper,"You are given a small relation graph.
Fact 1: Juno is grouped under Kira.
Fact 2: Kira has label East.
Direct conflicting fact: Juno has label West.
Question: Which label is associated with Juno: East or West?
Answer with exactly one word:",0.57748556,0.11306679,1.7848308,0.6477518,1.4537325,3.708047,6.544034,-0.41571385,-1.3146749,-1.3679764,-2.7844877,-3.1284456,-2.1724539,-2.3855066,-2.4660227
g015_closure_update,15,3,3,closure_update,structure_changing,closure,East,West,Copper,"You are given a small relation graph.
Fact 1: Juno is grouped under Kira.
Old record: Kira has label East.
Updated record: Kira has label West, not East.
Question: Which label is associated with Juno: East or West?
Answer with exactly one word:",0.617872,0.0030466318,0.60248005,-1.1115127,-0.22044277,0.96520615,3.9478674,-0.3753274,-1.424695,-2.5503273,-4.543752,-4.802621,-4.9152946,-4.9816732,-7.0015974
g015_closure_override,15,3,3,closure_override,structure_changing,closure,East,West,Copper,"You are given a rule system.
General rule: items that is grouped under Kira receive label East.
Override rule: in this case, items that is grouped under Kira receive label West.
Fact: Juno is grouped under Kira.
Question: Which label applies to Juno: East or West?
Answer with exactly one word:",0.70821536,0.036874294,1.0304823,0.5220661,1.0384407,2.7016401,5.500144,-0.28498405,-1.3908674,-2.122325,-2.9101734,-3.5437374,-3.1788607,-3.4293966,-3.907243
g015_exception_override,15,3,3,exception_override,structure_changing,closure,East,West,Copper,"You are given a rule system.
General rule: items connected to Kira use label East.
Exception: Juno is a special case and uses label West.
Fact: Juno is connected to Kira.
Question: Which label applies to Juno: East or West?
Answer with exactly one word:",0.6480401,0.5188072,1.7274015,1.5937176,1.2990751,2.9780989,5.577668,-0.3451593,-0.9089345,-1.4254057,-1.838522,-3.283103,-2.902402,-3.3518724,-3.0676916
g016_clean,16,4,0,clean,clean,stable,Copper,Silver,Gold,"You are given a small relation graph.
Fact 1: Mira belongs to Nero.
Fact 2: Nero is located at Copper.
Question: Which label is associated with Mira: Copper or Silver?
Answer with exactly one word:",-0.12486076,0.26994264,0.03174758,-1.7378917,-1.2081039,0.035166264,-4.78216,0.0,0.0,0.0,0.0,0.0,0.0,0.0,2.8346574
g016_rename,16,4,0,rename,relation_preserving,stable,Copper,Silver,Gold,"Consider a tiny mapping network.
Link one: Mira belongs to Nero.
Link two: Nero is located at Copper.
Choose the label reached from Mira: Copper or Silver.
One word answer:",-0.892066,-0.38375914,-1.3522851,-1.091707,-1.3976007,-0.0693388,-2.8986402,-0.76720524,-0.6537018,-1.3840327,0.6461847,-0.18949676,-0.10450506,1.8835196,3.7069912
g016_permuted,16,4,0,permuted,relation_preserving,stable,Copper,Silver,Gold,"You are given a small relation graph.
Fact 2: Nero is located at Copper.
Fact 1: Mira belongs to Nero.
Question: Which label is associated with Mira: Copper or Silver?
Answer with exactly one word:",-0.16902304,0.41197866,-0.17925465,-3.0195801,-2.8931174,-1.6487498,-6.1869154,-0.044162273,0.14203602,-0.21100223,-1.2816885,-1.6850135,-1.6839161,-1.4047556,-0.19058323
g016_redundant,16,4,0,redundant,relation_preserving,stable,Copper,Silver,Gold,"You are given a small relation graph.
Fact 1: Mira belongs to Nero.
Fact 2: Nero is located at Copper.
Repeated confirmation: Mira still goes through Nero.
Repeated confirmation: Nero still points to Copper.
Question: Which label is associated with Mira: Copper or Silver?
Answer with exactly one word:",-0.27303052,0.5399277,-0.1961956,-1.1417587,-1.0360591,-0.08872318,-3.9999983,-0.14816976,0.26998508,-0.22794318,0.596133,0.17204475,-0.123889446,0.7821615,3.4688482
g016_irrelevant,16,4,0,irrelevant,relation_preserving,stable,Copper,Silver,Gold,"You are given a small relation graph.
Fact 1: Mira belongs to Nero.
Fact 2: Nero is located at Copper.
Irrelevant fact: Orin is associated with Gold.
Question: Which label is associated with Mira: Copper or Silver?
Answer with exactly one word:",-0.9386523,-0.34253633,0.08688927,-2.210541,-1.3853045,-0.89375544,-5.3697658,-0.8137915,-0.612479,0.055141687,-0.47264934,-0.17720056,-0.9289217,-0.58760595,1.672442
g016_paraphrase,16,4,0,paraphrase,relation_preserving,stable,Copper,Silver,Gold,"In this example, Mira reaches Nero.
The destination connected to Nero is Copper.
Based on those two links, select the label for Mira: Copper or Silver.
Answer:",-3.1865516,-2.8723285,-2.0921495,-0.42863226,1.5271133,4.838603,0.27250743,-3.0616908,-3.142271,-2.123897,1.3092594,2.735217,4.8034368,5.0546675,9.595734
g016_weak_distractor,16,4,0,weak_distractor,structure_changing,stable_shift,Copper,Silver,Gold,"You are given a small relation graph.
Fact 1: Mira belongs to Nero.
Fact 2: Nero is located at Copper.
Weak note: some unrelated source mentions Silver, but does not update the graph.
Question: Which label is associated with Mira: Copper or Silver?
Answer with exactly one word:",-0.5471964,0.24251235,-0.07398605,-0.6151448,-0.121014714,0.8155632,-3.19809,-0.42233562,-0.027430296,-0.10573363,1.122747,1.0870892,0.78039694,1.5840697,5.040551
g016_competition_balanced,16,4,0,competition_balanced,structure_changing,competition,Copper,Silver,Gold,"You are given a small relation graph.
Fact 1: Mira belongs to Nero.
Fact 2: Nero is located at Copper.
Competing fact: Mira is also associated with Silver.
Question: Which label is associated with Mira: Copper or Silver?
Answer with exactly one word:",-1.1662936,-0.26079333,-0.40492916,-5.0755844,-5.509837,-4.7671857,-7.7154975,-1.0414329,-0.53073597,-0.43667674,-3.3376927,-4.301733,-4.802352,-2.9333377,-4.943551
g016_direct_conflict,16,4,0,direct_conflict,structure_changing,competition,Copper,Silver,Gold,"You are given a small relation graph.
Fact 1: Mira belongs to Nero.
Fact 2: Nero is located at Copper.
Direct conflicting fact: Mira is located at Silver.
Question: Which label is associated with Mira: Copper or Silver?
Answer with exactly one word:",-1.2650185,-0.48267686,-0.58950293,-5.7255473,-6.5034113,-5.9474287,-8.467156,-1.1401577,-0.7526195,-0.6212505,-3.9876556,-5.295307,-5.982595,-3.6849966,-6.78389
g016_closure_update,16,4,0,closure_update,structure_changing,closure,Copper,Silver,Gold,"You are given a small relation graph.
Fact 1: Mira belongs to Nero.
Old record: Nero is located at Copper.
Updated record: Nero is located at Silver, not Copper.
Question: Which label is associated with Mira: Copper or Silver?
Answer with exactly one word:",-0.7784629,-0.71086454,-0.3515978,-5.8448153,-6.251857,-7.1020355,-9.173872,-0.6536021,-0.9808072,-0.38334537,-4.1069236,-5.0437527,-7.137202,-4.391712,-7.729352
g016_closure_override,16,4,0,closure_override,structure_changing,closure,Copper,Silver,Gold,"You are given a rule system.
General rule: items that belongs to Nero receive label Copper.
Override rule: in this case, items that belongs to Nero receive label Silver.
Fact: Mira belongs to Nero.
Question: Which label applies to Mira: Copper or Silver?
Answer with exactly one word:",-0.920665,-0.6928421,-0.17750728,-5.400388,-7.5965576,-8.449993,-10.203258,-0.79580426,-0.96278477,-0.20925486,-3.662496,-6.3884535,-8.485159,-5.4210978,-9.504124
g016_exception_override,16,4,0,exception_override,structure_changing,closure,Copper,Silver,Gold,"You are given a rule system.
General rule: items connected to Nero use label Copper.
Exception: Mira is a special case and uses label Silver.
Fact: Mira is connected to Nero.
Question: Which label applies to Mira: Copper or Silver?
Answer with exactly one word:",-0.8609456,-0.619807,-0.35697365,-5.304254,-7.104295,-7.270672,-9.245139,-0.7360848,-0.88974965,-0.38872123,-3.5663624,-5.8961906,-7.305838,-4.4629793,-8.061493
g017_clean,17,4,1,clean,clean,stable,Gold,Iron,Red,"You are given a small relation graph.
Fact 1: Mira is assigned to Nero.
Fact 2: Nero maps to Gold.
Question: Which label is associated with Mira: Gold or Iron?
Answer with exactly one word:",3.2250412,2.5841362,0.31500423,1.4832866,0.91114104,1.3359184,1.0606143,0.0,0.0,0.0,0.0,0.0,0.0,0.0,2.8346574
g017_rename,17,4,1,rename,relation_preserving,stable,Gold,Iron,Red,"Consider a tiny mapping network.
Link one: Mira is assigned to Nero.
Link two: Nero maps to Gold.
Choose the label reached from Mira: Gold or Iron.
One word answer:",2.2331724,1.8933717,0.35253298,1.5401149,1.4251335,1.0930834,-0.19016743,-0.99186873,-0.69076455,0.037528753,0.05682826,0.5139924,-0.24283504,-1.2507818,2.2689614
g017_permuted,17,4,1,permuted,relation_preserving,stable,Gold,Iron,Red,"You are given a small relation graph.
Fact 2: Nero maps to Gold.
Fact 1: Mira is assigned to Nero.
Question: Which label is associated with Mira: Gold or Iron?
Answer with exactly one word:",3.3212135,2.7963197,0.35164583,0.94871855,0.52718747,0.5541074,1.0273838,0.09617233,0.21218348,0.036641598,-0.5345681,-0.38395357,-0.781811,-0.033230543,1.9841994
g017_redundant,17,4,1,redundant,relation_preserving,stable,Gold,Iron,Red,"You are given a small relation graph.
Fact 1: Mira is assigned to Nero.
Fact 2: Nero maps to Gold.
Repeated confirmation: Mira still goes through Nero.
Repeated confirmation: Nero still points to Gold.
Question: Which label is associated with Mira: Gold or Iron?
Answer with exactly one word:",3.1398704,2.4515975,-0.13460279,1.215618,1.081508,1.0361197,1.1657318,-0.085170746,-0.1325388,-0.449607,-0.2676686,0.170367,-0.29979873,0.10511744,2.6388962
g017_irrelevant,17,4,1,irrelevant,relation_preserving,stable,Gold,Iron,Red,"You are given a small relation graph.
Fact 1: Mira is assigned to Nero.
Fact 2: Nero maps to Gold.
Irrelevant fact: Orin is associated with Red.
Question: Which label is associated with Mira: Gold or Iron?
Answer with exactly one word:",3.7248096,2.6768007,0.7252867,1.4740505,0.44556272,1.2856612,1.1780322,0.4997685,0.09266448,0.4102825,-0.009236097,-0.46557832,-0.050257206,0.11741781,2.688407
g017_paraphrase,17,4,1,paraphrase,relation_preserving,stable,Gold,Iron,Red,"In this example, Mira reaches Nero.
The destination connected to Nero is Gold.
Based on those two links, select the label for Mira: Gold or Iron.
Answer:",3.8642008,4.2455273,3.1120136,6.3255606,5.7766914,7.769781,5.0312524,0.6391597,1.661391,2.7970095,4.8422737,4.8655505,6.4338627,3.970638,13.237926
g017_weak_distractor,17,4,1,weak_distractor,structure_changing,stable_shift,Gold,Iron,Red,"You are given a small relation graph.
Fact 1: Mira is assigned to Nero.
Fact 2: Nero maps to Gold.
Weak note: some unrelated source mentions Iron, but does not update the graph.
Question: Which label is associated with Mira: Gold or Iron?
Answer with exactly one word:",3.272368,2.267649,0.7095618,-0.7035033,-1.4650404,-2.1084867,-0.4122938,0.047326803,-0.3164873,0.3945576,-2.18679,-2.3761816,-3.444405,-1.4729081,-1.9178126
g017_competition_balanced,17,4,1,competition_balanced,structure_changing,competition,Gold,Iron,Red,"You are given a small relation graph.
Fact 1: Mira is assigned to Nero.
Fact 2: Nero maps to Gold.
Competing fact: Mira is also associated with Iron.
Question: Which label is associated with Mira: Gold or Iron?
Answer with exactly one word:",3.5054178,2.412618,0.38568902,-3.0575652,-3.889062,-5.335681,-3.4900594,0.28037667,-0.17151833,0.07068479,-4.5408516,-4.800203,-6.6715994,-4.5506735,-7.47771
g017_direct_conflict,17,4,1,direct_conflict,structure_changing,competition,Gold,Iron,Red,"You are given a small relation graph.
Fact 1: Mira is assigned to Nero.
Fact 2: Nero maps to Gold.
Direct conflicting fact: Mira maps to Iron.
Question: Which label is associated with Mira: Gold or Iron?
Answer with exactly one word:",3.2806115,1.9455149,-0.5579591,-4.2718334,-6.301408,-7.0619326,-5.9150352,0.055570364,-0.63862133,-0.8729633,-5.7551203,-7.2125487,-8.397851,-6.97565,-11.480645
g017_closure_update,17,4,1,closure_update,structure_changing,closure,Gold,Iron,Red,"You are given a small relation graph.
Fact 1: Mira is assigned to Nero.
Old record: Nero maps to Gold.
Updated record: Nero maps to Iron, not Gold.
Question: Which label is associated with Mira: Gold or Iron?
Answer with exactly one word:",2.9365747,2.0537083,-0.15107799,-4.4016504,-5.133021,-8.567891,-6.9801936,-0.28846645,-0.53042793,-0.46608222,-5.8849373,-6.044162,-9.90381,-8.040808,-12.352077
g017_closure_override,17,4,1,closure_override,structure_changing,closure,Gold,Iron,Red,"You are given a rule system.
General rule: items that is assigned to Nero receive label Gold.
Override rule: in this case, items that is assigned to Nero receive label Iron.
Fact: Mira is assigned to Nero.
Question: Which label applies to Mira: Gold or Iron?
Answer with exactly one word:",3.7149055,2.7426908,0.16003132,-3.1432743,-4.9299717,-8.447875,-7.308366,0.48986435,0.15855455,-0.15497291,-4.626561,-5.8411126,-9.783793,-8.36898,-11.772184
g017_exception_override,17,4,1,exception_override,structure_changing,closure,Gold,Iron,Red,"You are given a rule system.
General rule: items connected to Nero use label Gold.
Exception: Mira is a special case and uses label Iron.
Fact: Mira is connected to Nero.
Question: Which label applies to Mira: Gold or Iron?
Answer with exactly one word:",3.8660169,3.1435606,0.6559527,-2.733792,-5.396576,-7.19073,-6.3562894,0.6409757,0.5594244,0.34094846,-4.2170787,-6.307717,-8.5266485,-7.4169035,-10.5434
g018_clean,18,4,2,clean,clean,stable,Red,Blue,Green,"You are given a small relation graph.
Fact 1: Mira is part of Nero.
Fact 2: Nero points to Red.
Question: Which label is associated with Mira: Red or Blue?
Answer with exactly one word:",1.4105761,1.5915093,2.4337173,2.1386151,2.671649,2.1425543,6.29438,0.0,0.0,0.0,0.0,0.0,0.0,0.0,2.8346574
g018_rename,18,4,2,rename,relation_preserving,stable,Red,Blue,Green,"Consider a tiny mapping network.
Link one: Mira is part of Nero.
Link two: Nero points to Red.
Choose the label reached from Mira: Red or Blue.
One word answer:",1.0085554,1.5677862,1.7458116,3.7204833,4.888611,4.877672,7.9854584,-0.4020207,-0.023723125,-0.68790567,1.5818682,2.2169619,2.735118,1.6910782,6.9137354
g018_permuted,18,4,2,permuted,relation_preserving,stable,Red,Blue,Green,"You are given a small relation graph.
Fact 2: Nero points to Red.
Fact 1: Mira is part of Nero.
Question: Which label is associated with Mira: Red or Blue?
Answer with exactly one word:",1.5948863,1.8447684,2.676693,2.454618,2.9812403,2.3760104,6.260439,0.1843102,0.25325906,0.24297571,0.31600285,0.3095913,0.23345613,-0.03394127,3.2692003
g018_redundant,18,4,2,redundant,relation_preserving,stable,Red,Blue,Green,"You are given a small relation graph.
Fact 1: Mira is part of Nero.
Fact 2: Nero points to Red.
Repeated confirmation: Mira still goes through Nero.
Repeated confirmation: Nero still points to Red.
Question: Which label is associated with Mira: Red or Blue?
Answer with exactly one word:",1.1281288,1.401718,2.4512649,3.3758445,3.9476976,3.4959803,7.163866,-0.28244734,-0.18979132,0.017547607,1.2372293,1.2760487,1.353426,0.86948586,5.1530104
g018_irrelevant,18,4,2,irrelevant,relation_preserving,stable,Red,Blue,Green,"You are given a small relation graph.
Fact 1: Mira is part of Nero.
Fact 2: Nero points to Red.
Irrelevant fact: Orin is associated with Green.
Question: Which label is associated with Mira: Red or Blue?
Answer with exactly one word:",1.2278513,1.6356686,1.9386142,1.7037873,2.2753105,1.1405334,5.522955,-0.18272483,0.044159293,-0.495103,-0.4348278,-0.39633846,-1.0020208,-0.77142525,1.4489626
g018_paraphrase,18,4,2,paraphrase,relation_preserving,stable,Red,Blue,Green,"In this example, Mira reaches Nero.
The destination connected to Nero is Red.
Based on those two links, select the label for Mira: Red or Blue.
Answer:",3.0808065,3.2601733,3.6101139,6.6462426,7.717408,7.468504,10.980986,1.6702304,1.668664,1.1763966,4.5076275,5.045759,5.3259497,4.6866055,12.778542
g018_weak_distractor,18,4,2,weak_distractor,structure_changing,stable_shift,Red,Blue,Green,"You are given a small relation graph.
Fact 1: Mira is part of Nero.
Fact 2: Nero points to Red.
Weak note: some unrelated source mentions Blue, but does not update the graph.
Question: Which label is associated with Mira: Red or Blue?
Answer with exactly one word:",1.5042571,1.3742573,1.8925135,0.5535269,0.67462254,0.24394989,4.920967,0.09368098,-0.21725202,-0.54120374,-1.5850883,-1.9970264,-1.8986044,-1.3734131,-0.6209998
g018_competition_balanced,18,4,2,competition_balanced,structure_changing,competition,Red,Blue,Green,"You are given a small relation graph.
Fact 1: Mira is part of Nero.
Fact 2: Nero points to Red.
Competing fact: Mira is also associated with Blue.
Question: Which label is associated with Mira: Red or Blue?
Answer with exactly one word:",1.670903,1.1175237,1.4170452,-0.8285613,-1.0634336,-0.92043877,3.7235985,0.26032686,-0.47398567,-1.016672,-2.9671764,-3.7350826,-3.062993,-2.5707817,-3.3477366
g018_direct_conflict,18,4,2,direct_conflict,structure_changing,competition,Red,Blue,Green,"You are given a small relation graph.
Fact 1: Mira is part of Nero.
Fact 2: Nero points to Red.
Direct conflicting fact: Mira points to Blue.
Question: Which label is associated with Mira: Red or Blue?
Answer with exactly one word:",1.7079935,1.388737,1.9723316,0.0042750835,-0.39658833,0.09227276,4.598576,0.2974174,-0.20277238,-0.4613856,-2.13434,-3.0682373,-2.0502815,-1.6958041,-1.5936382
g018_closure_update,18,4,2,closure_update,structure_changing,closure,Red,Blue,Green,"You are given a small relation graph.
Fact 1: Mira is part of Nero.
Old record: Nero points to Red.
Updated record: Nero points to Blue, not Red.
Question: Which label is associated with Mira: Red or Blue?
Answer with exactly one word:",1.7522093,1.1848423,1.5370449,-0.8886776,-0.9068265,-1.715683,2.550766,0.3416332,-0.406667,-0.89667237,-3.0272927,-3.5784755,-3.8582373,-3.7436142,-4.340229
g018_closure_override,18,4,2,closure_override,structure_changing,closure,Red,Blue,Green,"You are given a rule system.
General rule: items that is part of Nero receive label Red.
Override rule: in this case, items that is part of Nero receive label Blue.
Fact: Mira is part of Nero.
Question: Which label applies to Mira: Red or Blue?
Answer with exactly one word:",1.8341113,1.3910564,1.7491074,-1.0289733,-2.1745543,-3.4894552,0.6828499,0.42353523,-0.20045292,-0.6846099,-3.1675885,-4.8462033,-5.6320095,-5.6115303,-6.961362
g018_exception_override,18,4,2,exception_override,structure_changing,closure,Red,Blue,Green,"You are given a rule system.
General rule: items connected to Nero use label Red.
Exception: Mira is a special case and uses label Blue.
Fact: Mira is connected to Nero.
Question: Which label applies to Mira: Red or Blue?
Answer with exactly one word:",2.0969687,1.6922315,2.2999368,-0.35758305,-2.076376,-2.5310373,1.0774431,0.68639255,0.10072219,-0.13378048,-2.4961982,-4.748025,-4.6735916,-5.216937,-5.815154
g019_clean,19,4,3,clean,clean,stable,Green,Yellow,North,"You are given a small relation graph.
Fact 1: Mira is grouped under Nero.
Fact 2: Nero has label Green.
Question: Which label is associated with Mira: Green or Yellow?
Answer with exactly one word:",-0.9053453,-0.19001645,0.98916554,2.6654167,5.9531937,6.0324516,7.553141,0.0,0.0,0.0,0.0,0.0,0.0,0.0,2.8346574
g019_rename,19,4,3,rename,relation_preserving,stable,Green,Yellow,North,"Consider a tiny mapping network.
Link one: Mira is grouped under Nero.
Link two: Nero has label Green.
Choose the label reached from Mira: Green or Yellow.
One word answer:",-0.14052963,0.119291395,1.1119089,3.318606,5.9583745,8.370222,8.663696,0.7648157,0.30930784,0.12274337,0.6531892,0.0051808357,2.3377705,1.1105552,5.071254
g019_permuted,19,4,3,permuted,relation_preserving,stable,Green,Yellow,North,"You are given a small relation graph.
Fact 2: Nero has label Green.
Fact 1: Mira is grouped under Nero.
Question: Which label is associated with Mira: Green or Yellow?
Answer with exactly one word:",-1.1665493,-0.55081356,0.29785442,1.5645018,4.5735826,4.4678316,6.3010945,-0.261204,-0.3607971,-0.6913111,-1.100915,-1.379611,-1.56462,-1.2520466,0.09435463
g019_redundant,19,4,3,redundant,relation_preserving,stable,Green,Yellow,North,"You are given a small relation graph.
Fact 1: Mira is grouped under Nero.
Fact 2: Nero has label Green.
Repeated confirmation: Mira still goes through Nero.
Repeated confirmation: Nero still points to Green.
Question: Which label is associated with Mira: Green or Yellow?
Answer with exactly one word:",-0.81914693,-0.5352428,0.44205618,2.2569032,4.928632,4.434343,6.5593743,0.08619839,-0.34522635,-0.54710937,-0.40851355,-1.0245619,-1.5981088,-0.9937668,0.66762924
g019_irrelevant,19,4,3,irrelevant,relation_preserving,stable,Green,Yellow,North,"You are given a small relation graph.
Fact 1: Mira is grouped under Nero.
Fact 2: Nero has label Green.
Irrelevant fact: Orin is associated with North.
Question: Which label is associated with Mira: Green or Yellow?
Answer with exactly one word:",-0.7955166,-0.3771186,0.58096147,2.6467438,6.123371,6.53957,8.0251665,0.10982871,-0.18710214,-0.40820408,-0.018672943,0.17017746,0.5071182,0.4720254,3.3989162
g019_paraphrase,19,4,3,paraphrase,relation_preserving,stable,Green,Yellow,North,"In this example, Mira reaches Nero.
The destination connected to Nero is Green.
Based on those two links, select the label for Mira: Green or Yellow.
Answer:",-0.022608042,-0.11963475,0.7992089,3.014959,5.5925183,7.7190437,7.525803,0.8827373,0.0703817,-0.18995667,0.34954238,-0.36067533,1.6865921,-0.027338028,3.7745705
g019_weak_distractor,19,4,3,weak_distractor,structure_changing,stable_shift,Green,Yellow,North,"You are given a small relation graph.
Fact 1: Mira is grouped under Nero.
Fact 2: Nero has label Green.
Weak note: some unrelated source mentions Yellow, but does not update the graph.
Question: Which label is associated with Mira: Green or Yellow?
Answer with exactly one word:",-1.0232496,-1.208364,0.033495545,1.7375479,4.672226,5.509555,8.1743355,-0.117904305,-1.0183475,-0.95567,-0.92786884,-1.2809677,-0.52289677,0.62119436,1.70623
g019_competition_balanced,19,4,3,competition_balanced,structure_changing,competition,Green,Yellow,North,"You are given a small relation graph.
Fact 1: Mira is grouped under Nero.
Fact 2: Nero has label Green.
Competing fact: Mira is also associated with Yellow.
Question: Which label is associated with Mira: Green or Yellow?
Answer with exactly one word:",-1.2315428,-1.2678196,0.06291664,-0.8293593,2.8008494,4.5827937,6.1020675,-0.3261975,-1.0778031,-0.9262489,-3.494776,-3.1523442,-1.4496579,-1.4510736,-1.7991135
g019_direct_conflict,19,4,3,direct_conflict,structure_changing,competition,Green,Yellow,North,"You are given a small relation graph.
Fact 1: Mira is grouped under Nero.
Fact 2: Nero has label Green.
Direct conflicting fact: Mira has label Yellow.
Question: Which label is associated with Mira: Green or Yellow?
Answer with exactly one word:",-1.2483807,-1.4056323,-0.27675295,-1.4018209,1.224791,2.6204453,4.756402,-0.34303534,-1.2156157,-1.2659185,-4.067238,-4.7284026,-3.4120064,-2.796739,-4.6580276
g019_closure_update,19,4,3,closure_update,structure_changing,closure,Green,Yellow,North,"You are given a small relation graph.
Fact 1: Mira is grouped under Nero.
Old record: Nero has label Green.
Updated record: Nero has label Yellow, not Green.
Question: Which label is associated with Mira: Green or Yellow?
Answer with exactly one word:",-1.2115318,-1.8730463,-0.87543714,-2.280116,-1.1653895,-1.6216984,1.0111289,-0.30618644,-1.6830299,-1.8646027,-4.945533,-7.118583,-7.65415,-6.542012,-10.628621
g019_closure_override,19,4,3,closure_override,structure_changing,closure,Green,Yellow,North,"You are given a rule system.
General rule: items that is grouped under Nero receive label Green.
Override rule: in this case, items that is grouped under Nero receive label Yellow.
Fact: Mira is grouped under Nero.
Question: Which label applies to Mira: Green or Yellow?
Answer with exactly one word:",-1.0203958,-1.2284579,-0.0858624,-0.4425578,1.5152359,0.6029625,2.8565607,-0.115050435,-1.0384414,-1.075028,-3.1079745,-4.437958,-5.429489,-4.6965804,-6.2577524
g019_exception_override,19,4,3,exception_override,structure_changing,closure,Green,Yellow,North,"You are given a rule system.
General rule: items connected to Nero use label Green.
Exception: Mira is a special case and uses label Yellow.
Fact: Mira is connected to Nero.
Question: Which label applies to Mira: Green or Yellow?
Answer with exactly one word:",-1.0202055,-1.0604163,-0.38464606,-0.6403003,0.8430195,1.60147,2.872817,-0.11486018,-0.8703999,-1.3738116,-3.305717,-5.110174,-4.4309816,-4.680324,-6.0821466
g020_clean,20,5,0,clean,clean,stable,North,South,East,"You are given a small relation graph.
Fact 1: Pia belongs to Quin.
Fact 2: Quin is located at North.
Question: Which label is associated with Pia: North or South?
Answer with exactly one word:",-0.3077675,1.865907,1.8032701,-1.3540335,-0.75144863,-0.77563477,-1.2085915,0.0,0.0,0.0,0.0,0.0,0.0,0.0,2.8346574
g020_rename,20,5,0,rename,relation_preserving,stable,North,South,East,"Consider a tiny mapping network.
Link one: Pia belongs to Quin.
Link two: Quin is located at North.
Choose the label reached from Pia: North or South.
One word answer:",0.06011367,2.4231968,1.4844863,0.6275263,0.23313332,0.3177414,-0.66589737,0.36788118,0.55728984,-0.31878376,1.9815598,0.98458195,1.0933762,0.5426941,5.013726
g020_permuted,20,5,0,permuted,relation_preserving,stable,North,South,East,"You are given a small relation graph.
Fact 2: Quin is located at North.
Fact 1: Pia belongs to Quin.
Question: Which label is associated with Pia: North or South?
Answer with exactly one word:",-0.08502376,2.0572062,1.6923695,-1.2861986,-0.81693745,-0.5824585,-0.987772,0.22274375,0.1912992,-0.11090064,0.067834854,-0.065488815,0.19317627,0.22081947,3.061106
g020_redundant,20,5,0,redundant,relation_preserving,stable,North,South,East,"You are given a small relation graph.
Fact 1: Pia belongs to Quin.
Fact 2: Quin is located at North.
Repeated confirmation: Pia still goes through Quin.
Repeated confirmation: Quin still points to North.
Question: Which label is associated with Pia: North or South?
Answer with exactly one word:",-0.22428447,1.3524737,1.5196872,-0.79805565,0.035541534,0.3721962,-0.34549713,0.08348304,-0.5134332,-0.28358293,0.5559778,0.78699017,1.147831,0.86309433,4.484822
g020_irrelevant,20,5,0,irrelevant,relation_preserving,stable,North,South,East,"You are given a small relation graph.
Fact 1: Pia belongs to Quin.
Fact 2: Quin is located at North.
Irrelevant fact: Rhea is associated with East.
Question: Which label is associated with Pia: North or South?
Answer with exactly one word:",-0.28727144,1.9548473,1.7717872,-1.0288687,-0.6467552,-0.047348022,-0.62555313,0.02049607,0.08894038,-0.031482935,0.3251648,0.10469341,0.72828674,0.58303833,3.7383454
g020_paraphrase,20,5,0,paraphrase,relation_preserving,stable,North,South,East,"In this example, Pia reaches Quin.
The destination connected to Quin is North.
Based on those two links, select the label for Pia: North or South.
Answer:",-0.7224355,0.24178815,0.90509653,2.9283886,3.1744852,3.838501,2.55299,-0.41466796,-1.6241188,-0.8981736,4.282422,3.9259338,4.6141357,3.7615814,10.821076
g020_weak_distractor,20,5,0,weak_distractor,structure_changing,stable_shift,North,South,East,"You are given a small relation graph.
Fact 1: Pia belongs to Quin.
Fact 2: Quin is located at North.
Weak note: some unrelated source mentions South, but does not update the graph.
Question: Which label is associated with Pia: North or South?
Answer with exactly one word:",-0.14424807,1.4046007,1.3310618,-0.82955694,-0.38048172,-0.13142014,-0.5158367,0.16351944,-0.4613062,-0.47220826,0.5244765,0.3709669,0.64421463,0.69275475,3.8772964
g020_competition_balanced,20,5,0,competition_balanced,structure_changing,competition,North,South,East,"You are given a small relation graph.
Fact 1: Pia belongs to Quin.
Fact 2: Quin is located at North.
Competing fact: Pia is also associated with South.
Question: Which label is associated with Pia: North or South?
Answer with exactly one word:",-0.2870493,0.4634738,0.05585456,-3.3120804,-3.1001635,-2.357048,-3.4516296,0.020718217,-1.4024332,-1.7474155,-1.9580469,-2.3487148,-1.5814133,-2.2430382,-1.3807814
g020_direct_conflict,20,5,0,direct_conflict,structure_changing,competition,North,South,East,"You are given a small relation graph.
Fact 1: Pia belongs to Quin.
Fact 2: Quin is located at North.
Direct conflicting fact: Pia is located at South.
Question: Which label is associated with Pia: North or South?
Answer with exactly one word:",-0.52083445,0.6996765,0.47027802,-3.0518427,-3.1617413,-2.984768,-3.7276306,-0.21306694,-1.1662304,-1.3329921,-1.6978092,-2.4102926,-2.2091331,-2.5190392,-1.7679765
g020_closure_update,20,5,0,closure_update,structure_changing,closure,North,South,East,"You are given a small relation graph.
Fact 1: Pia belongs to Quin.
Old record: Quin is located at North.
Updated record: Quin is located at South, not North.
Question: Which label is associated with Pia: North or South?
Answer with exactly one word:",-0.41852903,-1.1399939,-1.5072889,-5.2881308,-5.5941277,-5.3493195,-6.622183,-0.11076152,-3.0059009,-3.310559,-3.9340973,-4.842679,-4.5736847,-5.4135914,-6.9705076
g020_closure_override,20,5,0,closure_override,structure_changing,closure,North,South,East,"You are given a rule system.
General rule: items that belongs to Quin receive label North.
Override rule: in this case, items that belongs to Quin receive label South.
Fact: Pia belongs to Quin.
Question: Which label applies to Pia: North or South?
Answer with exactly one word:",-0.59092015,-0.5352429,-1.6508316,-4.594298,-4.962679,-4.55455,-6.353546,-0.28315264,-2.4011497,-3.4541016,-3.2402644,-4.2112303,-3.7789154,-5.1449547,-5.768794
g020_exception_override,20,5,0,exception_override,structure_changing,closure,North,South,East,"You are given a rule system.
General rule: items connected to Quin use label North.
Exception: Pia is a special case and uses label South.
Fact: Pia is connected to Quin.
Question: Which label applies to Pia: North or South?
Answer with exactly one word:",-0.46343997,0.29352713,-0.4323876,-3.1260839,-3.8145165,-3.3567677,-5.0667343,-0.15567246,-1.5723798,-2.2356577,-1.7720504,-3.063068,-2.581133,-3.8581429,-3.1181018
g021_clean,21,5,1,clean,clean,stable,East,West,Copper,"You are given a small relation graph.
Fact 1: Pia is assigned to Quin.
Fact 2: Quin maps to East.
Question: Which label is associated with Pia: East or West?
Answer with exactly one word:",1.0876182,1.8627256,2.7123682,3.4020028,4.9236565,6.4121046,9.326313,0.0,0.0,0.0,0.0,0.0,0.0,0.0,2.8346574
g021_rename,21,5,1,rename,relation_preserving,stable,East,West,Copper,"Consider a tiny mapping network.
Link one: Pia is assigned to Quin.
Link two: Quin maps to East.
Choose the label reached from Pia: East or West.
One word answer:",0.76061016,1.7215649,3.6902976,3.9804,4.4940033,6.0484467,9.603676,-0.32700807,-0.14116073,0.97792935,0.5783973,-0.42965317,-0.36365795,0.27736282,2.8544044
g021_permuted,21,5,1,permuted,relation_preserving,stable,East,West,Copper,"You are given a small relation graph.
Fact 2: Quin maps to East.
Fact 1: Pia is assigned to Quin.
Question: Which label is associated with Pia: East or West?
Answer with exactly one word:",1.2123001,2.0075104,3.1065078,3.0007362,4.8238544,6.361511,9.23827,0.12468183,0.14478481,0.39413953,-0.40126657,-0.09980202,-0.050593376,-0.08804321,2.6032336
g021_redundant,21,5,1,redundant,relation_preserving,stable,East,West,Copper,"You are given a small relation graph.
Fact 1: Pia is assigned to Quin.
Fact 2: Quin maps to East.
Repeated confirmation: Pia still goes through Quin.
Repeated confirmation: Quin still points to East.
Question: Which label is associated with Pia: East or West?
Answer with exactly one word:",0.96695065,1.2803733,2.2650814,4.596435,5.8901625,7.646058,10.333866,-0.12066758,-0.5823523,-0.44728684,1.1944323,0.966506,1.2339535,1.0075531,4.921364
g021_irrelevant,21,5,1,irrelevant,relation_preserving,stable,East,West,Copper,"You are given a small relation graph.
Fact 1: Pia is assigned to Quin.
Fact 2: Quin maps to East.
Irrelevant fact: Rhea is associated with Copper.
Question: Which label is associated with Pia: East or West?
Answer with exactly one word:",1.2897385,2.0413592,3.0320473,3.2119317,4.4915247,5.8503532,8.7184,0.2021203,0.17863357,0.31967902,-0.1900711,-0.43213177,-0.56175137,-0.607913,1.9581981
g021_paraphrase,21,5,1,paraphrase,relation_preserving,stable,East,West,Copper,"In this example, Pia reaches Quin.
The destination connected to Quin is East.
Based on those two links, select the label for Pia: East or West.
Answer:",2.034406,2.42497,3.427804,6.229998,8.022158,10.048512,13.386668,0.9467877,0.5622443,0.71543574,2.8279953,3.0985012,3.6364079,4.060355,9.746593
g021_weak_distractor,21,5,1,weak_distractor,structure_changing,stable_shift,East,West,Copper,"You are given a small relation graph.
Fact 1: Pia is assigned to Quin.
Fact 2: Quin maps to East.
Weak note: some unrelated source mentions West, but does not update the graph.
Question: Which label is associated with Pia: East or West?
Answer with exactly one word:",0.8536947,0.92499846,1.690696,2.08883,3.7740345,5.6282663,8.433089,-0.23392355,-0.93772715,-1.0216722,-1.3131728,-1.149622,-0.7838383,-0.89322376,0.69517326
g021_competition_balanced,21,5,1,competition_balanced,structure_changing,competition,East,West,Copper,"You are given a small relation graph.
Fact 1: Pia is assigned to Quin.
Fact 2: Quin maps to East.
Competing fact: Pia is also associated with West.
Question: Which label is associated with Pia: East or West?
Answer with exactly one word:",0.9817647,0.25428462,1.1894323,0.31568336,2.1980355,4.245303,6.6432047,-0.10585356,-1.608441,-1.522936,-3.0863194,-2.725621,-2.1668015,-2.6831083,-2.5647857
g021_direct_conflict,21,5,1,direct_conflict,structure_changing,competition,East,West,Copper,"You are given a small relation graph.
Fact 1: Pia is assigned to Quin.
Fact 2: Quin maps to East.
Direct conflicting fact: Pia maps to West.
Question: Which label is associated with Pia: East or West?
Answer with exactly one word:",0.6809201,0.48729134,1.2616694,-0.074100494,0.97520804,2.9331684,5.714469,-0.4066981,-1.3754343,-1.4506989,-3.4761033,-3.9484484,-3.4789362,-3.611844,-4.53189
g021_closure_update,21,5,1,closure_update,structure_changing,closure,East,West,Copper,"You are given a small relation graph.
Fact 1: Pia is assigned to Quin.
Old record: Quin maps to East.
Updated record: Quin maps to West, not East.
Question: Which label is associated with Pia: East or West?
Answer with exactly one word:",0.48459405,0.16826236,0.12525201,-1.5161855,-0.5186262,0.6131506,3.3266745,-0.6030242,-1.6944633,-2.5871162,-4.918188,-5.4422827,-5.798954,-5.9996386,-8.516543
g021_closure_override,21,5,1,closure_override,structure_changing,closure,East,West,Copper,"You are given a rule system.
General rule: items that is assigned to Quin receive label East.
Override rule: in this case, items that is assigned to Quin receive label West.
Fact: Pia is assigned to Quin.
Question: Which label applies to Pia: East or West?
Answer with exactly one word:",0.8088697,0.22644061,1.1366502,0.44079804,1.0843871,2.6097507,5.1915655,-0.2787485,-1.6362851,-1.575718,-2.9612048,-3.8392694,-3.8023539,-4.1347475,-4.759618
g021_exception_override,21,5,1,exception_override,structure_changing,closure,East,West,Copper,"You are given a rule system.
General rule: items connected to Quin use label East.
Exception: Pia is a special case and uses label West.
Fact: Pia is connected to Quin.
Question: Which label applies to Pia: East or West?
Answer with exactly one word:",0.7287219,0.7293793,2.0095031,1.964638,1.8302569,3.529089,6.0591373,-0.35889632,-1.1333463,-0.7028651,-1.4373648,-3.0933995,-2.8830156,-3.2671757,-2.714208
g022_clean,22,5,2,clean,clean,stable,Copper,Silver,Gold,"You are given a small relation graph.
Fact 1: Pia is part of Quin.
Fact 2: Quin points to Copper.
Question: Which label is associated with Pia: Copper or Silver?
Answer with exactly one word:",-0.4171847,0.3666098,0.47094297,-1.0512104,0.26895237,3.1501417,-1.8174343,0.0,0.0,0.0,0.0,0.0,0.0,0.0,2.8346574
g022_rename,22,5,2,rename,relation_preserving,stable,Copper,Silver,Gold,"Consider a tiny mapping network.
Link one: Pia is part of Quin.
Link two: Quin points to Copper.
Choose the label reached from Pia: Copper or Silver.
One word answer:",-1.1815269,-0.6345273,-1.0381954,-1.4241254,-0.98903,-0.35843992,-1.8663173,-0.7643422,-1.0011371,-1.5091383,-0.37291503,-1.2579824,-3.5085816,-0.04888296,-0.21788478
g022_permuted,22,5,2,permuted,relation_preserving,stable,Copper,Silver,Gold,"You are given a small relation graph.
Fact 2: Quin points to Copper.
Fact 1: Pia is part of Quin.
Question: Which label is associated with Pia: Copper or Silver?
Answer with exactly one word:",-0.6010332,0.18608749,0.15330923,-2.4583879,-1.8900001,0.34024477,-3.7786157,-0.1838485,-0.18052232,-0.31763375,-1.4071774,-2.1589525,-2.809897,-1.9611814,-1.4445684
g022_redundant,22,5,2,redundant,relation_preserving,stable,Copper,Silver,Gold,"You are given a small relation graph.
Fact 1: Pia is part of Quin.
Fact 2: Quin points to Copper.
Repeated confirmation: Pia still goes through Quin.
Repeated confirmation: Quin still points to Copper.
Question: Which label is associated with Pia: Copper or Silver?
Answer with exactly one word:",-0.70863605,0.21129751,0.10301983,-0.44096702,0.2464816,3.2332392,-1.3423066,-0.29145133,-0.1553123,-0.36792314,0.6102434,-0.022470772,0.08309746,0.4751277,3.3027756
g022_irrelevant,22,5,2,irrelevant,relation_preserving,stable,Copper,Silver,Gold,"You are given a small relation graph.
Fact 1: Pia is part of Quin.
Fact 2: Quin points to Copper.
Irrelevant fact: Rhea is associated with Gold.
Question: Which label is associated with Pia: Copper or Silver?
Answer with exactly one word:",-0.8909223,-0.3837763,0.66633016,-2.5818193,-1.7453716,-2.0728865,-5.394533,-0.4737376,-0.7503861,0.19538718,-1.5306089,-2.014324,-5.223028,-3.5770988,-3.6535704
g022_paraphrase,22,5,2,paraphrase,relation_preserving,stable,Copper,Silver,Gold,"In this example, Pia reaches Quin.
The destination connected to Quin is Copper.
Based on those two links, select the label for Pia: Copper or Silver.
Answer:",-3.0373707,-2.9128728,-2.0324688,-0.61695004,2.0671506,4.4868984,0.1996212,-2.6201859,-3.2794826,-2.5034118,0.43426037,1.7981982,1.3367567,2.0170555,5.191251
g022_weak_distractor,22,5,2,weak_distractor,structure_changing,stable_shift,Copper,Silver,Gold,"You are given a small relation graph.
Fact 1: Pia is part of Quin.
Fact 2: Quin points to Copper.
Weak note: some unrelated source mentions Silver, but does not update the graph.
Question: Which label is associated with Pia: Copper or Silver?
Answer with exactly one word:",-0.6953819,0.12981653,0.5272937,-2.1922667,-0.95985985,0.5496335,-3.298893,-0.27819717,-0.23679328,0.056350708,-1.1410563,-1.2288122,-2.6005082,-1.4814587,-0.49624944
g022_competition_balanced,22,5,2,competition_balanced,structure_changing,competition,Copper,Silver,Gold,"You are given a small relation graph.
Fact 1: Pia is part of Quin.
Fact 2: Quin points to Copper.
Competing fact: Pia is also associated with Silver.
Question: Which label is associated with Pia: Copper or Silver?
Answer with exactly one word:",-1.1594927,-0.23677504,-0.20767951,-4.7725716,-4.177938,-3.3682709,-6.7413583,-0.742308,-0.60338485,-0.6786225,-3.7213612,-4.4468904,-6.5184126,-4.923924,-7.2014656
g022_direct_conflict,22,5,2,direct_conflict,structure_changing,competition,Copper,Silver,Gold,"You are given a small relation graph.
Fact 1: Pia is part of Quin.
Fact 2: Quin points to Copper.
Direct conflicting fact: Pia points to Silver.
Question: Which label is associated with Pia: Copper or Silver?
Answer with exactly one word:",-1.4045694,-0.70205903,-0.27675462,-5.40888,-5.801078,-4.801611,-7.1994658,-0.9873847,-1.0686688,-0.7476976,-4.35767,-6.07003,-7.9517527,-5.3820314,-9.348158
g022_closure_update,22,5,2,closure_update,structure_changing,closure,Copper,Silver,Gold,"You are given a small relation graph.
Fact 1: Pia is part of Quin.
Old record: Quin points to Copper.
Updated record: Quin points to Silver, not Copper.
Question: Which label is associated with Pia: Copper or Silver?
Answer with exactly one word:",-1.1712364,-0.7057878,-0.50699365,-6.0311804,-6.6676717,-8.304869,-9.713542,-0.7540517,-1.0723976,-0.9779366,-4.97997,-6.936624,-11.45501,-7.8961077,-13.357088
g022_closure_override,22,5,2,closure_override,structure_changing,closure,Copper,Silver,Gold,"You are given a rule system.
General rule: items that is part of Quin receive label Copper.
Override rule: in this case, items that is part of Quin receive label Silver.
Fact: Pia is part of Quin.
Question: Which label applies to Pia: Copper or Silver?
Answer with exactly one word:",-0.7945075,-0.6807964,0.018528938,-4.9507627,-7.345778,-8.125755,-9.937862,-0.3773228,-1.0474062,-0.45241404,-3.8995523,-7.6147304,-11.275897,-8.120428,-13.216028
g022_exception_override,22,5,2,exception_override,structure_changing,closure,Copper,Silver,Gold,"You are given a rule system.
General rule: items connected to Quin use label Copper.
Exception: Pia is a special case and uses label Silver.
Fact: Pia is connected to Quin.
Question: Which label applies to Pia: Copper or Silver?
Answer with exactly one word:",-0.7752323,-0.55176336,-0.14549601,-4.730037,-6.198722,-6.569887,-8.629739,-0.3580476,-0.91837317,-0.616439,-3.6788268,-6.4676743,-9.720029,-6.8123045,-11.005563
g023_clean,23,5,3,clean,clean,stable,Gold,Iron,Red,"You are given a small relation graph.
Fact 1: Pia is grouped under Quin.
Fact 2: Quin has label Gold.
Question: Which label is associated with Pia: Gold or Iron?
Answer with exactly one word:",3.0936408,2.3793604,0.17563546,-0.08228892,-0.49825907,0.6606889,0.2487402,0.0,0.0,0.0,0.0,0.0,0.0,0.0,2.8346574
g023_rename,23,5,3,rename,relation_preserving,stable,Gold,Iron,Red,"Consider a tiny mapping network.
Link one: Pia is grouped under Quin.
Link two: Quin has label Gold.
Choose the label reached from Pia: Gold or Iron.
One word answer:",2.873416,3.4325697,1.5721593,2.8874364,2.2823257,3.773036,1.5775981,-0.22022486,1.0532093,1.3965238,2.9697254,2.7805848,3.1123471,1.3288579,8.028889
g023_permuted,23,5,3,permuted,relation_preserving,stable,Gold,Iron,Red,"You are given a small relation graph.
Fact 2: Quin has label Gold.
Fact 1: Pia is grouped under Quin.
Question: Which label is associated with Pia: Gold or Iron?
Answer with exactly one word:",3.3701913,3.0652518,0.68842864,0.60728115,0.61002207,1.304265,0.8954339,0.27655053,0.6858914,0.5127932,0.68957007,1.1082811,0.64357615,0.6466937,4.44137
g023_redundant,23,5,3,redundant,relation_preserving,stable,Gold,Iron,Red,"You are given a small relation graph.
Fact 1: Pia is grouped under Quin.
Fact 2: Quin has label Gold.
Repeated confirmation: Pia still goes through Quin.
Repeated confirmation: Quin still points to Gold.
Question: Which label is associated with Pia: Gold or Iron?
Answer with exactly one word:",3.077374,2.0056326,-0.3218056,-0.05861324,-0.7834487,0.051398277,-0.08699632,-0.016266823,-0.3737278,-0.49744105,0.02367568,-0.28518963,-0.6092906,-0.3357365,2.108179
g023_irrelevant,23,5,3,irrelevant,relation_preserving,stable,Gold,Iron,Red,"You are given a small relation graph.
Fact 1: Pia is grouped under Quin.
Fact 2: Quin has label Gold.
Irrelevant fact: Rhea is associated with Red.
Question: Which label is associated with Pia: Gold or Iron?
Answer with exactly one word:",3.6818714,2.3888545,0.32921553,-0.42005843,-1.5022354,0.21138096,0.014848232,0.5882306,0.009494066,0.15358007,-0.3377695,-1.0039763,-0.44930792,-0.23389196,1.8604517
g023_paraphrase,23,5,3,paraphrase,relation_preserving,stable,Gold,Iron,Red,"In this example, Pia reaches Quin.
The destination connected to Quin is Gold.
Based on those two links, select the label for Pia: Gold or Iron.
Answer:",4.013072,4.318251,3.0098586,5.9470086,4.9721575,7.05179,4.36065,0.9194312,1.9388907,2.8342233,6.0292974,5.4704165,6.3911014,4.11191,14.066257
g023_weak_distractor,23,5,3,weak_distractor,structure_changing,stable_shift,Gold,Iron,Red,"You are given a small relation graph.
Fact 1: Pia is grouped under Quin.
Fact 2: Quin has label Gold.
Weak note: some unrelated source mentions Iron, but does not update the graph.
Question: Which label is associated with Pia: Gold or Iron?
Answer with exactly one word:",3.4102075,2.2757778,0.8957145,1.0297008,-0.17970729,1.7046146,2.6782944,0.3165667,-0.10358262,0.72007906,1.1119897,0.31855178,1.0439258,2.4295542,5.3317995
g023_competition_balanced,23,5,3,competition_balanced,structure_changing,competition,Gold,Iron,Red,"You are given a small relation graph.
Fact 1: Pia is grouped under Quin.
Fact 2: Quin has label Gold.
Competing fact: Pia is also associated with Iron.
Question: Which label is associated with Pia: Gold or Iron?
Answer with exactly one word:",3.3865395,2.2800477,0.4224006,-1.9842999,-2.3381543,-0.4435339,0.17003489,0.29289865,-0.09931278,0.24676514,-1.9020109,-1.8398952,-1.1042228,-0.07870531,0.5373266
g023_direct_conflict,23,5,3,direct_conflict,structure_changing,competition,Gold,Iron,Red,"You are given a small relation graph.
Fact 1: Pia is grouped under Quin.
Fact 2: Quin has label Gold.
Direct conflicting fact: Pia has label Iron.
Question: Which label is associated with Pia: Gold or Iron?
Answer with exactly one word:",3.44114,2.165042,-0.026732206,-3.1448765,-5.485384,-3.8326726,-2.2384443,0.34749913,-0.21431851,-0.20236766,-3.0625875,-4.987125,-4.4933615,-2.4871845,-4.6935453
g023_closure_update,23,5,3,closure_update,structure_changing,closure,Gold,Iron,Red,"You are given a small relation graph.
Fact 1: Pia is grouped under Quin.
Old record: Quin has label Gold.
Updated record: Quin has label Iron, not Gold.
Question: Which label is associated with Pia: Gold or Iron?
Answer with exactly one word:",3.4099972,2.1672344,-1.2971418,-5.03416,-7.234579,-8.704981,-6.3473644,0.31635642,-0.21212602,-1.4727772,-4.9518714,-6.73632,-9.365669,-6.5961046,-11.3344755
g023_closure_override,23,5,3,closure_override,structure_changing,closure,Gold,Iron,Red,"You are given a rule system.
General rule: items that is grouped under Quin receive label Gold.
Override rule: in this case, items that is grouped under Quin receive label Iron.
Fact: Pia is grouped under Quin.
Question: Which label applies to Pia: Gold or Iron?
Answer with exactly one word:",3.6073751,2.6272616,-0.106232405,-3.7235963,-5.3815117,-8.355578,-7.092937,0.51373434,0.2479012,-0.28186786,-3.6413074,-4.8832526,-9.016268,-7.341677,-9.9589405
g023_exception_override,23,5,3,exception_override,structure_changing,closure,Gold,Iron,Red,"You are given a rule system.
General rule: items connected to Quin use label Gold.
Exception: Pia is a special case and uses label Iron.
Fact: Pia is connected to Quin.
Question: Which label applies to Pia: Gold or Iron?
Answer with exactly one word:",3.736629,3.14952,0.6383668,-2.7488723,-5.195389,-6.925354,-6.2075195,0.6429882,0.7701595,0.46273136,-2.6665833,-4.6971297,-7.586043,-6.4562597,-8.096313
g024_clean,24,6,0,clean,clean,stable,Red,Blue,Green,"You are given a small relation graph.
Fact 1: Sola belongs to Taro.
Fact 2: Taro is located at Red.
Question: Which label is associated with Sola: Red or Blue?
Answer with exactly one word:",1.2528342,1.5454462,1.5650655,1.2737966,1.2904449,1.1273141,5.2143,0.0,0.0,0.0,0.0,0.0,0.0,0.0,2.8346574
g024_rename,24,6,0,rename,relation_preserving,stable,Red,Blue,Green,"Consider a tiny mapping network.
Link one: Sola belongs to Taro.
Link two: Taro is located at Red.
Choose the label reached from Sola: Red or Blue.
One word answer:",0.9453554,1.7102569,2.1198335,4.734824,5.2879677,5.6306257,8.812482,-0.3074788,0.16481078,0.55476797,3.4610276,3.9975228,4.5033116,3.5981817,10.639241
g024_permuted,24,6,0,permuted,relation_preserving,stable,Red,Blue,Green,"You are given a small relation graph.
Fact 2: Taro is located at Red.
Fact 1: Sola belongs to Taro.
Question: Which label is associated with Sola: Red or Blue?
Answer with exactly one word:",1.5391686,1.8495293,2.3538444,2.1193454,2.345521,1.8569136,6.003608,0.2863344,0.3040831,0.7887789,0.84554887,1.0550761,0.7295995,0.7893081,4.599636
g024_redundant,24,6,0,redundant,relation_preserving,stable,Red,Blue,Green,"You are given a small relation graph.
Fact 1: Sola belongs to Taro.
Fact 2: Taro is located at Red.
Repeated confirmation: Sola still goes through Taro.
Repeated confirmation: Taro still points to Red.
Question: Which label is associated with Sola: Red or Blue?
Answer with exactly one word:",1.0192717,0.9331675,1.8167518,3.4971194,3.5673919,3.32345,7.112859,-0.23356247,-0.61227864,0.25168633,2.2233229,2.276947,2.196136,1.8985586,7.0322027
g024_irrelevant,24,6,0,irrelevant,relation_preserving,stable,Red,Blue,Green,"You are given a small relation graph.
Fact 1: Sola belongs to Taro.
Fact 2: Taro is located at Red.
Irrelevant fact: Una is associated with Green.
Question: Which label is associated with Sola: Red or Blue?
Answer with exactly one word:",1.2368364,1.7179333,1.6360513,1.5680604,1.3785877,0.007903099,4.710617,-0.015997767,0.17248714,0.070985794,0.29426384,0.08814287,-1.119411,-0.5036831,2.097456
g024_paraphrase,24,6,0,paraphrase,relation_preserving,stable,Red,Blue,Green,"In this example, Sola reaches Taro.
The destination connected to Taro is Red.
Based on those two links, select the label for Sola: Red or Blue.
Answer:",3.2743452,3.4275835,4.1734295,6.980042,7.835728,7.318361,10.78745,2.021511,1.8821373,2.608364,5.7062454,6.5452833,6.1910467,5.5731497,15.078713
g024_weak_distractor,24,6,0,weak_distractor,structure_changing,stable_shift,Red,Blue,Green,"You are given a small relation graph.
Fact 1: Sola belongs to Taro.
Fact 2: Taro is located at Red.
Weak note: some unrelated source mentions Blue, but does not update the graph.
Question: Which label is associated with Sola: Red or Blue?
Answer with exactly one word:",1.3224647,1.4102384,1.9031941,2.519812,2.1239042,2.2503424,6.7928667,0.0696305,-0.13520777,0.33812857,1.2460155,0.8334594,1.1230283,1.5785666,5.2062263
g024_competition_balanced,24,6,0,competition_balanced,structure_changing,competition,Red,Blue,Green,"You are given a small relation graph.
Fact 1: Sola belongs to Taro.
Fact 2: Taro is located at Red.
Competing fact: Sola is also associated with Blue.
Question: Which label is associated with Sola: Red or Blue?
Answer with exactly one word:",1.5290288,1.0650734,1.5795413,-0.48723078,-1.130722,-1.1647005,3.5089502,0.27619457,-0.4803728,0.014475822,-1.7610273,-2.421167,-2.2920146,-1.7053499,-1.2570856
g024_direct_conflict,24,6,0,direct_conflict,structure_changing,competition,Red,Blue,Green,"You are given a small relation graph.
Fact 1: Sola belongs to Taro.
Fact 2: Taro is located at Red.
Direct conflicting fact: Sola is located at Blue.
Question: Which label is associated with Sola: Red or Blue?
Answer with exactly one word:",1.8371028,1.5842836,2.2352695,0.31754112,-1.1839023,-0.7445612,4.2189913,0.58426857,0.038837433,0.67020404,-0.95625544,-2.474347,-1.8718753,-0.9953089,-0.26294923
g024_closure_update,24,6,0,closure_update,structure_changing,closure,Red,Blue,Green,"You are given a small relation graph.
Fact 1: Sola belongs to Taro.
Old record: Taro is located at Red.
Updated record: Taro is located at Blue, not Red.
Question: Which label is associated with Sola: Red or Blue?
Answer with exactly one word:",1.9049591,1.3069043,1.7123882,-0.79531646,-1.4658799,-2.4305258,2.5537758,0.6521249,-0.23854184,0.14732265,-2.069113,-2.7563248,-3.5578399,-2.6605244,-2.731716
g024_closure_override,24,6,0,closure_override,structure_changing,closure,Red,Blue,Green,"You are given a rule system.
General rule: items that belongs to Taro receive label Red.
Override rule: in this case, items that belongs to Taro receive label Blue.
Fact: Sola belongs to Taro.
Question: Which label applies to Sola: Red or Blue?
Answer with exactly one word:",1.836544,1.2893564,1.6013958,-1.0891004,-2.197659,-4.055483,-0.13886356,0.58370984,-0.2560898,0.036330342,-2.362897,-3.4881039,-5.182797,-5.3531637,-5.5317135
g024_exception_override,24,6,0,exception_override,structure_changing,closure,Red,Blue,Green,"You are given a rule system.
General rule: items connected to Taro use label Red.
Exception: Sola is a special case and uses label Blue.
Fact: Sola is connected to Taro.
Question: Which label applies to Sola: Red or Blue?
Answer with exactly one word:",1.9745295,1.6669921,2.1592345,-0.17130423,-2.1020746,-2.7803469,0.8264494,0.7216953,0.12154591,0.594169,-1.4451008,-3.3925195,-3.907661,-4.3878508,-3.811836
g025_clean,25,6,1,clean,clean,stable,Green,Yellow,North,"You are given a small relation graph.
Fact 1: Sola is assigned to Taro.
Fact 2: Taro maps to Green.
Question: Which label is associated with Sola: Green or Yellow?
Answer with exactly one word:",-1.096875,-0.48269695,0.47794175,0.72306323,2.8583484,3.7938204,4.611055,0.0,0.0,0.0,0.0,0.0,0.0,0.0,2.8346574
g025_rename,25,6,1,rename,relation_preserving,stable,Green,Yellow,North,"Consider a tiny mapping network.
Link one: Sola is assigned to Taro.
Link two: Taro maps to Green.
Choose the label reached from Sola: Green or Yellow.
One word answer:",-0.1500535,0.30434614,1.2586937,2.667286,5.0615015,7.2202725,7.5904136,0.94682145,0.7870431,0.78075194,1.9442227,2.2031531,3.4264522,2.9793587,8.318276
g025_permuted,25,6,1,permuted,relation_preserving,stable,Green,Yellow,North,"You are given a small relation graph.
Fact 2: Taro maps to Green.
Fact 1: Sola is assigned to Taro.
Question: Which label is associated with Sola: Green or Yellow?
Answer with exactly one word:",-1.2817807,-0.8783766,-0.0528481,0.93470407,3.4100986,4.0749454,5.1562376,-0.18490577,-0.39567965,-0.53078985,0.21164083,0.5517502,0.28112507,0.5451827,3.5477216
g025_redundant,25,6,1,redundant,relation_preserving,stable,Green,Yellow,North,"You are given a small relation graph.
Fact 1: Sola is assigned to Taro.
Fact 2: Taro maps to Green.
Repeated confirmation: Sola still goes through Taro.
Repeated confirmation: Taro still points to Green.
Question: Which label is associated with Sola: Green or Yellow?
Answer with exactly one word:",-1.1229041,-0.8214748,0.034701467,1.7225797,3.7734902,5.0860543,6.154916,-0.02602911,-0.33877784,-0.44324028,0.9995165,0.9151418,1.292234,1.5438609,5.1448355
g025_irrelevant,25,6,1,irrelevant,relation_preserving,stable,Green,Yellow,North,"You are given a small relation graph.
Fact 1: Sola is assigned to Taro.
Fact 2: Taro maps to Green.
Irrelevant fact: Una is associated with North.
Question: Which label is associated with Sola: Green or Yellow?
Answer with exactly one word:",-1.043273,-0.7592449,-0.14060748,-0.5485759,1.9083083,2.7809067,3.8009343,0.05360198,-0.27654797,-0.6185492,-1.2716391,-0.9500401,-1.0129137,-0.8101206,0.8008151
g025_paraphrase,25,6,1,paraphrase,relation_preserving,stable,Green,Yellow,North,"In this example, Sola reaches Taro.
The destination connected to Taro is Green.
Based on those two links, select the label for Sola: Green or Yellow.
Answer:",-0.17735928,-0.17619914,0.014302492,2.3177042,4.9671273,7.1909394,7.171189,0.91951567,0.3064978,-0.46363926,1.594641,2.108779,3.397119,2.560134,7.760805
g025_weak_distractor,25,6,1,weak_distractor,structure_changing,stable_shift,Green,Yellow,North,"You are given a small relation graph.
Fact 1: Sola is assigned to Taro.
Fact 2: Taro maps to Green.
Weak note: some unrelated source mentions Yellow, but does not update the graph.
Question: Which label is associated with Sola: Green or Yellow?
Answer with exactly one word:",-1.0904145,-1.1497085,-0.14584559,0.2242341,2.6597037,3.374065,5.4663296,0.0064604282,-0.66701156,-0.62378734,-0.49882913,-0.19864464,-0.41975546,0.8552747,2.631368
g025_competition_balanced,25,6,1,competition_balanced,structure_changing,competition,Green,Yellow,North,"You are given a small relation graph.
Fact 1: Sola is assigned to Taro.
Fact 2: Taro maps to Green.
Competing fact: Sola is also associated with Yellow.
Question: Which label is associated with Sola: Green or Yellow?
Answer with exactly one word:",-1.3566658,-1.2894255,-0.4361906,-1.530377,0.69424033,1.4545665,2.9132652,-0.2597909,-0.80672854,-0.91413236,-2.2534404,-2.164108,-2.339254,-1.6977897,-1.4642828
g025_direct_conflict,25,6,1,direct_conflict,structure_changing,competition,Green,Yellow,North,"You are given a small relation graph.
Fact 1: Sola is assigned to Taro.
Fact 2: Taro maps to Green.
Direct conflicting fact: Sola maps to Yellow.
Question: Which label is associated with Sola: Green or Yellow?
Answer with exactly one word:",-1.204842,-1.5885587,-0.5505041,-1.8324494,-0.33519554,-0.22880507,1.7488527,-0.10796702,-1.1058617,-1.0284458,-2.5555127,-3.193544,-4.0226254,-2.8622022,-3.6850708
g025_closure_update,25,6,1,closure_update,structure_changing,closure,Green,Yellow,North,"You are given a small relation graph.
Fact 1: Sola is assigned to Taro.
Old record: Taro maps to Green.
Updated record: Taro maps to Yellow, not Green.
Question: Which label is associated with Sola: Green or Yellow?
Answer with exactly one word:",-1.3791609,-1.7208499,-0.811843,-1.5017877,0.68507814,1.590383,2.5236382,-0.28228593,-1.238153,-1.2897847,-2.224851,-2.1732702,-2.2034373,-2.0874166,-1.6385982
g025_closure_override,25,6,1,closure_override,structure_changing,closure,Green,Yellow,North,"You are given a rule system.
General rule: items that is assigned to Taro receive label Green.
Override rule: in this case, items that is assigned to Taro receive label Yellow.
Fact: Sola is assigned to Taro.
Question: Which label applies to Sola: Green or Yellow?
Answer with exactly one word:",-1.3811123,-1.510977,-0.46791667,-0.8668097,0.5902407,-0.3372631,1.4786854,-0.28423738,-1.02828,-0.9458584,-1.589873,-2.2681077,-4.1310835,-3.1323695,-3.0523875
g025_exception_override,25,6,1,exception_override,structure_changing,closure,Green,Yellow,North,"You are given a rule system.
General rule: items connected to Taro use label Green.
Exception: Sola is a special case and uses label Yellow.
Fact: Sola is connected to Taro.
Question: Which label applies to Sola: Green or Yellow?
Answer with exactly one word:",-1.2269149,-1.3564963,-0.67324567,-0.6897583,0.64404535,1.3632736,2.6846542,-0.13003993,-0.8737994,-1.1511874,-1.4128215,-2.214303,-2.4305468,-1.9264007,-1.3540208
g026_clean,26,6,2,clean,clean,stable,North,South,East,"You are given a small relation graph.
Fact 1: Sola is part of Taro.
Fact 2: Taro points to North.
Question: Which label is associated with Sola: North or South?
Answer with exactly one word:",-0.15327415,1.8741374,2.1757383,-0.5340729,-0.21627331,0.35560036,-0.5104046,0.0,0.0,0.0,0.0,0.0,0.0,0.0,2.8346574
g026_rename,26,6,2,rename,relation_preserving,stable,North,South,East,"Consider a tiny mapping network.
Link one: Sola is part of Taro.
Link two: Taro points to North.
Choose the label reached from Sola: North or South.
One word answer:",-0.3456102,1.7859085,1.4398732,2.23458,2.5533562,2.7982388,2.509781,-0.19233605,-0.08822894,-0.7358651,2.768653,2.7696295,2.4426384,3.0201855,8.141617
g026_permuted,26,6,2,permuted,relation_preserving,stable,North,South,East,"You are given a small relation graph.
Fact 2: Taro points to North.
Fact 1: Sola is part of Taro.
Question: Which label is associated with Sola: North or South?
Answer with exactly one word:",0.033320725,1.4935333,1.281323,-1.5398021,-1.1258717,-0.56326675,-1.713726,0.18659487,-0.38060415,-0.8944154,-1.0057292,-0.90959835,-0.9188671,-1.2033215,0.7500019
g026_redundant,26,6,2,redundant,relation_preserving,stable,North,South,East,"You are given a small relation graph.
Fact 1: Sola is part of Taro.
Fact 2: Taro points to North.
Repeated confirmation: Sola still goes through Taro.
Repeated confirmation: Taro still points to North.
Question: Which label is associated with Sola: North or South?
Answer with exactly one word:",-0.17695981,1.2050343,1.4173107,-1.2542758,-0.6832142,0.15242958,-0.796196,-0.023685664,-0.66910315,-0.7584276,-0.7202029,-0.46694088,-0.20317078,-0.2857914,1.9504219
g026_irrelevant,26,6,2,irrelevant,relation_preserving,stable,North,South,East,"You are given a small relation graph.
Fact 1: Sola is part of Taro.
Fact 2: Taro points to North.
Irrelevant fact: Una is associated with East.
Question: Which label is associated with Sola: North or South?
Answer with exactly one word:",-0.28788298,1.672162,1.7681017,-1.6302567,-1.5186796,-0.5994625,-1.8363419,-0.13460883,-0.20197535,-0.40763664,-1.0961838,-1.3024063,-0.95506287,-1.3259373,0.4920118
g026_paraphrase,26,6,2,paraphrase,relation_preserving,stable,North,South,East,"In this example, Sola reaches Taro.
The destination connected to Taro is North.
Based on those two links, select the label for Sola: North or South.
Answer:",-0.41182542,0.6152961,1.3706088,3.2269006,3.6692495,4.47118,3.2029152,-0.25855127,-1.2588413,-0.8051295,3.7609735,3.8855228,4.1155796,3.7133198,10.316475
g026_weak_distractor,26,6,2,weak_distractor,structure_changing,stable_shift,North,South,East,"You are given a small relation graph.
Fact 1: Sola is part of Taro.
Fact 2: Taro points to North.
Weak note: some unrelated source mentions South, but does not update the graph.
Question: Which label is associated with Sola: North or South?
Answer with exactly one word:",-0.18303573,1.0324972,1.2674692,-0.8162041,-0.5573063,0.19441986,-0.779789,-0.029761583,-0.84164023,-0.90826917,-0.2821312,-0.34103298,-0.1611805,-0.26938438,2.189968
g026_competition_balanced,26,6,2,competition_balanced,structure_changing,competition,North,South,East,"You are given a small relation graph.
Fact 1: Sola is part of Taro.
Fact 2: Taro points to North.
Competing fact: Sola is also associated with South.
Question: Which label is associated with Sola: North or South?
Answer with exactly one word:",-0.123876035,0.2641095,0.10755324,-3.2357283,-3.596118,-2.7007847,-4.395279,0.029398113,-1.6100279,-2.068185,-2.7016554,-3.3798447,-3.056385,-3.8848743,-3.9099715
g026_direct_conflict,26,6,2,direct_conflict,structure_changing,competition,North,South,East,"You are given a small relation graph.
Fact 1: Sola is part of Taro.
Fact 2: Taro points to North.
Direct conflicting fact: Sola points to South.
Question: Which label is associated with Sola: North or South?
Answer with exactly one word:",-0.44811884,0.56654406,0.6996238,-2.9806128,-3.4150581,-3.2906094,-5.004017,-0.2948447,-1.3075933,-1.4761145,-2.4465399,-3.1987848,-3.6462097,-4.4936123,-4.3095407
g026_closure_update,26,6,2,closure_update,structure_changing,closure,North,South,East,"You are given a small relation graph.
Fact 1: Sola is part of Taro.
Old record: Taro points to North.
Updated record: Taro points to South, not North.
Question: Which label is associated with Sola: North or South?
Answer with exactly one word:",-0.6583648,-0.755823,-1.0083296,-4.208766,-4.321806,-3.785366,-5.282032,-0.5050906,-2.6299605,-3.184068,-3.674693,-4.1055326,-4.1409664,-4.7716274,-5.904249
g026_closure_override,26,6,2,closure_override,structure_changing,closure,North,South,East,"You are given a rule system.
General rule: items that is part of Taro receive label North.
Override rule: in this case, items that is part of Taro receive label South.
Fact: Sola is part of Taro.
Question: Which label applies to Sola: North or South?
Answer with exactly one word:",-0.58735,-0.44600356,-1.713905,-4.678877,-4.885814,-4.7512436,-6.299402,-0.43407586,-2.3201408,-3.8896432,-4.144804,-4.669541,-5.106844,-5.7889977,-7.485711
g026_exception_override,26,6,2,exception_override,structure_changing,closure,North,South,East,"You are given a rule system.
General rule: items connected to Taro use label North.
Exception: Sola is a special case and uses label South.
Fact: Sola is connected to Taro.
Question: Which label applies to Sola: North or South?
Answer with exactly one word:",-0.40986884,0.15268731,-1.0452343,-3.8279672,-4.6077986,-4.215433,-5.729475,-0.2565947,-1.7214501,-3.2209725,-3.2938943,-4.3915253,-4.5710335,-5.2190704,-6.3126726
g027_clean,27,6,3,clean,clean,stable,East,West,Copper,"You are given a small relation graph.
Fact 1: Sola is grouped under Taro.
Fact 2: Taro has label East.
Question: Which label is associated with Sola: East or West?
Answer with exactly one word:",1.2618451,1.6800319,3.522132,3.8179998,5.386679,6.619235,9.604556,0.0,0.0,0.0,0.0,0.0,0.0,0.0,2.8346574
g027_rename,27,6,3,rename,relation_preserving,stable,East,West,Copper,"Consider a tiny mapping network.
Link one: Sola is grouped under Taro.
Link two: Taro has label East.
Choose the label reached from Sola: East or West.
One word answer:",1.1630626,2.4373622,4.6167355,6.6955237,7.8797684,9.741416,13.353373,-0.09878254,0.7573303,1.0946035,2.877524,2.4930892,3.122181,3.7488165,9.042885
g027_permuted,27,6,3,permuted,relation_preserving,stable,East,West,Copper,"You are given a small relation graph.
Fact 2: Taro has label East.
Fact 1: Sola is grouped under Taro.
Question: Which label is associated with Sola: East or West?
Answer with exactly one word:",1.0957772,1.4075992,3.4490776,3.0471706,4.2632165,5.650339,9.126078,-0.16606796,-0.27243268,-0.07305431,-0.7708292,-1.1234627,-0.9688959,-0.47847843,1.1526724
g027_redundant,27,6,3,redundant,relation_preserving,stable,East,West,Copper,"You are given a small relation graph.
Fact 1: Sola is grouped under Taro.
Fact 2: Taro has label East.
Repeated confirmation: Sola still goes through Taro.
Repeated confirmation: Taro still points to East.
Question: Which label is associated with Sola: East or West?
Answer with exactly one word:",1.235743,1.4511049,3.282134,6.3065166,7.4067383,8.725549,11.552362,-0.026102066,-0.22892702,-0.23999786,2.4885168,2.020059,2.1063137,1.9478064,6.967664
g027_irrelevant,27,6,3,irrelevant,relation_preserving,stable,East,West,Copper,"You are given a small relation graph.
Fact 1: Sola is grouped under Taro.
Fact 2: Taro has label East.
Irrelevant fact: Una is associated with Copper.
Question: Which label is associated with Sola: East or West?
Answer with exactly one word:",1.4082408,1.9775757,3.6943896,5.3343363,6.9500585,8.193287,11.013313,0.14639568,0.29754376,0.17225766,1.5163364,1.5633793,1.5740519,1.4087572,5.8573008
g027_paraphrase,27,6,3,paraphrase,relation_preserving,stable,East,West,Copper,"In this example, Sola reaches Taro.
The destination connected to Taro is East.
Based on those two links, select the label for Sola: East or West.
Answer:",2.0292149,2.628933,3.258199,6.5648327,8.702124,10.774567,14.270388,0.76736975,0.94890106,-0.26393294,2.7468328,3.3154445,4.1553316,4.6658316,10.364165
g027_weak_distractor,27,6,3,weak_distractor,structure_changing,stable_shift,East,West,Copper,"You are given a small relation graph.
Fact 1: Sola is grouped under Taro.
Fact 2: Taro has label East.
Weak note: some unrelated source mentions West, but does not update the graph.
Question: Which label is associated with Sola: East or West?
Answer with exactly one word:",1.0326902,0.62370956,1.750771,2.9154656,4.6714406,6.9316673,9.469966,-0.22915494,-1.0563223,-1.7713609,-0.90253425,-0.7152386,0.3124323,-0.13459015,2.0169792
g027_competition_balanced,27,6,3,competition_balanced,structure_changing,competition,East,West,Copper,"You are given a small relation graph.
Fact 1: Sola is grouped under Taro.
Fact 2: Taro has label East.
Competing fact: Sola is also associated with West.
Question: Which label is associated with Sola: East or West?
Answer with exactly one word:",1.1678213,0.21748233,1.5426496,1.2806301,3.4186063,5.8137274,8.100252,-0.094023824,-1.4625496,-1.9794823,-2.5373697,-1.9680729,-0.80550766,-1.5043039,-0.620003
g027_direct_conflict,27,6,3,direct_conflict,structure_changing,competition,East,West,Copper,"You are given a small relation graph.
Fact 1: Sola is grouped under Taro.
Fact 2: Taro has label East.
Direct conflicting fact: Sola has label West.
Question: Which label is associated with Sola: East or West?
Answer with exactly one word:",0.7645358,0.4040346,1.8678819,0.8681798,1.8788013,4.2634573,6.939432,-0.49730933,-1.2759973,-1.65425,-2.94982,-3.5078778,-2.3557777,-2.665124,-2.9882853
g027_closure_update,27,6,3,closure_update,structure_changing,closure,East,West,Copper,"You are given a small relation graph.
Fact 1: Sola is grouped under Taro.
Old record: Taro has label East.
Updated record: Taro has label West, not East.
Question: Which label is associated with Sola: East or West?
Answer with exactly one word:",0.7183615,-0.012513638,0.43678236,-1.0855398,-0.08880043,0.7920933,3.628624,-0.5434836,-1.6925455,-3.0853496,-4.9035397,-5.4754796,-5.827142,-5.975932,-8.575698
g027_closure_override,27,6,3,closure_override,structure_changing,closure,East,West,Copper,"You are given a rule system.
General rule: items that is grouped under Taro receive label East.
Override rule: in this case, items that is grouped under Taro receive label West.
Fact: Sola is grouped under Taro.
Question: Which label applies to Sola: East or West?
Answer with exactly one word:",0.70039576,0.03449762,0.84281987,0.26625347,0.71077013,1.9322929,4.4245434,-0.56144935,-1.6455343,-2.679312,-3.5517464,-4.675909,-4.686942,-5.1800127,-6.5497017
g027_exception_override,27,6,3,exception_override,structure_changing,closure,East,West,Copper,"You are given a rule system.
General rule: items connected to Taro use label East.
Exception: Sola is a special case and uses label West.
Fact: Sola is connected to Taro.
Question: Which label applies to Sola: East or West?
Answer with exactly one word:",0.8037374,0.7579652,1.9087925,1.8005171,1.4911857,2.8703318,5.2179413,-0.4581077,-0.9220667,-1.6133394,-2.0174828,-3.8954935,-3.7489033,-4.386615,-4.4749155
g028_clean,28,7,0,clean,clean,stable,Copper,Silver,Gold,"You are given a small relation graph.
Fact 1: Vera belongs to Wen.
Fact 2: Wen is located at Copper.
Question: Which label is associated with Vera: Copper or Silver?
Answer with exactly one word:",-0.090741634,0.2947067,0.25952458,-1.4790603,-0.9633539,-0.30723286,-4.6941323,0.0,0.0,0.0,0.0,0.0,0.0,0.0,2.8346574
g028_rename,28,7,0,rename,relation_preserving,stable,Copper,Silver,Gold,"Consider a tiny mapping network.
Link one: Vera belongs to Wen.
Link two: Wen is located at Copper.
Choose the label reached from Vera: Copper or Silver.
One word answer:",-1.3551452,-0.9251478,-1.6248465,-1.5890015,-2.2916808,-0.59553146,-2.7531824,-1.2644036,-1.2198545,-1.884371,-0.109941244,-1.328327,-0.2882986,1.9409499,2.691646
g028_permuted,28,7,0,permuted,relation_preserving,stable,Copper,Silver,Gold,"You are given a small relation graph.
Fact 2: Wen is located at Copper.
Fact 1: Vera belongs to Wen.
Question: Which label is associated with Vera: Copper or Silver?
Answer with exactly one word:",-0.13257384,0.6193637,-0.15532207,-2.0450513,-1.0003678,0.67322254,-4.032391,-0.04183221,0.32465702,-0.41484666,-0.56599104,-0.03701389,0.9804554,0.66174126,3.489507
g028_redundant,28,7,0,redundant,relation_preserving,stable,Copper,Silver,Gold,"You are given a small relation graph.
Fact 1: Vera belongs to Wen.
Fact 2: Wen is located at Copper.
Repeated confirmation: Vera still goes through Wen.
Repeated confirmation: Wen still points to Copper.
Question: Which label is associated with Vera: Copper or Silver?
Answer with exactly one word:",-0.31032562,0.47927952,-0.011615396,-0.6922128,-0.3194139,0.7111478,-3.24978,-0.21958399,0.18457282,-0.27113998,0.7868475,0.64394,1.0183806,1.4443524,4.7663975
g028_irrelevant,28,7,0,irrelevant,relation_preserving,stable,Copper,Silver,Gold,"You are given a small relation graph.
Fact 1: Vera belongs to Wen.
Fact 2: Wen is located at Copper.
Irrelevant fact: Xio is associated with Gold.
Question: Which label is associated with Vera: Copper or Silver?
Answer with exactly one word:",-0.8476386,-0.25307488,0.23898363,-2.343409,-1.7900867,-0.8943472,-5.289191,-0.756897,-0.5477816,-0.020540953,-0.86434877,-0.8267329,-0.58711433,-0.59505844,1.4007862
g028_paraphrase,28,7,0,paraphrase,relation_preserving,stable,Copper,Silver,Gold,"In this example, Vera reaches Wen.
The destination connected to Wen is Copper.
Based on those two links, select the label for Vera: Copper or Silver.
Answer:",-3.3156602,-3.1738586,-2.2397308,-0.7215483,1.582875,4.7898774,0.9079236,-3.2249186,-3.4685655,-2.4992554,0.757512,2.546229,5.0971103,5.602056,9.680704
g028_weak_distractor,28,7,0,weak_distractor,structure_changing,stable_shift,Copper,Silver,Gold,"You are given a small relation graph.
Fact 1: Vera belongs to Wen.
Fact 2: Wen is located at Copper.
Weak note: some unrelated source mentions Silver, but does not update the graph.
Question: Which label is associated with Vera: Copper or Silver?
Answer with exactly one word:",-0.406821,0.23208857,-0.039951086,-0.79285413,-0.105899096,0.81733847,-3.34397,-0.31607938,-0.06261814,-0.29947567,0.68620616,0.8574548,1.1245713,1.3501623,4.824332
g028_competition_balanced,28,7,0,competition_balanced,structure_changing,competition,Copper,Silver,Gold,"You are given a small relation graph.
Fact 1: Vera belongs to Wen.
Fact 2: Wen is located at Copper.
Competing fact: Vera is also associated with Silver.
Question: Which label is associated with Vera: Copper or Silver?
Answer with exactly one word:",-1.0272821,-0.18824089,-0.51086104,-4.805447,-4.4779105,-3.0554094,-6.98419,-0.9365405,-0.4829476,-0.7703856,-3.326387,-3.5145566,-2.7481766,-2.2900577,-3.0531294
g028_direct_conflict,28,7,0,direct_conflict,structure_changing,competition,Copper,Silver,Gold,"You are given a small relation graph.
Fact 1: Vera belongs to Wen.
Fact 2: Wen is located at Copper.
Direct conflicting fact: Vera is located at Silver.
Question: Which label is associated with Vera: Copper or Silver?
Answer with exactly one word:",-1.1565521,-0.46001434,-0.5028496,-5.3516483,-6.4162493,-5.4611654,-7.9694786,-1.0658104,-0.75472105,-0.76237416,-3.8725882,-5.452895,-5.1539326,-3.2753463,-6.133047
g028_closure_update,28,7,0,closure_update,structure_changing,closure,Copper,Silver,Gold,"You are given a small relation graph.
Fact 1: Vera belongs to Wen.
Old record: Wen is located at Copper.
Updated record: Wen is located at Silver, not Copper.
Question: Which label is associated with Vera: Copper or Silver?
Answer with exactly one word:",-0.79008436,-0.77698636,-0.48674893,-5.838305,-6.515349,-7.1673594,-8.9809065,-0.6993427,-1.0716931,-0.7462735,-4.359245,-5.5519953,-6.8601265,-4.286774,-7.8975163
g028_closure_override,28,7,0,closure_override,structure_changing,closure,Copper,Silver,Gold,"You are given a rule system.
General rule: items that belongs to Wen receive label Copper.
Override rule: in this case, items that belongs to Wen receive label Silver.
Fact: Vera belongs to Wen.
Question: Which label applies to Vera: Copper or Silver?
Answer with exactly one word:",-0.7985909,-0.74523157,-0.07606828,-5.2428384,-7.5278096,-8.673328,-10.4990635,-0.70784926,-1.0399382,-0.33559287,-3.7637782,-6.564456,-8.366096,-5.804931,-9.768685
g028_exception_override,28,7,0,exception_override,structure_changing,closure,Copper,Silver,Gold,"You are given a rule system.
General rule: items connected to Wen use label Copper.
Exception: Vera is a special case and uses label Silver.
Fact: Vera is connected to Wen.
Question: Which label applies to Vera: Copper or Silver?
Answer with exactly one word:",-0.9887743,-0.7562587,-0.3551016,-5.1204433,-7.208239,-7.682835,-9.413981,-0.89803267,-1.0509654,-0.61462617,-3.6413832,-6.2448854,-7.3756022,-4.719849,-8.464535
g029_clean,29,7,1,clean,clean,stable,Gold,Iron,Red,"You are given a small relation graph.
Fact 1: Vera is assigned to Wen.
Fact 2: Wen maps to Gold.
Question: Which label is associated with Vera: Gold or Iron?
Answer with exactly one word:",3.3356712,2.3919854,0.13497055,0.8661462,0.53171444,0.6287706,0.9062166,0.0,0.0,0.0,0.0,0.0,0.0,0.0,2.8346574
g029_rename,29,7,1,rename,relation_preserving,stable,Gold,Iron,Red,"Consider a tiny mapping network.
Link one: Vera is assigned to Wen.
Link two: Wen maps to Gold.
Choose the label reached from Vera: Gold or Iron.
One word answer:",2.4706874,2.6677613,1.6865568,3.3149164,3.1448233,2.9357429,2.2985673,-0.8649838,0.2757759,1.5515863,2.44877,2.6131089,2.3069723,1.3923507,7.256627
g029_permuted,29,7,1,permuted,relation_preserving,stable,Gold,Iron,Red,"You are given a small relation graph.
Fact 2: Wen maps to Gold.
Fact 1: Vera is assigned to Wen.
Question: Which label is associated with Vera: Gold or Iron?
Answer with exactly one word:",3.3388324,2.7911706,0.12013137,0.45266312,-0.36403894,0.39897442,0.124821424,0.003161192,0.39918518,-0.014839172,-0.41348308,-0.8957534,-0.22979617,-0.7813952,1.7341245
g029_redundant,29,7,1,redundant,relation_preserving,stable,Gold,Iron,Red,"You are given a small relation graph.
Fact 1: Vera is assigned to Wen.
Fact 2: Wen maps to Gold.
Repeated confirmation: Vera still goes through Wen.
Repeated confirmation: Wen still points to Gold.
Question: Which label is associated with Vera: Gold or Iron?
Answer with exactly one word:",3.2448516,2.3120594,-0.21281123,1.098717,0.94129986,1.0403357,1.7977278,-0.0908196,-0.079926014,-0.34778178,0.23257077,0.40958542,0.41156507,0.8915112,3.7784717
g029_irrelevant,29,7,1,irrelevant,relation_preserving,stable,Gold,Iron,Red,"You are given a small relation graph.
Fact 1: Vera is assigned to Wen.
Fact 2: Wen maps to Gold.
Irrelevant fact: Xio is associated with Red.
Question: Which label is associated with Vera: Gold or Iron?
Answer with exactly one word:",3.7528167,2.534521,0.23961115,0.25593883,-0.78649116,-0.100040674,0.6135286,0.4171455,0.14253569,0.1046406,-0.6102074,-1.3182056,-0.72881126,-0.292688,1.4098723
g029_paraphrase,29,7,1,paraphrase,relation_preserving,stable,Gold,Iron,Red,"In this example, Vera reaches Wen.
The destination connected to Wen is Gold.
Based on those two links, select the label for Vera: Gold or Iron.
Answer:",4.454891,4.549728,3.9811597,6.996291,6.260539,8.325613,6.3006897,1.11922,2.1577425,3.846189,6.130145,5.7288246,7.696842,5.394473,15.757263
g029_weak_distractor,29,7,1,weak_distractor,structure_changing,stable_shift,Gold,Iron,Red,"You are given a small relation graph.
Fact 1: Vera is assigned to Wen.
Fact 2: Wen maps to Gold.
Weak note: some unrelated source mentions Iron, but does not update the graph.
Question: Which label is associated with Vera: Gold or Iron?
Answer with exactly one word:",3.3455896,2.1331127,0.4205711,-1.9658196,-2.9401984,-3.7551312,-1.8411583,0.009918451,-0.25887275,0.28560054,-2.831966,-3.4719129,-4.3839016,-2.747375,-3.903457
g029_competition_balanced,29,7,1,competition_balanced,structure_changing,competition,Gold,Iron,Red,"You are given a small relation graph.
Fact 1: Vera is assigned to Wen.
Fact 2: Wen maps to Gold.
Competing fact: Vera is also associated with Iron.
Question: Which label is associated with Vera: Gold or Iron?
Answer with exactly one word:",3.5520635,2.3518937,0.11640191,-3.0689697,-3.912336,-5.099335,-3.1495643,0.21639228,-0.040091753,-0.018568635,-3.9351158,-4.444051,-5.7281055,-4.055781,-6.2655563
g029_direct_conflict,29,7,1,direct_conflict,structure_changing,competition,Gold,Iron,Red,"You are given a small relation graph.
Fact 1: Vera is assigned to Wen.
Fact 2: Wen maps to Gold.
Direct conflicting fact: Vera maps to Iron.
Question: Which label is associated with Vera: Gold or Iron?
Answer with exactly one word:",3.286106,2.0752065,-0.68361616,-4.660453,-6.9817176,-7.76978,-6.6113257,-0.049565077,-0.3167789,-0.8185867,-5.526599,-7.513432,-8.398551,-7.5175424,-11.788072
g029_closure_update,29,7,1,closure_update,structure_changing,closure,Gold,Iron,Red,"You are given a small relation graph.
Fact 1: Vera is assigned to Wen.
Old record: Wen maps to Gold.
Updated record: Wen maps to Iron, not Gold.
Question: Which label is associated with Vera: Gold or Iron?
Answer with exactly one word:",3.100576,2.1719406,-0.4037602,-4.0526867,-4.750607,-7.6632624,-6.234433,-0.23509526,-0.22004485,-0.53873074,-4.918833,-5.2823215,-8.292033,-7.14065,-10.190466
g029_closure_override,29,7,1,closure_override,structure_changing,closure,Gold,Iron,Red,"You are given a rule system.
General rule: items that is assigned to Wen receive label Gold.
Override rule: in this case, items that is assigned to Wen receive label Iron.
Fact: Vera is assigned to Wen.
Question: Which label applies to Vera: Gold or Iron?
Answer with exactly one word:",3.60653,2.5386243,-0.13053346,-3.3941956,-5.3152056,-8.739574,-7.982043,0.27085876,0.14663887,-0.265504,-4.2603416,-5.84692,-9.368345,-8.88826,-11.666708
g029_exception_override,29,7,1,exception_override,structure_changing,closure,Gold,Iron,Red,"You are given a rule system.
General rule: items connected to Wen use label Gold.
Exception: Vera is a special case and uses label Iron.
Fact: Vera is connected to Wen.
Question: Which label applies to Vera: Gold or Iron?
Answer with exactly one word:",3.5870848,3.1045728,0.72890115,-2.6193976,-4.635611,-6.685848,-5.454557,0.25141358,0.71258736,0.5939306,-3.4855437,-5.1673255,-7.314619,-6.3607736,-8.433921
g030_clean,30,7,2,clean,clean,stable,Red,Blue,Green,"You are given a small relation graph.
Fact 1: Vera is part of Wen.
Fact 2: Wen points to Red.
Question: Which label is associated with Vera: Red or Blue?
Answer with exactly one word:",1.2381918,1.2680707,2.1353564,2.3834193,2.6623735,1.8719702,6.0406723,0.0,0.0,0.0,0.0,0.0,0.0,0.0,2.8346574
g030_rename,30,7,2,rename,relation_preserving,stable,Red,Blue,Green,"Consider a tiny mapping network.
Link one: Vera is part of Wen.
Link two: Wen points to Red.
Choose the label reached from Vera: Red or Blue.
One word answer:",1.046103,1.3692452,1.6557348,3.5876546,4.23304,4.1008434,7.4196835,-0.19208884,0.101174474,-0.47962165,1.2042353,1.5706663,2.2288733,1.3790112,6.029748
g030_permuted,30,7,2,permuted,relation_preserving,stable,Red,Blue,Green,"You are given a small relation graph.
Fact 2: Wen points to Red.
Fact 1: Vera is part of Wen.
Question: Which label is associated with Vera: Red or Blue?
Answer with exactly one word:",1.410556,1.6650643,1.9446592,1.2224245,1.5713663,1.3144741,5.3419447,0.17236412,0.39699364,-0.1906972,-1.1609948,-1.0910072,-0.5574961,-0.6987276,1.1847492
g030_redundant,30,7,2,redundant,relation_preserving,stable,Red,Blue,Green,"You are given a small relation graph.
Fact 1: Vera is part of Wen.
Fact 2: Wen points to Red.
Repeated confirmation: Vera still goes through Wen.
Repeated confirmation: Wen still points to Red.
Question: Which label is associated with Vera: Red or Blue?
Answer with exactly one word:",0.9548844,0.672974,1.9535695,3.4718616,3.8263264,3.4771047,6.95646,-0.28330743,-0.5950967,-0.1817869,1.0884423,1.1639528,1.6051345,0.9157877,5.1671324
g030_irrelevant,30,7,2,irrelevant,relation_preserving,stable,Red,Blue,Green,"You are given a small relation graph.
Fact 1: Vera is part of Wen.
Fact 2: Wen points to Red.
Irrelevant fact: Xio is associated with Green.
Question: Which label is associated with Vera: Red or Blue?
Answer with exactly one word:",0.96520054,1.3020027,1.7441623,2.2958665,2.619629,1.1247578,5.6535463,-0.2729913,0.03393197,-0.3911941,-0.087552786,-0.042744637,-0.7472124,-0.38712597,2.1069622
g030_paraphrase,30,7,2,paraphrase,relation_preserving,stable,Red,Blue,Green,"In this example, Vera reaches Wen.
The destination connected to Wen is Red.
Based on those two links, select the label for Vera: Red or Blue.
Answer:",3.2283103,3.4829993,3.7358258,6.810056,7.532508,6.9294777,10.436038,1.9901185,2.2149286,1.6004694,4.4266367,4.8701344,5.0575075,4.3953657,12.436976
g030_weak_distractor,30,7,2,weak_distractor,structure_changing,stable_shift,Red,Blue,Green,"You are given a small relation graph.
Fact 1: Vera is part of Wen.
Fact 2: Wen points to Red.
Weak note: some unrelated source mentions Blue, but does not update the graph.
Question: Which label is associated with Vera: Red or Blue?
Answer with exactly one word:",1.3221197,1.1623267,1.8737106,1.5589933,1.2882366,1.3942809,5.9280977,0.08392787,-0.105744004,-0.2616458,-0.82442594,-1.3741369,-0.47768927,-0.11257458,1.4824414
g030_competition_balanced,30,7,2,competition_balanced,structure_changing,competition,Red,Blue,Green,"You are given a small relation graph.
Fact 1: Vera is part of Wen.
Fact 2: Wen points to Red.
Competing fact: Vera is also associated with Blue.
Question: Which label is associated with Vera: Red or Blue?
Answer with exactly one word:",1.4718205,0.75983685,1.3326374,-0.8903773,-1.3261509,-1.065486,3.7908573,0.23362863,-0.50823385,-0.802719,-3.2737966,-3.9885244,-2.9374561,-2.249815,-3.3364823
g030_direct_conflict,30,7,2,direct_conflict,structure_changing,competition,Red,Blue,Green,"You are given a small relation graph.
Fact 1: Vera is part of Wen.
Fact 2: Wen points to Red.
Direct conflicting fact: Vera points to Blue.
Question: Which label is associated with Vera: Red or Blue?
Answer with exactly one word:",1.6129413,0.99669605,1.8401934,-0.15600777,-1.558218,-0.64425087,4.1890125,0.37474942,-0.27137464,-0.29516304,-2.539427,-4.2205915,-2.516221,-1.8516598,-2.648822
g030_closure_update,30,7,2,closure_update,structure_changing,closure,Red,Blue,Green,"You are given a small relation graph.
Fact 1: Vera is part of Wen.
Old record: Wen points to Red.
Updated record: Wen points to Blue, not Red.
Question: Which label is associated with Vera: Red or Blue?
Answer with exactly one word:",1.6461148,0.8056168,1.3393146,-0.7138195,-0.8731017,-1.6299777,2.4420185,0.40792298,-0.4624539,-0.79604185,-3.0972388,-3.5354753,-3.5019479,-3.5986538,-4.057539
g030_closure_override,30,7,2,closure_override,structure_changing,closure,Red,Blue,Green,"You are given a rule system.
General rule: items that is part of Wen receive label Red.
Override rule: in this case, items that is part of Wen receive label Blue.
Fact: Vera is part of Wen.
Question: Which label applies to Vera: Red or Blue?
Answer with exactly one word:",1.8319657,1.4044578,1.7694381,-0.7422333,-2.0632067,-3.4944067,0.71343136,0.59377384,0.13638711,-0.36591828,-3.1256526,-4.72558,-5.366377,-5.327241,-6.532525
g030_exception_override,30,7,2,exception_override,structure_changing,closure,Red,Blue,Green,"You are given a rule system.
General rule: items connected to Wen use label Red.
Exception: Vera is a special case and uses label Blue.
Fact: Vera is connected to Wen.
Question: Which label applies to Vera: Red or Blue?
Answer with exactly one word:",2.021391,1.4859239,2.049471,-0.5719795,-2.0978594,-2.599454,1.0745859,0.7831991,0.21785319,-0.085885525,-2.9553988,-4.760233,-4.471424,-4.9660864,-5.740551
g031_clean,31,7,3,clean,clean,stable,Green,Yellow,North,"You are given a small relation graph.
Fact 1: Vera is grouped under Wen.
Fact 2: Wen has label Green.
Question: Which label is associated with Vera: Green or Yellow?
Answer with exactly one word:",-0.9258629,-0.2689721,0.81352234,1.8982177,5.278363,5.968575,7.131132,0.0,0.0,0.0,0.0,0.0,0.0,0.0,2.8346574
g031_rename,31,7,3,rename,relation_preserving,stable,Green,Yellow,North,"Consider a tiny mapping network.
Link one: Vera is grouped under Wen.
Link two: Wen has label Green.
Choose the label reached from Vera: Green or Yellow.
One word answer:",-0.33919728,0.30959046,1.3679552,3.62696,6.1493974,9.4503,9.659615,0.58666563,0.57856256,0.55443287,1.7287424,0.87103415,3.4817252,2.5284824,7.353505
g031_permuted,31,7,3,permuted,relation_preserving,stable,Green,Yellow,North,"You are given a small relation graph.
Fact 2: Wen has label Green.
Fact 1: Vera is grouped under Wen.
Question: Which label is associated with Vera: Green or Yellow?
Answer with exactly one word:",-1.1048267,-0.50943166,0.5336988,1.5774589,4.7834964,5.7179785,6.9591026,-0.17896378,-0.24045956,-0.27982354,-0.32075882,-0.49486685,-0.25059652,-0.1720295,2.1917238
g031_redundant,31,7,3,redundant,relation_preserving,stable,Green,Yellow,North,"You are given a small relation graph.
Fact 1: Vera is grouped under Wen.
Fact 2: Wen has label Green.
Repeated confirmation: Vera still goes through Wen.
Repeated confirmation: Wen still points to Green.
Question: Which label is associated with Vera: Green or Yellow?
Answer with exactly one word:",-0.7428162,-0.53140855,0.5574734,2.8746917,5.7351146,6.2157393,7.644998,0.1830467,-0.26243645,-0.25604892,0.97647405,0.45675135,0.24716425,0.51386595,3.8045204
g031_irrelevant,31,7,3,irrelevant,relation_preserving,stable,Green,Yellow,North,"You are given a small relation graph.
Fact 1: Vera is grouped under Wen.
Fact 2: Wen has label Green.
Irrelevant fact: Xio is associated with North.
Question: Which label is associated with Vera: Green or Yellow?
Answer with exactly one word:",-0.9790196,-0.7760746,0.18311715,1.5936997,5.4257393,6.4718266,7.293298,-0.053156674,-0.5071025,-0.6304052,-0.30451798,0.14737606,0.50325155,0.16216564,3.0728064
g031_paraphrase,31,7,3,paraphrase,relation_preserving,stable,Green,Yellow,North,"In this example, Vera reaches Wen.
The destination connected to Wen is Green.
Based on those two links, select the label for Vera: Green or Yellow.
Answer:",-0.020123124,-0.31008288,0.20987159,2.515227,5.3740215,7.4059787,7.213592,0.9057398,-0.041110784,-0.60365075,0.6170094,0.0956583,1.4374037,0.08245993,3.9643068
g031_weak_distractor,31,7,3,weak_distractor,structure_changing,stable_shift,Green,Yellow,North,"You are given a small relation graph.
Fact 1: Vera is grouped under Wen.
Fact 2: Wen has label Green.
Weak note: some unrelated source mentions Yellow, but does not update the graph.
Question: Which label is associated with Vera: Green or Yellow?
Answer with exactly one word:",-0.9888502,-1.0691929,0.11954939,2.2198257,5.2979994,6.4285173,8.684949,-0.06298727,-0.8002208,-0.69397295,0.32160807,0.019636154,0.45994234,1.5538168,3.910845
g031_competition_balanced,31,7,3,competition_balanced,structure_changing,competition,Green,Yellow,North,"You are given a small relation graph.
Fact 1: Vera is grouped under Wen.
Fact 2: Wen has label Green.
Competing fact: Vera is also associated with Yellow.
Question: Which label is associated with Vera: Green or Yellow?
Answer with exactly one word:",-1.1543996,-1.350538,0.24577117,-0.41162133,3.4134803,5.644057,6.488996,-0.22853673,-1.0815659,-0.56775117,-2.309839,-1.864883,-0.3245182,-0.6421361,0.38970113
g031_direct_conflict,31,7,3,direct_conflict,structure_changing,competition,Green,Yellow,North,"You are given a small relation graph.
Fact 1: Vera is grouped under Wen.
Fact 2: Wen has label Green.
Direct conflicting fact: Vera has label Yellow.
Question: Which label is associated with Vera: Green or Yellow?
Answer with exactly one word:",-1.0648311,-1.7263498,-0.4397993,-2.0268378,0.83298874,2.7435837,4.9730415,-0.13896823,-1.4573777,-1.2533216,-3.9250555,-4.4453745,-3.2249913,-2.1580906,-4.0432014
g031_closure_update,31,7,3,closure_update,structure_changing,closure,Green,Yellow,North,"You are given a small relation graph.
Fact 1: Vera is grouped under Wen.
Old record: Wen has label Green.
Updated record: Wen has label Yellow, not Green.
Question: Which label is associated with Vera: Green or Yellow?
Answer with exactly one word:",-0.9592957,-1.7351223,-0.750046,-1.9273295,0.15064812,1.371398,3.1736689,-0.03343278,-1.4661503,-1.5635684,-3.8255472,-5.127715,-4.597177,-3.9574633,-6.078994
g031_closure_override,31,7,3,closure_override,structure_changing,closure,Green,Yellow,North,"You are given a rule system.
General rule: items that is grouped under Wen receive label Green.
Override rule: in this case, items that is grouped under Wen receive label Yellow.
Fact: Vera is grouped under Wen.
Question: Which label applies to Vera: Green or Yellow?
Answer with exactly one word:",-0.98696315,-1.125247,-0.043105006,-0.36416125,1.5583501,0.9063797,2.8775082,-0.061100245,-0.8562749,-0.85662735,-2.262379,-3.7200131,-5.0621953,-4.253624,-5.108018
g031_exception_override,31,7,3,exception_override,structure_changing,closure,Green,Yellow,North,"You are given a rule system.
General rule: items connected to Wen use label Green.
Exception: Vera is a special case and uses label Yellow.
Fact: Vera is connected to Wen.
Question: Which label applies to Vera: Green or Yellow?
Answer with exactly one word:",-1.0470282,-0.96995586,-0.3704071,-0.51236343,1.482307,2.4564228,3.6593752,-0.121165276,-0.70098376,-1.1839294,-2.410581,-3.7960563,-3.5121522,-3.471757,-3.917527
g032_clean,32,8,0,clean,clean,stable,North,South,East,"You are given a small relation graph.
Fact 1: Yara belongs to Zeno.
Fact 2: Zeno is located at North.
Question: Which label is associated with Yara: North or South?
Answer with exactly one word:",-0.31772238,2.0478916,2.0619578,-0.73390484,-0.4189968,-0.17614746,-0.85803986,0.0,0.0,0.0,0.0,0.0,0.0,0.0,2.8346574
g032_rename,32,8,0,rename,relation_preserving,stable,North,South,East,"Consider a tiny mapping network.
Link one: Yara belongs to Zeno.
Link two: Zeno is located at North.
Choose the label reached from Yara: North or South.
One word answer:",-0.25694215,2.141682,1.6133337,1.1530848,0.7774248,0.9272709,-0.062698364,0.060780227,0.09379029,-0.44862413,1.8869896,1.1964216,1.1034184,0.7953415,5.1657114
g032_permuted,32,8,0,permuted,relation_preserving,stable,North,South,East,"You are given a small relation graph.
Fact 2: Zeno is located at North.
Fact 1: Yara belongs to Zeno.
Question: Which label is associated with Yara: North or South?
Answer with exactly one word:",-0.18558568,1.6093473,1.6871238,-1.7886181,-1.6460171,-0.9857807,-1.5795765,0.1321367,-0.43854427,-0.37483406,-1.0547132,-1.2270203,-0.80963326,-0.72153664,0.92872524
g032_redundant,32,8,0,redundant,relation_preserving,stable,North,South,East,"You are given a small relation graph.
Fact 1: Yara belongs to Zeno.
Fact 2: Zeno is located at North.
Repeated confirmation: Yara still goes through Zeno.
Repeated confirmation: Zeno still points to North.
Question: Which label is associated with Yara: North or South?
Answer with exactly one word:",-0.33282518,1.2324815,1.5480418,-0.9045658,-0.38642883,0.24038696,-0.53858566,-0.015102804,-0.81541014,-0.513916,-0.17066097,0.032567978,0.41653442,0.3194542,3.0895672
g032_irrelevant,32,8,0,irrelevant,relation_preserving,stable,North,South,East,"You are given a small relation graph.
Fact 1: Yara belongs to Zeno.
Fact 2: Zeno is located at North.
Irrelevant fact: Nia is associated with East.
Question: Which label is associated with Yara: North or South?
Answer with exactly one word:",-0.30675882,2.032825,2.0023856,-0.9377022,-0.92407894,-0.18849754,-0.84591293,0.010963559,-0.015066624,-0.05957222,-0.20379734,-0.50508213,-0.012350082,0.012126923,2.5037675
g032_paraphrase,32,8,0,paraphrase,relation_preserving,stable,North,South,East,"In this example, Yara reaches Zeno.
The destination connected to Zeno is North.
Based on those two links, select the label for Yara: North or South.
Answer:",-0.10009718,0.41135406,1.0983043,2.650712,2.6052713,3.1481972,1.6862621,0.2176252,-1.6365376,-0.96365356,3.3846169,3.0242682,3.3243446,2.544302,8.665314
g032_weak_distractor,32,8,0,weak_distractor,structure_changing,stable_shift,North,South,East,"You are given a small relation graph.
Fact 1: Yara belongs to Zeno.
Fact 2: Zeno is located at North.
Weak note: some unrelated source mentions South, but does not update the graph.
Question: Which label is associated with Yara: North or South?
Answer with exactly one word:",-0.23285109,1.261467,1.0774093,-0.5039396,-0.23521233,0.17677307,-0.4895916,0.08487129,-0.78642464,-0.98454857,0.22996521,0.18378448,0.35292053,0.36844826,3.267119
g032_competition_balanced,32,8,0,competition_balanced,structure_changing,competition,North,South,East,"You are given a small relation graph.
Fact 1: Yara belongs to Zeno.
Fact 2: Zeno is located at North.
Competing fact: Yara is also associated with South.
Question: Which label is associated with Yara: North or South?
Answer with exactly one word:",-0.33837295,0.17714405,-0.42811227,-3.8750563,-4.0548716,-3.3819237,-4.665474,-0.020650566,-1.8707476,-2.49007,-3.1411514,-3.6358747,-3.2057762,-3.807434,-4.309905
g032_direct_conflict,32,8,0,direct_conflict,structure_changing,competition,North,South,East,"You are given a small relation graph.
Fact 1: Yara belongs to Zeno.
Fact 2: Zeno is located at North.
Direct conflicting fact: Yara is located at South.
Question: Which label is associated with Yara: North or South?
Answer with exactly one word:",-0.69605577,0.13019586,-0.12190223,-3.6828966,-4.1400547,-3.9178162,-5.1034584,-0.3783334,-1.9176958,-2.18386,-2.9489918,-3.721058,-3.7416687,-4.2454185,-4.7940063
g032_closure_update,32,8,0,closure_update,structure_changing,closure,North,South,East,"You are given a small relation graph.
Fact 1: Yara belongs to Zeno.
Old record: Zeno is located at North.
Updated record: Zeno is located at South, not North.
Question: Which label is associated with Yara: North or South?
Answer with exactly one word:",-0.71178997,-1.3179711,-1.4455681,-4.8515053,-4.9666815,-4.5697594,-5.867033,-0.3940676,-3.3658628,-3.507526,-4.1176004,-4.5476847,-4.393612,-5.008993,-6.635125
g032_closure_override,32,8,0,closure_override,structure_changing,closure,North,South,East,"You are given a rule system.
General rule: items that belongs to Zeno receive label North.
Override rule: in this case, items that belongs to Zeno receive label South.
Fact: Yara belongs to Zeno.
Question: Which label applies to Yara: North or South?
Answer with exactly one word:",-0.6398375,-0.6463618,-1.8744789,-4.75276,-5.229119,-4.8499947,-6.576744,-0.32211512,-2.6942534,-3.9364367,-4.018855,-4.810122,-4.673847,-5.718704,-7.2417793
g032_exception_override,32,8,0,exception_override,structure_changing,closure,North,South,East,"You are given a rule system.
General rule: items connected to Zeno use label North.
Exception: Yara is a special case and uses label South.
Fact: Yara is connected to Zeno.
Question: Which label applies to Yara: North or South?
Answer with exactly one word:",-0.33714265,0.19898605,-0.9386778,-3.646204,-4.521578,-4.0036564,-5.6314316,-0.019420266,-1.8489056,-3.0006356,-2.9122992,-4.102581,-3.827509,-4.7733917,-5.3461285
g033_clean,33,8,1,clean,clean,stable,East,West,Copper,"You are given a small relation graph.
Fact 1: Yara is assigned to Zeno.
Fact 2: Zeno maps to East.
Question: Which label is associated with Yara: East or West?
Answer with exactly one word:",1.000581,1.8942194,3.116281,3.6863818,5.421162,6.9857626,10.17826,0.0,0.0,0.0,0.0,0.0,0.0,0.0,2.8346574
g033_rename,33,8,1,rename,relation_preserving,stable,East,West,Copper,"Consider a tiny mapping network.
Link one: Yara is assigned to Zeno.
Link two: Zeno maps to East.
Choose the label reached from Yara: East or West.
One word answer:",1.0624835,2.5994601,4.1982074,6.0258155,7.0438137,9.001038,12.929691,0.061902523,0.7052407,1.0819263,2.3394337,1.6226516,2.015275,2.7514315,7.2553463
g033_permuted,33,8,1,permuted,relation_preserving,stable,East,West,Copper,"You are given a small relation graph.
Fact 2: Zeno maps to East.
Fact 1: Yara is assigned to Zeno.
Question: Which label is associated with Yara: East or West?
Answer with exactly one word:",0.9984621,1.4609096,2.916439,3.0432558,4.7696877,6.488431,9.615532,-0.0021189451,-0.4333098,-0.19984198,-0.643126,-0.6514745,-0.49733162,-0.5627279,1.6450992
g033_redundant,33,8,1,redundant,relation_preserving,stable,East,West,Copper,"You are given a small relation graph.
Fact 1: Yara is assigned to Zeno.
Fact 2: Zeno maps to East.
Repeated confirmation: Yara still goes through Zeno.
Repeated confirmation: Zeno still points to East.
Question: Which label is associated with Yara: East or West?
Answer with exactly one word:",0.9688587,1.4857574,2.9452004,5.028339,6.4515276,8.405571,11.407825,-0.031722307,-0.40846205,-0.17108059,1.3419571,1.0303655,1.4198084,1.2295656,5.269581
g033_irrelevant,33,8,1,irrelevant,relation_preserving,stable,East,West,Copper,"You are given a small relation graph.
Fact 1: Yara is assigned to Zeno.
Fact 2: Zeno maps to East.
Irrelevant fact: Nia is associated with Copper.
Question: Which label is associated with Yara: East or West?
Answer with exactly one word:",1.1956501,2.077846,3.5323238,3.5814838,4.867811,6.3200245,9.643921,0.19506907,0.18362665,0.4160428,-0.104897976,-0.5533509,-0.6657381,-0.53433895,1.9181886
g033_paraphrase,33,8,1,paraphrase,relation_preserving,stable,East,West,Copper,"In this example, Yara reaches Zeno.
The destination connected to Zeno is East.
Based on those two links, select the label for Yara: East or West.
Answer:",1.8412025,2.0403934,2.6939003,5.0486574,6.462302,8.41883,11.970089,0.8406215,0.14617395,-0.4223807,1.3622756,1.0411401,1.4330673,1.7918291,5.6044207
g033_weak_distractor,33,8,1,weak_distractor,structure_changing,stable_shift,East,West,Copper,"You are given a small relation graph.
Fact 1: Yara is assigned to Zeno.
Fact 2: Zeno maps to East.
Weak note: some unrelated source mentions West, but does not update the graph.
Question: Which label is associated with Yara: East or West?
Answer with exactly one word:",0.7621113,0.9379152,1.9719139,2.8882341,4.7128716,7.053282,10.012676,-0.23846972,-0.9563042,-1.1443671,-0.7981477,-0.7082906,0.06751919,-0.16558361,1.9653275
g033_competition_balanced,33,8,1,competition_balanced,structure_changing,competition,East,West,Copper,"You are given a small relation graph.
Fact 1: Yara is assigned to Zeno.
Fact 2: Zeno maps to East.
Competing fact: Yara is also associated with West.
Question: Which label is associated with Yara: East or West?
Answer with exactly one word:",0.83879,0.28022707,1.3902905,0.19279385,1.8571749,3.89715,6.711603,-0.16179103,-1.6139923,-1.7259905,-3.493588,-3.5639873,-3.0886126,-3.4666567,-4.0868464
g033_direct_conflict,33,8,1,direct_conflict,structure_changing,competition,East,West,Copper,"You are given a small relation graph.
Fact 1: Yara is assigned to Zeno.
Fact 2: Zeno maps to East.
Direct conflicting fact: Yara maps to West.
Question: Which label is associated with Yara: East or West?
Answer with exactly one word:",0.5803257,0.25931442,1.3135272,-0.40566492,0.8381126,2.7795486,5.7496824,-0.4202553,-1.634905,-1.8027538,-4.0920467,-4.58305,-4.206214,-4.4285774,-5.9691334
g033_closure_update,33,8,1,closure_update,structure_changing,closure,East,West,Copper,"You are given a small relation graph.
Fact 1: Yara is assigned to Zeno.
Old record: Zeno maps to East.
Updated record: Zeno maps to West, not East.
Question: Which label is associated with Yara: East or West?
Answer with exactly one word:",0.3863911,0.06965172,0.3311813,-1.3175657,-0.14581585,1.3756742,4.363968,-0.6141899,-1.8245677,-2.7850997,-5.0039473,-5.566978,-5.6100883,-5.814292,-8.432238
g033_closure_override,33,8,1,closure_override,structure_changing,closure,East,West,Copper,"You are given a rule system.
General rule: items that is assigned to Zeno receive label East.
Override rule: in this case, items that is assigned to Zeno receive label West.
Fact: Yara is assigned to Zeno.
Question: Which label applies to Yara: East or West?
Answer with exactly one word:",0.7108599,-0.054673195,0.8873452,0.17503071,0.8576703,2.2614603,5.065632,-0.28972113,-1.9488926,-2.2289357,-3.511351,-4.563492,-4.7243023,-5.112628,-6.4413824
g033_exception_override,33,8,1,exception_override,structure_changing,closure,East,West,Copper,"You are given a rule system.
General rule: items connected to Zeno use label East.
Exception: Yara is a special case and uses label West.
Fact: Yara is connected to Zeno.
Question: Which label applies to Yara: East or West?
Answer with exactly one word:",0.6354612,0.22817457,1.3023485,0.8451266,0.6663785,2.35423,5.087098,-0.3651198,-1.6660448,-1.8139325,-2.8412552,-4.7547836,-4.6315327,-5.0911617,-6.1520643
g034_clean,34,8,2,clean,clean,stable,Copper,Silver,Gold,"You are given a small relation graph.
Fact 1: Yara is part of Zeno.
Fact 2: Zeno points to Copper.
Question: Which label is associated with Yara: Copper or Silver?
Answer with exactly one word:",-0.42353415,0.41829515,0.68897223,-1.6419704,-1.2357922,1.7184734,-3.2644286,0.0,0.0,0.0,0.0,0.0,0.0,0.0,2.8346574
g034_rename,34,8,2,rename,relation_preserving,stable,Copper,Silver,Gold,"Consider a tiny mapping network.
Link one: Yara is part of Zeno.
Link two: Zeno points to Copper.
Choose the label reached from Yara: Copper or Silver.
One word answer:",-1.2235649,-0.2609936,-0.11638379,-0.42927194,0.04405737,0.71155596,-0.8603101,-0.8000307,-0.67928874,-0.805356,1.2126985,1.2798495,-1.0069175,2.4041185,4.423527
g034_permuted,34,8,2,permuted,relation_preserving,stable,Copper,Silver,Gold,"You are given a small relation graph.
Fact 2: Zeno points to Copper.
Fact 1: Yara is part of Zeno.
Question: Which label is associated with Yara: Copper or Silver?
Answer with exactly one word:",-0.47945356,0.30379403,-0.06583905,-2.8649507,-2.0352924,-0.29937315,-4.386668,-0.05591941,-0.11450112,-0.7548113,-1.2229803,-0.7995002,-2.0178466,-1.1222396,0.14108968
g034_redundant,34,8,2,redundant,relation_preserving,stable,Copper,Silver,Gold,"You are given a small relation graph.
Fact 1: Yara is part of Zeno.
Fact 2: Zeno points to Copper.
Repeated confirmation: Yara still goes through Zeno.
Repeated confirmation: Zeno still points to Copper.
Question: Which label is associated with Yara: Copper or Silver?
Answer with exactly one word:",-0.6910162,0.08867407,0.24448407,-1.847429,-2.5126534,1.3859568,-3.5383425,-0.26748204,-0.32962108,-0.44448817,-0.20545864,-1.2768612,-0.33251667,-0.27391386,1.736625
g034_irrelevant,34,8,2,irrelevant,relation_preserving,stable,Copper,Silver,Gold,"You are given a small relation graph.
Fact 1: Yara is part of Zeno.
Fact 2: Zeno points to Copper.
Irrelevant fact: Nia is associated with Gold.
Question: Which label is associated with Yara: Copper or Silver?
Answer with exactly one word:",-1.0694544,-0.5196771,0.65707934,-3.2193866,-3.2712092,-2.2356396,-5.938689,-0.6459203,-0.93797225,-0.031892896,-1.5774162,-2.035417,-3.954113,-2.6742606,-2.5157702
g034_paraphrase,34,8,2,paraphrase,relation_preserving,stable,Copper,Silver,Gold,"In this example, Yara reaches Zeno.
The destination connected to Zeno is Copper.
Based on those two links, select the label for Yara: Copper or Silver.
Answer:",-3.1249828,-2.7607594,-2.3289385,-1.2784069,0.6650776,2.7290854,-1.2812089,-2.7014487,-3.1790545,-3.0179107,0.36356354,1.9008698,1.010612,1.9832197,4.9630556
g034_weak_distractor,34,8,2,weak_distractor,structure_changing,stable_shift,Copper,Silver,Gold,"You are given a small relation graph.
Fact 1: Yara is part of Zeno.
Fact 2: Zeno points to Copper.
Weak note: some unrelated source mentions Silver, but does not update the graph.
Question: Which label is associated with Yara: Copper or Silver?
Answer with exactly one word:",-0.7305136,0.07329357,0.56278753,-2.9966927,-2.9931412,-1.365067,-4.922858,-0.30697942,-0.34500158,-0.1261847,-1.3547223,-1.757349,-3.0835404,-1.6584296,-1.2323387
g034_competition_balanced,34,8,2,competition_balanced,structure_changing,competition,Copper,Silver,Gold,"You are given a small relation graph.
Fact 1: Yara is part of Zeno.
Fact 2: Zeno points to Copper.
Competing fact: Yara is also associated with Silver.
Question: Which label is associated with Yara: Copper or Silver?
Answer with exactly one word:",-1.1851802,-0.19763434,-0.02293396,-5.0677557,-5.432573,-4.1856465,-7.1730576,-0.76164603,-0.6159295,-0.7119062,-3.4257853,-4.1967807,-5.90412,-3.908629,-6.0940676
g034_direct_conflict,34,8,2,direct_conflict,structure_changing,competition,Copper,Silver,Gold,"You are given a small relation graph.
Fact 1: Yara is part of Zeno.
Fact 2: Zeno points to Copper.
Direct conflicting fact: Yara points to Silver.
Question: Which label is associated with Yara: Copper or Silver?
Answer with exactly one word:",-1.4865581,-0.91349804,-0.06411266,-5.4401965,-6.502691,-5.0817423,-7.645494,-1.0630239,-1.3317932,-0.7530849,-3.798226,-5.2668986,-6.8002157,-4.3810654,-7.5776663
g034_closure_update,34,8,2,closure_update,structure_changing,closure,Copper,Silver,Gold,"You are given a small relation graph.
Fact 1: Yara is part of Zeno.
Old record: Zeno points to Copper.
Updated record: Zeno points to Silver, not Copper.
Question: Which label is associated with Yara: Copper or Silver?
Answer with exactly one word:",-1.453214,-0.84707946,-0.57912195,-5.879326,-7.045932,-6.982607,-9.094423,-1.0296799,-1.2653747,-1.2680942,-4.237355,-5.8101397,-8.70108,-5.8299947,-9.903547
g034_closure_override,34,8,2,closure_override,structure_changing,closure,Copper,Silver,Gold,"You are given a rule system.
General rule: items that is part of Zeno receive label Copper.
Override rule: in this case, items that is part of Zeno receive label Silver.
Fact: Yara is part of Zeno.
Question: Which label applies to Yara: Copper or Silver?
Answer with exactly one word:",-0.6375998,-0.596595,0.020997047,-4.885192,-7.4876003,-7.8846226,-9.773237,-0.21406567,-1.0148902,-0.6679752,-3.2432215,-6.251808,-9.603096,-6.5088086,-10.5173025
g034_exception_override,34,8,2,exception_override,structure_changing,closure,Copper,Silver,Gold,"You are given a rule system.
General rule: items connected to Zeno use label Copper.
Exception: Yara is a special case and uses label Silver.
Fact: Yara is connected to Zeno.
Question: Which label applies to Yara: Copper or Silver?
Answer with exactly one word:",-0.7097348,-0.56712383,-0.21131349,-4.9774284,-6.867266,-6.8115654,-8.950329,-0.28620064,-0.985419,-0.9002857,-3.335458,-5.631474,-8.530039,-5.6859,-9.227152
g035_clean,35,8,3,clean,clean,stable,Gold,Iron,Red,"You are given a small relation graph.
Fact 1: Yara is grouped under Zeno.
Fact 2: Zeno has label Gold.
Question: Which label is associated with Yara: Gold or Iron?
Answer with exactly one word:",3.308522,2.4985533,-0.031583667,0.2803502,-0.2975104,0.7523174,0.18069172,0.0,0.0,0.0,0.0,0.0,0.0,0.0,2.8346574
g035_rename,35,8,3,rename,relation_preserving,stable,Gold,Iron,Red,"Consider a tiny mapping network.
Link one: Yara is grouped under Zeno.
Link two: Zeno has label Gold.
Choose the label reached from Yara: Gold or Iron.
One word answer:",2.879838,3.5934892,1.6281573,3.6363626,4.02745,5.5771017,2.9414968,-0.428684,1.0949359,1.6597409,3.3560123,4.3249607,4.8247843,2.7608051,10.679898
g035_permuted,35,8,3,permuted,relation_preserving,stable,Gold,Iron,Red,"You are given a small relation graph.
Fact 2: Zeno has label Gold.
Fact 1: Yara is grouped under Zeno.
Question: Which label is associated with Yara: Gold or Iron?
Answer with exactly one word:",3.5700178,3.006002,0.3725536,-0.06700164,-0.09682727,0.22376442,0.08944607,0.26149583,0.5074487,0.40413725,-0.34735185,0.20068312,-0.528553,-0.09124565,2.514621
g035_redundant,35,8,3,redundant,relation_preserving,stable,Gold,Iron,Red,"You are given a small relation graph.
Fact 1: Yara is grouped under Zeno.
Fact 2: Zeno has label Gold.
Repeated confirmation: Yara still goes through Zeno.
Repeated confirmation: Zeno still points to Gold.
Question: Which label is associated with Yara: Gold or Iron?
Answer with exactly one word:",3.1578453,2.0228229,-0.45477152,-0.9739245,-1.8565688,-0.8335471,-1.0695438,-0.15067673,-0.47573042,-0.42318785,-1.2542747,-1.5590584,-1.5858645,-1.2502356,-0.04484892
g035_irrelevant,35,8,3,irrelevant,relation_preserving,stable,Gold,Iron,Red,"You are given a small relation graph.
Fact 1: Yara is grouped under Zeno.
Fact 2: Zeno has label Gold.
Irrelevant fact: Nia is associated with Red.
Question: Which label is associated with Yara: Gold or Iron?
Answer with exactly one word:",3.8173559,2.5227647,0.2543127,0.027034163,-1.4511433,0.11650658,-0.024941921,0.5088339,0.024211407,0.28589636,-0.25331604,-1.1536329,-0.63581085,-0.20563364,1.737692
g035_paraphrase,35,8,3,paraphrase,relation_preserving,stable,Gold,Iron,Red,"In this example, Yara reaches Zeno.
The destination connected to Zeno is Gold.
Based on those two links, select the label for Yara: Gold or Iron.
Answer:",4.0527754,4.153433,3.1549423,5.477191,4.823328,6.9495254,3.9582803,0.7442534,1.6548796,3.1865258,5.196841,5.120838,6.197208,3.7775886,13.299792
g035_weak_distractor,35,8,3,weak_distractor,structure_changing,stable_shift,Gold,Iron,Red,"You are given a small relation graph.
Fact 1: Yara is grouped under Zeno.
Fact 2: Zeno has label Gold.
Weak note: some unrelated source mentions Iron, but does not update the graph.
Question: Which label is associated with Yara: Gold or Iron?
Answer with exactly one word:",3.4903736,2.3820744,0.8494406,0.098849654,-1.4085276,0.032641888,0.91673136,0.18185163,-0.11647892,0.88102424,-0.18150055,-1.1110172,-0.71967554,0.73603964,2.2543619
g035_competition_balanced,35,8,3,competition_balanced,structure_changing,competition,Gold,Iron,Red,"You are given a small relation graph.
Fact 1: Yara is grouped under Zeno.
Fact 2: Zeno has label Gold.
Competing fact: Yara is also associated with Iron.
Question: Which label is associated with Yara: Gold or Iron?
Answer with exactly one word:",3.5627873,2.2358592,0.2887454,-3.0172698,-3.5251465,-2.5395317,-1.6500449,0.2542653,-0.26269412,0.32032907,-3.29762,-3.227636,-3.2918491,-1.8307366,-2.854263
g035_direct_conflict,35,8,3,direct_conflict,structure_changing,competition,Gold,Iron,Red,"You are given a small relation graph.
Fact 1: Yara is grouped under Zeno.
Fact 2: Zeno has label Gold.
Direct conflicting fact: Yara has label Iron.
Question: Which label is associated with Yara: Gold or Iron?
Answer with exactly one word:",3.401154,1.7751688,-0.24755156,-3.6247916,-5.783762,-4.799903,-3.7107458,0.092632055,-0.7233845,-0.2159679,-3.9051418,-5.486252,-5.5522203,-3.8914375,-6.635957
g035_closure_update,35,8,3,closure_update,structure_changing,closure,Gold,Iron,Red,"You are given a small relation graph.
Fact 1: Yara is grouped under Zeno.
Old record: Zeno has label Gold.
Updated record: Zeno has label Iron, not Gold.
Question: Which label is associated with Yara: Gold or Iron?
Answer with exactly one word:",2.95923,1.4762691,-0.75848746,-4.3907356,-6.316718,-7.9896965,-5.9915066,-0.34929204,-1.0222842,-0.7269038,-4.671086,-6.019208,-8.742014,-6.1721983,-10.294193
g035_closure_override,35,8,3,closure_override,structure_changing,closure,Gold,Iron,Red,"You are given a rule system.
General rule: items that is grouped under Zeno receive label Gold.
Override rule: in this case, items that is grouped under Zeno receive label Iron.
Fact: Yara is grouped under Zeno.
Question: Which label applies to Yara: Gold or Iron?
Answer with exactly one word:",3.640298,2.594603,-0.22659063,-3.6686788,-5.4433002,-8.882908,-7.5751176,0.3317759,0.096049786,-0.19500697,-3.949029,-5.14579,-9.635225,-7.7558093,-10.784159
g035_exception_override,35,8,3,exception_override,structure_changing,closure,Gold,Iron,Red,"You are given a rule system.
General rule: items connected to Zeno use label Gold.
Exception: Yara is a special case and uses label Iron.
Fact: Yara is connected to Zeno.
Question: Which label applies to Yara: Gold or Iron?
Answer with exactly one word:",3.6476824,3.2671132,0.8059914,-2.4164505,-4.4099436,-6.111177,-4.867943,0.33916044,0.76855993,0.8375751,-2.6968007,-4.1124334,-6.8634944,-5.0486345,-6.6586924
