prompt_id,problem_id,condition,mechanism,mechanism_id,expression,correct_value,distractor_value,clean_label,conflict_label,prompt,final_clean_logit,final_conflict_logit,final_margin,pair_choice,split,DeltaU_arith,dR_L20,dR_L21,dR_L22,dR_L23,dR_L24,dR_L25
lexical_000_clean,0,clean,stable,0,category=colour,Red,North,Red,North,"Example 1: Which candidate is a colour? Red or River. Answer: Red.
Example 2: Which candidate is a fruit? Stone or Pear. Answer: Pear.
Now answer the new item.
Target category: colour.
Candidate 1: Red
Candidate 2: North
Which candidate belongs to the target category?
Answer with exactly one candidate word:",20.03125,20.609375,-0.578125,conflict,train,4.2225304,0.0,0.0,0.0,0.0,0.0,0.0
lexical_000_paraphrase,0,paraphrase,stable,0,category=colour,Red,North,Red,North,"Example 1: Which candidate is a colour? Red or River. Answer: Red.
Example 2: Which candidate is a fruit? Stone or Pear. Answer: Pear.
Now answer the new item.
Select the word that belongs to the category colour.
Candidate 1: Red
Candidate 2: North
Which candidate belongs to the target category?
Answer with exactly one candidate word:",18.6875,18.921875,-0.234375,conflict,train,5.812069,0.8342874,0.7084222,0.75563,1.0961523,0.820446,0.51535416
lexical_000_untrusted_conflict,0,untrusted_conflict,competition,1,category=colour,Red,North,Red,North,"Example 1: Which candidate is a colour? Red or River. Answer: Red.
Example 2: Which candidate is a fruit? Stone or Pear. Answer: Pear.
Now answer the new item.
Target category: colour.
Candidate 1: Red
Candidate 2: North
An unverified note claims North. Check the category yourself.
Which candidate belongs to the target category?
Answer with exactly one candidate word:",19.1875,19.71875,-0.53125,conflict,train,1.1800182,-0.093072414,-0.46170354,-0.7995558,-2.1672792,-1.3693571,-1.6203995
lexical_000_asserted_conflict,0,asserted_conflict,competition,1,category=colour,Red,North,Red,North,"Example 1: Which candidate is a colour? Red or River. Answer: Red.
Example 2: Which candidate is a fruit? Stone or Pear. Answer: Pear.
Now answer the new item.
Target category: colour.
Candidate 1: Red
Candidate 2: North
A previous annotator selected North. Independently classify the words.
Which candidate belongs to the target category?
Answer with exactly one candidate word:",10.46875,22.578125,-12.109375,conflict,train,-21.576757,-1.7968211,-2.6775036,-6.490595,-13.317641,-14.342733,-15.255011
lexical_000_explicit_correction,0,explicit_correction,closure,2,category=colour,Red,North,Red,North,"Example 1: Which candidate is a colour? Red or River. Answer: Red.
Example 2: Which candidate is a fruit? Stone or Pear. Answer: Pear.
Now answer the new item.
Target category: colour.
Candidate 1: Red
Candidate 2: North
Initial note: North. Correction: that note was withdrawn; use category membership.
Which candidate belongs to the target category?
Answer with exactly one candidate word:",20.671875,16.828125,3.84375,clean,train,12.128303,1.0254285,0.2836802,2.4795952,3.7140722,4.669874,4.537237
lexical_000_final_recheck,0,final_recheck,closure,2,category=colour,Red,North,Red,North,"Example 1: Which candidate is a colour? Red or River. Answer: Red.
Example 2: Which candidate is a fruit? Stone or Pear. Answer: Pear.
Now answer the new item.
Target category: colour.
Candidate 1: Red
Candidate 2: North
Draft answer: North. Final instruction: recheck the category and replace the draft if needed.
Which candidate belongs to the target category?
Answer with exactly one candidate word:",18.5625,19.84375,-1.28125,conflict,train,-3.6106963,-0.7635906,-1.3775902,-1.6707354,-4.4661226,-4.1389685,-4.5279884
lexical_001_clean,1,clean,stable,0,category=direction,North,Silver,North,Silver,"Example 1: Which candidate is a colour? Red or River. Answer: Red.
Example 2: Which candidate is a fruit? Stone or Pear. Answer: Pear.
Now answer the new item.
Target category: direction.
Candidate 1: Silver
Candidate 2: North
Which candidate belongs to the target category?
Answer with exactly one candidate word:",24.671875,8.2734375,16.398438,clean,heldout,4.2225304,0.0,0.0,0.0,0.0,0.0,0.0
lexical_001_paraphrase,1,paraphrase,stable,0,category=direction,North,Silver,North,Silver,"Example 1: Which candidate is a colour? Red or River. Answer: Red.
Example 2: Which candidate is a fruit? Stone or Pear. Answer: Pear.
Now answer the new item.
Select the word that belongs to the category direction.
Candidate 1: Silver
Candidate 2: North
Which candidate belongs to the target category?
Answer with exactly one candidate word:",22.703125,8.640625,14.0625,clean,heldout,-0.6120887,-1.3716936,-1.7913461,-2.5126648,-3.1297054,-1.95545,-2.3187122
lexical_001_untrusted_conflict,1,untrusted_conflict,competition,1,category=direction,North,Silver,North,Silver,"Example 1: Which candidate is a colour? Red or River. Answer: Red.
Example 2: Which candidate is a fruit? Stone or Pear. Answer: Pear.
Now answer the new item.
Target category: direction.
Candidate 1: Silver
Candidate 2: North
An unverified note claims Silver. Check the category yourself.
Which candidate belongs to the target category?
Answer with exactly one candidate word:",23.1875,10.8828125,12.3046875,clean,heldout,1.3088782,0.49133062,0.13058853,-0.50402164,-1.1081657,-1.6147614,-2.2425804
lexical_001_asserted_conflict,1,asserted_conflict,competition,1,category=direction,North,Silver,North,Silver,"Example 1: Which candidate is a colour? Red or River. Answer: Red.
Example 2: Which candidate is a fruit? Stone or Pear. Answer: Pear.
Now answer the new item.
Target category: direction.
Candidate 1: Silver
Candidate 2: North
A previous annotator selected Silver. Independently classify the words.
Which candidate belongs to the target category?
Answer with exactly one candidate word:",23.515625,13.3671875,10.1484375,clean,heldout,-2.1873631,-0.2571411,-0.4519558,-1.3978481,-3.1748676,-3.7226715,-3.8678055
lexical_001_explicit_correction,1,explicit_correction,closure,2,category=direction,North,Silver,North,Silver,"Example 1: Which candidate is a colour? Red or River. Answer: Red.
Example 2: Which candidate is a fruit? Stone or Pear. Answer: Pear.
Now answer the new item.
Target category: direction.
Candidate 1: Silver
Candidate 2: North
Initial note: Silver. Correction: that note was withdrawn; use category membership.
Which candidate belongs to the target category?
Answer with exactly one candidate word:",23.21875,10.7109375,12.5078125,clean,heldout,1.3101034,0.5235057,0.06215048,-0.7541027,-1.696702,-1.2494087,-2.0303097
lexical_001_final_recheck,1,final_recheck,closure,2,category=direction,North,Silver,North,Silver,"Example 1: Which candidate is a colour? Red or River. Answer: Red.
Example 2: Which candidate is a fruit? Stone or Pear. Answer: Pear.
Now answer the new item.
Target category: direction.
Candidate 1: Silver
Candidate 2: North
Draft answer: Silver. Final instruction: recheck the category and replace the draft if needed.
Which candidate belongs to the target category?
Answer with exactly one candidate word:",22.625,12.1328125,10.4921875,clean,heldout,2.8105044,0.7889838,0.40178537,-0.41274452,-0.81967163,-0.42147064,-1.2421246
lexical_002_clean,2,clean,stable,0,category=metal,Copper,Triangle,Copper,Triangle,"Example 1: Which candidate is a colour? Red or River. Answer: Red.
Example 2: Which candidate is a fruit? Stone or Pear. Answer: Pear.
Now answer the new item.
Target category: metal.
Candidate 1: Copper
Candidate 2: Triangle
Which candidate belongs to the target category?
Answer with exactly one candidate word:",20.796875,10.609375,10.1875,clean,heldout,4.2225304,0.0,0.0,0.0,0.0,0.0,0.0
lexical_002_paraphrase,2,paraphrase,stable,0,category=metal,Copper,Triangle,Copper,Triangle,"Example 1: Which candidate is a colour? Red or River. Answer: Red.
Example 2: Which candidate is a fruit? Stone or Pear. Answer: Pear.
Now answer the new item.
Select the word that belongs to the category metal.
Candidate 1: Copper
Candidate 2: Triangle
Which candidate belongs to the target category?
Answer with exactly one candidate word:",20.34375,10.375,9.96875,clean,heldout,2.672627,1.0849074,0.77001643,1.1434588,-0.30202007,-1.055728,-1.9215393
lexical_002_untrusted_conflict,2,untrusted_conflict,competition,1,category=metal,Copper,Triangle,Copper,Triangle,"Example 1: Which candidate is a colour? Red or River. Answer: Red.
Example 2: Which candidate is a fruit? Stone or Pear. Answer: Pear.
Now answer the new item.
Target category: metal.
Candidate 1: Copper
Candidate 2: Triangle
An unverified note claims Triangle. Check the category yourself.
Which candidate belongs to the target category?
Answer with exactly one candidate word:",19.25,17.453125,1.796875,clean,heldout,-5.3328896,-0.79277945,-0.24220753,-0.6322303,-4.22403,-5.600439,-6.668168
lexical_002_asserted_conflict,2,asserted_conflict,competition,1,category=metal,Copper,Triangle,Copper,Triangle,"Example 1: Which candidate is a colour? Red or River. Answer: Red.
Example 2: Which candidate is a fruit? Stone or Pear. Answer: Pear.
Now answer the new item.
Target category: metal.
Candidate 1: Copper
Candidate 2: Triangle
A previous annotator selected Triangle. Independently classify the words.
Which candidate belongs to the target category?
Answer with exactly one candidate word:",18.140625,21.09375,-2.953125,conflict,heldout,-21.176294,-1.688404,-1.1614833,-3.2627225,-11.630543,-14.978661,-16.710129
lexical_002_explicit_correction,2,explicit_correction,closure,2,category=metal,Copper,Triangle,Copper,Triangle,"Example 1: Which candidate is a colour? Red or River. Answer: Red.
Example 2: Which candidate is a fruit? Stone or Pear. Answer: Pear.
Now answer the new item.
Target category: metal.
Candidate 1: Copper
Candidate 2: Triangle
Initial note: Triangle. Correction: that note was withdrawn; use category membership.
Which candidate belongs to the target category?
Answer with exactly one candidate word:",20.46875,13.0390625,7.4296875,clean,heldout,1.7943234,0.2745613,0.100798845,0.29506445,-1.3870125,-0.9888439,-2.0985832
lexical_002_final_recheck,2,final_recheck,closure,2,category=metal,Copper,Triangle,Copper,Triangle,"Example 1: Which candidate is a colour? Red or River. Answer: Red.
Example 2: Which candidate is a fruit? Stone or Pear. Answer: Pear.
Now answer the new item.
Target category: metal.
Candidate 1: Copper
Candidate 2: Triangle
Draft answer: Triangle. Final instruction: recheck the category and replace the draft if needed.
Which candidate belongs to the target category?
Answer with exactly one candidate word:",19.796875,14.3828125,5.4140625,clean,heldout,-0.3089261,0.18679678,0.15883112,-0.23946285,-1.992218,-2.402813,-3.5223093
lexical_003_clean,3,clean,stable,0,category=shape,Circle,Ocean,Circle,Ocean,"Example 1: Which candidate is a colour? Red or River. Answer: Red.
Example 2: Which candidate is a fruit? Stone or Pear. Answer: Pear.
Now answer the new item.
Target category: shape.
Candidate 1: Ocean
Candidate 2: Circle
Which candidate belongs to the target category?
Answer with exactly one candidate word:",22.53125,14.8515625,7.6796875,clean,train,4.2225304,0.0,0.0,0.0,0.0,0.0,0.0
lexical_003_paraphrase,3,paraphrase,stable,0,category=shape,Circle,Ocean,Circle,Ocean,"Example 1: Which candidate is a colour? Red or River. Answer: Red.
Example 2: Which candidate is a fruit? Stone or Pear. Answer: Pear.
Now answer the new item.
Select the word that belongs to the category shape.
Candidate 1: Ocean
Candidate 2: Circle
Which candidate belongs to the target category?
Answer with exactly one candidate word:",20.453125,18.921875,1.53125,clean,train,-5.2833405,-0.9785386,-0.93342113,-3.2115862,-3.9728222,-5.600692,-5.720155
lexical_003_untrusted_conflict,3,untrusted_conflict,competition,1,category=shape,Circle,Ocean,Circle,Ocean,"Example 1: Which candidate is a colour? Red or River. Answer: Red.
Example 2: Which candidate is a fruit? Stone or Pear. Answer: Pear.
Now answer the new item.
Target category: shape.
Candidate 1: Ocean
Candidate 2: Circle
An unverified note claims Ocean. Check the category yourself.
Which candidate belongs to the target category?
Answer with exactly one candidate word:",20.421875,17.875,2.546875,clean,train,-5.8299713,-0.8122545,-1.0711527,-2.8560333,-4.8008747,-5.969138,-5.7490587
lexical_003_asserted_conflict,3,asserted_conflict,competition,1,category=shape,Circle,Ocean,Circle,Ocean,"Example 1: Which candidate is a colour? Red or River. Answer: Red.
Example 2: Which candidate is a fruit? Stone or Pear. Answer: Pear.
Now answer the new item.
Target category: shape.
Candidate 1: Ocean
Candidate 2: Circle
A previous annotator selected Ocean. Independently classify the words.
Which candidate belongs to the target category?
Answer with exactly one candidate word:",19.015625,19.78125,-0.765625,conflict,train,-11.857265,-2.1150966,-1.3538957,-5.5487638,-7.639161,-8.706255,-9.628855
lexical_003_explicit_correction,3,explicit_correction,closure,2,category=shape,Circle,Ocean,Circle,Ocean,"Example 1: Which candidate is a colour? Red or River. Answer: Red.
Example 2: Which candidate is a fruit? Stone or Pear. Answer: Pear.
Now answer the new item.
Target category: shape.
Candidate 1: Ocean
Candidate 2: Circle
Initial note: Ocean. Correction: that note was withdrawn; use category membership.
Which candidate belongs to the target category?
Answer with exactly one candidate word:",21.703125,15.21875,6.484375,clean,train,2.3307543,-0.2499882,-0.09248018,-0.39637804,-1.2707901,-1.0566425,-0.9150963
lexical_003_final_recheck,3,final_recheck,closure,2,category=shape,Circle,Ocean,Circle,Ocean,"Example 1: Which candidate is a colour? Red or River. Answer: Red.
Example 2: Which candidate is a fruit? Stone or Pear. Answer: Pear.
Now answer the new item.
Target category: shape.
Candidate 1: Ocean
Candidate 2: Circle
Draft answer: Ocean. Final instruction: recheck the category and replace the draft if needed.
Which candidate belongs to the target category?
Answer with exactly one candidate word:",21.0,16.453125,4.546875,clean,train,0.219275,-0.62953794,-0.4426645,-0.67230606,-2.0971165,-2.1151934,-2.535386
lexical_004_clean,4,clean,stable,0,category=landscape feature,River,Sun,River,Sun,"Example 1: Which candidate is a colour? Red or River. Answer: Red.
Example 2: Which candidate is a fruit? Stone or Pear. Answer: Pear.
Now answer the new item.
Target category: landscape feature.
Candidate 1: River
Candidate 2: Sun
Which candidate belongs to the target category?
Answer with exactly one candidate word:",22.4375,12.2109375,10.2265625,clean,heldout,4.2225304,0.0,0.0,0.0,0.0,0.0,0.0
lexical_004_paraphrase,4,paraphrase,stable,0,category=landscape feature,River,Sun,River,Sun,"Example 1: Which candidate is a colour? Red or River. Answer: Red.
Example 2: Which candidate is a fruit? Stone or Pear. Answer: Pear.
Now answer the new item.
Select the word that belongs to the category landscape feature.
Candidate 1: River
Candidate 2: Sun
Which candidate belongs to the target category?
Answer with exactly one candidate word:",20.859375,7.7734375,13.0859375,clean,heldout,4.696151,-0.048649788,-0.36685658,-0.09698105,0.75452805,0.83125114,-0.51888657
lexical_004_untrusted_conflict,4,untrusted_conflict,competition,1,category=landscape feature,River,Sun,River,Sun,"Example 1: Which candidate is a colour? Red or River. Answer: Red.
Example 2: Which candidate is a fruit? Stone or Pear. Answer: Pear.
Now answer the new item.
Target category: landscape feature.
Candidate 1: River
Candidate 2: Sun
An unverified note claims Sun. Check the category yourself.
Which candidate belongs to the target category?
Answer with exactly one candidate word:",21.796875,14.125,7.671875,clean,heldout,-1.8717008,-0.9143021,-1.0213056,-1.3245993,-2.7773657,-3.252945,-4.0018444
lexical_004_asserted_conflict,4,asserted_conflict,competition,1,category=landscape feature,River,Sun,River,Sun,"Example 1: Which candidate is a colour? Red or River. Answer: Red.
Example 2: Which candidate is a fruit? Stone or Pear. Answer: Pear.
Now answer the new item.
Target category: landscape feature.
Candidate 1: River
Candidate 2: Sun
A previous annotator selected Sun. Independently classify the words.
Which candidate belongs to the target category?
Answer with exactly one candidate word:",21.328125,18.40625,2.921875,clean,heldout,-21.197063,-2.7766523,-3.0470772,-7.289455,-14.478597,-12.985446,-14.580765
lexical_004_explicit_correction,4,explicit_correction,closure,2,category=landscape feature,River,Sun,River,Sun,"Example 1: Which candidate is a colour? Red or River. Answer: Red.
Example 2: Which candidate is a fruit? Stone or Pear. Answer: Pear.
Now answer the new item.
Target category: landscape feature.
Candidate 1: River
Candidate 2: Sun
Initial note: Sun. Correction: that note was withdrawn; use category membership.
Which candidate belongs to the target category?
Answer with exactly one candidate word:",22.03125,12.8671875,9.1640625,clean,heldout,1.0917478,-0.7175832,-0.94704294,-0.45843315,-1.6472626,-1.4501667,-2.1004906
lexical_004_final_recheck,4,final_recheck,closure,2,category=landscape feature,River,Sun,River,Sun,"Example 1: Which candidate is a colour? Red or River. Answer: Red.
Example 2: Which candidate is a fruit? Stone or Pear. Answer: Pear.
Now answer the new item.
Target category: landscape feature.
Candidate 1: River
Candidate 2: Sun
Draft answer: Sun. Final instruction: recheck the category and replace the draft if needed.
Which candidate belongs to the target category?
Answer with exactly one candidate word:",22.125,14.703125,7.421875,clean,heldout,-4.3166265,-1.2502594,-1.6337266,-2.243596,-4.9794893,-3.997919,-5.1246223
lexical_005_clean,5,clean,stable,0,category=sky object,Sun,Orange,Sun,Orange,"Example 1: Which candidate is a colour? Red or River. Answer: Red.
Example 2: Which candidate is a fruit? Stone or Pear. Answer: Pear.
Now answer the new item.
Target category: sky object.
Candidate 1: Orange
Candidate 2: Sun
Which candidate belongs to the target category?
Answer with exactly one candidate word:",21.5,9.703125,11.796875,clean,heldout,4.2225304,0.0,0.0,0.0,0.0,0.0,0.0
lexical_005_paraphrase,5,paraphrase,stable,0,category=sky object,Sun,Orange,Sun,Orange,"Example 1: Which candidate is a colour? Red or River. Answer: Red.
Example 2: Which candidate is a fruit? Stone or Pear. Answer: Pear.
Now answer the new item.
Select the word that belongs to the category sky object.
Candidate 1: Orange
Candidate 2: Sun
Which candidate belongs to the target category?
Answer with exactly one candidate word:",18.46875,8.2890625,10.1796875,clean,heldout,-1.0049033,-0.47643912,-1.0207455,-1.8217707,-2.2396183,-2.6171923,-3.4656982
lexical_005_untrusted_conflict,5,untrusted_conflict,competition,1,category=sky object,Sun,Orange,Sun,Orange,"Example 1: Which candidate is a colour? Red or River. Answer: Red.
Example 2: Which candidate is a fruit? Stone or Pear. Answer: Pear.
Now answer the new item.
Target category: sky object.
Candidate 1: Orange
Candidate 2: Sun
An unverified note claims Orange. Check the category yourself.
Which candidate belongs to the target category?
Answer with exactly one candidate word:",20.59375,11.0859375,9.5078125,clean,heldout,1.4171278,-0.2505021,-0.0998168,-0.46299124,-1.6142197,-1.4952545,-1.6989651
lexical_005_asserted_conflict,5,asserted_conflict,competition,1,category=sky object,Sun,Orange,Sun,Orange,"Example 1: Which candidate is a colour? Red or River. Answer: Red.
Example 2: Which candidate is a fruit? Stone or Pear. Answer: Pear.
Now answer the new item.
Target category: sky object.
Candidate 1: Orange
Candidate 2: Sun
A previous annotator selected Orange. Independently classify the words.
Which candidate belongs to the target category?
Answer with exactly one candidate word:",20.421875,10.25,10.171875,clean,heldout,0.37797117,-0.64663744,-1.1829119,-1.6139555,-2.059247,-1.7909861,-2.1704988
lexical_005_explicit_correction,5,explicit_correction,closure,2,category=sky object,Sun,Orange,Sun,Orange,"Example 1: Which candidate is a colour? Red or River. Answer: Red.
Example 2: Which candidate is a fruit? Stone or Pear. Answer: Pear.
Now answer the new item.
Target category: sky object.
Candidate 1: Orange
Candidate 2: Sun
Initial note: Orange. Correction: that note was withdrawn; use category membership.
Which candidate belongs to the target category?
Answer with exactly one candidate word:",20.765625,7.9921875,12.7734375,clean,heldout,4.6599436,-0.7705507,-0.4785447,-0.64788103,-0.14940262,0.5093546,0.72257423
lexical_005_final_recheck,5,final_recheck,closure,2,category=sky object,Sun,Orange,Sun,Orange,"Example 1: Which candidate is a colour? Red or River. Answer: Red.
Example 2: Which candidate is a fruit? Stone or Pear. Answer: Pear.
Now answer the new item.
Target category: sky object.
Candidate 1: Orange
Candidate 2: Sun
Draft answer: Orange. Final instruction: recheck the category and replace the draft if needed.
Which candidate belongs to the target category?
Answer with exactly one candidate word:",20.578125,8.75,11.828125,clean,heldout,5.9487667,-0.8978206,-0.7197975,-0.4847722,0.6261921,1.2798195,1.4744053
lexical_006_clean,6,clean,stable,0,category=fruit,Apple,Green,Apple,Green,"Example 1: Which candidate is a colour? Red or River. Answer: Red.
Example 2: Which candidate is a fruit? Stone or Pear. Answer: Pear.
Now answer the new item.
Target category: fruit.
Candidate 1: Apple
Candidate 2: Green
Which candidate belongs to the target category?
Answer with exactly one candidate word:",21.09375,4.453125,16.640625,clean,heldout,4.2225304,0.0,0.0,0.0,0.0,0.0,0.0
lexical_006_paraphrase,6,paraphrase,stable,0,category=fruit,Apple,Green,Apple,Green,"Example 1: Which candidate is a colour? Red or River. Answer: Red.
Example 2: Which candidate is a fruit? Stone or Pear. Answer: Pear.
Now answer the new item.
Select the word that belongs to the category fruit.
Candidate 1: Apple
Candidate 2: Green
Which candidate belongs to the target category?
Answer with exactly one candidate word:",20.75,4.1523438,16.597656,clean,heldout,1.4035687,-0.41258025,-0.05581951,0.15742588,-0.97725105,-1.7133961,-2.2314491
lexical_006_untrusted_conflict,6,untrusted_conflict,competition,1,category=fruit,Apple,Green,Apple,Green,"Example 1: Which candidate is a colour? Red or River. Answer: Red.
Example 2: Which candidate is a fruit? Stone or Pear. Answer: Pear.
Now answer the new item.
Target category: fruit.
Candidate 1: Apple
Candidate 2: Green
An unverified note claims Green. Check the category yourself.
Which candidate belongs to the target category?
Answer with exactly one candidate word:",20.59375,7.5664062,13.027344,clean,heldout,1.618257,-0.04801607,-0.09206581,-0.08749294,-1.4928017,-1.4791431,-1.6402683
lexical_006_asserted_conflict,6,asserted_conflict,competition,1,category=fruit,Apple,Green,Apple,Green,"Example 1: Which candidate is a colour? Red or River. Answer: Red.
Example 2: Which candidate is a fruit? Stone or Pear. Answer: Pear.
Now answer the new item.
Target category: fruit.
Candidate 1: Apple
Candidate 2: Green
A previous annotator selected Green. Independently classify the words.
Which candidate belongs to the target category?
Answer with exactly one candidate word:",17.140625,19.34375,-2.203125,conflict,heldout,-26.587408,-1.2729633,-2.3373027,-7.2914467,-15.865885,-17.545485,-18.212498
lexical_006_explicit_correction,6,explicit_correction,closure,2,category=fruit,Apple,Green,Apple,Green,"Example 1: Which candidate is a colour? Red or River. Answer: Red.
Example 2: Which candidate is a fruit? Stone or Pear. Answer: Pear.
Now answer the new item.
Target category: fruit.
Candidate 1: Apple
Candidate 2: Green
Initial note: Green. Correction: that note was withdrawn; use category membership.
Which candidate belongs to the target category?
Answer with exactly one candidate word:",20.9375,6.1796875,14.7578125,clean,heldout,4.100229,0.3482678,0.5103035,0.6875415,0.02496624,-0.14244652,-0.43655777
lexical_006_final_recheck,6,final_recheck,closure,2,category=fruit,Apple,Green,Apple,Green,"Example 1: Which candidate is a colour? Red or River. Answer: Red.
Example 2: Which candidate is a fruit? Stone or Pear. Answer: Pear.
Now answer the new item.
Target category: fruit.
Candidate 1: Apple
Candidate 2: Green
Draft answer: Green. Final instruction: recheck the category and replace the draft if needed.
Which candidate belongs to the target category?
Answer with exactly one candidate word:",20.46875,7.6757812,12.792969,clean,heldout,3.97446,-0.40319848,0.08229971,0.38740635,0.10473633,-0.12882614,-0.48030472
lexical_007_clean,7,clean,stable,0,category=colour,Blue,Copper,Blue,Copper,"Example 1: Which candidate is a colour? Red or River. Answer: Red.
Example 2: Which candidate is a fruit? Stone or Pear. Answer: Pear.
Now answer the new item.
Target category: colour.
Candidate 1: Copper
Candidate 2: Blue
Which candidate belongs to the target category?
Answer with exactly one candidate word:",22.3125,19.90625,2.40625,clean,train,4.2225304,0.0,0.0,0.0,0.0,0.0,0.0
lexical_007_paraphrase,7,paraphrase,stable,0,category=colour,Blue,Copper,Blue,Copper,"Example 1: Which candidate is a colour? Red or River. Answer: Red.
Example 2: Which candidate is a fruit? Stone or Pear. Answer: Pear.
Now answer the new item.
Select the word that belongs to the category colour.
Candidate 1: Copper
Candidate 2: Blue
Which candidate belongs to the target category?
Answer with exactly one candidate word:",22.3125,17.953125,4.359375,clean,train,9.487918,0.46197605,0.65044403,1.4379263,3.053224,2.8181477,2.8912525
lexical_007_untrusted_conflict,7,untrusted_conflict,competition,1,category=colour,Blue,Copper,Blue,Copper,"Example 1: Which candidate is a colour? Red or River. Answer: Red.
Example 2: Which candidate is a fruit? Stone or Pear. Answer: Pear.
Now answer the new item.
Target category: colour.
Candidate 1: Copper
Candidate 2: Blue
An unverified note claims Copper. Check the category yourself.
Which candidate belongs to the target category?
Answer with exactly one candidate word:",21.109375,19.6875,1.421875,clean,train,1.4078574,0.052008867,-0.04065895,-0.17324686,-2.2356339,-1.0894375,-1.7594776
lexical_007_asserted_conflict,7,asserted_conflict,competition,1,category=colour,Blue,Copper,Blue,Copper,"Example 1: Which candidate is a colour? Red or River. Answer: Red.
Example 2: Which candidate is a fruit? Stone or Pear. Answer: Pear.
Now answer the new item.
Target category: colour.
Candidate 1: Copper
Candidate 2: Blue
A previous annotator selected Copper. Independently classify the words.
Which candidate belongs to the target category?
Answer with exactly one candidate word:",19.859375,20.515625,-0.65625,conflict,train,-3.1305828,-0.5630028,-0.5580492,-1.6917391,-4.169027,-3.4999752,-4.6948423
lexical_007_explicit_correction,7,explicit_correction,closure,2,category=colour,Blue,Copper,Blue,Copper,"Example 1: Which candidate is a colour? Red or River. Answer: Red.
Example 2: Which candidate is a fruit? Stone or Pear. Answer: Pear.
Now answer the new item.
Target category: colour.
Candidate 1: Copper
Candidate 2: Blue
Initial note: Copper. Correction: that note was withdrawn; use category membership.
Which candidate belongs to the target category?
Answer with exactly one candidate word:",22.875,18.453125,4.421875,clean,train,7.0109243,0.37613773,0.26545286,2.0195832,0.85980844,1.5628004,1.5841532
lexical_007_final_recheck,7,final_recheck,closure,2,category=colour,Blue,Copper,Blue,Copper,"Example 1: Which candidate is a colour? Red or River. Answer: Red.
Example 2: Which candidate is a fruit? Stone or Pear. Answer: Pear.
Now answer the new item.
Target category: colour.
Candidate 1: Copper
Candidate 2: Blue
Draft answer: Copper. Final instruction: recheck the category and replace the draft if needed.
Which candidate belongs to the target category?
Answer with exactly one candidate word:",22.203125,17.515625,4.6875,clean,train,9.480711,0.38090038,0.27517128,2.3515182,2.6374435,3.0964108,2.6535578
lexical_008_clean,8,clean,stable,0,category=direction,South,Square,South,Square,"Example 1: Which candidate is a colour? Red or River. Answer: Red.
Example 2: Which candidate is a fruit? Stone or Pear. Answer: Pear.
Now answer the new item.
Target category: direction.
Candidate 1: South
Candidate 2: Square
Which candidate belongs to the target category?
Answer with exactly one candidate word:",24.28125,15.4140625,8.8671875,clean,train,4.2225304,0.0,0.0,0.0,0.0,0.0,0.0
lexical_008_paraphrase,8,paraphrase,stable,0,category=direction,South,Square,South,Square,"Example 1: Which candidate is a colour? Red or River. Answer: Red.
Example 2: Which candidate is a fruit? Stone or Pear. Answer: Pear.
Now answer the new item.
Select the word that belongs to the category direction.
Candidate 1: South
Candidate 2: Square
Which candidate belongs to the target category?
Answer with exactly one candidate word:",23.03125,8.65625,14.375,clean,train,7.4234858,0.07923412,0.3901987,-0.17683029,0.5716343,2.842722,2.0971699
lexical_008_untrusted_conflict,8,untrusted_conflict,competition,1,category=direction,South,Square,South,Square,"Example 1: Which candidate is a colour? Red or River. Answer: Red.
Example 2: Which candidate is a fruit? Stone or Pear. Answer: Pear.
Now answer the new item.
Target category: direction.
Candidate 1: South
Candidate 2: Square
An unverified note claims Square. Check the category yourself.
Which candidate belongs to the target category?
Answer with exactly one candidate word:",23.078125,16.421875,6.65625,clean,train,1.321012,-0.89954376,-0.7661495,-1.1278801,-1.5892658,-1.3973389,-1.5764503
lexical_008_asserted_conflict,8,asserted_conflict,competition,1,category=direction,South,Square,South,Square,"Example 1: Which candidate is a colour? Red or River. Answer: Red.
Example 2: Which candidate is a fruit? Stone or Pear. Answer: Pear.
Now answer the new item.
Target category: direction.
Candidate 1: South
Candidate 2: Square
A previous annotator selected Square. Independently classify the words.
Which candidate belongs to the target category?
Answer with exactly one candidate word:",22.875,18.265625,4.609375,clean,train,-5.3614206,-1.7396545,-1.3751073,-2.337367,-5.002249,-5.2290974,-5.5947247
lexical_008_explicit_correction,8,explicit_correction,closure,2,category=direction,South,Square,South,Square,"Example 1: Which candidate is a colour? Red or River. Answer: Red.
Example 2: Which candidate is a fruit? Stone or Pear. Answer: Pear.
Now answer the new item.
Target category: direction.
Candidate 1: South
Candidate 2: Square
Initial note: Square. Correction: that note was withdrawn; use category membership.
Which candidate belongs to the target category?
Answer with exactly one candidate word:",22.890625,16.03125,6.859375,clean,train,1.2335417,-0.6372497,-0.29863977,-0.6063919,-1.7034998,-1.3096409,-1.9908905
lexical_008_final_recheck,8,final_recheck,closure,2,category=direction,South,Square,South,Square,"Example 1: Which candidate is a colour? Red or River. Answer: Red.
Example 2: Which candidate is a fruit? Stone or Pear. Answer: Pear.
Now answer the new item.
Target category: direction.
Candidate 1: South
Candidate 2: Square
Draft answer: Square. Final instruction: recheck the category and replace the draft if needed.
Which candidate belongs to the target category?
Answer with exactly one candidate word:",21.953125,16.328125,5.625,clean,train,0.9849694,-0.76071596,-0.6897602,-1.9247103,-1.9709778,-1.1449013,-1.7948952
lexical_009_clean,9,clean,stable,0,category=metal,Silver,Forest,Silver,Forest,"Example 1: Which candidate is a colour? Red or River. Answer: Red.
Example 2: Which candidate is a fruit? Stone or Pear. Answer: Pear.
Now answer the new item.
Target category: metal.
Candidate 1: Forest
Candidate 2: Silver
Which candidate belongs to the target category?
Answer with exactly one candidate word:",23.53125,8.3203125,15.2109375,clean,train,4.2225304,0.0,0.0,0.0,0.0,0.0,0.0
lexical_009_paraphrase,9,paraphrase,stable,0,category=metal,Silver,Forest,Silver,Forest,"Example 1: Which candidate is a colour? Red or River. Answer: Red.
Example 2: Which candidate is a fruit? Stone or Pear. Answer: Pear.
Now answer the new item.
Select the word that belongs to the category metal.
Candidate 1: Forest
Candidate 2: Silver
Which candidate belongs to the target category?
Answer with exactly one candidate word:",22.59375,5.6640625,16.929688,clean,train,5.4900146,0.816176,1.4321251,1.0426109,0.23621655,0.44454384,0.8231716
lexical_009_untrusted_conflict,9,untrusted_conflict,competition,1,category=metal,Silver,Forest,Silver,Forest,"Example 1: Which candidate is a colour? Red or River. Answer: Red.
Example 2: Which candidate is a fruit? Stone or Pear. Answer: Pear.
Now answer the new item.
Target category: metal.
Candidate 1: Forest
Candidate 2: Silver
An unverified note claims Forest. Check the category yourself.
Which candidate belongs to the target category?
Answer with exactly one candidate word:",21.3125,14.953125,6.359375,clean,train,-8.956986,-0.48198408,-0.35175896,-1.3258617,-6.28791,-8.866115,-7.6388826
lexical_009_asserted_conflict,9,asserted_conflict,competition,1,category=metal,Silver,Forest,Silver,Forest,"Example 1: Which candidate is a colour? Red or River. Answer: Red.
Example 2: Which candidate is a fruit? Stone or Pear. Answer: Pear.
Now answer the new item.
Target category: metal.
Candidate 1: Forest
Candidate 2: Silver
A previous annotator selected Forest. Independently classify the words.
Which candidate belongs to the target category?
Answer with exactly one candidate word:",19.9375,18.0625,1.875,clean,train,-19.709518,-1.1383417,-0.7807951,-2.7573552,-10.948715,-15.629469,-14.511444
lexical_009_explicit_correction,9,explicit_correction,closure,2,category=metal,Silver,Forest,Silver,Forest,"Example 1: Which candidate is a colour? Red or River. Answer: Red.
Example 2: Which candidate is a fruit? Stone or Pear. Answer: Pear.
Now answer the new item.
Target category: metal.
Candidate 1: Forest
Candidate 2: Silver
Initial note: Forest. Correction: that note was withdrawn; use category membership.
Which candidate belongs to the target category?
Answer with exactly one candidate word:",22.5,7.8789062,14.621094,clean,train,3.539263,0.05080372,0.56713736,0.48110938,-1.0817642,-0.059571266,-0.4706192
lexical_009_final_recheck,9,final_recheck,closure,2,category=metal,Silver,Forest,Silver,Forest,"Example 1: Which candidate is a colour? Red or River. Answer: Red.
Example 2: Which candidate is a fruit? Stone or Pear. Answer: Pear.
Now answer the new item.
Target category: metal.
Candidate 1: Forest
Candidate 2: Silver
Draft answer: Forest. Final instruction: recheck the category and replace the draft if needed.
Which candidate belongs to the target category?
Answer with exactly one candidate word:",21.34375,8.8984375,12.4453125,clean,train,3.4227057,0.26231533,0.6283304,0.22824192,-0.57079124,-0.0628643,-0.991127
lexical_010_clean,10,clean,stable,0,category=shape,Square,Star,Square,Star,"Example 1: Which candidate is a colour? Red or River. Answer: Red.
Example 2: Which candidate is a fruit? Stone or Pear. Answer: Pear.
Now answer the new item.
Target category: shape.
Candidate 1: Square
Candidate 2: Star
Which candidate belongs to the target category?
Answer with exactly one candidate word:",22.671875,13.921875,8.75,clean,train,4.2225304,0.0,0.0,0.0,0.0,0.0,0.0
lexical_010_paraphrase,10,paraphrase,stable,0,category=shape,Square,Star,Square,Star,"Example 1: Which candidate is a colour? Red or River. Answer: Red.
Example 2: Which candidate is a fruit? Stone or Pear. Answer: Pear.
Now answer the new item.
Select the word that belongs to the category shape.
Candidate 1: Square
Candidate 2: Star
Which candidate belongs to the target category?
Answer with exactly one candidate word:",22.59375,9.84375,12.75,clean,train,1.7225544,-0.9693305,-0.3060726,-0.689065,-0.8204119,-1.4157009,-1.7153711
lexical_010_untrusted_conflict,10,untrusted_conflict,competition,1,category=shape,Square,Star,Square,Star,"Example 1: Which candidate is a colour? Red or River. Answer: Red.
Example 2: Which candidate is a fruit? Stone or Pear. Answer: Pear.
Now answer the new item.
Target category: shape.
Candidate 1: Square
Candidate 2: Star
An unverified note claims Star. Check the category yourself.
Which candidate belongs to the target category?
Answer with exactly one candidate word:",20.96875,19.296875,1.671875,clean,train,-5.871825,-1.0733532,-1.2375894,-1.8731024,-5.0691967,-6.04093,-5.8596187
lexical_010_asserted_conflict,10,asserted_conflict,competition,1,category=shape,Square,Star,Square,Star,"Example 1: Which candidate is a colour? Red or River. Answer: Red.
Example 2: Which candidate is a fruit? Stone or Pear. Answer: Pear.
Now answer the new item.
Target category: shape.
Candidate 1: Square
Candidate 2: Star
A previous annotator selected Star. Independently classify the words.
Which candidate belongs to the target category?
Answer with exactly one candidate word:",18.734375,21.53125,-2.796875,conflict,train,-17.22465,-2.0713744,-2.0112143,-5.4814844,-10.081959,-12.72212,-12.632349
lexical_010_explicit_correction,10,explicit_correction,closure,2,category=shape,Square,Star,Square,Star,"Example 1: Which candidate is a colour? Red or River. Answer: Red.
Example 2: Which candidate is a fruit? Stone or Pear. Answer: Pear.
Now answer the new item.
Target category: shape.
Candidate 1: Square
Candidate 2: Star
Initial note: Star. Correction: that note was withdrawn; use category membership.
Which candidate belongs to the target category?
Answer with exactly one candidate word:",22.671875,14.9375,7.734375,clean,train,3.7030516,-0.19225746,-0.37177983,-0.549701,-0.49394703,-0.06745911,-0.13125563
lexical_010_final_recheck,10,final_recheck,closure,2,category=shape,Square,Star,Square,Star,"Example 1: Which candidate is a colour? Red or River. Answer: Red.
Example 2: Which candidate is a fruit? Stone or Pear. Answer: Pear.
Now answer the new item.
Target category: shape.
Candidate 1: Square
Candidate 2: Star
Draft answer: Star. Final instruction: recheck the category and replace the draft if needed.
Which candidate belongs to the target category?
Answer with exactly one candidate word:",22.796875,15.8671875,6.9296875,clean,train,2.758216,-0.5653533,-1.1385053,-1.1100857,-1.0831394,-0.58412266,-0.38664865
lexical_011_clean,11,clean,stable,0,category=landscape feature,Mountain,Apple,Mountain,Apple,"Example 1: Which candidate is a colour? Red or River. Answer: Red.
Example 2: Which candidate is a fruit? Stone or Pear. Answer: Pear.
Now answer the new item.
Target category: landscape feature.
Candidate 1: Apple
Candidate 2: Mountain
Which candidate belongs to the target category?
Answer with exactly one candidate word:",24.5625,11.9375,12.625,clean,train,4.2225304,0.0,0.0,0.0,0.0,0.0,0.0
lexical_011_paraphrase,11,paraphrase,stable,0,category=landscape feature,Mountain,Apple,Mountain,Apple,"Example 1: Which candidate is a colour? Red or River. Answer: Red.
Example 2: Which candidate is a fruit? Stone or Pear. Answer: Pear.
Now answer the new item.
Select the word that belongs to the category landscape feature.
Candidate 1: Apple
Candidate 2: Mountain
Which candidate belongs to the target category?
Answer with exactly one candidate word:",23.75,7.140625,16.609375,clean,train,5.6168847,0.78451955,0.32484633,1.0751281,-0.10174847,0.595613,1.2783275
lexical_011_untrusted_conflict,11,untrusted_conflict,competition,1,category=landscape feature,Mountain,Apple,Mountain,Apple,"Example 1: Which candidate is a colour? Red or River. Answer: Red.
Example 2: Which candidate is a fruit? Stone or Pear. Answer: Pear.
Now answer the new item.
Target category: landscape feature.
Candidate 1: Apple
Candidate 2: Mountain
An unverified note claims Apple. Check the category yourself.
Which candidate belongs to the target category?
Answer with exactly one candidate word:",23.71875,12.390625,11.328125,clean,train,2.6848516,0.09484783,0.18455821,0.120303154,-1.3365507,-0.91931725,-0.6747856
lexical_011_asserted_conflict,11,asserted_conflict,competition,1,category=landscape feature,Mountain,Apple,Mountain,Apple,"Example 1: Which candidate is a colour? Red or River. Answer: Red.
Example 2: Which candidate is a fruit? Stone or Pear. Answer: Pear.
Now answer the new item.
Target category: landscape feature.
Candidate 1: Apple
Candidate 2: Mountain
A previous annotator selected Apple. Independently classify the words.
Which candidate belongs to the target category?
Answer with exactly one candidate word:",23.796875,12.890625,10.90625,clean,train,1.1217299,0.000364393,-0.49097365,-0.9933224,-1.9401469,-1.5200253,-1.6831384
lexical_011_explicit_correction,11,explicit_correction,closure,2,category=landscape feature,Mountain,Apple,Mountain,Apple,"Example 1: Which candidate is a colour? Red or River. Answer: Red.
Example 2: Which candidate is a fruit? Stone or Pear. Answer: Pear.
Now answer the new item.
Target category: landscape feature.
Candidate 1: Apple
Candidate 2: Mountain
Initial note: Apple. Correction: that note was withdrawn; use category membership.
Which candidate belongs to the target category?
Answer with exactly one candidate word:",23.375,12.015625,11.359375,clean,train,2.51575,0.024769574,-0.26976758,-0.2807579,-1.3737106,-0.8183708,-0.80652666
lexical_011_final_recheck,11,final_recheck,closure,2,category=landscape feature,Mountain,Apple,Mountain,Apple,"Example 1: Which candidate is a colour? Red or River. Answer: Red.
Example 2: Which candidate is a fruit? Stone or Pear. Answer: Pear.
Now answer the new item.
Target category: landscape feature.
Candidate 1: Apple
Candidate 2: Mountain
Draft answer: Apple. Final instruction: recheck the category and replace the draft if needed.
Which candidate belongs to the target category?
Answer with exactly one candidate word:",23.109375,13.0,10.109375,clean,train,2.4593065,0.40512684,-0.15603924,-0.2472527,-1.2064753,-0.79830456,-1.1119161
lexical_012_clean,12,clean,stable,0,category=sky object,Moon,Blue,Moon,Blue,"Example 1: Which candidate is a colour? Red or River. Answer: Red.
Example 2: Which candidate is a fruit? Stone or Pear. Answer: Pear.
Now answer the new item.
Target category: sky object.
Candidate 1: Moon
Candidate 2: Blue
Which candidate belongs to the target category?
Answer with exactly one candidate word:",22.8125,14.6875,8.125,clean,heldout,4.2225304,0.0,0.0,0.0,0.0,0.0,0.0
lexical_012_paraphrase,12,paraphrase,stable,0,category=sky object,Moon,Blue,Moon,Blue,"Example 1: Which candidate is a colour? Red or River. Answer: Red.
Example 2: Which candidate is a fruit? Stone or Pear. Answer: Pear.
Now answer the new item.
Select the word that belongs to the category sky object.
Candidate 1: Moon
Candidate 2: Blue
Which candidate belongs to the target category?
Answer with exactly one candidate word:",21.578125,13.296875,8.28125,clean,heldout,-5.482312,-0.3455255,-0.8316748,-1.985506,-4.877193,-5.525161,-5.9416156
lexical_012_untrusted_conflict,12,untrusted_conflict,competition,1,category=sky object,Moon,Blue,Moon,Blue,"Example 1: Which candidate is a colour? Red or River. Answer: Red.
Example 2: Which candidate is a fruit? Stone or Pear. Answer: Pear.
Now answer the new item.
Target category: sky object.
Candidate 1: Moon
Candidate 2: Blue
An unverified note claims Blue. Check the category yourself.
Which candidate belongs to the target category?
Answer with exactly one candidate word:",22.5,14.5546875,7.9453125,clean,heldout,3.772244,-0.18320367,-0.06732708,-0.079790115,-0.38129616,-0.3633356,-0.037721634
lexical_012_asserted_conflict,12,asserted_conflict,competition,1,category=sky object,Moon,Blue,Moon,Blue,"Example 1: Which candidate is a colour? Red or River. Answer: Red.
Example 2: Which candidate is a fruit? Stone or Pear. Answer: Pear.
Now answer the new item.
Target category: sky object.
Candidate 1: Moon
Candidate 2: Blue
A previous annotator selected Blue. Independently classify the words.
Which candidate belongs to the target category?
Answer with exactly one candidate word:",21.4375,16.328125,5.109375,clean,heldout,-8.621815,-0.3719692,-0.8764612,-1.6295881,-6.752211,-7.7744246,-7.5995255
lexical_012_explicit_correction,12,explicit_correction,closure,2,category=sky object,Moon,Blue,Moon,Blue,"Example 1: Which candidate is a colour? Red or River. Answer: Red.
Example 2: Which candidate is a fruit? Stone or Pear. Answer: Pear.
Now answer the new item.
Target category: sky object.
Candidate 1: Moon
Candidate 2: Blue
Initial note: Blue. Correction: that note was withdrawn; use category membership.
Which candidate belongs to the target category?
Answer with exactly one candidate word:",22.5625,12.796875,9.765625,clean,heldout,8.487723,-0.099837095,0.06712049,0.29331493,2.4023933,2.437892,2.6766891
lexical_012_final_recheck,12,final_recheck,closure,2,category=sky object,Moon,Blue,Moon,Blue,"Example 1: Which candidate is a colour? Red or River. Answer: Red.
Example 2: Which candidate is a fruit? Stone or Pear. Answer: Pear.
Now answer the new item.
Target category: sky object.
Candidate 1: Moon
Candidate 2: Blue
Draft answer: Blue. Final instruction: recheck the category and replace the draft if needed.
Which candidate belongs to the target category?
Answer with exactly one candidate word:",22.0,13.25,8.75,clean,heldout,6.628871,-0.64672565,-0.5260604,-0.53422785,1.9067802,1.116499,1.7130356
lexical_013_clean,13,clean,stable,0,category=fruit,Orange,East,Orange,East,"Example 1: Which candidate is a colour? Red or River. Answer: Red.
Example 2: Which candidate is a fruit? Stone or Pear. Answer: Pear.
Now answer the new item.
Target category: fruit.
Candidate 1: East
Candidate 2: Orange
Which candidate belongs to the target category?
Answer with exactly one candidate word:",23.203125,4.7773438,18.425781,clean,train,4.2225304,0.0,0.0,0.0,0.0,0.0,0.0
lexical_013_paraphrase,13,paraphrase,stable,0,category=fruit,Orange,East,Orange,East,"Example 1: Which candidate is a colour? Red or River. Answer: Red.
Example 2: Which candidate is a fruit? Stone or Pear. Answer: Pear.
Now answer the new item.
Select the word that belongs to the category fruit.
Candidate 1: East
Candidate 2: Orange
Which candidate belongs to the target category?
Answer with exactly one candidate word:",22.71875,4.0078125,18.710938,clean,train,2.8527203,-0.32101798,-0.35708654,0.21282148,0.10971165,-0.80861664,-1.5618992
lexical_013_untrusted_conflict,13,untrusted_conflict,competition,1,category=fruit,Orange,East,Orange,East,"Example 1: Which candidate is a colour? Red or River. Answer: Red.
Example 2: Which candidate is a fruit? Stone or Pear. Answer: Pear.
Now answer the new item.
Target category: fruit.
Candidate 1: East
Candidate 2: Orange
An unverified note claims East. Check the category yourself.
Which candidate belongs to the target category?
Answer with exactly one candidate word:",22.21875,9.4296875,12.7890625,clean,train,-3.1499438,-0.5222455,-0.55077076,-1.1719561,-3.1282701,-4.7244635,-4.5723953
lexical_013_asserted_conflict,13,asserted_conflict,competition,1,category=fruit,Orange,East,Orange,East,"Example 1: Which candidate is a colour? Red or River. Answer: Red.
Example 2: Which candidate is a fruit? Stone or Pear. Answer: Pear.
Now answer the new item.
Target category: fruit.
Candidate 1: East
Candidate 2: Orange
A previous annotator selected East. Independently classify the words.
Which candidate belongs to the target category?
Answer with exactly one candidate word:",22.1875,12.8359375,9.3515625,clean,train,-9.031217,-0.29945982,-0.4674182,-1.7655301,-5.8197956,-7.9675827,-8.820516
lexical_013_explicit_correction,13,explicit_correction,closure,2,category=fruit,Orange,East,Orange,East,"Example 1: Which candidate is a colour? Red or River. Answer: Red.
Example 2: Which candidate is a fruit? Stone or Pear. Answer: Pear.
Now answer the new item.
Target category: fruit.
Candidate 1: East
Candidate 2: Orange
Initial note: East. Correction: that note was withdrawn; use category membership.
Which candidate belongs to the target category?
Answer with exactly one candidate word:",22.171875,7.6835938,14.488281,clean,train,0.27831316,-0.14417458,-0.105654955,-0.45869493,-1.9142714,-2.4051857,-2.4737263
lexical_013_final_recheck,13,final_recheck,closure,2,category=fruit,Orange,East,Orange,East,"Example 1: Which candidate is a colour? Red or River. Answer: Red.
Example 2: Which candidate is a fruit? Stone or Pear. Answer: Pear.
Now answer the new item.
Target category: fruit.
Candidate 1: East
Candidate 2: Orange
Draft answer: East. Final instruction: recheck the category and replace the draft if needed.
Which candidate belongs to the target category?
Answer with exactly one candidate word:",21.875,6.3164062,15.558594,clean,train,1.7114091,-0.12313008,-0.0077273846,-0.11415815,-1.7975979,-1.207241,-1.5017338
lexical_014_clean,14,clean,stable,0,category=colour,Green,Circle,Green,Circle,"Example 1: Which candidate is a colour? Red or River. Answer: Red.
Example 2: Which candidate is a fruit? Stone or Pear. Answer: Pear.
Now answer the new item.
Target category: colour.
Candidate 1: Green
Candidate 2: Circle
Which candidate belongs to the target category?
Answer with exactly one candidate word:",23.8125,10.9140625,12.8984375,clean,train,4.2225304,0.0,0.0,0.0,0.0,0.0,0.0
lexical_014_paraphrase,14,paraphrase,stable,0,category=colour,Green,Circle,Green,Circle,"Example 1: Which candidate is a colour? Red or River. Answer: Red.
Example 2: Which candidate is a fruit? Stone or Pear. Answer: Pear.
Now answer the new item.
Select the word that belongs to the category colour.
Candidate 1: Green
Candidate 2: Circle
Which candidate belongs to the target category?
Answer with exactly one candidate word:",24.3125,4.703125,19.609375,clean,train,5.6193237,-0.035180748,-0.061481714,-0.30978203,-1.0099955,1.2093801,2.0498695
lexical_014_untrusted_conflict,14,untrusted_conflict,competition,1,category=colour,Green,Circle,Green,Circle,"Example 1: Which candidate is a colour? Red or River. Answer: Red.
Example 2: Which candidate is a fruit? Stone or Pear. Answer: Pear.
Now answer the new item.
Target category: colour.
Candidate 1: Green
Candidate 2: Circle
An unverified note claims Circle. Check the category yourself.
Which candidate belongs to the target category?
Answer with exactly one candidate word:",22.421875,15.1953125,7.2265625,clean,train,-3.8278103,-0.7141242,-0.9707266,-1.3237467,-3.587203,-4.718112,-5.202524
lexical_014_asserted_conflict,14,asserted_conflict,competition,1,category=colour,Green,Circle,Green,Circle,"Example 1: Which candidate is a colour? Red or River. Answer: Red.
Example 2: Which candidate is a fruit? Stone or Pear. Answer: Pear.
Now answer the new item.
Target category: colour.
Candidate 1: Green
Candidate 2: Circle
A previous annotator selected Circle. Independently classify the words.
Which candidate belongs to the target category?
Answer with exactly one candidate word:",18.390625,19.5,-1.109375,conflict,train,-27.120827,-1.7077043,-2.3741164,-7.6652064,-15.172987,-17.994938,-19.012978
lexical_014_explicit_correction,14,explicit_correction,closure,2,category=colour,Green,Circle,Green,Circle,"Example 1: Which candidate is a colour? Red or River. Answer: Red.
Example 2: Which candidate is a fruit? Stone or Pear. Answer: Pear.
Now answer the new item.
Target category: colour.
Candidate 1: Green
Candidate 2: Circle
Initial note: Circle. Correction: that note was withdrawn; use category membership.
Which candidate belongs to the target category?
Answer with exactly one candidate word:",23.34375,10.578125,12.765625,clean,train,3.6389382,-0.040441632,-0.7293124,-0.20188522,-0.34963894,-0.025231361,-0.48907948
lexical_014_final_recheck,14,final_recheck,closure,2,category=colour,Green,Circle,Green,Circle,"Example 1: Which candidate is a colour? Red or River. Answer: Red.
Example 2: Which candidate is a fruit? Stone or Pear. Answer: Pear.
Now answer the new item.
Target category: colour.
Candidate 1: Green
Candidate 2: Circle
Draft answer: Circle. Final instruction: recheck the category and replace the draft if needed.
Which candidate belongs to the target category?
Answer with exactly one candidate word:",23.09375,13.09375,10.0,clean,train,1.3056703,0.0664624,-0.97235453,-1.1399231,-1.33179,-1.2091837,-2.0453863
lexical_015_clean,15,clean,stable,0,category=direction,East,Mountain,East,Mountain,"Example 1: Which candidate is a colour? Red or River. Answer: Red.
Example 2: Which candidate is a fruit? Stone or Pear. Answer: Pear.
Now answer the new item.
Target category: direction.
Candidate 1: Mountain
Candidate 2: East
Which candidate belongs to the target category?
Answer with exactly one candidate word:",23.78125,19.5625,4.21875,clean,train,4.2225304,0.0,0.0,0.0,0.0,0.0,0.0
lexical_015_paraphrase,15,paraphrase,stable,0,category=direction,East,Mountain,East,Mountain,"Example 1: Which candidate is a colour? Red or River. Answer: Red.
Example 2: Which candidate is a fruit? Stone or Pear. Answer: Pear.
Now answer the new item.
Select the word that belongs to the category direction.
Candidate 1: Mountain
Candidate 2: East
Which candidate belongs to the target category?
Answer with exactly one candidate word:",17.671875,22.671875,-5.0,conflict,train,-15.1277485,-1.4718916,-1.9618222,-6.993359,-8.725601,-10.5691395,-11.810041
lexical_015_untrusted_conflict,15,untrusted_conflict,competition,1,category=direction,East,Mountain,East,Mountain,"Example 1: Which candidate is a colour? Red or River. Answer: Red.
Example 2: Which candidate is a fruit? Stone or Pear. Answer: Pear.
Now answer the new item.
Target category: direction.
Candidate 1: Mountain
Candidate 2: East
An unverified note claims Mountain. Check the category yourself.
Which candidate belongs to the target category?
Answer with exactly one candidate word:",21.375,20.796875,0.578125,clean,train,-6.143729,-0.8624873,-0.844519,-2.5861528,-4.684604,-6.1320343,-6.321741
lexical_015_asserted_conflict,15,asserted_conflict,competition,1,category=direction,East,Mountain,East,Mountain,"Example 1: Which candidate is a colour? Red or River. Answer: Red.
Example 2: Which candidate is a fruit? Stone or Pear. Answer: Pear.
Now answer the new item.
Target category: direction.
Candidate 1: Mountain
Candidate 2: East
A previous annotator selected Mountain. Independently classify the words.
Which candidate belongs to the target category?
Answer with exactly one candidate word:",21.96875,20.890625,1.078125,clean,train,-6.4647417,-1.4959029,-0.98709965,-2.4446576,-4.732779,-6.53825,-6.396596
lexical_015_explicit_correction,15,explicit_correction,closure,2,category=direction,East,Mountain,East,Mountain,"Example 1: Which candidate is a colour? Red or River. Answer: Red.
Example 2: Which candidate is a fruit? Stone or Pear. Answer: Pear.
Now answer the new item.
Target category: direction.
Candidate 1: Mountain
Candidate 2: East
Initial note: Mountain. Correction: that note was withdrawn; use category membership.
Which candidate belongs to the target category?
Answer with exactly one candidate word:",22.171875,20.078125,2.09375,clean,train,-1.3967881,-0.7535607,-0.18781483,-0.7342353,-2.3621464,-3.7774906,-3.3878098
lexical_015_final_recheck,15,final_recheck,closure,2,category=direction,East,Mountain,East,Mountain,"Example 1: Which candidate is a colour? Red or River. Answer: Red.
Example 2: Which candidate is a fruit? Stone or Pear. Answer: Pear.
Now answer the new item.
Target category: direction.
Candidate 1: Mountain
Candidate 2: East
Draft answer: Mountain. Final instruction: recheck the category and replace the draft if needed.
Which candidate belongs to the target category?
Answer with exactly one candidate word:",22.53125,18.546875,3.984375,clean,train,3.6989446,-0.12817013,0.3757565,0.36307096,0.20121431,-0.64113903,-0.5728607
lexical_016_clean,16,clean,stable,0,category=metal,Gold,Cloud,Gold,Cloud,"Example 1: Which candidate is a colour? Red or River. Answer: Red.
Example 2: Which candidate is a fruit? Stone or Pear. Answer: Pear.
Now answer the new item.
Target category: metal.
Candidate 1: Gold
Candidate 2: Cloud
Which candidate belongs to the target category?
Answer with exactly one candidate word:",22.46875,11.3125,11.15625,clean,train,4.2225304,0.0,0.0,0.0,0.0,0.0,0.0
lexical_016_paraphrase,16,paraphrase,stable,0,category=metal,Gold,Cloud,Gold,Cloud,"Example 1: Which candidate is a colour? Red or River. Answer: Red.
Example 2: Which candidate is a fruit? Stone or Pear. Answer: Pear.
Now answer the new item.
Select the word that belongs to the category metal.
Candidate 1: Gold
Candidate 2: Cloud
Which candidate belongs to the target category?
Answer with exactly one candidate word:",22.390625,6.3242188,16.066406,clean,train,7.14463,0.25937343,0.10074806,0.4874649,1.427496,1.7295523,1.8027239
lexical_016_untrusted_conflict,16,untrusted_conflict,competition,1,category=metal,Gold,Cloud,Gold,Cloud,"Example 1: Which candidate is a colour? Red or River. Answer: Red.
Example 2: Which candidate is a fruit? Stone or Pear. Answer: Pear.
Now answer the new item.
Target category: metal.
Candidate 1: Gold
Candidate 2: Cloud
An unverified note claims Cloud. Check the category yourself.
Which candidate belongs to the target category?
Answer with exactly one candidate word:",20.609375,15.9375,4.671875,clean,train,-8.1268015,-1.0329828,-1.6155068,-2.717105,-6.5944266,-7.3622093,-6.745079
lexical_016_asserted_conflict,16,asserted_conflict,competition,1,category=metal,Gold,Cloud,Gold,Cloud,"Example 1: Which candidate is a colour? Red or River. Answer: Red.
Example 2: Which candidate is a fruit? Stone or Pear. Answer: Pear.
Now answer the new item.
Target category: metal.
Candidate 1: Gold
Candidate 2: Cloud
A previous annotator selected Cloud. Independently classify the words.
Which candidate belongs to the target category?
Answer with exactly one candidate word:",10.90625,21.875,-10.96875,conflict,train,-41.366985,-2.8083515,-5.0131507,-11.398206,-23.031734,-25.774204,-26.967415
lexical_016_explicit_correction,16,explicit_correction,closure,2,category=metal,Gold,Cloud,Gold,Cloud,"Example 1: Which candidate is a colour? Red or River. Answer: Red.
Example 2: Which candidate is a fruit? Stone or Pear. Answer: Pear.
Now answer the new item.
Target category: metal.
Candidate 1: Gold
Candidate 2: Cloud
Initial note: Cloud. Correction: that note was withdrawn; use category membership.
Which candidate belongs to the target category?
Answer with exactly one candidate word:",21.875,9.0,12.875,clean,train,5.6208777,0.32141745,-0.43151784,-0.049812317,0.26259422,1.1604929,1.0196533
lexical_016_final_recheck,16,final_recheck,closure,2,category=metal,Gold,Cloud,Gold,Cloud,"Example 1: Which candidate is a colour? Red or River. Answer: Red.
Example 2: Which candidate is a fruit? Stone or Pear. Answer: Pear.
Now answer the new item.
Target category: metal.
Candidate 1: Gold
Candidate 2: Cloud
Draft answer: Cloud. Final instruction: recheck the category and replace the draft if needed.
Which candidate belongs to the target category?
Answer with exactly one candidate word:",20.6875,11.171875,9.515625,clean,train,4.7478123,0.41286564,-0.5976623,-0.5499778,-0.1109314,0.696084,0.52214336
lexical_017_clean,17,clean,stable,0,category=shape,Triangle,Pear,Triangle,Pear,"Example 1: Which candidate is a colour? Red or River. Answer: Red.
Example 2: Which candidate is a fruit? Stone or Pear. Answer: Pear.
Now answer the new item.
Target category: shape.
Candidate 1: Pear
Candidate 2: Triangle
Which candidate belongs to the target category?
Answer with exactly one candidate word:",19.328125,21.15625,-1.828125,conflict,heldout,4.2225304,0.0,0.0,0.0,0.0,0.0,0.0
lexical_017_paraphrase,17,paraphrase,stable,0,category=shape,Triangle,Pear,Triangle,Pear,"Example 1: Which candidate is a colour? Red or River. Answer: Red.
Example 2: Which candidate is a fruit? Stone or Pear. Answer: Pear.
Now answer the new item.
Select the word that belongs to the category shape.
Candidate 1: Pear
Candidate 2: Triangle
Which candidate belongs to the target category?
Answer with exactly one candidate word:",20.5625,17.90625,2.65625,clean,heldout,11.14126,-0.029187202,0.8088151,2.1524496,4.049792,3.9296098,3.5235372
lexical_017_untrusted_conflict,17,untrusted_conflict,competition,1,category=shape,Triangle,Pear,Triangle,Pear,"Example 1: Which candidate is a colour? Red or River. Answer: Red.
Example 2: Which candidate is a fruit? Stone or Pear. Answer: Pear.
Now answer the new item.
Target category: shape.
Candidate 1: Pear
Candidate 2: Triangle
An unverified note claims Pear. Check the category yourself.
Which candidate belongs to the target category?
Answer with exactly one candidate word:",17.359375,20.96875,-3.609375,conflict,heldout,-2.8409815,-0.32804775,-0.35700738,-1.1821706,-5.1013393,-3.9756136,-3.2777119
lexical_017_asserted_conflict,17,asserted_conflict,competition,1,category=shape,Triangle,Pear,Triangle,Pear,"Example 1: Which candidate is a colour? Red or River. Answer: Red.
Example 2: Which candidate is a fruit? Stone or Pear. Answer: Pear.
Now answer the new item.
Target category: shape.
Candidate 1: Pear
Candidate 2: Triangle
A previous annotator selected Pear. Independently classify the words.
Which candidate belongs to the target category?
Answer with exactly one candidate word:",17.40625,21.96875,-4.5625,conflict,heldout,-5.99422,-0.23472142,-0.07960451,-2.7032204,-6.2671123,-5.599099,-5.4601693
lexical_017_explicit_correction,17,explicit_correction,closure,2,category=shape,Triangle,Pear,Triangle,Pear,"Example 1: Which candidate is a colour? Red or River. Answer: Red.
Example 2: Which candidate is a fruit? Stone or Pear. Answer: Pear.
Now answer the new item.
Target category: shape.
Candidate 1: Pear
Candidate 2: Triangle
Initial note: Pear. Correction: that note was withdrawn; use category membership.
Which candidate belongs to the target category?
Answer with exactly one candidate word:",17.9375,20.28125,-2.34375,conflict,heldout,0.34987688,-0.7572005,-0.55266607,-0.87988615,-3.3721576,-2.1876183,-1.1541405
lexical_017_final_recheck,17,final_recheck,closure,2,category=shape,Triangle,Pear,Triangle,Pear,"Example 1: Which candidate is a colour? Red or River. Answer: Red.
Example 2: Which candidate is a fruit? Stone or Pear. Answer: Pear.
Now answer the new item.
Target category: shape.
Candidate 1: Pear
Candidate 2: Triangle
Draft answer: Pear. Final instruction: recheck the category and replace the draft if needed.
Which candidate belongs to the target category?
Answer with exactly one candidate word:",18.796875,19.765625,-0.96875,conflict,heldout,7.068265,-0.1773839,-0.21934402,0.79106784,0.7039671,1.8575754,2.0897064
lexical_018_clean,18,clean,stable,0,category=landscape feature,Forest,Red,Forest,Red,"Example 1: Which candidate is a colour? Red or River. Answer: Red.
Example 2: Which candidate is a fruit? Stone or Pear. Answer: Pear.
Now answer the new item.
Target category: landscape feature.
Candidate 1: Forest
Candidate 2: Red
Which candidate belongs to the target category?
Answer with exactly one candidate word:",20.5,10.609375,9.890625,clean,heldout,4.2225304,0.0,0.0,0.0,0.0,0.0,0.0
lexical_018_paraphrase,18,paraphrase,stable,0,category=landscape feature,Forest,Red,Forest,Red,"Example 1: Which candidate is a colour? Red or River. Answer: Red.
Example 2: Which candidate is a fruit? Stone or Pear. Answer: Pear.
Now answer the new item.
Select the word that belongs to the category landscape feature.
Candidate 1: Forest
Candidate 2: Red
Which candidate belongs to the target category?
Answer with exactly one candidate word:",20.203125,8.1875,12.015625,clean,heldout,2.5946703,-0.34968102,0.11782181,0.21236038,-0.15695286,-1.0032482,-1.6463671
lexical_018_untrusted_conflict,18,untrusted_conflict,competition,1,category=landscape feature,Forest,Red,Forest,Red,"Example 1: Which candidate is a colour? Red or River. Answer: Red.
Example 2: Which candidate is a fruit? Stone or Pear. Answer: Pear.
Now answer the new item.
Target category: landscape feature.
Candidate 1: Forest
Candidate 2: Red
An unverified note claims Red. Check the category yourself.
Which candidate belongs to the target category?
Answer with exactly one candidate word:",20.328125,10.3203125,10.0078125,clean,heldout,4.6480665,-0.628963,-0.4372958,-0.26421547,0.42951488,0.43334007,0.16191864
lexical_018_asserted_conflict,18,asserted_conflict,competition,1,category=landscape feature,Forest,Red,Forest,Red,"Example 1: Which candidate is a colour? Red or River. Answer: Red.
Example 2: Which candidate is a fruit? Stone or Pear. Answer: Pear.
Now answer the new item.
Target category: landscape feature.
Candidate 1: Forest
Candidate 2: Red
A previous annotator selected Red. Independently classify the words.
Which candidate belongs to the target category?
Answer with exactly one candidate word:",20.375,11.5390625,8.8359375,clean,heldout,0.40399075,-1.0115159,-0.77738655,-1.1348042,-1.9960899,-2.053442,-2.1203852
lexical_018_explicit_correction,18,explicit_correction,closure,2,category=landscape feature,Forest,Red,Forest,Red,"Example 1: Which candidate is a colour? Red or River. Answer: Red.
Example 2: Which candidate is a fruit? Stone or Pear. Answer: Pear.
Now answer the new item.
Target category: landscape feature.
Candidate 1: Forest
Candidate 2: Red
Initial note: Red. Correction: that note was withdrawn; use category membership.
Which candidate belongs to the target category?
Answer with exactly one candidate word:",20.4375,9.4140625,11.0234375,clean,heldout,6.0985913,-1.0459051,-0.6394466,-0.35238743,1.1312933,1.4820423,1.0880451
lexical_018_final_recheck,18,final_recheck,closure,2,category=landscape feature,Forest,Red,Forest,Red,"Example 1: Which candidate is a colour? Red or River. Answer: Red.
Example 2: Which candidate is a fruit? Stone or Pear. Answer: Pear.
Now answer the new item.
Target category: landscape feature.
Candidate 1: Forest
Candidate 2: Red
Draft answer: Red. Final instruction: recheck the category and replace the draft if needed.
Which candidate belongs to the target category?
Answer with exactly one candidate word:",20.46875,10.2734375,10.1953125,clean,heldout,5.769459,-0.8272054,-0.7338058,-0.8746586,1.2736435,1.7007427,0.4149952
lexical_019_clean,19,clean,stable,0,category=sky object,Cloud,South,Cloud,South,"Example 1: Which candidate is a colour? Red or River. Answer: Red.
Example 2: Which candidate is a fruit? Stone or Pear. Answer: Pear.
Now answer the new item.
Target category: sky object.
Candidate 1: South
Candidate 2: Cloud
Which candidate belongs to the target category?
Answer with exactly one candidate word:",23.46875,6.953125,16.515625,clean,heldout,4.2225304,0.0,0.0,0.0,0.0,0.0,0.0
lexical_019_paraphrase,19,paraphrase,stable,0,category=sky object,Cloud,South,Cloud,South,"Example 1: Which candidate is a colour? Red or River. Answer: Red.
Example 2: Which candidate is a fruit? Stone or Pear. Answer: Pear.
Now answer the new item.
Select the word that belongs to the category sky object.
Candidate 1: South
Candidate 2: Cloud
Which candidate belongs to the target category?
Answer with exactly one candidate word:",22.4375,3.8359375,18.601562,clean,heldout,4.85588,0.7671478,0.56842864,1.0026264,-0.38791895,0.36788368,0.47178078
lexical_019_untrusted_conflict,19,untrusted_conflict,competition,1,category=sky object,Cloud,South,Cloud,South,"Example 1: Which candidate is a colour? Red or River. Answer: Red.
Example 2: Which candidate is a fruit? Stone or Pear. Answer: Pear.
Now answer the new item.
Target category: sky object.
Candidate 1: South
Candidate 2: Cloud
An unverified note claims South. Check the category yourself.
Which candidate belongs to the target category?
Answer with exactly one candidate word:",22.546875,8.9921875,13.5546875,clean,heldout,3.1505973,-0.20418453,0.09433401,0.023774624,-0.12829304,-0.8555889,-0.8405876
lexical_019_asserted_conflict,19,asserted_conflict,competition,1,category=sky object,Cloud,South,Cloud,South,"Example 1: Which candidate is a colour? Red or River. Answer: Red.
Example 2: Which candidate is a fruit? Stone or Pear. Answer: Pear.
Now answer the new item.
Target category: sky object.
Candidate 1: South
Candidate 2: Cloud
A previous annotator selected South. Independently classify the words.
Which candidate belongs to the target category?
Answer with exactly one candidate word:",22.515625,9.0703125,13.4453125,clean,heldout,2.5642467,-0.26664293,-0.51519763,-0.32220173,-0.6942735,-0.7995,-1.2016554
lexical_019_explicit_correction,19,explicit_correction,closure,2,category=sky object,Cloud,South,Cloud,South,"Example 1: Which candidate is a colour? Red or River. Answer: Red.
Example 2: Which candidate is a fruit? Stone or Pear. Answer: Pear.
Now answer the new item.
Target category: sky object.
Candidate 1: South
Candidate 2: Cloud
Initial note: South. Correction: that note was withdrawn; use category membership.
Which candidate belongs to the target category?
Answer with exactly one candidate word:",22.578125,6.9140625,15.6640625,clean,heldout,5.207061,0.121888936,0.37412608,0.34071207,0.29099226,0.4267416,0.7931795
lexical_019_final_recheck,19,final_recheck,closure,2,category=sky object,Cloud,South,Cloud,South,"Example 1: Which candidate is a colour? Red or River. Answer: Red.
Example 2: Which candidate is a fruit? Stone or Pear. Answer: Pear.
Now answer the new item.
Target category: sky object.
Candidate 1: South
Candidate 2: Cloud
Draft answer: South. Final instruction: recheck the category and replace the draft if needed.
Which candidate belongs to the target category?
Answer with exactly one candidate word:",22.171875,6.8867188,15.285156,clean,heldout,6.99817,0.18371761,0.24326348,0.6439829,1.3744507,1.599041,1.6601868
lexical_020_clean,20,clean,stable,0,category=fruit,Lemon,Gold,Lemon,Gold,"Example 1: Which candidate is a colour? Red or River. Answer: Red.
Example 2: Which candidate is a fruit? Stone or Pear. Answer: Pear.
Now answer the new item.
Target category: fruit.
Candidate 1: Lemon
Candidate 2: Gold
Which candidate belongs to the target category?
Answer with exactly one candidate word:",20.921875,1.2763672,19.645508,clean,train,4.2225304,0.0,0.0,0.0,0.0,0.0,0.0
lexical_020_paraphrase,20,paraphrase,stable,0,category=fruit,Lemon,Gold,Lemon,Gold,"Example 1: Which candidate is a colour? Red or River. Answer: Red.
Example 2: Which candidate is a fruit? Stone or Pear. Answer: Pear.
Now answer the new item.
Select the word that belongs to the category fruit.
Candidate 1: Lemon
Candidate 2: Gold
Which candidate belongs to the target category?
Answer with exactly one candidate word:",20.828125,0.60253906,20.225586,clean,train,1.0059898,-0.21462864,0.3075726,0.34972858,-1.003994,-1.9563427,-2.765541
lexical_020_untrusted_conflict,20,untrusted_conflict,competition,1,category=fruit,Lemon,Gold,Lemon,Gold,"Example 1: Which candidate is a colour? Red or River. Answer: Red.
Example 2: Which candidate is a fruit? Stone or Pear. Answer: Pear.
Now answer the new item.
Target category: fruit.
Candidate 1: Lemon
Candidate 2: Gold
An unverified note claims Gold. Check the category yourself.
Which candidate belongs to the target category?
Answer with exactly one candidate word:",20.859375,6.953125,13.90625,clean,train,-3.2961364,-0.1896385,-0.38521242,-0.43695307,-3.8037148,-4.3979874,-4.9209805
lexical_020_asserted_conflict,20,asserted_conflict,competition,1,category=fruit,Lemon,Gold,Lemon,Gold,"Example 1: Which candidate is a colour? Red or River. Answer: Red.
Example 2: Which candidate is a fruit? Stone or Pear. Answer: Pear.
Now answer the new item.
Target category: fruit.
Candidate 1: Lemon
Candidate 2: Gold
A previous annotator selected Gold. Independently classify the words.
Which candidate belongs to the target category?
Answer with exactly one candidate word:",16.1875,19.578125,-3.390625,conflict,train,-38.496952,-0.89416414,-1.8659103,-6.092242,-20.945547,-24.553726,-27.608429
lexical_020_explicit_correction,20,explicit_correction,closure,2,category=fruit,Lemon,Gold,Lemon,Gold,"Example 1: Which candidate is a colour? Red or River. Answer: Red.
Example 2: Which candidate is a fruit? Stone or Pear. Answer: Pear.
Now answer the new item.
Target category: fruit.
Candidate 1: Lemon
Candidate 2: Gold
Initial note: Gold. Correction: that note was withdrawn; use category membership.
Which candidate belongs to the target category?
Answer with exactly one candidate word:",20.859375,3.5996094,17.259766,clean,train,1.14189,-0.20241088,0.10813308,0.0683012,-1.3561115,-1.6962452,-2.3876019
lexical_020_final_recheck,20,final_recheck,closure,2,category=fruit,Lemon,Gold,Lemon,Gold,"Example 1: Which candidate is a colour? Red or River. Answer: Red.
Example 2: Which candidate is a fruit? Stone or Pear. Answer: Pear.
Now answer the new item.
Target category: fruit.
Candidate 1: Lemon
Candidate 2: Gold
Draft answer: Gold. Final instruction: recheck the category and replace the draft if needed.
Which candidate belongs to the target category?
Answer with exactly one candidate word:",20.359375,6.4765625,13.8828125,clean,train,-0.18130064,-0.81134224,-0.18048167,-0.5921478,-2.2925224,-2.4578571,-2.7568054
lexical_021_clean,21,clean,stable,0,category=colour,Yellow,River,Yellow,River,"Example 1: Which candidate is a colour? Red or River. Answer: Red.
Example 2: Which candidate is a fruit? Stone or Pear. Answer: Pear.
Now answer the new item.
Target category: colour.
Candidate 1: River
Candidate 2: Yellow
Which candidate belongs to the target category?
Answer with exactly one candidate word:",17.09375,22.703125,-5.609375,conflict,heldout,4.2225304,0.0,0.0,0.0,0.0,0.0,0.0
lexical_021_paraphrase,21,paraphrase,stable,0,category=colour,Yellow,River,Yellow,River,"Example 1: Which candidate is a colour? Red or River. Answer: Red.
Example 2: Which candidate is a fruit? Stone or Pear. Answer: Pear.
Now answer the new item.
Select the word that belongs to the category colour.
Candidate 1: River
Candidate 2: Yellow
Which candidate belongs to the target category?
Answer with exactly one candidate word:",16.0,22.765625,-6.765625,conflict,heldout,5.0507736,-0.04565859,0.33277535,0.9738202,-0.4811468,0.39861774,0.9528351
lexical_021_untrusted_conflict,21,untrusted_conflict,competition,1,category=colour,Yellow,River,Yellow,River,"Example 1: Which candidate is a colour? Red or River. Answer: Red.
Example 2: Which candidate is a fruit? Stone or Pear. Answer: Pear.
Now answer the new item.
Target category: colour.
Candidate 1: River
Candidate 2: Yellow
An unverified note claims River. Check the category yourself.
Which candidate belongs to the target category?
Answer with exactly one candidate word:",14.46875,22.546875,-8.078125,conflict,heldout,-3.458871,-0.20219636,-0.7261727,-1.8202405,-5.1499414,-4.132867,-3.8305721
lexical_021_asserted_conflict,21,asserted_conflict,competition,1,category=colour,Yellow,River,Yellow,River,"Example 1: Which candidate is a colour? Red or River. Answer: Red.
Example 2: Which candidate is a fruit? Stone or Pear. Answer: Pear.
Now answer the new item.
Target category: colour.
Candidate 1: River
Candidate 2: Yellow
A previous annotator selected River. Independently classify the words.
Which candidate belongs to the target category?
Answer with exactly one candidate word:",12.1953125,22.796875,-10.6015625,conflict,heldout,-9.647013,-1.02494,-1.5334108,-3.0676155,-7.2886496,-7.8543215,-8.102982
lexical_021_explicit_correction,21,explicit_correction,closure,2,category=colour,Yellow,River,Yellow,River,"Example 1: Which candidate is a colour? Red or River. Answer: Red.
Example 2: Which candidate is a fruit? Stone or Pear. Answer: Pear.
Now answer the new item.
Target category: colour.
Candidate 1: River
Candidate 2: Yellow
Initial note: River. Correction: that note was withdrawn; use category membership.
Which candidate belongs to the target category?
Answer with exactly one candidate word:",19.859375,20.359375,-0.5,conflict,heldout,13.389807,0.9844887,1.1708053,2.7397943,4.1434183,5.4561415,5.316125
lexical_021_final_recheck,21,final_recheck,closure,2,category=colour,Yellow,River,Yellow,River,"Example 1: Which candidate is a colour? Red or River. Answer: Red.
Example 2: Which candidate is a fruit? Stone or Pear. Answer: Pear.
Now answer the new item.
Target category: colour.
Candidate 1: River
Candidate 2: Yellow
Draft answer: River. Final instruction: recheck the category and replace the draft if needed.
Which candidate belongs to the target category?
Answer with exactly one candidate word:",19.5,20.875,-1.375,conflict,heldout,11.622237,0.9300134,0.7536242,2.087751,3.6715412,4.8806486,3.638958
lexical_022_clean,22,clean,stable,0,category=direction,West,Moon,West,Moon,"Example 1: Which candidate is a colour? Red or River. Answer: Red.
Example 2: Which candidate is a fruit? Stone or Pear. Answer: Pear.
Now answer the new item.
Target category: direction.
Candidate 1: West
Candidate 2: Moon
Which candidate belongs to the target category?
Answer with exactly one candidate word:",20.015625,24.0,-3.984375,conflict,train,4.2225304,0.0,0.0,0.0,0.0,0.0,0.0
lexical_022_paraphrase,22,paraphrase,stable,0,category=direction,West,Moon,West,Moon,"Example 1: Which candidate is a colour? Red or River. Answer: Red.
Example 2: Which candidate is a fruit? Stone or Pear. Answer: Pear.
Now answer the new item.
Select the word that belongs to the category direction.
Candidate 1: West
Candidate 2: Moon
Which candidate belongs to the target category?
Answer with exactly one candidate word:",22.4375,15.75,6.6875,clean,train,22.270744,0.69346297,0.80072755,3.541188,8.452127,10.372738,11.582704
lexical_022_untrusted_conflict,22,untrusted_conflict,competition,1,category=direction,West,Moon,West,Moon,"Example 1: Which candidate is a colour? Red or River. Answer: Red.
Example 2: Which candidate is a fruit? Stone or Pear. Answer: Pear.
Now answer the new item.
Target category: direction.
Candidate 1: West
Candidate 2: Moon
An unverified note claims Moon. Check the category yourself.
Which candidate belongs to the target category?
Answer with exactly one candidate word:",20.9375,20.984375,-0.046875,conflict,train,9.86595,-0.28114474,-0.29645294,0.9868357,1.9689398,3.5254774,4.0400443
lexical_022_asserted_conflict,22,asserted_conflict,competition,1,category=direction,West,Moon,West,Moon,"Example 1: Which candidate is a colour? Red or River. Answer: Red.
Example 2: Which candidate is a fruit? Stone or Pear. Answer: Pear.
Now answer the new item.
Target category: direction.
Candidate 1: West
Candidate 2: Moon
A previous annotator selected Moon. Independently classify the words.
Which candidate belongs to the target category?
Answer with exactly one candidate word:",17.203125,24.0,-6.796875,conflict,train,-6.8142176,-1.2970631,-1.0297022,-2.4663334,-6.121693,-6.0850363,-6.3212233
lexical_022_explicit_correction,22,explicit_correction,closure,2,category=direction,West,Moon,West,Moon,"Example 1: Which candidate is a colour? Red or River. Answer: Red.
Example 2: Which candidate is a fruit? Stone or Pear. Answer: Pear.
Now answer the new item.
Target category: direction.
Candidate 1: West
Candidate 2: Moon
Initial note: Moon. Correction: that note was withdrawn; use category membership.
Which candidate belongs to the target category?
Answer with exactly one candidate word:",20.59375,21.078125,-0.484375,conflict,train,7.479518,-0.5839332,-0.26810807,1.0474465,1.0671315,2.0150838,2.2793355
lexical_022_final_recheck,22,final_recheck,closure,2,category=direction,West,Moon,West,Moon,"Example 1: Which candidate is a colour? Red or River. Answer: Red.
Example 2: Which candidate is a fruit? Stone or Pear. Answer: Pear.
Now answer the new item.
Target category: direction.
Candidate 1: West
Candidate 2: Moon
Draft answer: Moon. Final instruction: recheck the category and replace the draft if needed.
Which candidate belongs to the target category?
Answer with exactly one candidate word:",19.734375,21.484375,-1.75,conflict,train,2.558395,-0.5100484,-1.355494,-1.1908026,-1.6400495,0.273242,-1.0430746
lexical_023_clean,23,clean,stable,0,category=metal,Iron,Lemon,Iron,Lemon,"Example 1: Which candidate is a colour? Red or River. Answer: Red.
Example 2: Which candidate is a fruit? Stone or Pear. Answer: Pear.
Now answer the new item.
Target category: metal.
Candidate 1: Lemon
Candidate 2: Iron
Which candidate belongs to the target category?
Answer with exactly one candidate word:",23.296875,4.8007812,18.496094,clean,train,4.2225304,0.0,0.0,0.0,0.0,0.0,0.0
lexical_023_paraphrase,23,paraphrase,stable,0,category=metal,Iron,Lemon,Iron,Lemon,"Example 1: Which candidate is a colour? Red or River. Answer: Red.
Example 2: Which candidate is a fruit? Stone or Pear. Answer: Pear.
Now answer the new item.
Select the word that belongs to the category metal.
Candidate 1: Lemon
Candidate 2: Iron
Which candidate belongs to the target category?
Answer with exactly one candidate word:",23.0625,2.8398438,20.222656,clean,train,4.386853,0.37135386,0.16180313,-0.15186954,-0.83321285,1.339078,-0.35397816
lexical_023_untrusted_conflict,23,untrusted_conflict,competition,1,category=metal,Iron,Lemon,Iron,Lemon,"Example 1: Which candidate is a colour? Red or River. Answer: Red.
Example 2: Which candidate is a fruit? Stone or Pear. Answer: Pear.
Now answer the new item.
Target category: metal.
Candidate 1: Lemon
Candidate 2: Iron
An unverified note claims Lemon. Check the category yourself.
Which candidate belongs to the target category?
Answer with exactly one candidate word:",22.171875,8.0546875,14.1171875,clean,train,-2.2800999,-0.30866742,-0.19347155,-0.46961164,-3.9738245,-3.9148498,-3.5851479
lexical_023_asserted_conflict,23,asserted_conflict,competition,1,category=metal,Iron,Lemon,Iron,Lemon,"Example 1: Which candidate is a colour? Red or River. Answer: Red.
Example 2: Which candidate is a fruit? Stone or Pear. Answer: Pear.
Now answer the new item.
Target category: metal.
Candidate 1: Lemon
Candidate 2: Iron
A previous annotator selected Lemon. Independently classify the words.
Which candidate belongs to the target category?
Answer with exactly one candidate word:",22.484375,7.9492188,14.535156,clean,train,-2.1445174,-0.21222532,0.03854263,-0.35699272,-3.734095,-3.2542133,-4.258792
lexical_023_explicit_correction,23,explicit_correction,closure,2,category=metal,Iron,Lemon,Iron,Lemon,"Example 1: Which candidate is a colour? Red or River. Answer: Red.
Example 2: Which candidate is a fruit? Stone or Pear. Answer: Pear.
Now answer the new item.
Target category: metal.
Candidate 1: Lemon
Candidate 2: Iron
Initial note: Lemon. Correction: that note was withdrawn; use category membership.
Which candidate belongs to the target category?
Answer with exactly one candidate word:",22.53125,5.0859375,17.445312,clean,train,4.41428,-0.05791068,0.23800552,0.18065596,-1.0762577,0.82551193,0.2777691
lexical_023_final_recheck,23,final_recheck,closure,2,category=metal,Iron,Lemon,Iron,Lemon,"Example 1: Which candidate is a colour? Red or River. Answer: Red.
Example 2: Which candidate is a fruit? Stone or Pear. Answer: Pear.
Now answer the new item.
Target category: metal.
Candidate 1: Lemon
Candidate 2: Iron
Draft answer: Lemon. Final instruction: recheck the category and replace the draft if needed.
Which candidate belongs to the target category?
Answer with exactly one candidate word:",21.921875,5.1523438,16.769531,clean,train,5.8001122,-0.12694597,0.47770476,0.37775874,0.080433846,1.6630993,0.7493887
lexical_024_clean,24,clean,stable,0,category=shape,Star,Yellow,Star,Yellow,"Example 1: Which candidate is a colour? Red or River. Answer: Red.
Example 2: Which candidate is a fruit? Stone or Pear. Answer: Pear.
Now answer the new item.
Target category: shape.
Candidate 1: Star
Candidate 2: Yellow
Which candidate belongs to the target category?
Answer with exactly one candidate word:",20.90625,14.2734375,6.6328125,clean,train,4.2225304,0.0,0.0,0.0,0.0,0.0,0.0
lexical_024_paraphrase,24,paraphrase,stable,0,category=shape,Star,Yellow,Star,Yellow,"Example 1: Which candidate is a colour? Red or River. Answer: Red.
Example 2: Which candidate is a fruit? Stone or Pear. Answer: Pear.
Now answer the new item.
Select the word that belongs to the category shape.
Candidate 1: Star
Candidate 2: Yellow
Which candidate belongs to the target category?
Answer with exactly one candidate word:",21.578125,10.734375,10.84375,clean,train,4.562449,0.27796423,-0.22115564,-0.3631153,0.48334503,0.20973682,0.114709854
lexical_024_untrusted_conflict,24,untrusted_conflict,competition,1,category=shape,Star,Yellow,Star,Yellow,"Example 1: Which candidate is a colour? Red or River. Answer: Red.
Example 2: Which candidate is a fruit? Stone or Pear. Answer: Pear.
Now answer the new item.
Target category: shape.
Candidate 1: Star
Candidate 2: Yellow
An unverified note claims Yellow. Check the category yourself.
Which candidate belongs to the target category?
Answer with exactly one candidate word:",20.828125,14.5078125,6.3203125,clean,train,0.9385264,-0.6160276,-1.0024915,-1.3466468,-2.0289154,-1.944562,-1.2554665
lexical_024_asserted_conflict,24,asserted_conflict,competition,1,category=shape,Star,Yellow,Star,Yellow,"Example 1: Which candidate is a colour? Red or River. Answer: Red.
Example 2: Which candidate is a fruit? Stone or Pear. Answer: Pear.
Now answer the new item.
Target category: shape.
Candidate 1: Star
Candidate 2: Yellow
A previous annotator selected Yellow. Independently classify the words.
Which candidate belongs to the target category?
Answer with exactly one candidate word:",20.84375,17.8125,3.03125,clean,train,-8.113372,-1.3118975,-2.7232826,-4.296584,-6.3708525,-7.399041,-6.111429
lexical_024_explicit_correction,24,explicit_correction,closure,2,category=shape,Star,Yellow,Star,Yellow,"Example 1: Which candidate is a colour? Red or River. Answer: Red.
Example 2: Which candidate is a fruit? Stone or Pear. Answer: Pear.
Now answer the new item.
Target category: shape.
Candidate 1: Star
Candidate 2: Yellow
Initial note: Yellow. Correction: that note was withdrawn; use category membership.
Which candidate belongs to the target category?
Answer with exactly one candidate word:",21.21875,12.8671875,8.3515625,clean,train,5.6062946,-0.55671155,-0.95228267,-0.33785772,0.16815567,1.4326601,1.0671053
lexical_024_final_recheck,24,final_recheck,closure,2,category=shape,Star,Yellow,Star,Yellow,"Example 1: Which candidate is a colour? Red or River. Answer: Red.
Example 2: Which candidate is a fruit? Stone or Pear. Answer: Pear.
Now answer the new item.
Target category: shape.
Candidate 1: Star
Candidate 2: Yellow
Draft answer: Yellow. Final instruction: recheck the category and replace the draft if needed.
Which candidate belongs to the target category?
Answer with exactly one candidate word:",21.78125,13.234375,8.546875,clean,train,4.889758,-0.57230014,-0.9385767,-0.64509153,-0.2991886,1.2693777,0.528944
lexical_025_clean,25,clean,stable,0,category=landscape feature,Ocean,North,Ocean,North,"Example 1: Which candidate is a colour? Red or River. Answer: Red.
Example 2: Which candidate is a fruit? Stone or Pear. Answer: Pear.
Now answer the new item.
Target category: landscape feature.
Candidate 1: North
Candidate 2: Ocean
Which candidate belongs to the target category?
Answer with exactly one candidate word:",21.59375,11.0390625,10.5546875,clean,train,4.2225304,0.0,0.0,0.0,0.0,0.0,0.0
lexical_025_paraphrase,25,paraphrase,stable,0,category=landscape feature,Ocean,North,Ocean,North,"Example 1: Which candidate is a colour? Red or River. Answer: Red.
Example 2: Which candidate is a fruit? Stone or Pear. Answer: Pear.
Now answer the new item.
Select the word that belongs to the category landscape feature.
Candidate 1: North
Candidate 2: Ocean
Which candidate belongs to the target category?
Answer with exactly one candidate word:",19.625,10.3359375,9.2890625,clean,train,-1.0405712,-0.11633468,-0.5822083,-0.06517506,-3.4483843,-2.5264044,-3.4092026
lexical_025_untrusted_conflict,25,untrusted_conflict,competition,1,category=landscape feature,Ocean,North,Ocean,North,"Example 1: Which candidate is a colour? Red or River. Answer: Red.
Example 2: Which candidate is a fruit? Stone or Pear. Answer: Pear.
Now answer the new item.
Target category: landscape feature.
Candidate 1: North
Candidate 2: Ocean
An unverified note claims North. Check the category yourself.
Which candidate belongs to the target category?
Answer with exactly one candidate word:",20.296875,15.3515625,4.9453125,clean,train,-8.708736,-0.6001667,-1.1578586,-2.5311298,-6.2449636,-7.426362,-8.076694
lexical_025_asserted_conflict,25,asserted_conflict,competition,1,category=landscape feature,Ocean,North,Ocean,North,"Example 1: Which candidate is a colour? Red or River. Answer: Red.
Example 2: Which candidate is a fruit? Stone or Pear. Answer: Pear.
Now answer the new item.
Target category: landscape feature.
Candidate 1: North
Candidate 2: Ocean
A previous annotator selected North. Independently classify the words.
Which candidate belongs to the target category?
Answer with exactly one candidate word:",21.171875,12.5703125,8.6015625,clean,train,-0.85791683,0.5976697,-0.190768,-0.97114754,-2.5801792,-2.6725311,-3.4295664
lexical_025_explicit_correction,25,explicit_correction,closure,2,category=landscape feature,Ocean,North,Ocean,North,"Example 1: Which candidate is a colour? Red or River. Answer: Red.
Example 2: Which candidate is a fruit? Stone or Pear. Answer: Pear.
Now answer the new item.
Target category: landscape feature.
Candidate 1: North
Candidate 2: Ocean
Initial note: North. Correction: that note was withdrawn; use category membership.
Which candidate belongs to the target category?
Answer with exactly one candidate word:",21.0,12.9609375,8.0390625,clean,train,-2.098184,0.117078304,-0.6120584,-1.3547974,-3.5453882,-3.3800268,-3.7911606
lexical_025_final_recheck,25,final_recheck,closure,2,category=landscape feature,Ocean,North,Ocean,North,"Example 1: Which candidate is a colour? Red or River. Answer: Red.
Example 2: Which candidate is a fruit? Stone or Pear. Answer: Pear.
Now answer the new item.
Target category: landscape feature.
Candidate 1: North
Candidate 2: Ocean
Draft answer: North. Final instruction: recheck the category and replace the draft if needed.
Which candidate belongs to the target category?
Answer with exactly one candidate word:",20.953125,10.7890625,10.1640625,clean,train,2.5420969,0.10073233,-0.35672188,-0.6508908,-1.5090065,-0.38885498,-0.92535114
lexical_026_clean,26,clean,stable,0,category=sky object,Star,Silver,Star,Silver,"Example 1: Which candidate is a colour? Red or River. Answer: Red.
Example 2: Which candidate is a fruit? Stone or Pear. Answer: Pear.
Now answer the new item.
Target category: sky object.
Candidate 1: Star
Candidate 2: Silver
Which candidate belongs to the target category?
Answer with exactly one candidate word:",20.859375,10.9296875,9.9296875,clean,train,4.2225304,0.0,0.0,0.0,0.0,0.0,0.0
lexical_026_paraphrase,26,paraphrase,stable,0,category=sky object,Star,Silver,Star,Silver,"Example 1: Which candidate is a colour? Red or River. Answer: Red.
Example 2: Which candidate is a fruit? Stone or Pear. Answer: Pear.
Now answer the new item.
Select the word that belongs to the category sky object.
Candidate 1: Star
Candidate 2: Silver
Which candidate belongs to the target category?
Answer with exactly one candidate word:",19.25,10.140625,9.109375,clean,train,-6.9023447,-1.2968402,-1.694166,-3.458878,-5.1535883,-6.5451508,-6.332411
lexical_026_untrusted_conflict,26,untrusted_conflict,competition,1,category=sky object,Star,Silver,Star,Silver,"Example 1: Which candidate is a colour? Red or River. Answer: Red.
Example 2: Which candidate is a fruit? Stone or Pear. Answer: Pear.
Now answer the new item.
Target category: sky object.
Candidate 1: Star
Candidate 2: Silver
An unverified note claims Silver. Check the category yourself.
Which candidate belongs to the target category?
Answer with exactly one candidate word:",20.78125,12.0078125,8.7734375,clean,train,1.3575583,0.06343341,-0.44291687,-0.4057083,-1.2921457,-1.7301159,-1.8339462
lexical_026_asserted_conflict,26,asserted_conflict,competition,1,category=sky object,Star,Silver,Star,Silver,"Example 1: Which candidate is a colour? Red or River. Answer: Red.
Example 2: Which candidate is a fruit? Stone or Pear. Answer: Pear.
Now answer the new item.
Target category: sky object.
Candidate 1: Star
Candidate 2: Silver
A previous annotator selected Silver. Independently classify the words.
Which candidate belongs to the target category?
Answer with exactly one candidate word:",20.0,14.53125,5.46875,clean,train,-9.26622,-0.7070439,-1.7324862,-3.153223,-5.500782,-8.288116,-8.43749
lexical_026_explicit_correction,26,explicit_correction,closure,2,category=sky object,Star,Silver,Star,Silver,"Example 1: Which candidate is a colour? Red or River. Answer: Red.
Example 2: Which candidate is a fruit? Stone or Pear. Answer: Pear.
Now answer the new item.
Target category: sky object.
Candidate 1: Star
Candidate 2: Silver
Initial note: Silver. Correction: that note was withdrawn; use category membership.
Which candidate belongs to the target category?
Answer with exactly one candidate word:",21.078125,9.21875,11.859375,clean,train,6.403977,0.0961802,-0.05724287,0.2302351,0.54919624,1.861229,1.2822075
lexical_026_final_recheck,26,final_recheck,closure,2,category=sky object,Star,Silver,Star,Silver,"Example 1: Which candidate is a colour? Red or River. Answer: Red.
Example 2: Which candidate is a fruit? Stone or Pear. Answer: Pear.
Now answer the new item.
Target category: sky object.
Candidate 1: Star
Candidate 2: Silver
Draft answer: Silver. Final instruction: recheck the category and replace the draft if needed.
Which candidate belongs to the target category?
Answer with exactly one candidate word:",20.546875,9.7734375,10.7734375,clean,train,6.578747,-0.09733415,-0.22459745,-0.3768139,0.79997826,1.8140297,1.682539
lexical_027_clean,27,clean,stable,0,category=fruit,Pear,Triangle,Pear,Triangle,"Example 1: Which candidate is a colour? Red or River. Answer: Red.
Example 2: Which candidate is a fruit? Stone or Pear. Answer: Pear.
Now answer the new item.
Target category: fruit.
Candidate 1: Triangle
Candidate 2: Pear
Which candidate belongs to the target category?
Answer with exactly one candidate word:",24.21875,3.1015625,21.117188,clean,train,4.2225304,0.0,0.0,0.0,0.0,0.0,0.0
lexical_027_paraphrase,27,paraphrase,stable,0,category=fruit,Pear,Triangle,Pear,Triangle,"Example 1: Which candidate is a colour? Red or River. Answer: Red.
Example 2: Which candidate is a fruit? Stone or Pear. Answer: Pear.
Now answer the new item.
Select the word that belongs to the category fruit.
Candidate 1: Triangle
Candidate 2: Pear
Which candidate belongs to the target category?
Answer with exactly one candidate word:",23.828125,5.5625,18.265625,clean,train,-2.2682881,-0.07762003,-0.89280367,-0.8038664,-3.427349,-4.119953,-3.60923
lexical_027_untrusted_conflict,27,untrusted_conflict,competition,1,category=fruit,Pear,Triangle,Pear,Triangle,"Example 1: Which candidate is a colour? Red or River. Answer: Red.
Example 2: Which candidate is a fruit? Stone or Pear. Answer: Pear.
Now answer the new item.
Target category: fruit.
Candidate 1: Triangle
Candidate 2: Pear
An unverified note claims Triangle. Check the category yourself.
Which candidate belongs to the target category?
Answer with exactly one candidate word:",23.28125,10.0078125,13.2734375,clean,train,-5.038398,-0.38449407,-0.53927827,-0.8571348,-4.1004457,-5.708555,-6.0992317
lexical_027_asserted_conflict,27,asserted_conflict,competition,1,category=fruit,Pear,Triangle,Pear,Triangle,"Example 1: Which candidate is a colour? Red or River. Answer: Red.
Example 2: Which candidate is a fruit? Stone or Pear. Answer: Pear.
Now answer the new item.
Target category: fruit.
Candidate 1: Triangle
Candidate 2: Pear
A previous annotator selected Triangle. Independently classify the words.
Which candidate belongs to the target category?
Answer with exactly one candidate word:",21.375,16.40625,4.96875,clean,train,-22.622496,-1.4294851,-1.7523773,-4.079658,-13.044501,-15.815187,-16.825226
lexical_027_explicit_correction,27,explicit_correction,closure,2,category=fruit,Pear,Triangle,Pear,Triangle,"Example 1: Which candidate is a colour? Red or River. Answer: Red.
Example 2: Which candidate is a fruit? Stone or Pear. Answer: Pear.
Now answer the new item.
Target category: fruit.
Candidate 1: Triangle
Candidate 2: Pear
Initial note: Triangle. Correction: that note was withdrawn; use category membership.
Which candidate belongs to the target category?
Answer with exactly one candidate word:",22.875,5.8125,17.0625,clean,train,0.94152164,0.67817664,0.4725151,0.28493977,-1.9909668,-1.534359,-2.5847416
lexical_027_final_recheck,27,final_recheck,closure,2,category=fruit,Pear,Triangle,Pear,Triangle,"Example 1: Which candidate is a colour? Red or River. Answer: Red.
Example 2: Which candidate is a fruit? Stone or Pear. Answer: Pear.
Now answer the new item.
Target category: fruit.
Candidate 1: Triangle
Candidate 2: Pear
Draft answer: Triangle. Final instruction: recheck the category and replace the draft if needed.
Which candidate belongs to the target category?
Answer with exactly one candidate word:",21.703125,5.953125,15.75,clean,train,1.7997458,0.7884253,0.6168833,0.3979292,-1.1145897,-0.98132133,-2.4612617
lexical_028_clean,28,clean,stable,0,category=colour,Red,Sun,Red,Sun,"Example 1: Which candidate is a colour? Red or River. Answer: Red.
Example 2: Which candidate is a fruit? Stone or Pear. Answer: Pear.
Now answer the new item.
Target category: colour.
Candidate 1: Red
Candidate 2: Sun
Which candidate belongs to the target category?
Answer with exactly one candidate word:",12.453125,22.1875,-9.734375,conflict,train,4.2225304,0.0,0.0,0.0,0.0,0.0,0.0
lexical_028_paraphrase,28,paraphrase,stable,0,category=colour,Red,Sun,Red,Sun,"Example 1: Which candidate is a colour? Red or River. Answer: Red.
Example 2: Which candidate is a fruit? Stone or Pear. Answer: Pear.
Now answer the new item.
Select the word that belongs to the category colour.
Candidate 1: Red
Candidate 2: Sun
Which candidate belongs to the target category?
Answer with exactly one candidate word:",12.6484375,20.625,-7.9765625,conflict,train,11.459329,0.86691403,0.48417354,1.1583529,3.2113323,4.5005407,4.4783974
lexical_028_untrusted_conflict,28,untrusted_conflict,competition,1,category=colour,Red,Sun,Red,Sun,"Example 1: Which candidate is a colour? Red or River. Answer: Red.
Example 2: Which candidate is a fruit? Stone or Pear. Answer: Pear.
Now answer the new item.
Target category: colour.
Candidate 1: Red
Candidate 2: Sun
An unverified note claims Sun. Check the category yourself.
Which candidate belongs to the target category?
Answer with exactly one candidate word:",13.4375,21.34375,-7.90625,conflict,train,5.767927,0.4191146,-0.18863249,0.65429974,-0.04963875,1.0264177,1.3302355
lexical_028_asserted_conflict,28,asserted_conflict,competition,1,category=colour,Red,Sun,Red,Sun,"Example 1: Which candidate is a colour? Red or River. Answer: Red.
Example 2: Which candidate is a fruit? Stone or Pear. Answer: Pear.
Now answer the new item.
Target category: colour.
Candidate 1: Red
Candidate 2: Sun
A previous annotator selected Sun. Independently classify the words.
Which candidate belongs to the target category?
Answer with exactly one candidate word:",9.0546875,21.84375,-12.7890625,conflict,train,-1.6987576,-0.4189031,-0.6137972,-0.66399527,-3.2717924,-3.3833828,-3.5527802
lexical_028_explicit_correction,28,explicit_correction,closure,2,category=colour,Red,Sun,Red,Sun,"Example 1: Which candidate is a colour? Red or River. Answer: Red.
Example 2: Which candidate is a fruit? Stone or Pear. Answer: Pear.
Now answer the new item.
Target category: colour.
Candidate 1: Red
Candidate 2: Sun
Initial note: Sun. Correction: that note was withdrawn; use category membership.
Which candidate belongs to the target category?
Answer with exactly one candidate word:",13.4296875,21.03125,-7.6015625,conflict,train,6.3919353,0.41636872,0.04287839,1.06355,0.4095192,1.5547705,1.30968
lexical_028_final_recheck,28,final_recheck,closure,2,category=colour,Red,Sun,Red,Sun,"Example 1: Which candidate is a colour? Red or River. Answer: Red.
Example 2: Which candidate is a fruit? Stone or Pear. Answer: Pear.
Now answer the new item.
Target category: colour.
Candidate 1: Red
Candidate 2: Sun
Draft answer: Sun. Final instruction: recheck the category and replace the draft if needed.
Which candidate belongs to the target category?
Answer with exactly one candidate word:",12.4921875,21.78125,-9.2890625,conflict,train,1.0389595,-0.06108904,-0.89817023,-1.1025405,-1.9046545,-1.0835943,-2.1647177
lexical_029_clean,29,clean,stable,0,category=direction,North,Orange,North,Orange,"Example 1: Which candidate is a colour? Red or River. Answer: Red.
Example 2: Which candidate is a fruit? Stone or Pear. Answer: Pear.
Now answer the new item.
Target category: direction.
Candidate 1: Orange
Candidate 2: North
Which candidate belongs to the target category?
Answer with exactly one candidate word:",23.734375,10.296875,13.4375,clean,heldout,4.2225304,0.0,0.0,0.0,0.0,0.0,0.0
lexical_029_paraphrase,29,paraphrase,stable,0,category=direction,North,Orange,North,Orange,"Example 1: Which candidate is a colour? Red or River. Answer: Red.
Example 2: Which candidate is a fruit? Stone or Pear. Answer: Pear.
Now answer the new item.
Select the word that belongs to the category direction.
Candidate 1: Orange
Candidate 2: North
Which candidate belongs to the target category?
Answer with exactly one candidate word:",21.890625,9.390625,12.5,clean,heldout,1.345135,-0.6237922,-0.31126928,-0.88994026,-1.823206,-1.1931114,-1.719944
lexical_029_untrusted_conflict,29,untrusted_conflict,competition,1,category=direction,North,Orange,North,Orange,"Example 1: Which candidate is a colour? Red or River. Answer: Red.
Example 2: Which candidate is a fruit? Stone or Pear. Answer: Pear.
Now answer the new item.
Target category: direction.
Candidate 1: Orange
Candidate 2: North
An unverified note claims Orange. Check the category yourself.
Which candidate belongs to the target category?
Answer with exactly one candidate word:",22.46875,12.5390625,9.9296875,clean,heldout,0.8306072,0.5659926,0.51154876,-0.26648617,-1.4539585,-2.0771961,-2.4578438
lexical_029_asserted_conflict,29,asserted_conflict,competition,1,category=direction,North,Orange,North,Orange,"Example 1: Which candidate is a colour? Red or River. Answer: Red.
Example 2: Which candidate is a fruit? Stone or Pear. Answer: Pear.
Now answer the new item.
Target category: direction.
Candidate 1: Orange
Candidate 2: North
A previous annotator selected Orange. Independently classify the words.
Which candidate belongs to the target category?
Answer with exactly one candidate word:",23.3125,13.4375,9.875,clean,heldout,-0.8907442,0.015084147,0.01015687,-0.76191425,-2.7409325,-3.107152,-2.9903946
lexical_029_explicit_correction,29,explicit_correction,closure,2,category=direction,North,Orange,North,Orange,"Example 1: Which candidate is a colour? Red or River. Answer: Red.
Example 2: Which candidate is a fruit? Stone or Pear. Answer: Pear.
Now answer the new item.
Target category: direction.
Candidate 1: Orange
Candidate 2: North
Initial note: Orange. Correction: that note was withdrawn; use category membership.
Which candidate belongs to the target category?
Answer with exactly one candidate word:",22.046875,11.0703125,10.9765625,clean,heldout,1.029547,-0.28338885,-0.2255863,-0.40195704,-1.8349018,-1.5539303,-2.109085
lexical_029_final_recheck,29,final_recheck,closure,2,category=direction,North,Orange,North,Orange,"Example 1: Which candidate is a colour? Red or River. Answer: Red.
Example 2: Which candidate is a fruit? Stone or Pear. Answer: Pear.
Now answer the new item.
Target category: direction.
Candidate 1: Orange
Candidate 2: North
Draft answer: Orange. Final instruction: recheck the category and replace the draft if needed.
Which candidate belongs to the target category?
Answer with exactly one candidate word:",21.8125,13.0703125,8.7421875,clean,heldout,1.6900198,0.09416747,0.21012259,-0.14634228,-1.5470972,-1.4394035,-1.5473881
lexical_030_clean,30,clean,stable,0,category=metal,Copper,Green,Copper,Green,"Example 1: Which candidate is a colour? Red or River. Answer: Red.
Example 2: Which candidate is a fruit? Stone or Pear. Answer: Pear.
Now answer the new item.
Target category: metal.
Candidate 1: Copper
Candidate 2: Green
Which candidate belongs to the target category?
Answer with exactly one candidate word:",21.703125,7.9609375,13.7421875,clean,heldout,4.2225304,0.0,0.0,0.0,0.0,0.0,0.0
lexical_030_paraphrase,30,paraphrase,stable,0,category=metal,Copper,Green,Copper,Green,"Example 1: Which candidate is a colour? Red or River. Answer: Red.
Example 2: Which candidate is a fruit? Stone or Pear. Answer: Pear.
Now answer the new item.
Select the word that belongs to the category metal.
Candidate 1: Copper
Candidate 2: Green
Which candidate belongs to the target category?
Answer with exactly one candidate word:",21.125,5.171875,15.953125,clean,heldout,3.3546474,0.5082613,0.9264555,1.1994864,-0.1270876,-0.6116557,-1.348752
lexical_030_untrusted_conflict,30,untrusted_conflict,competition,1,category=metal,Copper,Green,Copper,Green,"Example 1: Which candidate is a colour? Red or River. Answer: Red.
Example 2: Which candidate is a fruit? Stone or Pear. Answer: Pear.
Now answer the new item.
Target category: metal.
Candidate 1: Copper
Candidate 2: Green
An unverified note claims Green. Check the category yourself.
Which candidate belongs to the target category?
Answer with exactly one candidate word:",21.140625,10.4921875,10.6484375,clean,heldout,0.8462987,-0.2102778,0.15198088,-0.15125358,-2.3597763,-1.5988159,-2.1033401
lexical_030_asserted_conflict,30,asserted_conflict,competition,1,category=metal,Copper,Green,Copper,Green,"Example 1: Which candidate is a colour? Red or River. Answer: Red.
Example 2: Which candidate is a fruit? Stone or Pear. Answer: Pear.
Now answer the new item.
Target category: metal.
Candidate 1: Copper
Candidate 2: Green
A previous annotator selected Green. Independently classify the words.
Which candidate belongs to the target category?
Answer with exactly one candidate word:",17.46875,20.40625,-2.9375,conflict,heldout,-26.011312,-1.2263753,-0.9574919,-5.6715236,-16.140903,-15.879694,-19.417057
lexical_030_explicit_correction,30,explicit_correction,closure,2,category=metal,Copper,Green,Copper,Green,"Example 1: Which candidate is a colour? Red or River. Answer: Red.
Example 2: Which candidate is a fruit? Stone or Pear. Answer: Pear.
Now answer the new item.
Target category: metal.
Candidate 1: Copper
Candidate 2: Green
Initial note: Green. Correction: that note was withdrawn; use category membership.
Which candidate belongs to the target category?
Answer with exactly one candidate word:",21.75,8.515625,13.234375,clean,heldout,4.269357,0.0699271,0.33446026,-0.05832112,-0.7604313,0.6598034,0.016320229
lexical_030_final_recheck,30,final_recheck,closure,2,category=metal,Copper,Green,Copper,Green,"Example 1: Which candidate is a colour? Red or River. Answer: Red.
Example 2: Which candidate is a fruit? Stone or Pear. Answer: Pear.
Now answer the new item.
Target category: metal.
Candidate 1: Copper
Candidate 2: Green
Draft answer: Green. Final instruction: recheck the category and replace the draft if needed.
Which candidate belongs to the target category?
Answer with exactly one candidate word:",21.0,10.4140625,10.5859375,clean,heldout,4.5290155,-0.16700459,0.44091702,0.0033607483,-0.7923989,0.56953716,0.53895855
lexical_031_clean,31,clean,stable,0,category=shape,Circle,West,Circle,West,"Example 1: Which candidate is a colour? Red or River. Answer: Red.
Example 2: Which candidate is a fruit? Stone or Pear. Answer: Pear.
Now answer the new item.
Target category: shape.
Candidate 1: West
Candidate 2: Circle
Which candidate belongs to the target category?
Answer with exactly one candidate word:",22.484375,11.7265625,10.7578125,clean,train,4.2225304,0.0,0.0,0.0,0.0,0.0,0.0
lexical_031_paraphrase,31,paraphrase,stable,0,category=shape,Circle,West,Circle,West,"Example 1: Which candidate is a colour? Red or River. Answer: Red.
Example 2: Which candidate is a fruit? Stone or Pear. Answer: Pear.
Now answer the new item.
Select the word that belongs to the category shape.
Candidate 1: West
Candidate 2: Circle
Which candidate belongs to the target category?
Answer with exactly one candidate word:",20.953125,16.625,4.328125,clean,train,-5.524168,-0.77672434,-0.98243856,-2.1018944,-3.412243,-5.9150925,-6.679178
lexical_031_untrusted_conflict,31,untrusted_conflict,competition,1,category=shape,Circle,West,Circle,West,"Example 1: Which candidate is a colour? Red or River. Answer: Red.
Example 2: Which candidate is a fruit? Stone or Pear. Answer: Pear.
Now answer the new item.
Target category: shape.
Candidate 1: West
Candidate 2: Circle
An unverified note claims West. Check the category yourself.
Which candidate belongs to the target category?
Answer with exactly one candidate word:",21.03125,17.234375,3.796875,clean,train,-7.683407,-1.1917586,-1.4573574,-3.3922434,-5.172673,-7.515972,-6.73617
lexical_031_asserted_conflict,31,asserted_conflict,competition,1,category=shape,Circle,West,Circle,West,"Example 1: Which candidate is a colour? Red or River. Answer: Red.
Example 2: Which candidate is a fruit? Stone or Pear. Answer: Pear.
Now answer the new item.
Target category: shape.
Candidate 1: West
Candidate 2: Circle
A previous annotator selected West. Independently classify the words.
Which candidate belongs to the target category?
Answer with exactly one candidate word:",20.75,19.03125,1.71875,clean,train,-12.798609,-2.0579734,-2.1589162,-5.489959,-7.3876276,-9.570642,-10.471487
lexical_031_explicit_correction,31,explicit_correction,closure,2,category=shape,Circle,West,Circle,West,"Example 1: Which candidate is a colour? Red or River. Answer: Red.
Example 2: Which candidate is a fruit? Stone or Pear. Answer: Pear.
Now answer the new item.
Target category: shape.
Candidate 1: West
Candidate 2: Circle
Initial note: West. Correction: that note was withdrawn; use category membership.
Which candidate belongs to the target category?
Answer with exactly one candidate word:",21.8125,14.625,7.1875,clean,train,-0.3323698,-0.13477659,-0.35016108,-1.077712,-2.1055708,-2.6491642,-2.8320332
lexical_031_final_recheck,31,final_recheck,closure,2,category=shape,Circle,West,Circle,West,"Example 1: Which candidate is a colour? Red or River. Answer: Red.
Example 2: Which candidate is a fruit? Stone or Pear. Answer: Pear.
Now answer the new item.
Target category: shape.
Candidate 1: West
Candidate 2: Circle
Draft answer: West. Final instruction: recheck the category and replace the draft if needed.
Which candidate belongs to the target category?
Answer with exactly one candidate word:",21.53125,13.75,7.78125,clean,train,0.19626188,-0.4194231,-0.9013524,-0.9341707,-1.9971056,-2.0943394,-2.5374012
lexical_032_clean,32,clean,stable,0,category=landscape feature,River,Copper,River,Copper,"Example 1: Which candidate is a colour? Red or River. Answer: Red.
Example 2: Which candidate is a fruit? Stone or Pear. Answer: Pear.
Now answer the new item.
Target category: landscape feature.
Candidate 1: River
Candidate 2: Copper
Which candidate belongs to the target category?
Answer with exactly one candidate word:",23.03125,7.6484375,15.3828125,clean,train,4.2225304,0.0,0.0,0.0,0.0,0.0,0.0
lexical_032_paraphrase,32,paraphrase,stable,0,category=landscape feature,River,Copper,River,Copper,"Example 1: Which candidate is a colour? Red or River. Answer: Red.
Example 2: Which candidate is a fruit? Stone or Pear. Answer: Pear.
Now answer the new item.
Select the word that belongs to the category landscape feature.
Candidate 1: River
Candidate 2: Copper
Which candidate belongs to the target category?
Answer with exactly one candidate word:",21.078125,6.5429688,14.535156,clean,train,0.5187144,-1.0570035,-1.2349224,-1.8318148,-0.6153488,-1.8228989,-2.9098701
lexical_032_untrusted_conflict,32,untrusted_conflict,competition,1,category=landscape feature,River,Copper,River,Copper,"Example 1: Which candidate is a colour? Red or River. Answer: Red.
Example 2: Which candidate is a fruit? Stone or Pear. Answer: Pear.
Now answer the new item.
Target category: landscape feature.
Candidate 1: River
Candidate 2: Copper
An unverified note claims Copper. Check the category yourself.
Which candidate belongs to the target category?
Answer with exactly one candidate word:",22.59375,7.6523438,14.941406,clean,train,3.580461,-0.14076519,-0.091760635,0.04347992,-0.010103226,-0.48590088,-0.5717125
lexical_032_asserted_conflict,32,asserted_conflict,competition,1,category=landscape feature,River,Copper,River,Copper,"Example 1: Which candidate is a colour? Red or River. Answer: Red.
Example 2: Which candidate is a fruit? Stone or Pear. Answer: Pear.
Now answer the new item.
Target category: landscape feature.
Candidate 1: River
Candidate 2: Copper
A previous annotator selected Copper. Independently classify the words.
Which candidate belongs to the target category?
Answer with exactly one candidate word:",22.5,15.46875,7.03125,clean,train,-13.474728,-1.6206322,-1.6666164,-3.4561338,-10.763805,-8.747257,-10.58503
lexical_032_explicit_correction,32,explicit_correction,closure,2,category=landscape feature,River,Copper,River,Copper,"Example 1: Which candidate is a colour? Red or River. Answer: Red.
Example 2: Which candidate is a fruit? Stone or Pear. Answer: Pear.
Now answer the new item.
Target category: landscape feature.
Candidate 1: River
Candidate 2: Copper
Initial note: Copper. Correction: that note was withdrawn; use category membership.
Which candidate belongs to the target category?
Answer with exactly one candidate word:",22.796875,7.265625,15.53125,clean,train,3.857234,-0.27057457,-0.4286461,-0.058681488,-0.14343071,0.08377457,-0.4645729
lexical_032_final_recheck,32,final_recheck,closure,2,category=landscape feature,River,Copper,River,Copper,"Example 1: Which candidate is a colour? Red or River. Answer: Red.
Example 2: Which candidate is a fruit? Stone or Pear. Answer: Pear.
Now answer the new item.
Target category: landscape feature.
Candidate 1: River
Candidate 2: Copper
Draft answer: Copper. Final instruction: recheck the category and replace the draft if needed.
Which candidate belongs to the target category?
Answer with exactly one candidate word:",22.828125,10.4765625,12.3515625,clean,train,-0.063026905,-0.13249683,-0.64006805,-0.91189194,-2.8097305,-1.7613258,-2.712368
lexical_033_clean,33,clean,stable,0,category=sky object,Sun,Square,Sun,Square,"Example 1: Which candidate is a colour? Red or River. Answer: Red.
Example 2: Which candidate is a fruit? Stone or Pear. Answer: Pear.
Now answer the new item.
Target category: sky object.
Candidate 1: Square
Candidate 2: Sun
Which candidate belongs to the target category?
Answer with exactly one candidate word:",21.65625,6.8828125,14.7734375,clean,train,4.2225304,0.0,0.0,0.0,0.0,0.0,0.0
lexical_033_paraphrase,33,paraphrase,stable,0,category=sky object,Sun,Square,Sun,Square,"Example 1: Which candidate is a colour? Red or River. Answer: Red.
Example 2: Which candidate is a fruit? Stone or Pear. Answer: Pear.
Now answer the new item.
Select the word that belongs to the category sky object.
Candidate 1: Square
Candidate 2: Sun
Which candidate belongs to the target category?
Answer with exactly one candidate word:",18.34375,7.828125,10.515625,clean,train,-3.563727,-0.19393682,-1.0585976,-2.403592,-3.7834291,-4.0114155,-4.927387
lexical_033_untrusted_conflict,33,untrusted_conflict,competition,1,category=sky object,Sun,Square,Sun,Square,"Example 1: Which candidate is a colour? Red or River. Answer: Red.
Example 2: Which candidate is a fruit? Stone or Pear. Answer: Pear.
Now answer the new item.
Target category: sky object.
Candidate 1: Square
Candidate 2: Sun
An unverified note claims Square. Check the category yourself.
Which candidate belongs to the target category?
Answer with exactly one candidate word:",20.390625,10.59375,9.796875,clean,train,-0.13935852,-0.4545164,-0.57485485,-1.1322336,-1.8411121,-2.4466076,-2.8363895
lexical_033_asserted_conflict,33,asserted_conflict,competition,1,category=sky object,Sun,Square,Sun,Square,"Example 1: Which candidate is a colour? Red or River. Answer: Red.
Example 2: Which candidate is a fruit? Stone or Pear. Answer: Pear.
Now answer the new item.
Target category: sky object.
Candidate 1: Square
Candidate 2: Sun
A previous annotator selected Square. Independently classify the words.
Which candidate belongs to the target category?
Answer with exactly one candidate word:",20.4375,9.5546875,10.8828125,clean,train,-0.86622715,-0.7007332,-1.3456702,-1.9245405,-2.5222664,-2.5614967,-2.9710617
lexical_033_explicit_correction,33,explicit_correction,closure,2,category=sky object,Sun,Square,Sun,Square,"Example 1: Which candidate is a colour? Red or River. Answer: Red.
Example 2: Which candidate is a fruit? Stone or Pear. Answer: Pear.
Now answer the new item.
Target category: sky object.
Candidate 1: Square
Candidate 2: Sun
Initial note: Square. Correction: that note was withdrawn; use category membership.
Which candidate belongs to the target category?
Answer with exactly one candidate word:",20.984375,7.3046875,13.6796875,clean,train,4.8362646,-0.3797474,-0.20104313,-0.23148155,0.06949806,0.6298504,0.49854088
lexical_033_final_recheck,33,final_recheck,closure,2,category=sky object,Sun,Square,Sun,Square,"Example 1: Which candidate is a colour? Red or River. Answer: Red.
Example 2: Which candidate is a fruit? Stone or Pear. Answer: Pear.
Now answer the new item.
Target category: sky object.
Candidate 1: Square
Candidate 2: Sun
Draft answer: Square. Final instruction: recheck the category and replace the draft if needed.
Which candidate belongs to the target category?
Answer with exactly one candidate word:",20.671875,6.9257812,13.746094,clean,train,7.9120445,-0.2219572,-0.08650684,0.19957066,1.6110821,2.3006496,2.5487022
lexical_034_clean,34,clean,stable,0,category=fruit,Apple,Forest,Apple,Forest,"Example 1: Which candidate is a colour? Red or River. Answer: Red.
Example 2: Which candidate is a fruit? Stone or Pear. Answer: Pear.
Now answer the new item.
Target category: fruit.
Candidate 1: Apple
Candidate 2: Forest
Which candidate belongs to the target category?
Answer with exactly one candidate word:",20.421875,4.9140625,15.5078125,clean,heldout,4.2225304,0.0,0.0,0.0,0.0,0.0,0.0
lexical_034_paraphrase,34,paraphrase,stable,0,category=fruit,Apple,Forest,Apple,Forest,"Example 1: Which candidate is a colour? Red or River. Answer: Red.
Example 2: Which candidate is a fruit? Stone or Pear. Answer: Pear.
Now answer the new item.
Select the word that belongs to the category fruit.
Candidate 1: Apple
Candidate 2: Forest
Which candidate belongs to the target category?
Answer with exactly one candidate word:",20.234375,0.7451172,19.489258,clean,heldout,6.716766,0.47341943,0.62244606,0.9804034,1.4184341,1.570427,0.99261093
lexical_034_untrusted_conflict,34,untrusted_conflict,competition,1,category=fruit,Apple,Forest,Apple,Forest,"Example 1: Which candidate is a colour? Red or River. Answer: Red.
Example 2: Which candidate is a fruit? Stone or Pear. Answer: Pear.
Now answer the new item.
Target category: fruit.
Candidate 1: Apple
Candidate 2: Forest
An unverified note claims Forest. Check the category yourself.
Which candidate belongs to the target category?
Answer with exactly one candidate word:",18.609375,9.1875,9.421875,clean,heldout,-2.3988686,-0.10506678,-0.4079926,-0.85576105,-2.9633198,-4.1335297,-4.210041
lexical_034_asserted_conflict,34,asserted_conflict,competition,1,category=fruit,Apple,Forest,Apple,Forest,"Example 1: Which candidate is a colour? Red or River. Answer: Red.
Example 2: Which candidate is a fruit? Stone or Pear. Answer: Pear.
Now answer the new item.
Target category: fruit.
Candidate 1: Apple
Candidate 2: Forest
A previous annotator selected Forest. Independently classify the words.
Which candidate belongs to the target category?
Answer with exactly one candidate word:",4.484375,19.828125,-15.34375,conflict,heldout,-53.884037,-1.8538322,-2.9644876,-11.311361,-26.142767,-36.57455,-35.123146
lexical_034_explicit_correction,34,explicit_correction,closure,2,category=fruit,Apple,Forest,Apple,Forest,"Example 1: Which candidate is a colour? Red or River. Answer: Red.
Example 2: Which candidate is a fruit? Stone or Pear. Answer: Pear.
Now answer the new item.
Target category: fruit.
Candidate 1: Apple
Candidate 2: Forest
Initial note: Forest. Correction: that note was withdrawn; use category membership.
Which candidate belongs to the target category?
Answer with exactly one candidate word:",20.78125,3.5390625,17.242188,clean,heldout,6.634444,0.5882149,0.8409519,1.193316,1.2011452,1.5179062,0.9602432
lexical_034_final_recheck,34,final_recheck,closure,2,category=fruit,Apple,Forest,Apple,Forest,"Example 1: Which candidate is a colour? Red or River. Answer: Red.
Example 2: Which candidate is a fruit? Stone or Pear. Answer: Pear.
Now answer the new item.
Target category: fruit.
Candidate 1: Apple
Candidate 2: Forest
Draft answer: Forest. Final instruction: recheck the category and replace the draft if needed.
Which candidate belongs to the target category?
Answer with exactly one candidate word:",19.328125,10.640625,8.6875,clean,heldout,-0.19933462,0.75916624,0.8278456,0.82697916,-1.7182789,-3.3015327,-3.2365742
lexical_035_clean,35,clean,stable,0,category=colour,Blue,Apple,Blue,Apple,"Example 1: Which candidate is a colour? Red or River. Answer: Red.
Example 2: Which candidate is a fruit? Stone or Pear. Answer: Pear.
Now answer the new item.
Target category: colour.
Candidate 1: Apple
Candidate 2: Blue
Which candidate belongs to the target category?
Answer with exactly one candidate word:",16.34375,20.375,-4.03125,conflict,train,4.2225304,0.0,0.0,0.0,0.0,0.0,0.0
lexical_035_paraphrase,35,paraphrase,stable,0,category=colour,Blue,Apple,Blue,Apple,"Example 1: Which candidate is a colour? Red or River. Answer: Red.
Example 2: Which candidate is a fruit? Stone or Pear. Answer: Pear.
Now answer the new item.
Select the word that belongs to the category colour.
Candidate 1: Apple
Candidate 2: Blue
Which candidate belongs to the target category?
Answer with exactly one candidate word:",19.640625,17.953125,1.6875,clean,train,10.630458,0.7446858,-0.118214846,2.2344468,3.44973,3.8098698,3.2787533
lexical_035_untrusted_conflict,35,untrusted_conflict,competition,1,category=colour,Blue,Apple,Blue,Apple,"Example 1: Which candidate is a colour? Red or River. Answer: Red.
Example 2: Which candidate is a fruit? Stone or Pear. Answer: Pear.
Now answer the new item.
Target category: colour.
Candidate 1: Apple
Candidate 2: Blue
An unverified note claims Apple. Check the category yourself.
Which candidate belongs to the target category?
Answer with exactly one candidate word:",15.890625,19.375,-3.484375,conflict,train,3.5413032,0.46758634,0.25764012,0.45463467,-1.3970823,-0.48046875,0.1868782
lexical_035_asserted_conflict,35,asserted_conflict,competition,1,category=colour,Blue,Apple,Blue,Apple,"Example 1: Which candidate is a colour? Red or River. Answer: Red.
Example 2: Which candidate is a fruit? Stone or Pear. Answer: Pear.
Now answer the new item.
Target category: colour.
Candidate 1: Apple
Candidate 2: Blue
A previous annotator selected Apple. Independently classify the words.
Which candidate belongs to the target category?
Answer with exactly one candidate word:",17.453125,20.40625,-2.953125,conflict,train,3.723892,0.16016412,-0.36163187,-0.014520645,-0.18905449,-0.3077507,-0.34113693
lexical_035_explicit_correction,35,explicit_correction,closure,2,category=colour,Blue,Apple,Blue,Apple,"Example 1: Which candidate is a colour? Red or River. Answer: Red.
Example 2: Which candidate is a fruit? Stone or Pear. Answer: Pear.
Now answer the new item.
Target category: colour.
Candidate 1: Apple
Candidate 2: Blue
Initial note: Apple. Correction: that note was withdrawn; use category membership.
Which candidate belongs to the target category?
Answer with exactly one candidate word:",16.375,19.453125,-3.078125,conflict,train,3.7908506,0.29828846,0.06821251,0.1991961,-1.3799696,-0.32765102,0.57127666
lexical_035_final_recheck,35,final_recheck,closure,2,category=colour,Blue,Apple,Blue,Apple,"Example 1: Which candidate is a colour? Red or River. Answer: Red.
Example 2: Which candidate is a fruit? Stone or Pear. Answer: Pear.
Now answer the new item.
Target category: colour.
Candidate 1: Apple
Candidate 2: Blue
Draft answer: Apple. Final instruction: recheck the category and replace the draft if needed.
Which candidate belongs to the target category?
Answer with exactly one candidate word:",18.328125,19.453125,-1.125,conflict,train,8.101259,0.57854193,0.24201941,0.9954846,0.91326714,2.557088,2.7449274
lexical_036_clean,36,clean,stable,0,category=direction,South,Blue,South,Blue,"Example 1: Which candidate is a colour? Red or River. Answer: Red.
Example 2: Which candidate is a fruit? Stone or Pear. Answer: Pear.
Now answer the new item.
Target category: direction.
Candidate 1: South
Candidate 2: Blue
Which candidate belongs to the target category?
Answer with exactly one candidate word:",24.859375,15.109375,9.75,clean,train,4.2225304,0.0,0.0,0.0,0.0,0.0,0.0
lexical_036_paraphrase,36,paraphrase,stable,0,category=direction,South,Blue,South,Blue,"Example 1: Which candidate is a colour? Red or River. Answer: Red.
Example 2: Which candidate is a fruit? Stone or Pear. Answer: Pear.
Now answer the new item.
Select the word that belongs to the category direction.
Candidate 1: South
Candidate 2: Blue
Which candidate belongs to the target category?
Answer with exactly one candidate word:",22.90625,7.6054688,15.300781,clean,train,3.9661689,-0.9889736,-0.84285855,-1.7807493,-0.44153118,0.80597496,0.020759583
lexical_036_untrusted_conflict,36,untrusted_conflict,competition,1,category=direction,South,Blue,South,Blue,"Example 1: Which candidate is a colour? Red or River. Answer: Red.
Example 2: Which candidate is a fruit? Stone or Pear. Answer: Pear.
Now answer the new item.
Target category: direction.
Candidate 1: South
Candidate 2: Blue
An unverified note claims Blue. Check the category yourself.
Which candidate belongs to the target category?
Answer with exactly one candidate word:",24.078125,15.25,8.828125,clean,train,2.9883313,-0.53605986,-0.583477,-0.7683735,-0.572608,-0.48871613,-0.69781876
lexical_036_asserted_conflict,36,asserted_conflict,competition,1,category=direction,South,Blue,South,Blue,"Example 1: Which candidate is a colour? Red or River. Answer: Red.
Example 2: Which candidate is a fruit? Stone or Pear. Answer: Pear.
Now answer the new item.
Target category: direction.
Candidate 1: South
Candidate 2: Blue
A previous annotator selected Blue. Independently classify the words.
Which candidate belongs to the target category?
Answer with exactly one candidate word:",23.640625,17.671875,5.96875,clean,train,-5.632021,-1.7164078,-1.8516338,-2.6834493,-5.292878,-5.455887,-5.4096394
lexical_036_explicit_correction,36,explicit_correction,closure,2,category=direction,South,Blue,South,Blue,"Example 1: Which candidate is a colour? Red or River. Answer: Red.
Example 2: Which candidate is a fruit? Stone or Pear. Answer: Pear.
Now answer the new item.
Target category: direction.
Candidate 1: South
Candidate 2: Blue
Initial note: Blue. Correction: that note was withdrawn; use category membership.
Which candidate belongs to the target category?
Answer with exactly one candidate word:",23.84375,14.5078125,9.3359375,clean,train,4.4473424,-0.37153053,-0.11417675,-0.24818707,0.04257965,0.6488495,-0.14021301
lexical_036_final_recheck,36,final_recheck,closure,2,category=direction,South,Blue,South,Blue,"Example 1: Which candidate is a colour? Red or River. Answer: Red.
Example 2: Which candidate is a fruit? Stone or Pear. Answer: Pear.
Now answer the new item.
Target category: direction.
Candidate 1: South
Candidate 2: Blue
Draft answer: Blue. Final instruction: recheck the category and replace the draft if needed.
Which candidate belongs to the target category?
Answer with exactly one candidate word:",23.1875,13.8359375,9.3515625,clean,train,5.3931637,-0.6709008,-0.64064384,-1.690134,0.08322239,1.7787323,0.93120575
lexical_037_clean,37,clean,stable,0,category=metal,Silver,East,Silver,East,"Example 1: Which candidate is a colour? Red or River. Answer: Red.
Example 2: Which candidate is a fruit? Stone or Pear. Answer: Pear.
Now answer the new item.
Target category: metal.
Candidate 1: East
Candidate 2: Silver
Which candidate belongs to the target category?
Answer with exactly one candidate word:",23.578125,2.1269531,21.451172,clean,train,4.2225304,0.0,0.0,0.0,0.0,0.0,0.0
lexical_037_paraphrase,37,paraphrase,stable,0,category=metal,Silver,East,Silver,East,"Example 1: Which candidate is a colour? Red or River. Answer: Red.
Example 2: Which candidate is a fruit? Stone or Pear. Answer: Pear.
Now answer the new item.
Select the word that belongs to the category metal.
Candidate 1: East
Candidate 2: Silver
Which candidate belongs to the target category?
Answer with exactly one candidate word:",22.921875,3.5117188,19.410156,clean,train,0.83019924,-0.1246739,-0.18355787,-0.36935186,-1.4092693,-2.0789843,-2.300787
lexical_037_untrusted_conflict,37,untrusted_conflict,competition,1,category=metal,Silver,East,Silver,East,"Example 1: Which candidate is a colour? Red or River. Answer: Red.
Example 2: Which candidate is a fruit? Stone or Pear. Answer: Pear.
Now answer the new item.
Target category: metal.
Candidate 1: East
Candidate 2: Silver
An unverified note claims East. Check the category yourself.
Which candidate belongs to the target category?
Answer with exactly one candidate word:",22.671875,7.15625,15.515625,clean,train,-3.638823,-0.77550155,-0.38214505,-0.9021647,-3.598042,-5.3308067,-4.5253453
lexical_037_asserted_conflict,37,asserted_conflict,competition,1,category=metal,Silver,East,Silver,East,"Example 1: Which candidate is a colour? Red or River. Answer: Red.
Example 2: Which candidate is a fruit? Stone or Pear. Answer: Pear.
Now answer the new item.
Target category: metal.
Candidate 1: East
Candidate 2: Silver
A previous annotator selected East. Independently classify the words.
Which candidate belongs to the target category?
Answer with exactly one candidate word:",22.5625,9.6953125,12.8671875,clean,train,-8.285183,-1.1695583,-0.78465784,-1.3948674,-5.2210855,-8.17724,-7.88214
lexical_037_explicit_correction,37,explicit_correction,closure,2,category=metal,Silver,East,Silver,East,"Example 1: Which candidate is a colour? Red or River. Answer: Red.
Example 2: Which candidate is a fruit? Stone or Pear. Answer: Pear.
Now answer the new item.
Target category: metal.
Candidate 1: East
Candidate 2: Silver
Initial note: East. Correction: that note was withdrawn; use category membership.
Which candidate belongs to the target category?
Answer with exactly one candidate word:",22.859375,4.4140625,18.445312,clean,train,0.60535336,-0.26681817,0.036432147,-0.0511899,-2.0816965,-2.034768,-2.3174791
lexical_037_final_recheck,37,final_recheck,closure,2,category=metal,Silver,East,Silver,East,"Example 1: Which candidate is a colour? Red or River. Answer: Red.
Example 2: Which candidate is a fruit? Stone or Pear. Answer: Pear.
Now answer the new item.
Target category: metal.
Candidate 1: East
Candidate 2: Silver
Draft answer: East. Final instruction: recheck the category and replace the draft if needed.
Which candidate belongs to the target category?
Answer with exactly one candidate word:",21.5625,4.6367188,16.925781,clean,train,0.41482878,-0.34578925,0.07261866,-0.12334156,-1.8804483,-2.0851154,-2.7084217
lexical_038_clean,38,clean,stable,0,category=shape,Square,Iron,Square,Iron,"Example 1: Which candidate is a colour? Red or River. Answer: Red.
Example 2: Which candidate is a fruit? Stone or Pear. Answer: Pear.
Now answer the new item.
Target category: shape.
Candidate 1: Square
Candidate 2: Iron
Which candidate belongs to the target category?
Answer with exactly one candidate word:",22.125,15.9296875,6.1953125,clean,heldout,4.2225304,0.0,0.0,0.0,0.0,0.0,0.0
lexical_038_paraphrase,38,paraphrase,stable,0,category=shape,Square,Iron,Square,Iron,"Example 1: Which candidate is a colour? Red or River. Answer: Red.
Example 2: Which candidate is a fruit? Stone or Pear. Answer: Pear.
Now answer the new item.
Select the word that belongs to the category shape.
Candidate 1: Square
Candidate 2: Iron
Which candidate belongs to the target category?
Answer with exactly one candidate word:",22.6875,10.6328125,12.0546875,clean,heldout,3.9875288,-0.94830346,-0.4200983,-0.29465103,0.899982,-0.18882084,-0.65418625
lexical_038_untrusted_conflict,38,untrusted_conflict,competition,1,category=shape,Square,Iron,Square,Iron,"Example 1: Which candidate is a colour? Red or River. Answer: Red.
Example 2: Which candidate is a fruit? Stone or Pear. Answer: Pear.
Now answer the new item.
Target category: shape.
Candidate 1: Square
Candidate 2: Iron
An unverified note claims Iron. Check the category yourself.
Which candidate belongs to the target category?
Answer with exactly one candidate word:",21.21875,17.015625,4.203125,clean,heldout,0.69753695,-0.68023777,-0.5188377,-1.019177,-1.5858202,-1.8544016,-2.2567215
lexical_038_asserted_conflict,38,asserted_conflict,competition,1,category=shape,Square,Iron,Square,Iron,"Example 1: Which candidate is a colour? Red or River. Answer: Red.
Example 2: Which candidate is a fruit? Stone or Pear. Answer: Pear.
Now answer the new item.
Target category: shape.
Candidate 1: Square
Candidate 2: Iron
A previous annotator selected Iron. Independently classify the words.
Which candidate belongs to the target category?
Answer with exactly one candidate word:",11.453125,21.453125,-10.0,conflict,heldout,-34.466038,-3.4836652,-4.4205832,-11.383083,-18.523846,-20.912645,-23.832733
lexical_038_explicit_correction,38,explicit_correction,closure,2,category=shape,Square,Iron,Square,Iron,"Example 1: Which candidate is a colour? Red or River. Answer: Red.
Example 2: Which candidate is a fruit? Stone or Pear. Answer: Pear.
Now answer the new item.
Target category: shape.
Candidate 1: Square
Candidate 2: Iron
Initial note: Iron. Correction: that note was withdrawn; use category membership.
Which candidate belongs to the target category?
Answer with exactly one candidate word:",22.640625,12.8359375,9.8046875,clean,heldout,7.114382,-0.23286605,0.27699256,0.429008,1.4337358,1.7116623,1.8131523
lexical_038_final_recheck,38,final_recheck,closure,2,category=shape,Square,Iron,Square,Iron,"Example 1: Which candidate is a colour? Red or River. Answer: Red.
Example 2: Which candidate is a fruit? Stone or Pear. Answer: Pear.
Now answer the new item.
Target category: shape.
Candidate 1: Square
Candidate 2: Iron
Draft answer: Iron. Final instruction: recheck the category and replace the draft if needed.
Which candidate belongs to the target category?
Answer with exactly one candidate word:",21.6875,14.96875,6.71875,clean,heldout,3.9059055,-0.36668372,-0.5110502,-0.74995184,-0.37934256,0.22893429,-0.062184334
lexical_039_clean,39,clean,stable,0,category=landscape feature,Mountain,Circle,Mountain,Circle,"Example 1: Which candidate is a colour? Red or River. Answer: Red.
Example 2: Which candidate is a fruit? Stone or Pear. Answer: Pear.
Now answer the new item.
Target category: landscape feature.
Candidate 1: Circle
Candidate 2: Mountain
Which candidate belongs to the target category?
Answer with exactly one candidate word:",23.890625,14.0625,9.828125,clean,train,4.2225304,0.0,0.0,0.0,0.0,0.0,0.0
lexical_039_paraphrase,39,paraphrase,stable,0,category=landscape feature,Mountain,Circle,Mountain,Circle,"Example 1: Which candidate is a colour? Red or River. Answer: Red.
Example 2: Which candidate is a fruit? Stone or Pear. Answer: Pear.
Now answer the new item.
Select the word that belongs to the category landscape feature.
Candidate 1: Circle
Candidate 2: Mountain
Which candidate belongs to the target category?
Answer with exactly one candidate word:",22.984375,8.1953125,14.7890625,clean,train,7.4760137,1.0781968,0.5986178,0.3168404,0.24187279,1.9001164,3.0310812
lexical_039_untrusted_conflict,39,untrusted_conflict,competition,1,category=landscape feature,Mountain,Circle,Mountain,Circle,"Example 1: Which candidate is a colour? Red or River. Answer: Red.
Example 2: Which candidate is a fruit? Stone or Pear. Answer: Pear.
Now answer the new item.
Target category: landscape feature.
Candidate 1: Circle
Candidate 2: Mountain
An unverified note claims Circle. Check the category yourself.
Which candidate belongs to the target category?
Answer with exactly one candidate word:",22.9375,15.7890625,7.1484375,clean,train,-1.0872416,-0.25229573,-0.14579052,-0.61283517,-2.5700183,-3.305481,-3.267003
lexical_039_asserted_conflict,39,asserted_conflict,competition,1,category=landscape feature,Mountain,Circle,Mountain,Circle,"Example 1: Which candidate is a colour? Red or River. Answer: Red.
Example 2: Which candidate is a fruit? Stone or Pear. Answer: Pear.
Now answer the new item.
Target category: landscape feature.
Candidate 1: Circle
Candidate 2: Mountain
A previous annotator selected Circle. Independently classify the words.
Which candidate belongs to the target category?
Answer with exactly one candidate word:",22.546875,14.84375,7.703125,clean,train,-0.6744242,-0.2532935,-0.5514187,-1.0585918,-2.689165,-2.771984,-2.7900934
lexical_039_explicit_correction,39,explicit_correction,closure,2,category=landscape feature,Mountain,Circle,Mountain,Circle,"Example 1: Which candidate is a colour? Red or River. Answer: Red.
Example 2: Which candidate is a fruit? Stone or Pear. Answer: Pear.
Now answer the new item.
Target category: landscape feature.
Candidate 1: Circle
Candidate 2: Mountain
Initial note: Circle. Correction: that note was withdrawn; use category membership.
Which candidate belongs to the target category?
Answer with exactly one candidate word:",23.1875,14.515625,8.671875,clean,train,3.2562072,0.25178587,0.21596348,0.39158344,-0.72538424,-0.4208889,-0.81121016
lexical_039_final_recheck,39,final_recheck,closure,2,category=landscape feature,Mountain,Circle,Mountain,Circle,"Example 1: Which candidate is a colour? Red or River. Answer: Red.
Example 2: Which candidate is a fruit? Stone or Pear. Answer: Pear.
Now answer the new item.
Target category: landscape feature.
Candidate 1: Circle
Candidate 2: Mountain
Draft answer: Circle. Final instruction: recheck the category and replace the draft if needed.
Which candidate belongs to the target category?
Answer with exactly one candidate word:",22.84375,13.9140625,8.9296875,clean,train,5.1597433,0.68093294,0.18371141,0.19459939,0.24774265,0.74461985,0.47070312
lexical_040_clean,40,clean,stable,0,category=sky object,Moon,Mountain,Moon,Mountain,"Example 1: Which candidate is a colour? Red or River. Answer: Red.
Example 2: Which candidate is a fruit? Stone or Pear. Answer: Pear.
Now answer the new item.
Target category: sky object.
Candidate 1: Moon
Candidate 2: Mountain
Which candidate belongs to the target category?
Answer with exactly one candidate word:",22.65625,12.296875,10.359375,clean,heldout,4.2225304,0.0,0.0,0.0,0.0,0.0,0.0
lexical_040_paraphrase,40,paraphrase,stable,0,category=sky object,Moon,Mountain,Moon,Mountain,"Example 1: Which candidate is a colour? Red or River. Answer: Red.
Example 2: Which candidate is a fruit? Stone or Pear. Answer: Pear.
Now answer the new item.
Select the word that belongs to the category sky object.
Candidate 1: Moon
Candidate 2: Mountain
Which candidate belongs to the target category?
Answer with exactly one candidate word:",21.875,16.3125,5.5625,clean,heldout,-8.987377,-0.79786247,-1.1454005,-2.0260391,-6.182252,-7.455413,-8.724243
lexical_040_untrusted_conflict,40,untrusted_conflict,competition,1,category=sky object,Moon,Mountain,Moon,Mountain,"Example 1: Which candidate is a colour? Red or River. Answer: Red.
Example 2: Which candidate is a fruit? Stone or Pear. Answer: Pear.
Now answer the new item.
Target category: sky object.
Candidate 1: Moon
Candidate 2: Mountain
An unverified note claims Mountain. Check the category yourself.
Which candidate belongs to the target category?
Answer with exactly one candidate word:",22.078125,16.34375,5.734375,clean,heldout,-3.5285478,-0.706156,-0.68075097,-0.99786615,-3.635273,-4.754237,-4.7986755
lexical_040_asserted_conflict,40,asserted_conflict,competition,1,category=sky object,Moon,Mountain,Moon,Mountain,"Example 1: Which candidate is a colour? Red or River. Answer: Red.
Example 2: Which candidate is a fruit? Stone or Pear. Answer: Pear.
Now answer the new item.
Target category: sky object.
Candidate 1: Moon
Candidate 2: Mountain
A previous annotator selected Mountain. Independently classify the words.
Which candidate belongs to the target category?
Answer with exactly one candidate word:",21.1875,20.046875,1.140625,clean,heldout,-17.258183,-1.4221114,-1.8185153,-3.0673563,-9.950382,-12.655174,-13.838514
lexical_040_explicit_correction,40,explicit_correction,closure,2,category=sky object,Moon,Mountain,Moon,Mountain,"Example 1: Which candidate is a colour? Red or River. Answer: Red.
Example 2: Which candidate is a fruit? Stone or Pear. Answer: Pear.
Now answer the new item.
Target category: sky object.
Candidate 1: Moon
Candidate 2: Mountain
Initial note: Mountain. Correction: that note was withdrawn; use category membership.
Which candidate belongs to the target category?
Answer with exactly one candidate word:",22.609375,12.1640625,10.4453125,clean,heldout,5.484106,0.17451286,0.04206848,0.26664448,0.5384636,0.77111244,0.7890625
lexical_040_final_recheck,40,final_recheck,closure,2,category=sky object,Moon,Mountain,Moon,Mountain,"Example 1: Which candidate is a colour? Red or River. Answer: Red.
Example 2: Which candidate is a fruit? Stone or Pear. Answer: Pear.
Now answer the new item.
Target category: sky object.
Candidate 1: Moon
Candidate 2: Mountain
Draft answer: Mountain. Final instruction: recheck the category and replace the draft if needed.
Which candidate belongs to the target category?
Answer with exactly one candidate word:",22.234375,11.9765625,10.2578125,clean,heldout,7.2985907,0.05961728,0.016243696,0.15230036,1.4725933,1.7513657,2.1531792
lexical_041_clean,41,clean,stable,0,category=fruit,Orange,Cloud,Orange,Cloud,"Example 1: Which candidate is a colour? Red or River. Answer: Red.
Example 2: Which candidate is a fruit? Stone or Pear. Answer: Pear.
Now answer the new item.
Target category: fruit.
Candidate 1: Cloud
Candidate 2: Orange
Which candidate belongs to the target category?
Answer with exactly one candidate word:",23.359375,7.7070312,15.652344,clean,train,4.2225304,0.0,0.0,0.0,0.0,0.0,0.0
lexical_041_paraphrase,41,paraphrase,stable,0,category=fruit,Orange,Cloud,Orange,Cloud,"Example 1: Which candidate is a colour? Red or River. Answer: Red.
Example 2: Which candidate is a fruit? Stone or Pear. Answer: Pear.
Now answer the new item.
Select the word that belongs to the category fruit.
Candidate 1: Cloud
Candidate 2: Orange
Which candidate belongs to the target category?
Answer with exactly one candidate word:",22.34375,7.7890625,14.5546875,clean,train,5.205264,-0.10435486,0.18797112,0.18924904,1.4613304,0.19211006,0.20096588
lexical_041_untrusted_conflict,41,untrusted_conflict,competition,1,category=fruit,Orange,Cloud,Orange,Cloud,"Example 1: Which candidate is a colour? Red or River. Answer: Red.
Example 2: Which candidate is a fruit? Stone or Pear. Answer: Pear.
Now answer the new item.
Target category: fruit.
Candidate 1: Cloud
Candidate 2: Orange
An unverified note claims Cloud. Check the category yourself.
Which candidate belongs to the target category?
Answer with exactly one candidate word:",22.15625,13.734375,8.421875,clean,train,-7.2361746,-0.43135476,-1.0990465,-2.3209815,-5.923313,-7.088375,-6.34155
lexical_041_asserted_conflict,41,asserted_conflict,competition,1,category=fruit,Orange,Cloud,Orange,Cloud,"Example 1: Which candidate is a colour? Red or River. Answer: Red.
Example 2: Which candidate is a fruit? Stone or Pear. Answer: Pear.
Now answer the new item.
Target category: fruit.
Candidate 1: Cloud
Candidate 2: Orange
A previous annotator selected Cloud. Independently classify the words.
Which candidate belongs to the target category?
Answer with exactly one candidate word:",19.859375,19.625,0.234375,clean,train,-26.529377,-1.5682465,-2.5529602,-7.159258,-15.401278,-18.21426,-17.838001
lexical_041_explicit_correction,41,explicit_correction,closure,2,category=fruit,Orange,Cloud,Orange,Cloud,"Example 1: Which candidate is a colour? Red or River. Answer: Red.
Example 2: Which candidate is a fruit? Stone or Pear. Answer: Pear.
Now answer the new item.
Target category: fruit.
Candidate 1: Cloud
Candidate 2: Orange
Initial note: Cloud. Correction: that note was withdrawn; use category membership.
Which candidate belongs to the target category?
Answer with exactly one candidate word:",22.484375,8.4453125,14.0390625,clean,train,3.8062577,0.27797818,0.61701965,0.6465864,-0.6048689,-0.28683662,-0.2795906
lexical_041_final_recheck,41,final_recheck,closure,2,category=fruit,Orange,Cloud,Orange,Cloud,"Example 1: Which candidate is a colour? Red or River. Answer: Red.
Example 2: Which candidate is a fruit? Stone or Pear. Answer: Pear.
Now answer the new item.
Target category: fruit.
Candidate 1: Cloud
Candidate 2: Orange
Draft answer: Cloud. Final instruction: recheck the category and replace the draft if needed.
Which candidate belongs to the target category?
Answer with exactly one candidate word:",22.03125,9.125,12.90625,clean,train,3.8222466,0.16125941,0.58397293,0.19998646,-0.66831875,0.21308899,-0.4979458
lexical_042_clean,42,clean,stable,0,category=colour,Green,North,Green,North,"Example 1: Which candidate is a colour? Red or River. Answer: Red.
Example 2: Which candidate is a fruit? Stone or Pear. Answer: Pear.
Now answer the new item.
Target category: colour.
Candidate 1: Green
Candidate 2: North
Which candidate belongs to the target category?
Answer with exactly one candidate word:",24.28125,12.9453125,11.3359375,clean,train,4.2225304,0.0,0.0,0.0,0.0,0.0,0.0
lexical_042_paraphrase,42,paraphrase,stable,0,category=colour,Green,North,Green,North,"Example 1: Which candidate is a colour? Red or River. Answer: Red.
Example 2: Which candidate is a fruit? Stone or Pear. Answer: Pear.
Now answer the new item.
Select the word that belongs to the category colour.
Candidate 1: Green
Candidate 2: North
Which candidate belongs to the target category?
Answer with exactly one candidate word:",24.59375,5.0390625,19.554688,clean,train,8.882021,0.9111304,0.71538913,1.1412678,0.70007896,3.1269226,3.5020285
lexical_042_untrusted_conflict,42,untrusted_conflict,competition,1,category=colour,Green,North,Green,North,"Example 1: Which candidate is a colour? Red or River. Answer: Red.
Example 2: Which candidate is a fruit? Stone or Pear. Answer: Pear.
Now answer the new item.
Target category: colour.
Candidate 1: Green
Candidate 2: North
An unverified note claims North. Check the category yourself.
Which candidate belongs to the target category?
Answer with exactly one candidate word:",22.90625,16.34375,6.5625,clean,train,-3.0228977,-0.41306198,-0.32645464,-1.4224713,-3.611991,-4.1796856,-4.4501486
lexical_042_asserted_conflict,42,asserted_conflict,competition,1,category=colour,Green,North,Green,North,"Example 1: Which candidate is a colour? Red or River. Answer: Red.
Example 2: Which candidate is a fruit? Stone or Pear. Answer: Pear.
Now answer the new item.
Target category: colour.
Candidate 1: Green
Candidate 2: North
A previous annotator selected North. Independently classify the words.
Which candidate belongs to the target category?
Answer with exactly one candidate word:",13.59375,23.078125,-9.484375,conflict,train,-38.451843,-2.1921215,-3.0976892,-10.365499,-21.022675,-24.53722,-25.62259
lexical_042_explicit_correction,42,explicit_correction,closure,2,category=colour,Green,North,Green,North,"Example 1: Which candidate is a colour? Red or River. Answer: Red.
Example 2: Which candidate is a fruit? Stone or Pear. Answer: Pear.
Now answer the new item.
Target category: colour.
Candidate 1: Green
Candidate 2: North
Initial note: North. Correction: that note was withdrawn; use category membership.
Which candidate belongs to the target category?
Answer with exactly one candidate word:",23.671875,10.46875,13.203125,clean,train,7.023321,0.47080368,0.10032666,0.73858166,0.99615383,1.7874498,1.7720213
lexical_042_final_recheck,42,final_recheck,closure,2,category=colour,Green,North,Green,North,"Example 1: Which candidate is a colour? Red or River. Answer: Red.
Example 2: Which candidate is a fruit? Stone or Pear. Answer: Pear.
Now answer the new item.
Target category: colour.
Candidate 1: Green
Candidate 2: North
Draft answer: North. Final instruction: recheck the category and replace the draft if needed.
Which candidate belongs to the target category?
Answer with exactly one candidate word:",23.1875,15.1484375,8.0390625,clean,train,-0.4851551,-0.14172947,-0.8868506,-1.0433462,-2.314538,-2.488143,-3.0180616
lexical_043_clean,43,clean,stable,0,category=direction,East,Silver,East,Silver,"Example 1: Which candidate is a colour? Red or River. Answer: Red.
Example 2: Which candidate is a fruit? Stone or Pear. Answer: Pear.
Now answer the new item.
Target category: direction.
Candidate 1: Silver
Candidate 2: East
Which candidate belongs to the target category?
Answer with exactly one candidate word:",25.3125,8.0859375,17.226562,clean,heldout,4.2225304,0.0,0.0,0.0,0.0,0.0,0.0
lexical_043_paraphrase,43,paraphrase,stable,0,category=direction,East,Silver,East,Silver,"Example 1: Which candidate is a colour? Red or River. Answer: Red.
Example 2: Which candidate is a fruit? Stone or Pear. Answer: Pear.
Now answer the new item.
Select the word that belongs to the category direction.
Candidate 1: Silver
Candidate 2: East
Which candidate belongs to the target category?
Answer with exactly one candidate word:",23.515625,9.875,13.640625,clean,heldout,-2.234315,-1.3507049,-2.0222492,-2.777103,-3.2676668,-3.0575676,-3.6922226
lexical_043_untrusted_conflict,43,untrusted_conflict,competition,1,category=direction,East,Silver,East,Silver,"Example 1: Which candidate is a colour? Red or River. Answer: Red.
Example 2: Which candidate is a fruit? Stone or Pear. Answer: Pear.
Now answer the new item.
Target category: direction.
Candidate 1: Silver
Candidate 2: East
An unverified note claims Silver. Check the category yourself.
Which candidate belongs to the target category?
Answer with exactly one candidate word:",23.84375,10.84375,13.0,clean,heldout,-0.22839212,-0.10501766,-0.39369154,-0.8308754,-1.5501728,-2.6783962,-3.157055
lexical_043_asserted_conflict,43,asserted_conflict,competition,1,category=direction,East,Silver,East,Silver,"Example 1: Which candidate is a colour? Red or River. Answer: Red.
Example 2: Which candidate is a fruit? Stone or Pear. Answer: Pear.
Now answer the new item.
Target category: direction.
Candidate 1: Silver
Candidate 2: East
A previous annotator selected Silver. Independently classify the words.
Which candidate belongs to the target category?
Answer with exactly one candidate word:",24.109375,12.9609375,11.1484375,clean,heldout,-2.8850584,-0.74491215,-0.98670435,-1.7723312,-2.9161768,-4.2275677,-4.4785824
lexical_043_explicit_correction,43,explicit_correction,closure,2,category=direction,East,Silver,East,Silver,"Example 1: Which candidate is a colour? Red or River. Answer: Red.
Example 2: Which candidate is a fruit? Stone or Pear. Answer: Pear.
Now answer the new item.
Target category: direction.
Candidate 1: Silver
Candidate 2: East
Initial note: Silver. Correction: that note was withdrawn; use category membership.
Which candidate belongs to the target category?
Answer with exactly one candidate word:",24.015625,10.359375,13.65625,clean,heldout,0.91899157,0.09523249,-0.22646236,-0.74999905,-1.4714546,-1.8239098,-2.2240334
lexical_043_final_recheck,43,final_recheck,closure,2,category=direction,East,Silver,East,Silver,"Example 1: Which candidate is a colour? Red or River. Answer: Red.
Example 2: Which candidate is a fruit? Stone or Pear. Answer: Pear.
Now answer the new item.
Target category: direction.
Candidate 1: Silver
Candidate 2: East
Draft answer: Silver. Final instruction: recheck the category and replace the draft if needed.
Which candidate belongs to the target category?
Answer with exactly one candidate word:",23.203125,11.515625,11.6875,clean,heldout,1.7906036,0.24974966,-0.0629735,-0.717412,-0.69705296,-1.3329239,-1.9167347
lexical_044_clean,44,clean,stable,0,category=metal,Gold,Triangle,Gold,Triangle,"Example 1: Which candidate is a colour? Red or River. Answer: Red.
Example 2: Which candidate is a fruit? Stone or Pear. Answer: Pear.
Now answer the new item.
Target category: metal.
Candidate 1: Gold
Candidate 2: Triangle
Which candidate belongs to the target category?
Answer with exactly one candidate word:",22.125,8.0703125,14.0546875,clean,train,4.2225304,0.0,0.0,0.0,0.0,0.0,0.0
lexical_044_paraphrase,44,paraphrase,stable,0,category=metal,Gold,Triangle,Gold,Triangle,"Example 1: Which candidate is a colour? Red or River. Answer: Red.
Example 2: Which candidate is a fruit? Stone or Pear. Answer: Pear.
Now answer the new item.
Select the word that belongs to the category metal.
Candidate 1: Gold
Candidate 2: Triangle
Which candidate belongs to the target category?
Answer with exactly one candidate word:",22.078125,6.8007812,15.277344,clean,train,4.330492,0.95317554,0.32996368,0.012325287,0.026515007,0.30147743,-0.26854706
lexical_044_untrusted_conflict,44,untrusted_conflict,competition,1,category=metal,Gold,Triangle,Gold,Triangle,"Example 1: Which candidate is a colour? Red or River. Answer: Red.
Example 2: Which candidate is a fruit? Stone or Pear. Answer: Pear.
Now answer the new item.
Target category: metal.
Candidate 1: Gold
Candidate 2: Triangle
An unverified note claims Triangle. Check the category yourself.
Which candidate belongs to the target category?
Answer with exactly one candidate word:",20.828125,13.765625,7.0625,clean,train,-1.4333382,-0.55793995,-0.29323792,-0.6845045,-2.6721458,-3.444045,-3.5472994
lexical_044_asserted_conflict,44,asserted_conflict,competition,1,category=metal,Gold,Triangle,Gold,Triangle,"Example 1: Which candidate is a colour? Red or River. Answer: Red.
Example 2: Which candidate is a fruit? Stone or Pear. Answer: Pear.
Now answer the new item.
Target category: metal.
Candidate 1: Gold
Candidate 2: Triangle
A previous annotator selected Triangle. Independently classify the words.
Which candidate belongs to the target category?
Answer with exactly one candidate word:",20.28125,18.5,1.78125,clean,train,-15.83086,-1.3522594,-1.8150134,-3.5832348,-9.540758,-12.013451,-12.248516
lexical_044_explicit_correction,44,explicit_correction,closure,2,category=metal,Gold,Triangle,Gold,Triangle,"Example 1: Which candidate is a colour? Red or River. Answer: Red.
Example 2: Which candidate is a fruit? Stone or Pear. Answer: Pear.
Now answer the new item.
Target category: metal.
Candidate 1: Gold
Candidate 2: Triangle
Initial note: Triangle. Correction: that note was withdrawn; use category membership.
Which candidate belongs to the target category?
Answer with exactly one candidate word:",21.3125,9.125,12.1875,clean,train,3.4854233,0.50962996,-0.16406631,-0.2125125,-0.67333794,-0.08984566,-0.5451393
lexical_044_final_recheck,44,final_recheck,closure,2,category=metal,Gold,Triangle,Gold,Triangle,"Example 1: Which candidate is a colour? Red or River. Answer: Red.
Example 2: Which candidate is a fruit? Stone or Pear. Answer: Pear.
Now answer the new item.
Target category: metal.
Candidate 1: Gold
Candidate 2: Triangle
Draft answer: Triangle. Final instruction: recheck the category and replace the draft if needed.
Which candidate belongs to the target category?
Answer with exactly one candidate word:",20.5,10.234375,10.265625,clean,train,3.1459022,0.74622536,-0.026302338,-0.25622225,-0.16948128,-0.1575098,-1.4533806
lexical_045_clean,45,clean,stable,0,category=shape,Triangle,Ocean,Triangle,Ocean,"Example 1: Which candidate is a colour? Red or River. Answer: Red.
Example 2: Which candidate is a fruit? Stone or Pear. Answer: Pear.
Now answer the new item.
Target category: shape.
Candidate 1: Ocean
Candidate 2: Triangle
Which candidate belongs to the target category?
Answer with exactly one candidate word:",19.984375,19.21875,0.765625,clean,train,4.2225304,0.0,0.0,0.0,0.0,0.0,0.0
lexical_045_paraphrase,45,paraphrase,stable,0,category=shape,Triangle,Ocean,Triangle,Ocean,"Example 1: Which candidate is a colour? Red or River. Answer: Red.
Example 2: Which candidate is a fruit? Stone or Pear. Answer: Pear.
Now answer the new item.
Select the word that belongs to the category shape.
Candidate 1: Ocean
Candidate 2: Triangle
Which candidate belongs to the target category?
Answer with exactly one candidate word:",19.453125,19.890625,-0.4375,conflict,train,2.0781622,-0.5846438,0.45052958,-0.25770617,-1.2007904,-1.4920998,-1.0548439
lexical_045_untrusted_conflict,45,untrusted_conflict,competition,1,category=shape,Triangle,Ocean,Triangle,Ocean,"Example 1: Which candidate is a colour? Red or River. Answer: Red.
Example 2: Which candidate is a fruit? Stone or Pear. Answer: Pear.
Now answer the new item.
Target category: shape.
Candidate 1: Ocean
Candidate 2: Triangle
An unverified note claims Ocean. Check the category yourself.
Which candidate belongs to the target category?
Answer with exactly one candidate word:",17.9375,19.4375,-1.5,conflict,train,-4.860792,-0.69745785,-0.29789257,-2.0391517,-4.5653763,-5.2291384,-5.46134
lexical_045_asserted_conflict,45,asserted_conflict,competition,1,category=shape,Triangle,Ocean,Triangle,Ocean,"Example 1: Which candidate is a colour? Red or River. Answer: Red.
Example 2: Which candidate is a fruit? Stone or Pear. Answer: Pear.
Now answer the new item.
Target category: shape.
Candidate 1: Ocean
Candidate 2: Triangle
A previous annotator selected Ocean. Independently classify the words.
Which candidate belongs to the target category?
Answer with exactly one candidate word:",17.3125,20.625,-3.3125,conflict,train,-9.522289,-1.5908611,0.03763199,-3.2918515,-6.8482904,-7.7269278,-8.419157
lexical_045_explicit_correction,45,explicit_correction,closure,2,category=shape,Triangle,Ocean,Triangle,Ocean,"Example 1: Which candidate is a colour? Red or River. Answer: Red.
Example 2: Which candidate is a fruit? Stone or Pear. Answer: Pear.
Now answer the new item.
Target category: shape.
Candidate 1: Ocean
Candidate 2: Triangle
Initial note: Ocean. Correction: that note was withdrawn; use category membership.
Which candidate belongs to the target category?
Answer with exactly one candidate word:",20.3125,17.046875,3.265625,clean,train,9.375361,-0.36381996,0.33930779,2.470615,1.5807981,2.9214363,3.4926152
lexical_045_final_recheck,45,final_recheck,closure,2,category=shape,Triangle,Ocean,Triangle,Ocean,"Example 1: Which candidate is a colour? Red or River. Answer: Red.
Example 2: Which candidate is a fruit? Stone or Pear. Answer: Pear.
Now answer the new item.
Target category: shape.
Candidate 1: Ocean
Candidate 2: Triangle
Draft answer: Ocean. Final instruction: recheck the category and replace the draft if needed.
Which candidate belongs to the target category?
Answer with exactly one candidate word:",20.734375,17.828125,2.90625,clean,train,9.447458,-0.35932034,0.6631298,2.7608075,1.5719533,2.7615833,3.6212702
lexical_046_clean,46,clean,stable,0,category=landscape feature,Forest,Sun,Forest,Sun,"Example 1: Which candidate is a colour? Red or River. Answer: Red.
Example 2: Which candidate is a fruit? Stone or Pear. Answer: Pear.
Now answer the new item.
Target category: landscape feature.
Candidate 1: Forest
Candidate 2: Sun
Which candidate belongs to the target category?
Answer with exactly one candidate word:",20.859375,7.8554688,13.003906,clean,train,4.2225304,0.0,0.0,0.0,0.0,0.0,0.0
lexical_046_paraphrase,46,paraphrase,stable,0,category=landscape feature,Forest,Sun,Forest,Sun,"Example 1: Which candidate is a colour? Red or River. Answer: Red.
Example 2: Which candidate is a fruit? Stone or Pear. Answer: Pear.
Now answer the new item.
Select the word that belongs to the category landscape feature.
Candidate 1: Forest
Candidate 2: Sun
Which candidate belongs to the target category?
Answer with exactly one candidate word:",20.5,4.03125,16.46875,clean,train,3.2433453,0.033648252,-0.078816414,0.35602283,-0.16235638,-0.22423363,-1.3882084
lexical_046_untrusted_conflict,46,untrusted_conflict,competition,1,category=landscape feature,Forest,Sun,Forest,Sun,"Example 1: Which candidate is a colour? Red or River. Answer: Red.
Example 2: Which candidate is a fruit? Stone or Pear. Answer: Pear.
Now answer the new item.
Target category: landscape feature.
Candidate 1: Forest
Candidate 2: Sun
An unverified note claims Sun. Check the category yourself.
Which candidate belongs to the target category?
Answer with exactly one candidate word:",20.265625,11.796875,8.46875,clean,train,-3.387733,-1.1068294,-1.2360308,-1.945415,-3.471511,-4.1780643,-4.7844353
lexical_046_asserted_conflict,46,asserted_conflict,competition,1,category=landscape feature,Forest,Sun,Forest,Sun,"Example 1: Which candidate is a colour? Red or River. Answer: Red.
Example 2: Which candidate is a fruit? Stone or Pear. Answer: Pear.
Now answer the new item.
Target category: landscape feature.
Candidate 1: Forest
Candidate 2: Sun
A previous annotator selected Sun. Independently classify the words.
Which candidate belongs to the target category?
Answer with exactly one candidate word:",17.046875,18.390625,-1.34375,conflict,train,-32.25523,-2.7991772,-3.1631393,-10.867401,-18.75144,-19.617353,-21.682873
lexical_046_explicit_correction,46,explicit_correction,closure,2,category=landscape feature,Forest,Sun,Forest,Sun,"Example 1: Which candidate is a colour? Red or River. Answer: Red.
Example 2: Which candidate is a fruit? Stone or Pear. Answer: Pear.
Now answer the new item.
Target category: landscape feature.
Candidate 1: Forest
Candidate 2: Sun
Initial note: Sun. Correction: that note was withdrawn; use category membership.
Which candidate belongs to the target category?
Answer with exactly one candidate word:",20.75,8.921875,11.828125,clean,train,2.8317194,-0.6875201,-0.79333735,-0.6336436,-0.7239256,-0.45876694,-0.8740177
lexical_046_final_recheck,46,final_recheck,closure,2,category=landscape feature,Forest,Sun,Forest,Sun,"Example 1: Which candidate is a colour? Red or River. Answer: Red.
Example 2: Which candidate is a fruit? Stone or Pear. Answer: Pear.
Now answer the new item.
Target category: landscape feature.
Candidate 1: Forest
Candidate 2: Sun
Draft answer: Sun. Final instruction: recheck the category and replace the draft if needed.
Which candidate belongs to the target category?
Answer with exactly one candidate word:",20.828125,11.375,9.453125,clean,train,-2.412372,-0.9597941,-2.1308167,-2.6187327,-3.287283,-2.9441786,-4.159603
lexical_047_clean,47,clean,stable,0,category=sky object,Cloud,Orange,Cloud,Orange,"Example 1: Which candidate is a colour? Red or River. Answer: Red.
Example 2: Which candidate is a fruit? Stone or Pear. Answer: Pear.
Now answer the new item.
Target category: sky object.
Candidate 1: Orange
Candidate 2: Cloud
Which candidate belongs to the target category?
Answer with exactly one candidate word:",23.0,10.40625,12.59375,clean,train,4.2225304,0.0,0.0,0.0,0.0,0.0,0.0
lexical_047_paraphrase,47,paraphrase,stable,0,category=sky object,Cloud,Orange,Cloud,Orange,"Example 1: Which candidate is a colour? Red or River. Answer: Red.
Example 2: Which candidate is a fruit? Stone or Pear. Answer: Pear.
Now answer the new item.
Select the word that belongs to the category sky object.
Candidate 1: Orange
Candidate 2: Cloud
Which candidate belongs to the target category?
Answer with exactly one candidate word:",22.078125,6.5859375,15.4921875,clean,train,5.906354,0.47012955,0.67293584,0.7504103,0.32932377,1.4133835,0.74587345
lexical_047_untrusted_conflict,47,untrusted_conflict,competition,1,category=sky object,Cloud,Orange,Cloud,Orange,"Example 1: Which candidate is a colour? Red or River. Answer: Red.
Example 2: Which candidate is a fruit? Stone or Pear. Answer: Pear.
Now answer the new item.
Target category: sky object.
Candidate 1: Orange
Candidate 2: Cloud
An unverified note claims Orange. Check the category yourself.
Which candidate belongs to the target category?
Answer with exactly one candidate word:",22.15625,12.0390625,10.1171875,clean,train,2.2394586,-0.16869503,0.036004722,0.028063059,-1.1196804,-1.0164776,-1.4023018
lexical_047_asserted_conflict,47,asserted_conflict,competition,1,category=sky object,Cloud,Orange,Cloud,Orange,"Example 1: Which candidate is a colour? Red or River. Answer: Red.
Example 2: Which candidate is a fruit? Stone or Pear. Answer: Pear.
Now answer the new item.
Target category: sky object.
Candidate 1: Orange
Candidate 2: Cloud
A previous annotator selected Orange. Independently classify the words.
Which candidate belongs to the target category?
Answer with exactly one candidate word:",22.078125,11.2578125,10.8203125,clean,train,1.1006472,-0.6461178,-0.7838245,-0.929199,-1.8602548,-1.4176893,-1.802433
lexical_047_explicit_correction,47,explicit_correction,closure,2,category=sky object,Cloud,Orange,Cloud,Orange,"Example 1: Which candidate is a colour? Red or River. Answer: Red.
Example 2: Which candidate is a fruit? Stone or Pear. Answer: Pear.
Now answer the new item.
Target category: sky object.
Candidate 1: Orange
Candidate 2: Cloud
Initial note: Orange. Correction: that note was withdrawn; use category membership.
Which candidate belongs to the target category?
Answer with exactly one candidate word:",22.015625,9.7109375,12.3046875,clean,train,4.782441,-0.4663468,-0.26962095,0.114043236,-0.25071812,0.68548775,0.49584007
lexical_047_final_recheck,47,final_recheck,closure,2,category=sky object,Cloud,Orange,Cloud,Orange,"Example 1: Which candidate is a colour? Red or River. Answer: Red.
Example 2: Which candidate is a fruit? Stone or Pear. Answer: Pear.
Now answer the new item.
Target category: sky object.
Candidate 1: Orange
Candidate 2: Cloud
Draft answer: Orange. Final instruction: recheck the category and replace the draft if needed.
Which candidate belongs to the target category?
Answer with exactly one candidate word:",21.6875,10.1171875,11.5703125,clean,train,6.059021,-0.38438064,-0.5129594,0.07054877,0.68180466,1.5825825,1.0414753
lexical_048_clean,48,clean,stable,0,category=fruit,Lemon,Green,Lemon,Green,"Example 1: Which candidate is a colour? Red or River. Answer: Red.
Example 2: Which candidate is a fruit? Stone or Pear. Answer: Pear.
Now answer the new item.
Target category: fruit.
Candidate 1: Lemon
Candidate 2: Green
Which candidate belongs to the target category?
Answer with exactly one candidate word:",21.171875,7.1875,13.984375,clean,heldout,4.2225304,0.0,0.0,0.0,0.0,0.0,0.0
lexical_048_paraphrase,48,paraphrase,stable,0,category=fruit,Lemon,Green,Lemon,Green,"Example 1: Which candidate is a colour? Red or River. Answer: Red.
Example 2: Which candidate is a fruit? Stone or Pear. Answer: Pear.
Now answer the new item.
Select the word that belongs to the category fruit.
Candidate 1: Lemon
Candidate 2: Green
Which candidate belongs to the target category?
Answer with exactly one candidate word:",21.421875,6.0,15.421875,clean,heldout,1.0374925,-0.32612318,0.14857912,0.20946455,-1.0533772,-2.1105747,-2.4461184
lexical_048_untrusted_conflict,48,untrusted_conflict,competition,1,category=fruit,Lemon,Green,Lemon,Green,"Example 1: Which candidate is a colour? Red or River. Answer: Red.
Example 2: Which candidate is a fruit? Stone or Pear. Answer: Pear.
Now answer the new item.
Target category: fruit.
Candidate 1: Lemon
Candidate 2: Green
An unverified note claims Green. Check the category yourself.
Which candidate belongs to the target category?
Answer with exactly one candidate word:",20.890625,9.46875,11.421875,clean,heldout,0.9507868,-0.0699577,-0.01598072,-0.057360172,-1.9298792,-1.8494873,-2.0573683
lexical_048_asserted_conflict,48,asserted_conflict,competition,1,category=fruit,Lemon,Green,Lemon,Green,"Example 1: Which candidate is a colour? Red or River. Answer: Red.
Example 2: Which candidate is a fruit? Stone or Pear. Answer: Pear.
Now answer the new item.
Target category: fruit.
Candidate 1: Lemon
Candidate 2: Green
A previous annotator selected Green. Independently classify the words.
Which candidate belongs to the target category?
Answer with exactly one candidate word:",17.65625,18.796875,-1.140625,conflict,heldout,-25.057858,-1.3266771,-1.2287124,-4.5686145,-15.399965,-17.111313,-17.63084
lexical_048_explicit_correction,48,explicit_correction,closure,2,category=fruit,Lemon,Green,Lemon,Green,"Example 1: Which candidate is a colour? Red or River. Answer: Red.
Example 2: Which candidate is a fruit? Stone or Pear. Answer: Pear.
Now answer the new item.
Target category: fruit.
Candidate 1: Lemon
Candidate 2: Green
Initial note: Green. Correction: that note was withdrawn; use category membership.
Which candidate belongs to the target category?
Answer with exactly one candidate word:",20.96875,7.8164062,13.152344,clean,heldout,3.0500364,0.06253716,0.1897971,0.04330492,-0.5902157,-0.68873405,-0.84813786
lexical_048_final_recheck,48,final_recheck,closure,2,category=fruit,Lemon,Green,Lemon,Green,"Example 1: Which candidate is a colour? Red or River. Answer: Red.
Example 2: Which candidate is a fruit? Stone or Pear. Answer: Pear.
Now answer the new item.
Target category: fruit.
Candidate 1: Lemon
Candidate 2: Green
Draft answer: Green. Final instruction: recheck the category and replace the draft if needed.
Which candidate belongs to the target category?
Answer with exactly one candidate word:",20.328125,10.40625,9.921875,clean,heldout,1.9004526,-0.61928195,-0.23782289,-0.3480668,-1.1099005,-1.2706451,-1.5054827
lexical_049_clean,49,clean,stable,0,category=colour,Yellow,North,Yellow,North,"Example 1: Which candidate is a colour? Red or River. Answer: Red.
Example 2: Which candidate is a fruit? Stone or Pear. Answer: Pear.
Now answer the new item.
Target category: colour.
Candidate 1: North
Candidate 2: Yellow
Which candidate belongs to the target category?
Answer with exactly one candidate word:",23.9375,18.140625,5.796875,clean,train,4.2225304,0.0,0.0,0.0,0.0,0.0,0.0
lexical_049_paraphrase,49,paraphrase,stable,0,category=colour,Yellow,North,Yellow,North,"Example 1: Which candidate is a colour? Red or River. Answer: Red.
Example 2: Which candidate is a fruit? Stone or Pear. Answer: Pear.
Now answer the new item.
Select the word that belongs to the category colour.
Candidate 1: North
Candidate 2: Yellow
Which candidate belongs to the target category?
Answer with exactly one candidate word:",22.640625,17.28125,5.359375,clean,train,5.1526327,0.25741804,0.66062593,1.8631957,0.4995346,0.39185524,-0.040388107
lexical_049_untrusted_conflict,49,untrusted_conflict,competition,1,category=colour,Yellow,North,Yellow,North,"Example 1: Which candidate is a colour? Red or River. Answer: Red.
Example 2: Which candidate is a fruit? Stone or Pear. Answer: Pear.
Now answer the new item.
Target category: colour.
Candidate 1: North
Candidate 2: Yellow
An unverified note claims North. Check the category yourself.
Which candidate belongs to the target category?
Answer with exactly one candidate word:",21.65625,20.0625,1.59375,clean,train,-6.5722284,-0.26758373,-0.8942535,-3.1234663,-6.54402,-6.0714903,-5.4804726
lexical_049_asserted_conflict,49,asserted_conflict,competition,1,category=colour,Yellow,North,Yellow,North,"Example 1: Which candidate is a colour? Red or River. Answer: Red.
Example 2: Which candidate is a fruit? Stone or Pear. Answer: Pear.
Now answer the new item.
Target category: colour.
Candidate 1: North
Candidate 2: Yellow
A previous annotator selected North. Independently classify the words.
Which candidate belongs to the target category?
Answer with exactly one candidate word:",19.8125,21.265625,-1.453125,conflict,train,-12.960249,-0.8344683,-1.4174942,-5.2073035,-9.329727,-9.405836,-9.691704
lexical_049_explicit_correction,49,explicit_correction,closure,2,category=colour,Yellow,North,Yellow,North,"Example 1: Which candidate is a colour? Red or River. Answer: Red.
Example 2: Which candidate is a fruit? Stone or Pear. Answer: Pear.
Now answer the new item.
Target category: colour.
Candidate 1: North
Candidate 2: Yellow
Initial note: North. Correction: that note was withdrawn; use category membership.
Which candidate belongs to the target category?
Answer with exactly one candidate word:",23.921875,16.890625,7.03125,clean,train,5.242031,0.7636101,0.33115244,1.1183109,-0.6123743,0.6239557,1.0218239
lexical_049_final_recheck,49,final_recheck,closure,2,category=colour,Yellow,North,Yellow,North,"Example 1: Which candidate is a colour? Red or River. Answer: Red.
Example 2: Which candidate is a fruit? Stone or Pear. Answer: Pear.
Now answer the new item.
Target category: colour.
Candidate 1: North
Candidate 2: Yellow
Draft answer: North. Final instruction: recheck the category and replace the draft if needed.
Which candidate belongs to the target category?
Answer with exactly one candidate word:",23.578125,16.140625,7.4375,clean,train,7.5264235,0.8506129,0.20025563,2.0210347,1.004211,2.3441696,1.5330639
lexical_050_clean,50,clean,stable,0,category=direction,West,Silver,West,Silver,"Example 1: Which candidate is a colour? Red or River. Answer: Red.
Example 2: Which candidate is a fruit? Stone or Pear. Answer: Pear.
Now answer the new item.
Target category: direction.
Candidate 1: West
Candidate 2: Silver
Which candidate belongs to the target category?
Answer with exactly one candidate word:",23.765625,14.3125,9.453125,clean,train,4.2225304,0.0,0.0,0.0,0.0,0.0,0.0
lexical_050_paraphrase,50,paraphrase,stable,0,category=direction,West,Silver,West,Silver,"Example 1: Which candidate is a colour? Red or River. Answer: Red.
Example 2: Which candidate is a fruit? Stone or Pear. Answer: Pear.
Now answer the new item.
Select the word that belongs to the category direction.
Candidate 1: West
Candidate 2: Silver
Which candidate belongs to the target category?
Answer with exactly one candidate word:",23.0,6.9726562,16.027344,clean,train,4.798019,-0.7052486,-0.9764478,-1.2372999,0.3084383,0.6147156,0.76513195
lexical_050_untrusted_conflict,50,untrusted_conflict,competition,1,category=direction,West,Silver,West,Silver,"Example 1: Which candidate is a colour? Red or River. Answer: Red.
Example 2: Which candidate is a fruit? Stone or Pear. Answer: Pear.
Now answer the new item.
Target category: direction.
Candidate 1: West
Candidate 2: Silver
An unverified note claims Silver. Check the category yourself.
Which candidate belongs to the target category?
Answer with exactly one candidate word:",23.25,13.9453125,9.3046875,clean,train,2.9831533,-0.20521879,-0.50206304,-0.76169634,-0.41409874,-0.6013317,-0.7675152
lexical_050_asserted_conflict,50,asserted_conflict,competition,1,category=direction,West,Silver,West,Silver,"Example 1: Which candidate is a colour? Red or River. Answer: Red.
Example 2: Which candidate is a fruit? Stone or Pear. Answer: Pear.
Now answer the new item.
Target category: direction.
Candidate 1: West
Candidate 2: Silver
A previous annotator selected Silver. Independently classify the words.
Which candidate belongs to the target category?
Answer with exactly one candidate word:",22.578125,17.515625,5.0625,clean,train,-5.351446,-0.86481893,-0.6949421,-2.03624,-4.2068415,-5.9040747,-5.837965
lexical_050_explicit_correction,50,explicit_correction,closure,2,category=direction,West,Silver,West,Silver,"Example 1: Which candidate is a colour? Red or River. Answer: Red.
Example 2: Which candidate is a fruit? Stone or Pear. Answer: Pear.
Now answer the new item.
Target category: direction.
Candidate 1: West
Candidate 2: Silver
Initial note: Silver. Correction: that note was withdrawn; use category membership.
Which candidate belongs to the target category?
Answer with exactly one candidate word:",23.375,14.5390625,8.8359375,clean,train,3.2662652,0.091436386,0.029735565,-0.40021276,-0.15624905,-0.6555309,-0.68278694
lexical_050_final_recheck,50,final_recheck,closure,2,category=direction,West,Silver,West,Silver,"Example 1: Which candidate is a colour? Red or River. Answer: Red.
Example 2: Which candidate is a fruit? Stone or Pear. Answer: Pear.
Now answer the new item.
Target category: direction.
Candidate 1: West
Candidate 2: Silver
Draft answer: Silver. Final instruction: recheck the category and replace the draft if needed.
Which candidate belongs to the target category?
Answer with exactly one candidate word:",22.328125,13.0546875,9.2734375,clean,train,5.078628,0.17052078,-0.06697512,-0.8693404,0.7056713,0.8408251,0.36515427
lexical_051_clean,51,clean,stable,0,category=metal,Iron,Triangle,Iron,Triangle,"Example 1: Which candidate is a colour? Red or River. Answer: Red.
Example 2: Which candidate is a fruit? Stone or Pear. Answer: Pear.
Now answer the new item.
Target category: metal.
Candidate 1: Triangle
Candidate 2: Iron
Which candidate belongs to the target category?
Answer with exactly one candidate word:",22.484375,9.3203125,13.1640625,clean,heldout,4.2225304,0.0,0.0,0.0,0.0,0.0,0.0
lexical_051_paraphrase,51,paraphrase,stable,0,category=metal,Iron,Triangle,Iron,Triangle,"Example 1: Which candidate is a colour? Red or River. Answer: Red.
Example 2: Which candidate is a fruit? Stone or Pear. Answer: Pear.
Now answer the new item.
Select the word that belongs to the category metal.
Candidate 1: Triangle
Candidate 2: Iron
Which candidate belongs to the target category?
Answer with exactly one candidate word:",22.984375,7.6132812,15.371094,clean,heldout,2.082699,1.3360003,0.36125588,0.2895789,-1.9016476,-0.044044495,-2.25675
lexical_051_untrusted_conflict,51,untrusted_conflict,competition,1,category=metal,Iron,Triangle,Iron,Triangle,"Example 1: Which candidate is a colour? Red or River. Answer: Red.
Example 2: Which candidate is a fruit? Stone or Pear. Answer: Pear.
Now answer the new item.
Target category: metal.
Candidate 1: Triangle
Candidate 2: Iron
An unverified note claims Triangle. Check the category yourself.
Which candidate belongs to the target category?
Answer with exactly one candidate word:",21.1875,13.9765625,7.2109375,clean,heldout,-4.552557,-0.8590944,-0.52223134,-1.0822415,-4.006302,-5.199628,-5.7342157
lexical_051_asserted_conflict,51,asserted_conflict,competition,1,category=metal,Iron,Triangle,Iron,Triangle,"Example 1: Which candidate is a colour? Red or River. Answer: Red.
Example 2: Which candidate is a fruit? Stone or Pear. Answer: Pear.
Now answer the new item.
Target category: metal.
Candidate 1: Triangle
Candidate 2: Iron
A previous annotator selected Triangle. Independently classify the words.
Which candidate belongs to the target category?
Answer with exactly one candidate word:",21.390625,13.765625,7.625,clean,heldout,-6.559305,-1.1013775,-0.9524789,-1.5276113,-4.893034,-5.526616,-7.7723484
lexical_051_explicit_correction,51,explicit_correction,closure,2,category=metal,Iron,Triangle,Iron,Triangle,"Example 1: Which candidate is a colour? Red or River. Answer: Red.
Example 2: Which candidate is a fruit? Stone or Pear. Answer: Pear.
Now answer the new item.
Target category: metal.
Candidate 1: Triangle
Candidate 2: Iron
Initial note: Triangle. Correction: that note was withdrawn; use category membership.
Which candidate belongs to the target category?
Answer with exactly one candidate word:",21.265625,10.9765625,10.2890625,clean,heldout,0.3794651,-0.18484187,-0.2562517,-0.5995245,-2.333002,-1.2057104,-3.047512
lexical_051_final_recheck,51,final_recheck,closure,2,category=metal,Iron,Triangle,Iron,Triangle,"Example 1: Which candidate is a colour? Red or River. Answer: Red.
Example 2: Which candidate is a fruit? Stone or Pear. Answer: Pear.
Now answer the new item.
Target category: metal.
Candidate 1: Triangle
Candidate 2: Iron
Draft answer: Triangle. Final instruction: recheck the category and replace the draft if needed.
Which candidate belongs to the target category?
Answer with exactly one candidate word:",20.734375,10.234375,10.5,clean,heldout,2.307981,-0.1632402,0.07108474,-0.24347782,-1.13517,-0.014087677,-2.1355305
lexical_052_clean,52,clean,stable,0,category=shape,Star,Ocean,Star,Ocean,"Example 1: Which candidate is a colour? Red or River. Answer: Red.
Example 2: Which candidate is a fruit? Stone or Pear. Answer: Pear.
Now answer the new item.
Target category: shape.
Candidate 1: Star
Candidate 2: Ocean
Which candidate belongs to the target category?
Answer with exactly one candidate word:",19.578125,15.7578125,3.8203125,clean,train,4.2225304,0.0,0.0,0.0,0.0,0.0,0.0
lexical_052_paraphrase,52,paraphrase,stable,0,category=shape,Star,Ocean,Star,Ocean,"Example 1: Which candidate is a colour? Red or River. Answer: Red.
Example 2: Which candidate is a fruit? Stone or Pear. Answer: Pear.
Now answer the new item.
Select the word that belongs to the category shape.
Candidate 1: Star
Candidate 2: Ocean
Which candidate belongs to the target category?
Answer with exactly one candidate word:",20.734375,13.8671875,6.8671875,clean,train,9.398701,0.16699946,0.4864397,1.0465,2.3170223,3.1414528,3.206913
lexical_052_untrusted_conflict,52,untrusted_conflict,competition,1,category=shape,Star,Ocean,Star,Ocean,"Example 1: Which candidate is a colour? Red or River. Answer: Red.
Example 2: Which candidate is a fruit? Stone or Pear. Answer: Pear.
Now answer the new item.
Target category: shape.
Candidate 1: Star
Candidate 2: Ocean
An unverified note claims Ocean. Check the category yourself.
Which candidate belongs to the target category?
Answer with exactly one candidate word:",14.6484375,18.140625,-3.4921875,conflict,train,-15.982834,-1.5868248,-1.6758952,-6.4821477,-10.886335,-10.613019,-11.694827
lexical_052_asserted_conflict,52,asserted_conflict,competition,1,category=shape,Star,Ocean,Star,Ocean,"Example 1: Which candidate is a colour? Red or River. Answer: Red.
Example 2: Which candidate is a fruit? Stone or Pear. Answer: Pear.
Now answer the new item.
Target category: shape.
Candidate 1: Star
Candidate 2: Ocean
A previous annotator selected Ocean. Independently classify the words.
Which candidate belongs to the target category?
Answer with exactly one candidate word:",9.578125,20.296875,-10.71875,conflict,train,-30.285461,-3.035721,-3.0043285,-9.634281,-17.48106,-18.486942,-20.982298
lexical_052_explicit_correction,52,explicit_correction,closure,2,category=shape,Star,Ocean,Star,Ocean,"Example 1: Which candidate is a colour? Red or River. Answer: Red.
Example 2: Which candidate is a fruit? Stone or Pear. Answer: Pear.
Now answer the new item.
Target category: shape.
Candidate 1: Star
Candidate 2: Ocean
Initial note: Ocean. Correction: that note was withdrawn; use category membership.
Which candidate belongs to the target category?
Answer with exactly one candidate word:",20.65625,13.5859375,7.0703125,clean,train,9.292175,-0.22189468,-0.25227356,1.0224795,1.5191984,3.4212332,3.5270033
lexical_052_final_recheck,52,final_recheck,closure,2,category=shape,Star,Ocean,Star,Ocean,"Example 1: Which candidate is a colour? Red or River. Answer: Red.
Example 2: Which candidate is a fruit? Stone or Pear. Answer: Pear.
Now answer the new item.
Target category: shape.
Candidate 1: Star
Candidate 2: Ocean
Draft answer: Ocean. Final instruction: recheck the category and replace the draft if needed.
Which candidate belongs to the target category?
Answer with exactly one candidate word:",20.125,15.71875,4.40625,clean,train,2.6396184,-0.672225,-0.5495696,-0.6348939,-2.175078,-0.7481489,0.18885136
lexical_053_clean,53,clean,stable,0,category=landscape feature,Ocean,Sun,Ocean,Sun,"Example 1: Which candidate is a colour? Red or River. Answer: Red.
Example 2: Which candidate is a fruit? Stone or Pear. Answer: Pear.
Now answer the new item.
Target category: landscape feature.
Candidate 1: Sun
Candidate 2: Ocean
Which candidate belongs to the target category?
Answer with exactly one candidate word:",20.53125,14.9765625,5.5546875,clean,train,4.2225304,0.0,0.0,0.0,0.0,0.0,0.0
lexical_053_paraphrase,53,paraphrase,stable,0,category=landscape feature,Ocean,Sun,Ocean,Sun,"Example 1: Which candidate is a colour? Red or River. Answer: Red.
Example 2: Which candidate is a fruit? Stone or Pear. Answer: Pear.
Now answer the new item.
Select the word that belongs to the category landscape feature.
Candidate 1: Sun
Candidate 2: Ocean
Which candidate belongs to the target category?
Answer with exactly one candidate word:",19.65625,8.859375,10.796875,clean,train,12.531014,0.8033419,1.6916647,3.5965595,4.0638456,4.5529604,4.4668484
lexical_053_untrusted_conflict,53,untrusted_conflict,competition,1,category=landscape feature,Ocean,Sun,Ocean,Sun,"Example 1: Which candidate is a colour? Red or River. Answer: Red.
Example 2: Which candidate is a fruit? Stone or Pear. Answer: Pear.
Now answer the new item.
Target category: landscape feature.
Candidate 1: Sun
Candidate 2: Ocean
An unverified note claims Sun. Check the category yourself.
Which candidate belongs to the target category?
Answer with exactly one candidate word:",18.46875,16.65625,1.8125,clean,train,-4.610015,-0.11761415,-0.5118706,-2.3587356,-5.257312,-4.613571,-5.0073605
lexical_053_asserted_conflict,53,asserted_conflict,competition,1,category=landscape feature,Ocean,Sun,Ocean,Sun,"Example 1: Which candidate is a colour? Red or River. Answer: Red.
Example 2: Which candidate is a fruit? Stone or Pear. Answer: Pear.
Now answer the new item.
Target category: landscape feature.
Candidate 1: Sun
Candidate 2: Ocean
A previous annotator selected Sun. Independently classify the words.
Which candidate belongs to the target category?
Answer with exactly one candidate word:",18.890625,18.03125,0.859375,clean,train,-7.693598,-0.3085574,-0.60697556,-3.1095386,-6.473959,-6.195669,-7.2885838
lexical_053_explicit_correction,53,explicit_correction,closure,2,category=landscape feature,Ocean,Sun,Ocean,Sun,"Example 1: Which candidate is a colour? Red or River. Answer: Red.
Example 2: Which candidate is a fruit? Stone or Pear. Answer: Pear.
Now answer the new item.
Target category: landscape feature.
Candidate 1: Sun
Candidate 2: Ocean
Initial note: Sun. Correction: that note was withdrawn; use category membership.
Which candidate belongs to the target category?
Answer with exactly one candidate word:",19.71875,15.5234375,4.1953125,clean,train,0.6507547,0.004416108,-0.14428854,-0.6487427,-3.058836,-1.5886698,-1.6864204
lexical_053_final_recheck,53,final_recheck,closure,2,category=landscape feature,Ocean,Sun,Ocean,Sun,"Example 1: Which candidate is a colour? Red or River. Answer: Red.
Example 2: Which candidate is a fruit? Stone or Pear. Answer: Pear.
Now answer the new item.
Target category: landscape feature.
Candidate 1: Sun
Candidate 2: Ocean
Draft answer: Sun. Final instruction: recheck the category and replace the draft if needed.
Which candidate belongs to the target category?
Answer with exactly one candidate word:",20.046875,15.296875,4.75,clean,train,2.184965,-0.25779295,-0.08985567,0.20120573,-2.417552,-0.74528694,-0.7764416
lexical_054_clean,54,clean,stable,0,category=sky object,Star,Orange,Star,Orange,"Example 1: Which candidate is a colour? Red or River. Answer: Red.
Example 2: Which candidate is a fruit? Stone or Pear. Answer: Pear.
Now answer the new item.
Target category: sky object.
Candidate 1: Star
Candidate 2: Orange
Which candidate belongs to the target category?
Answer with exactly one candidate word:",20.25,10.78125,9.46875,clean,heldout,4.2225304,0.0,0.0,0.0,0.0,0.0,0.0
lexical_054_paraphrase,54,paraphrase,stable,0,category=sky object,Star,Orange,Star,Orange,"Example 1: Which candidate is a colour? Red or River. Answer: Red.
Example 2: Which candidate is a fruit? Stone or Pear. Answer: Pear.
Now answer the new item.
Select the word that belongs to the category sky object.
Candidate 1: Star
Candidate 2: Orange
Which candidate belongs to the target category?
Answer with exactly one candidate word:",18.984375,8.375,10.609375,clean,heldout,-3.2202797,-0.42001778,-0.41766024,-2.483109,-3.4795356,-4.56112,-4.107153
lexical_054_untrusted_conflict,54,untrusted_conflict,competition,1,category=sky object,Star,Orange,Star,Orange,"Example 1: Which candidate is a colour? Red or River. Answer: Red.
Example 2: Which candidate is a fruit? Stone or Pear. Answer: Pear.
Now answer the new item.
Target category: sky object.
Candidate 1: Star
Candidate 2: Orange
An unverified note claims Orange. Check the category yourself.
Which candidate belongs to the target category?
Answer with exactly one candidate word:",20.46875,10.4609375,10.0078125,clean,heldout,3.4460156,0.12222195,-0.059542656,-0.119999886,-0.3051939,-0.2279129,-0.7754173
lexical_054_asserted_conflict,54,asserted_conflict,competition,1,category=sky object,Star,Orange,Star,Orange,"Example 1: Which candidate is a colour? Red or River. Answer: Red.
Example 2: Which candidate is a fruit? Stone or Pear. Answer: Pear.
Now answer the new item.
Target category: sky object.
Candidate 1: Star
Candidate 2: Orange
A previous annotator selected Orange. Independently classify the words.
Which candidate belongs to the target category?
Answer with exactly one candidate word:",19.40625,13.875,5.53125,clean,heldout,-8.767143,-0.922309,-1.5569861,-3.2994118,-5.685579,-8.303159,-7.408598
lexical_054_explicit_correction,54,explicit_correction,closure,2,category=sky object,Star,Orange,Star,Orange,"Example 1: Which candidate is a colour? Red or River. Answer: Red.
Example 2: Which candidate is a fruit? Stone or Pear. Answer: Pear.
Now answer the new item.
Target category: sky object.
Candidate 1: Star
Candidate 2: Orange
Initial note: Orange. Correction: that note was withdrawn; use category membership.
Which candidate belongs to the target category?
Answer with exactly one candidate word:",20.5625,8.609375,11.953125,clean,heldout,5.6263742,-0.31388482,-0.22936583,0.053024292,0.33586216,1.3419476,0.7972717
lexical_054_final_recheck,54,final_recheck,closure,2,category=sky object,Star,Orange,Star,Orange,"Example 1: Which candidate is a colour? Red or River. Answer: Red.
Example 2: Which candidate is a fruit? Stone or Pear. Answer: Pear.
Now answer the new item.
Target category: sky object.
Candidate 1: Star
Candidate 2: Orange
Draft answer: Orange. Final instruction: recheck the category and replace the draft if needed.
Which candidate belongs to the target category?
Answer with exactly one candidate word:",20.015625,9.1015625,10.9140625,clean,heldout,6.749979,-0.8083128,-0.4179895,-0.4193964,1.0184498,1.9416695,1.7793713
lexical_055_clean,55,clean,stable,0,category=fruit,Pear,Green,Pear,Green,"Example 1: Which candidate is a colour? Red or River. Answer: Red.
Example 2: Which candidate is a fruit? Stone or Pear. Answer: Pear.
Now answer the new item.
Target category: fruit.
Candidate 1: Green
Candidate 2: Pear
Which candidate belongs to the target category?
Answer with exactly one candidate word:",23.71875,8.6484375,15.0703125,clean,train,4.2225304,0.0,0.0,0.0,0.0,0.0,0.0
lexical_055_paraphrase,55,paraphrase,stable,0,category=fruit,Pear,Green,Pear,Green,"Example 1: Which candidate is a colour? Red or River. Answer: Red.
Example 2: Which candidate is a fruit? Stone or Pear. Answer: Pear.
Now answer the new item.
Select the word that belongs to the category fruit.
Candidate 1: Green
Candidate 2: Pear
Which candidate belongs to the target category?
Answer with exactly one candidate word:",23.140625,5.5351562,17.605469,clean,train,2.8610673,-0.05619213,0.17908597,0.19387794,-0.64059544,-0.8997803,-0.96042824
lexical_055_untrusted_conflict,55,untrusted_conflict,competition,1,category=fruit,Pear,Green,Pear,Green,"Example 1: Which candidate is a colour? Red or River. Answer: Red.
Example 2: Which candidate is a fruit? Stone or Pear. Answer: Pear.
Now answer the new item.
Target category: fruit.
Candidate 1: Green
Candidate 2: Pear
An unverified note claims Green. Check the category yourself.
Which candidate belongs to the target category?
Answer with exactly one candidate word:",22.703125,12.3515625,10.3515625,clean,train,-3.8731833,-0.71653926,-0.7257483,-0.77013016,-4.558242,-4.947444,-4.536392
lexical_055_asserted_conflict,55,asserted_conflict,competition,1,category=fruit,Pear,Green,Pear,Green,"Example 1: Which candidate is a colour? Red or River. Answer: Red.
Example 2: Which candidate is a fruit? Stone or Pear. Answer: Pear.
Now answer the new item.
Target category: fruit.
Candidate 1: Green
Candidate 2: Pear
A previous annotator selected Green. Independently classify the words.
Which candidate belongs to the target category?
Answer with exactly one candidate word:",21.3125,16.53125,4.78125,clean,train,-16.504091,-1.4135444,-1.6088047,-2.9711661,-10.3702545,-12.54509,-12.443944
lexical_055_explicit_correction,55,explicit_correction,closure,2,category=fruit,Pear,Green,Pear,Green,"Example 1: Which candidate is a colour? Red or River. Answer: Red.
Example 2: Which candidate is a fruit? Stone or Pear. Answer: Pear.
Now answer the new item.
Target category: fruit.
Candidate 1: Green
Candidate 2: Pear
Initial note: Green. Correction: that note was withdrawn; use category membership.
Which candidate belongs to the target category?
Answer with exactly one candidate word:",22.25,9.53125,12.71875,clean,train,2.7868087,0.261363,0.7138973,0.3492167,-1.0132952,-0.46077538,-1.363101
lexical_055_final_recheck,55,final_recheck,closure,2,category=fruit,Pear,Green,Pear,Green,"Example 1: Which candidate is a colour? Red or River. Answer: Red.
Example 2: Which candidate is a fruit? Stone or Pear. Answer: Pear.
Now answer the new item.
Target category: fruit.
Candidate 1: Green
Candidate 2: Pear
Draft answer: Green. Final instruction: recheck the category and replace the draft if needed.
Which candidate belongs to the target category?
Answer with exactly one candidate word:",21.203125,10.015625,11.1875,clean,train,2.9897952,0.018315703,0.72058743,0.27949405,-0.55784607,-0.25041962,-1.537962
lexical_056_clean,56,clean,stable,0,category=colour,Red,Copper,Red,Copper,"Example 1: Which candidate is a colour? Red or River. Answer: Red.
Example 2: Which candidate is a fruit? Stone or Pear. Answer: Pear.
Now answer the new item.
Target category: colour.
Candidate 1: Red
Candidate 2: Copper
Which candidate belongs to the target category?
Answer with exactly one candidate word:",16.265625,21.125,-4.859375,conflict,train,4.2225304,0.0,0.0,0.0,0.0,0.0,0.0
lexical_056_paraphrase,56,paraphrase,stable,0,category=colour,Red,Copper,Red,Copper,"Example 1: Which candidate is a colour? Red or River. Answer: Red.
Example 2: Which candidate is a fruit? Stone or Pear. Answer: Pear.
Now answer the new item.
Select the word that belongs to the category colour.
Candidate 1: Red
Candidate 2: Copper
Which candidate belongs to the target category?
Answer with exactly one candidate word:",15.21875,20.359375,-5.140625,conflict,train,2.9005203,-0.3206463,-0.61652374,-0.66374445,0.1843605,-0.6044874,-1.378109
lexical_056_untrusted_conflict,56,untrusted_conflict,competition,1,category=colour,Red,Copper,Red,Copper,"Example 1: Which candidate is a colour? Red or River. Answer: Red.
Example 2: Which candidate is a fruit? Stone or Pear. Answer: Pear.
Now answer the new item.
Target category: colour.
Candidate 1: Red
Candidate 2: Copper
An unverified note claims Copper. Check the category yourself.
Which candidate belongs to the target category?
Answer with exactly one candidate word:",17.984375,19.265625,-1.28125,conflict,train,9.3312645,0.38618183,0.039649963,1.4821277,2.1566334,3.10283,3.13025
lexical_056_asserted_conflict,56,asserted_conflict,competition,1,category=colour,Red,Copper,Red,Copper,"Example 1: Which candidate is a colour? Red or River. Answer: Red.
Example 2: Which candidate is a fruit? Stone or Pear. Answer: Pear.
Now answer the new item.
Target category: colour.
Candidate 1: Red
Candidate 2: Copper
A previous annotator selected Copper. Independently classify the words.
Which candidate belongs to the target category?
Answer with exactly one candidate word:",14.9296875,20.65625,-5.7265625,conflict,train,-0.52161026,-0.62189054,-0.84561634,-0.9581561,-2.2462707,-2.4395847,-3.1674109
lexical_056_explicit_correction,56,explicit_correction,closure,2,category=colour,Red,Copper,Red,Copper,"Example 1: Which candidate is a colour? Red or River. Answer: Red.
Example 2: Which candidate is a fruit? Stone or Pear. Answer: Pear.
Now answer the new item.
Target category: colour.
Candidate 1: Red
Candidate 2: Copper
Initial note: Copper. Correction: that note was withdrawn; use category membership.
Which candidate belongs to the target category?
Answer with exactly one candidate word:",19.0625,18.875,0.1875,clean,train,11.956753,0.3481722,-0.011405945,2.513575,3.8704376,4.325055,4.551895
lexical_056_final_recheck,56,final_recheck,closure,2,category=colour,Red,Copper,Red,Copper,"Example 1: Which candidate is a colour? Red or River. Answer: Red.
Example 2: Which candidate is a fruit? Stone or Pear. Answer: Pear.
Now answer the new item.
Target category: colour.
Candidate 1: Red
Candidate 2: Copper
Draft answer: Copper. Final instruction: recheck the category and replace the draft if needed.
Which candidate belongs to the target category?
Answer with exactly one candidate word:",18.34375,19.078125,-0.734375,conflict,train,9.846905,0.29490852,-0.36071014,0.83134604,1.8301783,4.0460806,3.631834
lexical_057_clean,57,clean,stable,0,category=direction,North,Square,North,Square,"Example 1: Which candidate is a colour? Red or River. Answer: Red.
Example 2: Which candidate is a fruit? Stone or Pear. Answer: Pear.
Now answer the new item.
Target category: direction.
Candidate 1: Square
Candidate 2: North
Which candidate belongs to the target category?
Answer with exactly one candidate word:",25.15625,8.5390625,16.617188,clean,heldout,4.2225304,0.0,0.0,0.0,0.0,0.0,0.0
lexical_057_paraphrase,57,paraphrase,stable,0,category=direction,North,Square,North,Square,"Example 1: Which candidate is a colour? Red or River. Answer: Red.
Example 2: Which candidate is a fruit? Stone or Pear. Answer: Pear.
Now answer the new item.
Select the word that belongs to the category direction.
Candidate 1: Square
Candidate 2: North
Which candidate belongs to the target category?
Answer with exactly one candidate word:",23.6875,6.8476562,16.839844,clean,heldout,1.890218,-0.6265254,-0.6051636,-1.1702986,-1.9955101,-0.6967602,-1.0248966
lexical_057_untrusted_conflict,57,untrusted_conflict,competition,1,category=direction,North,Square,North,Square,"Example 1: Which candidate is a colour? Red or River. Answer: Red.
Example 2: Which candidate is a fruit? Stone or Pear. Answer: Pear.
Now answer the new item.
Target category: direction.
Candidate 1: Square
Candidate 2: North
An unverified note claims Square. Check the category yourself.
Which candidate belongs to the target category?
Answer with exactly one candidate word:",23.734375,12.59375,11.140625,clean,heldout,-1.1733284,-0.2265706,-0.45221806,-1.484909,-2.2919273,-3.0430012,-3.5149841
lexical_057_asserted_conflict,57,asserted_conflict,competition,1,category=direction,North,Square,North,Square,"Example 1: Which candidate is a colour? Red or River. Answer: Red.
Example 2: Which candidate is a fruit? Stone or Pear. Answer: Pear.
Now answer the new item.
Target category: direction.
Candidate 1: Square
Candidate 2: North
A previous annotator selected Square. Independently classify the words.
Which candidate belongs to the target category?
Answer with exactly one candidate word:",24.109375,12.8125,11.296875,clean,heldout,-2.2459612,-0.71995926,-0.59263515,-1.5997486,-2.8549557,-3.8448105,-3.959919
lexical_057_explicit_correction,57,explicit_correction,closure,2,category=direction,North,Square,North,Square,"Example 1: Which candidate is a colour? Red or River. Answer: Red.
Example 2: Which candidate is a fruit? Stone or Pear. Answer: Pear.
Now answer the new item.
Target category: direction.
Candidate 1: Square
Candidate 2: North
Initial note: Square. Correction: that note was withdrawn; use category membership.
Which candidate belongs to the target category?
Answer with exactly one candidate word:",23.65625,11.6953125,11.9609375,clean,heldout,0.02157545,-0.59872913,-0.28595495,-0.8619175,-1.9394379,-2.1360855,-2.9138737
lexical_057_final_recheck,57,final_recheck,closure,2,category=direction,North,Square,North,Square,"Example 1: Which candidate is a colour? Red or River. Answer: Red.
Example 2: Which candidate is a fruit? Stone or Pear. Answer: Pear.
Now answer the new item.
Target category: direction.
Candidate 1: Square
Candidate 2: North
Draft answer: Square. Final instruction: recheck the category and replace the draft if needed.
Which candidate belongs to the target category?
Answer with exactly one candidate word:",22.90625,13.6953125,9.2109375,clean,heldout,0.16682386,0.09144163,0.06597471,-0.77742195,-1.9395561,-2.0928364,-2.8589954
lexical_058_clean,58,clean,stable,0,category=metal,Copper,Forest,Copper,Forest,"Example 1: Which candidate is a colour? Red or River. Answer: Red.
Example 2: Which candidate is a fruit? Stone or Pear. Answer: Pear.
Now answer the new item.
Target category: metal.
Candidate 1: Copper
Candidate 2: Forest
Which candidate belongs to the target category?
Answer with exactly one candidate word:",19.6875,13.0859375,6.6015625,clean,train,4.2225304,0.0,0.0,0.0,0.0,0.0,0.0
lexical_058_paraphrase,58,paraphrase,stable,0,category=metal,Copper,Forest,Copper,Forest,"Example 1: Which candidate is a colour? Red or River. Answer: Red.
Example 2: Which candidate is a fruit? Stone or Pear. Answer: Pear.
Now answer the new item.
Select the word that belongs to the category metal.
Candidate 1: Copper
Candidate 2: Forest
Which candidate belongs to the target category?
Answer with exactly one candidate word:",19.859375,7.546875,12.3125,clean,train,9.137711,1.0763478,1.374566,2.1133137,1.5968924,3.0042813,2.8780346
lexical_058_untrusted_conflict,58,untrusted_conflict,competition,1,category=metal,Copper,Forest,Copper,Forest,"Example 1: Which candidate is a colour? Red or River. Answer: Red.
Example 2: Which candidate is a fruit? Stone or Pear. Answer: Pear.
Now answer the new item.
Target category: metal.
Candidate 1: Copper
Candidate 2: Forest
An unverified note claims Forest. Check the category yourself.
Which candidate belongs to the target category?
Answer with exactly one candidate word:",17.796875,16.703125,1.09375,clean,train,-6.2302217,-0.36700702,-0.19512081,-0.97627354,-5.004218,-6.108655,-6.963003
lexical_058_asserted_conflict,58,asserted_conflict,competition,1,category=metal,Copper,Forest,Copper,Forest,"Example 1: Which candidate is a colour? Red or River. Answer: Red.
Example 2: Which candidate is a fruit? Stone or Pear. Answer: Pear.
Now answer the new item.
Target category: metal.
Candidate 1: Copper
Candidate 2: Forest
A previous annotator selected Forest. Independently classify the words.
Which candidate belongs to the target category?
Answer with exactly one candidate word:",8.4453125,20.703125,-12.2578125,conflict,train,-42.265217,-1.7283545,-2.0045571,-9.0350485,-23.508509,-25.828602,-29.367908
lexical_058_explicit_correction,58,explicit_correction,closure,2,category=metal,Copper,Forest,Copper,Forest,"Example 1: Which candidate is a colour? Red or River. Answer: Red.
Example 2: Which candidate is a fruit? Stone or Pear. Answer: Pear.
Now answer the new item.
Target category: metal.
Candidate 1: Copper
Candidate 2: Forest
Initial note: Forest. Correction: that note was withdrawn; use category membership.
Which candidate belongs to the target category?
Answer with exactly one candidate word:",20.40625,10.4375,9.96875,clean,train,8.353913,0.5500146,0.58843994,0.62781274,0.6144209,3.4301307,2.65798
lexical_058_final_recheck,58,final_recheck,closure,2,category=metal,Copper,Forest,Copper,Forest,"Example 1: Which candidate is a colour? Red or River. Answer: Red.
Example 2: Which candidate is a fruit? Stone or Pear. Answer: Pear.
Now answer the new item.
Target category: metal.
Candidate 1: Copper
Candidate 2: Forest
Draft answer: Forest. Final instruction: recheck the category and replace the draft if needed.
Which candidate belongs to the target category?
Answer with exactly one candidate word:",18.484375,14.046875,4.4375,clean,train,4.374446,0.60652804,0.89839387,0.38955343,-0.34393835,0.11551452,0.092754364
lexical_059_clean,59,clean,stable,0,category=shape,Circle,Star,Circle,Star,"Example 1: Which candidate is a colour? Red or River. Answer: Red.
Example 2: Which candidate is a fruit? Stone or Pear. Answer: Pear.
Now answer the new item.
Target category: shape.
Candidate 1: Star
Candidate 2: Circle
Which candidate belongs to the target category?
Answer with exactly one candidate word:",20.828125,18.375,2.453125,clean,train,4.2225304,0.0,0.0,0.0,0.0,0.0,0.0
lexical_059_paraphrase,59,paraphrase,stable,0,category=shape,Circle,Star,Circle,Star,"Example 1: Which candidate is a colour? Red or River. Answer: Red.
Example 2: Which candidate is a fruit? Stone or Pear. Answer: Pear.
Now answer the new item.
Select the word that belongs to the category shape.
Candidate 1: Star
Candidate 2: Circle
Which candidate belongs to the target category?
Answer with exactly one candidate word:",20.421875,19.140625,1.28125,clean,train,1.4781473,-0.14967501,-0.14020169,-1.1423972,-1.3406501,-1.4477472,-1.6099329
lexical_059_untrusted_conflict,59,untrusted_conflict,competition,1,category=shape,Circle,Star,Circle,Star,"Example 1: Which candidate is a colour? Red or River. Answer: Red.
Example 2: Which candidate is a fruit? Stone or Pear. Answer: Pear.
Now answer the new item.
Target category: shape.
Candidate 1: Star
Candidate 2: Circle
An unverified note claims Star. Check the category yourself.
Which candidate belongs to the target category?
Answer with exactly one candidate word:",19.765625,18.609375,1.15625,clean,train,2.3814893,-0.0069731474,-0.19287872,-0.7559979,-1.7388763,-1.0631208,-0.3378687
lexical_059_asserted_conflict,59,asserted_conflict,competition,1,category=shape,Circle,Star,Circle,Star,"Example 1: Which candidate is a colour? Red or River. Answer: Red.
Example 2: Which candidate is a fruit? Stone or Pear. Answer: Pear.
Now answer the new item.
Target category: shape.
Candidate 1: Star
Candidate 2: Circle
A previous annotator selected Star. Independently classify the words.
Which candidate belongs to the target category?
Answer with exactly one candidate word:",19.84375,19.453125,0.390625,clean,train,0.9861963,-0.31724918,0.0815655,-1.0564246,-2.0311394,-1.5261488,-1.8443146
lexical_059_explicit_correction,59,explicit_correction,closure,2,category=shape,Circle,Star,Circle,Star,"Example 1: Which candidate is a colour? Red or River. Answer: Red.
Example 2: Which candidate is a fruit? Stone or Pear. Answer: Pear.
Now answer the new item.
Target category: shape.
Candidate 1: Star
Candidate 2: Circle
Initial note: Star. Correction: that note was withdrawn; use category membership.
Which candidate belongs to the target category?
Answer with exactly one candidate word:",20.75,17.140625,3.609375,clean,train,8.022675,0.3658955,0.7584313,1.1156111,0.8441529,2.3537054,2.776085
lexical_059_final_recheck,59,final_recheck,closure,2,category=shape,Circle,Star,Circle,Star,"Example 1: Which candidate is a colour? Red or River. Answer: Red.
Example 2: Which candidate is a fruit? Stone or Pear. Answer: Pear.
Now answer the new item.
Target category: shape.
Candidate 1: Star
Candidate 2: Circle
Draft answer: Star. Final instruction: recheck the category and replace the draft if needed.
Which candidate belongs to the target category?
Answer with exactly one candidate word:",20.734375,18.15625,2.578125,clean,train,6.4507146,-0.20945573,-0.18641734,0.29985905,0.14233398,1.6485643,1.8983154
lexical_060_clean,60,clean,stable,0,category=landscape feature,River,Apple,River,Apple,"Example 1: Which candidate is a colour? Red or River. Answer: Red.
Example 2: Which candidate is a fruit? Stone or Pear. Answer: Pear.
Now answer the new item.
Target category: landscape feature.
Candidate 1: River
Candidate 2: Apple
Which candidate belongs to the target category?
Answer with exactly one candidate word:",23.3125,4.8671875,18.445312,clean,train,4.2225304,0.0,0.0,0.0,0.0,0.0,0.0
lexical_060_paraphrase,60,paraphrase,stable,0,category=landscape feature,River,Apple,River,Apple,"Example 1: Which candidate is a colour? Red or River. Answer: Red.
Example 2: Which candidate is a fruit? Stone or Pear. Answer: Pear.
Now answer the new item.
Select the word that belongs to the category landscape feature.
Candidate 1: River
Candidate 2: Apple
Which candidate belongs to the target category?
Answer with exactly one candidate word:",21.34375,6.4375,14.90625,clean,train,-2.3912678,-1.295546,-1.06005,-1.5747471,-2.6616688,-3.5614185,-4.514078
lexical_060_untrusted_conflict,60,untrusted_conflict,competition,1,category=landscape feature,River,Apple,River,Apple,"Example 1: Which candidate is a colour? Red or River. Answer: Red.
Example 2: Which candidate is a fruit? Stone or Pear. Answer: Pear.
Now answer the new item.
Target category: landscape feature.
Candidate 1: River
Candidate 2: Apple
An unverified note claims Apple. Check the category yourself.
Which candidate belongs to the target category?
Answer with exactly one candidate word:",22.640625,8.28125,14.359375,clean,train,-1.8249469,-0.6087909,-0.51647043,-1.0440855,-2.5050735,-3.5961094,-4.00766
lexical_060_asserted_conflict,60,asserted_conflict,competition,1,category=landscape feature,River,Apple,River,Apple,"Example 1: Which candidate is a colour? Red or River. Answer: Red.
Example 2: Which candidate is a fruit? Stone or Pear. Answer: Pear.
Now answer the new item.
Target category: landscape feature.
Candidate 1: River
Candidate 2: Apple
A previous annotator selected Apple. Independently classify the words.
Which candidate belongs to the target category?
Answer with exactly one candidate word:",23.015625,11.875,11.140625,clean,train,-10.719091,-1.8284633,-2.1663566,-3.644473,-8.112116,-8.362349,-8.360504
lexical_060_explicit_correction,60,explicit_correction,closure,2,category=landscape feature,River,Apple,River,Apple,"Example 1: Which candidate is a colour? Red or River. Answer: Red.
Example 2: Which candidate is a fruit? Stone or Pear. Answer: Pear.
Now answer the new item.
Target category: landscape feature.
Candidate 1: River
Candidate 2: Apple
Initial note: Apple. Correction: that note was withdrawn; use category membership.
Which candidate belongs to the target category?
Answer with exactly one candidate word:",22.84375,7.9375,14.90625,clean,train,-2.6883106,-0.5910716,-1.1892619,-1.6741247,-3.6434593,-3.614359,-4.198696
lexical_060_final_recheck,60,final_recheck,closure,2,category=landscape feature,River,Apple,River,Apple,"Example 1: Which candidate is a colour? Red or River. Answer: Red.
Example 2: Which candidate is a fruit? Stone or Pear. Answer: Pear.
Now answer the new item.
Target category: landscape feature.
Candidate 1: River
Candidate 2: Apple
Draft answer: Apple. Final instruction: recheck the category and replace the draft if needed.
Which candidate belongs to the target category?
Answer with exactly one candidate word:",22.765625,10.546875,12.21875,clean,train,-3.670559,-0.35633898,-1.0729222,-2.0454817,-3.5821934,-4.2583866,-5.140072
lexical_061_clean,61,clean,stable,0,category=sky object,Sun,Blue,Sun,Blue,"Example 1: Which candidate is a colour? Red or River. Answer: Red.
Example 2: Which candidate is a fruit? Stone or Pear. Answer: Pear.
Now answer the new item.
Target category: sky object.
Candidate 1: Blue
Candidate 2: Sun
Which candidate belongs to the target category?
Answer with exactly one candidate word:",21.59375,12.34375,9.25,clean,train,4.2225304,0.0,0.0,0.0,0.0,0.0,0.0
lexical_061_paraphrase,61,paraphrase,stable,0,category=sky object,Sun,Blue,Sun,Blue,"Example 1: Which candidate is a colour? Red or River. Answer: Red.
Example 2: Which candidate is a fruit? Stone or Pear. Answer: Pear.
Now answer the new item.
Select the word that belongs to the category sky object.
Candidate 1: Blue
Candidate 2: Sun
Which candidate belongs to the target category?
Answer with exactly one candidate word:",15.6328125,13.5,2.1328125,clean,train,-10.2365465,-1.0247477,-1.8830633,-5.1664486,-5.590438,-8.431353,-9.020636
lexical_061_untrusted_conflict,61,untrusted_conflict,competition,1,category=sky object,Sun,Blue,Sun,Blue,"Example 1: Which candidate is a colour? Red or River. Answer: Red.
Example 2: Which candidate is a fruit? Stone or Pear. Answer: Pear.
Now answer the new item.
Target category: sky object.
Candidate 1: Blue
Candidate 2: Sun
An unverified note claims Blue. Check the category yourself.
Which candidate belongs to the target category?
Answer with exactly one candidate word:",20.171875,14.5078125,5.6640625,clean,train,-1.0831523,-0.15206754,-0.09996498,-0.5472503,-2.5429664,-3.2165337,-3.4058208
lexical_061_asserted_conflict,61,asserted_conflict,competition,1,category=sky object,Sun,Blue,Sun,Blue,"Example 1: Which candidate is a colour? Red or River. Answer: Red.
Example 2: Which candidate is a fruit? Stone or Pear. Answer: Pear.
Now answer the new item.
Target category: sky object.
Candidate 1: Blue
Candidate 2: Sun
A previous annotator selected Blue. Independently classify the words.
Which candidate belongs to the target category?
Answer with exactly one candidate word:",20.140625,14.3515625,5.7890625,clean,train,-1.098063,-0.09698534,-0.5916523,-1.1993666,-2.4404078,-3.0671296,-3.3545685
lexical_061_explicit_correction,61,explicit_correction,closure,2,category=sky object,Sun,Blue,Sun,Blue,"Example 1: Which candidate is a colour? Red or River. Answer: Red.
Example 2: Which candidate is a fruit? Stone or Pear. Answer: Pear.
Now answer the new item.
Target category: sky object.
Candidate 1: Blue
Candidate 2: Sun
Initial note: Blue. Correction: that note was withdrawn; use category membership.
Which candidate belongs to the target category?
Answer with exactly one candidate word:",20.734375,11.1875,9.546875,clean,train,5.1362896,-0.4039234,0.1953131,-0.0071964264,0.26548576,0.5682068,0.7651768
lexical_061_final_recheck,61,final_recheck,closure,2,category=sky object,Sun,Blue,Sun,Blue,"Example 1: Which candidate is a colour? Red or River. Answer: Red.
Example 2: Which candidate is a fruit? Stone or Pear. Answer: Pear.
Now answer the new item.
Target category: sky object.
Candidate 1: Blue
Candidate 2: Sun
Draft answer: Blue. Final instruction: recheck the category and replace the draft if needed.
Which candidate belongs to the target category?
Answer with exactly one candidate word:",20.515625,12.4453125,8.0703125,clean,train,4.5127654,-0.6496979,-0.25350082,-0.3183055,0.07564926,0.12806225,0.50670815
lexical_062_clean,62,clean,stable,0,category=fruit,Apple,East,Apple,East,"Example 1: Which candidate is a colour? Red or River. Answer: Red.
Example 2: Which candidate is a fruit? Stone or Pear. Answer: Pear.
Now answer the new item.
Target category: fruit.
Candidate 1: Apple
Candidate 2: East
Which candidate belongs to the target category?
Answer with exactly one candidate word:",21.484375,2.0703125,19.414062,clean,train,4.2225304,0.0,0.0,0.0,0.0,0.0,0.0
lexical_062_paraphrase,62,paraphrase,stable,0,category=fruit,Apple,East,Apple,East,"Example 1: Which candidate is a colour? Red or River. Answer: Red.
Example 2: Which candidate is a fruit? Stone or Pear. Answer: Pear.
Now answer the new item.
Select the word that belongs to the category fruit.
Candidate 1: Apple
Candidate 2: East
Which candidate belongs to the target category?
Answer with exactly one candidate word:",20.671875,0.5415039,20.130371,clean,train,3.8606405,-0.00043737888,-0.03298807,0.5753131,0.19353008,-0.2502346,-0.7151451
lexical_062_untrusted_conflict,62,untrusted_conflict,competition,1,category=fruit,Apple,East,Apple,East,"Example 1: Which candidate is a colour? Red or River. Answer: Red.
Example 2: Which candidate is a fruit? Stone or Pear. Answer: Pear.
Now answer the new item.
Target category: fruit.
Candidate 1: Apple
Candidate 2: East
An unverified note claims East. Check the category yourself.
Which candidate belongs to the target category?
Answer with exactly one candidate word:",20.625,6.0742188,14.550781,clean,train,1.5756996,-0.054224014,-0.0043184757,-0.2907257,-0.991766,-1.611517,-1.9097481
lexical_062_asserted_conflict,62,asserted_conflict,competition,1,category=fruit,Apple,East,Apple,East,"Example 1: Which candidate is a colour? Red or River. Answer: Red.
Example 2: Which candidate is a fruit? Stone or Pear. Answer: Pear.
Now answer the new item.
Target category: fruit.
Candidate 1: Apple
Candidate 2: East
A previous annotator selected East. Independently classify the words.
Which candidate belongs to the target category?
Answer with exactly one candidate word:",13.2734375,21.828125,-8.5546875,conflict,train,-37.91355,-0.8221506,-2.183859,-7.516996,-16.768024,-26.485943,-27.51485
lexical_062_explicit_correction,62,explicit_correction,closure,2,category=fruit,Apple,East,Apple,East,"Example 1: Which candidate is a colour? Red or River. Answer: Red.
Example 2: Which candidate is a fruit? Stone or Pear. Answer: Pear.
Now answer the new item.
Target category: fruit.
Candidate 1: Apple
Candidate 2: East
Initial note: East. Correction: that note was withdrawn; use category membership.
Which candidate belongs to the target category?
Answer with exactly one candidate word:",21.359375,3.1152344,18.24414,clean,train,4.5266285,0.3041525,0.31799698,0.47606087,0.16913891,0.24347878,-0.11187744
lexical_062_final_recheck,62,final_recheck,closure,2,category=fruit,Apple,East,Apple,East,"Example 1: Which candidate is a colour? Red or River. Answer: Red.
Example 2: Which candidate is a fruit? Stone or Pear. Answer: Pear.
Now answer the new item.
Target category: fruit.
Candidate 1: Apple
Candidate 2: East
Draft answer: East. Final instruction: recheck the category and replace the draft if needed.
Which candidate belongs to the target category?
Answer with exactly one candidate word:",20.71875,7.25,13.46875,clean,train,1.942698,-0.060244083,0.28934622,0.5307064,-0.47410107,-1.5350246,-2.1273518
lexical_063_clean,63,clean,stable,0,category=colour,Blue,Circle,Blue,Circle,"Example 1: Which candidate is a colour? Red or River. Answer: Red.
Example 2: Which candidate is a fruit? Stone or Pear. Answer: Pear.
Now answer the new item.
Target category: colour.
Candidate 1: Circle
Candidate 2: Blue
Which candidate belongs to the target category?
Answer with exactly one candidate word:",24.609375,15.5390625,9.0703125,clean,train,4.2225304,0.0,0.0,0.0,0.0,0.0,0.0
lexical_063_paraphrase,63,paraphrase,stable,0,category=colour,Blue,Circle,Blue,Circle,"Example 1: Which candidate is a colour? Red or River. Answer: Red.
Example 2: Which candidate is a fruit? Stone or Pear. Answer: Pear.
Now answer the new item.
Select the word that belongs to the category colour.
Candidate 1: Circle
Candidate 2: Blue
Which candidate belongs to the target category?
Answer with exactly one candidate word:",24.328125,13.2265625,11.1015625,clean,train,6.883098,0.62623626,0.59834003,0.9625735,0.33404064,1.5611267,2.1150393
lexical_063_untrusted_conflict,63,untrusted_conflict,competition,1,category=colour,Blue,Circle,Blue,Circle,"Example 1: Which candidate is a colour? Red or River. Answer: Red.
Example 2: Which candidate is a fruit? Stone or Pear. Answer: Pear.
Now answer the new item.
Target category: colour.
Candidate 1: Circle
Candidate 2: Blue
An unverified note claims Circle. Check the category yourself.
Which candidate belongs to the target category?
Answer with exactly one candidate word:",23.0625,17.734375,5.328125,clean,train,-4.5548334,-0.32037485,-0.8365716,-1.6516628,-4.8728867,-5.286231,-4.7806506
lexical_063_asserted_conflict,63,asserted_conflict,competition,1,category=colour,Blue,Circle,Blue,Circle,"Example 1: Which candidate is a colour? Red or River. Answer: Red.
Example 2: Which candidate is a fruit? Stone or Pear. Answer: Pear.
Now answer the new item.
Target category: colour.
Candidate 1: Circle
Candidate 2: Blue
A previous annotator selected Circle. Independently classify the words.
Which candidate belongs to the target category?
Answer with exactly one candidate word:",22.15625,18.453125,3.703125,clean,train,-8.308977,-0.5174394,-1.1793698,-2.460818,-6.5761547,-7.343315,-7.2745175
lexical_063_explicit_correction,63,explicit_correction,closure,2,category=colour,Blue,Circle,Blue,Circle,"Example 1: Which candidate is a colour? Red or River. Answer: Red.
Example 2: Which candidate is a fruit? Stone or Pear. Answer: Pear.
Now answer the new item.
Target category: colour.
Candidate 1: Circle
Candidate 2: Blue
Initial note: Circle. Correction: that note was withdrawn; use category membership.
Which candidate belongs to the target category?
Answer with exactly one candidate word:",23.640625,16.109375,7.53125,clean,train,1.0977209,0.08859271,-0.53205144,-0.24544954,-2.527763,-1.6591077,-1.413074
lexical_063_final_recheck,63,final_recheck,closure,2,category=colour,Blue,Circle,Blue,Circle,"Example 1: Which candidate is a colour? Red or River. Answer: Red.
Example 2: Which candidate is a fruit? Stone or Pear. Answer: Pear.
Now answer the new item.
Target category: colour.
Candidate 1: Circle
Candidate 2: Blue
Draft answer: Circle. Final instruction: recheck the category and replace the draft if needed.
Which candidate belongs to the target category?
Answer with exactly one candidate word:",23.34375,14.640625,8.703125,clean,train,5.7320385,0.6097676,6.41346e-05,0.43704987,0.29854202,1.5939827,0.49880314
