prompt_index,cross_half_identity_advantage,quarter_identity_advantage,cross_half_self_cosine,lag1_cosine,lag2_cosine,task,model,init_seed
0,-0.0732898861169815,-0.03637630492448807,-0.25210103392601013,-0.0285631250590086,-0.02750287763774395,lexical_category,qwen,1801
1,-0.07148317992687225,-0.04225995019078255,-0.2306007295846939,-0.03118571825325489,-0.024756701663136482,lexical_category,qwen,1801
2,-0.09284619987010956,-0.015936553478240967,-0.2502129375934601,-0.02569483034312725,-0.02116766758263111,lexical_category,qwen,1801
3,-0.0788489580154419,-0.015393681824207306,-0.23951463401317596,-0.02643432468175888,-0.02442808821797371,lexical_category,qwen,1801
4,-0.09965355694293976,0.013204436749219894,-0.2555297017097473,-0.023928413167595863,-0.020405812188982964,lexical_category,qwen,1801
5,-0.09395430982112885,-0.019401628524065018,-0.23433765769004822,-0.0298863984644413,-0.01927768439054489,lexical_category,qwen,1801
6,-0.078652024269104,-0.04461973160505295,-0.2580822706222534,-0.030195418745279312,-0.027773279696702957,lexical_category,qwen,1801
7,-0.0688406229019165,-0.04418930411338806,-0.22746531665325165,-0.02956811524927616,-0.025102052837610245,lexical_category,qwen,1801
8,-0.10186663269996643,-0.036406971514225006,-0.25890445709228516,-0.026340894401073456,-0.0267186276614666,lexical_category,qwen,1801
9,-0.06821562349796295,-0.03297907114028931,-0.23092016577720642,-0.02584690786898136,-0.026359209790825844,lexical_category,qwen,1801
10,-0.09477221965789795,0.010926999151706696,-0.2582870125770569,-0.026514198631048203,-0.021164773032069206,lexical_category,qwen,1801
11,-0.09455402195453644,-0.013716887682676315,-0.24083206057548523,-0.028513768687844276,-0.019423555582761765,lexical_category,qwen,1801
12,-0.08204834163188934,-0.036680810153484344,-0.2693227529525757,-0.02505834959447384,-0.03186354413628578,lexical_category,qwen,1801
13,-0.09645065665245056,-0.055672600865364075,-0.25280970335006714,-0.027015898376703262,-0.026778681203722954,lexical_category,qwen,1801
14,-0.09049934148788452,-0.026425868272781372,-0.24729329347610474,-0.021604152396321297,-0.023494135588407516,lexical_category,qwen,1801
15,-0.05821967124938965,0.0031762011349201202,-0.2302287518978119,-0.029834311455488205,-0.025463921949267387,lexical_category,qwen,1801
16,-0.07820636034011841,0.000946536660194397,-0.26235657930374146,-0.025319542735815048,-0.020520396530628204,lexical_category,qwen,1801
17,-0.1072285920381546,-0.013323675841093063,-0.2623361647129059,-0.03233785182237625,-0.022111432626843452,lexical_category,qwen,1801
18,-0.0871036946773529,-0.013593807816505432,-0.26306575536727905,-0.028908133506774902,-0.028657536953687668,lexical_category,qwen,1801
19,-0.07991538941860199,-0.03319752588868141,-0.24620826542377472,-0.024048009887337685,-0.02725319191813469,lexical_category,qwen,1801
20,-0.10571213066577911,-0.014879770576953888,-0.2601087689399719,-0.027583332732319832,-0.02453172206878662,lexical_category,qwen,1801
21,-0.0587598979473114,0.005133964121341705,-0.22688153386116028,-0.032771240919828415,-0.019947201013565063,lexical_category,qwen,1801
22,-0.08147397637367249,0.02166915498673916,-0.2531062364578247,-0.032068248838186264,-0.016396524384617805,lexical_category,qwen,1801
23,-0.1189512312412262,-0.01951006054878235,-0.26366907358169556,-0.03227076679468155,-0.022702226415276527,lexical_category,qwen,1801
24,-0.08039793372154236,-0.03093181550502777,-0.26138365268707275,-0.03249908983707428,-0.03566616401076317,lexical_category,qwen,1801
25,-0.08537666499614716,-0.03576105460524559,-0.2390432357788086,-0.029507342725992203,-0.028223274275660515,lexical_category,qwen,1801
26,-0.08708152174949646,-0.01571296900510788,-0.2436193823814392,-0.024779120460152626,-0.02893594279885292,lexical_category,qwen,1801
27,-0.08211036026477814,-0.030063532292842865,-0.2471313774585724,-0.028195399791002274,-0.025191552937030792,lexical_category,qwen,1801
28,-0.09115496277809143,-0.007726680487394333,-0.26023542881011963,-0.02321094274520874,-0.02115919440984726,lexical_category,qwen,1801
29,-0.1054280698299408,-0.025380488485097885,-0.2629258632659912,-0.029940184205770493,-0.02364121377468109,lexical_category,qwen,1801
30,-0.0784873515367508,-0.037139102816581726,-0.2580927610397339,-0.028038283810019493,-0.03011135384440422,lexical_category,qwen,1801
31,-0.08755941689014435,-0.04487311467528343,-0.241286039352417,-0.028553668409585953,-0.02681110054254532,lexical_category,qwen,1801
32,-0.09645277261734009,-0.006415970623493195,-0.25537800788879395,-0.024931607767939568,-0.026851484552025795,lexical_category,qwen,1801
33,-0.0715583860874176,-0.007512617856264114,-0.22909878194332123,-0.027716265991330147,-0.02313137985765934,lexical_category,qwen,1801
34,-0.09743104875087738,0.0029017776250839233,-0.2652142643928528,-0.029858771711587906,-0.018298253417015076,lexical_category,qwen,1801
35,-0.09422679245471954,0.018459104001522064,-0.23874323070049286,-0.032075636088848114,-0.022791970521211624,lexical_category,qwen,1801
36,-0.09056086838245392,-0.040791530162096024,-0.2635883092880249,-0.02380317822098732,-0.03131864592432976,lexical_category,qwen,1801
37,-0.0968472957611084,-0.032859932631254196,-0.24277885258197784,-0.02596653439104557,-0.028311438858509064,lexical_category,qwen,1801
38,-0.09078386425971985,-0.02633318305015564,-0.2474760115146637,-0.020471863448619843,-0.026902571320533752,lexical_category,qwen,1801
39,-0.066992849111557,-0.025127772241830826,-0.23376807570457458,-0.023037102073431015,-0.025127051398158073,lexical_category,qwen,1801
40,-0.0863683819770813,0.008584022521972656,-0.25571760535240173,-0.024756619706749916,-0.02310801111161709,lexical_category,qwen,1801
41,-0.10313494503498077,-0.023954033851623535,-0.24977345764636993,-0.026525596156716347,-0.022182004526257515,lexical_category,qwen,1801
42,-0.0712079405784607,-0.05507202446460724,-0.25443774461746216,-0.024305719882249832,-0.02841683104634285,lexical_category,qwen,1801
43,-0.07907463610172272,-0.03507271781563759,-0.23815035820007324,-0.027703437954187393,-0.025444108992815018,lexical_category,qwen,1801
44,-0.08413293957710266,-0.023865345865488052,-0.24962246417999268,-0.020813962444663048,-0.021828792989253998,lexical_category,qwen,1801
45,-0.06290000677108765,-0.018134351819753647,-0.23857420682907104,-0.025622013956308365,-0.02496965229511261,lexical_category,qwen,1801
46,-0.0900525450706482,0.013759633526206017,-0.26061511039733887,-0.025101054459810257,-0.015780113637447357,lexical_category,qwen,1801
47,-0.09766572713851929,-0.025079715996980667,-0.24784013628959656,-0.0334017276763916,-0.021058805286884308,lexical_category,qwen,1801
48,-0.08948482573032379,-0.042930200695991516,-0.26627400517463684,-0.026685228571295738,-0.028967706486582756,lexical_category,qwen,1801
49,-0.08004054427146912,-0.04963422566652298,-0.24129390716552734,-0.02885221131145954,-0.02580348215997219,lexical_category,qwen,1801
50,-0.11343121528625488,-0.04315144941210747,-0.26188895106315613,-0.022194353863596916,-0.018322598189115524,lexical_category,qwen,1801
51,-0.06999291479587555,-0.024134162813425064,-0.23038460314273834,-0.026985319331288338,-0.02164192497730255,lexical_category,qwen,1801
52,-0.09883545339107513,-0.041046686470508575,-0.2545197606086731,-0.029447564855217934,-0.022147193551063538,lexical_category,qwen,1801
53,-0.11347343027591705,-0.02959083765745163,-0.2665034234523773,-0.030563388019800186,-0.01805303432047367,lexical_category,qwen,1801
54,-0.07240989804267883,-0.031469620764255524,-0.2572134733200073,-0.030038634315133095,-0.02696567215025425,lexical_category,qwen,1801
55,-0.09284649789333344,-0.057981569319963455,-0.25690340995788574,-0.02868480794131756,-0.023959025740623474,lexical_category,qwen,1801
56,-0.09255684912204742,-0.02610078454017639,-0.24272193014621735,-0.0254594087600708,-0.027885718271136284,lexical_category,qwen,1801
57,-0.06184409558773041,-0.023814652115106583,-0.22275638580322266,-0.027742493897676468,-0.023302871733903885,lexical_category,qwen,1801
58,-0.08676818013191223,-0.00784071534872055,-0.25764697790145874,-0.029753999784588814,-0.019836291670799255,lexical_category,qwen,1801
59,-0.10692541301250458,-0.027169108390808105,-0.2586803734302521,-0.03130341321229935,-0.0171182993799448,lexical_category,qwen,1801
60,-0.07394081354141235,-0.02881786972284317,-0.24548694491386414,-0.0271234679967165,-0.02764984779059887,lexical_category,qwen,1801
61,-0.07940502464771271,-0.017346695065498352,-0.23839814960956573,-0.021642187610268593,-0.030172206461429596,lexical_category,qwen,1801
62,-0.09907124936580658,-0.01778125762939453,-0.24149024486541748,-0.032045405358076096,-0.02215682901442051,lexical_category,qwen,1801
63,-0.08788782358169556,-0.01582980901002884,-0.2341473251581192,-0.026494959369301796,-0.020792217925190926,lexical_category,qwen,1801
64,-0.08387291431427002,-0.02756858989596367,-0.23383012413978577,-0.03028860315680504,-0.01590823382139206,lexical_category,qwen,1801
65,-0.10891057550907135,-0.012391787022352219,-0.24276778101921082,-0.03341158106923103,-0.024260735139250755,lexical_category,qwen,1801
66,-0.09196449816226959,-0.03631346672773361,-0.2717846632003784,-0.029557067900896072,-0.030740097165107727,lexical_category,qwen,1801
67,-0.09179490804672241,-0.02774667739868164,-0.23906110227108002,-0.028260748833417892,-0.024913610890507698,lexical_category,qwen,1801
68,-0.10149376094341278,-0.028045080602169037,-0.2526426613330841,-0.0285646989941597,-0.020954236388206482,lexical_category,qwen,1801
69,-0.08179238438606262,-0.008383192121982574,-0.2485402524471283,-0.026962127536535263,-0.022330420091748238,lexical_category,qwen,1801
70,-0.08649423718452454,-0.018110573291778564,-0.25470325350761414,-0.02435385435819626,-0.016365546733140945,lexical_category,qwen,1801
71,-0.104680135846138,-0.013498079031705856,-0.25317758321762085,-0.028577275574207306,-0.019101576879620552,lexical_category,qwen,1801
72,-0.05735301971435547,-0.020101018249988556,-0.23641254007816315,-0.027112580835819244,-0.029233330860733986,lexical_category,qwen,1801
73,-0.08843617141246796,-0.03935522958636284,-0.24421417713165283,-0.028535233810544014,-0.025345932692289352,lexical_category,qwen,1801
74,-0.08374075591564178,-0.01194833219051361,-0.24071577191352844,-0.021470751613378525,-0.02665255218744278,lexical_category,qwen,1801
75,-0.05294014513492584,-0.00803714245557785,-0.2171381115913391,-0.023216290399432182,-0.022504812106490135,lexical_category,qwen,1801
76,-0.08037281036376953,-0.006184183061122894,-0.24517153203487396,-0.03224857896566391,-0.018300872296094894,lexical_category,qwen,1801
77,-0.10040456056594849,-0.02389443665742874,-0.24032443761825562,-0.031697336584329605,-0.026446165516972542,lexical_category,qwen,1801
78,-0.08570548892021179,-0.03086305782198906,-0.2583637833595276,-0.02463541552424431,-0.031897611916065216,lexical_category,qwen,1801
79,-0.08084557950496674,-0.02054017037153244,-0.23263636231422424,-0.0270400233566761,-0.028364375233650208,lexical_category,qwen,1801
80,-0.09381885826587677,-0.02786615863442421,-0.2583581209182739,-0.021355770528316498,-0.025804851204156876,lexical_category,qwen,1801
81,-0.06503349542617798,-0.019607119262218475,-0.23198442161083221,-0.03146708384156227,-0.025442151352763176,lexical_category,qwen,1801
82,-0.08632786571979523,0.0010118894279003143,-0.24998506903648376,-0.026246000081300735,-0.021520046517252922,lexical_category,qwen,1801
83,-0.11702410876750946,-0.026347976177930832,-0.24222858250141144,-0.028886983171105385,-0.02288801036775112,lexical_category,qwen,1801
84,-0.08407114446163177,-0.041183553636074066,-0.26099893450737,-0.03028211183845997,-0.026295071467757225,lexical_category,qwen,1801
85,-0.07216480374336243,-0.04950292035937309,-0.2307165414094925,-0.028067048639059067,-0.025953080505132675,lexical_category,qwen,1801
86,-0.10156424343585968,-0.021602381020784378,-0.2553713619709015,-0.021720318123698235,-0.022264353930950165,lexical_category,qwen,1801
87,-0.0642460435628891,-0.031041059643030167,-0.22292330861091614,-0.02892158180475235,-0.017839686945080757,lexical_category,qwen,1801
88,-0.09658370912075043,-0.0032587312161922455,-0.2584386169910431,-0.028101006522774696,-0.019947459921240807,lexical_category,qwen,1801
89,-0.10641855001449585,-0.024755675345659256,-0.2515887916088104,-0.03182858228683472,-0.021190671250224113,lexical_category,qwen,1801
90,-0.08660845458507538,-0.0495159849524498,-0.2627396285533905,-0.02575666643679142,-0.031002528965473175,lexical_category,qwen,1801
91,-0.07426483929157257,-0.02792435884475708,-0.23716160655021667,-0.026351405307650566,-0.02698403410613537,lexical_category,qwen,1801
92,-0.10326118767261505,-0.032762836664915085,-0.2631628215312958,-0.0278402641415596,-0.02589324302971363,lexical_category,qwen,1801
93,-0.07815337181091309,-0.025249525904655457,-0.2528380751609802,-0.030315347015857697,-0.023280808702111244,lexical_category,qwen,1801
94,-0.08891941606998444,-0.015128262341022491,-0.2561042308807373,-0.031258050352334976,-0.017535807564854622,lexical_category,qwen,1801
95,-0.10522089898586273,-0.04452260211110115,-0.2539139986038208,-0.028097275644540787,-0.019651005044579506,lexical_category,qwen,1801
0,-0.023761704564094543,-0.012334533035755157,-0.25193625688552856,-0.03287108615040779,-0.03304296359419823,arithmetic_addition,qwen,1801
1,-0.029691174626350403,-0.015856124460697174,-0.2389019876718521,-0.0332174152135849,-0.02743610367178917,arithmetic_addition,qwen,1801
2,-0.04941219091415405,-0.023246459662914276,-0.2625066041946411,-0.03283577412366867,-0.02689923532307148,arithmetic_addition,qwen,1801
3,-0.03197786211967468,-0.023952797055244446,-0.25323620438575745,-0.03639660030603409,-0.02802148088812828,arithmetic_addition,qwen,1801
4,-0.05050791800022125,-0.01574273407459259,-0.2615918219089508,-0.03505050390958786,-0.03049563802778721,arithmetic_addition,qwen,1801
5,-0.06066414713859558,-0.02815946191549301,-0.2676774859428406,-0.03280959278345108,-0.03306242451071739,arithmetic_addition,qwen,1801
6,-0.021247461438179016,-0.011984512209892273,-0.251273512840271,-0.0338851734995842,-0.031684521585702896,arithmetic_addition,qwen,1801
7,-0.026962503790855408,-0.009569868445396423,-0.23588833212852478,-0.03287975862622261,-0.027449632063508034,arithmetic_addition,qwen,1801
8,-0.04466567933559418,-0.012738533318042755,-0.25696703791618347,-0.033724479377269745,-0.025231312960386276,arithmetic_addition,qwen,1801
9,-0.027307569980621338,-0.01518791913986206,-0.2415057271718979,-0.036172136664390564,-0.028848793357610703,arithmetic_addition,qwen,1801
10,-0.040700122714042664,-0.008007533848285675,-0.2560378909111023,-0.033334631472826004,-0.02950992062687874,arithmetic_addition,qwen,1801
11,-0.04838329553604126,-0.019990980625152588,-0.25695931911468506,-0.03166121989488602,-0.03139609470963478,arithmetic_addition,qwen,1801
12,-0.02260613441467285,-0.0118330717086792,-0.25441139936447144,-0.028013374656438828,-0.03379840403795242,arithmetic_addition,qwen,1801
13,-0.02624848484992981,-0.004815220832824707,-0.246962770819664,-0.029468804597854614,-0.028413109481334686,arithmetic_addition,qwen,1801
14,-0.043356746435165405,-0.013162471354007721,-0.26357701420783997,-0.030978363007307053,-0.029907383024692535,arithmetic_addition,qwen,1801
15,-0.0461089164018631,-0.008460022509098053,-0.2751918435096741,-0.030752841383218765,-0.028686024248600006,arithmetic_addition,qwen,1801
16,-0.04391297698020935,-0.011423707008361816,-0.263133704662323,-0.03041275031864643,-0.03159300982952118,arithmetic_addition,qwen,1801
17,-0.05474993586540222,-0.01084282249212265,-0.27044886350631714,-0.02824210375547409,-0.03259832412004471,arithmetic_addition,qwen,1801
18,-0.02163781225681305,-0.014450669288635254,-0.2500777840614319,-0.030267324298620224,-0.029040463268756866,arithmetic_addition,qwen,1801
19,-0.01969325542449951,-0.012435846030712128,-0.23394103348255157,-0.034363023936748505,-0.024323925375938416,arithmetic_addition,qwen,1801
20,-0.05154690146446228,-0.019000515341758728,-0.2574578523635864,-0.0343901552259922,-0.02398613840341568,arithmetic_addition,qwen,1801
21,-0.03680431842803955,-0.016574591398239136,-0.2615642547607422,-0.0357138067483902,-0.02506829984486103,arithmetic_addition,qwen,1801
22,-0.05390143394470215,-0.021823354065418243,-0.25953879952430725,-0.03519773483276367,-0.029194913804531097,arithmetic_addition,qwen,1801
23,-0.062475189566612244,-0.02043575793504715,-0.2651836574077606,-0.03157946094870567,-0.03162368759512901,arithmetic_addition,qwen,1801
24,-0.026779457926750183,-0.007854528725147247,-0.2565271854400635,-0.02994963340461254,-0.035363465547561646,arithmetic_addition,qwen,1801
25,-0.02746225893497467,-0.003085315227508545,-0.2479197382926941,-0.032966215163469315,-0.029994267970323563,arithmetic_addition,qwen,1801
26,-0.049303218722343445,-0.011666379868984222,-0.25406453013420105,-0.0299662034958601,-0.029505373910069466,arithmetic_addition,qwen,1801
27,-0.058234378695487976,-0.003259100019931793,-0.27812647819519043,-0.0317663848400116,-0.032772526144981384,arithmetic_addition,qwen,1801
28,-0.058739811182022095,-0.007682614028453827,-0.2634654939174652,-0.03286004438996315,-0.03306204825639725,arithmetic_addition,qwen,1801
29,-0.0651489645242691,-0.013850189745426178,-0.2653718590736389,-0.02974621392786503,-0.03493732586503029,arithmetic_addition,qwen,1801
30,-0.02666918933391571,-0.014022007584571838,-0.25433558225631714,-0.029558928683400154,-0.030214661732316017,arithmetic_addition,qwen,1801
31,-0.02903328835964203,-0.02426190674304962,-0.24077564477920532,-0.03158937394618988,-0.027492675930261612,arithmetic_addition,qwen,1801
32,-0.04841300845146179,-0.018004707992076874,-0.2574270963668823,-0.02885333076119423,-0.024089183658361435,arithmetic_addition,qwen,1801
33,-0.042085468769073486,-0.018354475498199463,-0.2632645070552826,-0.03248622268438339,-0.024329565465450287,arithmetic_addition,qwen,1801
34,-0.05607067048549652,-0.018342778086662292,-0.26414304971694946,-0.029160935431718826,-0.028077382594347,arithmetic_addition,qwen,1801
35,-0.052372127771377563,-0.018048740923404694,-0.26934754848480225,-0.026957502588629723,-0.03126680478453636,arithmetic_addition,qwen,1801
36,-0.027824565768241882,-0.0017838254570960999,-0.25191113352775574,-0.026931744068861008,-0.03097519837319851,arithmetic_addition,qwen,1801
37,-0.025327742099761963,0.003894701600074768,-0.23423075675964355,-0.03239552304148674,-0.024590887129306793,arithmetic_addition,qwen,1801
38,-0.052955299615859985,-0.014843575656414032,-0.2512352168560028,-0.030795376747846603,-0.0253986194729805,arithmetic_addition,qwen,1801
39,-0.043197304010391235,0.006289839744567871,-0.2570200562477112,-0.03098679892718792,-0.02914794720709324,arithmetic_addition,qwen,1801
40,-0.06341175734996796,-0.009293198585510254,-0.26288384199142456,-0.03369511291384697,-0.03034677729010582,arithmetic_addition,qwen,1801
41,-0.05934266746044159,-0.015049740672111511,-0.26281869411468506,-0.028014805167913437,-0.03220738470554352,arithmetic_addition,qwen,1801
42,-0.018340036273002625,-0.00505722314119339,-0.24412773549556732,-0.027392514050006866,-0.033960916101932526,arithmetic_addition,qwen,1801
43,-0.02022145688533783,0.00019147992134094238,-0.23330430686473846,-0.03069733828306198,-0.026123538613319397,arithmetic_addition,qwen,1801
44,-0.04134848713874817,-0.01620958000421524,-0.2500728964805603,-0.031368955969810486,-0.026520024985074997,arithmetic_addition,qwen,1801
45,-0.041689783334732056,-0.005628220736980438,-0.25794821977615356,-0.030385753139853477,-0.02955661527812481,arithmetic_addition,qwen,1801
46,-0.04953068494796753,-0.015949465334415436,-0.25671878457069397,-0.03158513084053993,-0.030726823955774307,arithmetic_addition,qwen,1801
47,-0.0509541779756546,-0.0014545023441314697,-0.26125168800354004,-0.027127262204885483,-0.03359529376029968,arithmetic_addition,qwen,1801
48,-0.022038936614990234,-0.011856429278850555,-0.24871672689914703,-0.03128376603126526,-0.030553782358765602,arithmetic_addition,qwen,1801
49,-0.024862661957740784,-0.012561514973640442,-0.24247057735919952,-0.034355178475379944,-0.026197783648967743,arithmetic_addition,qwen,1801
50,-0.044066354632377625,-0.015213489532470703,-0.2562887668609619,-0.03315257653594017,-0.023086771368980408,arithmetic_addition,qwen,1801
51,-0.03503972291946411,-0.013857774436473846,-0.25655317306518555,-0.034565623849630356,-0.026290273293852806,arithmetic_addition,qwen,1801
52,-0.04703281819820404,-0.016398459672927856,-0.2540341913700104,-0.035836972296237946,-0.027924688532948494,arithmetic_addition,qwen,1801
53,-0.053308382630348206,-0.015042319893836975,-0.2631528377532959,-0.03228684887290001,-0.03120747022330761,arithmetic_addition,qwen,1801
54,-0.02314533293247223,-0.012566007673740387,-0.24782471358776093,-0.03277910500764847,-0.029086805880069733,arithmetic_addition,qwen,1801
55,-0.027674689888954163,-0.01093071699142456,-0.23362916707992554,-0.03012014552950859,-0.027339516207575798,arithmetic_addition,qwen,1801
56,-0.03893980383872986,-0.0035095661878585815,-0.24904008209705353,-0.03261052817106247,-0.025737030431628227,arithmetic_addition,qwen,1801
57,-0.03456832468509674,-0.01943722367286682,-0.244652658700943,-0.03394754230976105,-0.02979590930044651,arithmetic_addition,qwen,1801
58,-0.034620508551597595,-0.006453081965446472,-0.2494455724954605,-0.029908437281847,-0.030848756432533264,arithmetic_addition,qwen,1801
59,-0.03742776811122894,-0.010729126632213593,-0.25118958950042725,-0.0299672894179821,-0.030642248690128326,arithmetic_addition,qwen,1801
60,-0.022945448756217957,-0.003602266311645508,-0.24530161917209625,-0.029106901958584785,-0.031132139265537262,arithmetic_addition,qwen,1801
61,-0.026585504412651062,-0.005362220108509064,-0.2353440225124359,-0.03155547007918358,-0.025960588827729225,arithmetic_addition,qwen,1801
62,-0.04931400716304779,-0.015501588582992554,-0.2604109048843384,-0.029728488996624947,-0.023743921890854836,arithmetic_addition,qwen,1801
63,-0.047751933336257935,-0.009703226387500763,-0.2576833963394165,-0.030077943578362465,-0.02791440300643444,arithmetic_addition,qwen,1801
64,-0.0532827228307724,-0.020249545574188232,-0.2614133358001709,-0.03210686147212982,-0.026328682899475098,arithmetic_addition,qwen,1801
65,-0.05346323549747467,-0.007235348224639893,-0.2645457983016968,-0.026524020358920097,-0.03131327033042908,arithmetic_addition,qwen,1801
66,-0.02382434904575348,-0.013124674558639526,-0.2557767331600189,-0.030968721956014633,-0.028905363753437996,arithmetic_addition,qwen,1801
67,-0.027439147233963013,-0.006751939654350281,-0.24336615204811096,-0.03297186270356178,-0.025760255753993988,arithmetic_addition,qwen,1801
68,-0.04550996422767639,-0.009820438921451569,-0.25195908546447754,-0.034724753350019455,-0.025863202288746834,arithmetic_addition,qwen,1801
69,-0.04486791789531708,-0.010762982070446014,-0.2699730396270752,-0.03496865928173065,-0.02795197069644928,arithmetic_addition,qwen,1801
70,-0.04779095947742462,-0.016426637768745422,-0.2597758173942566,-0.033024780452251434,-0.030627761036157608,arithmetic_addition,qwen,1801
71,-0.058303266763687134,-0.015949398279190063,-0.2651973068714142,-0.030008845031261444,-0.0324232317507267,arithmetic_addition,qwen,1801
72,-0.025811120867729187,-0.005959905683994293,-0.2493373155593872,-0.03141253814101219,-0.03143836930394173,arithmetic_addition,qwen,1801
73,-0.02896171808242798,-0.006252467632293701,-0.2367134690284729,-0.03397317975759506,-0.027961621060967445,arithmetic_addition,qwen,1801
74,-0.04144063591957092,-0.01006946712732315,-0.2526014745235443,-0.030184533447027206,-0.024926451966166496,arithmetic_addition,qwen,1801
75,-0.050272658467292786,-0.006633736193180084,-0.26428866386413574,-0.03161754831671715,-0.027504049241542816,arithmetic_addition,qwen,1801
76,-0.053492531180381775,-0.023465849459171295,-0.261083722114563,-0.029587268829345703,-0.027204547077417374,arithmetic_addition,qwen,1801
77,-0.060195937752723694,-0.015655234456062317,-0.26880526542663574,-0.026345448568463326,-0.03286300227046013,arithmetic_addition,qwen,1801
78,-0.030001550912857056,-0.00521540641784668,-0.2536424398422241,-0.0318019762635231,-0.029064109548926353,arithmetic_addition,qwen,1801
79,-0.03213949501514435,-0.013619929552078247,-0.23721595108509064,-0.03265199437737465,-0.025919651612639427,arithmetic_addition,qwen,1801
80,-0.04314123094081879,-0.011164069175720215,-0.2529619634151459,-0.03208302706480026,-0.022764379158616066,arithmetic_addition,qwen,1801
81,-0.05132412910461426,-0.01783546805381775,-0.2624388337135315,-0.03420587629079819,-0.02497580461204052,arithmetic_addition,qwen,1801
82,-0.0569220632314682,-0.01782820373773575,-0.2630639672279358,-0.030954189598560333,-0.025581205263733864,arithmetic_addition,qwen,1801
83,-0.06287868320941925,-0.0065216198563575745,-0.2733282446861267,-0.027590926736593246,-0.030919183045625687,arithmetic_addition,qwen,1801
84,-0.025437042117118835,0.0003736913204193115,-0.24555829167366028,-0.031627021729946136,-0.03127460181713104,arithmetic_addition,qwen,1801
85,-0.0265846848487854,-0.0018560141324996948,-0.2327435314655304,-0.034228865057229996,-0.027201134711503983,arithmetic_addition,qwen,1801
86,-0.03668144345283508,-0.007002256810665131,-0.23995055258274078,-0.03255022317171097,-0.02276199497282505,arithmetic_addition,qwen,1801
87,-0.038389742374420166,0.004211530089378357,-0.25469255447387695,-0.03528624400496483,-0.02838129550218582,arithmetic_addition,qwen,1801
88,-0.04920312762260437,-0.013314232230186462,-0.25400310754776,-0.034129709005355835,-0.02696000039577484,arithmetic_addition,qwen,1801
89,-0.050999924540519714,-0.004089348018169403,-0.26038843393325806,-0.029560348019003868,-0.03310983628034592,arithmetic_addition,qwen,1801
90,-0.020588651299476624,-0.0016781240701675415,-0.24161678552627563,-0.028919817879796028,-0.03152594715356827,arithmetic_addition,qwen,1801
91,-0.023052573204040527,-0.00258076936006546,-0.22746822237968445,-0.03218812495470047,-0.027235649526119232,arithmetic_addition,qwen,1801
92,-0.04112783074378967,-0.01045215129852295,-0.2453446388244629,-0.03224010393023491,-0.026667295023798943,arithmetic_addition,qwen,1801
93,-0.046422913670539856,-0.01585034281015396,-0.25163254141807556,-0.03143811970949173,-0.02988874353468418,arithmetic_addition,qwen,1801
94,-0.04781274497509003,-0.015827693045139313,-0.2533804774284363,-0.03200366348028183,-0.029144762083888054,arithmetic_addition,qwen,1801
95,-0.04948577284812927,0.0026710331439971924,-0.2545463442802429,-0.027370048686861992,-0.03424440696835518,arithmetic_addition,qwen,1801
0,-0.22211527824401855,-0.08097859472036362,-0.2508559226989746,-0.03139473870396614,-0.02287992462515831,arc_challenge,qwen,1801
1,-0.19304092228412628,-0.04171453416347504,-0.21792033314704895,-0.03826923295855522,-0.027419276535511017,arc_challenge,qwen,1801
2,-0.2012270987033844,-0.0670509785413742,-0.22106245160102844,-0.03052416443824768,-0.0271696075797081,arc_challenge,qwen,1801
3,-0.21904975175857544,-0.07553049176931381,-0.2363012433052063,-0.03504891321063042,-0.029210176318883896,arc_challenge,qwen,1801
4,-0.22529077529907227,-0.06186696141958237,-0.24264390766620636,-0.021962881088256836,-0.032104674726724625,arc_challenge,qwen,1801
5,-0.1886976808309555,-0.04742653667926788,-0.21155071258544922,-0.03030008263885975,-0.02965659648180008,arc_challenge,qwen,1801
6,-0.2296309471130371,-0.06463031470775604,-0.2617550492286682,-0.03674071282148361,-0.023907596245408058,arc_challenge,qwen,1801
7,-0.2554178833961487,-0.07592740654945374,-0.2729651927947998,-0.030841205269098282,-0.02694849669933319,arc_challenge,qwen,1801
8,-0.21673980355262756,-0.061871640384197235,-0.2459467053413391,-0.03857211023569107,-0.03601287305355072,arc_challenge,qwen,1801
9,-0.1979072391986847,-0.06918486952781677,-0.23147790133953094,-0.0276523157954216,-0.03491983562707901,arc_challenge,qwen,1801
10,-0.17657671868801117,-0.03864017128944397,-0.20483523607254028,-0.02520841546356678,-0.02787497267127037,arc_challenge,qwen,1801
11,-0.2230496108531952,-0.0899733304977417,-0.2380368411540985,-0.03919978439807892,-0.02364363707602024,arc_challenge,qwen,1801
12,-0.1896243840456009,-0.04480937123298645,-0.21732893586158752,-0.02622377686202526,-0.031785041093826294,arc_challenge,qwen,1801
13,-0.19298595190048218,-0.038762595504522324,-0.21502795815467834,-0.029500968754291534,-0.025257792323827744,arc_challenge,qwen,1801
14,-0.23012246191501617,-0.03399326652288437,-0.26170867681503296,-0.029659470543265343,-0.026519207283854485,arc_challenge,qwen,1801
15,-0.21081340312957764,-0.09052663296461105,-0.24285957217216492,-0.03458850830793381,-0.02874472364783287,arc_challenge,qwen,1801
16,-0.18153485655784607,-0.070105642080307,-0.21177202463150024,-0.032054603099823,-0.0232827328145504,arc_challenge,qwen,1801
17,-0.21146416664123535,-0.05993158370256424,-0.25880762934684753,-0.03505542501807213,-0.02028658241033554,arc_challenge,qwen,1801
18,-0.20094728469848633,-0.0979960486292839,-0.22930490970611572,-0.02953791245818138,-0.02221282757818699,arc_challenge,qwen,1801
19,-0.20967751741409302,-0.10145848989486694,-0.24634844064712524,-0.03193319961428642,-0.029620211571455002,arc_challenge,qwen,1801
20,-0.16360238194465637,-0.05589482933282852,-0.19827108085155487,-0.026815157383680344,-0.022355524823069572,arc_challenge,qwen,1801
21,-0.20959314703941345,-0.06135134398937225,-0.25133460760116577,-0.03339720144867897,-0.018063699826598167,arc_challenge,qwen,1801
22,-0.2355090081691742,-0.055277153849601746,-0.2592005431652069,-0.03138493001461029,-0.01642756722867489,arc_challenge,qwen,1801
23,-0.22599418461322784,-0.1113070398569107,-0.26501786708831787,-0.031149903312325478,-0.02183929644525051,arc_challenge,qwen,1801
24,-0.20064236223697662,-0.08629507571458817,-0.2290041744709015,-0.031186597421765327,-0.024296676740050316,arc_challenge,qwen,1801
25,-0.19755059480667114,-0.013270355761051178,-0.22002506256103516,-0.028093239292502403,-0.006445349659770727,arc_challenge,qwen,1801
26,-0.21811699867248535,-0.07133477926254272,-0.25569820404052734,-0.026522837579250336,-0.024310937151312828,arc_challenge,qwen,1801
27,-0.235189288854599,-0.07879555225372314,-0.2562067210674286,-0.031003959476947784,-0.031704943627119064,arc_challenge,qwen,1801
28,-0.19139404594898224,-0.06145099550485611,-0.22966867685317993,-0.025479761883616447,-0.020649844780564308,arc_challenge,qwen,1801
29,-0.2240297794342041,-0.11131459474563599,-0.2568848729133606,-0.037260640412569046,-0.014714574441313744,arc_challenge,qwen,1801
30,-0.2209436297416687,-0.06341353058815002,-0.2567192316055298,-0.027005447074770927,-0.024138018488883972,arc_challenge,qwen,1801
31,-0.20913119614124298,-0.04826798290014267,-0.24089910089969635,-0.03440049663186073,-0.02735164202749729,arc_challenge,qwen,1801
32,-0.2386491596698761,-0.04442136734724045,-0.2677174210548401,-0.025189707055687904,-0.019712135195732117,arc_challenge,qwen,1801
33,-0.22771330177783966,-0.08444678783416748,-0.24097177386283875,-0.02774531953036785,-0.02379709668457508,arc_challenge,qwen,1801
34,-0.17651909589767456,-0.06950606405735016,-0.2197341024875641,-0.027492986992001534,-0.02939164824783802,arc_challenge,qwen,1801
35,-0.17641235888004303,-0.0687495619058609,-0.2238965928554535,-0.03387549892067909,-0.023045215755701065,arc_challenge,qwen,1801
36,-0.21459783613681793,-0.09754185378551483,-0.2299882173538208,-0.019462643191218376,-0.028337223455309868,arc_challenge,qwen,1801
37,-0.20732374489307404,-0.026651175692677498,-0.23234903812408447,-0.025974411517381668,-0.02527126483619213,arc_challenge,qwen,1801
38,-0.17648182809352875,-0.037194784730672836,-0.2016463726758957,-0.03064490109682083,-0.022076940163969994,arc_challenge,qwen,1801
39,-0.20487253367900848,-0.057723160833120346,-0.22890034317970276,-0.03345557302236557,-0.025038838386535645,arc_challenge,qwen,1801
40,-0.20211192965507507,-0.061775099486112595,-0.22293084859848022,-0.02765381708741188,-0.028269242495298386,arc_challenge,qwen,1801
41,-0.23011700809001923,-0.08769161999225616,-0.2687610387802124,-0.024487879127264023,-0.033032067120075226,arc_challenge,qwen,1801
42,-0.22680261731147766,-0.038487229496240616,-0.24778923392295837,-0.03395523503422737,-0.030877703800797462,arc_challenge,qwen,1801
43,-0.2169436514377594,-0.0766395777463913,-0.24592648446559906,-0.032117828726768494,-0.026381008327007294,arc_challenge,qwen,1801
44,-0.20891281962394714,-0.05071428418159485,-0.23294752836227417,-0.03331294283270836,-0.025172019377350807,arc_challenge,qwen,1801
45,-0.2083592414855957,-0.0677114874124527,-0.2485942542552948,-0.03208767995238304,-0.025255225598812103,arc_challenge,qwen,1801
46,-0.2115907520055771,-0.06560984998941422,-0.24687376618385315,-0.032983772456645966,-0.03077557310461998,arc_challenge,qwen,1801
47,-0.2371503859758377,-0.07630901038646698,-0.2557631731033325,-0.03201926499605179,-0.02164454013109207,arc_challenge,qwen,1801
48,-0.20396211743354797,-0.059179265052080154,-0.23892255127429962,-0.022602131590247154,-0.0268555898219347,arc_challenge,qwen,1801
49,-0.23001645505428314,-0.1461302936077118,-0.25125885009765625,-0.0273740291595459,-0.018034519627690315,arc_challenge,qwen,1801
50,-0.17136424779891968,-0.08001581579446793,-0.20367151498794556,-0.03293219953775406,-0.02665139175951481,arc_challenge,qwen,1801
51,-0.24498434364795685,-0.08497750759124756,-0.2731878459453583,-0.028958847746253014,-0.01925060898065567,arc_challenge,qwen,1801
52,-0.22904886305332184,-0.08096614480018616,-0.279069721698761,-0.030899662524461746,-0.027389630675315857,arc_challenge,qwen,1801
53,-0.18688903748989105,-0.06752828508615494,-0.2150525599718094,-0.0265970416367054,-0.025714263319969177,arc_challenge,qwen,1801
54,-0.2172233760356903,-0.08111394941806793,-0.2502804100513458,-0.03187525272369385,-0.027954725548624992,arc_challenge,qwen,1801
55,-0.1829417496919632,-0.07893097400665283,-0.219461590051651,-0.032912835478782654,-0.02056930772960186,arc_challenge,qwen,1801
56,-0.18503619730472565,-0.08681824803352356,-0.22622841596603394,-0.032490625977516174,-0.02139175869524479,arc_challenge,qwen,1801
57,-0.18892987072467804,-0.049265146255493164,-0.21384690701961517,-0.026264607906341553,-0.028521673753857613,arc_challenge,qwen,1801
58,-0.16078956425189972,-0.07044868171215057,-0.1947014182806015,-0.03621601685881615,-0.03004591539502144,arc_challenge,qwen,1801
59,-0.22581249475479126,-0.05914321914315224,-0.2607688009738922,-0.028286539018154144,-0.024725113064050674,arc_challenge,qwen,1801
60,-0.21260856091976166,-0.049632277339696884,-0.24255242943763733,-0.019840428605675697,-0.021113421767950058,arc_challenge,qwen,1801
61,-0.23384200036525726,-0.029766276478767395,-0.25147545337677,-0.02665311098098755,-0.026270920410752296,arc_challenge,qwen,1801
62,-0.2084604948759079,-0.06214646250009537,-0.23324227333068848,-0.027836373075842857,-0.029105359688401222,arc_challenge,qwen,1801
63,-0.2702951431274414,-0.06935331225395203,-0.28915935754776,-0.041647396981716156,-0.027299312874674797,arc_challenge,qwen,1801
64,-0.21617069840431213,-0.04887133091688156,-0.2515525817871094,-0.04029451310634613,-0.020295262336730957,arc_challenge,qwen,1801
65,-0.19500717520713806,-0.08344046026468277,-0.22832134366035461,-0.024377744644880295,-0.01992136426270008,arc_challenge,qwen,1801
66,-0.21364645659923553,-0.05699354037642479,-0.2479788213968277,-0.031855259090662,-0.02046309970319271,arc_challenge,qwen,1801
67,-0.18872208893299103,-0.051785267889499664,-0.2235068678855896,-0.033596400171518326,-0.027930917218327522,arc_challenge,qwen,1801
68,-0.21044903993606567,-0.08853817731142044,-0.2312299907207489,-0.02577582187950611,-0.021157722920179367,arc_challenge,qwen,1801
69,-0.22083522379398346,-0.046669818460941315,-0.23435190320014954,-0.030450042337179184,-0.028524434193968773,arc_challenge,qwen,1801
70,-0.20774544775485992,-0.08856771141290665,-0.2515868544578552,-0.02834646962583065,-0.020929109305143356,arc_challenge,qwen,1801
71,-0.22431938350200653,-0.03770411014556885,-0.23888590931892395,-0.03249562159180641,-0.03201718255877495,arc_challenge,qwen,1801
72,-0.22645412385463715,-0.12253056466579437,-0.2399754673242569,-0.02606314793229103,-0.021434808149933815,arc_challenge,qwen,1801
73,-0.20122018456459045,-0.0438501238822937,-0.24320721626281738,-0.03716978430747986,-0.028694376349449158,arc_challenge,qwen,1801
74,-0.25400519371032715,-0.0647517740726471,-0.283751517534256,-0.029387900605797768,-0.010928546078503132,arc_challenge,qwen,1801
75,-0.18526539206504822,-0.04253328591585159,-0.2013627141714096,-0.025527842342853546,-0.022703023627400398,arc_challenge,qwen,1801
76,-0.2110891044139862,-0.0917801484465599,-0.25219595432281494,-0.019918354228138924,-0.0201422069221735,arc_challenge,qwen,1801
77,-0.21340011060237885,-0.052313610911369324,-0.23199708759784698,-0.02477325312793255,-0.02100253291428089,arc_challenge,qwen,1801
78,-0.20962300896644592,-0.13015174865722656,-0.23411746323108673,-0.03602856025099754,-0.01652076654136181,arc_challenge,qwen,1801
79,-0.2325092852115631,-0.06851445138454437,-0.27313166856765747,-0.032716888934373856,-0.02370467409491539,arc_challenge,qwen,1801
80,-0.2280517816543579,-0.04848828911781311,-0.2586226463317871,-0.03006076067686081,-0.02822708897292614,arc_challenge,qwen,1801
81,-0.19776444137096405,-0.06754373759031296,-0.21680185198783875,-0.04023285210132599,-0.020574813708662987,arc_challenge,qwen,1801
82,-0.2872093915939331,-0.07296529412269592,-0.3022216558456421,-0.03909618407487869,-0.011819349601864815,arc_challenge,qwen,1801
83,-0.2132989764213562,-0.0922258123755455,-0.2353196144104004,-0.01972128264605999,-0.01974552683532238,arc_challenge,qwen,1801
84,-0.20567640662193298,-0.07852573692798615,-0.22806048393249512,-0.026541074737906456,-0.018841227516531944,arc_challenge,qwen,1801
85,-0.19396615028381348,-0.054943669587373734,-0.22555457055568695,-0.030154142528772354,-0.024011163040995598,arc_challenge,qwen,1801
86,-0.23317965865135193,-0.1059565618634224,-0.2445698082447052,-0.02386169321835041,-0.020609892904758453,arc_challenge,qwen,1801
87,-0.23893237113952637,-0.10475775599479675,-0.27804917097091675,-0.025855081155896187,-0.028497900813817978,arc_challenge,qwen,1801
88,-0.20585066080093384,-0.10247063636779785,-0.234452024102211,-0.027116622775793076,-0.032112810760736465,arc_challenge,qwen,1801
89,-0.23624856770038605,-0.05698266625404358,-0.2703193426132202,-0.03572666272521019,-0.024989936500787735,arc_challenge,qwen,1801
90,-0.22848819196224213,-0.08592042326927185,-0.24831163883209229,-0.03781059756875038,-0.014983146451413631,arc_challenge,qwen,1801
91,-0.1917605847120285,-0.07399500161409378,-0.22511863708496094,-0.02732847072184086,-0.033158790320158005,arc_challenge,qwen,1801
92,-0.21904629468917847,-0.07340344041585922,-0.2404296100139618,-0.02587701939046383,-0.018736284226179123,arc_challenge,qwen,1801
93,-0.22471222281455994,-0.10087977349758148,-0.2514219284057617,-0.036836691200733185,-0.026159245520830154,arc_challenge,qwen,1801
94,-0.22191892564296722,-0.098252072930336,-0.25018566846847534,-0.031206436455249786,-0.025224532932043076,arc_challenge,qwen,1801
95,-0.22323566675186157,-0.10079190135002136,-0.24183879792690277,-0.027630824595689774,-0.02744266577064991,arc_challenge,qwen,1801
0,-0.05654105544090271,0.025214754045009613,-0.24028518795967102,-0.02505619078874588,-0.02700597606599331,lexical_category,qwen,1802
1,-0.07401718199253082,0.00025363266468048096,-0.23227053880691528,-0.024876056239008904,-0.0230054073035717,lexical_category,qwen,1802
2,-0.06827336549758911,-0.004780136048793793,-0.24502916634082794,-0.02444232814013958,-0.03339464217424393,lexical_category,qwen,1802
3,-0.0785444974899292,-0.039332740008831024,-0.23247821629047394,-0.028848912566900253,-0.026870423927903175,lexical_category,qwen,1802
4,-0.0816897600889206,-0.01798078790307045,-0.22679808735847473,-0.027157912030816078,-0.02728000096976757,lexical_category,qwen,1802
5,-0.11007611453533173,-0.04567795991897583,-0.25550204515457153,-0.023597706109285355,-0.02579546719789505,lexical_category,qwen,1802
6,-0.06122907996177673,-0.010684873908758163,-0.2274748980998993,-0.025007357820868492,-0.020726103335618973,lexical_category,qwen,1802
7,-0.09854814410209656,-0.03065352514386177,-0.24317795038223267,-0.023722559213638306,-0.02311801351606846,lexical_category,qwen,1802
8,-0.08498729765415192,-0.05009172111749649,-0.2459888607263565,-0.026365067809820175,-0.025351695716381073,lexical_category,qwen,1802
9,-0.0916404128074646,-0.048392705619335175,-0.23457422852516174,-0.021897217258810997,-0.02692355588078499,lexical_category,qwen,1802
10,-0.08841495215892792,-0.04279470443725586,-0.2149173617362976,-0.029487909749150276,-0.02131938934326172,lexical_category,qwen,1802
11,-0.10351382195949554,-0.030390504747629166,-0.24352681636810303,-0.02155425027012825,-0.021922307088971138,lexical_category,qwen,1802
12,-0.06732097268104553,-0.006395481526851654,-0.2535185217857361,-0.027370167896151543,-0.02466452680528164,lexical_category,qwen,1802
13,-0.08112393319606781,-0.008628465235233307,-0.25177544355392456,-0.021157415583729744,-0.023020580410957336,lexical_category,qwen,1802
14,-0.07142525911331177,-0.03944188356399536,-0.2352192997932434,-0.03482783958315849,-0.027144458144903183,lexical_category,qwen,1802
15,-0.09446699917316437,-0.036406002938747406,-0.23955725133419037,-0.033856213092803955,-0.027514899149537086,lexical_category,qwen,1802
16,-0.08522292971611023,-8.717179298400879e-05,-0.23295338451862335,-0.028884658589959145,-0.0273902527987957,lexical_category,qwen,1802
17,-0.09970824420452118,-0.03803638368844986,-0.25043371319770813,-0.026028258726000786,-0.023155666887760162,lexical_category,qwen,1802
18,-0.06119067966938019,-0.00823618471622467,-0.2392844259738922,-0.025333162397146225,-0.02475089393556118,lexical_category,qwen,1802
19,-0.09340798854827881,-0.01336628943681717,-0.2560300827026367,-0.023772384971380234,-0.026191288605332375,lexical_category,qwen,1802
20,-0.06470957398414612,-0.03166067972779274,-0.23952080309391022,-0.028515849262475967,-0.025379028171300888,lexical_category,qwen,1802
21,-0.09311769902706146,-0.029693618416786194,-0.25156235694885254,-0.022991664707660675,-0.02073618583381176,lexical_category,qwen,1802
22,-0.06453223526477814,-0.005886536091566086,-0.20755000412464142,-0.033738281577825546,-0.024136114865541458,lexical_category,qwen,1802
23,-0.07677063345909119,-0.0252169668674469,-0.23184122145175934,-0.02543657086789608,-0.023677214980125427,lexical_category,qwen,1802
24,-0.05350641906261444,0.011264495551586151,-0.21605929732322693,-0.023597588762640953,-0.022652721032500267,lexical_category,qwen,1802
25,-0.08013826608657837,-0.0035802945494651794,-0.23301555216312408,-0.02513939142227173,-0.02249561995267868,lexical_category,qwen,1802
26,-0.0584559440612793,-0.012034192681312561,-0.2184268981218338,-0.028152285143733025,-0.02763243392109871,lexical_category,qwen,1802
27,-0.060952648520469666,-0.02132304012775421,-0.22042906284332275,-0.02249152399599552,-0.022239359095692635,lexical_category,qwen,1802
28,-0.07016175985336304,-0.020926356315612793,-0.21775822341442108,-0.02810041420161724,-0.021463237702846527,lexical_category,qwen,1802
29,-0.09149202704429626,-0.026911940425634384,-0.2353408932685852,-0.02477959170937538,-0.025288110598921776,lexical_category,qwen,1802
30,-0.06433820724487305,0.0020724497735500336,-0.23504430055618286,-0.026889141649007797,-0.025734256953001022,lexical_category,qwen,1802
31,-0.07490679621696472,-0.002517394721508026,-0.24181309342384338,-0.02449295111000538,-0.02185394987463951,lexical_category,qwen,1802
32,-0.06648768484592438,-0.018603816628456116,-0.22921422123908997,-0.028257152065634727,-0.03203761950135231,lexical_category,qwen,1802
33,-0.08646480739116669,-0.018012695014476776,-0.24086730182170868,-0.030373571440577507,-0.025889050215482712,lexical_category,qwen,1802
34,-0.08293245732784271,-0.017293255776166916,-0.2332242876291275,-0.025723334401845932,-0.0256404560059309,lexical_category,qwen,1802
35,-0.10264386236667633,-0.034953124821186066,-0.24953079223632812,-0.02240200899541378,-0.025289328768849373,lexical_category,qwen,1802
36,-0.06062878668308258,0.01649576425552368,-0.2519133687019348,-0.02156969904899597,-0.02188040502369404,lexical_category,qwen,1802
37,-0.08887933194637299,-0.00767015665769577,-0.25966161489486694,-0.023697270080447197,-0.01752069778740406,lexical_category,qwen,1802
38,-0.07866129279136658,-0.017983175814151764,-0.25284475088119507,-0.021446535363793373,-0.023067660629749298,lexical_category,qwen,1802
39,-0.09361167252063751,-0.03684333711862564,-0.2538957893848419,-0.025950657203793526,-0.020547563210129738,lexical_category,qwen,1802
40,-0.0776066929101944,0.02371854893863201,-0.23677006363868713,-0.024571992456912994,-0.022544782608747482,lexical_category,qwen,1802
41,-0.10228286683559418,-0.02139803022146225,-0.2462434619665146,-0.024166645482182503,-0.023172670975327492,lexical_category,qwen,1802
42,-0.07129453122615814,0.0004435628652572632,-0.25831660628318787,-0.025196878239512444,-0.026873799040913582,lexical_category,qwen,1802
43,-0.07631342113018036,-0.009811222553253174,-0.24067556858062744,-0.02209792472422123,-0.022914547473192215,lexical_category,qwen,1802
44,-0.09064111113548279,-0.03671809285879135,-0.253950297832489,-0.027645979076623917,-0.029766233637928963,lexical_category,qwen,1802
45,-0.07875348627567291,-0.028458498418331146,-0.23140749335289001,-0.026724539697170258,-0.026896392926573753,lexical_category,qwen,1802
46,-0.09570290148258209,-0.005555447190999985,-0.24869318306446075,-0.028002560138702393,-0.022272823378443718,lexical_category,qwen,1802
47,-0.10358476638793945,-0.035445213317871094,-0.2498759627342224,-0.026566732674837112,-0.022745968773961067,lexical_category,qwen,1802
48,-0.04757893085479736,-0.007114257663488388,-0.22316142916679382,-0.026661885902285576,-0.02733047492802143,lexical_category,qwen,1802
49,-0.08024534583091736,-0.018803976476192474,-0.23426997661590576,-0.023024655878543854,-0.02384723350405693,lexical_category,qwen,1802
50,-0.06660597026348114,-0.05134953185915947,-0.23231825232505798,-0.026949357241392136,-0.03129515051841736,lexical_category,qwen,1802
51,-0.08183227479457855,-0.061390362679958344,-0.24230259656906128,-0.027147788554430008,-0.02448207326233387,lexical_category,qwen,1802
52,-0.06869909167289734,-0.008914440870285034,-0.21537989377975464,-0.029004722833633423,-0.02456825226545334,lexical_category,qwen,1802
53,-0.10037240386009216,-0.05097012221813202,-0.24649806320667267,-0.021586613729596138,-0.023337094113230705,lexical_category,qwen,1802
54,-0.07479517161846161,-0.01330341026186943,-0.25096094608306885,-0.02267557568848133,-0.022600553929805756,lexical_category,qwen,1802
55,-0.08614298701286316,-0.03029607981443405,-0.24474656581878662,-0.023869089782238007,-0.02217726968228817,lexical_category,qwen,1802
56,-0.08549199998378754,-0.06237666308879852,-0.2559029757976532,-0.023806147277355194,-0.021644629538059235,lexical_category,qwen,1802
57,-0.08971242606639862,-0.05359514802694321,-0.2515959143638611,-0.023504771292209625,-0.022649114951491356,lexical_category,qwen,1802
58,-0.08391469717025757,-0.03644750639796257,-0.22141419351100922,-0.03022250346839428,-0.01639961637556553,lexical_category,qwen,1802
59,-0.10115493834018707,-0.02418401464819908,-0.24304276704788208,-0.024069590494036674,-0.025346729904413223,lexical_category,qwen,1802
60,-0.058813974261283875,0.0049122534692287445,-0.23292076587677002,-0.02504638023674488,-0.026819750666618347,lexical_category,qwen,1802
61,-0.09284159541130066,-0.014453418552875519,-0.2526695132255554,-0.024559365585446358,-0.02187465690076351,lexical_category,qwen,1802
62,-0.08908134698867798,-0.03070060908794403,-0.2601833641529083,-0.030375633388757706,-0.02780463732779026,lexical_category,qwen,1802
63,-0.085932657122612,-0.041297271847724915,-0.2413792908191681,-0.029539810493588448,-0.024645082652568817,lexical_category,qwen,1802
64,-0.07717972993850708,-0.0074265748262405396,-0.2261892557144165,-0.028789715841412544,-0.02622399479150772,lexical_category,qwen,1802
65,-0.0987040251493454,-0.03092145174741745,-0.24315539002418518,-0.02261645905673504,-0.025780782103538513,lexical_category,qwen,1802
66,-0.055244848132133484,-0.0022072792053222656,-0.23464368283748627,-0.020165715366601944,-0.022319043055176735,lexical_category,qwen,1802
67,-0.09183941781520844,-0.014762654900550842,-0.24994632601737976,-0.021394867449998856,-0.02080916427075863,lexical_category,qwen,1802
68,-0.052589014172554016,-0.019073791801929474,-0.22284287214279175,-0.022556517273187637,-0.024330299347639084,lexical_category,qwen,1802
69,-0.07786272466182709,-0.042379170656204224,-0.23465818166732788,-0.023982025682926178,-0.020603522658348083,lexical_category,qwen,1802
70,-0.07008212804794312,-0.002748597413301468,-0.22560730576515198,-0.0209696963429451,-0.02520150877535343,lexical_category,qwen,1802
71,-0.09483826160430908,-0.027752332389354706,-0.236582413315773,-0.02147800661623478,-0.024743396788835526,lexical_category,qwen,1802
72,-0.06031450629234314,-0.012327633798122406,-0.23617354035377502,-0.027517570182681084,-0.02809506468474865,lexical_category,qwen,1802
73,-0.07866944372653961,-0.016722247004508972,-0.2431415319442749,-0.02116846852004528,-0.024474451318383217,lexical_category,qwen,1802
74,-0.07197311520576477,-0.03125286102294922,-0.2393059879541397,-0.026899956166744232,-0.03356337174773216,lexical_category,qwen,1802
75,-0.08418753743171692,-0.042209696024656296,-0.2375200390815735,-0.027890073135495186,-0.023156488314270973,lexical_category,qwen,1802
76,-0.09517315030097961,-0.005005896091461182,-0.23927438259124756,-0.027196045964956284,-0.02616535872220993,lexical_category,qwen,1802
77,-0.10119283199310303,-0.04915233701467514,-0.25867506861686707,-0.025526512414216995,-0.022917883470654488,lexical_category,qwen,1802
78,-0.052207425236701965,0.024279892444610596,-0.2276434302330017,-0.02681553177535534,-0.022023480385541916,lexical_category,qwen,1802
79,-0.08556371927261353,-0.003813810646533966,-0.2576555907726288,-0.026336349546909332,-0.019422724843025208,lexical_category,qwen,1802
80,-0.07146738469600677,0.010725915431976318,-0.23368670046329498,-0.027771063148975372,-0.02817261405289173,lexical_category,qwen,1802
81,-0.09487959742546082,-0.00962967798113823,-0.23414988815784454,-0.029826737940311432,-0.024259351193904877,lexical_category,qwen,1802
82,-0.06090700626373291,0.006690327078104019,-0.21453151106834412,-0.031782228499650955,-0.022822976112365723,lexical_category,qwen,1802
83,-0.09499594569206238,-0.008899867534637451,-0.23190802335739136,-0.0247294120490551,-0.028581704944372177,lexical_category,qwen,1802
84,-0.05838257074356079,0.010463554412126541,-0.2427302449941635,-0.023968251422047615,-0.025955088436603546,lexical_category,qwen,1802
85,-0.0848580151796341,-0.002236533910036087,-0.25458067655563354,-0.024114569649100304,-0.021259216591715813,lexical_category,qwen,1802
86,-0.060611575841903687,-0.01739945262670517,-0.24104665219783783,-0.02876598760485649,-0.02957690693438053,lexical_category,qwen,1802
87,-0.09140834212303162,-0.022252924740314484,-0.2495603859424591,-0.023930799216032028,-0.021712232381105423,lexical_category,qwen,1802
88,-0.07335981726646423,0.0035406164824962616,-0.22944912314414978,-0.030754851177334785,-0.017931634560227394,lexical_category,qwen,1802
89,-0.1015796959400177,-0.02892012894153595,-0.2503829002380371,-0.023151295259594917,-0.020565971732139587,lexical_category,qwen,1802
90,-0.0516568124294281,0.0325869582593441,-0.2256353199481964,-0.02534368820488453,-0.022928552702069283,lexical_category,qwen,1802
91,-0.0884842574596405,-0.014658041298389435,-0.25275227427482605,-0.024141130968928337,-0.02397843636572361,lexical_category,qwen,1802
92,-0.050939515233039856,0.005222398787736893,-0.2196541577577591,-0.029382364824414253,-0.02985457144677639,lexical_category,qwen,1802
93,-0.09041084349155426,-0.023511674255132675,-0.2355448603630066,-0.023004570975899696,-0.02716749720275402,lexical_category,qwen,1802
94,-0.07431510090827942,0.0038506612181663513,-0.22133029997348785,-0.030593665316700935,-0.022152073681354523,lexical_category,qwen,1802
95,-0.08119550347328186,-0.011506818234920502,-0.21869347989559174,-0.020515603944659233,-0.02559121884405613,lexical_category,qwen,1802
0,-0.02831687033176422,-0.009112134575843811,-0.2654617428779602,-0.02787294052541256,-0.020281309261918068,arithmetic_addition,qwen,1802
1,-0.015883669257164,0.004649728536605835,-0.24827906489372253,-0.023926880210638046,-0.020898936316370964,arithmetic_addition,qwen,1802
2,-0.028873413801193237,-0.004508689045906067,-0.2673850655555725,-0.025007961317896843,-0.023439958691596985,arithmetic_addition,qwen,1802
3,-0.0414288192987442,0.0029911398887634277,-0.27437829971313477,-0.022995779290795326,-0.02541637420654297,arithmetic_addition,qwen,1802
4,-0.036017611622810364,-0.001136593520641327,-0.2600332796573639,-0.025633443146944046,-0.02659148909151554,arithmetic_addition,qwen,1802
5,-0.04857251048088074,-0.014031246304512024,-0.2703213095664978,-0.026210259646177292,-0.019957654178142548,arithmetic_addition,qwen,1802
6,-0.02949422597885132,-0.013249620795249939,-0.26597052812576294,-0.027377953752875328,-0.019969206303358078,arithmetic_addition,qwen,1802
7,-0.021612197160720825,0.0004469528794288635,-0.25127241015434265,-0.024823619052767754,-0.021209679543972015,arithmetic_addition,qwen,1802
8,-0.027357429265975952,-0.026585273444652557,-0.271477609872818,-0.027788668870925903,-0.020448235794901848,arithmetic_addition,qwen,1802
9,-0.03600527346134186,-0.016321420669555664,-0.27499526739120483,-0.024837110191583633,-0.023574693128466606,arithmetic_addition,qwen,1802
10,-0.02775995433330536,-0.005685746669769287,-0.25929415225982666,-0.02773631550371647,-0.02687481790781021,arithmetic_addition,qwen,1802
11,-0.04076947271823883,-0.025024689733982086,-0.2669343054294586,-0.02586936764419079,-0.01892261765897274,arithmetic_addition,qwen,1802
12,-0.03642331063747406,-0.0026996880769729614,-0.2638475298881531,-0.02555682510137558,-0.017871513962745667,arithmetic_addition,qwen,1802
13,-0.008426278829574585,0.018186502158641815,-0.23655180633068085,-0.02356819435954094,-0.019828516989946365,arithmetic_addition,qwen,1802
14,-0.02507847547531128,-0.0048350989818573,-0.2559826076030731,-0.030114829540252686,-0.019015012308955193,arithmetic_addition,qwen,1802
15,-0.03014996647834778,-0.00025913119316101074,-0.2595406472682953,-0.023967189714312553,-0.01789916679263115,arithmetic_addition,qwen,1802
16,-0.03632746636867523,-0.00596955418586731,-0.2580140233039856,-0.025770915672183037,-0.021827347576618195,arithmetic_addition,qwen,1802
17,-0.051331356167793274,-0.011634908616542816,-0.2630767226219177,-0.023708654567599297,-0.01735449954867363,arithmetic_addition,qwen,1802
18,-0.04023770987987518,-0.0011518001556396484,-0.2666440010070801,-0.027401648461818695,-0.019031113013625145,arithmetic_addition,qwen,1802
19,-0.023843273520469666,0.015256628394126892,-0.2466626763343811,-0.02360888570547104,-0.020785870030522346,arithmetic_addition,qwen,1802
20,-0.040578246116638184,0.0027190446853637695,-0.264136403799057,-0.024256546050310135,-0.0231638103723526,arithmetic_addition,qwen,1802
21,-0.050844088196754456,0.005425363779067993,-0.2763885259628296,-0.02264912612736225,-0.023600075393915176,arithmetic_addition,qwen,1802
22,-0.04693898558616638,-0.009831845760345459,-0.25801515579223633,-0.02495252713561058,-0.02389002963900566,arithmetic_addition,qwen,1802
23,-0.05752721428871155,-0.015776507556438446,-0.27668482065200806,-0.024695055559277534,-0.018328342586755753,arithmetic_addition,qwen,1802
24,-0.03323483467102051,-0.01100689172744751,-0.260654091835022,-0.025948455557227135,-0.016545649617910385,arithmetic_addition,qwen,1802
25,-0.015010833740234375,-0.00042463093996047974,-0.24336256086826324,-0.023345686495304108,-0.01952340453863144,arithmetic_addition,qwen,1802
26,-0.035023003816604614,-0.01626475155353546,-0.2552940845489502,-0.024579288437962532,-0.017406463623046875,arithmetic_addition,qwen,1802
27,-0.031054049730300903,0.002367652952671051,-0.253828227519989,-0.025105847045779228,-0.019218184053897858,arithmetic_addition,qwen,1802
28,-0.04090127348899841,-0.001799948513507843,-0.2521113455295563,-0.020982395857572556,-0.021454207599163055,arithmetic_addition,qwen,1802
29,-0.05006831884384155,-0.017720837146043777,-0.25577646493911743,-0.02142360806465149,-0.015228215605020523,arithmetic_addition,qwen,1802
30,-0.04193983972072601,-0.0010576322674751282,-0.26752224564552307,-0.025519343093037605,-0.015341385267674923,arithmetic_addition,qwen,1802
31,-0.03092382848262787,-0.0005431622266769409,-0.2536698281764984,-0.025136798620224,-0.019148431718349457,arithmetic_addition,qwen,1802
32,-0.039994820952415466,-0.004970088601112366,-0.2679741382598877,-0.027989603579044342,-0.01798572577536106,arithmetic_addition,qwen,1802
33,-0.04682125151157379,0.006704159080982208,-0.2730889618396759,-0.024431781843304634,-0.016407912597060204,arithmetic_addition,qwen,1802
34,-0.04658879339694977,-0.010017655789852142,-0.26731953024864197,-0.025876352563500404,-0.021394522860646248,arithmetic_addition,qwen,1802
35,-0.058318257331848145,-0.014997385442256927,-0.27107179164886475,-0.023345444351434708,-0.017516816034913063,arithmetic_addition,qwen,1802
36,-0.031091347336769104,-0.012102559208869934,-0.26520711183547974,-0.025905154645442963,-0.017781399190425873,arithmetic_addition,qwen,1802
37,-0.018851295113563538,0.0034886598587036133,-0.25081926584243774,-0.024039195850491524,-0.02009139582514763,arithmetic_addition,qwen,1802
38,-0.031622886657714844,-0.022107534110546112,-0.2572079002857208,-0.025456923991441727,-0.02073993720114231,arithmetic_addition,qwen,1802
39,-0.032335758209228516,-0.002236694097518921,-0.26472750306129456,-0.025877537205815315,-0.022147400304675102,arithmetic_addition,qwen,1802
40,-0.03602653741836548,-0.009756695479154587,-0.25770390033721924,-0.02097492292523384,-0.024197442457079887,arithmetic_addition,qwen,1802
41,-0.05079205334186554,-0.027321558445692062,-0.26249822974205017,-0.024254560470581055,-0.017857365310192108,arithmetic_addition,qwen,1802
42,-0.029027193784713745,-0.012927919626235962,-0.2627936899662018,-0.02759912982583046,-0.021320097148418427,arithmetic_addition,qwen,1802
43,-0.018181726336479187,0.0037103891372680664,-0.24417255818843842,-0.023745369166135788,-0.02135143056511879,arithmetic_addition,qwen,1802
44,-0.036816567182540894,-0.01839466392993927,-0.2582736015319824,-0.02754899673163891,-0.024529509246349335,arithmetic_addition,qwen,1802
45,-0.04191555082798004,-0.012654617428779602,-0.2698054909706116,-0.02552652172744274,-0.02585913985967636,arithmetic_addition,qwen,1802
46,-0.03340907394886017,-0.0011702589690685272,-0.2542252540588379,-0.02094525285065174,-0.027451639994978905,arithmetic_addition,qwen,1802
47,-0.04843960702419281,-0.012941736727952957,-0.26045602560043335,-0.023365000262856483,-0.0196108128875494,arithmetic_addition,qwen,1802
48,-0.04179975390434265,-0.01588480919599533,-0.27023839950561523,-0.026437081396579742,-0.019323144108057022,arithmetic_addition,qwen,1802
49,-0.029265090823173523,-0.003123342990875244,-0.25249648094177246,-0.023483723402023315,-0.019578613340854645,arithmetic_addition,qwen,1802
50,-0.04481227695941925,-0.02011691778898239,-0.2661072611808777,-0.02535555697977543,-0.020034711807966232,arithmetic_addition,qwen,1802
51,-0.046515852212905884,-0.008284501731395721,-0.27646902203559875,-0.022837016731500626,-0.0209357850253582,arithmetic_addition,qwen,1802
52,-0.04595908522605896,-0.016850069165229797,-0.2629452645778656,-0.024832768365740776,-0.02413959428668022,arithmetic_addition,qwen,1802
53,-0.050593480467796326,-0.028348170220851898,-0.26914218068122864,-0.022494645789265633,-0.01922028511762619,arithmetic_addition,qwen,1802
54,-0.032426610589027405,-0.0123099684715271,-0.2645729184150696,-0.027202116325497627,-0.021298827603459358,arithmetic_addition,qwen,1802
55,-0.021702155470848083,0.0045629143714904785,-0.24342790246009827,-0.02430165745317936,-0.02035866305232048,arithmetic_addition,qwen,1802
56,-0.03424005210399628,-0.02997490018606186,-0.2655079960823059,-0.0288240946829319,-0.01850324682891369,arithmetic_addition,qwen,1802
57,-0.028205111622810364,-0.02163035422563553,-0.26405057311058044,-0.02713310346007347,-0.019876575097441673,arithmetic_addition,qwen,1802
58,-0.03204767405986786,-0.008184477686882019,-0.26121965050697327,-0.029068568721413612,-0.026548249647021294,arithmetic_addition,qwen,1802
59,-0.045388951897621155,-0.02523893117904663,-0.267162024974823,-0.02330726757645607,-0.01871504820883274,arithmetic_addition,qwen,1802
60,-0.037471964955329895,-0.017760716378688812,-0.2692626118659973,-0.023839732632040977,-0.01940450258553028,arithmetic_addition,qwen,1802
61,-0.015233233571052551,0.015644274652004242,-0.23930691182613373,-0.023478640243411064,-0.018214264884591103,arithmetic_addition,qwen,1802
62,-0.046724915504455566,-0.021969720721244812,-0.26557624340057373,-0.028144627809524536,-0.018708260729908943,arithmetic_addition,qwen,1802
63,-0.04558737576007843,-0.01654735580086708,-0.27608370780944824,-0.02365032769739628,-0.02154100127518177,arithmetic_addition,qwen,1802
64,-0.03799144923686981,-0.016505137085914612,-0.26314544677734375,-0.024510016664862633,-0.023366661742329597,arithmetic_addition,qwen,1802
65,-0.047841399908065796,-0.025249093770980835,-0.2729455232620239,-0.022254543378949165,-0.017873071134090424,arithmetic_addition,qwen,1802
66,-0.03718666732311249,-0.004121437668800354,-0.2656976282596588,-0.02807530388236046,-0.018458157777786255,arithmetic_addition,qwen,1802
67,-0.03085353970527649,0.012114912271499634,-0.25069916248321533,-0.025352051481604576,-0.021016361191868782,arithmetic_addition,qwen,1802
68,-0.031985387206077576,-0.007298685610294342,-0.26177889108657837,-0.027303606271743774,-0.022815123200416565,arithmetic_addition,qwen,1802
69,-0.049713462591171265,0.0036982446908950806,-0.27719825506210327,-0.024693332612514496,-0.02144465409219265,arithmetic_addition,qwen,1802
70,-0.04478996992111206,-0.012271001935005188,-0.26208820939064026,-0.02813471294939518,-0.02348182164132595,arithmetic_addition,qwen,1802
71,-0.06209315359592438,-0.02073768526315689,-0.28418099880218506,-0.02625098079442978,-0.01636001653969288,arithmetic_addition,qwen,1802
72,-0.03308345377445221,-0.010635167360305786,-0.26529833674430847,-0.025009701028466225,-0.018592700362205505,arithmetic_addition,qwen,1802
73,-0.026933595538139343,0.001341007649898529,-0.25210124254226685,-0.024415424093604088,-0.020406175404787064,arithmetic_addition,qwen,1802
74,-0.05474431812763214,-0.028307318687438965,-0.27358800172805786,-0.027281763032078743,-0.02055584453046322,arithmetic_addition,qwen,1802
75,-0.05235554277896881,-0.013300120830535889,-0.2805784344673157,-0.02527337148785591,-0.021740010008215904,arithmetic_addition,qwen,1802
76,-0.04831947386264801,-0.02357430011034012,-0.2693341374397278,-0.024241281673312187,-0.023081589490175247,arithmetic_addition,qwen,1802
77,-0.051040515303611755,-0.018416322767734528,-0.26782286167144775,-0.022962667047977448,-0.01728629134595394,arithmetic_addition,qwen,1802
78,-0.04066494107246399,-0.014631837606430054,-0.27164793014526367,-0.024625809863209724,-0.018166013062000275,arithmetic_addition,qwen,1802
79,-0.03456093370914459,0.00010371953248977661,-0.25730279088020325,-0.024970632046461105,-0.020951099693775177,arithmetic_addition,qwen,1802
80,-0.050468698143959045,-0.015180744230747223,-0.2762461304664612,-0.029225267469882965,-0.02175898104906082,arithmetic_addition,qwen,1802
81,-0.05046531558036804,-0.0022271648049354553,-0.2788581848144531,-0.02556033618748188,-0.020410360768437386,arithmetic_addition,qwen,1802
82,-0.04486095905303955,-0.020109236240386963,-0.26482632756233215,-0.0261103305965662,-0.0225962046533823,arithmetic_addition,qwen,1802
83,-0.0517745167016983,-0.01779206097126007,-0.2652706503868103,-0.024444131180644035,-0.016394369304180145,arithmetic_addition,qwen,1802
84,-0.03404755890369415,-0.011583909392356873,-0.267768919467926,-0.025218527764081955,-0.01596805639564991,arithmetic_addition,qwen,1802
85,-0.019416704773902893,0.002470552921295166,-0.2458638846874237,-0.02404070273041725,-0.0201520174741745,arithmetic_addition,qwen,1802
86,-0.034979045391082764,-0.020604044198989868,-0.2584087550640106,-0.029001792892813683,-0.0185354333370924,arithmetic_addition,qwen,1802
87,-0.03371252119541168,0.010330937802791595,-0.26904767751693726,-0.026627490296959877,-0.019430626183748245,arithmetic_addition,qwen,1802
88,-0.03327476978302002,-0.010288327932357788,-0.26211023330688477,-0.025274498388171196,-0.019997496157884598,arithmetic_addition,qwen,1802
89,-0.05085228383541107,-0.031131912022829056,-0.26626506447792053,-0.02508816495537758,-0.014859126880764961,arithmetic_addition,qwen,1802
90,-0.031003639101982117,-0.018513232469558716,-0.263240784406662,-0.02834787778556347,-0.020643992349505424,arithmetic_addition,qwen,1802
91,-0.01691386103630066,0.004584081470966339,-0.2408856600522995,-0.026102129369974136,-0.021345064043998718,arithmetic_addition,qwen,1802
92,-0.04655681550502777,-0.02167939394712448,-0.26212063431739807,-0.02947882004082203,-0.021232232451438904,arithmetic_addition,qwen,1802
93,-0.04662269353866577,-0.020798712968826294,-0.273526668548584,-0.026538541540503502,-0.023447029292583466,arithmetic_addition,qwen,1802
94,-0.03624160587787628,-0.012230031192302704,-0.2600623071193695,-0.024800172075629234,-0.024062495678663254,arithmetic_addition,qwen,1802
95,-0.045498818159103394,-0.014044053852558136,-0.2597469985485077,-0.02370501682162285,-0.016245273873209953,arithmetic_addition,qwen,1802
0,-0.22409804165363312,-0.09096449613571167,-0.22941434383392334,-0.026129771023988724,-0.02049143984913826,arc_challenge,qwen,1802
1,-0.22321385145187378,-0.07660749554634094,-0.2573043704032898,-0.029379012063145638,-0.024301689118146896,arc_challenge,qwen,1802
2,-0.22694745659828186,-0.10680793225765228,-0.23853476345539093,-0.028362344950437546,-0.02857431210577488,arc_challenge,qwen,1802
3,-0.21068915724754333,-0.06668618321418762,-0.2310623973608017,-0.023439548909664154,-0.01617932878434658,arc_challenge,qwen,1802
4,-0.2338864803314209,-0.0909419134259224,-0.24680855870246887,-0.02682049199938774,-0.01311001181602478,arc_challenge,qwen,1802
5,-0.21369847655296326,-0.05188187211751938,-0.23681926727294922,-0.03174746409058571,-0.026860984042286873,arc_challenge,qwen,1802
6,-0.19023104012012482,-0.06358014792203903,-0.20239447057247162,-0.036013443022966385,-0.023607678711414337,arc_challenge,qwen,1802
7,-0.24133692681789398,-0.10156609117984772,-0.25645214319229126,-0.034646566957235336,-0.01808873377740383,arc_challenge,qwen,1802
8,-0.22016307711601257,-0.04711534455418587,-0.24323567748069763,-0.03003947250545025,-0.03284004330635071,arc_challenge,qwen,1802
9,-0.19301362335681915,-0.05110960826277733,-0.2061002552509308,-0.027712715789675713,-0.026145048439502716,arc_challenge,qwen,1802
10,-0.19000796973705292,-0.06810588389635086,-0.1978239119052887,-0.02866004966199398,-0.023957200348377228,arc_challenge,qwen,1802
11,-0.22621425986289978,-0.07785185426473618,-0.23511305451393127,-0.03454194590449333,-0.027123428881168365,arc_challenge,qwen,1802
12,-0.22443190217018127,-0.051736682653427124,-0.2553645372390747,-0.03281000629067421,-0.02803153730928898,arc_challenge,qwen,1802
13,-0.21583455801010132,-0.08899572491645813,-0.24740846455097198,-0.03199028968811035,-0.027216698974370956,arc_challenge,qwen,1802
14,-0.21329794824123383,-0.050684280693531036,-0.24638277292251587,-0.028791625052690506,-0.025543304160237312,arc_challenge,qwen,1802
15,-0.22747811675071716,-0.06570416688919067,-0.24756577610969543,-0.03038792684674263,-0.02139008790254593,arc_challenge,qwen,1802
16,-0.23962906002998352,-0.0929645523428917,-0.24923881888389587,-0.031396158039569855,-0.020753202959895134,arc_challenge,qwen,1802
17,-0.2072160392999649,-0.07878735661506653,-0.22747042775154114,-0.027648786082863808,-0.028264116495847702,arc_challenge,qwen,1802
18,-0.19694505631923676,-0.07232428342103958,-0.2120056003332138,-0.02289561554789543,-0.022470224648714066,arc_challenge,qwen,1802
19,-0.20592787861824036,-0.0723266452550888,-0.21047590672969818,-0.024645525962114334,-0.019945593550801277,arc_challenge,qwen,1802
20,-0.266691118478775,-0.11590541899204254,-0.29391446709632874,-0.024816077202558517,-0.021411104127764702,arc_challenge,qwen,1802
21,-0.1985674500465393,-0.0942620038986206,-0.21478036046028137,-0.0377441868185997,-0.022483648732304573,arc_challenge,qwen,1802
22,-0.20006774365901947,-0.06786040961742401,-0.22291195392608643,-0.03331135958433151,-0.02606060355901718,arc_challenge,qwen,1802
23,-0.21072593331336975,-0.08313247561454773,-0.2357148379087448,-0.034501925110816956,-0.02164507657289505,arc_challenge,qwen,1802
24,-0.21458740532398224,-0.061396315693855286,-0.23736853897571564,-0.02663126401603222,-0.025669215247035027,arc_challenge,qwen,1802
25,-0.2129797786474228,-0.06578947603702545,-0.21023739874362946,-0.026447338983416557,-0.034642864018678665,arc_challenge,qwen,1802
26,-0.22393746674060822,-0.07133647054433823,-0.2445022165775299,-0.02998136542737484,-0.027401091530919075,arc_challenge,qwen,1802
27,-0.2806945741176605,-0.0440872460603714,-0.299507200717926,-0.025896258652210236,-0.02325757034122944,arc_challenge,qwen,1802
28,-0.2485094964504242,-0.13469372689723969,-0.27409628033638,-0.028644956648349762,-0.010303119197487831,arc_challenge,qwen,1802
29,-0.1530645340681076,-0.05277952924370766,-0.18159738183021545,-0.03423522412776947,-0.027266258373856544,arc_challenge,qwen,1802
30,-0.21679358184337616,-0.07996130734682083,-0.2291550487279892,-0.029785247519612312,-0.030718345195055008,arc_challenge,qwen,1802
31,-0.1936299353837967,-0.0420413464307785,-0.21717411279678345,-0.027994083240628242,-0.026396242901682854,arc_challenge,qwen,1802
32,-0.2237769067287445,-0.08566467463970184,-0.23186035454273224,-0.03403511270880699,-0.02681661583483219,arc_challenge,qwen,1802
33,-0.22413599491119385,-0.07136792689561844,-0.23831531405448914,-0.020015647634863853,-0.01963512971997261,arc_challenge,qwen,1802
34,-0.2808992862701416,-0.11262042820453644,-0.29645127058029175,-0.024513108655810356,-0.02183876559138298,arc_challenge,qwen,1802
35,-0.21410003304481506,-0.08874727785587311,-0.22524228692054749,-0.029231110587716103,-0.02867100201547146,arc_challenge,qwen,1802
36,-0.21998730301856995,-0.04898977279663086,-0.23191416263580322,-0.03662481531500816,-0.025785082951188087,arc_challenge,qwen,1802
37,-0.23903697729110718,-0.08223102986812592,-0.25560262799263,-0.02601725608110428,-0.024508126080036163,arc_challenge,qwen,1802
38,-0.21022796630859375,-0.08216898143291473,-0.24164734780788422,-0.027628690004348755,-0.02294672653079033,arc_challenge,qwen,1802
39,-0.20099055767059326,-0.06252659112215042,-0.2247484177350998,-0.0334094874560833,-0.027605582028627396,arc_challenge,qwen,1802
40,-0.1968841552734375,-0.05093836784362793,-0.21002790331840515,-0.02211948297917843,-0.025423714891076088,arc_challenge,qwen,1802
41,-0.24209889769554138,-0.0761755034327507,-0.2697044014930725,-0.025971410796046257,-0.032015588134527206,arc_challenge,qwen,1802
42,-0.1951417475938797,-0.06145627051591873,-0.20408421754837036,-0.032948531210422516,-0.021408576518297195,arc_challenge,qwen,1802
43,-0.22280281782150269,-0.0667327344417572,-0.24455726146697998,-0.02791713923215866,-0.020069729536771774,arc_challenge,qwen,1802
44,-0.1727454960346222,-0.06097119674086571,-0.20571887493133545,-0.03532235324382782,-0.01968955807387829,arc_challenge,qwen,1802
45,-0.2016584575176239,-0.06228652969002724,-0.2236512303352356,-0.030209509655833244,-0.02289176732301712,arc_challenge,qwen,1802
46,-0.21230913698673248,-0.0856182798743248,-0.23839065432548523,-0.030217021703720093,-0.023195235058665276,arc_challenge,qwen,1802
47,-0.21108466386795044,-0.05926516279578209,-0.22239458560943604,-0.028994696214795113,-0.029648268595337868,arc_challenge,qwen,1802
48,-0.2115754634141922,-0.0680261105298996,-0.23591986298561096,-0.030114145949482918,-0.026824114844202995,arc_challenge,qwen,1802
49,-0.2210831344127655,-0.11821132898330688,-0.2448306679725647,-0.03235974162817001,-0.022373395040631294,arc_challenge,qwen,1802
50,-0.21971453726291656,-0.08676263689994812,-0.24545107781887054,-0.025907307863235474,-0.02674928493797779,arc_challenge,qwen,1802
51,-0.27500084042549133,-0.10332207381725311,-0.27564382553100586,-0.025342514738440514,-0.0249564740806818,arc_challenge,qwen,1802
52,-0.1667010337114334,-0.044098589569330215,-0.19192910194396973,-0.019513815641403198,-0.028922194615006447,arc_challenge,qwen,1802
53,-0.1846018135547638,-0.09329437464475632,-0.2174474596977234,-0.022542022168636322,-0.02464996837079525,arc_challenge,qwen,1802
54,-0.2410389930009842,-0.057799577713012695,-0.24626317620277405,-0.030314406380057335,-0.018998172134160995,arc_challenge,qwen,1802
55,-0.20315125584602356,-0.05850609019398689,-0.22164636850357056,-0.02422438934445381,-0.026093583554029465,arc_challenge,qwen,1802
56,-0.18337704241275787,-0.03684305027127266,-0.2080032080411911,-0.034528084099292755,-0.022762903943657875,arc_challenge,qwen,1802
57,-0.1962815523147583,-0.02793535217642784,-0.21660560369491577,-0.02380087599158287,-0.016932331025600433,arc_challenge,qwen,1802
58,-0.22764115035533905,-0.09403619170188904,-0.23626548051834106,-0.03480253741145134,-0.025559809058904648,arc_challenge,qwen,1802
59,-0.24797241389751434,-0.07073774933815002,-0.2520447075366974,-0.021371034905314445,-0.02295362949371338,arc_challenge,qwen,1802
60,-0.1928158849477768,-0.04371187090873718,-0.21365989744663239,-0.040794070810079575,-0.026044558733701706,arc_challenge,qwen,1802
61,-0.2121342271566391,-0.045849476009607315,-0.23991061747074127,-0.03290599212050438,-0.0288253016769886,arc_challenge,qwen,1802
62,-0.20329906046390533,-0.07507304102182388,-0.21286939084529877,-0.02488224022090435,-0.026407113298773766,arc_challenge,qwen,1802
63,-0.2156659960746765,-0.0350300669670105,-0.2252855747938156,-0.031561024487018585,-0.031239638105034828,arc_challenge,qwen,1802
64,-0.2409840077161789,-0.07839024066925049,-0.26965412497520447,-0.02751670964062214,-0.022010669112205505,arc_challenge,qwen,1802
65,-0.22367006540298462,-0.07338088005781174,-0.2439851611852646,-0.031193405389785767,-0.02502693608403206,arc_challenge,qwen,1802
66,-0.2138005793094635,-0.08026020228862762,-0.22962065041065216,-0.02141682244837284,-0.02542639896273613,arc_challenge,qwen,1802
67,-0.2215656191110611,-0.04677771031856537,-0.256913959980011,-0.027985088527202606,-0.033906660974025726,arc_challenge,qwen,1802
68,-0.2329626828432083,-0.04355314373970032,-0.25750285387039185,-0.02135731466114521,-0.020831437781453133,arc_challenge,qwen,1802
69,-0.2314773052930832,-0.06694655120372772,-0.2401103526353836,-0.023880865424871445,-0.02265198528766632,arc_challenge,qwen,1802
70,-0.22175399959087372,-0.09112998098134995,-0.21903227269649506,-0.0307597778737545,-0.02564997412264347,arc_challenge,qwen,1802
71,-0.2198157161474228,-0.07680995017290115,-0.23656430840492249,-0.030333641916513443,-0.02388627454638481,arc_challenge,qwen,1802
72,-0.24912139773368835,-0.07258228212594986,-0.2585129737854004,-0.02973766438663006,-0.026044029742479324,arc_challenge,qwen,1802
73,-0.21332691609859467,-0.09049190580844879,-0.22191429138183594,-0.029165001586079597,-0.025867553427815437,arc_challenge,qwen,1802
74,-0.23301132023334503,-0.07022836059331894,-0.24847412109375,-0.03144756704568863,-0.02722739987075329,arc_challenge,qwen,1802
75,-0.20544607937335968,-0.0928424745798111,-0.216356098651886,-0.033438436686992645,-0.03110070899128914,arc_challenge,qwen,1802
76,-0.21480964124202728,-0.08012480288743973,-0.2312227189540863,-0.028872422873973846,-0.036429863423109055,arc_challenge,qwen,1802
77,-0.1875840425491333,-0.07552746683359146,-0.19189736247062683,-0.03046327829360962,-0.02416115812957287,arc_challenge,qwen,1802
78,-0.1727263629436493,-0.051724307239055634,-0.2140187919139862,-0.027949770912528038,-0.022648964077234268,arc_challenge,qwen,1802
79,-0.19379402697086334,-0.07255994528532028,-0.20705391466617584,-0.02634301409125328,-0.025646956637501717,arc_challenge,qwen,1802
80,-0.2433454394340515,-0.08106856793165207,-0.26358112692832947,-0.028028270229697227,-0.026628591120243073,arc_challenge,qwen,1802
81,-0.23078112304210663,-0.11105196177959442,-0.26433753967285156,-0.03299465402960777,-0.027306819334626198,arc_challenge,qwen,1802
82,-0.22841358184814453,-0.08676642179489136,-0.2368735522031784,-0.030200554057955742,-0.029479164630174637,arc_challenge,qwen,1802
83,-0.20227444171905518,-0.08035624027252197,-0.2162688970565796,-0.023520218208432198,-0.028487704694271088,arc_challenge,qwen,1802
84,-0.22653214633464813,-0.061280976980924606,-0.2433725893497467,-0.02864707261323929,-0.029004549607634544,arc_challenge,qwen,1802
85,-0.19408351182937622,-0.016251100227236748,-0.21503761410713196,-0.021914899349212646,-0.029326215386390686,arc_challenge,qwen,1802
86,-0.23826195299625397,-0.10257178544998169,-0.2416035681962967,-0.035384826362133026,-0.023361358791589737,arc_challenge,qwen,1802
87,-0.19469839334487915,-0.08747361600399017,-0.22494542598724365,-0.02325831539928913,-0.030100874602794647,arc_challenge,qwen,1802
88,-0.20303501188755035,-0.05541452765464783,-0.22375231981277466,-0.03986852616071701,-0.027402307838201523,arc_challenge,qwen,1802
89,-0.2331758290529251,-0.08498497307300568,-0.2456483244895935,-0.025454558432102203,-0.016476815566420555,arc_challenge,qwen,1802
90,-0.18197402358055115,-0.06413412094116211,-0.2234049141407013,-0.028580714017152786,-0.01805650256574154,arc_challenge,qwen,1802
91,-0.22320793569087982,-0.03345933184027672,-0.25089219212532043,-0.02685355767607689,-0.017126459628343582,arc_challenge,qwen,1802
92,-0.21514783799648285,-0.10065799951553345,-0.22613325715065002,-0.03190486878156662,-0.018121637403964996,arc_challenge,qwen,1802
93,-0.20643140375614166,-0.06216704845428467,-0.23532359302043915,-0.031432803720235825,-0.02803528867661953,arc_challenge,qwen,1802
94,-0.21356728672981262,-0.09070025384426117,-0.24027417600154877,-0.026957200840115547,-0.026821568608283997,arc_challenge,qwen,1802
95,-0.21403276920318604,-0.06962653249502182,-0.2322164922952652,-0.03288234397768974,-0.020312724635004997,arc_challenge,qwen,1802
0,-0.07174830138683319,-0.006886173039674759,-0.2293795645236969,-0.03655281662940979,-0.033891163766384125,lexical_category,llama,1801
1,-0.07362708449363708,-0.022770818322896957,-0.2163388431072235,-0.03730207681655884,-0.030655093491077423,lexical_category,llama,1801
2,-0.08546841144561768,-0.03221018984913826,-0.23484884202480316,-0.045859333127737045,-0.03680644929409027,lexical_category,llama,1801
3,-0.09858515858650208,-0.009272757917642593,-0.25004521012306213,-0.0438520722091198,-0.04341524839401245,lexical_category,llama,1801
4,-0.08131931722164154,-0.021826867014169693,-0.21805819869041443,-0.040546249598264694,-0.0388995036482811,lexical_category,llama,1801
5,-0.08114245533943176,-0.01861286163330078,-0.2185198962688446,-0.03908586502075195,-0.030565934255719185,lexical_category,llama,1801
6,-0.08219613134860992,-0.01794743910431862,-0.23949384689331055,-0.041488487273454666,-0.03478716313838959,lexical_category,llama,1801
7,-0.08253008127212524,-0.03553732857108116,-0.2225653976202011,-0.0352037213742733,-0.03392433002591133,lexical_category,llama,1801
8,-0.09100081026554108,-0.019719086587429047,-0.2327372431755066,-0.04631910100579262,-0.039210181683301926,lexical_category,llama,1801
9,-0.11539080739021301,-0.007507380098104477,-0.2598307728767395,-0.04328260198235512,-0.041400011628866196,lexical_category,llama,1801
10,-0.08863794058561325,-0.027638107538223267,-0.213002011179924,-0.041646599769592285,-0.04266522079706192,lexical_category,llama,1801
11,-0.10082362592220306,-0.03093595802783966,-0.22781124711036682,-0.03410165756940842,-0.038629014045000076,lexical_category,llama,1801
12,-0.06571745872497559,-0.010364141315221786,-0.22466415166854858,-0.037764839828014374,-0.03316367045044899,lexical_category,llama,1801
13,-0.05551542341709137,-0.02119605243206024,-0.1967710554599762,-0.035622160881757736,-0.029147548601031303,lexical_category,llama,1801
14,-0.07280190289020538,0.009379331022500992,-0.21749335527420044,-0.039462752640247345,-0.03887871652841568,lexical_category,llama,1801
15,-0.09987117350101471,-0.0006156750023365021,-0.24519433081150055,-0.030939830467104912,-0.03796742111444473,lexical_category,llama,1801
16,-0.0769159346818924,-0.014318898320198059,-0.2057887315750122,-0.03638521209359169,-0.032931849360466,lexical_category,llama,1801
17,-0.06708124279975891,-0.030055105686187744,-0.2056405395269394,-0.038344595581293106,-0.030963586643338203,lexical_category,llama,1801
18,-0.07763123512268066,-0.016168244183063507,-0.24102047085762024,-0.03899046406149864,-0.03611788898706436,lexical_category,llama,1801
19,-0.07289467751979828,-0.025481361895799637,-0.21985825896263123,-0.03449980542063713,-0.034306880086660385,lexical_category,llama,1801
20,-0.08291670680046082,-0.0077157169580459595,-0.22694501280784607,-0.04905776306986809,-0.043283458799123764,lexical_category,llama,1801
21,-0.09596145153045654,-0.0058926306664943695,-0.23900112509727478,-0.04295480251312256,-0.04222146049141884,lexical_category,llama,1801
22,-0.0907394140958786,-0.018511857837438583,-0.21286293864250183,-0.03936775401234627,-0.03354007750749588,lexical_category,llama,1801
23,-0.08729280531406403,-0.005654923617839813,-0.2213183343410492,-0.035697732120752335,-0.036487989127635956,lexical_category,llama,1801
24,-0.08558852970600128,-0.02532561868429184,-0.25005143880844116,-0.04404885321855545,-0.03284410759806633,lexical_category,llama,1801
25,-0.08098410069942474,-0.05587538704276085,-0.2224808931350708,-0.03679149970412254,-0.03462207689881325,lexical_category,llama,1801
26,-0.07030779123306274,-0.012498419731855392,-0.22304445505142212,-0.044655632227659225,-0.03609585016965866,lexical_category,llama,1801
27,-0.08801497519016266,-0.03549077734351158,-0.23188577592372894,-0.03921540454030037,-0.035791538655757904,lexical_category,llama,1801
28,-0.0745682418346405,-0.03580594062805176,-0.20870348811149597,-0.04129272326827049,-0.03835710883140564,lexical_category,llama,1801
29,-0.08420819044113159,-0.03230416402220726,-0.22658993303775787,-0.04320795089006424,-0.033531468361616135,lexical_category,llama,1801
30,-0.07638780772686005,-0.01819835975766182,-0.23117434978485107,-0.0456855408847332,-0.03550376743078232,lexical_category,llama,1801
31,-0.08358609676361084,-0.052591677755117416,-0.22920943796634674,-0.03999811410903931,-0.03054540976881981,lexical_category,llama,1801
32,-0.06650638580322266,3.2376497983932495e-05,-0.21305003762245178,-0.04568282142281532,-0.04320348799228668,lexical_category,llama,1801
33,-0.10159982740879059,-0.020852800458669662,-0.24356576800346375,-0.0437793955206871,-0.03928637132048607,lexical_category,llama,1801
34,-0.08228614926338196,-0.03331916406750679,-0.21433378756046295,-0.041202809661626816,-0.03776847571134567,lexical_category,llama,1801
35,-0.07757657766342163,-0.022011123597621918,-0.22058458626270294,-0.04501970484852791,-0.03408382087945938,lexical_category,llama,1801
36,-0.05925838649272919,0.004290454089641571,-0.22300222516059875,-0.04153529927134514,-0.034743744879961014,lexical_category,llama,1801
37,-0.061510831117630005,-0.022630099207162857,-0.204152911901474,-0.035550009459257126,-0.02999936230480671,lexical_category,llama,1801
38,-0.07062201201915741,0.008036289364099503,-0.21495439112186432,-0.04076617583632469,-0.042782656848430634,lexical_category,llama,1801
39,-0.10147629678249359,0.011107563972473145,-0.2471781224012375,-0.03986193612217903,-0.04306554049253464,lexical_category,llama,1801
40,-0.07453875243663788,-0.003739144653081894,-0.2076956331729889,-0.039475876837968826,-0.042655255645513535,lexical_category,llama,1801
41,-0.0745222419500351,-0.004003658890724182,-0.22084468603134155,-0.04096836596727371,-0.037848100066185,lexical_category,llama,1801
42,-0.07697196304798126,-0.018451664596796036,-0.23579250276088715,-0.0384279228746891,-0.03821975365281105,lexical_category,llama,1801
43,-0.059865161776542664,-0.024015896022319794,-0.20454753935337067,-0.0367712564766407,-0.02978331223130226,lexical_category,llama,1801
44,-0.08131252229213715,-0.0018035396933555603,-0.22662785649299622,-0.03982705995440483,-0.04181002080440521,lexical_category,llama,1801
45,-0.09061408042907715,0.0009269937872886658,-0.2451523095369339,-0.037522997707128525,-0.04008097946643829,lexical_category,llama,1801
46,-0.07651761174201965,-0.013851750642061234,-0.21271273493766785,-0.04288528114557266,-0.03720854967832565,lexical_category,llama,1801
47,-0.0691012293100357,-0.013822309672832489,-0.20850996673107147,-0.03946058824658394,-0.03810971975326538,lexical_category,llama,1801
48,-0.08139863610267639,-0.01183990016579628,-0.23598775267601013,-0.04167446494102478,-0.03382495418190956,lexical_category,llama,1801
49,-0.08471861481666565,-0.035381071269512177,-0.21537986397743225,-0.03867411985993385,-0.0315299928188324,lexical_category,llama,1801
50,-0.0843992829322815,-0.019899364560842514,-0.2197197675704956,-0.04057394340634346,-0.03715113177895546,lexical_category,llama,1801
51,-0.09156560897827148,-0.022606469690799713,-0.23470166325569153,-0.036741144955158234,-0.040326833724975586,lexical_category,llama,1801
52,-0.08080630004405975,-0.01619063690304756,-0.21140700578689575,-0.041230808943510056,-0.04023834317922592,lexical_category,llama,1801
53,-0.08230282366275787,-0.006358630955219269,-0.22343601286411285,-0.039312295615673065,-0.03031836822628975,lexical_category,llama,1801
54,-0.07208962738513947,-0.014437586069107056,-0.23021629452705383,-0.04072214290499687,-0.03384614363312721,lexical_category,llama,1801
55,-0.06989799439907074,-0.033982567489147186,-0.20885230600833893,-0.033409297466278076,-0.034235887229442596,lexical_category,llama,1801
56,-0.077461376786232,-0.016639094799757004,-0.23376303911209106,-0.04861617088317871,-0.03535129874944687,lexical_category,llama,1801
57,-0.08433549106121063,-0.01683487743139267,-0.24249178171157837,-0.04001007601618767,-0.03549366816878319,lexical_category,llama,1801
58,-0.07552562654018402,-0.015137214213609695,-0.20442986488342285,-0.04136223718523979,-0.034191492944955826,lexical_category,llama,1801
59,-0.07725685834884644,-0.03274879232048988,-0.21138633787631989,-0.04421170800924301,-0.029781589284539223,lexical_category,llama,1801
60,-0.07920186221599579,-0.0008376799523830414,-0.225786954164505,-0.034043360501527786,-0.03673544153571129,lexical_category,llama,1801
61,-0.0776180624961853,-0.017625510692596436,-0.20901015400886536,-0.030987802892923355,-0.03708076849579811,lexical_category,llama,1801
62,-0.07861928641796112,-0.003026355057954788,-0.22852057218551636,-0.03759311884641647,-0.04428374022245407,lexical_category,llama,1801
63,-0.09450192749500275,-0.018339596688747406,-0.23640860617160797,-0.03498988226056099,-0.043173208832740784,lexical_category,llama,1801
64,-0.07376053929328918,-0.018741827458143234,-0.20221474766731262,-0.038728199899196625,-0.04140087589621544,lexical_category,llama,1801
65,-0.08474050462245941,-0.02007457986474037,-0.216856449842453,-0.03191075846552849,-0.0362372063100338,lexical_category,llama,1801
66,-0.09001611173152924,-0.030111968517303467,-0.2503051161766052,-0.0410795696079731,-0.028338074684143066,lexical_category,llama,1801
67,-0.07418885827064514,-0.04798044636845589,-0.21577678620815277,-0.037046562880277634,-0.03149787336587906,lexical_category,llama,1801
68,-0.07976675033569336,-0.012453529983758926,-0.22892749309539795,-0.04163458198308945,-0.03612692281603813,lexical_category,llama,1801
69,-0.09777788817882538,-0.025150611996650696,-0.23708036541938782,-0.039885737001895905,-0.034261398017406464,lexical_category,llama,1801
70,-0.08687028288841248,-0.051531944423913956,-0.2169947624206543,-0.037572361528873444,-0.04408771172165871,lexical_category,llama,1801
71,-0.08700491487979889,-0.027899347245693207,-0.2218981236219406,-0.04654693603515625,-0.040007445961236954,lexical_category,llama,1801
72,-0.08279362320899963,-0.030122671276330948,-0.23620674014091492,-0.04637424275279045,-0.03789812698960304,lexical_category,llama,1801
73,-0.0847962349653244,-0.039431843906641006,-0.23109246790409088,-0.0439668633043766,-0.03327108174562454,lexical_category,llama,1801
74,-0.08124366402626038,-0.018482215702533722,-0.22348836064338684,-0.04739692062139511,-0.04432259127497673,lexical_category,llama,1801
75,-0.10293194651603699,-0.028247620910406113,-0.25294291973114014,-0.04908517003059387,-0.04196258261799812,lexical_category,llama,1801
76,-0.08515296876430511,-0.033376406878232956,-0.21256832778453827,-0.040497247129678726,-0.03781086951494217,lexical_category,llama,1801
77,-0.08534632623195648,-0.03667533025145531,-0.22392302751541138,-0.04911717399954796,-0.03482472896575928,lexical_category,llama,1801
78,-0.07039636373519897,-0.012700516730546951,-0.22790385782718658,-0.04147312417626381,-0.036448560655117035,lexical_category,llama,1801
79,-0.06127077341079712,-0.02432921901345253,-0.20056003332138062,-0.032995518296957016,-0.028736863285303116,lexical_category,llama,1801
80,-0.07657262682914734,-0.01850808411836624,-0.2202303111553192,-0.041196491569280624,-0.04250803962349892,lexical_category,llama,1801
81,-0.09081825613975525,-0.008875209838151932,-0.24662446975708008,-0.03667084500193596,-0.041727013885974884,lexical_category,llama,1801
82,-0.0827074646949768,-0.022036578506231308,-0.20792393386363983,-0.03890443220734596,-0.03816928714513779,lexical_category,llama,1801
83,-0.060768917202949524,-0.02048831805586815,-0.2000104933977127,-0.04249836876988411,-0.03147267922759056,lexical_category,llama,1801
84,-0.06606335937976837,-0.002065233886241913,-0.2322390079498291,-0.0390968956053257,-0.038072653114795685,lexical_category,llama,1801
85,-0.0730522871017456,-0.03381038457155228,-0.22003072500228882,-0.03260917216539383,-0.03524050861597061,lexical_category,llama,1801
86,-0.06454393267631531,0.006017021834850311,-0.21667081117630005,-0.04690581560134888,-0.041620876640081406,lexical_category,llama,1801
87,-0.09812763333320618,0.008504580706357956,-0.2503175735473633,-0.040972981601953506,-0.039630528539419174,lexical_category,llama,1801
88,-0.09031246602535248,-0.013979259878396988,-0.22503617405891418,-0.04197957366704941,-0.039205968379974365,lexical_category,llama,1801
89,-0.07496550679206848,-0.007156401872634888,-0.21979516744613647,-0.037699609994888306,-0.03712441399693489,lexical_category,llama,1801
90,-0.07794158160686493,-0.010471422225236893,-0.23422464728355408,-0.03882209211587906,-0.032874204218387604,lexical_category,llama,1801
91,-0.06924253702163696,-0.026879793033003807,-0.20796942710876465,-0.03481875732541084,-0.03548777848482132,lexical_category,llama,1801
92,-0.09705999493598938,-0.01695229485630989,-0.2347833216190338,-0.04074931517243385,-0.04093092307448387,lexical_category,llama,1801
93,-0.10958924889564514,-0.003742702305316925,-0.24931053817272186,-0.04202944040298462,-0.03791845589876175,lexical_category,llama,1801
94,-0.08844452351331711,-0.035378195345401764,-0.20775550603866577,-0.03343775123357773,-0.03594755753874779,lexical_category,llama,1801
95,-0.06574505567550659,-0.023354556411504745,-0.20221906900405884,-0.04155362769961357,-0.03603280335664749,lexical_category,llama,1801
0,-0.054476603865623474,-0.007964249700307846,-0.2420964241027832,-0.03302673622965813,-0.039473261684179306,arithmetic_addition,llama,1801
1,-0.05519600212574005,-0.020216606557369232,-0.24205295741558075,-0.03873816132545471,-0.033247701823711395,arithmetic_addition,llama,1801
2,-0.043398529291152954,-0.02576463297009468,-0.2217492163181305,-0.04336559772491455,-0.03714849054813385,arithmetic_addition,llama,1801
3,-0.043079957365989685,-0.008138414472341537,-0.2256012111902237,-0.03248978406190872,-0.034524958580732346,arithmetic_addition,llama,1801
4,-0.0421280711889267,0.0066283829510211945,-0.21934914588928223,-0.04001779481768608,-0.036220043897628784,arithmetic_addition,llama,1801
5,-0.07761779427528381,-0.019454631954431534,-0.2458793669939041,-0.036446135491132736,-0.03504063934087753,arithmetic_addition,llama,1801
6,-0.054167211055755615,-0.00798376277089119,-0.24189424514770508,-0.03252414986491203,-0.03998369351029396,arithmetic_addition,llama,1801
7,-0.05399371683597565,-0.018653593957424164,-0.242982417345047,-0.0395202562212944,-0.03178311139345169,arithmetic_addition,llama,1801
8,-0.045857325196266174,-0.025543343275785446,-0.23271450400352478,-0.041041068732738495,-0.034164316952228546,arithmetic_addition,llama,1801
9,-0.051757559180259705,-0.013344816863536835,-0.23713606595993042,-0.029804052785038948,-0.03413974493741989,arithmetic_addition,llama,1801
10,-0.04944761097431183,-0.0033685527741909027,-0.230646014213562,-0.03884035348892212,-0.03791789710521698,arithmetic_addition,llama,1801
11,-0.07742650806903839,-0.027697350829839706,-0.24483616650104523,-0.03430093824863434,-0.037473034113645554,arithmetic_addition,llama,1801
12,-0.04165881872177124,-0.003428444266319275,-0.22653689980506897,-0.033046621829271317,-0.03865598887205124,arithmetic_addition,llama,1801
13,-0.049765631556510925,-0.014934223145246506,-0.23729613423347473,-0.03775480389595032,-0.03570886701345444,arithmetic_addition,llama,1801
14,-0.04899097979068756,-0.04327835515141487,-0.22735951840877533,-0.045440781861543655,-0.035743363201618195,arithmetic_addition,llama,1801
15,-0.04769967496395111,-0.003629494458436966,-0.23444002866744995,-0.03530042618513107,-0.03916769474744797,arithmetic_addition,llama,1801
16,-0.0434594601392746,0.007891487330198288,-0.2265283465385437,-0.04576511308550835,-0.03883390873670578,arithmetic_addition,llama,1801
17,-0.06112989783287048,-0.005136821419000626,-0.2379695475101471,-0.039187751710414886,-0.038732919842004776,arithmetic_addition,llama,1801
18,-0.047126710414886475,-0.012043178081512451,-0.23463602364063263,-0.03206290677189827,-0.039395179599523544,arithmetic_addition,llama,1801
19,-0.038750022649765015,-0.007708169519901276,-0.23103398084640503,-0.03988122195005417,-0.032150983810424805,arithmetic_addition,llama,1801
20,-0.039890140295028687,-0.022568829357624054,-0.21744205057621002,-0.04272286221385002,-0.036588169634342194,arithmetic_addition,llama,1801
21,-0.03942306339740753,-0.007264316082000732,-0.22435778379440308,-0.034908220171928406,-0.03505627438426018,arithmetic_addition,llama,1801
22,-0.039166539907455444,0.014925990253686905,-0.21586665511131287,-0.041905295103788376,-0.036450352519750595,arithmetic_addition,llama,1801
23,-0.07784013450145721,-0.010387066751718521,-0.24415571987628937,-0.038369473069906235,-0.03539225086569786,arithmetic_addition,llama,1801
24,-0.045005932450294495,-0.013688880950212479,-0.23472395539283752,-0.03455185890197754,-0.03895917907357216,arithmetic_addition,llama,1801
25,-0.050383731722831726,-0.01957019791007042,-0.24510633945465088,-0.03751858323812485,-0.03805175796151161,arithmetic_addition,llama,1801
26,-0.047234565019607544,-0.037006255239248276,-0.22923162579536438,-0.044404394924640656,-0.036003097891807556,arithmetic_addition,llama,1801
27,-0.04955160617828369,-0.0013974234461784363,-0.2392144799232483,-0.03555379807949066,-0.03804206848144531,arithmetic_addition,llama,1801
28,-0.06195273995399475,-0.010127339512109756,-0.2397257387638092,-0.04171127825975418,-0.035904381424188614,arithmetic_addition,llama,1801
29,-0.0763576477766037,-0.01227416843175888,-0.2515532374382019,-0.03919505327939987,-0.04173212870955467,arithmetic_addition,llama,1801
30,-0.047635629773139954,-0.010782033205032349,-0.23075704276561737,-0.03340338543057442,-0.03821845352649689,arithmetic_addition,llama,1801
31,-0.03848922252655029,-0.012074843049049377,-0.2283998727798462,-0.037606921046972275,-0.030907750129699707,arithmetic_addition,llama,1801
32,-0.050025373697280884,-0.03195811063051224,-0.22205328941345215,-0.04585619643330574,-0.03185395523905754,arithmetic_addition,llama,1801
33,-0.047923266887664795,-0.006564438343048096,-0.22724983096122742,-0.035431817173957825,-0.033242881298065186,arithmetic_addition,llama,1801
34,-0.045599162578582764,0.005470260977745056,-0.21669554710388184,-0.04424867406487465,-0.034777723252773285,arithmetic_addition,llama,1801
35,-0.07132793962955475,-0.008798062801361084,-0.23610499501228333,-0.037385862320661545,-0.03399223834276199,arithmetic_addition,llama,1801
36,-0.050637587904930115,-0.0138896144926548,-0.23964740335941315,-0.03449584171175957,-0.04099082946777344,arithmetic_addition,llama,1801
37,-0.04926815629005432,-0.011120405048131943,-0.2467798888683319,-0.04191574826836586,-0.033158741891384125,arithmetic_addition,llama,1801
38,-0.03836025297641754,-0.030618663877248764,-0.2208198606967926,-0.047023385763168335,-0.0366109199821949,arithmetic_addition,llama,1801
39,-0.04807823896408081,-0.00434296578168869,-0.23822064697742462,-0.03446667641401291,-0.03432261943817139,arithmetic_addition,llama,1801
40,-0.04859863221645355,-0.011364191770553589,-0.22889938950538635,-0.04334495589137077,-0.036470431834459305,arithmetic_addition,llama,1801
41,-0.07369580864906311,-0.004463639110326767,-0.25117963552474976,-0.04138556122779846,-0.03920675069093704,arithmetic_addition,llama,1801
42,-0.05534030497074127,-0.015987243503332138,-0.23623481392860413,-0.03524379804730415,-0.0434546023607254,arithmetic_addition,llama,1801
43,-0.06038390100002289,-0.010069917887449265,-0.24803034961223602,-0.040413666516542435,-0.035867683589458466,arithmetic_addition,llama,1801
44,-0.049861639738082886,-0.03070152923464775,-0.22569501399993896,-0.045243050903081894,-0.036980077624320984,arithmetic_addition,llama,1801
45,-0.05573438107967377,-0.0023442506790161133,-0.24220401048660278,-0.0316983237862587,-0.03465503454208374,arithmetic_addition,llama,1801
46,-0.052472591400146484,-0.005018576979637146,-0.22625944018363953,-0.04344065859913826,-0.03730710595846176,arithmetic_addition,llama,1801
47,-0.07103154063224792,0.002561870962381363,-0.2442500740289688,-0.04234970733523369,-0.037640027701854706,arithmetic_addition,llama,1801
48,-0.053417399525642395,-0.014043368399143219,-0.24029460549354553,-0.034156545996665955,-0.0395762138068676,arithmetic_addition,llama,1801
49,-0.047274768352508545,-0.013042405247688293,-0.23972520232200623,-0.04054899141192436,-0.031006695702672005,arithmetic_addition,llama,1801
50,-0.040805697441101074,-0.03360486030578613,-0.2198202908039093,-0.042496711015701294,-0.03621803596615791,arithmetic_addition,llama,1801
51,-0.045453473925590515,-0.003011029213666916,-0.22637824714183807,-0.03281235322356224,-0.03606051951646805,arithmetic_addition,llama,1801
52,-0.03454400599002838,0.011609315872192383,-0.21125447750091553,-0.04149363562464714,-0.03755732253193855,arithmetic_addition,llama,1801
53,-0.07848994433879852,-0.003657616674900055,-0.24485495686531067,-0.03916716203093529,-0.03651890531182289,arithmetic_addition,llama,1801
54,-0.058234333992004395,-0.005845893174409866,-0.24377501010894775,-0.031051071360707283,-0.04134267568588257,arithmetic_addition,llama,1801
55,-0.06754697859287262,-0.02083529159426689,-0.25112807750701904,-0.040448326617479324,-0.031148139387369156,arithmetic_addition,llama,1801
56,-0.04457119107246399,-0.030031371861696243,-0.23380687832832336,-0.03853118419647217,-0.03496222570538521,arithmetic_addition,llama,1801
57,-0.05790184438228607,-0.015372145920991898,-0.2447090595960617,-0.03018255904316902,-0.036179784685373306,arithmetic_addition,llama,1801
58,-0.05008804798126221,-0.005515202879905701,-0.23375315964221954,-0.03973653167486191,-0.03921475633978844,arithmetic_addition,llama,1801
59,-0.0743897557258606,-0.021058671176433563,-0.24135571718215942,-0.03579596057534218,-0.039741236716508865,arithmetic_addition,llama,1801
60,-0.05819350481033325,-0.004776217043399811,-0.2345615178346634,-0.03224838897585869,-0.040589749813079834,arithmetic_addition,llama,1801
61,-0.06127072870731354,-0.00472317636013031,-0.24673813581466675,-0.040891293436288834,-0.03247026354074478,arithmetic_addition,llama,1801
62,-0.04739902913570404,-0.03543522208929062,-0.2175867259502411,-0.043218255043029785,-0.03503817319869995,arithmetic_addition,llama,1801
63,-0.05719566345214844,-0.0032256171107292175,-0.23471027612686157,-0.032826751470565796,-0.036188386380672455,arithmetic_addition,llama,1801
64,-0.038348063826560974,0.0029191486537456512,-0.204600527882576,-0.042787302285432816,-0.03587700426578522,arithmetic_addition,llama,1801
65,-0.062657430768013,0.00496591255068779,-0.22291894257068634,-0.04164419695734978,-0.035017386078834534,arithmetic_addition,llama,1801
66,-0.04470333456993103,-0.008480619639158249,-0.2298792600631714,-0.0318855382502079,-0.039382074028253555,arithmetic_addition,llama,1801
67,-0.044765278697013855,-0.00777067244052887,-0.23560087382793427,-0.03908880800008774,-0.03463995084166527,arithmetic_addition,llama,1801
68,-0.041411951184272766,-0.022602099925279617,-0.22407524287700653,-0.040338609367609024,-0.034189093858003616,arithmetic_addition,llama,1801
69,-0.04228195548057556,-0.006372999399900436,-0.2317582368850708,-0.034976452589035034,-0.03524888679385185,arithmetic_addition,llama,1801
70,-0.04546542465686798,0.011666234582662582,-0.22586692869663239,-0.043737124651670456,-0.037589285522699356,arithmetic_addition,llama,1801
71,-0.07695885002613068,-0.013284958899021149,-0.24814411997795105,-0.03927788510918617,-0.036863043904304504,arithmetic_addition,llama,1801
72,-0.053378909826278687,-0.007588256150484085,-0.2343054562807083,-0.02936229296028614,-0.04114014282822609,arithmetic_addition,llama,1801
73,-0.04936876893043518,-0.01381758600473404,-0.24413534998893738,-0.03512309491634369,-0.0344768725335598,arithmetic_addition,llama,1801
74,-0.05130341649055481,-0.04053470492362976,-0.22917933762073517,-0.043139707297086716,-0.0346655435860157,arithmetic_addition,llama,1801
75,-0.04480607807636261,-0.0028876028954982758,-0.23190292716026306,-0.03348120301961899,-0.0349515900015831,arithmetic_addition,llama,1801
76,-0.043678537011146545,-0.0088239386677742,-0.21826106309890747,-0.04121360182762146,-0.03803149238228798,arithmetic_addition,llama,1801
77,-0.06030045449733734,-0.002422124147415161,-0.231386199593544,-0.04421525076031685,-0.03588230162858963,arithmetic_addition,llama,1801
78,-0.054741039872169495,-0.0044717937707901,-0.23455305397510529,-0.03157766908407211,-0.041573040187358856,arithmetic_addition,llama,1801
79,-0.04567837715148926,-0.006122186779975891,-0.23725132644176483,-0.038513489067554474,-0.030799154192209244,arithmetic_addition,llama,1801
80,-0.05886469781398773,-0.03996283560991287,-0.23249973356723785,-0.04683861508965492,-0.033202625811100006,arithmetic_addition,llama,1801
81,-0.04388968646526337,-0.0026087798178195953,-0.22668971121311188,-0.037867188453674316,-0.033678606152534485,arithmetic_addition,llama,1801
82,-0.04637502133846283,-0.00432761013507843,-0.21651403605937958,-0.042625583708286285,-0.0397210568189621,arithmetic_addition,llama,1801
83,-0.07192298769950867,-0.003875892609357834,-0.2393081933259964,-0.041315607726573944,-0.033124763518571854,arithmetic_addition,llama,1801
84,-0.04373574256896973,-0.007781334221363068,-0.23570074141025543,-0.033058833330869675,-0.04206732660531998,arithmetic_addition,llama,1801
85,-0.05190713703632355,-0.01565730944275856,-0.24770265817642212,-0.0424516536295414,-0.033396098762750626,arithmetic_addition,llama,1801
86,-0.037602946162223816,-0.031542520970106125,-0.2227252721786499,-0.04150521382689476,-0.03858489170670509,arithmetic_addition,llama,1801
87,-0.045776739716529846,-0.004569947719573975,-0.23231422901153564,-0.035066936165094376,-0.03859206289052963,arithmetic_addition,llama,1801
88,-0.04384283721446991,-0.004501819610595703,-0.228058859705925,-0.03851187974214554,-0.041207049041986465,arithmetic_addition,llama,1801
89,-0.06412361562252045,0.003878507763147354,-0.24066123366355896,-0.038000889122486115,-0.04221609607338905,arithmetic_addition,llama,1801
90,-0.054720282554626465,-0.001343991607427597,-0.23008236289024353,-0.03236377611756325,-0.045990951359272,arithmetic_addition,llama,1801
91,-0.06801635026931763,-0.007321689277887344,-0.2510124742984772,-0.0392005518078804,-0.03562500700354576,arithmetic_addition,llama,1801
92,-0.047470465302467346,-0.011713843792676926,-0.22543108463287354,-0.04345368966460228,-0.031608495861291885,arithmetic_addition,llama,1801
93,-0.05859948694705963,0.0012810565531253815,-0.24071712791919708,-0.030572399497032166,-0.034703128039836884,arithmetic_addition,llama,1801
94,-0.043786853551864624,0.011924352496862411,-0.2204587757587433,-0.04391677305102348,-0.03646276146173477,arithmetic_addition,llama,1801
95,-0.06494943797588348,0.011404994875192642,-0.23411138355731964,-0.04279160872101784,-0.03897829353809357,arithmetic_addition,llama,1801
0,-0.20404009521007538,-0.09789913892745972,-0.20735479891300201,-0.0491999052464962,-0.034712180495262146,arc_challenge,llama,1801
1,-0.20019498467445374,-0.0637706071138382,-0.20636355876922607,-0.04025743529200554,-0.03693757578730583,arc_challenge,llama,1801
2,-0.2098149210214615,-0.01111946627497673,-0.19692398607730865,-0.039876021444797516,-0.03415364399552345,arc_challenge,llama,1801
3,-0.2190914750099182,-0.06929632276296616,-0.2436922937631607,-0.039809148758649826,-0.037966057658195496,arc_challenge,llama,1801
4,-0.22509868443012238,-0.05245467275381088,-0.23942634463310242,-0.025076957419514656,-0.03534095734357834,arc_challenge,llama,1801
5,-0.19172370433807373,-0.06587757170200348,-0.21462973952293396,-0.050057388842105865,-0.03124513477087021,arc_challenge,llama,1801
6,-0.19983810186386108,-0.06383483111858368,-0.21772286295890808,-0.05062785744667053,-0.024716509506106377,arc_challenge,llama,1801
7,-0.21200132369995117,-0.07865075021982193,-0.22538042068481445,-0.04814102128148079,-0.03786785155534744,arc_challenge,llama,1801
8,-0.1790221631526947,-0.016998756676912308,-0.2153823971748352,-0.04118220880627632,-0.03576848655939102,arc_challenge,llama,1801
9,-0.20353078842163086,-0.058379076421260834,-0.22620536386966705,-0.03811967745423317,-0.03483575955033302,arc_challenge,llama,1801
10,-0.20934319496154785,-0.03789420798420906,-0.21526312828063965,-0.03796965256333351,-0.024633092805743217,arc_challenge,llama,1801
11,-0.22499696910381317,-0.06793148070573807,-0.24150162935256958,-0.027378737926483154,-0.024782827123999596,arc_challenge,llama,1801
12,-0.19206014275550842,-0.06766209006309509,-0.20071478188037872,-0.038238026201725006,-0.034997258335351944,arc_challenge,llama,1801
13,-0.21207818388938904,-0.06451839953660965,-0.23952925205230713,-0.04721781238913536,-0.03458581119775772,arc_challenge,llama,1801
14,-0.1969134360551834,-0.05151442065834999,-0.21729671955108643,-0.04396257549524307,-0.02303469553589821,arc_challenge,llama,1801
15,-0.19512495398521423,-0.04918263852596283,-0.19403985142707825,-0.03846142068505287,-0.030158959329128265,arc_challenge,llama,1801
16,-0.2159392386674881,-0.024730809032917023,-0.22691680490970612,-0.04170268028974533,-0.02780674211680889,arc_challenge,llama,1801
17,-0.2149844914674759,-0.09776883572340012,-0.23030731081962585,-0.03172778710722923,-0.03413979336619377,arc_challenge,llama,1801
18,-0.1740778386592865,-0.015275501646101475,-0.19988806545734406,-0.04056346043944359,-0.03747013583779335,arc_challenge,llama,1801
19,-0.20753589272499084,-0.06198110431432724,-0.23229725658893585,-0.04165345057845116,-0.030695267021656036,arc_challenge,llama,1801
20,-0.23548796772956848,-0.05663006007671356,-0.25130710005760193,-0.04146364703774452,-0.030324338003993034,arc_challenge,llama,1801
21,-0.19557496905326843,-0.0671810582280159,-0.2123485952615738,-0.03889264911413193,-0.03229974955320358,arc_challenge,llama,1801
22,-0.2267589569091797,-0.07591912895441055,-0.24884194135665894,-0.04056677222251892,-0.028556134551763535,arc_challenge,llama,1801
23,-0.18412087857723236,-0.0641222819685936,-0.2106369137763977,-0.043885357677936554,-0.02012290433049202,arc_challenge,llama,1801
24,-0.2169833928346634,-0.09447811543941498,-0.22741428017616272,-0.03963259980082512,-0.04020398110151291,arc_challenge,llama,1801
25,-0.20264177024364471,-0.07326704263687134,-0.2236502319574356,-0.03908075764775276,-0.038327958434820175,arc_challenge,llama,1801
26,-0.18461650609970093,-0.03729560226202011,-0.21460241079330444,-0.04765958711504936,-0.03336793929338455,arc_challenge,llama,1801
27,-0.21867917478084564,-0.10361182689666748,-0.24601128697395325,-0.03701410070061684,-0.038506824523210526,arc_challenge,llama,1801
28,-0.1981418877840042,-0.06650058180093765,-0.22448086738586426,-0.04078720137476921,-0.023815996944904327,arc_challenge,llama,1801
29,-0.187259241938591,-0.05012400820851326,-0.21878811717033386,-0.041032109409570694,-0.02234509587287903,arc_challenge,llama,1801
30,-0.20792214572429657,-0.050217896699905396,-0.2098790556192398,-0.04078223928809166,-0.03570619598031044,arc_challenge,llama,1801
31,-0.2136910855770111,-0.05716659128665924,-0.20704682171344757,-0.039445437490940094,-0.04247836768627167,arc_challenge,llama,1801
32,-0.19963213801383972,-0.07694873213768005,-0.21763567626476288,-0.04570348933339119,-0.03928109258413315,arc_challenge,llama,1801
33,-0.21947640180587769,-0.06956532597541809,-0.21072320640087128,-0.04321064427495003,-0.035160575062036514,arc_challenge,llama,1801
34,-0.18514132499694824,-0.02699475735425949,-0.20839878916740417,-0.0373503677546978,-0.03874972090125084,arc_challenge,llama,1801
35,-0.17594864964485168,-0.03097466379404068,-0.1990024745464325,-0.043932247906923294,-0.030568523332476616,arc_challenge,llama,1801
36,-0.21580027043819427,-0.06816894561052322,-0.22013860940933228,-0.03738901764154434,-0.03716010972857475,arc_challenge,llama,1801
37,-0.18093526363372803,-0.061136335134506226,-0.2010209560394287,-0.04740738496184349,-0.032897479832172394,arc_challenge,llama,1801
38,-0.21433097124099731,-0.08544645458459854,-0.22718457877635956,-0.038161903619766235,-0.027415059506893158,arc_challenge,llama,1801
39,-0.20915637910366058,-0.044545918703079224,-0.22297193109989166,-0.03777805715799332,-0.03269140422344208,arc_challenge,llama,1801
40,-0.17164596915245056,-0.08177723735570908,-0.20250935852527618,-0.04925411939620972,-0.03116830438375473,arc_challenge,llama,1801
41,-0.23520992696285248,-0.06648323684930801,-0.2548198401927948,-0.04453194513916969,-0.02795456536114216,arc_challenge,llama,1801
42,-0.19886870682239532,-0.06166703626513481,-0.210221529006958,-0.03718293458223343,-0.033732883632183075,arc_challenge,llama,1801
43,-0.21250131726264954,-0.035803116858005524,-0.2234206646680832,-0.03473527356982231,-0.032209184020757675,arc_challenge,llama,1801
44,-0.21271567046642303,-0.09079066663980484,-0.22573837637901306,-0.03985356166958809,-0.03328363224864006,arc_challenge,llama,1801
45,-0.16193784773349762,-0.0451795756816864,-0.18948736786842346,-0.03155414015054703,-0.03162013366818428,arc_challenge,llama,1801
46,-0.20814111828804016,-0.06212879344820976,-0.23541100323200226,-0.028830820694565773,-0.02472645230591297,arc_challenge,llama,1801
47,-0.21504268050193787,-0.06218066066503525,-0.22675438225269318,-0.044194187968969345,-0.030770309269428253,arc_challenge,llama,1801
48,-0.19929596781730652,-0.06026709824800491,-0.22257889807224274,-0.027745041996240616,-0.028309950605034828,arc_challenge,llama,1801
49,-0.2249116599559784,-0.07243547588586807,-0.23649907112121582,-0.03873002901673317,-0.029416415840387344,arc_challenge,llama,1801
50,-0.2305142879486084,-0.0418323390185833,-0.2424355447292328,-0.040138691663742065,-0.02877551130950451,arc_challenge,llama,1801
51,-0.2243003100156784,-0.0579962283372879,-0.2395080029964447,-0.042328812181949615,-0.03563569486141205,arc_challenge,llama,1801
52,-0.22535008192062378,-0.10132985562086105,-0.2392706573009491,-0.036497559398412704,-0.03425860032439232,arc_challenge,llama,1801
53,-0.210655078291893,-0.049387890845537186,-0.2344023585319519,-0.05635634809732437,-0.03245081007480621,arc_challenge,llama,1801
54,-0.19763652980327606,-0.0475904643535614,-0.2210569828748703,-0.0451866053044796,-0.0344257652759552,arc_challenge,llama,1801
55,-0.21910810470581055,-0.06493907421827316,-0.2409490942955017,-0.039078980684280396,-0.031164033338427544,arc_challenge,llama,1801
56,-0.21540860831737518,-0.06681296229362488,-0.2327485978603363,-0.04174109920859337,-0.02469097636640072,arc_challenge,llama,1801
57,-0.21656344830989838,-0.0650455504655838,-0.23287200927734375,-0.0475873239338398,-0.024660421535372734,arc_challenge,llama,1801
58,-0.20525537431240082,-0.036102503538131714,-0.23113805055618286,-0.03719089552760124,-0.025504129007458687,arc_challenge,llama,1801
59,-0.20037813484668732,-0.047623101621866226,-0.21840119361877441,-0.040381792932748795,-0.02319096215069294,arc_challenge,llama,1801
60,-0.2040153294801712,-0.042664628475904465,-0.23383530974388123,-0.03346988931298256,-0.038727615028619766,arc_challenge,llama,1801
61,-0.18527114391326904,-0.08093978464603424,-0.19236069917678833,-0.04843030124902725,-0.030480261892080307,arc_challenge,llama,1801
62,-0.18346130847930908,-0.07541310787200928,-0.19600489735603333,-0.041920606046915054,-0.03988973796367645,arc_challenge,llama,1801
63,-0.21244537830352783,-0.06649834662675858,-0.22902826964855194,-0.041383855044841766,-0.05179421231150627,arc_challenge,llama,1801
64,-0.20578335225582123,-0.041165176779031754,-0.2438877522945404,-0.04477982968091965,-0.02978629246354103,arc_challenge,llama,1801
65,-0.22090426087379456,-0.09056578576564789,-0.22821909189224243,-0.045075464993715286,-0.044524237513542175,arc_challenge,llama,1801
66,-0.1909436285495758,-0.05057641863822937,-0.20761288702487946,-0.03167502209544182,-0.03246884047985077,arc_challenge,llama,1801
67,-0.201133593916893,-0.05476246401667595,-0.21896986663341522,-0.04048394784331322,-0.039054956287145615,arc_challenge,llama,1801
68,-0.21254178881645203,-0.0682520791888237,-0.22170881927013397,-0.04280677065253258,-0.023874333128333092,arc_challenge,llama,1801
69,-0.2329256683588028,-0.08629905432462692,-0.254977822303772,-0.039241086691617966,-0.02660057321190834,arc_challenge,llama,1801
70,-0.2105501890182495,-0.05031488463282585,-0.23592977225780487,-0.03877433016896248,-0.031094830483198166,arc_challenge,llama,1801
71,-0.23013828694820404,-0.046681083738803864,-0.23664173483848572,-0.040004462003707886,-0.038918495178222656,arc_challenge,llama,1801
72,-0.22635623812675476,-0.017969178035855293,-0.2470535933971405,-0.04223334416747093,-0.0307681392878294,arc_challenge,llama,1801
73,-0.20749139785766602,-0.046864114701747894,-0.22524964809417725,-0.034541383385658264,-0.02519114688038826,arc_challenge,llama,1801
74,-0.20216673612594604,-0.06088312342762947,-0.22779271006584167,-0.03209367021918297,-0.027127115055918694,arc_challenge,llama,1801
75,-0.19747300446033478,-0.09949086606502533,-0.22816398739814758,-0.03827064484357834,-0.02406243421137333,arc_challenge,llama,1801
76,-0.19701863825321198,-0.05333253741264343,-0.2237752228975296,-0.04443857818841934,-0.030116578564047813,arc_challenge,llama,1801
77,-0.18122652173042297,-0.030415061861276627,-0.20892739295959473,-0.04382234811782837,-0.033714160323143005,arc_challenge,llama,1801
78,-0.21685369312763214,-0.07142741978168488,-0.22752360999584198,-0.040685463696718216,-0.031047644093632698,arc_challenge,llama,1801
79,-0.14316675066947937,-0.06673230975866318,-0.16179072856903076,-0.032319601625204086,-0.025462696328759193,arc_challenge,llama,1801
80,-0.18792840838432312,-0.034951090812683105,-0.2134055644273758,-0.04216652363538742,-0.03484160453081131,arc_challenge,llama,1801
81,-0.22412927448749542,-0.06930195540189743,-0.2332267165184021,-0.043419212102890015,-0.04095850884914398,arc_challenge,llama,1801
82,-0.21251776814460754,-0.05178533494472504,-0.22670087218284607,-0.040952302515506744,-0.028747329488396645,arc_challenge,llama,1801
83,-0.1910841464996338,-0.062499891966581345,-0.21539655327796936,-0.031863097101449966,-0.0322689451277256,arc_challenge,llama,1801
84,-0.20397070050239563,-0.06288322806358337,-0.20388737320899963,-0.0501868836581707,-0.03908368572592735,arc_challenge,llama,1801
85,-0.20006635785102844,-0.06583297252655029,-0.23765376210212708,-0.03391170874238014,-0.028164882212877274,arc_challenge,llama,1801
86,-0.20316295325756073,-0.06340979039669037,-0.2222253680229187,-0.043074604123830795,-0.026884475722908974,arc_challenge,llama,1801
87,-0.2125978171825409,-0.05392266809940338,-0.24244213104248047,-0.041550539433956146,-0.03829680755734444,arc_challenge,llama,1801
88,-0.19242212176322937,-0.05877019092440605,-0.2077072262763977,-0.046089816838502884,-0.034719109535217285,arc_challenge,llama,1801
89,-0.22358092665672302,-0.08136747777462006,-0.2535763382911682,-0.02605668641626835,-0.035231489688158035,arc_challenge,llama,1801
90,-0.19964240491390228,-0.06272920966148376,-0.21660606563091278,-0.03399408608675003,-0.038104526698589325,arc_challenge,llama,1801
91,-0.1973787546157837,-0.06798645108938217,-0.21850180625915527,-0.04612427204847336,-0.03660828247666359,arc_challenge,llama,1801
92,-0.19722622632980347,-0.08066599071025848,-0.2043430358171463,-0.03701334819197655,-0.0318879634141922,arc_challenge,llama,1801
93,-0.20441049337387085,-0.05251361057162285,-0.21993376314640045,-0.048889558762311935,-0.04046411067247391,arc_challenge,llama,1801
94,-0.22568818926811218,-0.09091795235872269,-0.255502313375473,-0.044614020735025406,-0.021436205133795738,arc_challenge,llama,1801
95,-0.1967080980539322,-0.05095837265253067,-0.2278820276260376,-0.036391038447618484,-0.03218797966837883,arc_challenge,llama,1801
0,-0.07035013288259506,-0.0454975962638855,-0.19256731867790222,-0.04111659154295921,-0.04192086309194565,lexical_category,llama,1802
1,-0.09871458262205124,-0.024735553190112114,-0.21074296534061432,-0.04257720336318016,-0.04135683923959732,lexical_category,llama,1802
2,-0.0799170732498169,-0.011141885071992874,-0.21115851402282715,-0.04538727179169655,-0.03057711385190487,lexical_category,llama,1802
3,-0.11521506309509277,-0.040692269802093506,-0.20815128087997437,-0.042687974870204926,-0.03877007216215134,lexical_category,llama,1802
4,-0.09547802060842514,-0.027488775551319122,-0.20885884761810303,-0.044181786477565765,-0.03549584001302719,lexical_category,llama,1802
5,-0.10942717641592026,-0.03678159415721893,-0.2265479564666748,-0.03940882533788681,-0.04043962061405182,lexical_category,llama,1802
6,-0.059342458844184875,-0.018427256494760513,-0.18982897698879242,-0.0376683734357357,-0.037277646362781525,lexical_category,llama,1802
7,-0.10387066006660461,-0.03538558632135391,-0.21078838407993317,-0.040609847754240036,-0.04211005941033363,lexical_category,llama,1802
8,-0.08242304623126984,0.002069242298603058,-0.21624532341957092,-0.0365232452750206,-0.030779775232076645,lexical_category,llama,1802
9,-0.11184076964855194,-0.03287683427333832,-0.202907532453537,-0.046119388192892075,-0.037197038531303406,lexical_category,llama,1802
10,-0.09781825542449951,-0.01715201884508133,-0.19987216591835022,-0.04099288210272789,-0.0344085730612278,lexical_category,llama,1802
11,-0.1102740615606308,-0.0356113538146019,-0.23008552193641663,-0.037675805389881134,-0.03365025296807289,lexical_category,llama,1802
12,-0.07411474734544754,-0.01769828051328659,-0.19893361628055573,-0.04125206544995308,-0.03453455865383148,lexical_category,llama,1802
13,-0.10188886523246765,-0.007100421003997326,-0.20526733994483948,-0.03585030511021614,-0.03420965373516083,lexical_category,llama,1802
14,-0.08701688051223755,0.023379655554890633,-0.2180459350347519,-0.04694691300392151,-0.031215276569128036,lexical_category,llama,1802
15,-0.11483190208673477,-0.045812834054231644,-0.2214585542678833,-0.04875830188393593,-0.029842743650078773,lexical_category,llama,1802
16,-0.10408277809619904,-0.0182848758995533,-0.20526325702667236,-0.0430845282971859,-0.03362950310111046,lexical_category,llama,1802
17,-0.09239564836025238,-0.03751200810074806,-0.21845409274101257,-0.04148781672120094,-0.03148357570171356,lexical_category,llama,1802
18,-0.08009199798107147,-0.005731767043471336,-0.19542951881885529,-0.04521353915333748,-0.037223462015390396,lexical_category,llama,1802
19,-0.09787960350513458,-0.03748222440481186,-0.19976657629013062,-0.03702256828546524,-0.03438417240977287,lexical_category,llama,1802
20,-0.11212660372257233,0.003695933148264885,-0.2278633564710617,-0.04805389791727066,-0.034499239176511765,lexical_category,llama,1802
21,-0.11172959953546524,-0.055588819086551666,-0.20350594818592072,-0.047409068793058395,-0.03104519471526146,lexical_category,llama,1802
22,-0.10462719202041626,-0.011611796915531158,-0.21444721519947052,-0.04695233702659607,-0.027073493227362633,lexical_category,llama,1802
23,-0.10142036527395248,-0.034170664846897125,-0.2125159353017807,-0.04254749417304993,-0.04268328845500946,lexical_category,llama,1802
24,-0.0555935874581337,-0.013203535228967667,-0.1598396897315979,-0.037991996854543686,-0.032366689294576645,lexical_category,llama,1802
25,-0.10745687037706375,-0.06080874428153038,-0.19907096028327942,-0.0483814962208271,-0.033748820424079895,lexical_category,llama,1802
26,-0.09082282334566116,-0.014316312968730927,-0.20863601565361023,-0.04492243751883507,-0.03250844031572342,lexical_category,llama,1802
27,-0.11666905134916306,-0.031123165041208267,-0.2022232711315155,-0.048759669065475464,-0.03189379721879959,lexical_category,llama,1802
28,-0.11265463382005692,-0.015357961878180504,-0.2088950276374817,-0.039642222225666046,-0.029423804953694344,lexical_category,llama,1802
29,-0.0851001963019371,-0.03301210701465607,-0.2042459398508072,-0.0472668781876564,-0.03635234013199806,lexical_category,llama,1802
30,-0.07114330679178238,0.0023487620055675507,-0.18654243648052216,-0.04088916629552841,-0.03774702176451683,lexical_category,llama,1802
31,-0.09574547410011292,-0.045568566769361496,-0.20918700098991394,-0.044770848006010056,-0.037123825401067734,lexical_category,llama,1802
32,-0.100450299680233,-0.005219411104917526,-0.22514837980270386,-0.04856163263320923,-0.026223331689834595,lexical_category,llama,1802
33,-0.11088026314973831,-0.029998697340488434,-0.2049316167831421,-0.04872836917638779,-0.03535398468375206,lexical_category,llama,1802
34,-0.12126405537128448,-0.01840115524828434,-0.22498810291290283,-0.03958827257156372,-0.025567304342985153,lexical_category,llama,1802
35,-0.10339698195457458,-0.02835487574338913,-0.21888098120689392,-0.04940442368388176,-0.03595038503408432,lexical_category,llama,1802
36,-0.07389160990715027,-0.030177906155586243,-0.20104482769966125,-0.03607640787959099,-0.03257615864276886,lexical_category,llama,1802
37,-0.10833048075437546,-0.03858046978712082,-0.20835082232952118,-0.04064441844820976,-0.03607083112001419,lexical_category,llama,1802
38,-0.10284578055143356,-0.023230401799082756,-0.2205115556716919,-0.042799919843673706,-0.03716272488236427,lexical_category,llama,1802
39,-0.10558098554611206,-0.0325302854180336,-0.19575026631355286,-0.04817258194088936,-0.03917483985424042,lexical_category,llama,1802
40,-0.09634409844875336,-0.026437237858772278,-0.20074811577796936,-0.042791806161403656,-0.032903041690588,lexical_category,llama,1802
41,-0.1151198297739029,-0.04235062003135681,-0.2230055332183838,-0.042981427162885666,-0.028215792030096054,lexical_category,llama,1802
42,-0.07125315070152283,-0.019865278154611588,-0.20056727528572083,-0.044401027262210846,-0.03727685660123825,lexical_category,llama,1802
43,-0.08681397140026093,-0.01331284362822771,-0.19886764883995056,-0.04056139662861824,-0.03406953066587448,lexical_category,llama,1802
44,-0.10602566599845886,-0.012119517661631107,-0.23615849018096924,-0.047221746295690536,-0.029156891629099846,lexical_category,llama,1802
45,-0.10403431206941605,-0.03939645364880562,-0.22759461402893066,-0.05341489240527153,-0.03273693472146988,lexical_category,llama,1802
46,-0.09878535568714142,-0.03899957612156868,-0.20436832308769226,-0.0414244718849659,-0.03706308454275131,lexical_category,llama,1802
47,-0.11687865853309631,-0.04802683740854263,-0.2439194619655609,-0.03936103731393814,-0.042286910116672516,lexical_category,llama,1802
48,-0.06049317121505737,-0.013544682413339615,-0.18994373083114624,-0.034776341170072556,-0.038292042911052704,lexical_category,llama,1802
49,-0.09650921076536179,-0.03800831735134125,-0.21555490791797638,-0.0371633805334568,-0.04131387174129486,lexical_category,llama,1802
50,-0.09430591762065887,-0.012353191152215004,-0.22999069094657898,-0.04065404087305069,-0.03200789541006088,lexical_category,llama,1802
51,-0.10784074664115906,-0.029913850128650665,-0.21675387024879456,-0.04752832651138306,-0.03435313329100609,lexical_category,llama,1802
52,-0.08495517820119858,-0.0006168689578771591,-0.2032693326473236,-0.03869276121258736,-0.03680252283811569,lexical_category,llama,1802
53,-0.09005772322416306,-0.029268870130181313,-0.21296226978302002,-0.04171047732234001,-0.03557947650551796,lexical_category,llama,1802
54,-0.07323981821537018,-0.014930818229913712,-0.19909851253032684,-0.0358913317322731,-0.03781624510884285,lexical_category,llama,1802
55,-0.10560843348503113,-0.027246585115790367,-0.2103663682937622,-0.030972586944699287,-0.033466633409261703,lexical_category,llama,1802
56,-0.09755918383598328,-0.004114951938390732,-0.23183846473693848,-0.03638579323887825,-0.03858625516295433,lexical_category,llama,1802
57,-0.11535397917032242,-0.04858952760696411,-0.21233445405960083,-0.041020121425390244,-0.03123890422284603,lexical_category,llama,1802
58,-0.09592898935079575,-0.023410284891724586,-0.208402618765831,-0.040653493255376816,-0.03744044527411461,lexical_category,llama,1802
59,-0.10188543796539307,-0.037088558077812195,-0.22967705130577087,-0.03681569918990135,-0.033051811158657074,lexical_category,llama,1802
60,-0.09667710959911346,-0.020555326715111732,-0.21572700142860413,-0.036751389503479004,-0.04154164344072342,lexical_category,llama,1802
61,-0.10991864651441574,-0.028471481055021286,-0.2233199179172516,-0.041071634739637375,-0.03391330689191818,lexical_category,llama,1802
62,-0.09500284492969513,-0.00965920276939869,-0.2176322340965271,-0.05120488628745079,-0.028315432369709015,lexical_category,llama,1802
63,-0.10876379162073135,-0.03407962620258331,-0.20767857134342194,-0.045830171555280685,-0.03373945504426956,lexical_category,llama,1802
64,-0.10043656080961227,-0.006958063691854477,-0.2157181352376938,-0.04227014258503914,-0.03270720690488815,lexical_category,llama,1802
65,-0.09818936139345169,-0.04124479368329048,-0.21385468542575836,-0.040465690195560455,-0.04343640059232712,lexical_category,llama,1802
66,-0.0634261891245842,-0.0056389737874269485,-0.17883515357971191,-0.0405506007373333,-0.033666230738162994,lexical_category,llama,1802
67,-0.09643064439296722,-0.036087922751903534,-0.207806795835495,-0.04378160834312439,-0.03271972015500069,lexical_category,llama,1802
68,-0.07677896320819855,0.013888194225728512,-0.2057308703660965,-0.04411270469427109,-0.025127965956926346,lexical_category,llama,1802
69,-0.11613697558641434,-0.01821000874042511,-0.20700415968894958,-0.04476571083068848,-0.028148915618658066,lexical_category,llama,1802
70,-0.11043369024991989,-0.046185415238142014,-0.22333630919456482,-0.040915846824645996,-0.027781715616583824,lexical_category,llama,1802
71,-0.08021219819784164,-0.030493812635540962,-0.19931770861148834,-0.04333891347050667,-0.03558223694562912,lexical_category,llama,1802
72,-0.061069220304489136,-0.008503718301653862,-0.18986999988555908,-0.04030519351363182,-0.03620005026459694,lexical_category,llama,1802
73,-0.08639390021562576,-0.0322386771440506,-0.2093186229467392,-0.04598333686590195,-0.03242309391498566,lexical_category,llama,1802
74,-0.12110898643732071,-0.02285504713654518,-0.24529272317886353,-0.04855039715766907,-0.030986646190285683,lexical_category,llama,1802
75,-0.09657725691795349,-0.03701898455619812,-0.21133282780647278,-0.04656585305929184,-0.03614028915762901,lexical_category,llama,1802
76,-0.09868423640727997,0.010420180857181549,-0.21747338771820068,-0.04036324471235275,-0.0263280738145113,lexical_category,llama,1802
77,-0.08757171034812927,-0.02950664423406124,-0.21481454372406006,-0.04429834336042404,-0.039498306810855865,lexical_category,llama,1802
78,-0.06457113474607468,-0.0051888953894376755,-0.18696092069149017,-0.04219135642051697,-0.03806138411164284,lexical_category,llama,1802
79,-0.11497523635625839,-0.024079006165266037,-0.21574482321739197,-0.04149729013442993,-0.036702387034893036,lexical_category,llama,1802
80,-0.08616583049297333,0.007252728566527367,-0.21657845377922058,-0.04433460906147957,-0.0362640880048275,lexical_category,llama,1802
81,-0.1037374809384346,-0.05328920856118202,-0.20386850833892822,-0.04630666226148605,-0.03251703456044197,lexical_category,llama,1802
82,-0.09945321828126907,-0.010723967105150223,-0.20558500289916992,-0.042749229818582535,-0.028841890394687653,lexical_category,llama,1802
83,-0.08260359615087509,-0.013977805152535439,-0.19720004498958588,-0.042801953852176666,-0.03566664084792137,lexical_category,llama,1802
84,-0.06996974349021912,-0.030807826668024063,-0.19851773977279663,-0.04231283441185951,-0.042995698750019073,lexical_category,llama,1802
85,-0.0966726765036583,-0.031803280115127563,-0.20277410745620728,-0.04121963307261467,-0.03489970415830612,lexical_category,llama,1802
86,-0.1006016880273819,-0.012296056374907494,-0.23572486639022827,-0.043052494525909424,-0.03307674825191498,lexical_category,llama,1802
87,-0.10587069392204285,-0.04902305454015732,-0.20803025364875793,-0.04879643768072128,-0.037372197955846786,lexical_category,llama,1802
88,-0.10304414480924606,-0.020917579531669617,-0.21362632513046265,-0.04142753407359123,-0.03621479496359825,lexical_category,llama,1802
89,-0.1186746135354042,-0.04546953737735748,-0.23297689855098724,-0.04442382603883743,-0.03407657891511917,lexical_category,llama,1802
90,-0.06871184706687927,-0.010437114164233208,-0.1985803246498108,-0.040819745510816574,-0.03576328977942467,lexical_category,llama,1802
91,-0.0957973375916481,-0.014012385159730911,-0.2087162435054779,-0.04426225274801254,-0.04161527007818222,lexical_category,llama,1802
92,-0.07780963182449341,0.019208582118153572,-0.21683847904205322,-0.03858858719468117,-0.033276043832302094,lexical_category,llama,1802
93,-0.10828237235546112,-0.03148052841424942,-0.21947096288204193,-0.04391368106007576,-0.03447604551911354,lexical_category,llama,1802
94,-0.11070147156715393,-0.022602364420890808,-0.21450036764144897,-0.03854139521718025,-0.034666988998651505,lexical_category,llama,1802
95,-0.07949554175138474,-0.012148143723607063,-0.20204833149909973,-0.03800484165549278,-0.034525539726018906,lexical_category,llama,1802
0,-0.05520257353782654,-0.023351319134235382,-0.2348017543554306,-0.03964203968644142,-0.03916715830564499,arithmetic_addition,llama,1802
1,-0.041983410716056824,-0.008762110024690628,-0.22006121277809143,-0.03632492944598198,-0.037835996598005295,arithmetic_addition,llama,1802
2,-0.045079976320266724,-0.01050984114408493,-0.21405372023582458,-0.04028598591685295,-0.040135614573955536,arithmetic_addition,llama,1802
3,-0.04797115921974182,0.0004751943051815033,-0.22161003947257996,-0.04039507359266281,-0.03991987556219101,arithmetic_addition,llama,1802
4,-0.04488290846347809,-0.004294794052839279,-0.22359251976013184,-0.03813447430729866,-0.036032117903232574,arithmetic_addition,llama,1802
5,-0.06951363384723663,0.002316633239388466,-0.23735417425632477,-0.039225514978170395,-0.03839113935828209,arithmetic_addition,llama,1802
6,-0.05178189277648926,-0.022181890904903412,-0.23254093527793884,-0.039503127336502075,-0.039842624217271805,arithmetic_addition,llama,1802
7,-0.037330299615859985,-0.012062154710292816,-0.215969517827034,-0.036820169538259506,-0.03772451728582382,arithmetic_addition,llama,1802
8,-0.038002654910087585,-0.007252763956785202,-0.21234425902366638,-0.03794294223189354,-0.041092995554208755,arithmetic_addition,llama,1802
9,-0.044761449098587036,-0.007345650345087051,-0.22481608390808105,-0.04138724133372307,-0.03811812028288841,arithmetic_addition,llama,1802
10,-0.041137173771858215,-0.002452399581670761,-0.2274230718612671,-0.03937111422419548,-0.03521204739809036,arithmetic_addition,llama,1802
11,-0.06304863095283508,0.0021494142711162567,-0.23562774062156677,-0.03820120170712471,-0.037223104387521744,arithmetic_addition,llama,1802
12,-0.0581866055727005,-0.04088369384407997,-0.24493145942687988,-0.04243554547429085,-0.03825744241476059,arithmetic_addition,llama,1802
13,-0.04195360839366913,-0.015954554080963135,-0.22919324040412903,-0.04063323512673378,-0.03732714429497719,arithmetic_addition,llama,1802
14,-0.040213897824287415,-0.024564631283283234,-0.2156306505203247,-0.04427577927708626,-0.040916699916124344,arithmetic_addition,llama,1802
15,-0.04070480167865753,-0.017758553847670555,-0.21962791681289673,-0.04109370335936546,-0.038644153624773026,arithmetic_addition,llama,1802
16,-0.04750877618789673,-0.018504813313484192,-0.23260682821273804,-0.04364430159330368,-0.0349937304854393,arithmetic_addition,llama,1802
17,-0.06553569436073303,-0.007608745247125626,-0.24662262201309204,-0.040894437581300735,-0.03543202951550484,arithmetic_addition,llama,1802
18,-0.060455262660980225,-0.03181387111544609,-0.2433568239212036,-0.038797054439783096,-0.038820698857307434,arithmetic_addition,llama,1802
19,-0.055504754185676575,-0.007813241332769394,-0.23147912323474884,-0.03639176860451698,-0.03898414224386215,arithmetic_addition,llama,1802
20,-0.05028975009918213,-0.009580589830875397,-0.22182857990264893,-0.04135039448738098,-0.041403431445360184,arithmetic_addition,llama,1802
21,-0.05789986252784729,0.0013021081686019897,-0.23011022806167603,-0.041058219969272614,-0.03822922706604004,arithmetic_addition,llama,1802
22,-0.04523858428001404,-0.00820234790444374,-0.23129120469093323,-0.03688395023345947,-0.03760754317045212,arithmetic_addition,llama,1802
23,-0.06864316761493683,0.005258746445178986,-0.24193614721298218,-0.03901441767811775,-0.037918996065855026,arithmetic_addition,llama,1802
24,-0.05919824540615082,-0.03462286666035652,-0.2396087646484375,-0.0400506854057312,-0.03939879685640335,arithmetic_addition,llama,1802
25,-0.05554787814617157,-0.0069341473281383514,-0.23303714394569397,-0.03917592018842697,-0.035187456756830215,arithmetic_addition,llama,1802
26,-0.045864611864089966,-0.01840980350971222,-0.21568375825881958,-0.04423588141798973,-0.03955046460032463,arithmetic_addition,llama,1802
27,-0.04404951632022858,-0.023792287334799767,-0.22192655503749847,-0.0413699671626091,-0.03938193619251251,arithmetic_addition,llama,1802
28,-0.04270145297050476,-0.010185005143284798,-0.22267799079418182,-0.0440959595143795,-0.03456808999180794,arithmetic_addition,llama,1802
29,-0.06319111585617065,-0.0047339387238025665,-0.23895466327667236,-0.0436117947101593,-0.0368691124022007,arithmetic_addition,llama,1802
30,-0.052702873945236206,-0.019820887595415115,-0.23768964409828186,-0.04090229421854019,-0.037933703511953354,arithmetic_addition,llama,1802
31,-0.04830484092235565,-0.0023192912340164185,-0.22819358110427856,-0.03686066344380379,-0.03802281245589256,arithmetic_addition,llama,1802
32,-0.03587624430656433,-0.013373993337154388,-0.20376498997211456,-0.04097650572657585,-0.04215722903609276,arithmetic_addition,llama,1802
33,-0.04694777727127075,-0.004600971937179565,-0.2209518849849701,-0.03996250033378601,-0.038892265409231186,arithmetic_addition,llama,1802
34,-0.031596362590789795,-0.0035007335245609283,-0.20846989750862122,-0.0389750711619854,-0.03828087076544762,arithmetic_addition,llama,1802
35,-0.0637686550617218,0.0017713941633701324,-0.2351805865764618,-0.039234843105077744,-0.035254910588264465,arithmetic_addition,llama,1802
36,-0.0626165121793747,-0.030210386961698532,-0.2503311038017273,-0.03743212670087814,-0.03844577074050903,arithmetic_addition,llama,1802
37,-0.05526641011238098,-0.01833619549870491,-0.2405453324317932,-0.03609088435769081,-0.03483778238296509,arithmetic_addition,llama,1802
38,-0.04636862874031067,-0.0260549858212471,-0.2218611240386963,-0.042735371738672256,-0.0392310805618763,arithmetic_addition,llama,1802
39,-0.050447940826416016,-0.01979649066925049,-0.23233109712600708,-0.04221830517053604,-0.03763430193066597,arithmetic_addition,llama,1802
40,-0.038910746574401855,-0.012507881969213486,-0.2247433066368103,-0.039000432938337326,-0.036546893417835236,arithmetic_addition,llama,1802
41,-0.0605575293302536,-0.0020377617329359055,-0.23824356496334076,-0.044890690594911575,-0.03453703224658966,arithmetic_addition,llama,1802
42,-0.04737696051597595,-0.03523234277963638,-0.24529454112052917,-0.03889429196715355,-0.035335149616003036,arithmetic_addition,llama,1802
43,-0.03738102316856384,-0.013776902109384537,-0.2295406013727188,-0.03796941787004471,-0.035946063697338104,arithmetic_addition,llama,1802
44,-0.04340139031410217,-0.029122311621904373,-0.2268872857093811,-0.04011083394289017,-0.03946324810385704,arithmetic_addition,llama,1802
45,-0.036376625299453735,-0.015581300482153893,-0.2228117287158966,-0.045345962047576904,-0.0348823256790638,arithmetic_addition,llama,1802
46,-0.03515841066837311,-0.014502497389912605,-0.2240351289510727,-0.037109024822711945,-0.03722681850194931,arithmetic_addition,llama,1802
47,-0.046055346727371216,0.004410989582538605,-0.2314988672733307,-0.044329043477773666,-0.03305620327591896,arithmetic_addition,llama,1802
48,-0.051529377698898315,-0.028119273483753204,-0.2345292866230011,-0.03828702121973038,-0.04028445854783058,arithmetic_addition,llama,1802
49,-0.044245898723602295,-0.0005314014852046967,-0.21862103044986725,-0.03781475871801376,-0.0374281145632267,arithmetic_addition,llama,1802
50,-0.04661715030670166,-0.010056182742118835,-0.2176971733570099,-0.04108145087957382,-0.04186904430389404,arithmetic_addition,llama,1802
51,-0.05678717792034149,-0.001200839877128601,-0.23261941969394684,-0.041529182344675064,-0.038360051810741425,arithmetic_addition,llama,1802
52,-0.04711057245731354,-0.008397761732339859,-0.22984278202056885,-0.04002327844500542,-0.03746246546506882,arithmetic_addition,llama,1802
53,-0.06634725630283356,0.007569238543510437,-0.2361443042755127,-0.04035262018442154,-0.03467535600066185,arithmetic_addition,llama,1802
54,-0.04371742904186249,-0.02187986671924591,-0.2295861840248108,-0.041571397334337234,-0.04340744763612747,arithmetic_addition,llama,1802
55,-0.028425902128219604,-0.013468880206346512,-0.2089143693447113,-0.0392126627266407,-0.037557244300842285,arithmetic_addition,llama,1802
56,-0.02811439335346222,-0.012258902192115784,-0.20668888092041016,-0.03829624131321907,-0.04301430657505989,arithmetic_addition,llama,1802
57,-0.03959329426288605,-0.015306420624256134,-0.22558580338954926,-0.04364921897649765,-0.03916255757212639,arithmetic_addition,llama,1802
58,-0.030750125646591187,-0.004038598388433456,-0.22176919877529144,-0.04148462787270546,-0.036524225026369095,arithmetic_addition,llama,1802
59,-0.05306459963321686,-0.0041952673345804214,-0.23186372220516205,-0.03756752237677574,-0.03789643570780754,arithmetic_addition,llama,1802
60,-0.05704103410243988,-0.03735358268022537,-0.24638059735298157,-0.043478865176439285,-0.037815019488334656,arithmetic_addition,llama,1802
61,-0.03789465129375458,-0.009256742894649506,-0.2253684252500534,-0.039845168590545654,-0.03687617555260658,arithmetic_addition,llama,1802
62,-0.04364335536956787,-0.021984364837408066,-0.22547146677970886,-0.0424150712788105,-0.0401611365377903,arithmetic_addition,llama,1802
63,-0.050870850682258606,-0.01726355031132698,-0.23662175238132477,-0.044552505016326904,-0.038324691355228424,arithmetic_addition,llama,1802
64,-0.04336854815483093,-0.020276658236980438,-0.23470765352249146,-0.0421428307890892,-0.03695177659392357,arithmetic_addition,llama,1802
65,-0.05093352496623993,0.005034534260630608,-0.2341577708721161,-0.04441690444946289,-0.0336187444627285,arithmetic_addition,llama,1802
66,-0.0650494396686554,-0.03884519636631012,-0.24773570895195007,-0.03912212699651718,-0.03980758413672447,arithmetic_addition,llama,1802
67,-0.05201232433319092,-0.006242472678422928,-0.22715333104133606,-0.035456374287605286,-0.0392625667154789,arithmetic_addition,llama,1802
68,-0.04557028412818909,-0.00517239049077034,-0.221053346991539,-0.0419129803776741,-0.04121256247162819,arithmetic_addition,llama,1802
69,-0.05207933485507965,-0.004852823913097382,-0.22801902890205383,-0.04054544121026993,-0.03725070506334305,arithmetic_addition,llama,1802
70,-0.04870210587978363,-0.009492091834545135,-0.24164384603500366,-0.04025913402438164,-0.03603232651948929,arithmetic_addition,llama,1802
71,-0.0651790201663971,-0.0011131912469863892,-0.24619194865226746,-0.03753628209233284,-0.03757361322641373,arithmetic_addition,llama,1802
72,-0.05380600690841675,-0.03601398691534996,-0.23522838950157166,-0.0414525642991066,-0.03632565215229988,arithmetic_addition,llama,1802
73,-0.04558275640010834,-0.009392395615577698,-0.2267569601535797,-0.038076747208833694,-0.03654882684350014,arithmetic_addition,llama,1802
74,-0.038374513387680054,-0.01017385721206665,-0.21394045650959015,-0.042809244245290756,-0.03794233500957489,arithmetic_addition,llama,1802
75,-0.044698566198349,-0.015813523903489113,-0.2246440052986145,-0.04643692821264267,-0.037925273180007935,arithmetic_addition,llama,1802
76,-0.03911346197128296,-0.00749337300658226,-0.22133174538612366,-0.04187781363725662,-0.03583522140979767,arithmetic_addition,llama,1802
77,-0.04914623498916626,0.005878325551748276,-0.2237137258052826,-0.04345114901661873,-0.03515995666384697,arithmetic_addition,llama,1802
78,-0.0518980473279953,-0.024462468922138214,-0.24057911336421967,-0.04239552095532417,-0.037156108766794205,arithmetic_addition,llama,1802
79,-0.04534570872783661,-0.003732524812221527,-0.22932486236095428,-0.03685915842652321,-0.0378502756357193,arithmetic_addition,llama,1802
80,-0.04093499481678009,-0.004345323890447617,-0.2147349715232849,-0.042413514107465744,-0.0381942018866539,arithmetic_addition,llama,1802
81,-0.05200815200805664,-0.006714489310979843,-0.23249834775924683,-0.04539245367050171,-0.036729566752910614,arithmetic_addition,llama,1802
82,-0.03908665478229523,-0.008577059954404831,-0.2214900255203247,-0.04038751870393753,-0.03622892126441002,arithmetic_addition,llama,1802
83,-0.061397984623909,0.0038129687309265137,-0.23759272694587708,-0.03944007307291031,-0.03346749395132065,arithmetic_addition,llama,1802
84,-0.05847702920436859,-0.02974662184715271,-0.24262121319770813,-0.03791465982794762,-0.038928791880607605,arithmetic_addition,llama,1802
85,-0.05169357359409332,-0.021597467362880707,-0.22966453433036804,-0.03878533095121384,-0.030556771904230118,arithmetic_addition,llama,1802
86,-0.035189881920814514,-0.014503709971904755,-0.2153991460800171,-0.042556438595056534,-0.03854725509881973,arithmetic_addition,llama,1802
87,-0.05864648520946503,-0.015362072736024857,-0.24062979221343994,-0.0444474034011364,-0.0325479656457901,arithmetic_addition,llama,1802
88,-0.03637494146823883,-0.020685862749814987,-0.22997279465198517,-0.04093287140130997,-0.03522084280848503,arithmetic_addition,llama,1802
89,-0.0625508725643158,-0.015256557613611221,-0.24156779050827026,-0.041074238717556,-0.036560624837875366,arithmetic_addition,llama,1802
90,-0.04480510950088501,-0.039275918155908585,-0.24106687307357788,-0.04089462384581566,-0.03673446923494339,arithmetic_addition,llama,1802
91,-0.031626567244529724,-0.003169376403093338,-0.2162652611732483,-0.0388282872736454,-0.03542017564177513,arithmetic_addition,llama,1802
92,-0.04138962924480438,-0.022154904901981354,-0.22831761837005615,-0.038153715431690216,-0.04133451357483864,arithmetic_addition,llama,1802
93,-0.038683563470840454,-0.01491318829357624,-0.22108598053455353,-0.04811416193842888,-0.03586767241358757,arithmetic_addition,llama,1802
94,-0.031976357102394104,-0.0063386112451553345,-0.22397568821907043,-0.03888659551739693,-0.038040194660425186,arithmetic_addition,llama,1802
95,-0.0510147362947464,0.0009215362370014191,-0.23577618598937988,-0.04264272376894951,-0.034593626856803894,arithmetic_addition,llama,1802
0,-0.21358653903007507,-0.04726538062095642,-0.22122222185134888,-0.05088457465171814,-0.033065978437662125,arc_challenge,llama,1802
1,-0.2649145722389221,-0.0790417268872261,-0.26313602924346924,-0.041207704693078995,-0.03713793307542801,arc_challenge,llama,1802
2,-0.2359280288219452,-0.09363985061645508,-0.2429758757352829,-0.053350336849689484,-0.03364585340023041,arc_challenge,llama,1802
3,-0.18191644549369812,-0.060855720192193985,-0.2093740701675415,-0.041708528995513916,-0.028392234817147255,arc_challenge,llama,1802
4,-0.19122126698493958,-0.032857928425073624,-0.2108384370803833,-0.03894196078181267,-0.031770337373018265,arc_challenge,llama,1802
5,-0.20959261059761047,-0.08304116874933243,-0.21631544828414917,-0.04220655560493469,-0.04293147474527359,arc_challenge,llama,1802
6,-0.23388749361038208,-0.046786826103925705,-0.24651475250720978,-0.04201506823301315,-0.03405970707535744,arc_challenge,llama,1802
7,-0.223673477768898,-0.057153865694999695,-0.2287326455116272,-0.03682247921824455,-0.03714154288172722,arc_challenge,llama,1802
8,-0.19395390152931213,-0.0663810670375824,-0.21012446284294128,-0.04981600493192673,-0.03523707389831543,arc_challenge,llama,1802
9,-0.1903858333826065,-0.04774724692106247,-0.2039983868598938,-0.050305187702178955,-0.026495976373553276,arc_challenge,llama,1802
10,-0.20718501508235931,-0.05883850157260895,-0.2316340059041977,-0.04237312823534012,-0.037259843200445175,arc_challenge,llama,1802
11,-0.20023079216480255,-0.055118627846241,-0.21028295159339905,-0.042968325316905975,-0.03692394122481346,arc_challenge,llama,1802
12,-0.2209687978029251,-0.10420732945203781,-0.2280709445476532,-0.040633201599121094,-0.033212460577487946,arc_challenge,llama,1802
13,-0.20630250871181488,-0.07937142997980118,-0.2239673137664795,-0.038203414529561996,-0.03631812334060669,arc_challenge,llama,1802
14,-0.17307764291763306,-0.07050542533397675,-0.18639658391475677,-0.03609538450837135,-0.033022440969944,arc_challenge,llama,1802
15,-0.2086261361837387,-0.06272603571414948,-0.21039330959320068,-0.04229002818465233,-0.037612877786159515,arc_challenge,llama,1802
16,-0.20026743412017822,-0.03642730414867401,-0.22651764750480652,-0.053501784801483154,-0.028464803472161293,arc_challenge,llama,1802
17,-0.18551664054393768,-0.03184168413281441,-0.22119218111038208,-0.040643807500600815,-0.02478477731347084,arc_challenge,llama,1802
18,-0.21310776472091675,-0.05949673429131508,-0.2286471724510193,-0.04093770310282707,-0.05189520865678787,arc_challenge,llama,1802
19,-0.192368745803833,-0.04604588449001312,-0.21595042943954468,-0.040934234857559204,-0.02879885770380497,arc_challenge,llama,1802
20,-0.24164696037769318,-0.04595756530761719,-0.26645076274871826,-0.04227093607187271,-0.04511884227395058,arc_challenge,llama,1802
21,-0.2174277901649475,-0.027748804539442062,-0.23602353036403656,-0.04308638349175453,-0.029975274577736855,arc_challenge,llama,1802
22,-0.22331635653972626,-0.052162352949380875,-0.2371373474597931,-0.04830415919423103,-0.02984611503779888,arc_challenge,llama,1802
23,-0.21345724165439606,-0.08900735527276993,-0.23775608837604523,-0.046900879591703415,-0.03011156991124153,arc_challenge,llama,1802
24,-0.21844543516635895,-0.09185978770256042,-0.2412717640399933,-0.05234146863222122,-0.02948516607284546,arc_challenge,llama,1802
25,-0.18150721490383148,-0.039582833647727966,-0.19593985378742218,-0.03587663173675537,-0.023795830085873604,arc_challenge,llama,1802
26,-0.19249340891838074,-0.050425175577402115,-0.21211440861225128,-0.04285600781440735,-0.02699834480881691,arc_challenge,llama,1802
27,-0.21593664586544037,-0.040768228471279144,-0.22784826159477234,-0.053851399570703506,-0.03178537264466286,arc_challenge,llama,1802
28,-0.20896869897842407,-0.0945892408490181,-0.23021896183490753,-0.03277713432908058,-0.030990902334451675,arc_challenge,llama,1802
29,-0.24049220979213715,-0.10463663190603256,-0.24673926830291748,-0.039998769760131836,-0.039426304399967194,arc_challenge,llama,1802
30,-0.20869167149066925,-0.049651555716991425,-0.22408466041088104,-0.03219000622630119,-0.043921906501054764,arc_challenge,llama,1802
31,-0.2517451345920563,-0.05228237807750702,-0.26574796438217163,-0.044570665806531906,-0.022211072966456413,arc_challenge,llama,1802
32,-0.20773808658123016,-0.07193220406770706,-0.21684879064559937,-0.043985869735479355,-0.03900371491909027,arc_challenge,llama,1802
33,-0.20921958982944489,-0.0982433408498764,-0.2305300235748291,-0.036487333476543427,-0.034776538610458374,arc_challenge,llama,1802
34,-0.2080174684524536,-0.041940174996852875,-0.22564971446990967,-0.0447370745241642,-0.03768164664506912,arc_challenge,llama,1802
35,-0.1985618621110916,-0.049756888300180435,-0.23174364864826202,-0.03757772222161293,-0.035195495933294296,arc_challenge,llama,1802
36,-0.2181321084499359,-0.056245796382427216,-0.22555260360240936,-0.037186574190855026,-0.027848005294799805,arc_challenge,llama,1802
37,-0.19276197254657745,-0.06869833916425705,-0.21012970805168152,-0.03708798810839653,-0.03420637547969818,arc_challenge,llama,1802
38,-0.24876196682453156,-0.029332198202610016,-0.2565528154373169,-0.045176804065704346,-0.024986177682876587,arc_challenge,llama,1802
39,-0.1891106814146042,-0.025631587952375412,-0.19883793592453003,-0.03977052494883537,-0.0334077924489975,arc_challenge,llama,1802
40,-0.19241543114185333,-0.05366005748510361,-0.2172866016626358,-0.041233617812395096,-0.03383876383304596,arc_challenge,llama,1802
41,-0.20146764814853668,-0.05676867812871933,-0.21893839538097382,-0.048135120421648026,-0.03435324504971504,arc_challenge,llama,1802
42,-0.22266709804534912,-0.07667387276887894,-0.23098868131637573,-0.035164881497621536,-0.03384402394294739,arc_challenge,llama,1802
43,-0.19841736555099487,-0.05487978830933571,-0.20268508791923523,-0.034202802926301956,-0.02649887651205063,arc_challenge,llama,1802
44,-0.21018117666244507,-0.02043953351676464,-0.23137901723384857,-0.042171478271484375,-0.01920284517109394,arc_challenge,llama,1802
45,-0.17625680565834045,-0.03796771913766861,-0.1916317343711853,-0.03946775197982788,-0.03769562393426895,arc_challenge,llama,1802
46,-0.1995476484298706,-0.043120160698890686,-0.22298142313957214,-0.044543810188770294,-0.037260424345731735,arc_challenge,llama,1802
47,-0.18090540170669556,-0.05710582062602043,-0.1968274712562561,-0.055477116256952286,-0.034678127616643906,arc_challenge,llama,1802
48,-0.21476668119430542,-0.0917205810546875,-0.24205099046230316,-0.047986116260290146,-0.039427462965250015,arc_challenge,llama,1802
49,-0.22514377534389496,-0.03161610662937164,-0.22976571321487427,-0.048546914011240005,-0.03636597469449043,arc_challenge,llama,1802
50,-0.2027934193611145,-0.04991113767027855,-0.22613170742988586,-0.04312057048082352,-0.04007923603057861,arc_challenge,llama,1802
51,-0.23445287346839905,-0.06455551087856293,-0.2554042935371399,-0.03462378308176994,-0.04224584624171257,arc_challenge,llama,1802
52,-0.18486562371253967,-0.04174590855836868,-0.21181932091712952,-0.04478373005986214,-0.027333857491612434,arc_challenge,llama,1802
53,-0.21771329641342163,-0.07818102836608887,-0.2310211956501007,-0.04946523159742355,-0.038614671677351,arc_challenge,llama,1802
54,-0.18581828474998474,-0.050056349486112595,-0.1989474594593048,-0.03779373690485954,-0.02835853584110737,arc_challenge,llama,1802
55,-0.20983588695526123,-0.04189283773303032,-0.2366454154253006,-0.05700433626770973,-0.02851690538227558,arc_challenge,llama,1802
56,-0.19217953085899353,-0.07245151698589325,-0.21230685710906982,-0.03753719478845596,-0.032706260681152344,arc_challenge,llama,1802
57,-0.21125651895999908,-0.06931227445602417,-0.217539981007576,-0.037812210619449615,-0.03210519626736641,arc_challenge,llama,1802
58,-0.23117361962795258,-0.04464584216475487,-0.23452335596084595,-0.042401183396577835,-0.03126116842031479,arc_challenge,llama,1802
59,-0.2167091816663742,-0.052651986479759216,-0.22442105412483215,-0.04671970382332802,-0.020057998597621918,arc_challenge,llama,1802
60,-0.1893313080072403,-0.054579734802246094,-0.21068167686462402,-0.03622526302933693,-0.034102167934179306,arc_challenge,llama,1802
61,-0.205510675907135,-0.07711765170097351,-0.22046416997909546,-0.03761003166437149,-0.029647640883922577,arc_challenge,llama,1802
62,-0.22317393124103546,-0.05597821623086929,-0.22878310084342957,-0.04760431870818138,-0.0392334870994091,arc_challenge,llama,1802
63,-0.2071705013513565,-0.06479714810848236,-0.20868881046772003,-0.034661080688238144,-0.04374426230788231,arc_challenge,llama,1802
64,-0.20665201544761658,-0.05089762061834335,-0.23155967891216278,-0.05335140973329544,-0.0371665358543396,arc_challenge,llama,1802
65,-0.16725756227970123,-0.044894810765981674,-0.18426278233528137,-0.03898705914616585,-0.03982038050889969,arc_challenge,llama,1802
66,-0.23473085463047028,-0.0863153263926506,-0.2507592439651489,-0.03491338714957237,-0.048715513199567795,arc_challenge,llama,1802
67,-0.2315465658903122,-0.0286257341504097,-0.24646610021591187,-0.04155126214027405,-0.036282021552324295,arc_challenge,llama,1802
68,-0.22585032880306244,-0.061979010701179504,-0.2298182100057602,-0.03728073835372925,-0.031925853341817856,arc_challenge,llama,1802
69,-0.19816504418849945,-0.06347347795963287,-0.2069893628358841,-0.041174519807100296,-0.034124597907066345,arc_challenge,llama,1802
70,-0.21676650643348694,-0.051123008131980896,-0.23675960302352905,-0.04470549151301384,-0.02879045531153679,arc_challenge,llama,1802
71,-0.25425365567207336,-0.08027037978172302,-0.2614496350288391,-0.04596538096666336,-0.0400913804769516,arc_challenge,llama,1802
72,-0.21725642681121826,-0.02661816030740738,-0.23749107122421265,-0.053591348230838776,-0.037957269698381424,arc_challenge,llama,1802
73,-0.21720564365386963,-0.049440231174230576,-0.2383522391319275,-0.056366924196481705,-0.030811728909611702,arc_challenge,llama,1802
74,-0.20783083140850067,-0.05966021865606308,-0.20436571538448334,-0.03973725810647011,-0.0367112010717392,arc_challenge,llama,1802
75,-0.19725637137889862,-0.07978733628988266,-0.21876326203346252,-0.04698565602302551,-0.022766636684536934,arc_challenge,llama,1802
76,-0.21193738281726837,-0.09003190696239471,-0.23076462745666504,-0.042858995497226715,-0.03513753414154053,arc_challenge,llama,1802
77,-0.21749256551265717,-0.05336952209472656,-0.2228732407093048,-0.039850033819675446,-0.03669139742851257,arc_challenge,llama,1802
78,-0.23298504948616028,-0.0537000373005867,-0.2540951669216156,-0.03569062054157257,-0.03303644806146622,arc_challenge,llama,1802
79,-0.21296317875385284,-0.053026556968688965,-0.22530002892017365,-0.036391790956258774,-0.035814594477415085,arc_challenge,llama,1802
80,-0.21208029985427856,-0.09394332021474838,-0.22964981198310852,-0.041016630828380585,-0.03648591786623001,arc_challenge,llama,1802
81,-0.1977127641439438,-0.045624684542417526,-0.20991119742393494,-0.04240403324365616,-0.03195337951183319,arc_challenge,llama,1802
82,-0.21893949806690216,-0.05342387780547142,-0.22634203732013702,-0.04551921412348747,-0.0295636635273695,arc_challenge,llama,1802
83,-0.20546501874923706,-0.05383933708071709,-0.23212270438671112,-0.03834482654929161,-0.031437892466783524,arc_challenge,llama,1802
84,-0.20983026921749115,-0.061251573264598846,-0.23081427812576294,-0.041566409170627594,-0.02863025665283203,arc_challenge,llama,1802
85,-0.20663827657699585,-0.0423622690141201,-0.2224927842617035,-0.042787760496139526,-0.0322076641023159,arc_challenge,llama,1802
86,-0.23320771753787994,-0.07042105495929718,-0.2444412261247635,-0.046297866851091385,-0.033691562712192535,arc_challenge,llama,1802
87,-0.2045000195503235,-0.0823117196559906,-0.22287674248218536,-0.04402898624539375,-0.02888009324669838,arc_challenge,llama,1802
88,-0.21905766427516937,-0.09710071980953217,-0.22267404198646545,-0.05137137323617935,-0.03331761062145233,arc_challenge,llama,1802
89,-0.1978449523448944,-0.05041874945163727,-0.20981013774871826,-0.03989248722791672,-0.03014993853867054,arc_challenge,llama,1802
90,-0.21983446180820465,-0.07225999981164932,-0.2246416211128235,-0.051082104444503784,-0.04124576598405838,arc_challenge,llama,1802
91,-0.20011836290359497,-0.08192326873540878,-0.20482921600341797,-0.041002120822668076,-0.0377688929438591,arc_challenge,llama,1802
92,-0.19311118125915527,-0.033475231379270554,-0.21731336414813995,-0.045923832803964615,-0.0328960046172142,arc_challenge,llama,1802
93,-0.17121660709381104,-0.04518779367208481,-0.20322605967521667,-0.042947132140398026,-0.033052846789360046,arc_challenge,llama,1802
94,-0.2095177322626114,-0.08898593485355377,-0.22419536113739014,-0.037287406623363495,-0.027298739179968834,arc_challenge,llama,1802
95,-0.21146872639656067,-0.06361842155456543,-0.2275543212890625,-0.040160149335861206,-0.03569241240620613,arc_challenge,llama,1802
0,-0.019237995147705078,-0.007390953600406647,-0.23824629187583923,-0.024977197870612144,-0.01842791959643364,lexical_category,gemma,1801
1,-0.019200399518013,-0.00248873233795166,-0.2410845160484314,-0.023509591817855835,-0.021813858300447464,lexical_category,gemma,1801
2,-0.017359614372253418,-0.011273786425590515,-0.24529102444648743,-0.025493843480944633,-0.020250653848052025,lexical_category,gemma,1801
3,-0.014067530632019043,-0.011800132691860199,-0.24147537350654602,-0.024831736460328102,-0.019679002463817596,lexical_category,gemma,1801
4,-0.030701681971549988,-0.015048883855342865,-0.25755774974823,-0.021589042618870735,-0.02226746641099453,lexical_category,gemma,1801
5,-0.012968435883522034,-0.013933636248111725,-0.242928147315979,-0.025340557098388672,-0.019616205245256424,lexical_category,gemma,1801
6,-0.02107873558998108,-0.00536675751209259,-0.23884217441082,-0.02491559088230133,-0.018332403153181076,lexical_category,gemma,1801
7,-0.020472168922424316,0.0011136382818222046,-0.24156415462493896,-0.023959150537848473,-0.021629698574543,lexical_category,gemma,1801
8,-0.01879468560218811,-0.007150337100028992,-0.24720177054405212,-0.023341119289398193,-0.021311920136213303,lexical_category,gemma,1801
9,-0.01532454788684845,-0.007329635322093964,-0.23988103866577148,-0.02235216461122036,-0.02071128413081169,lexical_category,gemma,1801
10,-0.03320641815662384,-0.010295353829860687,-0.25878986716270447,-0.02152021788060665,-0.022765664383769035,lexical_category,gemma,1801
11,-0.013576805591583252,-0.011412300169467926,-0.24133989214897156,-0.025266284123063087,-0.020186126232147217,lexical_category,gemma,1801
12,-0.015153855085372925,-0.004291340708732605,-0.23547984659671783,-0.024371018633246422,-0.01923438347876072,lexical_category,gemma,1801
13,-0.018382862210273743,0.0010100528597831726,-0.24096930027008057,-0.023039454594254494,-0.022422729060053825,lexical_category,gemma,1801
14,-0.011543139815330505,-0.0013500005006790161,-0.24614760279655457,-0.02390984632074833,-0.02204446867108345,lexical_category,gemma,1801
15,-0.008010387420654297,-0.003162182867527008,-0.23792532086372375,-0.022921882569789886,-0.021199028939008713,lexical_category,gemma,1801
16,-0.021415412425994873,-0.012927643954753876,-0.2537705898284912,-0.021715953946113586,-0.02292797528207302,lexical_category,gemma,1801
17,-0.0045106858015060425,-0.007119365036487579,-0.2373988926410675,-0.02473747730255127,-0.020162390545010567,lexical_category,gemma,1801
18,-0.02294546365737915,-0.005462184548377991,-0.24325446784496307,-0.02430139295756817,-0.01816929131746292,lexical_category,gemma,1801
19,-0.022224560379981995,-0.00033923983573913574,-0.24596643447875977,-0.024158356711268425,-0.02121785655617714,lexical_category,gemma,1801
20,-0.014598622918128967,-0.0014812946319580078,-0.24957263469696045,-0.02350716106593609,-0.021097678691148758,lexical_category,gemma,1801
21,-0.01420225203037262,-0.0033306926488876343,-0.24543413519859314,-0.02287154830992222,-0.020670799538493156,lexical_category,gemma,1801
22,-0.02523064613342285,-0.009608171880245209,-0.25505900382995605,-0.023073747754096985,-0.022039419040083885,lexical_category,gemma,1801
23,-0.010532960295677185,-0.009210504591464996,-0.2449815422296524,-0.024629252031445503,-0.02066756971180439,lexical_category,gemma,1801
24,-0.015744715929031372,-2.3923814296722412e-05,-0.2352389693260193,-0.02480786107480526,-0.020494135096669197,lexical_category,gemma,1801
25,-0.0161735862493515,0.008468270301818848,-0.2400684356689453,-0.022803833708167076,-0.022764379158616066,lexical_category,gemma,1801
26,-0.010176867246627808,-3.115832805633545e-05,-0.24328190088272095,-0.02529246173799038,-0.02233046293258667,lexical_category,gemma,1801
27,-0.00716651976108551,0.00029487907886505127,-0.2341163158416748,-0.023540476337075233,-0.020854104310274124,lexical_category,gemma,1801
28,-0.02294604480266571,-0.004579663276672363,-0.25301119685173035,-0.022324061021208763,-0.022712329402565956,lexical_category,gemma,1801
29,-0.007172286510467529,-0.0027036964893341064,-0.23727141320705414,-0.026137059554457664,-0.020887207239866257,lexical_category,gemma,1801
30,-0.01925818622112274,-0.0033644214272499084,-0.2354293316602707,-0.023298120126128197,-0.018879184499382973,lexical_category,gemma,1801
31,-0.022457346320152283,0.0050546228885650635,-0.2416100651025772,-0.02265254408121109,-0.021408909931778908,lexical_category,gemma,1801
32,-0.016412809491157532,-0.0009020939469337463,-0.24968969821929932,-0.023119529709219933,-0.02006540633738041,lexical_category,gemma,1801
33,-0.014966771006584167,-0.005496695637702942,-0.24198953807353973,-0.022120557725429535,-0.019642112776637077,lexical_category,gemma,1801
34,-0.026177778840065002,-0.006692677736282349,-0.2531963586807251,-0.020641058683395386,-0.0209828931838274,lexical_category,gemma,1801
35,-0.010706976056098938,-0.007659591734409332,-0.24185681343078613,-0.024489736184477806,-0.019293799996376038,lexical_category,gemma,1801
36,-0.017679214477539062,-0.0031571760773658752,-0.23405767977237701,-0.024272119626402855,-0.019442427903413773,lexical_category,gemma,1801
37,-0.01940181851387024,0.00043291598558425903,-0.23813354969024658,-0.022839518263936043,-0.023161647841334343,lexical_category,gemma,1801
38,-0.016076207160949707,-0.0029638484120368958,-0.24747975170612335,-0.02291143871843815,-0.021474361419677734,lexical_category,gemma,1801
39,-0.009081616997718811,-0.001740187406539917,-0.23579074442386627,-0.02239128015935421,-0.021182360127568245,lexical_category,gemma,1801
40,-0.022874847054481506,-0.010048896074295044,-0.2516331672668457,-0.02144407294690609,-0.024503938853740692,lexical_category,gemma,1801
41,-0.0064721256494522095,-0.006970137357711792,-0.2386452555656433,-0.0247348640114069,-0.021613063290715218,lexical_category,gemma,1801
42,-0.018927067518234253,-0.006064563989639282,-0.2384384274482727,-0.024476980790495872,-0.019424622878432274,lexical_category,gemma,1801
43,-0.020889416337013245,-0.0016852840781211853,-0.24181923270225525,-0.023334689438343048,-0.02271812967956066,lexical_category,gemma,1801
44,-0.012409359216690063,-0.004825100302696228,-0.2438359558582306,-0.02306305058300495,-0.021753402426838875,lexical_category,gemma,1801
45,-0.009522348642349243,-0.004209414124488831,-0.23958063125610352,-0.02312936820089817,-0.020842518657445908,lexical_category,gemma,1801
46,-0.02337421476840973,-0.013454906642436981,-0.2566455602645874,-0.020954102277755737,-0.022687502205371857,lexical_category,gemma,1801
47,-0.005991309881210327,-0.009924381971359253,-0.2398262321949005,-0.024360543116927147,-0.020260894671082497,lexical_category,gemma,1801
48,-0.020005717873573303,-0.005990378558635712,-0.24014298617839813,-0.023988991975784302,-0.020250525325536728,lexical_category,gemma,1801
49,-0.019981682300567627,-0.00038000941276550293,-0.2410132735967636,-0.02212582714855671,-0.023395497351884842,lexical_category,gemma,1801
50,-0.01715417206287384,-0.008301906287670135,-0.24899128079414368,-0.022782308980822563,-0.023013640195131302,lexical_category,gemma,1801
51,-0.01224808394908905,-0.008181214332580566,-0.2398204803466797,-0.021803030744194984,-0.02130317874252796,lexical_category,gemma,1801
52,-0.026339977979660034,-0.01222897320985794,-0.25422072410583496,-0.019774310290813446,-0.024259870871901512,lexical_category,gemma,1801
53,-0.007216587662696838,-0.006278201937675476,-0.2395738959312439,-0.02379956655204296,-0.022496482357382774,lexical_category,gemma,1801
54,-0.018253833055496216,-0.00425238162279129,-0.23496024310588837,-0.024209363386034966,-0.018610449507832527,lexical_category,gemma,1801
55,-0.019679829478263855,0.0009354054927825928,-0.2403314709663391,-0.022913379594683647,-0.02185504510998726,lexical_category,gemma,1801
56,-0.018834784626960754,-0.009286902844905853,-0.24850228428840637,-0.024341365322470665,-0.020882975310087204,lexical_category,gemma,1801
57,-0.013442903757095337,-0.008766032755374908,-0.2388240098953247,-0.0228775292634964,-0.020541278645396233,lexical_category,gemma,1801
58,-0.02722330391407013,-0.01637958735227585,-0.2534756064414978,-0.02241714857518673,-0.02158142626285553,lexical_category,gemma,1801
59,-0.009944215416908264,-0.006936512887477875,-0.23758846521377563,-0.025504156947135925,-0.019530687481164932,lexical_category,gemma,1801
60,-0.020123064517974854,-0.002523645758628845,-0.23939728736877441,-0.025080090388655663,-0.018294600769877434,lexical_category,gemma,1801
61,-0.018689334392547607,0.005208000540733337,-0.24142523109912872,-0.023966385051608086,-0.021370740607380867,lexical_category,gemma,1801
62,-0.012214630842208862,-0.005602166056632996,-0.2467377781867981,-0.023600004613399506,-0.02149558998644352,lexical_category,gemma,1801
63,-0.010421544313430786,-0.00711369514465332,-0.23885615170001984,-0.022803613916039467,-0.019949225708842278,lexical_category,gemma,1801
64,-0.0217960923910141,-0.011383406817913055,-0.2502160668373108,-0.022121435031294823,-0.022956617176532745,lexical_category,gemma,1801
65,-0.006223306059837341,-0.007489979267120361,-0.23841345310211182,-0.025051943957805634,-0.020893538370728493,lexical_category,gemma,1801
66,-0.017576947808265686,-0.002639457583427429,-0.23403695225715637,-0.024016641080379486,-0.01999226212501526,lexical_category,gemma,1801
67,-0.017511919140815735,0.00691569596529007,-0.24034786224365234,-0.021744517609477043,-0.021901989355683327,lexical_category,gemma,1801
68,-0.014912381768226624,-0.0055823251605033875,-0.24473363161087036,-0.024474849924445152,-0.02211686410009861,lexical_category,gemma,1801
69,-0.010921508073806763,-0.004966042935848236,-0.23387888073921204,-0.02274605818092823,-0.0208137184381485,lexical_category,gemma,1801
70,-0.021967247128486633,-0.0025968700647354126,-0.25104132294654846,-0.021205924451351166,-0.022392751649022102,lexical_category,gemma,1801
71,-0.00645563006401062,-0.005810961127281189,-0.23640385270118713,-0.025417543947696686,-0.020598631352186203,lexical_category,gemma,1801
72,-0.0201328843832016,-0.008637629449367523,-0.23486247658729553,-0.02379569225013256,-0.018872156739234924,lexical_category,gemma,1801
73,-0.023719534277915955,0.0009524300694465637,-0.2427782416343689,-0.02313273586332798,-0.021212676540017128,lexical_category,gemma,1801
74,-0.013649404048919678,-0.007595047354698181,-0.24594135582447052,-0.023863131180405617,-0.02096492610871792,lexical_category,gemma,1801
75,-0.008099988102912903,-0.010111935436725616,-0.23617804050445557,-0.022723644971847534,-0.02023371495306492,lexical_category,gemma,1801
76,-0.025169983506202698,-0.009477920830249786,-0.2509274184703827,-0.02068236842751503,-0.023413673043251038,lexical_category,gemma,1801
77,-0.0051393061876297,-0.007799685001373291,-0.23585906624794006,-0.025482987985014915,-0.019814113155007362,lexical_category,gemma,1801
78,-0.018978700041770935,-0.001192525029182434,-0.23492425680160522,-0.02355809323489666,-0.02022528648376465,lexical_category,gemma,1801
79,-0.01949787139892578,0.0028824061155319214,-0.23889762163162231,-0.022678805515170097,-0.023899000138044357,lexical_category,gemma,1801
80,-0.017262354493141174,-0.004537925124168396,-0.24713508784770966,-0.022442089393734932,-0.022955572232604027,lexical_category,gemma,1801
81,-0.0123024582862854,-0.005404561758041382,-0.2389490008354187,-0.021901747211813927,-0.021845253184437752,lexical_category,gemma,1801
82,-0.026926428079605103,-0.011081576347351074,-0.25273430347442627,-0.020802848041057587,-0.02373809739947319,lexical_category,gemma,1801
83,-0.011123687028884888,-0.00902559608221054,-0.24157452583312988,-0.02439712919294834,-0.021570872515439987,lexical_category,gemma,1801
84,-0.017614468932151794,-0.005407251417636871,-0.23938743770122528,-0.024734675884246826,-0.019158722832798958,lexical_category,gemma,1801
85,-0.020504042506217957,-0.0037014707922935486,-0.24232378602027893,-0.023710332810878754,-0.022708721458911896,lexical_category,gemma,1801
86,-0.015670984983444214,-0.007060281932353973,-0.24837583303451538,-0.024642929434776306,-0.022476155310869217,lexical_category,gemma,1801
87,-0.013400286436080933,-0.005037486553192139,-0.2456652820110321,-0.025209566578269005,-0.021803783252835274,lexical_category,gemma,1801
88,-0.02634456753730774,-0.01371753215789795,-0.25945955514907837,-0.023758569732308388,-0.023494506254792213,lexical_category,gemma,1801
89,-0.008876696228981018,-0.01089131087064743,-0.24600277841091156,-0.026014983654022217,-0.020745938643813133,lexical_category,gemma,1801
90,-0.018374577164649963,-0.005514703691005707,-0.2362438291311264,-0.023392751812934875,-0.019975295290350914,lexical_category,gemma,1801
91,-0.01912607252597809,-0.0019095391035079956,-0.23937159776687622,-0.022320101037621498,-0.02322983928024769,lexical_category,gemma,1801
92,-0.017603754997253418,-0.009063974022865295,-0.246784046292305,-0.023246517404913902,-0.022408923134207726,lexical_category,gemma,1801
93,-0.012967050075531006,-0.008680090308189392,-0.23771435022354126,-0.021491995081305504,-0.02068096399307251,lexical_category,gemma,1801
94,-0.026344865560531616,-0.013250626623630524,-0.251414954662323,-0.020059047266840935,-0.02268468588590622,lexical_category,gemma,1801
95,-0.008190751075744629,-0.009065993130207062,-0.23937678337097168,-0.023419708013534546,-0.021006299182772636,lexical_category,gemma,1801
0,-0.011188387870788574,0.0029780641198158264,-0.2337467074394226,-0.021065467968583107,-0.0240493081510067,arithmetic_addition,gemma,1801
1,-0.007403254508972168,0.002092033624649048,-0.2334257960319519,-0.01956118457019329,-0.02654939703643322,arithmetic_addition,gemma,1801
2,-0.01406867802143097,-0.0064591169357299805,-0.2378203123807907,-0.020342567935585976,-0.025231843814253807,arithmetic_addition,gemma,1801
3,-0.004770159721374512,0.0052670687437057495,-0.2361043244600296,-0.01957845874130726,-0.023729881271719933,arithmetic_addition,gemma,1801
4,-0.011989012360572815,-0.009359225630760193,-0.23586919903755188,-0.019641375169157982,-0.02568255551159382,arithmetic_addition,gemma,1801
5,-0.0025926530361175537,-0.007350251078605652,-0.23709584772586823,-0.02029069885611534,-0.025419916957616806,arithmetic_addition,gemma,1801
6,-0.012262821197509766,-0.000997886061668396,-0.23468352854251862,-0.020750775933265686,-0.02376912161707878,arithmetic_addition,gemma,1801
7,-0.006571367383003235,-0.00010110437870025635,-0.23423759639263153,-0.01868627965450287,-0.026635561138391495,arithmetic_addition,gemma,1801
8,-0.016218408942222595,-0.007707245647907257,-0.2398587167263031,-0.01883559301495552,-0.025323960930109024,arithmetic_addition,gemma,1801
9,-0.003788366913795471,0.005785524845123291,-0.2360367476940155,-0.018131768330931664,-0.024336395785212517,arithmetic_addition,gemma,1801
10,-0.015387088060379028,-0.010134868323802948,-0.239359050989151,-0.01905800588428974,-0.0256656426936388,arithmetic_addition,gemma,1801
11,-0.004831254482269287,-0.008136488497257233,-0.23911714553833008,-0.01964125968515873,-0.025659561157226562,arithmetic_addition,gemma,1801
12,-0.01575504243373871,-0.0012024343013763428,-0.23756836354732513,-0.02114599011838436,-0.023535849526524544,arithmetic_addition,gemma,1801
13,-0.009811148047447205,7.034838199615479e-05,-0.23973946273326874,-0.019566437229514122,-0.02626999281346798,arithmetic_addition,gemma,1801
14,-0.021339714527130127,-0.009233392775058746,-0.2460779994726181,-0.018740983679890633,-0.025408517569303513,arithmetic_addition,gemma,1801
15,-0.012698069214820862,0.0026356130838394165,-0.2455456703901291,-0.018531842157244682,-0.023718908429145813,arithmetic_addition,gemma,1801
16,-0.018128901720046997,-0.007313363254070282,-0.24488936364650726,-0.01790286786854267,-0.025328459218144417,arithmetic_addition,gemma,1801
17,-0.00977391004562378,-0.002979978919029236,-0.24393364787101746,-0.019589433446526527,-0.02492584101855755,arithmetic_addition,gemma,1801
18,-0.011710405349731445,-0.0008294358849525452,-0.23639348149299622,-0.020939147099852562,-0.02323903702199459,arithmetic_addition,gemma,1801
19,-0.004963204264640808,0.0025624558329582214,-0.23577439785003662,-0.01915757730603218,-0.02552773430943489,arithmetic_addition,gemma,1801
20,-0.013467639684677124,-0.007472828030586243,-0.24122634530067444,-0.01954353041946888,-0.024430811405181885,arithmetic_addition,gemma,1801
21,-0.004504472017288208,0.000940956175327301,-0.23882363736629486,-0.01920461840927601,-0.022835347801446915,arithmetic_addition,gemma,1801
22,-0.010445192456245422,-0.005288369953632355,-0.23897528648376465,-0.018140187487006187,-0.025433069095015526,arithmetic_addition,gemma,1801
23,-0.004464790225028992,-0.006057441234588623,-0.24071860313415527,-0.019770408049225807,-0.024602731689810753,arithmetic_addition,gemma,1801
24,-0.018070682883262634,-0.0017167553305625916,-0.24081358313560486,-0.020660018548369408,-0.02349015697836876,arithmetic_addition,gemma,1801
25,-0.009622812271118164,0.0016703829169273376,-0.24043548107147217,-0.018345240503549576,-0.02602037601172924,arithmetic_addition,gemma,1801
26,-0.01791757345199585,-0.004344373941421509,-0.24423962831497192,-0.01918099820613861,-0.02505488693714142,arithmetic_addition,gemma,1801
27,-0.010939463973045349,0.0058159902691841125,-0.24380552768707275,-0.018598616123199463,-0.02294607274234295,arithmetic_addition,gemma,1801
28,-0.015597239136695862,-0.0021354705095291138,-0.24321377277374268,-0.018312612548470497,-0.024905085563659668,arithmetic_addition,gemma,1801
29,-0.008204549551010132,-0.0033648982644081116,-0.2438782900571823,-0.019955305382609367,-0.024396434426307678,arithmetic_addition,gemma,1801
30,-0.015063613653182983,-0.0034867674112319946,-0.23773397505283356,-0.021599136292934418,-0.023776741698384285,arithmetic_addition,gemma,1801
31,-0.01015542447566986,-0.0007696300745010376,-0.23879805207252502,-0.02017388306558132,-0.026195155456662178,arithmetic_addition,gemma,1801
32,-0.018293261528015137,-0.011141367256641388,-0.24349968135356903,-0.0192788727581501,-0.02485436014831066,arithmetic_addition,gemma,1801
33,-0.009485900402069092,1.2323260307312012e-05,-0.24069949984550476,-0.01848839409649372,-0.02283589169383049,arithmetic_addition,gemma,1801
34,-0.016462743282318115,-0.007447339594364166,-0.2433847039937973,-0.01827331632375717,-0.02499220333993435,arithmetic_addition,gemma,1801
35,-0.008054196834564209,-0.008522242307662964,-0.24434185028076172,-0.020078837871551514,-0.024734430015087128,arithmetic_addition,gemma,1801
36,-0.011732339859008789,-0.002898894250392914,-0.23657315969467163,-0.020221948623657227,-0.024346504360437393,arithmetic_addition,gemma,1801
37,-0.005484297871589661,-0.002577565610408783,-0.23699694871902466,-0.018674667924642563,-0.025700392201542854,arithmetic_addition,gemma,1801
38,-0.015231430530548096,-0.009046129882335663,-0.24052628874778748,-0.018253348767757416,-0.025671621784567833,arithmetic_addition,gemma,1801
39,-0.007014259696006775,0.0021939128637313843,-0.24081513285636902,-0.01893359236419201,-0.023696715012192726,arithmetic_addition,gemma,1801
40,-0.012093350291252136,-0.004860356450080872,-0.24018654227256775,-0.017507582902908325,-0.026231931522488594,arithmetic_addition,gemma,1801
41,-0.007343485951423645,-0.006479762494564056,-0.24386343359947205,-0.019929630681872368,-0.025806928053498268,arithmetic_addition,gemma,1801
42,-0.015235990285873413,-0.003537379205226898,-0.24184872210025787,-0.01979893632233143,-0.024289144203066826,arithmetic_addition,gemma,1801
43,-0.007492393255233765,0.0006531849503517151,-0.24053722620010376,-0.01897955685853958,-0.026612723246216774,arithmetic_addition,gemma,1801
44,-0.019003912806510925,-0.009870022535324097,-0.24541671574115753,-0.01985837146639824,-0.025240851566195488,arithmetic_addition,gemma,1801
45,-0.011032670736312866,-1.9356608390808105e-05,-0.24570173025131226,-0.01905946061015129,-0.023028656840324402,arithmetic_addition,gemma,1801
46,-0.015314429998397827,-0.007394179701805115,-0.24576126039028168,-0.018223697319626808,-0.025546206161379814,arithmetic_addition,gemma,1801
47,-0.008652225136756897,-0.007735893130302429,-0.24685052037239075,-0.01996198482811451,-0.025001199916005135,arithmetic_addition,gemma,1801
48,-0.012791737914085388,-0.0011293068528175354,-0.23619630932807922,-0.021925965324044228,-0.023173969238996506,arithmetic_addition,gemma,1801
49,-0.005419448018074036,0.0009809806942939758,-0.2358217090368271,-0.019321667030453682,-0.025705615058541298,arithmetic_addition,gemma,1801
50,-0.01617756485939026,-0.007744051516056061,-0.24397878348827362,-0.019607948139309883,-0.02472514472901821,arithmetic_addition,gemma,1801
51,-0.005930155515670776,0.0020305588841438293,-0.23897093534469604,-0.019452285021543503,-0.022607458755373955,arithmetic_addition,gemma,1801
52,-0.01457183063030243,-0.0059614479541778564,-0.2419409602880478,-0.018021980300545692,-0.025613293051719666,arithmetic_addition,gemma,1801
53,-0.007041335105895996,-0.006940305233001709,-0.24046820402145386,-0.02022274024784565,-0.024637535214424133,arithmetic_addition,gemma,1801
54,-0.012763887643814087,-0.0030488744378089905,-0.23477116227149963,-0.020181072875857353,-0.02358124777674675,arithmetic_addition,gemma,1801
55,-0.006020665168762207,-0.001439891755580902,-0.2357369214296341,-0.01781018264591694,-0.026402343064546585,arithmetic_addition,gemma,1801
56,-0.01799379289150238,-0.009715214371681213,-0.24355411529541016,-0.017961231991648674,-0.025627832859754562,arithmetic_addition,gemma,1801
57,-0.004833400249481201,0.004264995455741882,-0.23725613951683044,-0.01776592619717121,-0.02440427616238594,arithmetic_addition,gemma,1801
58,-0.015986233949661255,-0.010065898299217224,-0.24353481829166412,-0.01825742982327938,-0.02626427635550499,arithmetic_addition,gemma,1801
59,-0.006271526217460632,-0.009206384420394897,-0.24043700098991394,-0.019413577392697334,-0.02560584992170334,arithmetic_addition,gemma,1801
60,-0.015276283025741577,-0.0008515045046806335,-0.23545563220977783,-0.021611126139760017,-0.023681726306676865,arithmetic_addition,gemma,1801
61,-0.007114052772521973,0.00041912496089935303,-0.2364063560962677,-0.01972493715584278,-0.02641315571963787,arithmetic_addition,gemma,1801
62,-0.01926882565021515,-0.007682643830776215,-0.24415117502212524,-0.01936214603483677,-0.02483357861638069,arithmetic_addition,gemma,1801
63,-0.010483473539352417,0.001746341586112976,-0.24232198297977448,-0.019769905135035515,-0.02312120608985424,arithmetic_addition,gemma,1801
64,-0.016448751091957092,-0.006114929914474487,-0.24341556429862976,-0.018193885684013367,-0.02578533999621868,arithmetic_addition,gemma,1801
65,-0.01084078848361969,-0.006298869848251343,-0.24364475905895233,-0.02054605819284916,-0.024402670562267303,arithmetic_addition,gemma,1801
66,-0.015590831637382507,-0.005106814205646515,-0.23738624155521393,-0.020224759355187416,-0.02312764711678028,arithmetic_addition,gemma,1801
67,-0.006582796573638916,-0.001858055591583252,-0.23744156956672668,-0.01774699054658413,-0.02562779374420643,arithmetic_addition,gemma,1801
68,-0.017816856503486633,-0.010330818593502045,-0.24623629450798035,-0.017823146656155586,-0.024975795298814774,arithmetic_addition,gemma,1801
69,-0.00571654736995697,0.0008550733327865601,-0.24073092639446259,-0.018615320324897766,-0.02338332124054432,arithmetic_addition,gemma,1801
70,-0.014473974704742432,-0.008162535727024078,-0.244877427816391,-0.016797088086605072,-0.025101404637098312,arithmetic_addition,gemma,1801
71,-0.005230382084846497,-0.006800837814807892,-0.24231374263763428,-0.01932346448302269,-0.023733962327241898,arithmetic_addition,gemma,1801
72,-0.01485644280910492,-0.002722226083278656,-0.23704543709754944,-0.021788068115711212,-0.02350766770541668,arithmetic_addition,gemma,1801
73,-0.005381762981414795,7.288157939910889e-05,-0.2373259961605072,-0.01922760158777237,-0.026160458102822304,arithmetic_addition,gemma,1801
74,-0.019300848245620728,-0.00970315933227539,-0.246680349111557,-0.019270164892077446,-0.024295542389154434,arithmetic_addition,gemma,1801
75,-0.010206490755081177,0.0011781901121139526,-0.24327096343040466,-0.018904834985733032,-0.022159099578857422,arithmetic_addition,gemma,1801
76,-0.015527114272117615,-0.006848320364952087,-0.24650052189826965,-0.018047301098704338,-0.024475781247019768,arithmetic_addition,gemma,1801
77,-0.008916467428207397,-0.007206134498119354,-0.24530868232250214,-0.020102493464946747,-0.023259306326508522,arithmetic_addition,gemma,1801
78,-0.015553921461105347,-0.004131220281124115,-0.23797261714935303,-0.021766990423202515,-0.023585321381688118,arithmetic_addition,gemma,1801
79,-0.007306709885597229,-0.00043267011642456055,-0.23746520280838013,-0.020009519532322884,-0.02614506520330906,arithmetic_addition,gemma,1801
80,-0.02240961790084839,-0.01214936375617981,-0.24827612936496735,-0.019400864839553833,-0.02412481978535652,arithmetic_addition,gemma,1801
81,-0.011239737272262573,-3.656744956970215e-05,-0.2427023947238922,-0.019251646474003792,-0.022252412512898445,arithmetic_addition,gemma,1801
82,-0.017760977149009705,-0.0095357745885849,-0.24676227569580078,-0.01798594556748867,-0.024601686745882034,arithmetic_addition,gemma,1801
83,-0.010839074850082397,-0.009822003543376923,-0.2455131709575653,-0.020123235881328583,-0.02381308004260063,arithmetic_addition,gemma,1801
84,-0.010785982012748718,-0.003422953188419342,-0.2351285219192505,-0.020490650087594986,-0.02434556558728218,arithmetic_addition,gemma,1801
85,-0.00422552227973938,-0.00217563658952713,-0.23779284954071045,-0.01742827706038952,-0.025678858160972595,arithmetic_addition,gemma,1801
86,-0.016144171357154846,-0.011394515633583069,-0.24426797032356262,-0.01661713421344757,-0.025849109515547752,arithmetic_addition,gemma,1801
87,-0.004778474569320679,0.001289471983909607,-0.24108082056045532,-0.0175474900752306,-0.02402619458734989,arithmetic_addition,gemma,1801
88,-0.013292774558067322,-0.004724659025669098,-0.2440636157989502,-0.016287708654999733,-0.0259187463670969,arithmetic_addition,gemma,1801
89,-0.0057381391525268555,-0.006291985511779785,-0.24308587610721588,-0.019292449578642845,-0.024857761338353157,arithmetic_addition,gemma,1801
90,-0.0157192200422287,-0.006566166877746582,-0.23948732018470764,-0.01971461810171604,-0.023319177329540253,arithmetic_addition,gemma,1801
91,-0.006891340017318726,-0.0026680901646614075,-0.23878805339336395,-0.017989762127399445,-0.026152897626161575,arithmetic_addition,gemma,1801
92,-0.02130940556526184,-0.013199768960475922,-0.24909108877182007,-0.0188067015260458,-0.024785438552498817,arithmetic_addition,gemma,1801
93,-0.010405361652374268,-0.0011450275778770447,-0.24503681063652039,-0.018707262352108955,-0.02282208949327469,arithmetic_addition,gemma,1801
94,-0.018411099910736084,-0.009695939719676971,-0.25061529874801636,-0.017364690080285072,-0.025511955842375755,arithmetic_addition,gemma,1801
95,-0.010316908359527588,-0.010101981461048126,-0.2478514462709427,-0.01968763954937458,-0.024213964119553566,arithmetic_addition,gemma,1801
0,-0.1136060506105423,-0.04113145172595978,-0.23647311329841614,-0.02207353711128235,-0.020455580204725266,arc_challenge,gemma,1801
1,-0.10949277132749557,-0.05383910983800888,-0.21518465876579285,-0.022789908573031425,-0.02162071317434311,arc_challenge,gemma,1801
2,-0.13163769245147705,-0.027391143143177032,-0.2408309429883957,-0.021011589094996452,-0.03119945526123047,arc_challenge,gemma,1801
3,-0.11150065809488297,-0.044617753475904465,-0.221374973654747,-0.017527876421809196,-0.023470979183912277,arc_challenge,gemma,1801
4,-0.12135010957717896,-0.0411919429898262,-0.21832580864429474,-0.021929919719696045,-0.025539668276906013,arc_challenge,gemma,1801
5,-0.08026623725891113,-0.01637904718518257,-0.20329175889492035,-0.017122292891144753,-0.02356320433318615,arc_challenge,gemma,1801
6,-0.09546937048435211,-0.028901278972625732,-0.227480947971344,-0.0219967532902956,-0.02283087559044361,arc_challenge,gemma,1801
7,-0.09394840896129608,-0.022250350564718246,-0.22826574742794037,-0.019433122128248215,-0.02473743073642254,arc_challenge,gemma,1801
8,-0.10097020864486694,-0.05827964097261429,-0.21343731880187988,-0.014903233386576176,-0.02728237770497799,arc_challenge,gemma,1801
9,-0.09032051265239716,-0.007769294083118439,-0.21289436519145966,-0.024040773510932922,-0.025022419169545174,arc_challenge,gemma,1801
10,-0.10652068257331848,-0.055974751710891724,-0.21680325269699097,-0.012799173593521118,-0.022108424454927444,arc_challenge,gemma,1801
11,-0.1272841840982437,-0.04092849791049957,-0.2451271116733551,-0.02110987901687622,-0.023965656757354736,arc_challenge,gemma,1801
12,-0.11325390636920929,-0.046789854764938354,-0.21474343538284302,-0.021879853680729866,-0.01748061552643776,arc_challenge,gemma,1801
13,-0.11154738813638687,-0.052935291081666946,-0.21804001927375793,-0.02185893803834915,-0.025761248543858528,arc_challenge,gemma,1801
14,-0.11751507967710495,-0.041737478226423264,-0.23462454974651337,-0.02754058502614498,-0.02153276465833187,arc_challenge,gemma,1801
15,-0.13192015886306763,-0.06122229993343353,-0.2342321127653122,-0.025273649021983147,-0.014719531871378422,arc_challenge,gemma,1801
16,-0.1127002090215683,-0.03791432082653046,-0.21814964711666107,-0.017995452508330345,-0.029647111892700195,arc_challenge,gemma,1801
17,-0.10428543388843536,-0.04573383927345276,-0.22483207285404205,-0.012894752435386181,-0.02321551740169525,arc_challenge,gemma,1801
18,-0.11151730269193649,-0.060163140296936035,-0.22528639435768127,-0.021944552659988403,-0.026819240301847458,arc_challenge,gemma,1801
19,-0.11030471324920654,-0.03728687763214111,-0.23287251591682434,-0.02387346886098385,-0.022515742108225822,arc_challenge,gemma,1801
20,-0.10671298950910568,-0.044805269688367844,-0.2237120270729065,-0.01721937395632267,-0.019744934514164925,arc_challenge,gemma,1801
21,-0.11144013702869415,-0.02306763082742691,-0.22359180450439453,-0.018612442538142204,-0.02036343701183796,arc_challenge,gemma,1801
22,-0.11829803138971329,-0.04814087972044945,-0.22304773330688477,-0.015962928533554077,-0.03230889514088631,arc_challenge,gemma,1801
23,-0.09283600747585297,-0.03534489870071411,-0.2189416140317917,-0.018397865816950798,-0.021673619747161865,arc_challenge,gemma,1801
24,-0.10270512104034424,-0.05718856304883957,-0.20511798560619354,-0.024153215810656548,-0.02317672409117222,arc_challenge,gemma,1801
25,-0.1221608817577362,-0.039115630090236664,-0.23288443684577942,-0.018540045246481895,-0.024848738685250282,arc_challenge,gemma,1801
26,-0.10432484745979309,-0.033973127603530884,-0.22950871288776398,-0.023999055847525597,-0.02518524043262005,arc_challenge,gemma,1801
27,-0.12061572819948196,-0.030167076736688614,-0.21952487528324127,-0.018746627494692802,-0.02557147666811943,arc_challenge,gemma,1801
28,-0.1025252640247345,-0.040193233639001846,-0.2210811972618103,-0.022903306409716606,-0.023771369829773903,arc_challenge,gemma,1801
29,-0.09414562582969666,-0.03239641711115837,-0.2226305902004242,-0.021015027537941933,-0.027108943089842796,arc_challenge,gemma,1801
30,-0.1469603329896927,-0.0694868415594101,-0.25489541888237,-0.021246494725346565,-0.021743129938840866,arc_challenge,gemma,1801
31,-0.091985322535038,-0.04149938002228737,-0.2015242576599121,-0.013556327670812607,-0.017616190016269684,arc_challenge,gemma,1801
32,-0.10473617166280746,-0.03921625018119812,-0.2095593512058258,-0.018318094313144684,-0.02551911771297455,arc_challenge,gemma,1801
33,-0.12798722088336945,-0.0726124495267868,-0.21196123957633972,-0.019194820895791054,-0.025217663496732712,arc_challenge,gemma,1801
34,-0.09092266112565994,-0.039314523339271545,-0.20705874264240265,-0.02491915225982666,-0.0244296845048666,arc_challenge,gemma,1801
35,-0.10776463150978088,-0.057574741542339325,-0.23368439078330994,-0.015850819647312164,-0.019487613812088966,arc_challenge,gemma,1801
36,-0.10615947842597961,-0.08326253294944763,-0.2340102195739746,-0.019892359152436256,-0.02830454334616661,arc_challenge,gemma,1801
37,-0.09945517778396606,-0.04573125019669533,-0.2275821566581726,-0.021260054782032967,-0.024640923365950584,arc_challenge,gemma,1801
38,-0.10251812636852264,-0.049488916993141174,-0.21263203024864197,-0.02163744531571865,-0.02525598369538784,arc_challenge,gemma,1801
39,-0.11356804519891739,-0.03483572602272034,-0.19552218914031982,-0.020726293325424194,-0.024274395778775215,arc_challenge,gemma,1801
40,-0.0926453098654747,-0.030065953731536865,-0.21377162635326385,-0.022586913779377937,-0.02041197381913662,arc_challenge,gemma,1801
41,-0.09832821041345596,-0.03522908315062523,-0.21639728546142578,-0.019588017836213112,-0.029112830758094788,arc_challenge,gemma,1801
42,-0.11589206755161285,-0.04173688217997551,-0.20982523262500763,-0.023056456819176674,-0.021687885746359825,arc_challenge,gemma,1801
43,-0.0852951854467392,-0.03033583238720894,-0.20550751686096191,-0.012264948338270187,-0.022835373878479004,arc_challenge,gemma,1801
44,-0.10442601144313812,-0.039680879563093185,-0.2315531075000763,-0.018441712483763695,-0.027895808219909668,arc_challenge,gemma,1801
45,-0.11406433582305908,-0.04623069614171982,-0.2212979644536972,-0.028569169342517853,-0.029881920665502548,arc_challenge,gemma,1801
46,-0.08055105805397034,-0.01865583285689354,-0.2120988965034485,-0.016035448759794235,-0.02173132449388504,arc_challenge,gemma,1801
47,-0.11151960492134094,-0.032775744795799255,-0.2129000872373581,-0.025462059304118156,-0.027705786749720573,arc_challenge,gemma,1801
48,-0.10332908481359482,-0.04920949041843414,-0.22388386726379395,-0.020396290346980095,-0.020829807966947556,arc_challenge,gemma,1801
49,-0.08275940269231796,-0.05795816332101822,-0.1961984932422638,-0.022850582376122475,-0.021180978044867516,arc_challenge,gemma,1801
50,-0.11575198918581009,-0.04114173352718353,-0.21192827820777893,-0.018808675929903984,-0.019013678655028343,arc_challenge,gemma,1801
51,-0.10417802631855011,-0.031805917620658875,-0.22365310788154602,-0.020734714344143867,-0.027918338775634766,arc_challenge,gemma,1801
52,-0.11289645731449127,-0.04556366801261902,-0.24080629646778107,-0.01299877930432558,-0.027853136882185936,arc_challenge,gemma,1801
53,-0.0880342349410057,-0.03656797111034393,-0.21026566624641418,-0.019743597134947777,-0.01949087716639042,arc_challenge,gemma,1801
54,-0.10863115638494492,-0.03650043159723282,-0.23138225078582764,-0.021593980491161346,-0.029517648741602898,arc_challenge,gemma,1801
55,-0.09196529537439346,-0.045758798718452454,-0.21526771783828735,-0.023639017716050148,-0.02610992081463337,arc_challenge,gemma,1801
56,-0.09725891053676605,-0.02063918113708496,-0.2244161069393158,-0.024913012981414795,-0.024792226031422615,arc_challenge,gemma,1801
57,-0.101764976978302,-0.04878263548016548,-0.22286872565746307,-0.015303528867661953,-0.023808220401406288,arc_challenge,gemma,1801
58,-0.09563370048999786,-0.040562961250543594,-0.21317371726036072,-0.01669696904718876,-0.027230599895119667,arc_challenge,gemma,1801
59,-0.12151163816452026,-0.0457976795732975,-0.23136045038700104,-0.02107059396803379,-0.016729464754462242,arc_challenge,gemma,1801
60,-0.09702280163764954,-0.03921107202768326,-0.2318795621395111,-0.011110339313745499,-0.028517194092273712,arc_challenge,gemma,1801
61,-0.12458444386720657,-0.05599375441670418,-0.24238541722297668,-0.01915433071553707,-0.025598062202334404,arc_challenge,gemma,1801
62,-0.10687153786420822,-0.05237125977873802,-0.2056356966495514,-0.019819460809230804,-0.024625107645988464,arc_challenge,gemma,1801
63,-0.08785399794578552,-0.009136222302913666,-0.21219903230667114,-0.022489963099360466,-0.022972337901592255,arc_challenge,gemma,1801
64,-0.08072459697723389,-0.029450751841068268,-0.2087046056985855,-0.023852333426475525,-0.028788698837161064,arc_challenge,gemma,1801
65,-0.10382787138223648,-0.026591751724481583,-0.2126627266407013,-0.01767074316740036,-0.027624690905213356,arc_challenge,gemma,1801
66,-0.09866508841514587,-0.0414997898042202,-0.2257382571697235,-0.018398141488432884,-0.022083323448896408,arc_challenge,gemma,1801
67,-0.08937837183475494,-0.05147232487797737,-0.22680576145648956,-0.02056192420423031,-0.02234991267323494,arc_challenge,gemma,1801
68,-0.1055208370089531,-0.05034203454852104,-0.2195931077003479,-0.017640886828303337,-0.020383195951581,arc_challenge,gemma,1801
69,-0.10453741252422333,-0.045438047498464584,-0.20594975352287292,-0.021373635157942772,-0.025371447205543518,arc_challenge,gemma,1801
70,-0.11252839863300323,-0.04512292891740799,-0.2262028604745865,-0.019434738904237747,-0.03230487182736397,arc_challenge,gemma,1801
71,-0.11446105688810349,-0.03339669108390808,-0.2337624430656433,-0.010167126543819904,-0.02502353861927986,arc_challenge,gemma,1801
72,-0.11562900990247726,-0.04602114111185074,-0.22247588634490967,-0.01690678857266903,-0.02253454178571701,arc_challenge,gemma,1801
73,-0.08416403830051422,-0.03323440998792648,-0.22664129734039307,-0.023067906498908997,-0.02091248705983162,arc_challenge,gemma,1801
74,-0.11311312764883041,-0.04908449947834015,-0.22859756648540497,-0.0219025406986475,-0.02578350529074669,arc_challenge,gemma,1801
75,-0.10497494041919708,-0.024126563221216202,-0.22568589448928833,-0.016908342018723488,-0.02217661216855049,arc_challenge,gemma,1801
76,-0.07905235886573792,-0.023078683763742447,-0.20348091423511505,-0.020221970975399017,-0.024022895842790604,arc_challenge,gemma,1801
77,-0.1170615404844284,-0.0377955287694931,-0.22171556949615479,-0.018389014527201653,-0.023851890116930008,arc_challenge,gemma,1801
78,-0.12451796978712082,-0.04965730756521225,-0.20954927802085876,-0.026852359995245934,-0.02486344985663891,arc_challenge,gemma,1801
79,-0.10383833199739456,-0.02708406373858452,-0.22786879539489746,-0.020097244530916214,-0.025684881955385208,arc_challenge,gemma,1801
80,-0.11540982872247696,-0.040598344057798386,-0.22712500393390656,-0.02586902678012848,-0.0245689507573843,arc_challenge,gemma,1801
81,-0.09789378941059113,-0.03986909240484238,-0.21284988522529602,-0.01939292438328266,-0.029564471915364265,arc_challenge,gemma,1801
82,-0.12154917418956757,-0.04334627836942673,-0.21504485607147217,-0.020400958135724068,-0.024318695068359375,arc_challenge,gemma,1801
83,-0.11016187071800232,-0.03897121548652649,-0.23098987340927124,-0.02418210357427597,-0.025306813418865204,arc_challenge,gemma,1801
84,-0.10767790675163269,-0.0656999796628952,-0.2392715960741043,-0.016376635059714317,-0.023816438391804695,arc_challenge,gemma,1801
85,-0.10298993438482285,-0.05848753824830055,-0.20918405055999756,-0.019411062821745872,-0.02264959178864956,arc_challenge,gemma,1801
86,-0.1180637925863266,-0.03556409105658531,-0.2145152986049652,-0.020685425028204918,-0.024245645850896835,arc_challenge,gemma,1801
87,-0.09237483143806458,-0.024559449404478073,-0.2121771275997162,-0.019128097221255302,-0.028810720890760422,arc_challenge,gemma,1801
88,-0.11324355006217957,-0.0324862003326416,-0.2048347145318985,-0.022508537396788597,-0.0305185467004776,arc_challenge,gemma,1801
89,-0.11656322330236435,-0.06205287575721741,-0.21380376815795898,-0.023987315595149994,-0.02893531136214733,arc_challenge,gemma,1801
90,-0.10032457858324051,-0.04859627038240433,-0.2080138623714447,-0.016590986400842667,-0.022640585899353027,arc_challenge,gemma,1801
91,-0.1044105514883995,-0.0840170755982399,-0.22748318314552307,-0.01733468286693096,-0.031156077980995178,arc_challenge,gemma,1801
92,-0.10322599112987518,-0.04753706604242325,-0.23346324265003204,-0.022847680374979973,-0.018875060603022575,arc_challenge,gemma,1801
93,-0.11495772749185562,-0.046719398349523544,-0.22914279997348785,-0.020090242847800255,-0.01924165152013302,arc_challenge,gemma,1801
94,-0.11278663575649261,-0.02410796657204628,-0.2271927297115326,-0.027410060167312622,-0.023210374638438225,arc_challenge,gemma,1801
95,-0.09216213971376419,-0.016755826771259308,-0.20074032247066498,-0.02069493941962719,-0.014416015706956387,arc_challenge,gemma,1801
0,-0.009670302271842957,0.0014704465866088867,-0.2072112262248993,-0.02866201102733612,-0.02035878598690033,lexical_category,gemma,1802
1,-0.024302944540977478,-0.012608297169208527,-0.2043488621711731,-0.030400119721889496,-0.019033044576644897,lexical_category,gemma,1802
2,-0.00681932270526886,-0.0024932026863098145,-0.20910033583641052,-0.029548591002821922,-0.013702296651899815,lexical_category,gemma,1802
3,-0.01955956220626831,-0.015822462737560272,-0.23099106550216675,-0.03082868456840515,-0.017099250108003616,lexical_category,gemma,1802
4,-0.007803887128829956,-0.008272357285022736,-0.21342824399471283,-0.02634291537106037,-0.016153763979673386,lexical_category,gemma,1802
5,-0.010367050766944885,-0.0013251453638076782,-0.21172723174095154,-0.030795395374298096,-0.018208984285593033,lexical_category,gemma,1802
6,-0.012229666113853455,-0.000835418701171875,-0.21217963099479675,-0.027890527620911598,-0.021988045424222946,lexical_category,gemma,1802
7,-0.02113129198551178,-0.007803425192832947,-0.2050936222076416,-0.0299846138805151,-0.019848288968205452,lexical_category,gemma,1802
8,-0.010194897651672363,0.0018436983227729797,-0.2138802409172058,-0.02839028835296631,-0.015780193731188774,lexical_category,gemma,1802
9,-0.022816330194473267,-0.014356359839439392,-0.23238416016101837,-0.030324386432766914,-0.019282760098576546,lexical_category,gemma,1802
10,-0.010146915912628174,-0.004213675856590271,-0.21554097533226013,-0.02717377431690693,-0.01672183908522129,lexical_category,gemma,1802
11,-0.015990182757377625,-0.006798639893531799,-0.21690276265144348,-0.03057362325489521,-0.01939905248582363,lexical_category,gemma,1802
12,-0.010121732950210571,-0.0004204064607620239,-0.20683863759040833,-0.028684386983513832,-0.02000664919614792,lexical_category,gemma,1802
13,-0.02463488280773163,-0.01308431476354599,-0.20585814118385315,-0.03072850964963436,-0.018966026604175568,lexical_category,gemma,1802
14,-0.007921755313873291,-0.0016153976321220398,-0.21032367646694183,-0.02877882309257984,-0.014150053262710571,lexical_category,gemma,1802
15,-0.023434221744537354,-0.015726715326309204,-0.23478785157203674,-0.02985033579170704,-0.016660679131746292,lexical_category,gemma,1802
16,-0.009759262204170227,-0.00657084584236145,-0.21583989262580872,-0.027604063972830772,-0.014669066295027733,lexical_category,gemma,1802
17,-0.01207299530506134,-0.004118889570236206,-0.21303823590278625,-0.03012874722480774,-0.017970258370041847,lexical_category,gemma,1802
18,-0.014687001705169678,-0.003298930823802948,-0.21247686445713043,-0.028364447876811028,-0.019624168053269386,lexical_category,gemma,1802
19,-0.026098906993865967,-0.008639976382255554,-0.2094762623310089,-0.030985020101070404,-0.019415589049458504,lexical_category,gemma,1802
20,-0.01081685721874237,0.0007316544651985168,-0.21475426852703094,-0.028480248525738716,-0.014389103278517723,lexical_category,gemma,1802
21,-0.025148466229438782,-0.010354921221733093,-0.23587563633918762,-0.02932119555771351,-0.017621200531721115,lexical_category,gemma,1802
22,-0.012854650616645813,-0.0034554973244667053,-0.21988913416862488,-0.028015799820423126,-0.01578054390847683,lexical_category,gemma,1802
23,-0.01700250804424286,-0.005230024456977844,-0.21682392060756683,-0.03176833689212799,-0.01678774319589138,lexical_category,gemma,1802
24,-0.014120861887931824,0.0022387951612472534,-0.21891188621520996,-0.027640437707304955,-0.021807128563523293,lexical_category,gemma,1802
25,-0.022748321294784546,-0.005547337234020233,-0.21211740374565125,-0.02942720055580139,-0.019436899572610855,lexical_category,gemma,1802
26,-0.01252080500125885,0.001226961612701416,-0.2206394374370575,-0.02874273993074894,-0.015625448897480965,lexical_category,gemma,1802
27,-0.02809804677963257,-0.0070066899061203,-0.24193599820137024,-0.029442518949508667,-0.018848443403840065,lexical_category,gemma,1802
28,-0.016451597213745117,-0.005973368883132935,-0.22868087887763977,-0.026872314512729645,-0.016727032139897346,lexical_category,gemma,1802
29,-0.020005404949188232,0.0051537007093429565,-0.22740992903709412,-0.029191866517066956,-0.020289862528443336,lexical_category,gemma,1802
30,-0.012970492243766785,0.0038833320140838623,-0.21140414476394653,-0.030170148238539696,-0.020480193197727203,lexical_category,gemma,1802
31,-0.028954610228538513,-0.009114161133766174,-0.21087172627449036,-0.03137749433517456,-0.018467778339982033,lexical_category,gemma,1802
32,-0.01954217255115509,-0.0017926692962646484,-0.2169453650712967,-0.03023686818778515,-0.014747864566743374,lexical_category,gemma,1802
33,-0.030242115259170532,-0.014495529234409332,-0.23763306438922882,-0.03138324245810509,-0.018100988119840622,lexical_category,gemma,1802
34,-0.018958941102027893,-0.007627241313457489,-0.2295277863740921,-0.02813280187547207,-0.016794169321656227,lexical_category,gemma,1802
35,-0.021723568439483643,0.0020184963941574097,-0.22669656574726105,-0.031001364812254906,-0.01930985040962696,lexical_category,gemma,1802
36,-0.013165265321731567,-0.002215765416622162,-0.21432296931743622,-0.02824324369430542,-0.02088737301528454,lexical_category,gemma,1802
37,-0.02570571005344391,-0.012551821768283844,-0.21035358309745789,-0.029896879568696022,-0.018681013956665993,lexical_category,gemma,1802
38,-0.014509499073028564,-0.003856562077999115,-0.21927255392074585,-0.028029868379235268,-0.013949479907751083,lexical_category,gemma,1802
39,-0.025900840759277344,-0.01763813942670822,-0.2394464910030365,-0.029619639739394188,-0.016675176098942757,lexical_category,gemma,1802
40,-0.01579803228378296,-0.011147469282150269,-0.2234843224287033,-0.02711859904229641,-0.015961725264787674,lexical_category,gemma,1802
41,-0.01781603693962097,-0.0024537742137908936,-0.2204953134059906,-0.03058139979839325,-0.01775367185473442,lexical_category,gemma,1802
42,-0.007690519094467163,-0.0013854801654815674,-0.20551535487174988,-0.02843632362782955,-0.02041686698794365,lexical_category,gemma,1802
43,-0.01933497190475464,-0.01191585510969162,-0.20117099583148956,-0.03090086579322815,-0.0189951341599226,lexical_category,gemma,1802
44,-0.006468057632446289,-0.003789640963077545,-0.20741233229637146,-0.029651379212737083,-0.014012240804731846,lexical_category,gemma,1802
45,-0.022501736879348755,-0.017437435686588287,-0.23096120357513428,-0.031000487506389618,-0.016950493678450584,lexical_category,gemma,1802
46,-0.010959267616271973,-0.006140545010566711,-0.21879220008850098,-0.027342414483428,-0.015940474346280098,lexical_category,gemma,1802
47,-0.013581052422523499,-0.00407852977514267,-0.21384993195533752,-0.031167233362793922,-0.018207918852567673,lexical_category,gemma,1802
48,-0.013108700513839722,-0.002595670521259308,-0.2076469361782074,-0.028533687815070152,-0.02053231932222843,lexical_category,gemma,1802
49,-0.02273525297641754,-0.010817646980285645,-0.2013835906982422,-0.029881328344345093,-0.019378243014216423,lexical_category,gemma,1802
50,-0.012848928570747375,-0.0037643760442733765,-0.20932555198669434,-0.02822285145521164,-0.015546043403446674,lexical_category,gemma,1802
51,-0.024348273873329163,-0.015433833003044128,-0.23006616532802582,-0.030462322756648064,-0.017891597002744675,lexical_category,gemma,1802
52,-0.013355806469917297,-0.0028212741017341614,-0.21290534734725952,-0.027999818325042725,-0.016129646450281143,lexical_category,gemma,1802
53,-0.01860561966896057,-0.003151901066303253,-0.2155405730009079,-0.029430218040943146,-0.017628449946641922,lexical_category,gemma,1802
54,-0.011294171214103699,-9.939819574356079e-05,-0.2112400084733963,-0.028671517968177795,-0.020942965522408485,lexical_category,gemma,1802
55,-0.023382678627967834,-0.0121849924325943,-0.2062070369720459,-0.030432982370257378,-0.019589656963944435,lexical_category,gemma,1802
56,-0.00792577862739563,0.0005669668316841125,-0.21244488656520844,-0.029348328709602356,-0.013285242021083832,lexical_category,gemma,1802
57,-0.024188682436943054,-0.013030283153057098,-0.23648671805858612,-0.03030744194984436,-0.01793203130364418,lexical_category,gemma,1802
58,-0.012000739574432373,-0.00640154629945755,-0.22113393247127533,-0.027180379256606102,-0.01544241327792406,lexical_category,gemma,1802
59,-0.01626688241958618,-0.004951007664203644,-0.21897058188915253,-0.030185990035533905,-0.017048880457878113,lexical_category,gemma,1802
60,-0.01488359272480011,-0.00594695657491684,-0.21142533421516418,-0.02657141722738743,-0.020600173622369766,lexical_category,gemma,1802
61,-0.028288275003433228,-0.017506711184978485,-0.20880725979804993,-0.02927934192121029,-0.01880664750933647,lexical_category,gemma,1802
62,-0.013780742883682251,-0.005126848816871643,-0.21354025602340698,-0.026790624484419823,-0.015829766169190407,lexical_category,gemma,1802
63,-0.02651388943195343,-0.021216683089733124,-0.23359382152557373,-0.0286373570561409,-0.019149068742990494,lexical_category,gemma,1802
64,-0.015307992696762085,-0.010313086211681366,-0.22012487053871155,-0.02678006887435913,-0.016754373908042908,lexical_category,gemma,1802
65,-0.017599821090698242,-0.004224635660648346,-0.21841482818126678,-0.029890360310673714,-0.017828062176704407,lexical_category,gemma,1802
66,-0.016075819730758667,0.000659644603729248,-0.22287455201148987,-0.02581208385527134,-0.02221023291349411,lexical_category,gemma,1802
67,-0.027847766876220703,-0.008768171072006226,-0.2173480987548828,-0.027366824448108673,-0.020100489258766174,lexical_category,gemma,1802
68,-0.013754710555076599,0.002824842929840088,-0.22065070271492004,-0.028017081320285797,-0.01674516499042511,lexical_category,gemma,1802
69,-0.028921514749526978,-0.008427761495113373,-0.24262884259223938,-0.02934364043176174,-0.019132347777485847,lexical_category,gemma,1802
70,-0.014403671026229858,-0.005815938115119934,-0.22704285383224487,-0.02704380452632904,-0.016884027048945427,lexical_category,gemma,1802
71,-0.01650439202785492,0.007291652262210846,-0.22296158969402313,-0.029315641149878502,-0.01988881267607212,lexical_category,gemma,1802
72,-0.0131673663854599,-0.0004346221685409546,-0.212818905711174,-0.028775067999958992,-0.019902817904949188,lexical_category,gemma,1802
73,-0.027499020099639893,-0.010016866028308868,-0.2122424840927124,-0.030481548979878426,-0.017723940312862396,lexical_category,gemma,1802
74,-0.01268412172794342,0.0015498921275138855,-0.21488234400749207,-0.02967856638133526,-0.013814221136271954,lexical_category,gemma,1802
75,-0.02803768217563629,-0.01024571806192398,-0.23381084203720093,-0.03073207475244999,-0.01682385616004467,lexical_category,gemma,1802
76,-0.016891658306121826,-0.005350716412067413,-0.22880226373672485,-0.027503451332449913,-0.015657983720302582,lexical_category,gemma,1802
77,-0.018221095204353333,0.0008631274104118347,-0.22200031578540802,-0.031141581013798714,-0.018257539719343185,lexical_category,gemma,1802
78,-0.013557255268096924,-0.0007303804159164429,-0.20728251338005066,-0.029272064566612244,-0.019886931404471397,lexical_category,gemma,1802
79,-0.026944085955619812,-0.011070922017097473,-0.20554617047309875,-0.0310526043176651,-0.018846776336431503,lexical_category,gemma,1802
80,-0.01586073637008667,-0.0017978399991989136,-0.21325404942035675,-0.02928743325173855,-0.013452709652483463,lexical_category,gemma,1802
81,-0.027454882860183716,-0.01785600185394287,-0.23633117973804474,-0.030239805579185486,-0.01719791814684868,lexical_category,gemma,1802
82,-0.015344828367233276,-0.0071883127093315125,-0.219380721449852,-0.027209585532546043,-0.015535043552517891,lexical_category,gemma,1802
83,-0.018005579710006714,-0.0024018213152885437,-0.21541334688663483,-0.030168289318680763,-0.018312714993953705,lexical_category,gemma,1802
84,-0.012104615569114685,-0.005503959953784943,-0.21077971160411835,-0.028614765033125877,-0.018887504935264587,lexical_category,gemma,1802
85,-0.02459542453289032,-0.013814561069011688,-0.20621258020401,-0.030511418357491493,-0.018857257440686226,lexical_category,gemma,1802
86,-0.010170146822929382,-0.005067415535449982,-0.2122167944908142,-0.029060175642371178,-0.012668976560235023,lexical_category,gemma,1802
87,-0.024636447429656982,-0.014919526875019073,-0.2365838587284088,-0.030455708503723145,-0.01460763905197382,lexical_category,gemma,1802
88,-0.013067454099655151,-0.011767774820327759,-0.22094182670116425,-0.02676490880548954,-0.015265055000782013,lexical_category,gemma,1802
89,-0.013984814286231995,-0.006485268473625183,-0.21583455801010132,-0.030963510274887085,-0.01713741570711136,lexical_category,gemma,1802
90,-0.014432579278945923,-0.002554282546043396,-0.21102207899093628,-0.027013512328267097,-0.02069534920156002,lexical_category,gemma,1802
91,-0.02619253098964691,-0.009119316935539246,-0.20805592834949493,-0.029323795810341835,-0.018617602065205574,lexical_category,gemma,1802
92,-0.01352548599243164,-0.002713911235332489,-0.21732564270496368,-0.027143508195877075,-0.014677776955068111,lexical_category,gemma,1802
93,-0.028088733553886414,-0.0190146341919899,-0.23910345137119293,-0.027988120913505554,-0.017846189439296722,lexical_category,gemma,1802
94,-0.01758323609828949,-0.008376389741897583,-0.22800996899604797,-0.02564224600791931,-0.015897246077656746,lexical_category,gemma,1802
95,-0.019388392567634583,-0.004727251827716827,-0.22328400611877441,-0.02883821167051792,-0.019613754004240036,lexical_category,gemma,1802
0,-0.013090759515762329,-0.00876142829656601,-0.21814674139022827,-0.0167371928691864,-0.017294498160481453,arithmetic_addition,gemma,1802
1,-0.014793768525123596,-0.0028584226965904236,-0.21860507130622864,-0.017829855903983116,-0.01694200560450554,arithmetic_addition,gemma,1802
2,-0.014342263340950012,-0.0058883801102638245,-0.22292020916938782,-0.01867162436246872,-0.01551333162933588,arithmetic_addition,gemma,1802
3,-0.01335376501083374,-0.00267607718706131,-0.221272274851799,-0.018052715808153152,-0.01633536070585251,arithmetic_addition,gemma,1802
4,-0.016141653060913086,-0.002836965024471283,-0.22221846878528595,-0.02010120265185833,-0.015938663855195045,arithmetic_addition,gemma,1802
5,-0.012440189719200134,-0.00449853390455246,-0.22064295411109924,-0.017943929880857468,-0.01625213213264942,arithmetic_addition,gemma,1802
6,-0.013301864266395569,-0.008945062756538391,-0.22001466155052185,-0.017082789912819862,-0.017227495089173317,arithmetic_addition,gemma,1802
7,-0.015616029500961304,-0.0027833953499794006,-0.21936121582984924,-0.018039794638752937,-0.01674826256930828,arithmetic_addition,gemma,1802
8,-0.014068365097045898,-0.0027121156454086304,-0.22320565581321716,-0.018549032509326935,-0.015714317560195923,arithmetic_addition,gemma,1802
9,-0.014563724398612976,-0.0007735863327980042,-0.22245530784130096,-0.017838777974247932,-0.01668473519384861,arithmetic_addition,gemma,1802
10,-0.017795845866203308,-0.0008409246802330017,-0.22631984949111938,-0.019028199836611748,-0.016172176226973534,arithmetic_addition,gemma,1802
11,-0.013461843132972717,-0.004002735018730164,-0.22264622151851654,-0.01721913367509842,-0.01657671295106411,arithmetic_addition,gemma,1802
12,-0.012029469013214111,-0.00805433839559555,-0.21705730259418488,-0.017703160643577576,-0.016680149361491203,arithmetic_addition,gemma,1802
13,-0.01291346549987793,-0.0046666935086250305,-0.21447569131851196,-0.018184812739491463,-0.01662321947515011,arithmetic_addition,gemma,1802
14,-0.008337080478668213,-0.0037596672773361206,-0.21528233587741852,-0.020061640068888664,-0.01455546822398901,arithmetic_addition,gemma,1802
15,-0.0076323002576828,0.000753454864025116,-0.21902692317962646,-0.019575132057070732,-0.016251221299171448,arithmetic_addition,gemma,1802
16,-0.012078896164894104,-0.001436963677406311,-0.21930930018424988,-0.01927637681365013,-0.01523295696824789,arithmetic_addition,gemma,1802
17,-0.0077822208404541016,-0.004474930465221405,-0.21658948063850403,-0.018392417579889297,-0.015451069921255112,arithmetic_addition,gemma,1802
18,-0.010853171348571777,-0.0074196383357048035,-0.21537908911705017,-0.016583306714892387,-0.01729572005569935,arithmetic_addition,gemma,1802
19,-0.016176238656044006,-0.006945088505744934,-0.21722279489040375,-0.01769939996302128,-0.016165446490049362,arithmetic_addition,gemma,1802
20,-0.013092070817947388,-0.004731722176074982,-0.21824222803115845,-0.01870950125157833,-0.014775573275983334,arithmetic_addition,gemma,1802
21,-0.011300057172775269,0.0007832646369934082,-0.21952231228351593,-0.018318260088562965,-0.015570415183901787,arithmetic_addition,gemma,1802
22,-0.01666170358657837,-0.0031681880354881287,-0.2198973298072815,-0.020195432007312775,-0.015557081438601017,arithmetic_addition,gemma,1802
23,-0.01080082356929779,-0.006871022284030914,-0.21559365093708038,-0.018096162006258965,-0.01579982042312622,arithmetic_addition,gemma,1802
24,-0.011574894189834595,-0.008856624364852905,-0.21516862511634827,-0.018096746876835823,-0.016380267217755318,arithmetic_addition,gemma,1802
25,-0.013741031289100647,-0.010252773761749268,-0.21354222297668457,-0.0182788223028183,-0.015387819148600101,arithmetic_addition,gemma,1802
26,-0.013475745916366577,-0.00423102080821991,-0.20426590740680695,-0.02167637087404728,-0.01429200079292059,arithmetic_addition,gemma,1802
27,-0.014284655451774597,-0.0024014711380004883,-0.2172124981880188,-0.020995259284973145,-0.0163029283285141,arithmetic_addition,gemma,1802
28,-0.020122334361076355,-0.001396477222442627,-0.20998908579349518,-0.02126392163336277,-0.015495266765356064,arithmetic_addition,gemma,1802
29,-0.01682080328464508,-0.010405726730823517,-0.21443158388137817,-0.01891208067536354,-0.014514774084091187,arithmetic_addition,gemma,1802
30,-0.01049824059009552,-0.008365750312805176,-0.21660935878753662,-0.015972470864653587,-0.01666923239827156,arithmetic_addition,gemma,1802
31,-0.013628438115119934,-0.005227595567703247,-0.21511530876159668,-0.017604971304535866,-0.017475424334406853,arithmetic_addition,gemma,1802
32,-0.010981053113937378,-0.010180890560150146,-0.21821805834770203,-0.01716773398220539,-0.016119353473186493,arithmetic_addition,gemma,1802
33,-0.0072251856327056885,-0.0019051805138587952,-0.21760135889053345,-0.017928993329405785,-0.016539324074983597,arithmetic_addition,gemma,1802
34,-0.014290422201156616,-0.007602810859680176,-0.2218245267868042,-0.018202336505055428,-0.01704750768840313,arithmetic_addition,gemma,1802
35,-0.01005484163761139,-0.007404357194900513,-0.21670803427696228,-0.01614353433251381,-0.017537962645292282,arithmetic_addition,gemma,1802
36,-0.01415342092514038,-0.006146922707557678,-0.2170499861240387,-0.017103023827075958,-0.01631743274629116,arithmetic_addition,gemma,1802
37,-0.015651404857635498,-0.005069613456726074,-0.21758221089839935,-0.01746704801917076,-0.015447943471372128,arithmetic_addition,gemma,1802
38,-0.018426954746246338,-0.002715885639190674,-0.2107974737882614,-0.02133799158036709,-0.014085257425904274,arithmetic_addition,gemma,1802
39,-0.015735924243927002,-0.0017891749739646912,-0.21913784742355347,-0.020597808063030243,-0.015917105600237846,arithmetic_addition,gemma,1802
40,-0.022600173950195312,0.00038692355155944824,-0.21408489346504211,-0.021687300875782967,-0.015393640846014023,arithmetic_addition,gemma,1802
41,-0.018219321966171265,-0.007269427180290222,-0.21831244230270386,-0.01887170411646366,-0.015092842280864716,arithmetic_addition,gemma,1802
42,-0.012395709753036499,-0.007939115166664124,-0.215670645236969,-0.01728985644876957,-0.016161290928721428,arithmetic_addition,gemma,1802
43,-0.014130651950836182,-0.006000682711601257,-0.21558699011802673,-0.018481571227312088,-0.01529642939567566,arithmetic_addition,gemma,1802
44,-0.014937371015548706,-0.0011860504746437073,-0.21450752019882202,-0.020112812519073486,-0.014872396364808083,arithmetic_addition,gemma,1802
45,-0.010968923568725586,0.0007792189717292786,-0.21902090311050415,-0.019684139639139175,-0.016065126284956932,arithmetic_addition,gemma,1802
46,-0.020454704761505127,0.0010241493582725525,-0.21448472142219543,-0.021555766463279724,-0.01575016975402832,arithmetic_addition,gemma,1802
47,-0.01316206157207489,-0.00553227961063385,-0.21982043981552124,-0.01793295331299305,-0.015512198209762573,arithmetic_addition,gemma,1802
48,-0.011158674955368042,-0.008174113929271698,-0.2163190394639969,-0.017121074721217155,-0.016436999663710594,arithmetic_addition,gemma,1802
49,-0.015600383281707764,-0.007093839347362518,-0.2183377742767334,-0.017743492498993874,-0.015286600217223167,arithmetic_addition,gemma,1802
50,-0.011603325605392456,-0.005718298256397247,-0.21448269486427307,-0.01853880099952221,-0.014231422916054726,arithmetic_addition,gemma,1802
51,-0.009839609265327454,-0.0015787780284881592,-0.21628940105438232,-0.018399057909846306,-0.0148474695160985,arithmetic_addition,gemma,1802
52,-0.014421224594116211,-0.004686951637268066,-0.21899846196174622,-0.019259266555309296,-0.015515169128775597,arithmetic_addition,gemma,1802
53,-0.007808282971382141,-0.006658568978309631,-0.21322518587112427,-0.017127666622400284,-0.015182585455477238,arithmetic_addition,gemma,1802
54,-0.01591809093952179,-0.010045357048511505,-0.22208231687545776,-0.016783080995082855,-0.017254117876291275,arithmetic_addition,gemma,1802
55,-0.01588377356529236,-0.004357360303401947,-0.2183869332075119,-0.017879359424114227,-0.016466151922941208,arithmetic_addition,gemma,1802
56,-0.014074161648750305,-0.0012975335121154785,-0.2210659384727478,-0.018324458971619606,-0.015967514365911484,arithmetic_addition,gemma,1802
57,-0.014181599020957947,0.0019567981362342834,-0.2213638722896576,-0.017551172524690628,-0.017668772488832474,arithmetic_addition,gemma,1802
58,-0.019198015332221985,-0.0008243322372436523,-0.22709177434444427,-0.018243586644530296,-0.01580333709716797,arithmetic_addition,gemma,1802
59,-0.014935165643692017,-0.004791907966136932,-0.22270309925079346,-0.016599083319306374,-0.016530144959688187,arithmetic_addition,gemma,1802
60,-0.011924371123313904,-0.005544222891330719,-0.2174282968044281,-0.017370326444506645,-0.016583967953920364,arithmetic_addition,gemma,1802
61,-0.014289826154708862,-0.005662791430950165,-0.21570821106433868,-0.01795210875570774,-0.015600810758769512,arithmetic_addition,gemma,1802
62,-0.011974141001701355,-0.0010735094547271729,-0.21757568418979645,-0.018675105646252632,-0.013798441737890244,arithmetic_addition,gemma,1802
63,-0.009148851037025452,0.0025666654109954834,-0.21857202053070068,-0.0185320433229208,-0.015404986217617989,arithmetic_addition,gemma,1802
64,-0.017810717225074768,-0.0008181408047676086,-0.22221145033836365,-0.019374260678887367,-0.015048466622829437,arithmetic_addition,gemma,1802
65,-0.009406432509422302,-0.0031453147530555725,-0.21865898370742798,-0.017156466841697693,-0.014849765226244926,arithmetic_addition,gemma,1802
66,-0.010965079069137573,-0.006468832492828369,-0.21750107407569885,-0.01844264194369316,-0.017605004832148552,arithmetic_addition,gemma,1802
67,-0.015450671315193176,-0.005810566246509552,-0.21868345141410828,-0.019076593220233917,-0.016247283667325974,arithmetic_addition,gemma,1802
68,-0.011414855718612671,-0.003463834524154663,-0.21737517416477203,-0.020284485071897507,-0.014743603765964508,arithmetic_addition,gemma,1802
69,-0.011818841099739075,0.0020513013005256653,-0.2197228968143463,-0.019390340894460678,-0.016067156568169594,arithmetic_addition,gemma,1802
70,-0.016706615686416626,-0.00040362775325775146,-0.2210920751094818,-0.0205494686961174,-0.015569998882710934,arithmetic_addition,gemma,1802
71,-0.01136767864227295,-0.004504010081291199,-0.21569854021072388,-0.01941046677529812,-0.01581428386271,arithmetic_addition,gemma,1802
72,-0.011782392859458923,-0.008558079600334167,-0.21728470921516418,-0.017506858333945274,-0.0175687987357378,arithmetic_addition,gemma,1802
73,-0.01470966637134552,-0.010219134390354156,-0.2148667275905609,-0.01772722601890564,-0.015960438176989555,arithmetic_addition,gemma,1802
74,-0.010571181774139404,0.000508137047290802,-0.21701252460479736,-0.018089357763528824,-0.014692516066133976,arithmetic_addition,gemma,1802
75,-0.009049370884895325,0.00471118837594986,-0.21648754179477692,-0.01908515952527523,-0.015758192166686058,arithmetic_addition,gemma,1802
76,-0.017672225832939148,-0.00014012306928634644,-0.2211843729019165,-0.019604260101914406,-0.016124790534377098,arithmetic_addition,gemma,1802
77,-0.01198740303516388,-0.0021709278225898743,-0.22012484073638916,-0.016812210902571678,-0.016209663823246956,arithmetic_addition,gemma,1802
78,-0.01075848937034607,-0.007914610207080841,-0.217852383852005,-0.016832320019602776,-0.017062725499272346,arithmetic_addition,gemma,1802
79,-0.015050366520881653,-0.00665736198425293,-0.21760910749435425,-0.017868634313344955,-0.016932863742113113,arithmetic_addition,gemma,1802
80,-0.010174766182899475,-0.00589955598115921,-0.21784859895706177,-0.01726362109184265,-0.01568426936864853,arithmetic_addition,gemma,1802
81,-0.007967233657836914,0.001016862690448761,-0.21720868349075317,-0.01848648674786091,-0.016618836671113968,arithmetic_addition,gemma,1802
82,-0.015031710267066956,-0.001788124442100525,-0.22050073742866516,-0.018766798079013824,-0.01709035597741604,arithmetic_addition,gemma,1802
83,-0.010935217142105103,-0.0050402358174324036,-0.21519237756729126,-0.016002828255295753,-0.01772424951195717,arithmetic_addition,gemma,1802
84,-0.01997600495815277,-0.00757676362991333,-0.2181248664855957,-0.017816713079810143,-0.01652275212109089,arithmetic_addition,gemma,1802
85,-0.0170203298330307,-0.0034048259258270264,-0.21669770777225494,-0.018324991688132286,-0.0146592166274786,arithmetic_addition,gemma,1802
86,-0.015369519591331482,-0.0037289783358573914,-0.21654874086380005,-0.019913693889975548,-0.013082128949463367,arithmetic_addition,gemma,1802
87,-0.017843350768089294,-0.0035980790853500366,-0.2170068323612213,-0.020938217639923096,-0.015531443059444427,arithmetic_addition,gemma,1802
88,-0.01982472836971283,-0.0012770146131515503,-0.22033211588859558,-0.019980013370513916,-0.01382600050419569,arithmetic_addition,gemma,1802
89,-0.0155496746301651,-0.005385167896747589,-0.2152242809534073,-0.018441418185830116,-0.014794516377151012,arithmetic_addition,gemma,1802
90,-0.011566802859306335,-0.0073335617780685425,-0.21861684322357178,-0.01756342314183712,-0.016573375090956688,arithmetic_addition,gemma,1802
91,-0.014865636825561523,-0.0057468414306640625,-0.21832776069641113,-0.018502378836274147,-0.01533095259219408,arithmetic_addition,gemma,1802
92,-0.012903302907943726,-0.0017619207501411438,-0.21904057264328003,-0.018598757684230804,-0.014676312915980816,arithmetic_addition,gemma,1802
93,-0.011500164866447449,-8.627772331237793e-06,-0.2203548550605774,-0.018908947706222534,-0.015625733882188797,arithmetic_addition,gemma,1802
94,-0.017995521426200867,-0.0017954930663108826,-0.22366459667682648,-0.019883492961525917,-0.01539686881005764,arithmetic_addition,gemma,1802
95,-0.009357959032058716,-0.0016662552952766418,-0.21979255974292755,-0.017285559326410294,-0.01569380983710289,arithmetic_addition,gemma,1802
0,-0.09109882265329361,-0.03829034045338631,-0.20895731449127197,-0.028388194739818573,-0.021558329463005066,arc_challenge,gemma,1802
1,-0.11842889338731766,-0.061634182929992676,-0.22397637367248535,-0.019144484773278236,-0.02202880196273327,arc_challenge,gemma,1802
2,-0.11401264369487762,-0.06834150850772858,-0.22834697365760803,-0.03296366706490517,-0.020806461572647095,arc_challenge,gemma,1802
3,-0.10292474180459976,-0.06144778057932854,-0.21626557409763336,-0.030591798946261406,-0.02312355488538742,arc_challenge,gemma,1802
4,-0.10124817490577698,-0.05979755520820618,-0.2143833041191101,-0.029742727056145668,-0.01578003726899624,arc_challenge,gemma,1802
5,-0.0991344153881073,-0.035390205681324005,-0.215570330619812,-0.03110308013856411,-0.018268471583724022,arc_challenge,gemma,1802
6,-0.11182061582803726,-0.05318106338381767,-0.22064930200576782,-0.03239703178405762,-0.01943107508122921,arc_challenge,gemma,1802
7,-0.07252441346645355,-0.03725462406873703,-0.17050684988498688,-0.030349329113960266,-0.023304056376218796,arc_challenge,gemma,1802
8,-0.11528703570365906,-0.04777885973453522,-0.2270381897687912,-0.030491381883621216,-0.02385115809738636,arc_challenge,gemma,1802
9,-0.10525553673505783,-0.02999512106180191,-0.21818336844444275,-0.025553330779075623,-0.014315529726445675,arc_challenge,gemma,1802
10,-0.12067721039056778,-0.06547127664089203,-0.2406313121318817,-0.024917244911193848,-0.027699315920472145,arc_challenge,gemma,1802
11,-0.1295967996120453,-0.06699277460575104,-0.20219148695468903,-0.02944854460656643,-0.02612866461277008,arc_challenge,gemma,1802
12,-0.12032508105039597,-0.0444314107298851,-0.22204169631004333,-0.030807482078671455,-0.024023378267884254,arc_challenge,gemma,1802
13,-0.09898489713668823,-0.02555331215262413,-0.2081046849489212,-0.031640421599149704,-0.023542091250419617,arc_challenge,gemma,1802
14,-0.09896202385425568,-0.038562096655368805,-0.2106398046016693,-0.028919704258441925,-0.030220674350857735,arc_challenge,gemma,1802
15,-0.12243146449327469,-0.05223296210169792,-0.22799843549728394,-0.026496699079871178,-0.025107858702540398,arc_challenge,gemma,1802
16,-0.10130976140499115,-0.026662703603506088,-0.23378726840019226,-0.03285364434123039,-0.026154261082410812,arc_challenge,gemma,1802
17,-0.09461234509944916,-0.03811261057853699,-0.22164678573608398,-0.024989977478981018,-0.02368335612118244,arc_challenge,gemma,1802
18,-0.11691846698522568,-0.0597473680973053,-0.22534358501434326,-0.034566525369882584,-0.02347555197775364,arc_challenge,gemma,1802
19,-0.10956680774688721,-0.05322538688778877,-0.23887506127357483,-0.024070218205451965,-0.017343588173389435,arc_challenge,gemma,1802
20,-0.09775727987289429,-0.039099983870983124,-0.22265370190143585,-0.03045412339270115,-0.02441856823861599,arc_challenge,gemma,1802
21,-0.10367202758789062,-0.06244988739490509,-0.21494188904762268,-0.028655946254730225,-0.02524029091000557,arc_challenge,gemma,1802
22,-0.11716990172863007,-0.07656270265579224,-0.20040196180343628,-0.03211453557014465,-0.02892392873764038,arc_challenge,gemma,1802
23,-0.11509530991315842,-0.0407465398311615,-0.21030697226524353,-0.031180938705801964,-0.02654002606868744,arc_challenge,gemma,1802
24,-0.12293671816587448,-0.09056681394577026,-0.23299463093280792,-0.03146173432469368,-0.023372715339064598,arc_challenge,gemma,1802
25,-0.10378584265708923,-0.015179388225078583,-0.19539174437522888,-0.025786815211176872,-0.023956583812832832,arc_challenge,gemma,1802
26,-0.09320125728845596,-0.04758012667298317,-0.202973410487175,-0.025926761329174042,-0.028302522376179695,arc_challenge,gemma,1802
27,-0.10788319259881973,-0.0656798854470253,-0.2026476413011551,-0.032713182270526886,-0.023225365206599236,arc_challenge,gemma,1802
28,-0.10751359909772873,-0.04506106674671173,-0.2274038940668106,-0.02686331234872341,-0.025519609451293945,arc_challenge,gemma,1802
29,-0.09589385241270065,-0.04173365235328674,-0.21936839818954468,-0.03374606743454933,-0.02214730530977249,arc_challenge,gemma,1802
30,-0.11102122813463211,-0.03267470747232437,-0.22462958097457886,-0.02665100246667862,-0.01945265382528305,arc_challenge,gemma,1802
31,-0.10056604444980621,-0.04269182309508324,-0.21592563390731812,-0.025769317522644997,-0.019395548850297928,arc_challenge,gemma,1802
32,-0.13312146067619324,-0.041124895215034485,-0.24646294116973877,-0.02981087565422058,-0.02445572055876255,arc_challenge,gemma,1802
33,-0.11477608978748322,-0.06632193922996521,-0.23451246321201324,-0.026936249807476997,-0.018603457137942314,arc_challenge,gemma,1802
34,-0.10473538190126419,-0.03086966648697853,-0.22658881545066833,-0.0269389059394598,-0.026525422930717468,arc_challenge,gemma,1802
35,-0.11056141555309296,-0.03931935504078865,-0.22424620389938354,-0.03293556347489357,-0.022208092734217644,arc_challenge,gemma,1802
36,-0.1286245584487915,-0.04847147688269615,-0.22882097959518433,-0.024625519290566444,-0.02590649574995041,arc_challenge,gemma,1802
37,-0.09808837622404099,-0.06141053885221481,-0.1905342936515808,-0.027585938572883606,-0.025816883891820908,arc_challenge,gemma,1802
38,-0.10889943689107895,-0.05969395861029625,-0.21665000915527344,-0.025786099955439568,-0.025210905820131302,arc_challenge,gemma,1802
39,-0.10759709775447845,-0.04826623946428299,-0.228450745344162,-0.031024402007460594,-0.021827464923262596,arc_challenge,gemma,1802
40,-0.1106460690498352,-0.02020789310336113,-0.23593905568122864,-0.02947535552084446,-0.019249796867370605,arc_challenge,gemma,1802
41,-0.11434387415647507,-0.05212867632508278,-0.23470398783683777,-0.028673768043518066,-0.018960917368531227,arc_challenge,gemma,1802
42,-0.14005893468856812,-0.05013026297092438,-0.2056802362203598,-0.03386365994811058,-0.015721658244729042,arc_challenge,gemma,1802
43,-0.10990601778030396,-0.033537089824676514,-0.23128598928451538,-0.027105046436190605,-0.025889752432703972,arc_challenge,gemma,1802
44,-0.09533733874559402,-0.027570627629756927,-0.19912387430667877,-0.02973102033138275,-0.026739777997136116,arc_challenge,gemma,1802
45,-0.10793961584568024,-0.05248307064175606,-0.22280946373939514,-0.02820540778338909,-0.019233571365475655,arc_challenge,gemma,1802
46,-0.09738711267709732,-0.028391391038894653,-0.221390038728714,-0.02807554043829441,-0.018158264458179474,arc_challenge,gemma,1802
47,-0.1106453612446785,-0.05043409764766693,-0.22379332780838013,-0.0331956185400486,-0.02503405697643757,arc_challenge,gemma,1802
48,-0.0990648940205574,-0.04648478329181671,-0.20754341781139374,-0.02850068360567093,-0.026007862761616707,arc_challenge,gemma,1802
49,-0.1114681214094162,-0.03324850648641586,-0.2212461531162262,-0.039199553430080414,-0.024007175117731094,arc_challenge,gemma,1802
50,-0.0840296521782875,-0.022639378905296326,-0.18598128855228424,-0.02665840834379196,-0.02836221642792225,arc_challenge,gemma,1802
51,-0.11157047003507614,-0.04109586030244827,-0.22631867229938507,-0.031204717233777046,-0.02369954064488411,arc_challenge,gemma,1802
52,-0.0994807779788971,-0.021238714456558228,-0.2281712293624878,-0.031577758491039276,-0.020608607679605484,arc_challenge,gemma,1802
53,-0.10554622858762741,-0.040765341371297836,-0.2096417248249054,-0.03104749321937561,-0.024925528094172478,arc_challenge,gemma,1802
54,-0.12108764797449112,-0.03934583440423012,-0.23084178566932678,-0.02871260978281498,-0.020638946443796158,arc_challenge,gemma,1802
55,-0.10589168965816498,-0.04698125645518303,-0.22818417847156525,-0.029681935906410217,-0.02714492380619049,arc_challenge,gemma,1802
56,-0.09321232885122299,-0.03643053025007248,-0.20962969958782196,-0.025463387370109558,-0.029013706371188164,arc_challenge,gemma,1802
57,-0.10085173696279526,-0.045880019664764404,-0.21353842318058014,-0.030282268300652504,-0.022366901859641075,arc_challenge,gemma,1802
58,-0.09132149815559387,-0.025642551481723785,-0.21659961342811584,-0.031163886189460754,-0.01741073653101921,arc_challenge,gemma,1802
59,-0.12968847155570984,-0.040447112172842026,-0.22676260769367218,-0.02940256893634796,-0.024830756708979607,arc_challenge,gemma,1802
60,-0.09628365188837051,-0.04431392624974251,-0.20815609395503998,-0.023602643981575966,-0.022076936438679695,arc_challenge,gemma,1802
61,-0.10807514190673828,-0.03965193033218384,-0.21034856140613556,-0.03291325643658638,-0.025779156014323235,arc_challenge,gemma,1802
62,-0.14371821284294128,-0.06152826547622681,-0.26325055956840515,-0.03450192138552666,-0.031414538621902466,arc_challenge,gemma,1802
63,-0.1088959127664566,-0.05194702744483948,-0.21677358448505402,-0.026409784331917763,-0.02440108172595501,arc_challenge,gemma,1802
64,-0.1071106493473053,-0.03234665468335152,-0.2338237762451172,-0.02319207228720188,-0.02851998619735241,arc_challenge,gemma,1802
65,-0.11874859780073166,-0.054535217583179474,-0.2139485627412796,-0.02934928797185421,-0.02410094626247883,arc_challenge,gemma,1802
66,-0.0908135399222374,-0.035021986812353134,-0.20557266473770142,-0.024411385878920555,-0.02798212692141533,arc_challenge,gemma,1802
67,-0.10508150607347488,-0.043757364153862,-0.21937137842178345,-0.03154904022812843,-0.021277880296111107,arc_challenge,gemma,1802
68,-0.08184005320072174,-0.056018438190221786,-0.2124122977256775,-0.03702926263213158,-0.028142306953668594,arc_challenge,gemma,1802
69,-0.1223219782114029,-0.0470244400203228,-0.21850557625293732,-0.02903975360095501,-0.02693287469446659,arc_challenge,gemma,1802
70,-0.10868411511182785,-0.053507573902606964,-0.2178633213043213,-0.03183189034461975,-0.024882780387997627,arc_challenge,gemma,1802
71,-0.1224258616566658,-0.053577810525894165,-0.22543549537658691,-0.030427267774939537,-0.022353144362568855,arc_challenge,gemma,1802
72,-0.11796505749225616,-0.034154411405324936,-0.20279645919799805,-0.03003503382205963,-0.024085000157356262,arc_challenge,gemma,1802
73,-0.07914978265762329,-0.01527494564652443,-0.207050621509552,-0.02534799464046955,-0.023522736504673958,arc_challenge,gemma,1802
74,-0.10502514243125916,-0.05604249984025955,-0.21341246366500854,-0.02782019041478634,-0.021161455661058426,arc_challenge,gemma,1802
75,-0.11501411348581314,-0.039116788655519485,-0.23001275956630707,-0.0290511604398489,-0.02763090468943119,arc_challenge,gemma,1802
76,-0.11285259574651718,-0.033119771629571915,-0.21282151341438293,-0.030399879440665245,-0.02398824878036976,arc_challenge,gemma,1802
77,-0.12113827466964722,-0.04872928559780121,-0.22615474462509155,-0.032133013010025024,-0.022257449105381966,arc_challenge,gemma,1802
78,-0.1209992989897728,-0.05411061272025108,-0.22990649938583374,-0.02745983935892582,-0.026837503537535667,arc_challenge,gemma,1802
79,-0.09855080395936966,-0.02237485535442829,-0.2107919603586197,-0.030400240793824196,-0.023273300379514694,arc_challenge,gemma,1802
80,-0.11068437993526459,-0.04941787198185921,-0.21451188623905182,-0.030160918831825256,-0.019559282809495926,arc_challenge,gemma,1802
81,-0.0995006114244461,-0.039773136377334595,-0.2037784904241562,-0.027801409363746643,-0.02006722055375576,arc_challenge,gemma,1802
82,-0.11277898401021957,-0.04292121157050133,-0.20016217231750488,-0.03388037160038948,-0.017117859795689583,arc_challenge,gemma,1802
83,-0.09143511950969696,-0.015887681394815445,-0.19380372762680054,-0.027745358645915985,-0.025468075647950172,arc_challenge,gemma,1802
84,-0.11336276680231094,-0.06441213190555573,-0.21756505966186523,-0.03357013687491417,-0.01674044318497181,arc_challenge,gemma,1802
85,-0.11101027578115463,-0.038820985704660416,-0.21855220198631287,-0.03700362518429756,-0.020505528897047043,arc_challenge,gemma,1802
86,-0.10803358256816864,-0.06709237396717072,-0.19620202481746674,-0.02570362389087677,-0.025460613891482353,arc_challenge,gemma,1802
87,-0.10596213489770889,-0.044185150414705276,-0.21565045416355133,-0.032523710280656815,-0.022962329909205437,arc_challenge,gemma,1802
88,-0.12699654698371887,-0.042205385863780975,-0.20386701822280884,-0.03377961739897728,-0.02167978323996067,arc_challenge,gemma,1802
89,-0.13774161040782928,-0.05331026762723923,-0.24363742768764496,-0.030538903549313545,-0.025487292557954788,arc_challenge,gemma,1802
90,-0.13131891191005707,-0.05269528925418854,-0.23215246200561523,-0.027710258960723877,-0.020857345312833786,arc_challenge,gemma,1802
91,-0.08450180292129517,-0.04778420925140381,-0.20975059270858765,-0.028246598318219185,-0.019390078261494637,arc_challenge,gemma,1802
92,-0.1136871948838234,-0.04130794107913971,-0.23283350467681885,-0.03480169549584389,-0.0256232600659132,arc_challenge,gemma,1802
93,-0.1126113161444664,-0.03343500196933746,-0.2356911152601242,-0.02408704161643982,-0.023170243948698044,arc_challenge,gemma,1802
94,-0.09743639826774597,-0.029624301940202713,-0.21664933860301971,-0.025918615981936455,-0.02453215979039669,arc_challenge,gemma,1802
95,-0.10806318372488022,-0.042641617357730865,-0.2086779624223709,-0.03299521282315254,-0.027449825778603554,arc_challenge,gemma,1802
