model,prompt_id,layer,alpha,beta,action_confidence,action_label,mean_p_closure,mean_entropy,gate_open
qwen,arith_ctx_001_clean,15,0.0,0.0,1.0,a0.0_b0.0_confidence_gate,0.012681052722736,0.3373977619313129,False
qwen,arith_ctx_001_clean,16,0.0,0.0,1.0,a0.0_b0.0_confidence_gate,0.012681052722736,0.3373977619313129,False
qwen,arith_ctx_001_clean,17,0.0,0.0,1.0,a0.0_b0.0_confidence_gate,0.012681052722736,0.3373977619313129,False
qwen,arith_ctx_001_clean,18,0.0,0.0,0.9997127127127128,a0.0_b0.0_confidence_gate,0.012681052722736,0.3373977619313129,False
qwen,arith_ctx_001_clean,19,0.0,0.0,0.9987510771751056,a0.0_b0.0_confidence_gate,0.012681052722736,0.3373977619313129,False
qwen,arith_ctx_001_paraphrase,15,0.0,0.0,0.9802295715984544,a0.0_b0.0_confidence_gate,0.1005447239495762,0.6017097666455331,False
qwen,arith_ctx_001_paraphrase,16,0.0,0.0,0.9801876623719596,a0.0_b0.0_confidence_gate,0.1005447239495762,0.6017097666455331,False
qwen,arith_ctx_001_paraphrase,17,0.0,0.0,0.9801876623719596,a0.0_b0.0_confidence_gate,0.1005447239495762,0.6017097666455331,False
qwen,arith_ctx_001_paraphrase,18,0.0,0.0,0.980808181715422,a0.0_b0.0_confidence_gate,0.1005447239495762,0.6017097666455331,False
qwen,arith_ctx_001_paraphrase,19,0.0,0.0,0.9808452072599302,a0.0_b0.0_confidence_gate,0.1005447239495762,0.6017097666455331,False
qwen,arith_ctx_001_untrusted_conflict,15,0.0,0.0,0.9923037735056792,a0.0_b0.0_confidence_gate,0.2313174914197139,0.7868673767306669,False
qwen,arith_ctx_001_untrusted_conflict,16,0.0,0.0,0.9818414003558869,a0.0_b0.0_confidence_gate,0.2313174914197139,0.7868673767306669,False
qwen,arith_ctx_001_untrusted_conflict,17,0.0,0.0,0.9794729146989724,a0.0_b0.0_confidence_gate,0.2313174914197139,0.7868673767306669,False
qwen,arith_ctx_001_untrusted_conflict,18,0.0,0.0,0.7375108925424747,a0.0_b0.0_confidence_gate,0.2313174914197139,0.7868673767306669,False
qwen,arith_ctx_001_untrusted_conflict,19,0.0,0.0,0.971564193867863,a0.0_b0.0_confidence_gate,0.2313174914197139,0.7868673767306669,False
qwen,arith_ctx_001_asserted_conflict,15,0.0,0.0,0.9937072671544748,a0.0_b0.0_confidence_gate,0.1940423902032739,0.5660120158831192,False
qwen,arith_ctx_001_asserted_conflict,16,0.0,0.0,0.9604106661068056,a0.0_b0.0_confidence_gate,0.1940423902032739,0.5660120158831192,False
qwen,arith_ctx_001_asserted_conflict,17,0.0,0.0,0.8329864740608122,a0.0_b0.0_confidence_gate,0.1940423902032739,0.5660120158831192,False
qwen,arith_ctx_001_asserted_conflict,18,0.0,0.0,0.9802799605499526,a0.0_b0.0_confidence_gate,0.1940423902032739,0.5660120158831192,False
qwen,arith_ctx_001_asserted_conflict,19,0.0,0.0,0.9349040516653756,a0.0_b0.0_confidence_gate,0.1940423902032739,0.5660120158831192,False
qwen,arith_ctx_001_explicit_correction,15,0.3,0.3,0.4726930935664636,a0.3_b0.3,0.5141447318951642,0.8020131583724339,True
qwen,arith_ctx_001_explicit_correction,16,0.0,0.0,0.6484641599635019,a0.0_b0.0,0.5141447318951642,0.8020131583724339,True
qwen,arith_ctx_001_explicit_correction,17,0.0,0.0,0.6819271171100114,a0.0_b0.0,0.5141447318951642,0.8020131583724339,True
qwen,arith_ctx_001_explicit_correction,18,0.0,0.0,0.8151587183928193,a0.0_b0.0,0.5141447318951642,0.8020131583724339,True
qwen,arith_ctx_001_explicit_correction,19,0.0,0.0,0.9648531529680276,a0.0_b0.0,0.5141447318951642,0.8020131583724339,True
qwen,arith_ctx_001_final_recheck,15,0.0,0.0,0.4093511918125489,a0.0_b0.0_confidence_gate,0.4892854905632476,0.7271888390032315,False
qwen,arith_ctx_001_final_recheck,16,0.0,0.0,0.6953524575738613,a0.0_b0.0_confidence_gate,0.4892854905632476,0.7271888390032315,False
qwen,arith_ctx_001_final_recheck,17,0.0,0.0,0.5000751439862284,a0.0_b0.0_confidence_gate,0.4892854905632476,0.7271888390032315,False
qwen,arith_ctx_001_final_recheck,18,0.0,0.0,0.5809732702384466,a0.0_b0.0_confidence_gate,0.4892854905632476,0.7271888390032315,False
qwen,arith_ctx_001_final_recheck,19,0.0,0.0,0.5841632238402006,a0.0_b0.0_confidence_gate,0.4892854905632476,0.7271888390032315,False
qwen,arith_ctx_002_clean,15,0.0,0.0,0.9763251904979506,a0.0_b0.0_confidence_gate,0.0975208016473118,0.3187156415929438,False
qwen,arith_ctx_002_clean,16,0.0,0.0,0.9191064045535978,a0.0_b0.0_confidence_gate,0.0975208016473118,0.3187156415929438,False
qwen,arith_ctx_002_clean,17,0.0,0.0,0.8484978310099344,a0.0_b0.0_confidence_gate,0.0975208016473118,0.3187156415929438,False
qwen,arith_ctx_002_clean,18,0.0,0.0,0.9997127127127128,a0.0_b0.0_confidence_gate,0.0975208016473118,0.3187156415929438,False
qwen,arith_ctx_002_clean,19,0.0,0.0,0.9987510771751056,a0.0_b0.0_confidence_gate,0.0975208016473118,0.3187156415929438,False
qwen,arith_ctx_002_paraphrase,15,0.0,0.0,0.751055389099167,a0.0_b0.0_confidence_gate,0.437031761057327,0.722801252314663,False
qwen,arith_ctx_002_paraphrase,16,0.0,0.0,0.6858553111307938,a0.0_b0.0_confidence_gate,0.437031761057327,0.722801252314663,False
qwen,arith_ctx_002_paraphrase,17,0.0,0.0,0.5092091405064076,a0.0_b0.0_confidence_gate,0.437031761057327,0.722801252314663,False
qwen,arith_ctx_002_paraphrase,18,0.0,0.0,0.998265931372549,a0.0_b0.0_confidence_gate,0.437031761057327,0.722801252314663,False
qwen,arith_ctx_002_paraphrase,19,0.0,0.0,0.99380600105896,a0.0_b0.0_confidence_gate,0.437031761057327,0.722801252314663,False
qwen,arith_ctx_002_untrusted_conflict,15,0.0,0.0,0.9647733398033276,a0.0_b0.0_confidence_gate,0.4765988948876934,0.7957789993597073,False
qwen,arith_ctx_002_untrusted_conflict,16,0.0,0.0,0.6405563895699217,a0.0_b0.0_confidence_gate,0.4765988948876934,0.7957789993597073,False
qwen,arith_ctx_002_untrusted_conflict,17,0.0,0.0,0.5908918735138718,a0.0_b0.0_confidence_gate,0.4765988948876934,0.7957789993597073,False
qwen,arith_ctx_002_untrusted_conflict,18,0.0,0.0,0.5920631973352447,a0.0_b0.0_confidence_gate,0.4765988948876934,0.7957789993597073,False
qwen,arith_ctx_002_untrusted_conflict,19,0.0,0.0,0.5202309866708927,a0.0_b0.0_confidence_gate,0.4765988948876934,0.7957789993597073,False
qwen,arith_ctx_002_asserted_conflict,15,0.0,0.0,0.8927096259923346,a0.0_b0.0_confidence_gate,0.4086581162929211,0.6425687556860323,False
qwen,arith_ctx_002_asserted_conflict,16,0.0,0.0,0.438693240917372,a0.0_b0.0_confidence_gate,0.4086581162929211,0.6425687556860323,False
qwen,arith_ctx_002_asserted_conflict,17,0.0,0.0,0.4497152073284369,a0.0_b0.0_confidence_gate,0.4086581162929211,0.6425687556860323,False
qwen,arith_ctx_002_asserted_conflict,18,0.0,0.0,0.7436612155501284,a0.0_b0.0_confidence_gate,0.4086581162929211,0.6425687556860323,False
qwen,arith_ctx_002_asserted_conflict,19,0.0,0.0,0.822235887018405,a0.0_b0.0_confidence_gate,0.4086581162929211,0.6425687556860323,False
qwen,arith_ctx_002_explicit_correction,15,1.0,0.6,0.5180442588145021,a1.0_b0.6,0.9620096017367528,0.1479007591870767,True
qwen,arith_ctx_002_explicit_correction,16,1.0,0.6,0.496682665936193,a1.0_b0.6,0.9620096017367528,0.1479007591870767,True
qwen,arith_ctx_002_explicit_correction,17,1.0,0.6,0.5349036219271817,a1.0_b0.6,0.9620096017367528,0.1479007591870767,True
qwen,arith_ctx_002_explicit_correction,18,1.0,0.6,0.565498952684113,a1.0_b0.6,0.9620096017367528,0.1479007591870767,True
qwen,arith_ctx_002_explicit_correction,19,1.0,0.6,0.4828975711076904,a1.0_b0.6,0.9620096017367528,0.1479007591870767,True
qwen,arith_ctx_002_final_recheck,15,0.3,0.3,0.4727487391676797,a0.3_b0.3,0.9705033229110408,0.1217829568826681,True
qwen,arith_ctx_002_final_recheck,16,0.3,0.3,0.4995938229176745,a0.3_b0.3,0.9705033229110408,0.1217829568826681,True
qwen,arith_ctx_002_final_recheck,17,0.3,0.3,0.5512099378261507,a0.3_b0.3,0.9705033229110408,0.1217829568826681,True
qwen,arith_ctx_002_final_recheck,18,0.3,0.3,0.5027123461529283,a0.3_b0.3,0.9705033229110408,0.1217829568826681,True
qwen,arith_ctx_002_final_recheck,19,0.3,0.3,0.5408334920045785,a0.3_b0.3,0.9705033229110408,0.1217829568826681,True
qwen,arith_ctx_004_clean,15,0.0,0.0,1.0,a0.0_b0.0_confidence_gate,0.0025109585225099,0.0399296493919825,False
qwen,arith_ctx_004_clean,16,0.0,0.0,1.0,a0.0_b0.0_confidence_gate,0.0025109585225099,0.0399296493919825,False
qwen,arith_ctx_004_clean,17,0.0,0.0,1.0,a0.0_b0.0_confidence_gate,0.0025109585225099,0.0399296493919825,False
qwen,arith_ctx_004_clean,18,0.0,0.0,0.9997127127127128,a0.0_b0.0_confidence_gate,0.0025109585225099,0.0399296493919825,False
qwen,arith_ctx_004_clean,19,0.0,0.0,0.9987510771751056,a0.0_b0.0_confidence_gate,0.0025109585225099,0.0399296493919825,False
qwen,arith_ctx_004_paraphrase,15,0.0,0.0,0.99511492846738,a0.0_b0.0_confidence_gate,0.1178478847616211,0.6390621157772811,False
qwen,arith_ctx_004_paraphrase,16,0.0,0.0,0.99842059532485,a0.0_b0.0_confidence_gate,0.1178478847616211,0.6390621157772811,False
qwen,arith_ctx_004_paraphrase,17,0.0,0.0,0.99842059532485,a0.0_b0.0_confidence_gate,0.1178478847616211,0.6390621157772811,False
qwen,arith_ctx_004_paraphrase,18,0.0,0.0,0.9860328595379304,a0.0_b0.0_confidence_gate,0.1178478847616211,0.6390621157772811,False
qwen,arith_ctx_004_paraphrase,19,0.0,0.0,0.9930832540015538,a0.0_b0.0_confidence_gate,0.1178478847616211,0.6390621157772811,False
qwen,arith_ctx_004_untrusted_conflict,15,0.0,0.0,0.9932265630249912,a0.0_b0.0_confidence_gate,0.0934595592569113,0.43186177592718,False
qwen,arith_ctx_004_untrusted_conflict,16,0.0,0.0,0.9997024025738156,a0.0_b0.0_confidence_gate,0.0934595592569113,0.43186177592718,False
qwen,arith_ctx_004_untrusted_conflict,17,0.0,0.0,0.9997024025738156,a0.0_b0.0_confidence_gate,0.0934595592569113,0.43186177592718,False
qwen,arith_ctx_004_untrusted_conflict,18,0.0,0.0,0.9987407670362084,a0.0_b0.0_confidence_gate,0.0934595592569113,0.43186177592718,False
qwen,arith_ctx_004_untrusted_conflict,19,0.0,0.0,0.9987407670362084,a0.0_b0.0_confidence_gate,0.0934595592569113,0.43186177592718,False
qwen,arith_ctx_004_asserted_conflict,15,0.0,0.0,0.9241727251009,a0.0_b0.0_confidence_gate,0.1725289714577781,0.5075118931377853,False
qwen,arith_ctx_004_asserted_conflict,16,0.0,0.0,0.9147595119380496,a0.0_b0.0_confidence_gate,0.1725289714577781,0.5075118931377853,False
qwen,arith_ctx_004_asserted_conflict,17,0.0,0.0,0.9188345705207764,a0.0_b0.0_confidence_gate,0.1725289714577781,0.5075118931377853,False
qwen,arith_ctx_004_asserted_conflict,18,0.0,0.0,0.9874170162502232,a0.0_b0.0_confidence_gate,0.1725289714577781,0.5075118931377853,False
qwen,arith_ctx_004_asserted_conflict,19,0.0,0.0,0.9221967568649884,a0.0_b0.0_confidence_gate,0.1725289714577781,0.5075118931377853,False
qwen,arith_ctx_004_explicit_correction,15,1.0,0.6,0.5212208823286069,a1.0_b0.6,0.730634934580621,0.4726837386333778,True
qwen,arith_ctx_004_explicit_correction,16,1.0,0.6,0.5616056275372108,a1.0_b0.6,0.730634934580621,0.4726837386333778,True
qwen,arith_ctx_004_explicit_correction,17,1.0,0.6,0.6202928518893317,a1.0_b0.6,0.730634934580621,0.4726837386333778,True
qwen,arith_ctx_004_explicit_correction,18,0.3,0.3,0.441478888238855,a0.3_b0.3,0.730634934580621,0.4726837386333778,True
qwen,arith_ctx_004_explicit_correction,19,0.0,0.0,0.7741647292016866,a0.0_b0.0,0.730634934580621,0.4726837386333778,True
qwen,arith_ctx_004_final_recheck,15,0.3,0.3,0.4604050527658267,a0.3_b0.3,0.9727103033096476,0.1091732098832295,True
qwen,arith_ctx_004_final_recheck,16,0.3,0.3,0.537893183723234,a0.3_b0.3,0.9727103033096476,0.1091732098832295,True
qwen,arith_ctx_004_final_recheck,17,0.3,0.3,0.4865365187842267,a0.3_b0.3,0.9727103033096476,0.1091732098832295,True
qwen,arith_ctx_004_final_recheck,18,0.3,0.3,0.4969881494374519,a0.3_b0.3,0.9727103033096476,0.1091732098832295,True
qwen,arith_ctx_004_final_recheck,19,0.3,0.3,0.4896061313975036,a0.3_b0.3,0.9727103033096476,0.1091732098832295,True
qwen,arith_ctx_005_clean,15,0.0,0.0,1.0,a0.0_b0.0_confidence_gate,0.0022191575819658,0.0700439781136572,False
qwen,arith_ctx_005_clean,16,0.0,0.0,1.0,a0.0_b0.0_confidence_gate,0.0022191575819658,0.0700439781136572,False
qwen,arith_ctx_005_clean,17,0.0,0.0,1.0,a0.0_b0.0_confidence_gate,0.0022191575819658,0.0700439781136572,False
qwen,arith_ctx_005_clean,18,0.0,0.0,0.9997127127127128,a0.0_b0.0_confidence_gate,0.0022191575819658,0.0700439781136572,False
qwen,arith_ctx_005_clean,19,0.0,0.0,0.9987510771751056,a0.0_b0.0_confidence_gate,0.0022191575819658,0.0700439781136572,False
qwen,arith_ctx_005_paraphrase,15,0.0,0.0,0.997321052480466,a0.0_b0.0_confidence_gate,0.0800685455798017,0.5603581926630272,False
qwen,arith_ctx_005_paraphrase,16,0.0,0.0,0.997321052480466,a0.0_b0.0_confidence_gate,0.0800685455798017,0.5603581926630272,False
qwen,arith_ctx_005_paraphrase,17,0.0,0.0,0.997321052480466,a0.0_b0.0_confidence_gate,0.0800685455798017,0.5603581926630272,False
qwen,arith_ctx_005_paraphrase,18,0.0,0.0,0.997321052480466,a0.0_b0.0_confidence_gate,0.0800685455798017,0.5603581926630272,False
qwen,arith_ctx_005_paraphrase,19,0.0,0.0,0.9810682072962542,a0.0_b0.0_confidence_gate,0.0800685455798017,0.5603581926630272,False
qwen,arith_ctx_005_untrusted_conflict,15,0.0,0.0,0.9950392327811683,a0.0_b0.0_confidence_gate,0.1054130700914638,0.4437576398351517,False
qwen,arith_ctx_005_untrusted_conflict,16,0.0,0.0,0.987264594392958,a0.0_b0.0_confidence_gate,0.1054130700914638,0.4437576398351517,False
qwen,arith_ctx_005_untrusted_conflict,17,0.0,0.0,0.989637070521856,a0.0_b0.0_confidence_gate,0.1054130700914638,0.4437576398351517,False
qwen,arith_ctx_005_untrusted_conflict,18,0.0,0.0,0.9943330813318202,a0.0_b0.0_confidence_gate,0.1054130700914638,0.4437576398351517,False
qwen,arith_ctx_005_untrusted_conflict,19,0.0,0.0,0.9905982953777503,a0.0_b0.0_confidence_gate,0.1054130700914638,0.4437576398351517,False
qwen,arith_ctx_005_asserted_conflict,15,0.0,0.0,0.9997024025738156,a0.0_b0.0_confidence_gate,0.0645801993816706,0.4358781340038554,False
qwen,arith_ctx_005_asserted_conflict,16,0.0,0.0,0.996520450503853,a0.0_b0.0_confidence_gate,0.0645801993816706,0.4358781340038554,False
qwen,arith_ctx_005_asserted_conflict,17,0.0,0.0,0.984816877790312,a0.0_b0.0_confidence_gate,0.0645801993816706,0.4358781340038554,False
qwen,arith_ctx_005_asserted_conflict,18,0.0,0.0,0.9957923348449664,a0.0_b0.0_confidence_gate,0.0645801993816706,0.4358781340038554,False
qwen,arith_ctx_005_asserted_conflict,19,0.0,0.0,0.9997127127127128,a0.0_b0.0_confidence_gate,0.0645801993816706,0.4358781340038554,False
qwen,arith_ctx_005_explicit_correction,15,0.0,0.0,0.8343326456460798,a0.0_b0.0_confidence_gate,0.2854326950604456,0.817247856280261,False
qwen,arith_ctx_005_explicit_correction,16,0.0,0.0,0.8900832872287475,a0.0_b0.0_confidence_gate,0.2854326950604456,0.817247856280261,False
qwen,arith_ctx_005_explicit_correction,17,0.0,0.0,0.985360264523684,a0.0_b0.0_confidence_gate,0.2854326950604456,0.817247856280261,False
qwen,arith_ctx_005_explicit_correction,18,0.0,0.0,0.997321052480466,a0.0_b0.0_confidence_gate,0.2854326950604456,0.817247856280261,False
qwen,arith_ctx_005_explicit_correction,19,0.0,0.0,0.989002820475679,a0.0_b0.0_confidence_gate,0.2854326950604456,0.817247856280261,False
qwen,arith_ctx_005_final_recheck,15,0.0,0.0,0.4424137948842148,a0.0_b0.0,0.5741016610978982,0.6794356532153258,True
qwen,arith_ctx_005_final_recheck,16,0.0,0.0,0.5559354528691881,a0.0_b0.0,0.5741016610978982,0.6794356532153258,True
qwen,arith_ctx_005_final_recheck,17,0.0,0.0,0.6815338377105473,a0.0_b0.0,0.5741016610978982,0.6794356532153258,True
qwen,arith_ctx_005_final_recheck,18,0.0,0.0,0.95098589010781,a0.0_b0.0,0.5741016610978982,0.6794356532153258,True
qwen,arith_ctx_005_final_recheck,19,0.0,0.0,0.7621134390455816,a0.0_b0.0,0.5741016610978982,0.6794356532153258,True
qwen,arith_ctx_006_clean,15,0.0,0.0,1.0,a0.0_b0.0_confidence_gate,0.077886635047907,0.2270441985992754,False
qwen,arith_ctx_006_clean,16,0.0,0.0,1.0,a0.0_b0.0_confidence_gate,0.077886635047907,0.2270441985992754,False
qwen,arith_ctx_006_clean,17,0.0,0.0,1.0,a0.0_b0.0_confidence_gate,0.077886635047907,0.2270441985992754,False
qwen,arith_ctx_006_clean,18,0.0,0.0,0.8132704446201374,a0.0_b0.0_confidence_gate,0.077886635047907,0.2270441985992754,False
qwen,arith_ctx_006_clean,19,0.0,0.0,0.9997127127127128,a0.0_b0.0_confidence_gate,0.077886635047907,0.2270441985992754,False
qwen,arith_ctx_006_paraphrase,15,0.0,0.0,0.99511492846738,a0.0_b0.0_confidence_gate,0.2681419409579761,0.6305849699715091,False
qwen,arith_ctx_006_paraphrase,16,0.0,0.0,0.99842059532485,a0.0_b0.0_confidence_gate,0.2681419409579761,0.6305849699715091,False
qwen,arith_ctx_006_paraphrase,17,0.0,0.0,0.99842059532485,a0.0_b0.0_confidence_gate,0.2681419409579761,0.6305849699715091,False
qwen,arith_ctx_006_paraphrase,18,0.0,0.0,0.8722604948193152,a0.0_b0.0_confidence_gate,0.2681419409579761,0.6305849699715091,False
qwen,arith_ctx_006_paraphrase,19,0.0,0.0,0.8509831817249861,a0.0_b0.0_confidence_gate,0.2681419409579761,0.6305849699715091,False
qwen,arith_ctx_006_untrusted_conflict,15,0.0,0.0,0.9947416353549836,a0.0_b0.0_confidence_gate,0.1056346687879929,0.4428958270933862,False
qwen,arith_ctx_006_untrusted_conflict,16,0.0,0.0,0.9997024025738156,a0.0_b0.0_confidence_gate,0.1056346687879929,0.4428958270933862,False
qwen,arith_ctx_006_untrusted_conflict,17,0.0,0.0,0.9997024025738156,a0.0_b0.0_confidence_gate,0.1056346687879929,0.4428958270933862,False
qwen,arith_ctx_006_untrusted_conflict,18,0.0,0.0,0.9926758607418464,a0.0_b0.0_confidence_gate,0.1056346687879929,0.4428958270933862,False
qwen,arith_ctx_006_untrusted_conflict,19,0.0,0.0,0.9680239950255536,a0.0_b0.0_confidence_gate,0.1056346687879929,0.4428958270933862,False
qwen,arith_ctx_006_asserted_conflict,15,0.0,0.0,0.9986680343733064,a0.0_b0.0_confidence_gate,0.3685094638697894,0.6281069509141824,False
qwen,arith_ctx_006_asserted_conflict,16,0.0,0.0,0.919946568797279,a0.0_b0.0_confidence_gate,0.3685094638697894,0.6281069509141824,False
qwen,arith_ctx_006_asserted_conflict,17,0.0,0.0,0.8068882760689412,a0.0_b0.0_confidence_gate,0.3685094638697894,0.6281069509141824,False
qwen,arith_ctx_006_asserted_conflict,18,0.0,0.0,0.4091006613512443,a0.0_b0.0_confidence_gate,0.3685094638697894,0.6281069509141824,False
qwen,arith_ctx_006_asserted_conflict,19,0.0,0.0,0.5036765270797877,a0.0_b0.0_confidence_gate,0.3685094638697894,0.6281069509141824,False
qwen,arith_ctx_006_explicit_correction,15,1.0,0.6,0.7362832331921549,a1.0_b0.6,0.9496642150886204,0.2101087733370528,True
qwen,arith_ctx_006_explicit_correction,16,1.0,0.6,0.7331257184726782,a1.0_b0.6,0.9496642150886204,0.2101087733370528,True
qwen,arith_ctx_006_explicit_correction,17,1.0,0.6,0.6052409095194836,a1.0_b0.6,0.9496642150886204,0.2101087733370528,True
qwen,arith_ctx_006_explicit_correction,18,1.0,0.6,0.569862946003729,a1.0_b0.6,0.9496642150886204,0.2101087733370528,True
qwen,arith_ctx_006_explicit_correction,19,1.0,0.6,0.6149580221707529,a1.0_b0.6,0.9496642150886204,0.2101087733370528,True
qwen,arith_ctx_006_final_recheck,15,0.3,0.3,0.5050726892286725,a0.3_b0.3,0.9357530331967524,0.1895790628885826,True
qwen,arith_ctx_006_final_recheck,16,0.3,0.3,0.5108886112050499,a0.3_b0.3,0.9357530331967524,0.1895790628885826,True
qwen,arith_ctx_006_final_recheck,17,1.0,0.6,0.5011870425917642,a1.0_b0.6,0.9357530331967524,0.1895790628885826,True
qwen,arith_ctx_006_final_recheck,18,1.0,0.6,0.5451593144756968,a1.0_b0.6,0.9357530331967524,0.1895790628885826,True
qwen,arith_ctx_006_final_recheck,19,1.0,0.6,0.529681483863544,a1.0_b0.6,0.9357530331967524,0.1895790628885826,True
qwen,arith_ctx_012_clean,15,0.0,0.0,1.0,a0.0_b0.0_confidence_gate,0.0327695234998697,0.1747047486909752,False
qwen,arith_ctx_012_clean,16,0.0,0.0,0.9763251904979506,a0.0_b0.0_confidence_gate,0.0327695234998697,0.1747047486909752,False
qwen,arith_ctx_012_clean,17,0.0,0.0,0.8961224152119281,a0.0_b0.0_confidence_gate,0.0327695234998697,0.1747047486909752,False
qwen,arith_ctx_012_clean,18,0.0,0.0,0.9997127127127128,a0.0_b0.0_confidence_gate,0.0327695234998697,0.1747047486909752,False
qwen,arith_ctx_012_clean,19,0.0,0.0,0.9987510771751056,a0.0_b0.0_confidence_gate,0.0327695234998697,0.1747047486909752,False
qwen,arith_ctx_012_paraphrase,15,0.0,0.0,0.8761908119651176,a0.0_b0.0_confidence_gate,0.4573134418361467,0.7148675323670705,False
qwen,arith_ctx_012_paraphrase,16,0.0,0.0,0.6465742481490202,a0.0_b0.0_confidence_gate,0.4573134418361467,0.7148675323670705,False
qwen,arith_ctx_012_paraphrase,17,0.0,0.0,0.4875620453307085,a0.0_b0.0_confidence_gate,0.4573134418361467,0.7148675323670705,False
qwen,arith_ctx_012_paraphrase,18,0.0,0.0,1.0,a0.0_b0.0_confidence_gate,0.4573134418361467,0.7148675323670705,False
qwen,arith_ctx_012_paraphrase,19,0.0,0.0,0.9997127127127128,a0.0_b0.0_confidence_gate,0.4573134418361467,0.7148675323670705,False
qwen,arith_ctx_012_untrusted_conflict,15,0.0,0.0,0.9986680343733064,a0.0_b0.0_confidence_gate,0.1946343655696505,0.5362559222935476,False
qwen,arith_ctx_012_untrusted_conflict,16,0.0,0.0,0.8623608343061977,a0.0_b0.0_confidence_gate,0.1946343655696505,0.5362559222935476,False
qwen,arith_ctx_012_untrusted_conflict,17,0.0,0.0,0.8574407962383593,a0.0_b0.0_confidence_gate,0.1946343655696505,0.5362559222935476,False
qwen,arith_ctx_012_untrusted_conflict,18,0.0,0.0,0.9986680343733064,a0.0_b0.0_confidence_gate,0.1946343655696505,0.5362559222935476,False
qwen,arith_ctx_012_untrusted_conflict,19,0.0,0.0,0.9832590796871836,a0.0_b0.0_confidence_gate,0.1946343655696505,0.5362559222935476,False
qwen,arith_ctx_012_asserted_conflict,15,0.0,0.0,0.8814662255425252,a0.0_b0.0_confidence_gate,0.3223318270930514,0.6804323964470578,False
qwen,arith_ctx_012_asserted_conflict,16,0.0,0.0,0.6673424523687718,a0.0_b0.0_confidence_gate,0.3223318270930514,0.6804323964470578,False
qwen,arith_ctx_012_asserted_conflict,17,0.0,0.0,0.8766268295529405,a0.0_b0.0_confidence_gate,0.3223318270930514,0.6804323964470578,False
qwen,arith_ctx_012_asserted_conflict,18,0.0,0.0,0.8504380916519806,a0.0_b0.0_confidence_gate,0.3223318270930514,0.6804323964470578,False
qwen,arith_ctx_012_asserted_conflict,19,0.0,0.0,0.8278311660342975,a0.0_b0.0_confidence_gate,0.3223318270930514,0.6804323964470578,False
qwen,arith_ctx_012_explicit_correction,15,1.0,0.6,0.4656350916539482,a1.0_b0.6,0.9424469320905274,0.1822264337408324,True
qwen,arith_ctx_012_explicit_correction,16,1.0,0.6,0.4481653929066121,a1.0_b0.6,0.9424469320905274,0.1822264337408324,True
qwen,arith_ctx_012_explicit_correction,17,1.0,0.6,0.5056178696209388,a1.0_b0.6,0.9424469320905274,0.1822264337408324,True
qwen,arith_ctx_012_explicit_correction,18,1.0,0.6,0.5287206809811993,a1.0_b0.6,0.9424469320905274,0.1822264337408324,True
qwen,arith_ctx_012_explicit_correction,19,1.0,0.6,0.4913190088291498,a1.0_b0.6,0.9424469320905274,0.1822264337408324,True
qwen,arith_ctx_012_final_recheck,15,0.3,0.3,0.6821339599837569,a0.3_b0.3,0.9702401351222372,0.1254127721620928,True
qwen,arith_ctx_012_final_recheck,16,0.3,0.3,0.6840252315976662,a0.3_b0.3,0.9702401351222372,0.1254127721620928,True
qwen,arith_ctx_012_final_recheck,17,0.3,0.3,0.6665884987756359,a0.3_b0.3,0.9702401351222372,0.1254127721620928,True
qwen,arith_ctx_012_final_recheck,18,0.3,0.3,0.657653579356126,a0.3_b0.3,0.9702401351222372,0.1254127721620928,True
qwen,arith_ctx_012_final_recheck,19,0.3,0.3,0.6814788948744532,a0.3_b0.3,0.9702401351222372,0.1254127721620928,True
qwen,arith_ctx_017_clean,15,0.0,0.0,1.0,a0.0_b0.0_confidence_gate,0.0019921970126643,0.0402906218371594,False
qwen,arith_ctx_017_clean,16,0.0,0.0,1.0,a0.0_b0.0_confidence_gate,0.0019921970126643,0.0402906218371594,False
qwen,arith_ctx_017_clean,17,0.0,0.0,1.0,a0.0_b0.0_confidence_gate,0.0019921970126643,0.0402906218371594,False
qwen,arith_ctx_017_clean,18,0.0,0.0,0.9997127127127128,a0.0_b0.0_confidence_gate,0.0019921970126643,0.0402906218371594,False
qwen,arith_ctx_017_clean,19,0.0,0.0,0.9987510771751056,a0.0_b0.0_confidence_gate,0.0019921970126643,0.0402906218371594,False
qwen,arith_ctx_017_paraphrase,15,0.0,0.0,0.990805183637835,a0.0_b0.0_confidence_gate,0.086898275607106,0.4434459506417544,False
qwen,arith_ctx_017_paraphrase,16,0.0,0.0,0.990805183637835,a0.0_b0.0_confidence_gate,0.086898275607106,0.4434459506417544,False
qwen,arith_ctx_017_paraphrase,17,0.0,0.0,0.9822346486704124,a0.0_b0.0_confidence_gate,0.086898275607106,0.4434459506417544,False
qwen,arith_ctx_017_paraphrase,18,0.0,0.0,0.990805183637835,a0.0_b0.0_confidence_gate,0.086898275607106,0.4434459506417544,False
qwen,arith_ctx_017_paraphrase,19,0.0,0.0,0.9860801001683456,a0.0_b0.0_confidence_gate,0.086898275607106,0.4434459506417544,False
qwen,arith_ctx_017_untrusted_conflict,15,0.0,0.0,0.9997024025738156,a0.0_b0.0_confidence_gate,0.086544016804433,0.5568288543418255,False
qwen,arith_ctx_017_untrusted_conflict,16,0.0,0.0,1.0,a0.0_b0.0_confidence_gate,0.086544016804433,0.5568288543418255,False
qwen,arith_ctx_017_untrusted_conflict,17,0.0,0.0,0.9997024025738156,a0.0_b0.0_confidence_gate,0.086544016804433,0.5568288543418255,False
qwen,arith_ctx_017_untrusted_conflict,18,0.0,0.0,0.996526060843257,a0.0_b0.0_confidence_gate,0.086544016804433,0.5568288543418255,False
qwen,arith_ctx_017_untrusted_conflict,19,0.0,0.0,0.9837143988601468,a0.0_b0.0_confidence_gate,0.086544016804433,0.5568288543418255,False
qwen,arith_ctx_017_asserted_conflict,15,0.0,0.0,0.9997024025738156,a0.0_b0.0_confidence_gate,0.1210496642308163,0.4919288471278609,False
qwen,arith_ctx_017_asserted_conflict,16,0.0,0.0,0.9997024025738156,a0.0_b0.0_confidence_gate,0.1210496642308163,0.4919288471278609,False
qwen,arith_ctx_017_asserted_conflict,17,0.0,0.0,0.9997024025738156,a0.0_b0.0_confidence_gate,0.1210496642308163,0.4919288471278609,False
qwen,arith_ctx_017_asserted_conflict,18,0.0,0.0,0.9956895287438284,a0.0_b0.0_confidence_gate,0.1210496642308163,0.4919288471278609,False
qwen,arith_ctx_017_asserted_conflict,19,0.0,0.0,0.9669043851093718,a0.0_b0.0_confidence_gate,0.1210496642308163,0.4919288471278609,False
qwen,arith_ctx_017_explicit_correction,15,0.0,0.0,0.5901227674329362,a0.0_b0.0,0.6243252302602189,0.7618542252095677,True
qwen,arith_ctx_017_explicit_correction,16,0.0,0.0,0.6669160473650994,a0.0_b0.0,0.6243252302602189,0.7618542252095677,True
qwen,arith_ctx_017_explicit_correction,17,0.3,0.3,0.6276571776047422,a0.3_b0.3,0.6243252302602189,0.7618542252095677,True
qwen,arith_ctx_017_explicit_correction,18,0.0,0.0,0.7373639729934048,a0.0_b0.0,0.6243252302602189,0.7618542252095677,True
qwen,arith_ctx_017_explicit_correction,19,0.0,0.0,0.501624094859212,a0.0_b0.0,0.6243252302602189,0.7618542252095677,True
qwen,arith_ctx_017_final_recheck,15,1.0,0.6,0.5077897093712442,a1.0_b0.6,0.644892597284576,0.6328178241554875,True
qwen,arith_ctx_017_final_recheck,16,0.3,0.3,0.4587733850916918,a0.3_b0.3,0.644892597284576,0.6328178241554875,True
qwen,arith_ctx_017_final_recheck,17,0.0,0.0,0.4402643904992435,a0.0_b0.0,0.644892597284576,0.6328178241554875,True
qwen,arith_ctx_017_final_recheck,18,0.3,0.3,0.5205501987299811,a0.3_b0.3,0.644892597284576,0.6328178241554875,True
qwen,arith_ctx_017_final_recheck,19,0.3,0.3,0.5585736127247181,a0.3_b0.3,0.644892597284576,0.6328178241554875,True
qwen,arith_ctx_018_clean,15,0.0,0.0,1.0,a0.0_b0.0_confidence_gate,0.0080608148494226,0.0866681130055935,False
qwen,arith_ctx_018_clean,16,0.0,0.0,1.0,a0.0_b0.0_confidence_gate,0.0080608148494226,0.0866681130055935,False
qwen,arith_ctx_018_clean,17,0.0,0.0,1.0,a0.0_b0.0_confidence_gate,0.0080608148494226,0.0866681130055935,False
qwen,arith_ctx_018_clean,18,0.0,0.0,0.9997127127127128,a0.0_b0.0_confidence_gate,0.0080608148494226,0.0866681130055935,False
qwen,arith_ctx_018_clean,19,0.0,0.0,0.9947865241317736,a0.0_b0.0_confidence_gate,0.0080608148494226,0.0866681130055935,False
qwen,arith_ctx_018_paraphrase,15,0.0,0.0,0.9251800420476908,a0.0_b0.0_confidence_gate,0.2105933150362865,0.6829411883870269,False
qwen,arith_ctx_018_paraphrase,16,0.0,0.0,0.9250155826054236,a0.0_b0.0_confidence_gate,0.2105933150362865,0.6829411883870269,False
qwen,arith_ctx_018_paraphrase,17,0.0,0.0,0.9300356285239362,a0.0_b0.0_confidence_gate,0.2105933150362865,0.6829411883870269,False
qwen,arith_ctx_018_paraphrase,18,0.0,0.0,0.9100769886603424,a0.0_b0.0_confidence_gate,0.2105933150362865,0.6829411883870269,False
qwen,arith_ctx_018_paraphrase,19,0.0,0.0,0.9224519607220903,a0.0_b0.0_confidence_gate,0.2105933150362865,0.6829411883870269,False
qwen,arith_ctx_018_untrusted_conflict,15,0.0,0.0,0.9997024025738156,a0.0_b0.0_confidence_gate,0.073578974603311,0.4722389637820557,False
qwen,arith_ctx_018_untrusted_conflict,16,0.0,0.0,0.9997024025738156,a0.0_b0.0_confidence_gate,0.073578974603311,0.4722389637820557,False
qwen,arith_ctx_018_untrusted_conflict,17,0.0,0.0,0.9997024025738156,a0.0_b0.0_confidence_gate,0.073578974603311,0.4722389637820557,False
qwen,arith_ctx_018_untrusted_conflict,18,0.0,0.0,0.9947830790324308,a0.0_b0.0_confidence_gate,0.073578974603311,0.4722389637820557,False
qwen,arith_ctx_018_untrusted_conflict,19,0.0,0.0,0.9949733956607828,a0.0_b0.0_confidence_gate,0.073578974603311,0.4722389637820557,False
qwen,arith_ctx_018_asserted_conflict,15,0.0,0.0,0.970349824403252,a0.0_b0.0_confidence_gate,0.1534515429094791,0.5861517986729602,False
qwen,arith_ctx_018_asserted_conflict,16,0.0,0.0,0.9580637408044498,a0.0_b0.0_confidence_gate,0.1534515429094791,0.5861517986729602,False
qwen,arith_ctx_018_asserted_conflict,17,0.0,0.0,0.9703869651214814,a0.0_b0.0_confidence_gate,0.1534515429094791,0.5861517986729602,False
qwen,arith_ctx_018_asserted_conflict,18,0.0,0.0,0.6965984214207351,a0.0_b0.0_confidence_gate,0.1534515429094791,0.5861517986729602,False
qwen,arith_ctx_018_asserted_conflict,19,0.0,0.0,0.9300727777944068,a0.0_b0.0_confidence_gate,0.1534515429094791,0.5861517986729602,False
qwen,arith_ctx_018_explicit_correction,15,1.0,0.6,0.408031039959455,a1.0_b0.6,0.8544780070097515,0.4405002333809203,True
qwen,arith_ctx_018_explicit_correction,16,1.0,0.6,0.4020871253883213,a1.0_b0.6,0.8544780070097515,0.4405002333809203,True
qwen,arith_ctx_018_explicit_correction,17,1.0,0.6,0.4731617398329643,a1.0_b0.6,0.8544780070097515,0.4405002333809203,True
qwen,arith_ctx_018_explicit_correction,18,1.0,0.6,0.4472037544750429,a1.0_b0.6,0.8544780070097515,0.4405002333809203,True
qwen,arith_ctx_018_explicit_correction,19,1.0,0.6,0.4356801952166116,a1.0_b0.6,0.8544780070097515,0.4405002333809203,True
qwen,arith_ctx_018_final_recheck,15,0.0,0.0,0.3990748860936212,a0.0_b0.0,0.6804686771487196,0.4951067220425719,True
qwen,arith_ctx_018_final_recheck,16,0.0,0.0,0.568154344796665,a0.0_b0.0,0.6804686771487196,0.4951067220425719,True
qwen,arith_ctx_018_final_recheck,17,0.0,0.0,0.4446180020277412,a0.0_b0.0,0.6804686771487196,0.4951067220425719,True
qwen,arith_ctx_018_final_recheck,18,0.3,0.3,0.4204926269823405,a0.3_b0.3,0.6804686771487196,0.4951067220425719,True
qwen,arith_ctx_018_final_recheck,19,1.0,0.6,0.4695106635259289,a1.0_b0.6,0.6804686771487196,0.4951067220425719,True
qwen,arith_ctx_019_clean,15,0.0,0.0,1.0,a0.0_b0.0_confidence_gate,0.0332043158016438,0.4062128824032538,False
qwen,arith_ctx_019_clean,16,0.0,0.0,1.0,a0.0_b0.0_confidence_gate,0.0332043158016438,0.4062128824032538,False
qwen,arith_ctx_019_clean,17,0.0,0.0,0.9950738114190608,a0.0_b0.0_confidence_gate,0.0332043158016438,0.4062128824032538,False
qwen,arith_ctx_019_clean,18,0.0,0.0,0.9770553685410184,a0.0_b0.0_confidence_gate,0.0332043158016438,0.4062128824032538,False
qwen,arith_ctx_019_clean,19,0.0,0.0,0.9716994646088308,a0.0_b0.0_confidence_gate,0.0332043158016438,0.4062128824032538,False
qwen,arith_ctx_019_paraphrase,15,0.0,0.0,0.9858162476654608,a0.0_b0.0_confidence_gate,0.0866493308821692,0.5599366613405028,False
qwen,arith_ctx_019_paraphrase,16,0.0,0.0,0.9978396654264614,a0.0_b0.0_confidence_gate,0.0866493308821692,0.5599366613405028,False
qwen,arith_ctx_019_paraphrase,17,0.0,0.0,0.9839567225062712,a0.0_b0.0_confidence_gate,0.0866493308821692,0.5599366613405028,False
qwen,arith_ctx_019_paraphrase,18,0.0,0.0,0.9771458351228094,a0.0_b0.0_confidence_gate,0.0866493308821692,0.5599366613405028,False
qwen,arith_ctx_019_paraphrase,19,0.0,0.0,0.9561576109961192,a0.0_b0.0_confidence_gate,0.0866493308821692,0.5599366613405028,False
qwen,arith_ctx_019_untrusted_conflict,15,0.0,0.0,0.9835577367301424,a0.0_b0.0_confidence_gate,0.1762248044030699,0.6641030873181493,False
qwen,arith_ctx_019_untrusted_conflict,16,0.0,0.0,0.9823896569183967,a0.0_b0.0_confidence_gate,0.1762248044030699,0.6641030873181493,False
qwen,arith_ctx_019_untrusted_conflict,17,0.0,0.0,0.9886705020152649,a0.0_b0.0_confidence_gate,0.1762248044030699,0.6641030873181493,False
qwen,arith_ctx_019_untrusted_conflict,18,0.0,0.0,0.9578564683671212,a0.0_b0.0_confidence_gate,0.1762248044030699,0.6641030873181493,False
qwen,arith_ctx_019_untrusted_conflict,19,0.0,0.0,0.9261053350524956,a0.0_b0.0_confidence_gate,0.1762248044030699,0.6641030873181493,False
qwen,arith_ctx_019_asserted_conflict,15,0.0,0.0,0.9927279546128128,a0.0_b0.0_confidence_gate,0.1787584897164922,0.7038597789890876,False
qwen,arith_ctx_019_asserted_conflict,16,0.0,0.0,0.9870462078846878,a0.0_b0.0_confidence_gate,0.1787584897164922,0.7038597789890876,False
qwen,arith_ctx_019_asserted_conflict,17,0.0,0.0,0.9919778902074888,a0.0_b0.0_confidence_gate,0.1787584897164922,0.7038597789890876,False
qwen,arith_ctx_019_asserted_conflict,18,0.0,0.0,0.9836872413322842,a0.0_b0.0_confidence_gate,0.1787584897164922,0.7038597789890876,False
qwen,arith_ctx_019_asserted_conflict,19,0.0,0.0,0.6825723839954088,a0.0_b0.0_confidence_gate,0.1787584897164922,0.7038597789890876,False
qwen,arith_ctx_019_explicit_correction,15,0.0,0.0,0.7312836484405847,a0.0_b0.0_confidence_gate,0.2013722506588032,0.6413293522788396,False
qwen,arith_ctx_019_explicit_correction,16,0.0,0.0,0.998265931372549,a0.0_b0.0_confidence_gate,0.2013722506588032,0.6413293522788396,False
qwen,arith_ctx_019_explicit_correction,17,0.0,0.0,0.998265931372549,a0.0_b0.0_confidence_gate,0.2013722506588032,0.6413293522788396,False
qwen,arith_ctx_019_explicit_correction,18,0.0,0.0,0.9781517819874456,a0.0_b0.0_confidence_gate,0.2013722506588032,0.6413293522788396,False
qwen,arith_ctx_019_explicit_correction,19,0.0,0.0,0.955972422932352,a0.0_b0.0_confidence_gate,0.2013722506588032,0.6413293522788396,False
qwen,arith_ctx_019_final_recheck,15,0.3,0.3,0.4773393504652447,a0.3_b0.3,0.5143196237735327,0.7444986118300972,True
qwen,arith_ctx_019_final_recheck,16,0.3,0.3,0.4733606519917046,a0.3_b0.3,0.5143196237735327,0.7444986118300972,True
qwen,arith_ctx_019_final_recheck,17,0.0,0.0,0.9946114305997216,a0.0_b0.0,0.5143196237735327,0.7444986118300972,True
qwen,arith_ctx_019_final_recheck,18,0.0,0.0,0.7167062272114719,a0.0_b0.0,0.5143196237735327,0.7444986118300972,True
qwen,arith_ctx_019_final_recheck,19,0.0,0.0,0.5595647513232022,a0.0_b0.0,0.5143196237735327,0.7444986118300972,True
qwen,arith_ctx_021_clean,15,0.0,0.0,1.0,a0.0_b0.0_confidence_gate,0.0018258808712171,0.0467202044087488,False
qwen,arith_ctx_021_clean,16,0.0,0.0,1.0,a0.0_b0.0_confidence_gate,0.0018258808712171,0.0467202044087488,False
qwen,arith_ctx_021_clean,17,0.0,0.0,1.0,a0.0_b0.0_confidence_gate,0.0018258808712171,0.0467202044087488,False
qwen,arith_ctx_021_clean,18,0.0,0.0,0.9997127127127128,a0.0_b0.0_confidence_gate,0.0018258808712171,0.0467202044087488,False
qwen,arith_ctx_021_clean,19,0.0,0.0,0.9997127127127128,a0.0_b0.0_confidence_gate,0.0018258808712171,0.0467202044087488,False
qwen,arith_ctx_021_paraphrase,15,0.0,0.0,0.9937956705910896,a0.0_b0.0_confidence_gate,0.2468221859782888,0.7974596606583073,False
qwen,arith_ctx_021_paraphrase,16,0.0,0.0,0.9876885361418136,a0.0_b0.0_confidence_gate,0.2468221859782888,0.7974596606583073,False
qwen,arith_ctx_021_paraphrase,17,0.0,0.0,0.9971013374485596,a0.0_b0.0_confidence_gate,0.2468221859782888,0.7974596606583073,False
qwen,arith_ctx_021_paraphrase,18,0.0,0.0,0.9936541377844924,a0.0_b0.0_confidence_gate,0.2468221859782888,0.7974596606583073,False
qwen,arith_ctx_021_paraphrase,19,0.0,0.0,0.9884005435623732,a0.0_b0.0_confidence_gate,0.2468221859782888,0.7974596606583073,False
qwen,arith_ctx_021_untrusted_conflict,15,0.0,0.0,1.0,a0.0_b0.0_confidence_gate,0.0557882229397523,0.3682152219578136,False
qwen,arith_ctx_021_untrusted_conflict,16,0.0,0.0,0.9942609312255002,a0.0_b0.0_confidence_gate,0.0557882229397523,0.3682152219578136,False
qwen,arith_ctx_021_untrusted_conflict,17,0.0,0.0,0.9886026373934326,a0.0_b0.0_confidence_gate,0.0557882229397523,0.3682152219578136,False
qwen,arith_ctx_021_untrusted_conflict,18,0.0,0.0,0.9887787397131962,a0.0_b0.0_confidence_gate,0.0557882229397523,0.3682152219578136,False
qwen,arith_ctx_021_untrusted_conflict,19,0.0,0.0,0.9808797650484038,a0.0_b0.0_confidence_gate,0.0557882229397523,0.3682152219578136,False
qwen,arith_ctx_021_asserted_conflict,15,0.0,0.0,0.9986680343733064,a0.0_b0.0_confidence_gate,0.1111380408136579,0.6328574286848172,False
qwen,arith_ctx_021_asserted_conflict,16,0.0,0.0,0.995536886832323,a0.0_b0.0_confidence_gate,0.1111380408136579,0.6328574286848172,False
qwen,arith_ctx_021_asserted_conflict,17,0.0,0.0,0.9997024025738156,a0.0_b0.0_confidence_gate,0.1111380408136579,0.6328574286848172,False
qwen,arith_ctx_021_asserted_conflict,18,0.0,0.0,0.9968140501612724,a0.0_b0.0_confidence_gate,0.1111380408136579,0.6328574286848172,False
qwen,arith_ctx_021_asserted_conflict,19,0.0,0.0,0.9892849249678022,a0.0_b0.0_confidence_gate,0.1111380408136579,0.6328574286848172,False
qwen,arith_ctx_021_explicit_correction,15,0.3,0.3,0.4344209985961886,a0.3_b0.3,0.644042438761746,0.6040218819558076,True
qwen,arith_ctx_021_explicit_correction,16,1.0,0.6,0.3907525203640998,a1.0_b0.6,0.644042438761746,0.6040218819558076,True
qwen,arith_ctx_021_explicit_correction,17,0.0,0.0,0.4710176047442806,a0.0_b0.0,0.644042438761746,0.6040218819558076,True
qwen,arith_ctx_021_explicit_correction,18,0.0,0.0,0.986435406693874,a0.0_b0.0,0.644042438761746,0.6040218819558076,True
qwen,arith_ctx_021_explicit_correction,19,0.0,0.0,0.9848802818654232,a0.0_b0.0,0.644042438761746,0.6040218819558076,True
qwen,arith_ctx_021_final_recheck,15,1.0,0.6,0.4088985729562215,a1.0_b0.6,0.6121593367769296,0.6537971784199422,True
qwen,arith_ctx_021_final_recheck,16,0.0,0.0,0.4216834284518238,a0.0_b0.0,0.6121593367769296,0.6537971784199422,True
qwen,arith_ctx_021_final_recheck,17,0.0,0.0,0.7040374285069595,a0.0_b0.0,0.6121593367769296,0.6537971784199422,True
qwen,arith_ctx_021_final_recheck,18,0.0,0.0,0.9285050022231168,a0.0_b0.0,0.6121593367769296,0.6537971784199422,True
qwen,arith_ctx_021_final_recheck,19,0.0,0.0,0.8350677750259152,a0.0_b0.0,0.6121593367769296,0.6537971784199422,True
qwen,arith_ctx_029_clean,15,0.0,0.0,1.0,a0.0_b0.0_confidence_gate,0.0128216625441812,0.1697079136407286,False
qwen,arith_ctx_029_clean,16,0.0,0.0,0.9950738114190608,a0.0_b0.0_confidence_gate,0.0128216625441812,0.1697079136407286,False
qwen,arith_ctx_029_clean,17,0.0,0.0,0.9950738114190608,a0.0_b0.0_confidence_gate,0.0128216625441812,0.1697079136407286,False
qwen,arith_ctx_029_clean,18,0.0,0.0,0.9947865241317736,a0.0_b0.0_confidence_gate,0.0128216625441812,0.1697079136407286,False
qwen,arith_ctx_029_clean,19,0.0,0.0,0.9929351124095578,a0.0_b0.0_confidence_gate,0.0128216625441812,0.1697079136407286,False
qwen,arith_ctx_029_paraphrase,15,0.0,0.0,0.9816902609380606,a0.0_b0.0_confidence_gate,0.1128695280572568,0.8092815065973393,False
qwen,arith_ctx_029_paraphrase,16,0.0,0.0,0.9767253771675508,a0.0_b0.0_confidence_gate,0.1128695280572568,0.8092815065973393,False
qwen,arith_ctx_029_paraphrase,17,0.0,0.0,0.9769141138483678,a0.0_b0.0_confidence_gate,0.1128695280572568,0.8092815065973393,False
qwen,arith_ctx_029_paraphrase,18,0.0,0.0,0.980915238017408,a0.0_b0.0_confidence_gate,0.1128695280572568,0.8092815065973393,False
qwen,arith_ctx_029_paraphrase,19,0.0,0.0,0.9675103952894396,a0.0_b0.0_confidence_gate,0.1128695280572568,0.8092815065973393,False
qwen,arith_ctx_029_untrusted_conflict,15,0.0,0.0,0.988654762813244,a0.0_b0.0_confidence_gate,0.0768512573422208,0.4943268485217286,False
qwen,arith_ctx_029_untrusted_conflict,16,0.0,0.0,0.9847926660233672,a0.0_b0.0_confidence_gate,0.0768512573422208,0.4943268485217286,False
qwen,arith_ctx_029_untrusted_conflict,17,0.0,0.0,0.9891752879745868,a0.0_b0.0_confidence_gate,0.0768512573422208,0.4943268485217286,False
qwen,arith_ctx_029_untrusted_conflict,18,0.0,0.0,0.9841953299162568,a0.0_b0.0_confidence_gate,0.0768512573422208,0.4943268485217286,False
qwen,arith_ctx_029_untrusted_conflict,19,0.0,0.0,0.9802110319580284,a0.0_b0.0_confidence_gate,0.0768512573422208,0.4943268485217286,False
qwen,arith_ctx_029_asserted_conflict,15,0.0,0.0,0.99760438495267,a0.0_b0.0_confidence_gate,0.0620636481139174,0.4984724888638531,False
qwen,arith_ctx_029_asserted_conflict,16,0.0,0.0,0.99760438495267,a0.0_b0.0_confidence_gate,0.0620636481139174,0.4984724888638531,False
qwen,arith_ctx_029_asserted_conflict,17,0.0,0.0,0.9979019823788546,a0.0_b0.0_confidence_gate,0.0620636481139174,0.4984724888638531,False
qwen,arith_ctx_029_asserted_conflict,18,0.0,0.0,0.9889523363749332,a0.0_b0.0_confidence_gate,0.0620636481139174,0.4984724888638531,False
qwen,arith_ctx_029_asserted_conflict,19,0.0,0.0,0.9936155300320756,a0.0_b0.0_confidence_gate,0.0620636481139174,0.4984724888638531,False
qwen,arith_ctx_029_explicit_correction,15,0.0,0.0,0.8383679904927418,a0.0_b0.0_confidence_gate,0.2696365680263941,0.8077093991595025,False
qwen,arith_ctx_029_explicit_correction,16,0.0,0.0,0.9081299730164326,a0.0_b0.0_confidence_gate,0.2696365680263941,0.8077093991595025,False
qwen,arith_ctx_029_explicit_correction,17,0.0,0.0,0.9922301694109518,a0.0_b0.0_confidence_gate,0.2696365680263941,0.8077093991595025,False
qwen,arith_ctx_029_explicit_correction,18,0.0,0.0,0.987588076982946,a0.0_b0.0_confidence_gate,0.2696365680263941,0.8077093991595025,False
qwen,arith_ctx_029_explicit_correction,19,0.0,0.0,0.991858972038505,a0.0_b0.0_confidence_gate,0.2696365680263941,0.8077093991595025,False
qwen,arith_ctx_029_final_recheck,15,0.0,0.0,0.5570180307866957,a0.0_b0.0,0.556317226907411,0.7579445608763203,True
qwen,arith_ctx_029_final_recheck,16,0.0,0.0,0.6634708080287918,a0.0_b0.0,0.556317226907411,0.7579445608763203,True
qwen,arith_ctx_029_final_recheck,17,0.0,0.0,0.7213584042166711,a0.0_b0.0,0.556317226907411,0.7579445608763203,True
qwen,arith_ctx_029_final_recheck,18,0.0,0.0,0.833882272759348,a0.0_b0.0,0.556317226907411,0.7579445608763203,True
qwen,arith_ctx_029_final_recheck,19,0.0,0.0,0.7652602500354203,a0.0_b0.0,0.556317226907411,0.7579445608763203,True
qwen,arith_ctx_030_clean,15,0.0,0.0,1.0,a0.0_b0.0_confidence_gate,0.0497682943603241,0.239063947821793,False
qwen,arith_ctx_030_clean,16,0.0,0.0,1.0,a0.0_b0.0_confidence_gate,0.0497682943603241,0.239063947821793,False
qwen,arith_ctx_030_clean,17,0.0,0.0,1.0,a0.0_b0.0_confidence_gate,0.0497682943603241,0.239063947821793,False
qwen,arith_ctx_030_clean,18,0.0,0.0,0.9997127127127128,a0.0_b0.0_confidence_gate,0.0497682943603241,0.239063947821793,False
qwen,arith_ctx_030_clean,19,0.0,0.0,0.9193563624298744,a0.0_b0.0_confidence_gate,0.0497682943603241,0.239063947821793,False
qwen,arith_ctx_030_paraphrase,15,0.0,0.0,0.9940100667969526,a0.0_b0.0_confidence_gate,0.0892721109686125,0.4348038684217995,False
qwen,arith_ctx_030_paraphrase,16,0.0,0.0,0.983630089203822,a0.0_b0.0_confidence_gate,0.0892721109686125,0.4348038684217995,False
qwen,arith_ctx_030_paraphrase,17,0.0,0.0,0.993894979984266,a0.0_b0.0_confidence_gate,0.0892721109686125,0.4348038684217995,False
qwen,arith_ctx_030_paraphrase,18,0.0,0.0,0.9936076926969788,a0.0_b0.0_confidence_gate,0.0892721109686125,0.4348038684217995,False
qwen,arith_ctx_030_paraphrase,19,0.0,0.0,0.993894979984266,a0.0_b0.0_confidence_gate,0.0892721109686125,0.4348038684217995,False
qwen,arith_ctx_030_untrusted_conflict,15,0.0,0.0,0.9937072671544748,a0.0_b0.0_confidence_gate,0.1700998708938631,0.5248809117356991,False
qwen,arith_ctx_030_untrusted_conflict,16,0.0,0.0,0.9986680343733064,a0.0_b0.0_confidence_gate,0.1700998708938631,0.5248809117356991,False
qwen,arith_ctx_030_untrusted_conflict,17,0.0,0.0,0.9986680343733064,a0.0_b0.0_confidence_gate,0.1700998708938631,0.5248809117356991,False
qwen,arith_ctx_030_untrusted_conflict,18,0.0,0.0,0.9983807470860192,a0.0_b0.0_confidence_gate,0.1700998708938631,0.5248809117356991,False
qwen,arith_ctx_030_untrusted_conflict,19,0.0,0.0,0.9686735877596356,a0.0_b0.0_confidence_gate,0.1700998708938631,0.5248809117356991,False
qwen,arith_ctx_030_asserted_conflict,15,0.0,0.0,0.6071929421603044,a0.0_b0.0,0.6607149567821535,0.7059503465312377,True
qwen,arith_ctx_030_asserted_conflict,16,0.0,0.0,0.5637050666953569,a0.0_b0.0,0.6607149567821535,0.7059503465312377,True
qwen,arith_ctx_030_asserted_conflict,17,0.0,0.0,0.4655868281028615,a0.0_b0.0,0.6607149567821535,0.7059503465312377,True
qwen,arith_ctx_030_asserted_conflict,18,0.0,0.0,0.4234928320073378,a0.0_b0.0,0.6607149567821535,0.7059503465312377,True
qwen,arith_ctx_030_asserted_conflict,19,1.0,0.6,0.406061600409869,a1.0_b0.6,0.6607149567821535,0.7059503465312377,True
qwen,arith_ctx_030_explicit_correction,15,1.0,0.6,0.630909693885681,a1.0_b0.6,0.948920434300349,0.1813781889487816,True
qwen,arith_ctx_030_explicit_correction,16,1.0,0.6,0.4733945732768891,a1.0_b0.6,0.948920434300349,0.1813781889487816,True
qwen,arith_ctx_030_explicit_correction,17,1.0,0.6,0.5983447847612684,a1.0_b0.6,0.948920434300349,0.1813781889487816,True
qwen,arith_ctx_030_explicit_correction,18,1.0,0.6,0.6127462316686979,a1.0_b0.6,0.948920434300349,0.1813781889487816,True
qwen,arith_ctx_030_explicit_correction,19,1.0,0.6,0.3751964834594038,a1.0_b0.6,0.948920434300349,0.1813781889487816,True
qwen,arith_ctx_030_final_recheck,15,0.3,0.3,0.2960504983965205,a0.3_b0.3,0.8804958539601244,0.3489482196302814,True
qwen,arith_ctx_030_final_recheck,16,0.3,0.3,0.4030325635656329,a0.3_b0.3,0.8804958539601244,0.3489482196302814,True
qwen,arith_ctx_030_final_recheck,17,0.3,0.3,0.369037174239942,a0.3_b0.3,0.8804958539601244,0.3489482196302814,True
qwen,arith_ctx_030_final_recheck,18,0.3,0.3,0.3940714990062506,a0.3_b0.3,0.8804958539601244,0.3489482196302814,True
qwen,arith_ctx_030_final_recheck,19,0.3,0.3,0.4100468800722013,a0.3_b0.3,0.8804958539601244,0.3489482196302814,True
qwen,arith_ctx_034_clean,15,0.0,0.0,1.0,a0.0_b0.0_confidence_gate,0.0253100141227537,0.3419822869176488,False
qwen,arith_ctx_034_clean,16,0.0,0.0,1.0,a0.0_b0.0_confidence_gate,0.0253100141227537,0.3419822869176488,False
qwen,arith_ctx_034_clean,17,0.0,0.0,1.0,a0.0_b0.0_confidence_gate,0.0253100141227537,0.3419822869176488,False
qwen,arith_ctx_034_clean,18,0.0,0.0,0.9997127127127128,a0.0_b0.0_confidence_gate,0.0253100141227537,0.3419822869176488,False
qwen,arith_ctx_034_clean,19,0.0,0.0,0.9997127127127128,a0.0_b0.0_confidence_gate,0.0253100141227537,0.3419822869176488,False
qwen,arith_ctx_034_paraphrase,15,0.0,0.0,0.990805183637835,a0.0_b0.0_confidence_gate,0.0998940551276544,0.690154354469449,False
qwen,arith_ctx_034_paraphrase,16,0.0,0.0,0.976354079633516,a0.0_b0.0_confidence_gate,0.0998940551276544,0.690154354469449,False
qwen,arith_ctx_034_paraphrase,17,0.0,0.0,0.9675551139337468,a0.0_b0.0_confidence_gate,0.0998940551276544,0.690154354469449,False
qwen,arith_ctx_034_paraphrase,18,0.0,0.0,0.9891980757946977,a0.0_b0.0_confidence_gate,0.0998940551276544,0.690154354469449,False
qwen,arith_ctx_034_paraphrase,19,0.0,0.0,0.9663978225269284,a0.0_b0.0_confidence_gate,0.0998940551276544,0.690154354469449,False
qwen,arith_ctx_034_untrusted_conflict,15,0.0,0.0,0.9956111616979032,a0.0_b0.0_confidence_gate,0.1716424911259286,0.6237601109506721,False
qwen,arith_ctx_034_untrusted_conflict,16,0.0,0.0,0.9923037735056792,a0.0_b0.0_confidence_gate,0.1716424911259286,0.6237601109506721,False
qwen,arith_ctx_034_untrusted_conflict,17,0.0,0.0,0.9757070598448496,a0.0_b0.0_confidence_gate,0.1716424911259286,0.6237601109506721,False
qwen,arith_ctx_034_untrusted_conflict,18,0.0,0.0,0.9538976895175564,a0.0_b0.0_confidence_gate,0.1716424911259286,0.6237601109506721,False
qwen,arith_ctx_034_untrusted_conflict,19,0.0,0.0,0.9910655593924766,a0.0_b0.0_confidence_gate,0.1716424911259286,0.6237601109506721,False
qwen,arith_ctx_034_asserted_conflict,15,0.0,0.0,0.9370844206473512,a0.0_b0.0_confidence_gate,0.2207468901632117,0.7227014609625417,False
qwen,arith_ctx_034_asserted_conflict,16,0.0,0.0,0.8853700548954295,a0.0_b0.0_confidence_gate,0.2207468901632117,0.7227014609625417,False
qwen,arith_ctx_034_asserted_conflict,17,0.0,0.0,0.8727080078487637,a0.0_b0.0_confidence_gate,0.2207468901632117,0.7227014609625417,False
qwen,arith_ctx_034_asserted_conflict,18,0.0,0.0,0.7213609707365278,a0.0_b0.0_confidence_gate,0.2207468901632117,0.7227014609625417,False
qwen,arith_ctx_034_asserted_conflict,19,0.0,0.0,0.4810800945820698,a0.0_b0.0_confidence_gate,0.2207468901632117,0.7227014609625417,False
qwen,arith_ctx_034_explicit_correction,15,1.0,0.6,0.423710628183339,a1.0_b0.6,0.6519207181576998,0.6888761932294896,True
qwen,arith_ctx_034_explicit_correction,16,0.3,0.3,0.3150891012832422,a0.3_b0.3,0.6519207181576998,0.6888761932294896,True
qwen,arith_ctx_034_explicit_correction,17,0.0,0.0,0.8608941932756156,a0.0_b0.0,0.6519207181576998,0.6888761932294896,True
qwen,arith_ctx_034_explicit_correction,18,1.0,0.6,0.4238757414008469,a1.0_b0.6,0.6519207181576998,0.6888761932294896,True
qwen,arith_ctx_034_explicit_correction,19,1.0,0.6,0.4592225569420824,a1.0_b0.6,0.6519207181576998,0.6888761932294896,True
qwen,arith_ctx_034_final_recheck,15,0.3,0.3,0.4880285899437375,a0.3_b0.3,0.5615878593019282,0.6532695800409332,True
qwen,arith_ctx_034_final_recheck,16,0.3,0.3,0.5078545315530492,a0.3_b0.3,0.5615878593019282,0.6532695800409332,True
qwen,arith_ctx_034_final_recheck,17,0.0,0.0,0.6839630477123093,a0.0_b0.0,0.5615878593019282,0.6532695800409332,True
qwen,arith_ctx_034_final_recheck,18,0.3,0.3,0.6538961679593873,a0.3_b0.3,0.5615878593019282,0.6532695800409332,True
qwen,arith_ctx_034_final_recheck,19,0.3,0.3,0.6363950494868932,a0.3_b0.3,0.5615878593019282,0.6532695800409332,True
qwen,arith_ctx_038_clean,15,0.0,0.0,1.0,a0.0_b0.0_confidence_gate,0.007875985754694,0.0627390600220677,False
qwen,arith_ctx_038_clean,16,0.0,0.0,1.0,a0.0_b0.0_confidence_gate,0.007875985754694,0.0627390600220677,False
qwen,arith_ctx_038_clean,17,0.0,0.0,1.0,a0.0_b0.0_confidence_gate,0.007875985754694,0.0627390600220677,False
qwen,arith_ctx_038_clean,18,0.0,0.0,0.9997127127127128,a0.0_b0.0_confidence_gate,0.007875985754694,0.0627390600220677,False
qwen,arith_ctx_038_clean,19,0.0,0.0,0.9997127127127128,a0.0_b0.0_confidence_gate,0.007875985754694,0.0627390600220677,False
qwen,arith_ctx_038_paraphrase,15,0.0,0.0,0.990589313126796,a0.0_b0.0_confidence_gate,0.0830800010337009,0.4237808791614322,False
qwen,arith_ctx_038_paraphrase,16,0.0,0.0,0.9940100667969526,a0.0_b0.0_confidence_gate,0.0830800010337009,0.4237808791614322,False
qwen,arith_ctx_038_paraphrase,17,0.0,0.0,0.993894979984266,a0.0_b0.0_confidence_gate,0.0830800010337009,0.4237808791614322,False
qwen,arith_ctx_038_paraphrase,18,0.0,0.0,0.993894979984266,a0.0_b0.0_confidence_gate,0.0830800010337009,0.4237808791614322,False
qwen,arith_ctx_038_paraphrase,19,0.0,0.0,0.9845886200753462,a0.0_b0.0_confidence_gate,0.0830800010337009,0.4237808791614322,False
qwen,arith_ctx_038_untrusted_conflict,15,0.0,0.0,0.9947416353549836,a0.0_b0.0_confidence_gate,0.1840917959840428,0.5241002391709845,False
qwen,arith_ctx_038_untrusted_conflict,16,0.0,0.0,0.9997024025738156,a0.0_b0.0_confidence_gate,0.1840917959840428,0.5241002391709845,False
qwen,arith_ctx_038_untrusted_conflict,17,0.0,0.0,0.975692040100882,a0.0_b0.0_confidence_gate,0.1840917959840428,0.5241002391709845,False
qwen,arith_ctx_038_untrusted_conflict,18,0.0,0.0,0.9983807470860192,a0.0_b0.0_confidence_gate,0.1840917959840428,0.5241002391709845,False
qwen,arith_ctx_038_untrusted_conflict,19,0.0,0.0,0.9930540258261288,a0.0_b0.0_confidence_gate,0.1840917959840428,0.5241002391709845,False
qwen,arith_ctx_038_asserted_conflict,15,0.0,0.0,0.9986680343733064,a0.0_b0.0_confidence_gate,0.2984931762562807,0.7295337959321512,False
qwen,arith_ctx_038_asserted_conflict,16,0.0,0.0,0.9986680343733064,a0.0_b0.0_confidence_gate,0.2984931762562807,0.7295337959321512,False
qwen,arith_ctx_038_asserted_conflict,17,0.0,0.0,0.9986680343733064,a0.0_b0.0_confidence_gate,0.2984931762562807,0.7295337959321512,False
qwen,arith_ctx_038_asserted_conflict,18,0.0,0.0,0.7157741581583701,a0.0_b0.0_confidence_gate,0.2984931762562807,0.7295337959321512,False
qwen,arith_ctx_038_asserted_conflict,19,0.0,0.0,0.5176667846443468,a0.0_b0.0_confidence_gate,0.2984931762562807,0.7295337959321512,False
qwen,arith_ctx_038_explicit_correction,15,1.0,0.6,0.4977694063327532,a1.0_b0.6,0.8884952138597676,0.3847276082877675,True
qwen,arith_ctx_038_explicit_correction,16,1.0,0.6,0.4985477817594859,a1.0_b0.6,0.8884952138597676,0.3847276082877675,True
qwen,arith_ctx_038_explicit_correction,17,1.0,0.6,0.6600103381572979,a1.0_b0.6,0.8884952138597676,0.3847276082877675,True
qwen,arith_ctx_038_explicit_correction,18,1.0,0.6,0.5786732330660534,a1.0_b0.6,0.8884952138597676,0.3847276082877675,True
qwen,arith_ctx_038_explicit_correction,19,1.0,0.6,0.5110695505289893,a1.0_b0.6,0.8884952138597676,0.3847276082877675,True
qwen,arith_ctx_038_final_recheck,15,1.0,0.6,0.5089698097380458,a1.0_b0.6,0.8282942229189088,0.3958647045228093,True
qwen,arith_ctx_038_final_recheck,16,1.0,0.6,0.4741854768963071,a1.0_b0.6,0.8282942229189088,0.3958647045228093,True
qwen,arith_ctx_038_final_recheck,17,1.0,0.6,0.4490704799115568,a1.0_b0.6,0.8282942229189088,0.3958647045228093,True
qwen,arith_ctx_038_final_recheck,18,0.3,0.3,0.5130606128186073,a0.3_b0.3,0.8282942229189088,0.3958647045228093,True
qwen,arith_ctx_038_final_recheck,19,0.3,0.3,0.5019007652968575,a0.3_b0.3,0.8282942229189088,0.3958647045228093,True
qwen,arith_ctx_040_clean,15,0.0,0.0,1.0,a0.0_b0.0_confidence_gate,0.0329572246880192,0.2669010160103728,False
qwen,arith_ctx_040_clean,16,0.0,0.0,1.0,a0.0_b0.0_confidence_gate,0.0329572246880192,0.2669010160103728,False
qwen,arith_ctx_040_clean,17,0.0,0.0,1.0,a0.0_b0.0_confidence_gate,0.0329572246880192,0.2669010160103728,False
qwen,arith_ctx_040_clean,18,0.0,0.0,0.9997127127127128,a0.0_b0.0_confidence_gate,0.0329572246880192,0.2669010160103728,False
qwen,arith_ctx_040_clean,19,0.0,0.0,0.8924462210896627,a0.0_b0.0_confidence_gate,0.0329572246880192,0.2669010160103728,False
qwen,arith_ctx_040_paraphrase,15,0.0,0.0,0.993894979984266,a0.0_b0.0_confidence_gate,0.0907423449727871,0.5462339340012741,False
qwen,arith_ctx_040_paraphrase,16,0.0,0.0,0.993894979984266,a0.0_b0.0_confidence_gate,0.0907423449727871,0.5462339340012741,False
qwen,arith_ctx_040_paraphrase,17,0.0,0.0,0.9596315383519068,a0.0_b0.0_confidence_gate,0.0907423449727871,0.5462339340012741,False
qwen,arith_ctx_040_paraphrase,18,0.0,0.0,0.9936076926969788,a0.0_b0.0_confidence_gate,0.0907423449727871,0.5462339340012741,False
qwen,arith_ctx_040_paraphrase,19,0.0,0.0,0.9950806764586152,a0.0_b0.0_confidence_gate,0.0907423449727871,0.5462339340012741,False
qwen,arith_ctx_040_untrusted_conflict,15,0.0,0.0,0.9929308258349112,a0.0_b0.0_confidence_gate,0.2245675495777751,0.535830327044261,False
qwen,arith_ctx_040_untrusted_conflict,16,0.0,0.0,0.9858036980285522,a0.0_b0.0_confidence_gate,0.2245675495777751,0.535830327044261,False
qwen,arith_ctx_040_untrusted_conflict,17,0.0,0.0,0.9842613181784408,a0.0_b0.0_confidence_gate,0.2245675495777751,0.535830327044261,False
qwen,arith_ctx_040_untrusted_conflict,18,0.0,0.0,0.7560849946102143,a0.0_b0.0_confidence_gate,0.2245675495777751,0.535830327044261,False
qwen,arith_ctx_040_untrusted_conflict,19,0.0,0.0,0.612047442444701,a0.0_b0.0_confidence_gate,0.2245675495777751,0.535830327044261,False
qwen,arith_ctx_040_asserted_conflict,15,0.0,0.0,0.8170369580878986,a0.0_b0.0,0.5985105715286017,0.582009687090122,True
qwen,arith_ctx_040_asserted_conflict,16,1.0,0.6,0.4110085060704586,a1.0_b0.6,0.5985105715286017,0.582009687090122,True
qwen,arith_ctx_040_asserted_conflict,17,0.3,0.3,0.4559885506186546,a0.3_b0.3,0.5985105715286017,0.582009687090122,True
qwen,arith_ctx_040_asserted_conflict,18,0.3,0.3,0.4089970960199251,a0.3_b0.3,0.5985105715286017,0.582009687090122,True
qwen,arith_ctx_040_asserted_conflict,19,0.3,0.3,0.4726915685065584,a0.3_b0.3,0.5985105715286017,0.582009687090122,True
qwen,arith_ctx_040_explicit_correction,15,1.0,0.6,0.492534833865742,a1.0_b0.6,0.9643659155245696,0.1521081182148528,True
qwen,arith_ctx_040_explicit_correction,16,0.3,0.3,0.4884177639816245,a0.3_b0.3,0.9643659155245696,0.1521081182148528,True
qwen,arith_ctx_040_explicit_correction,17,1.0,0.6,0.477301991541154,a1.0_b0.6,0.9643659155245696,0.1521081182148528,True
qwen,arith_ctx_040_explicit_correction,18,1.0,0.6,0.478698689191217,a1.0_b0.6,0.9643659155245696,0.1521081182148528,True
qwen,arith_ctx_040_explicit_correction,19,1.0,0.6,0.4255214849108237,a1.0_b0.6,0.9643659155245696,0.1521081182148528,True
qwen,arith_ctx_040_final_recheck,15,0.3,0.3,0.7110359060767721,a0.3_b0.3,0.876219844772731,0.3665854119901689,True
qwen,arith_ctx_040_final_recheck,16,0.3,0.3,0.6984561145405105,a0.3_b0.3,0.876219844772731,0.3665854119901689,True
qwen,arith_ctx_040_final_recheck,17,0.3,0.3,0.8296797275957054,a0.3_b0.3,0.876219844772731,0.3665854119901689,True
qwen,arith_ctx_040_final_recheck,18,0.3,0.3,0.8186254450944435,a0.3_b0.3,0.876219844772731,0.3665854119901689,True
qwen,arith_ctx_040_final_recheck,19,0.3,0.3,0.7869139582974705,a0.3_b0.3,0.876219844772731,0.3665854119901689,True
qwen,arith_ctx_043_clean,15,0.0,0.0,1.0,a0.0_b0.0_confidence_gate,0.0086928177710142,0.1236846670809304,False
qwen,arith_ctx_043_clean,16,0.0,0.0,1.0,a0.0_b0.0_confidence_gate,0.0086928177710142,0.1236846670809304,False
qwen,arith_ctx_043_clean,17,0.0,0.0,1.0,a0.0_b0.0_confidence_gate,0.0086928177710142,0.1236846670809304,False
qwen,arith_ctx_043_clean,18,0.0,0.0,0.9997127127127128,a0.0_b0.0_confidence_gate,0.0086928177710142,0.1236846670809304,False
qwen,arith_ctx_043_clean,19,0.0,0.0,0.9997127127127128,a0.0_b0.0_confidence_gate,0.0086928177710142,0.1236846670809304,False
qwen,arith_ctx_043_paraphrase,15,0.0,0.0,1.0,a0.0_b0.0_confidence_gate,0.1158537646150053,0.6519762272976891,False
qwen,arith_ctx_043_paraphrase,16,0.0,0.0,1.0,a0.0_b0.0_confidence_gate,0.1158537646150053,0.6519762272976891,False
qwen,arith_ctx_043_paraphrase,17,0.0,0.0,0.9803552790119828,a0.0_b0.0_confidence_gate,0.1158537646150053,0.6519762272976891,False
qwen,arith_ctx_043_paraphrase,18,0.0,0.0,0.9997127127127128,a0.0_b0.0_confidence_gate,0.1158537646150053,0.6519762272976891,False
qwen,arith_ctx_043_paraphrase,19,0.0,0.0,0.9965528003359329,a0.0_b0.0_confidence_gate,0.1158537646150053,0.6519762272976891,False
qwen,arith_ctx_043_untrusted_conflict,15,0.0,0.0,1.0,a0.0_b0.0_confidence_gate,0.1277932330418285,0.7165372481556344,False
qwen,arith_ctx_043_untrusted_conflict,16,0.0,0.0,1.0,a0.0_b0.0_confidence_gate,0.1277932330418285,0.7165372481556344,False
qwen,arith_ctx_043_untrusted_conflict,17,0.0,0.0,0.9943570143186808,a0.0_b0.0_confidence_gate,0.1277932330418285,0.7165372481556344,False
qwen,arith_ctx_043_untrusted_conflict,18,0.0,0.0,0.9940697270313932,a0.0_b0.0_confidence_gate,0.1277932330418285,0.7165372481556344,False
qwen,arith_ctx_043_untrusted_conflict,19,0.0,0.0,0.993558318620382,a0.0_b0.0_confidence_gate,0.1277932330418285,0.7165372481556344,False
qwen,arith_ctx_043_asserted_conflict,15,0.0,0.0,0.9997024025738156,a0.0_b0.0_confidence_gate,0.0725160998634708,0.4927876642896219,False
qwen,arith_ctx_043_asserted_conflict,16,0.0,0.0,0.9997024025738156,a0.0_b0.0_confidence_gate,0.0725160998634708,0.4927876642896219,False
qwen,arith_ctx_043_asserted_conflict,17,0.0,0.0,0.9979019823788546,a0.0_b0.0_confidence_gate,0.0725160998634708,0.4927876642896219,False
qwen,arith_ctx_043_asserted_conflict,18,0.0,0.0,0.9979019823788546,a0.0_b0.0_confidence_gate,0.0725160998634708,0.4927876642896219,False
qwen,arith_ctx_043_asserted_conflict,19,0.0,0.0,0.9979019823788546,a0.0_b0.0_confidence_gate,0.0725160998634708,0.4927876642896219,False
qwen,arith_ctx_043_explicit_correction,15,0.0,0.0,0.5082858031039285,a0.0_b0.0,0.5014833737112511,0.6768940236005457,True
qwen,arith_ctx_043_explicit_correction,16,0.0,0.0,0.4648014127587215,a0.0_b0.0,0.5014833737112511,0.6768940236005457,True
qwen,arith_ctx_043_explicit_correction,17,0.0,0.0,0.8801245266638891,a0.0_b0.0,0.5014833737112511,0.6768940236005457,True
qwen,arith_ctx_043_explicit_correction,18,0.0,0.0,0.9838588617559044,a0.0_b0.0,0.5014833737112511,0.6768940236005457,True
qwen,arith_ctx_043_explicit_correction,19,0.0,0.0,0.9968140501612724,a0.0_b0.0,0.5014833737112511,0.6768940236005457,True
qwen,arith_ctx_043_final_recheck,15,0.0,0.0,0.4292292745309676,a0.0_b0.0,0.5715759304303881,0.6392671042975031,True
qwen,arith_ctx_043_final_recheck,16,0.0,0.0,0.5067135402668698,a0.0_b0.0,0.5715759304303881,0.6392671042975031,True
qwen,arith_ctx_043_final_recheck,17,0.0,0.0,0.8852017330389035,a0.0_b0.0,0.5715759304303881,0.6392671042975031,True
qwen,arith_ctx_043_final_recheck,18,0.0,0.0,0.966548637943806,a0.0_b0.0,0.5715759304303881,0.6392671042975031,True
qwen,arith_ctx_043_final_recheck,19,0.0,0.0,0.8611515648972545,a0.0_b0.0,0.5715759304303881,0.6392671042975031,True
qwen,arith_ctx_048_clean,15,0.0,0.0,1.0,a0.0_b0.0_confidence_gate,0.003026473143662,0.0420332639479869,False
qwen,arith_ctx_048_clean,16,0.0,0.0,1.0,a0.0_b0.0_confidence_gate,0.003026473143662,0.0420332639479869,False
qwen,arith_ctx_048_clean,17,0.0,0.0,1.0,a0.0_b0.0_confidence_gate,0.003026473143662,0.0420332639479869,False
qwen,arith_ctx_048_clean,18,0.0,0.0,0.9997127127127128,a0.0_b0.0_confidence_gate,0.003026473143662,0.0420332639479869,False
qwen,arith_ctx_048_clean,19,0.0,0.0,0.9987510771751056,a0.0_b0.0_confidence_gate,0.003026473143662,0.0420332639479869,False
qwen,arith_ctx_048_paraphrase,15,0.0,0.0,0.9875063747063504,a0.0_b0.0_confidence_gate,0.1636400499992273,0.6202268680477063,False
qwen,arith_ctx_048_paraphrase,16,0.0,0.0,0.9892627660343792,a0.0_b0.0_confidence_gate,0.1636400499992273,0.6202268680477063,False
qwen,arith_ctx_048_paraphrase,17,0.0,0.0,0.9952225700917178,a0.0_b0.0_confidence_gate,0.1636400499992273,0.6202268680477063,False
qwen,arith_ctx_048_paraphrase,18,0.0,0.0,0.9952225700917178,a0.0_b0.0_confidence_gate,0.1636400499992273,0.6202268680477063,False
qwen,arith_ctx_048_paraphrase,19,0.0,0.0,0.9829090558774766,a0.0_b0.0_confidence_gate,0.1636400499992273,0.6202268680477063,False
qwen,arith_ctx_048_untrusted_conflict,15,0.0,0.0,0.9997024025738156,a0.0_b0.0_confidence_gate,0.0691476984602646,0.3817330227780138,False
qwen,arith_ctx_048_untrusted_conflict,16,0.0,0.0,0.9997024025738156,a0.0_b0.0_confidence_gate,0.0691476984602646,0.3817330227780138,False
qwen,arith_ctx_048_untrusted_conflict,17,0.0,0.0,0.9997024025738156,a0.0_b0.0_confidence_gate,0.0691476984602646,0.3817330227780138,False
qwen,arith_ctx_048_untrusted_conflict,18,0.0,0.0,0.9994151152865284,a0.0_b0.0_confidence_gate,0.0691476984602646,0.3817330227780138,False
qwen,arith_ctx_048_untrusted_conflict,19,0.0,0.0,0.9819386631597964,a0.0_b0.0_confidence_gate,0.0691476984602646,0.3817330227780138,False
qwen,arith_ctx_048_asserted_conflict,15,0.0,0.0,0.9930188084444832,a0.0_b0.0_confidence_gate,0.1360051859439202,0.4821068411498251,False
qwen,arith_ctx_048_asserted_conflict,16,0.0,0.0,0.9874893544865956,a0.0_b0.0_confidence_gate,0.1360051859439202,0.4821068411498251,False
qwen,arith_ctx_048_asserted_conflict,17,0.0,0.0,0.9935915111226832,a0.0_b0.0_confidence_gate,0.1360051859439202,0.4821068411498251,False
qwen,arith_ctx_048_asserted_conflict,18,0.0,0.0,0.9880914721554136,a0.0_b0.0_confidence_gate,0.1360051859439202,0.4821068411498251,False
qwen,arith_ctx_048_asserted_conflict,19,0.0,0.0,0.9947278932062212,a0.0_b0.0_confidence_gate,0.1360051859439202,0.4821068411498251,False
qwen,arith_ctx_048_explicit_correction,15,0.3,0.3,0.3468902554775439,a0.3_b0.3,0.7667599992063312,0.4324764372662103,True
qwen,arith_ctx_048_explicit_correction,16,0.3,0.3,0.3405607177336858,a0.3_b0.3,0.7667599992063312,0.4324764372662103,True
qwen,arith_ctx_048_explicit_correction,17,0.3,0.3,0.3487422959149783,a0.3_b0.3,0.7667599992063312,0.4324764372662103,True
qwen,arith_ctx_048_explicit_correction,18,1.0,0.6,0.5081932493221157,a1.0_b0.6,0.7667599992063312,0.4324764372662103,True
qwen,arith_ctx_048_explicit_correction,19,0.0,0.0,0.7821616789966112,a0.0_b0.0,0.7667599992063312,0.4324764372662103,True
qwen,arith_ctx_048_final_recheck,15,1.0,0.6,0.5530947764433107,a1.0_b0.6,0.8679304860454071,0.3403406748629004,True
qwen,arith_ctx_048_final_recheck,16,1.0,0.6,0.5048043285950495,a1.0_b0.6,0.8679304860454071,0.3403406748629004,True
qwen,arith_ctx_048_final_recheck,17,1.0,0.6,0.4985330786754013,a1.0_b0.6,0.8679304860454071,0.3403406748629004,True
qwen,arith_ctx_048_final_recheck,18,1.0,0.6,0.5961411027114366,a1.0_b0.6,0.8679304860454071,0.3403406748629004,True
qwen,arith_ctx_048_final_recheck,19,1.0,0.6,0.4930051013170948,a1.0_b0.6,0.8679304860454071,0.3403406748629004,True
qwen,arith_ctx_051_clean,15,0.0,0.0,1.0,a0.0_b0.0_confidence_gate,0.0004218203254523,0.0207588455707478,False
qwen,arith_ctx_051_clean,16,0.0,0.0,1.0,a0.0_b0.0_confidence_gate,0.0004218203254523,0.0207588455707478,False
qwen,arith_ctx_051_clean,17,0.0,0.0,1.0,a0.0_b0.0_confidence_gate,0.0004218203254523,0.0207588455707478,False
qwen,arith_ctx_051_clean,18,0.0,0.0,0.9997127127127128,a0.0_b0.0_confidence_gate,0.0004218203254523,0.0207588455707478,False
qwen,arith_ctx_051_clean,19,0.0,0.0,0.9987510771751056,a0.0_b0.0_confidence_gate,0.0004218203254523,0.0207588455707478,False
qwen,arith_ctx_051_paraphrase,15,0.0,0.0,0.990805183637835,a0.0_b0.0_confidence_gate,0.1024015581026453,0.6291158243128983,False
qwen,arith_ctx_051_paraphrase,16,0.0,0.0,0.990805183637835,a0.0_b0.0_confidence_gate,0.1024015581026453,0.6291158243128983,False
qwen,arith_ctx_051_paraphrase,17,0.0,0.0,0.990805183637835,a0.0_b0.0_confidence_gate,0.1024015581026453,0.6291158243128983,False
qwen,arith_ctx_051_paraphrase,18,0.0,0.0,0.9859246317801562,a0.0_b0.0_confidence_gate,0.1024015581026453,0.6291158243128983,False
qwen,arith_ctx_051_paraphrase,19,0.0,0.0,0.9777747183568236,a0.0_b0.0_confidence_gate,0.1024015581026453,0.6291158243128983,False
qwen,arith_ctx_051_untrusted_conflict,15,0.0,0.0,0.9947416353549836,a0.0_b0.0_confidence_gate,0.0913755241268579,0.3954704447587845,False
qwen,arith_ctx_051_untrusted_conflict,16,0.0,0.0,0.9947416353549836,a0.0_b0.0_confidence_gate,0.0913755241268579,0.3954704447587845,False
qwen,arith_ctx_051_untrusted_conflict,17,0.0,0.0,0.9997024025738156,a0.0_b0.0_confidence_gate,0.0913755241268579,0.3954704447587845,False
qwen,arith_ctx_051_untrusted_conflict,18,0.0,0.0,0.998453479748921,a0.0_b0.0_confidence_gate,0.0913755241268579,0.3954704447587845,False
qwen,arith_ctx_051_untrusted_conflict,19,0.0,0.0,0.9948546414821844,a0.0_b0.0_confidence_gate,0.0913755241268579,0.3954704447587845,False
qwen,arith_ctx_051_asserted_conflict,15,0.0,0.0,0.995536886832323,a0.0_b0.0_confidence_gate,0.143751215559391,0.7302148505527655,False
qwen,arith_ctx_051_asserted_conflict,16,0.0,0.0,0.9986680343733064,a0.0_b0.0_confidence_gate,0.143751215559391,0.7302148505527655,False
qwen,arith_ctx_051_asserted_conflict,17,0.0,0.0,0.9986680343733064,a0.0_b0.0_confidence_gate,0.143751215559391,0.7302148505527655,False
qwen,arith_ctx_051_asserted_conflict,18,0.0,0.0,0.9952495995450356,a0.0_b0.0_confidence_gate,0.143751215559391,0.7302148505527655,False
qwen,arith_ctx_051_asserted_conflict,19,0.0,0.0,0.9492278876781832,a0.0_b0.0_confidence_gate,0.143751215559391,0.7302148505527655,False
qwen,arith_ctx_051_explicit_correction,15,1.0,0.6,0.4890575543848014,a1.0_b0.6,0.7144443160517933,0.561978685647025,True
qwen,arith_ctx_051_explicit_correction,16,1.0,0.6,0.4554452137800445,a1.0_b0.6,0.7144443160517933,0.561978685647025,True
qwen,arith_ctx_051_explicit_correction,17,0.0,0.0,0.41736260366564,a0.0_b0.0,0.7144443160517933,0.561978685647025,True
qwen,arith_ctx_051_explicit_correction,18,0.0,0.0,0.4328685350345653,a0.0_b0.0,0.7144443160517933,0.561978685647025,True
qwen,arith_ctx_051_explicit_correction,19,0.0,0.0,0.8094817254480133,a0.0_b0.0,0.7144443160517933,0.561978685647025,True
qwen,arith_ctx_051_final_recheck,15,1.0,0.6,0.628315049660635,a1.0_b0.6,0.7321903682133443,0.5679564852904563,True
qwen,arith_ctx_051_final_recheck,16,1.0,0.6,0.5993323490056829,a1.0_b0.6,0.7321903682133443,0.5679564852904563,True
qwen,arith_ctx_051_final_recheck,17,1.0,0.6,0.4984556588774453,a1.0_b0.6,0.7321903682133443,0.5679564852904563,True
qwen,arith_ctx_051_final_recheck,18,0.0,0.0,0.3909256129367335,a0.0_b0.0,0.7321903682133443,0.5679564852904563,True
qwen,arith_ctx_051_final_recheck,19,1.0,0.6,0.4182993573216016,a1.0_b0.6,0.7321903682133443,0.5679564852904563,True
qwen,arith_ctx_054_clean,15,0.0,0.0,1.0,a0.0_b0.0_confidence_gate,0.0108167270294607,0.3226641705533614,False
qwen,arith_ctx_054_clean,16,0.0,0.0,1.0,a0.0_b0.0_confidence_gate,0.0108167270294607,0.3226641705533614,False
qwen,arith_ctx_054_clean,17,0.0,0.0,1.0,a0.0_b0.0_confidence_gate,0.0108167270294607,0.3226641705533614,False
qwen,arith_ctx_054_clean,18,0.0,0.0,0.9997127127127128,a0.0_b0.0_confidence_gate,0.0108167270294607,0.3226641705533614,False
qwen,arith_ctx_054_clean,19,0.0,0.0,0.9987510771751056,a0.0_b0.0_confidence_gate,0.0108167270294607,0.3226641705533614,False
qwen,arith_ctx_054_paraphrase,15,0.0,0.0,0.98381482736823,a0.0_b0.0_confidence_gate,0.0860265880452978,0.6284038113435286,False
qwen,arith_ctx_054_paraphrase,16,0.0,0.0,0.9846164981462172,a0.0_b0.0_confidence_gate,0.0860265880452978,0.6284038113435286,False
qwen,arith_ctx_054_paraphrase,17,0.0,0.0,0.9868166013366492,a0.0_b0.0_confidence_gate,0.0860265880452978,0.6284038113435286,False
qwen,arith_ctx_054_paraphrase,18,0.0,0.0,0.992294516560314,a0.0_b0.0_confidence_gate,0.0860265880452978,0.6284038113435286,False
qwen,arith_ctx_054_paraphrase,19,0.0,0.0,0.980700976719564,a0.0_b0.0_confidence_gate,0.0860265880452978,0.6284038113435286,False
qwen,arith_ctx_054_untrusted_conflict,15,0.0,0.0,0.9836591250800868,a0.0_b0.0_confidence_gate,0.1422343174903199,0.6961741001064266,False
qwen,arith_ctx_054_untrusted_conflict,16,0.0,0.0,0.9915364345367288,a0.0_b0.0_confidence_gate,0.1422343174903199,0.6961741001064266,False
qwen,arith_ctx_054_untrusted_conflict,17,0.0,0.0,0.9703135552045404,a0.0_b0.0_confidence_gate,0.1422343174903199,0.6961741001064266,False
qwen,arith_ctx_054_untrusted_conflict,18,0.0,0.0,0.9827152278100952,a0.0_b0.0_confidence_gate,0.1422343174903199,0.6961741001064266,False
qwen,arith_ctx_054_untrusted_conflict,19,0.0,0.0,0.9879712739460342,a0.0_b0.0_confidence_gate,0.1422343174903199,0.6961741001064266,False
qwen,arith_ctx_054_asserted_conflict,15,0.0,0.0,0.9949032122389192,a0.0_b0.0_confidence_gate,0.2718916930755911,0.7387372779412631,False
qwen,arith_ctx_054_asserted_conflict,16,0.0,0.0,0.5301516872309006,a0.0_b0.0_confidence_gate,0.2718916930755911,0.7387372779412631,False
qwen,arith_ctx_054_asserted_conflict,17,0.0,0.0,0.7387923360554146,a0.0_b0.0_confidence_gate,0.2718916930755911,0.7387372779412631,False
qwen,arith_ctx_054_asserted_conflict,18,0.0,0.0,0.991377144885436,a0.0_b0.0_confidence_gate,0.2718916930755911,0.7387372779412631,False
qwen,arith_ctx_054_asserted_conflict,19,0.0,0.0,0.980441654764066,a0.0_b0.0_confidence_gate,0.2718916930755911,0.7387372779412631,False
qwen,arith_ctx_054_explicit_correction,15,1.0,0.6,0.4355873235610676,a1.0_b0.6,0.6698711306321594,0.7207530127985605,True
qwen,arith_ctx_054_explicit_correction,16,1.0,0.6,0.3118843639314217,a1.0_b0.6,0.6698711306321594,0.7207530127985605,True
qwen,arith_ctx_054_explicit_correction,17,0.0,0.0,0.3332078149644705,a0.0_b0.0,0.6698711306321594,0.7207530127985605,True
qwen,arith_ctx_054_explicit_correction,18,1.0,0.6,0.3673961294482608,a1.0_b0.6,0.6698711306321594,0.7207530127985605,True
qwen,arith_ctx_054_explicit_correction,19,1.0,0.6,0.3879320596704915,a1.0_b0.6,0.6698711306321594,0.7207530127985605,True
qwen,arith_ctx_054_final_recheck,15,0.3,0.3,0.533558866902452,a0.3_b0.3,0.5939098952412982,0.6608470022095625,True
qwen,arith_ctx_054_final_recheck,16,0.3,0.3,0.5361645984130431,a0.3_b0.3,0.5939098952412982,0.6608470022095625,True
qwen,arith_ctx_054_final_recheck,17,0.3,0.3,0.5000799174361489,a0.3_b0.3,0.5939098952412982,0.6608470022095625,True
qwen,arith_ctx_054_final_recheck,18,0.3,0.3,0.6055256653011585,a0.3_b0.3,0.5939098952412982,0.6608470022095625,True
qwen,arith_ctx_054_final_recheck,19,0.3,0.3,0.6138868561116976,a0.3_b0.3,0.5939098952412982,0.6608470022095625,True
qwen,arith_ctx_057_clean,15,0.0,0.0,1.0,a0.0_b0.0_confidence_gate,0.0590321005610727,0.1891064075039543,False
qwen,arith_ctx_057_clean,16,0.0,0.0,1.0,a0.0_b0.0_confidence_gate,0.0590321005610727,0.1891064075039543,False
qwen,arith_ctx_057_clean,17,0.0,0.0,1.0,a0.0_b0.0_confidence_gate,0.0590321005610727,0.1891064075039543,False
qwen,arith_ctx_057_clean,18,0.0,0.0,0.9997127127127128,a0.0_b0.0_confidence_gate,0.0590321005610727,0.1891064075039543,False
qwen,arith_ctx_057_clean,19,0.0,0.0,0.8519032925936139,a0.0_b0.0_confidence_gate,0.0590321005610727,0.1891064075039543,False
qwen,arith_ctx_057_paraphrase,15,0.0,0.0,1.0,a0.0_b0.0_confidence_gate,0.2055820603051787,0.6453016658840502,False
qwen,arith_ctx_057_paraphrase,16,0.0,0.0,0.9960796221322537,a0.0_b0.0_confidence_gate,0.2055820603051787,0.6453016658840502,False
qwen,arith_ctx_057_paraphrase,17,0.0,0.0,1.0,a0.0_b0.0_confidence_gate,0.2055820603051787,0.6453016658840502,False
qwen,arith_ctx_057_paraphrase,18,0.0,0.0,1.0,a0.0_b0.0_confidence_gate,0.2055820603051787,0.6453016658840502,False
qwen,arith_ctx_057_paraphrase,19,0.0,0.0,0.9997127127127128,a0.0_b0.0_confidence_gate,0.2055820603051787,0.6453016658840502,False
qwen,arith_ctx_057_untrusted_conflict,15,0.0,0.0,0.9972413793103448,a0.0_b0.0_confidence_gate,0.0929691818413294,0.4301587066314504,False
qwen,arith_ctx_057_untrusted_conflict,16,0.0,0.0,1.0,a0.0_b0.0_confidence_gate,0.0929691818413294,0.4301587066314504,False
qwen,arith_ctx_057_untrusted_conflict,17,0.0,0.0,0.9997024025738156,a0.0_b0.0_confidence_gate,0.0929691818413294,0.4301587066314504,False
qwen,arith_ctx_057_untrusted_conflict,18,0.0,0.0,0.9997024025738156,a0.0_b0.0_confidence_gate,0.0929691818413294,0.4301587066314504,False
qwen,arith_ctx_057_untrusted_conflict,19,0.0,0.0,0.9764228297517696,a0.0_b0.0_confidence_gate,0.0929691818413294,0.4301587066314504,False
qwen,arith_ctx_057_asserted_conflict,15,0.0,0.0,0.9997024025738156,a0.0_b0.0_confidence_gate,0.1558822445230054,0.6555318108380929,False
qwen,arith_ctx_057_asserted_conflict,16,0.0,0.0,0.9997024025738156,a0.0_b0.0_confidence_gate,0.1558822445230054,0.6555318108380929,False
qwen,arith_ctx_057_asserted_conflict,17,0.0,0.0,0.9968688524590164,a0.0_b0.0_confidence_gate,0.1558822445230054,0.6555318108380929,False
qwen,arith_ctx_057_asserted_conflict,18,0.0,0.0,0.9892849249678022,a0.0_b0.0_confidence_gate,0.1558822445230054,0.6555318108380929,False
qwen,arith_ctx_057_asserted_conflict,19,0.0,0.0,0.8728052830866059,a0.0_b0.0_confidence_gate,0.1558822445230054,0.6555318108380929,False
qwen,arith_ctx_057_explicit_correction,15,0.0,0.0,0.8511499965755402,a0.0_b0.0,0.7531845728012954,0.6306258105110862,True
qwen,arith_ctx_057_explicit_correction,16,0.0,0.0,0.7673374675489681,a0.0_b0.0,0.7531845728012954,0.6306258105110862,True
qwen,arith_ctx_057_explicit_correction,17,0.0,0.0,0.8073867740036096,a0.0_b0.0,0.7531845728012954,0.6306258105110862,True
qwen,arith_ctx_057_explicit_correction,18,0.0,0.0,0.4596830149738071,a0.0_b0.0,0.7531845728012954,0.6306258105110862,True
qwen,arith_ctx_057_explicit_correction,19,0.0,0.0,0.4709002824701071,a0.0_b0.0,0.7531845728012954,0.6306258105110862,True
qwen,arith_ctx_057_final_recheck,15,0.0,0.0,0.4300676680115826,a0.0_b0.0,0.7277986881762553,0.5910102436523657,True
qwen,arith_ctx_057_final_recheck,16,0.0,0.0,0.5586031772574792,a0.0_b0.0,0.7277986881762553,0.5910102436523657,True
qwen,arith_ctx_057_final_recheck,17,0.0,0.0,0.568759474281244,a0.0_b0.0,0.7277986881762553,0.5910102436523657,True
qwen,arith_ctx_057_final_recheck,18,0.0,0.0,0.7008295980160902,a0.0_b0.0,0.7277986881762553,0.5910102436523657,True
qwen,arith_ctx_057_final_recheck,19,0.0,0.0,0.4584283038040637,a0.0_b0.0,0.7277986881762553,0.5910102436523657,True
llama,arith_ctx_001_clean,8,0.0,0.0,0.9465269001243664,a0.0_b0.0_confidence_gate,0.0184888984183331,0.0929686921692852,False
llama,arith_ctx_001_clean,9,0.0,0.0,0.9881925708511012,a0.0_b0.0_confidence_gate,0.0184888984183331,0.0929686921692852,False
llama,arith_ctx_001_clean,10,0.0,0.0,0.9902433495287448,a0.0_b0.0_confidence_gate,0.0184888984183331,0.0929686921692852,False
llama,arith_ctx_001_clean,11,0.0,0.0,0.9865352653072734,a0.0_b0.0_confidence_gate,0.0184888984183331,0.0929686921692852,False
llama,arith_ctx_001_paraphrase,8,0.0,0.0,0.8612724362190725,a0.0_b0.0_confidence_gate,0.1855493072146149,0.6514478967413492,False
llama,arith_ctx_001_paraphrase,9,0.0,0.0,0.96537302749103,a0.0_b0.0_confidence_gate,0.1855493072146149,0.6514478967413492,False
llama,arith_ctx_001_paraphrase,10,0.0,0.0,0.9263799747215984,a0.0_b0.0_confidence_gate,0.1855493072146149,0.6514478967413492,False
llama,arith_ctx_001_paraphrase,11,0.0,0.0,0.7306010667258444,a0.0_b0.0_confidence_gate,0.1855493072146149,0.6514478967413492,False
llama,arith_ctx_001_untrusted_conflict,8,0.0,0.0,0.6225693962275463,a0.0_b0.0_confidence_gate,0.2311338824947741,0.5072151075355626,False
llama,arith_ctx_001_untrusted_conflict,9,0.0,0.0,0.927945570245543,a0.0_b0.0_confidence_gate,0.2311338824947741,0.5072151075355626,False
llama,arith_ctx_001_untrusted_conflict,10,0.0,0.0,0.6413746316423381,a0.0_b0.0_confidence_gate,0.2311338824947741,0.5072151075355626,False
llama,arith_ctx_001_untrusted_conflict,11,0.0,0.0,0.6016900138172709,a0.0_b0.0_confidence_gate,0.2311338824947741,0.5072151075355626,False
llama,arith_ctx_001_asserted_conflict,8,0.0,0.0,0.6597394157776283,a0.0_b0.0_confidence_gate,0.2044879147428663,0.4495400014880618,False
llama,arith_ctx_001_asserted_conflict,9,0.0,0.0,0.9215907924566348,a0.0_b0.0_confidence_gate,0.2044879147428663,0.4495400014880618,False
llama,arith_ctx_001_asserted_conflict,10,0.0,0.0,0.8721739995123798,a0.0_b0.0_confidence_gate,0.2044879147428663,0.4495400014880618,False
llama,arith_ctx_001_asserted_conflict,11,0.0,0.0,0.8455583420269207,a0.0_b0.0_confidence_gate,0.2044879147428663,0.4495400014880618,False
llama,arith_ctx_001_explicit_correction,8,1.0,0.9,0.5828774168293858,a1.0_b0.9,0.5366551882638008,0.6577241268892675,True
llama,arith_ctx_001_explicit_correction,9,1.0,0.9,0.5668011348190158,a1.0_b0.9,0.5366551882638008,0.6577241268892675,True
llama,arith_ctx_001_explicit_correction,10,0.0,0.0,0.5018042530690839,a0.0_b0.0,0.5366551882638008,0.6577241268892675,True
llama,arith_ctx_001_explicit_correction,11,1.0,0.9,0.4710175876217189,a1.0_b0.9,0.5366551882638008,0.6577241268892675,True
llama,arith_ctx_001_final_recheck,8,1.0,0.6,0.5360550941505807,a1.0_b0.6,0.6381741226110731,0.4971461634327681,True
llama,arith_ctx_001_final_recheck,9,1.0,0.6,0.4885458988754872,a1.0_b0.6,0.6381741226110731,0.4971461634327681,True
llama,arith_ctx_001_final_recheck,10,0.0,0.0,0.8538288056621112,a0.0_b0.0,0.6381741226110731,0.4971461634327681,True
llama,arith_ctx_001_final_recheck,11,1.0,0.6,0.4776894137796996,a1.0_b0.6,0.6381741226110731,0.4971461634327681,True
llama,arith_ctx_002_clean,8,0.0,0.0,1.0,a0.0_b0.0_confidence_gate,0.0017935944078295,0.0096872662402678,False
llama,arith_ctx_002_clean,9,0.0,0.0,1.0,a0.0_b0.0_confidence_gate,0.0017935944078295,0.0096872662402678,False
llama,arith_ctx_002_clean,10,0.0,0.0,1.0,a0.0_b0.0_confidence_gate,0.0017935944078295,0.0096872662402678,False
llama,arith_ctx_002_clean,11,0.0,0.0,1.0,a0.0_b0.0_confidence_gate,0.0017935944078295,0.0096872662402678,False
llama,arith_ctx_002_paraphrase,8,0.0,0.0,0.9884383911210448,a0.0_b0.0_confidence_gate,0.0225955204781285,0.1383322658412502,False
llama,arith_ctx_002_paraphrase,9,0.0,0.0,1.0,a0.0_b0.0_confidence_gate,0.0225955204781285,0.1383322658412502,False
llama,arith_ctx_002_paraphrase,10,0.0,0.0,1.0,a0.0_b0.0_confidence_gate,0.0225955204781285,0.1383322658412502,False
llama,arith_ctx_002_paraphrase,11,0.0,0.0,0.9898726411296146,a0.0_b0.0_confidence_gate,0.0225955204781285,0.1383322658412502,False
llama,arith_ctx_002_untrusted_conflict,8,0.0,0.0,0.9617142325234852,a0.0_b0.0_confidence_gate,0.3076682517119156,0.5250715012033382,False
llama,arith_ctx_002_untrusted_conflict,9,0.0,0.0,0.9328036168297094,a0.0_b0.0_confidence_gate,0.3076682517119156,0.5250715012033382,False
llama,arith_ctx_002_untrusted_conflict,10,0.0,0.0,0.3555562483597794,a0.0_b0.0_confidence_gate,0.3076682517119156,0.5250715012033382,False
llama,arith_ctx_002_untrusted_conflict,11,0.0,0.0,0.3753237776685946,a0.0_b0.0_confidence_gate,0.3076682517119156,0.5250715012033382,False
llama,arith_ctx_002_asserted_conflict,8,0.0,0.0,0.928692439744199,a0.0_b0.0_confidence_gate,0.1431570550549469,0.3663417827569941,False
llama,arith_ctx_002_asserted_conflict,9,0.0,0.0,0.928175084655071,a0.0_b0.0_confidence_gate,0.1431570550549469,0.3663417827569941,False
llama,arith_ctx_002_asserted_conflict,10,0.0,0.0,0.8780892408733857,a0.0_b0.0_confidence_gate,0.1431570550549469,0.3663417827569941,False
llama,arith_ctx_002_asserted_conflict,11,0.0,0.0,0.6723322101146253,a0.0_b0.0_confidence_gate,0.1431570550549469,0.3663417827569941,False
llama,arith_ctx_002_explicit_correction,8,1.0,0.9,0.5121448285807775,a1.0_b0.9,0.777078617289171,0.4974469224003554,True
llama,arith_ctx_002_explicit_correction,9,1.0,0.9,0.4090571831340312,a1.0_b0.9,0.777078617289171,0.4974469224003554,True
llama,arith_ctx_002_explicit_correction,10,0.0,0.0,0.4180244261497138,a0.0_b0.0,0.777078617289171,0.4974469224003554,True
llama,arith_ctx_002_explicit_correction,11,0.0,0.0,0.5030047589318251,a0.0_b0.0,0.777078617289171,0.4974469224003554,True
llama,arith_ctx_002_final_recheck,8,1.0,0.9,0.5552369242928803,a1.0_b0.9,0.8598824897095927,0.4158872801931972,True
llama,arith_ctx_002_final_recheck,9,1.0,0.9,0.5817114061066776,a1.0_b0.9,0.8598824897095927,0.4158872801931972,True
llama,arith_ctx_002_final_recheck,10,1.0,0.9,0.3774644732820522,a1.0_b0.9,0.8598824897095927,0.4158872801931972,True
llama,arith_ctx_002_final_recheck,11,1.0,0.9,0.3915297985283325,a1.0_b0.9,0.8598824897095927,0.4158872801931972,True
llama,arith_ctx_004_clean,8,0.0,0.0,1.0,a0.0_b0.0_confidence_gate,0.0005394846014823,0.0041143872522644,False
llama,arith_ctx_004_clean,9,0.0,0.0,1.0,a0.0_b0.0_confidence_gate,0.0005394846014823,0.0041143872522644,False
llama,arith_ctx_004_clean,10,0.0,0.0,1.0,a0.0_b0.0_confidence_gate,0.0005394846014823,0.0041143872522644,False
llama,arith_ctx_004_clean,11,0.0,0.0,0.9939952223901162,a0.0_b0.0_confidence_gate,0.0005394846014823,0.0041143872522644,False
llama,arith_ctx_004_paraphrase,8,0.0,0.0,0.9864845388123368,a0.0_b0.0_confidence_gate,0.0186805884104862,0.1128272157204945,False
llama,arith_ctx_004_paraphrase,9,0.0,0.0,0.9981532959870344,a0.0_b0.0_confidence_gate,0.0186805884104862,0.1128272157204945,False
llama,arith_ctx_004_paraphrase,10,0.0,0.0,0.9905399830073932,a0.0_b0.0_confidence_gate,0.0186805884104862,0.1128272157204945,False
llama,arith_ctx_004_paraphrase,11,0.0,0.0,0.986766273941568,a0.0_b0.0_confidence_gate,0.0186805884104862,0.1128272157204945,False
llama,arith_ctx_004_untrusted_conflict,8,0.0,0.0,0.9368275902949568,a0.0_b0.0_confidence_gate,0.1538658979801656,0.4279910084592624,False
llama,arith_ctx_004_untrusted_conflict,9,0.0,0.0,0.9400698259283832,a0.0_b0.0_confidence_gate,0.1538658979801656,0.4279910084592624,False
llama,arith_ctx_004_untrusted_conflict,10,0.0,0.0,0.782195080587585,a0.0_b0.0_confidence_gate,0.1538658979801656,0.4279910084592624,False
llama,arith_ctx_004_untrusted_conflict,11,0.0,0.0,0.7160805675485168,a0.0_b0.0_confidence_gate,0.1538658979801656,0.4279910084592624,False
llama,arith_ctx_004_asserted_conflict,8,0.0,0.0,0.9817830789367056,a0.0_b0.0_confidence_gate,0.1610217569022534,0.3876912584352643,False
llama,arith_ctx_004_asserted_conflict,9,0.0,0.0,0.96736445964722,a0.0_b0.0_confidence_gate,0.1610217569022534,0.3876912584352643,False
llama,arith_ctx_004_asserted_conflict,10,0.0,0.0,0.9504427330579966,a0.0_b0.0_confidence_gate,0.1610217569022534,0.3876912584352643,False
llama,arith_ctx_004_asserted_conflict,11,0.0,0.0,0.7659565244116545,a0.0_b0.0_confidence_gate,0.1610217569022534,0.3876912584352643,False
llama,arith_ctx_004_explicit_correction,8,1.0,0.6,0.3425091048340151,a1.0_b0.6,0.7637146485263402,0.477497835357542,True
llama,arith_ctx_004_explicit_correction,9,1.0,0.6,0.3292004517436282,a1.0_b0.6,0.7637146485263402,0.477497835357542,True
llama,arith_ctx_004_explicit_correction,10,1.0,0.9,0.4123599445999268,a1.0_b0.9,0.7637146485263402,0.477497835357542,True
llama,arith_ctx_004_explicit_correction,11,0.0,0.0,0.7854114828788975,a0.0_b0.0,0.7637146485263402,0.477497835357542,True
llama,arith_ctx_004_final_recheck,8,0.0,0.0,0.3679643739567179,a0.0_b0.0,0.8786294092741103,0.3884994077222172,True
llama,arith_ctx_004_final_recheck,9,0.0,0.0,0.430023859582304,a0.0_b0.0,0.8786294092741103,0.3884994077222172,True
llama,arith_ctx_004_final_recheck,10,0.0,0.0,0.375889459385092,a0.0_b0.0,0.8786294092741103,0.3884994077222172,True
llama,arith_ctx_004_final_recheck,11,0.0,0.0,0.3911549088298281,a0.0_b0.0,0.8786294092741103,0.3884994077222172,True
llama,arith_ctx_005_clean,8,0.0,0.0,1.0,a0.0_b0.0_confidence_gate,0.0216306107255354,0.1184506160681987,False
llama,arith_ctx_005_clean,9,0.0,0.0,1.0,a0.0_b0.0_confidence_gate,0.0216306107255354,0.1184506160681987,False
llama,arith_ctx_005_clean,10,0.0,0.0,0.9730352933765972,a0.0_b0.0_confidence_gate,0.0216306107255354,0.1184506160681987,False
llama,arith_ctx_005_clean,11,0.0,0.0,0.98892765753074,a0.0_b0.0_confidence_gate,0.0216306107255354,0.1184506160681987,False
llama,arith_ctx_005_paraphrase,8,0.0,0.0,0.9833455239596864,a0.0_b0.0_confidence_gate,0.1069192544376378,0.347873418685618,False
llama,arith_ctx_005_paraphrase,9,0.0,0.0,0.9927850722758848,a0.0_b0.0_confidence_gate,0.1069192544376378,0.347873418685618,False
llama,arith_ctx_005_paraphrase,10,0.0,0.0,0.968169200703569,a0.0_b0.0_confidence_gate,0.1069192544376378,0.347873418685618,False
llama,arith_ctx_005_paraphrase,11,0.0,0.0,0.8680070557244928,a0.0_b0.0_confidence_gate,0.1069192544376378,0.347873418685618,False
llama,arith_ctx_005_untrusted_conflict,8,0.0,0.0,0.9429012016747396,a0.0_b0.0_confidence_gate,0.1428667916600632,0.4039161561939953,False
llama,arith_ctx_005_untrusted_conflict,9,0.0,0.0,0.9061802260102976,a0.0_b0.0_confidence_gate,0.1428667916600632,0.4039161561939953,False
llama,arith_ctx_005_untrusted_conflict,10,0.0,0.0,0.5586800489674139,a0.0_b0.0_confidence_gate,0.1428667916600632,0.4039161561939953,False
llama,arith_ctx_005_untrusted_conflict,11,0.0,0.0,0.7904680304210945,a0.0_b0.0_confidence_gate,0.1428667916600632,0.4039161561939953,False
llama,arith_ctx_005_asserted_conflict,8,0.0,0.0,0.928391708447779,a0.0_b0.0_confidence_gate,0.1789954470254344,0.4958016038444426,False
llama,arith_ctx_005_asserted_conflict,9,0.0,0.0,0.6816547508230504,a0.0_b0.0_confidence_gate,0.1789954470254344,0.4958016038444426,False
llama,arith_ctx_005_asserted_conflict,10,0.0,0.0,0.8899391142976377,a0.0_b0.0_confidence_gate,0.1789954470254344,0.4958016038444426,False
llama,arith_ctx_005_asserted_conflict,11,0.0,0.0,0.7539102552067898,a0.0_b0.0_confidence_gate,0.1789954470254344,0.4958016038444426,False
llama,arith_ctx_005_explicit_correction,8,1.0,0.6,0.5090658409320239,a1.0_b0.6,0.8158317964708781,0.3765723271358923,True
llama,arith_ctx_005_explicit_correction,9,1.0,0.6,0.5491887741437906,a1.0_b0.6,0.8158317964708781,0.3765723271358923,True
llama,arith_ctx_005_explicit_correction,10,1.0,0.6,0.6412715748626253,a1.0_b0.6,0.8158317964708781,0.3765723271358923,True
llama,arith_ctx_005_explicit_correction,11,1.0,0.6,0.585387372268304,a1.0_b0.6,0.8158317964708781,0.3765723271358923,True
llama,arith_ctx_005_final_recheck,8,1.0,0.6,0.6579989933330453,a1.0_b0.6,0.8518162842464836,0.357123711217979,True
llama,arith_ctx_005_final_recheck,9,1.0,0.6,0.5961139892775321,a1.0_b0.6,0.8518162842464836,0.357123711217979,True
llama,arith_ctx_005_final_recheck,10,1.0,0.6,0.7704112087825101,a1.0_b0.6,0.8518162842464836,0.357123711217979,True
llama,arith_ctx_005_final_recheck,11,1.0,0.6,0.7461211409713091,a1.0_b0.6,0.8518162842464836,0.357123711217979,True
llama,arith_ctx_006_clean,8,0.0,0.0,0.9968907563025212,a0.0_b0.0_confidence_gate,0.000978668182114,0.0058269245112597,False
llama,arith_ctx_006_clean,9,0.0,0.0,1.0,a0.0_b0.0_confidence_gate,0.000978668182114,0.0058269245112597,False
llama,arith_ctx_006_clean,10,0.0,0.0,1.0,a0.0_b0.0_confidence_gate,0.000978668182114,0.0058269245112597,False
llama,arith_ctx_006_clean,11,0.0,0.0,1.0,a0.0_b0.0_confidence_gate,0.000978668182114,0.0058269245112597,False
llama,arith_ctx_006_paraphrase,8,0.0,0.0,0.9937438471681368,a0.0_b0.0_confidence_gate,0.0272060416362737,0.158562110267586,False
llama,arith_ctx_006_paraphrase,9,0.0,0.0,0.9981532959870344,a0.0_b0.0_confidence_gate,0.0272060416362737,0.158562110267586,False
llama,arith_ctx_006_paraphrase,10,0.0,0.0,0.9788787688722936,a0.0_b0.0_confidence_gate,0.0272060416362737,0.158562110267586,False
llama,arith_ctx_006_paraphrase,11,0.0,0.0,0.9802886615155002,a0.0_b0.0_confidence_gate,0.0272060416362737,0.158562110267586,False
llama,arith_ctx_006_untrusted_conflict,8,0.0,0.0,0.9721029781608054,a0.0_b0.0_confidence_gate,0.1793971657237667,0.3818101996913201,False
llama,arith_ctx_006_untrusted_conflict,9,0.0,0.0,0.9687349959196934,a0.0_b0.0_confidence_gate,0.1793971657237667,0.3818101996913201,False
llama,arith_ctx_006_untrusted_conflict,10,0.0,0.0,0.768008036066372,a0.0_b0.0_confidence_gate,0.1793971657237667,0.3818101996913201,False
llama,arith_ctx_006_untrusted_conflict,11,0.0,0.0,0.6861795644086037,a0.0_b0.0_confidence_gate,0.1793971657237667,0.3818101996913201,False
llama,arith_ctx_006_asserted_conflict,8,0.0,0.0,0.9397838221524314,a0.0_b0.0_confidence_gate,0.2533604303744159,0.5728131128392879,False
llama,arith_ctx_006_asserted_conflict,9,0.0,0.0,0.8449327375922322,a0.0_b0.0_confidence_gate,0.2533604303744159,0.5728131128392879,False
llama,arith_ctx_006_asserted_conflict,10,0.0,0.0,0.7289042932548577,a0.0_b0.0_confidence_gate,0.2533604303744159,0.5728131128392879,False
llama,arith_ctx_006_asserted_conflict,11,0.0,0.0,0.7115074391301449,a0.0_b0.0_confidence_gate,0.2533604303744159,0.5728131128392879,False
llama,arith_ctx_006_explicit_correction,8,1.0,0.6,0.4333564721252327,a1.0_b0.6,0.7594387414135958,0.5337155064503502,True
llama,arith_ctx_006_explicit_correction,9,1.0,0.6,0.4575134745669356,a1.0_b0.6,0.7594387414135958,0.5337155064503502,True
llama,arith_ctx_006_explicit_correction,10,0.0,0.0,0.4155198735933667,a0.0_b0.0,0.7594387414135958,0.5337155064503502,True
llama,arith_ctx_006_explicit_correction,11,1.0,0.6,0.3772714354515565,a1.0_b0.6,0.7594387414135958,0.5337155064503502,True
llama,arith_ctx_006_final_recheck,8,0.0,0.0,0.3243148392811667,a0.0_b0.0,0.8036946774872302,0.4208590995227148,True
llama,arith_ctx_006_final_recheck,9,0.0,0.0,0.3888909473885817,a0.0_b0.0,0.8036946774872302,0.4208590995227148,True
llama,arith_ctx_006_final_recheck,10,0.0,0.0,0.656971753815459,a0.0_b0.0,0.8036946774872302,0.4208590995227148,True
llama,arith_ctx_006_final_recheck,11,0.0,0.0,0.3115655031999584,a0.0_b0.0,0.8036946774872302,0.4208590995227148,True
llama,arith_ctx_012_clean,8,0.0,0.0,1.0,a0.0_b0.0_confidence_gate,0.0002704068067003,0.0019269278890925,False
llama,arith_ctx_012_clean,9,0.0,0.0,1.0,a0.0_b0.0_confidence_gate,0.0002704068067003,0.0019269278890925,False
llama,arith_ctx_012_clean,10,0.0,0.0,1.0,a0.0_b0.0_confidence_gate,0.0002704068067003,0.0019269278890925,False
llama,arith_ctx_012_clean,11,0.0,0.0,0.9907654294709444,a0.0_b0.0_confidence_gate,0.0002704068067003,0.0019269278890925,False
llama,arith_ctx_012_paraphrase,8,0.0,0.0,0.9884383911210448,a0.0_b0.0_confidence_gate,0.0140117920256774,0.1048234062476818,False
llama,arith_ctx_012_paraphrase,9,0.0,0.0,1.0,a0.0_b0.0_confidence_gate,0.0140117920256774,0.1048234062476818,False
llama,arith_ctx_012_paraphrase,10,0.0,0.0,1.0,a0.0_b0.0_confidence_gate,0.0140117920256774,0.1048234062476818,False
llama,arith_ctx_012_paraphrase,11,0.0,0.0,0.9893345352263032,a0.0_b0.0_confidence_gate,0.0140117920256774,0.1048234062476818,False
llama,arith_ctx_012_untrusted_conflict,8,0.0,0.0,0.9658410888646144,a0.0_b0.0_confidence_gate,0.2483622287449956,0.4553404932510296,False
llama,arith_ctx_012_untrusted_conflict,9,0.0,0.0,0.9789220676108776,a0.0_b0.0_confidence_gate,0.2483622287449956,0.4553404932510296,False
llama,arith_ctx_012_untrusted_conflict,10,0.0,0.0,0.63434284606726,a0.0_b0.0_confidence_gate,0.2483622287449956,0.4553404932510296,False
llama,arith_ctx_012_untrusted_conflict,11,0.0,0.0,0.6349032375839131,a0.0_b0.0_confidence_gate,0.2483622287449956,0.4553404932510296,False
llama,arith_ctx_012_asserted_conflict,8,0.0,0.0,0.939777394161578,a0.0_b0.0_confidence_gate,0.1187243739979918,0.3345916012600251,False
llama,arith_ctx_012_asserted_conflict,9,0.0,0.0,0.938766560445275,a0.0_b0.0_confidence_gate,0.1187243739979918,0.3345916012600251,False
llama,arith_ctx_012_asserted_conflict,10,0.0,0.0,0.9068752200373212,a0.0_b0.0_confidence_gate,0.1187243739979918,0.3345916012600251,False
llama,arith_ctx_012_asserted_conflict,11,0.0,0.0,0.7431439260543519,a0.0_b0.0_confidence_gate,0.1187243739979918,0.3345916012600251,False
llama,arith_ctx_012_explicit_correction,8,1.0,0.9,0.4889240233179163,a1.0_b0.9,0.8103343940253507,0.4778760382892306,True
llama,arith_ctx_012_explicit_correction,9,1.0,0.6,0.3182260294928152,a1.0_b0.6,0.8103343940253507,0.4778760382892306,True
llama,arith_ctx_012_explicit_correction,10,1.0,0.9,0.420713834252304,a1.0_b0.9,0.8103343940253507,0.4778760382892306,True
llama,arith_ctx_012_explicit_correction,11,1.0,0.9,0.3789093866029748,a1.0_b0.9,0.8103343940253507,0.4778760382892306,True
llama,arith_ctx_012_final_recheck,8,1.0,0.6,0.3663824566383923,a1.0_b0.6,0.8346360723362656,0.4268147129844099,True
llama,arith_ctx_012_final_recheck,9,0.0,0.0,0.3890649851968685,a0.0_b0.0,0.8346360723362656,0.4268147129844099,True
llama,arith_ctx_012_final_recheck,10,1.0,0.6,0.3880818869352477,a1.0_b0.6,0.8346360723362656,0.4268147129844099,True
llama,arith_ctx_012_final_recheck,11,1.0,0.6,0.3473936348179232,a1.0_b0.6,0.8346360723362656,0.4268147129844099,True
llama,arith_ctx_017_clean,8,0.0,0.0,0.9968907563025212,a0.0_b0.0_confidence_gate,0.0247619518073005,0.1448286957669484,False
llama,arith_ctx_017_clean,9,0.0,0.0,0.9950359820706484,a0.0_b0.0_confidence_gate,0.0247619518073005,0.1448286957669484,False
llama,arith_ctx_017_clean,10,0.0,0.0,1.0,a0.0_b0.0_confidence_gate,0.0247619518073005,0.1448286957669484,False
llama,arith_ctx_017_clean,11,0.0,0.0,0.9517305490914808,a0.0_b0.0_confidence_gate,0.0247619518073005,0.1448286957669484,False
llama,arith_ctx_017_paraphrase,8,0.0,0.0,0.9806518660611968,a0.0_b0.0_confidence_gate,0.1969384494553295,0.4266947622979251,False
llama,arith_ctx_017_paraphrase,9,0.0,0.0,0.9710116677541296,a0.0_b0.0_confidence_gate,0.1969384494553295,0.4266947622979251,False
llama,arith_ctx_017_paraphrase,10,0.0,0.0,0.9539156998024088,a0.0_b0.0_confidence_gate,0.1969384494553295,0.4266947622979251,False
llama,arith_ctx_017_paraphrase,11,0.0,0.0,0.4250627856474759,a0.0_b0.0_confidence_gate,0.1969384494553295,0.4266947622979251,False
llama,arith_ctx_017_untrusted_conflict,8,0.0,0.0,0.9725300096638514,a0.0_b0.0_confidence_gate,0.1530024666235115,0.4293298579004895,False
llama,arith_ctx_017_untrusted_conflict,9,0.0,0.0,0.9751247797932108,a0.0_b0.0_confidence_gate,0.1530024666235115,0.4293298579004895,False
llama,arith_ctx_017_untrusted_conflict,10,0.0,0.0,0.7804030342291242,a0.0_b0.0_confidence_gate,0.1530024666235115,0.4293298579004895,False
llama,arith_ctx_017_untrusted_conflict,11,0.0,0.0,0.6805947552984829,a0.0_b0.0_confidence_gate,0.1530024666235115,0.4293298579004895,False
llama,arith_ctx_017_asserted_conflict,8,0.0,0.0,0.9687087914395868,a0.0_b0.0_confidence_gate,0.0956586085007923,0.3003146459596938,False
llama,arith_ctx_017_asserted_conflict,9,0.0,0.0,0.9589053584885504,a0.0_b0.0_confidence_gate,0.0956586085007923,0.3003146459596938,False
llama,arith_ctx_017_asserted_conflict,10,0.0,0.0,0.940103591194676,a0.0_b0.0_confidence_gate,0.0956586085007923,0.3003146459596938,False
llama,arith_ctx_017_asserted_conflict,11,0.0,0.0,0.7186019214133507,a0.0_b0.0_confidence_gate,0.0956586085007923,0.3003146459596938,False
llama,arith_ctx_017_explicit_correction,8,1.0,0.6,0.4428507576903048,a1.0_b0.6,0.6603838078412064,0.4329632400784774,True
llama,arith_ctx_017_explicit_correction,9,1.0,0.6,0.4687631207517234,a1.0_b0.6,0.6603838078412064,0.4329632400784774,True
llama,arith_ctx_017_explicit_correction,10,0.0,0.0,0.6185592850966264,a0.0_b0.0,0.6603838078412064,0.4329632400784774,True
llama,arith_ctx_017_explicit_correction,11,0.0,0.0,0.6641910370657239,a0.0_b0.0,0.6603838078412064,0.4329632400784774,True
llama,arith_ctx_017_final_recheck,8,0.0,0.0,0.4971185962614254,a0.0_b0.0_confidence_gate,0.4810195548752307,0.4567231502185636,False
llama,arith_ctx_017_final_recheck,9,0.0,0.0,0.4834483620286903,a0.0_b0.0_confidence_gate,0.4810195548752307,0.4567231502185636,False
llama,arith_ctx_017_final_recheck,10,0.0,0.0,0.838101406760922,a0.0_b0.0_confidence_gate,0.4810195548752307,0.4567231502185636,False
llama,arith_ctx_017_final_recheck,11,0.0,0.0,0.7782114049240207,a0.0_b0.0_confidence_gate,0.4810195548752307,0.4567231502185636,False
llama,arith_ctx_018_clean,8,0.0,0.0,1.0,a0.0_b0.0_confidence_gate,0.0139855971631725,0.0632633544452547,False
llama,arith_ctx_018_clean,9,0.0,0.0,1.0,a0.0_b0.0_confidence_gate,0.0139855971631725,0.0632633544452547,False
llama,arith_ctx_018_clean,10,0.0,0.0,0.9863818748328872,a0.0_b0.0_confidence_gate,0.0139855971631725,0.0632633544452547,False
llama,arith_ctx_018_clean,11,0.0,0.0,1.0,a0.0_b0.0_confidence_gate,0.0139855971631725,0.0632633544452547,False
llama,arith_ctx_018_paraphrase,8,0.0,0.0,0.9858547364061288,a0.0_b0.0_confidence_gate,0.0878463217053668,0.3114125205780926,False
llama,arith_ctx_018_paraphrase,9,0.0,0.0,0.9956402343360418,a0.0_b0.0_confidence_gate,0.0878463217053668,0.3114125205780926,False
llama,arith_ctx_018_paraphrase,10,0.0,0.0,0.9877449703683056,a0.0_b0.0_confidence_gate,0.0878463217053668,0.3114125205780926,False
llama,arith_ctx_018_paraphrase,11,0.0,0.0,0.9278742220369852,a0.0_b0.0_confidence_gate,0.0878463217053668,0.3114125205780926,False
llama,arith_ctx_018_untrusted_conflict,8,0.0,0.0,0.9764808636774416,a0.0_b0.0_confidence_gate,0.3121498854728133,0.4647529368052756,False
llama,arith_ctx_018_untrusted_conflict,9,0.0,0.0,0.9496489619426836,a0.0_b0.0_confidence_gate,0.3121498854728133,0.4647529368052756,False
llama,arith_ctx_018_untrusted_conflict,10,0.0,0.0,0.4660039185841909,a0.0_b0.0_confidence_gate,0.3121498854728133,0.4647529368052756,False
llama,arith_ctx_018_untrusted_conflict,11,0.0,0.0,0.7373469166120029,a0.0_b0.0_confidence_gate,0.3121498854728133,0.4647529368052756,False
llama,arith_ctx_018_asserted_conflict,8,0.0,0.0,0.9282157296442604,a0.0_b0.0_confidence_gate,0.3041336059120628,0.7030198670000319,False
llama,arith_ctx_018_asserted_conflict,9,0.0,0.0,0.7195403572797855,a0.0_b0.0_confidence_gate,0.3041336059120628,0.7030198670000319,False
llama,arith_ctx_018_asserted_conflict,10,0.0,0.0,0.7394075685395884,a0.0_b0.0_confidence_gate,0.3041336059120628,0.7030198670000319,False
llama,arith_ctx_018_asserted_conflict,11,0.0,0.0,0.5172584991064896,a0.0_b0.0_confidence_gate,0.3041336059120628,0.7030198670000319,False
llama,arith_ctx_018_explicit_correction,8,1.0,0.6,0.3491747219185604,a1.0_b0.6,0.8906365989662621,0.3457848372189538,True
llama,arith_ctx_018_explicit_correction,9,1.0,0.6,0.3756988170317635,a1.0_b0.6,0.8906365989662621,0.3457848372189538,True
llama,arith_ctx_018_explicit_correction,10,1.0,0.6,0.4003140569560067,a1.0_b0.6,0.8906365989662621,0.3457848372189538,True
llama,arith_ctx_018_explicit_correction,11,0.0,0.0,0.3435917808080285,a0.0_b0.0,0.8906365989662621,0.3457848372189538,True
llama,arith_ctx_018_final_recheck,8,0.0,0.0,0.3371819053844083,a0.0_b0.0,0.8588852704180185,0.4147691947097623,True
llama,arith_ctx_018_final_recheck,9,0.0,0.0,0.4269874977554596,a0.0_b0.0,0.8588852704180185,0.4147691947097623,True
llama,arith_ctx_018_final_recheck,10,1.0,0.6,0.3586806095327538,a1.0_b0.6,0.8588852704180185,0.4147691947097623,True
llama,arith_ctx_018_final_recheck,11,0.0,0.0,0.2999360923414104,a0.0_b0.0,0.8588852704180185,0.4147691947097623,True
llama,arith_ctx_019_clean,8,0.0,0.0,0.9950504032258064,a0.0_b0.0_confidence_gate,0.0617078231338259,0.2759018599656887,False
llama,arith_ctx_019_clean,9,0.0,0.0,0.9863233891223032,a0.0_b0.0_confidence_gate,0.0617078231338259,0.2759018599656887,False
llama,arith_ctx_019_clean,10,0.0,0.0,0.9902433495287448,a0.0_b0.0_confidence_gate,0.0617078231338259,0.2759018599656887,False
llama,arith_ctx_019_clean,11,0.0,0.0,0.8054269917379971,a0.0_b0.0_confidence_gate,0.0617078231338259,0.2759018599656887,False
llama,arith_ctx_019_paraphrase,8,0.0,0.0,0.9364976347879276,a0.0_b0.0_confidence_gate,0.1981868160568665,0.6446537777958952,False
llama,arith_ctx_019_paraphrase,9,0.0,0.0,0.9608308593937704,a0.0_b0.0_confidence_gate,0.1981868160568665,0.6446537777958952,False
llama,arith_ctx_019_paraphrase,10,0.0,0.0,0.7822878636831063,a0.0_b0.0_confidence_gate,0.1981868160568665,0.6446537777958952,False
llama,arith_ctx_019_paraphrase,11,0.0,0.0,0.71377494210494,a0.0_b0.0_confidence_gate,0.1981868160568665,0.6446537777958952,False
llama,arith_ctx_019_untrusted_conflict,8,0.0,0.0,0.9264830758952968,a0.0_b0.0_confidence_gate,0.1768381730592337,0.4438955909085023,False
llama,arith_ctx_019_untrusted_conflict,9,0.0,0.0,0.9436991577927968,a0.0_b0.0_confidence_gate,0.1768381730592337,0.4438955909085023,False
llama,arith_ctx_019_untrusted_conflict,10,0.0,0.0,0.6810306309098351,a0.0_b0.0_confidence_gate,0.1768381730592337,0.4438955909085023,False
llama,arith_ctx_019_untrusted_conflict,11,0.0,0.0,0.7214624459106509,a0.0_b0.0_confidence_gate,0.1768381730592337,0.4438955909085023,False
llama,arith_ctx_019_asserted_conflict,8,0.0,0.0,0.9400316148416438,a0.0_b0.0_confidence_gate,0.1678710902095541,0.4308866161929152,False
llama,arith_ctx_019_asserted_conflict,9,0.0,0.0,0.9204553388836344,a0.0_b0.0_confidence_gate,0.1678710902095541,0.4308866161929152,False
llama,arith_ctx_019_asserted_conflict,10,0.0,0.0,0.7069039878524346,a0.0_b0.0_confidence_gate,0.1678710902095541,0.4308866161929152,False
llama,arith_ctx_019_asserted_conflict,11,0.0,0.0,0.7440949099855112,a0.0_b0.0_confidence_gate,0.1678710902095541,0.4308866161929152,False
llama,arith_ctx_019_explicit_correction,8,0.0,0.0,0.3677614865233266,a0.0_b0.0,0.5803068891513837,0.5500406366060038,True
llama,arith_ctx_019_explicit_correction,9,0.0,0.0,0.3899540826721537,a0.0_b0.0,0.5803068891513837,0.5500406366060038,True
llama,arith_ctx_019_explicit_correction,10,0.0,0.0,0.7039310851970775,a0.0_b0.0,0.5803068891513837,0.5500406366060038,True
llama,arith_ctx_019_explicit_correction,11,0.0,0.0,0.6586879664818315,a0.0_b0.0,0.5803068891513837,0.5500406366060038,True
llama,arith_ctx_019_final_recheck,8,1.0,0.6,0.4592578111617758,a1.0_b0.6,0.6289262032059006,0.5265931645800876,True
llama,arith_ctx_019_final_recheck,9,1.0,0.6,0.3741246023601155,a1.0_b0.6,0.6289262032059006,0.5265931645800876,True
llama,arith_ctx_019_final_recheck,10,0.0,0.0,0.7438745264637333,a0.0_b0.0,0.6289262032059006,0.5265931645800876,True
llama,arith_ctx_019_final_recheck,11,1.0,0.6,0.5268798847634628,a1.0_b0.6,0.6289262032059006,0.5265931645800876,True
llama,arith_ctx_021_clean,8,0.0,0.0,0.9968907563025212,a0.0_b0.0_confidence_gate,0.0025072223646431,0.017497715118752,False
llama,arith_ctx_021_clean,9,0.0,0.0,1.0,a0.0_b0.0_confidence_gate,0.0025072223646431,0.017497715118752,False
llama,arith_ctx_021_clean,10,0.0,0.0,1.0,a0.0_b0.0_confidence_gate,0.0025072223646431,0.017497715118752,False
llama,arith_ctx_021_clean,11,0.0,0.0,1.0,a0.0_b0.0_confidence_gate,0.0025072223646431,0.017497715118752,False
llama,arith_ctx_021_paraphrase,8,0.0,0.0,0.9753687929412368,a0.0_b0.0_confidence_gate,0.0806875826585636,0.2410236809231478,False
llama,arith_ctx_021_paraphrase,9,0.0,0.0,0.9833586227759672,a0.0_b0.0_confidence_gate,0.0806875826585636,0.2410236809231478,False
llama,arith_ctx_021_paraphrase,10,0.0,0.0,0.9672767020904374,a0.0_b0.0_confidence_gate,0.0806875826585636,0.2410236809231478,False
llama,arith_ctx_021_paraphrase,11,0.0,0.0,0.8630504685802609,a0.0_b0.0_confidence_gate,0.0806875826585636,0.2410236809231478,False
llama,arith_ctx_021_untrusted_conflict,8,0.0,0.0,0.9753114614938908,a0.0_b0.0_confidence_gate,0.0905021415005745,0.2848587790142206,False
llama,arith_ctx_021_untrusted_conflict,9,0.0,0.0,0.973291417541139,a0.0_b0.0_confidence_gate,0.0905021415005745,0.2848587790142206,False
llama,arith_ctx_021_untrusted_conflict,10,0.0,0.0,0.9457775518499753,a0.0_b0.0_confidence_gate,0.0905021415005745,0.2848587790142206,False
llama,arith_ctx_021_untrusted_conflict,11,0.0,0.0,0.8566981508580379,a0.0_b0.0_confidence_gate,0.0905021415005745,0.2848587790142206,False
llama,arith_ctx_021_asserted_conflict,8,0.0,0.0,0.9592347229709512,a0.0_b0.0_confidence_gate,0.1095346406598177,0.3353835420864763,False
llama,arith_ctx_021_asserted_conflict,9,0.0,0.0,0.9163685418336464,a0.0_b0.0_confidence_gate,0.1095346406598177,0.3353835420864763,False
llama,arith_ctx_021_asserted_conflict,10,0.0,0.0,0.8996594897877098,a0.0_b0.0_confidence_gate,0.1095346406598177,0.3353835420864763,False
llama,arith_ctx_021_asserted_conflict,11,0.0,0.0,0.8800204680074305,a0.0_b0.0_confidence_gate,0.1095346406598177,0.3353835420864763,False
llama,arith_ctx_021_explicit_correction,8,1.0,0.6,0.4291962177411836,a1.0_b0.6,0.7757359039651248,0.4065586723497845,True
llama,arith_ctx_021_explicit_correction,9,0.0,0.0,0.4079853689696394,a0.0_b0.0,0.7757359039651248,0.4065586723497845,True
llama,arith_ctx_021_explicit_correction,10,1.0,0.6,0.4267736440661959,a1.0_b0.6,0.7757359039651248,0.4065586723497845,True
llama,arith_ctx_021_explicit_correction,11,1.0,0.6,0.4919744285634024,a1.0_b0.6,0.7757359039651248,0.4065586723497845,True
llama,arith_ctx_021_final_recheck,8,1.0,0.6,0.6934262507797849,a1.0_b0.6,0.8293571257347938,0.3937959707678752,True
llama,arith_ctx_021_final_recheck,9,1.0,0.6,0.6834805456981653,a1.0_b0.6,0.8293571257347938,0.3937959707678752,True
llama,arith_ctx_021_final_recheck,10,1.0,0.6,0.7749421747971309,a1.0_b0.6,0.8293571257347938,0.3937959707678752,True
llama,arith_ctx_021_final_recheck,11,1.0,0.6,0.7747347108588616,a1.0_b0.6,0.8293571257347938,0.3937959707678752,True
llama,arith_ctx_029_clean,8,0.0,0.0,0.9968907563025212,a0.0_b0.0_confidence_gate,0.040709679879147,0.2182562262835042,False
llama,arith_ctx_029_clean,9,0.0,0.0,0.9947883857439634,a0.0_b0.0_confidence_gate,0.040709679879147,0.2182562262835042,False
llama,arith_ctx_029_clean,10,0.0,0.0,0.9832016104643628,a0.0_b0.0_confidence_gate,0.040709679879147,0.2182562262835042,False
llama,arith_ctx_029_clean,11,0.0,0.0,0.9596238642859056,a0.0_b0.0_confidence_gate,0.040709679879147,0.2182562262835042,False
llama,arith_ctx_029_paraphrase,8,0.0,0.0,0.9682919070466832,a0.0_b0.0_confidence_gate,0.1580934968029317,0.3239512995886472,False
llama,arith_ctx_029_paraphrase,9,0.0,0.0,0.9847462666784134,a0.0_b0.0_confidence_gate,0.1580934968029317,0.3239512995886472,False
llama,arith_ctx_029_paraphrase,10,0.0,0.0,0.9726792386460574,a0.0_b0.0_confidence_gate,0.1580934968029317,0.3239512995886472,False
llama,arith_ctx_029_paraphrase,11,0.0,0.0,0.368703049955241,a0.0_b0.0_confidence_gate,0.1580934968029317,0.3239512995886472,False
llama,arith_ctx_029_untrusted_conflict,8,0.0,0.0,0.901177798238182,a0.0_b0.0_confidence_gate,0.2451348854243565,0.4614026700526558,False
llama,arith_ctx_029_untrusted_conflict,9,0.0,0.0,0.867683745071899,a0.0_b0.0_confidence_gate,0.2451348854243565,0.4614026700526558,False
llama,arith_ctx_029_untrusted_conflict,10,0.0,0.0,0.4680986281530876,a0.0_b0.0_confidence_gate,0.2451348854243565,0.4614026700526558,False
llama,arith_ctx_029_untrusted_conflict,11,0.0,0.0,0.6853318142134033,a0.0_b0.0_confidence_gate,0.2451348854243565,0.4614026700526558,False
llama,arith_ctx_029_asserted_conflict,8,0.0,0.0,0.9596677107660128,a0.0_b0.0_confidence_gate,0.2319174560631174,0.4305960814584711,False
llama,arith_ctx_029_asserted_conflict,9,0.0,0.0,0.8818915899960319,a0.0_b0.0_confidence_gate,0.2319174560631174,0.4305960814584711,False
llama,arith_ctx_029_asserted_conflict,10,0.0,0.0,0.7194178456088872,a0.0_b0.0_confidence_gate,0.2319174560631174,0.4305960814584711,False
llama,arith_ctx_029_asserted_conflict,11,0.0,0.0,0.7058201083514087,a0.0_b0.0_confidence_gate,0.2319174560631174,0.4305960814584711,False
llama,arith_ctx_029_explicit_correction,8,1.0,0.6,0.3929447778013586,a1.0_b0.6,0.7031140619065083,0.495030790991949,True
llama,arith_ctx_029_explicit_correction,9,1.0,0.9,0.3973133382651221,a1.0_b0.9,0.7031140619065083,0.495030790991949,True
llama,arith_ctx_029_explicit_correction,10,1.0,0.6,0.380354997655891,a1.0_b0.6,0.7031140619065083,0.495030790991949,True
llama,arith_ctx_029_explicit_correction,11,0.0,0.0,0.5309866940544182,a0.0_b0.0,0.7031140619065083,0.495030790991949,True
llama,arith_ctx_029_final_recheck,8,1.0,0.6,0.6458560476514213,a1.0_b0.6,0.9345423657185764,0.2287468357693534,True
llama,arith_ctx_029_final_recheck,9,1.0,0.6,0.8725391751173,a1.0_b0.6,0.9345423657185764,0.2287468357693534,True
llama,arith_ctx_029_final_recheck,10,1.0,0.6,0.8828271122661129,a1.0_b0.6,0.9345423657185764,0.2287468357693534,True
llama,arith_ctx_029_final_recheck,11,1.0,0.6,0.740290869924856,a1.0_b0.6,0.9345423657185764,0.2287468357693534,True
llama,arith_ctx_030_clean,8,0.0,0.0,0.9968907563025212,a0.0_b0.0_confidence_gate,0.0029633701826439,0.0157856722999182,False
llama,arith_ctx_030_clean,9,0.0,0.0,0.9969195849546044,a0.0_b0.0_confidence_gate,0.0029633701826439,0.0157856722999182,False
llama,arith_ctx_030_clean,10,0.0,0.0,1.0,a0.0_b0.0_confidence_gate,0.0029633701826439,0.0157856722999182,False
llama,arith_ctx_030_clean,11,0.0,0.0,1.0,a0.0_b0.0_confidence_gate,0.0029633701826439,0.0157856722999182,False
llama,arith_ctx_030_paraphrase,8,0.0,0.0,0.98711557162218,a0.0_b0.0_confidence_gate,0.1146249228365024,0.3212127749721311,False
llama,arith_ctx_030_paraphrase,9,0.0,0.0,0.9981532959870344,a0.0_b0.0_confidence_gate,0.1146249228365024,0.3212127749721311,False
llama,arith_ctx_030_paraphrase,10,0.0,0.0,0.9911676521834688,a0.0_b0.0_confidence_gate,0.1146249228365024,0.3212127749721311,False
llama,arith_ctx_030_paraphrase,11,0.0,0.0,0.9235661319974922,a0.0_b0.0_confidence_gate,0.1146249228365024,0.3212127749721311,False
llama,arith_ctx_030_untrusted_conflict,8,0.0,0.0,0.9550844514421698,a0.0_b0.0_confidence_gate,0.20139665199153,0.3829539027189379,False
llama,arith_ctx_030_untrusted_conflict,9,0.0,0.0,0.9567990717575198,a0.0_b0.0_confidence_gate,0.20139665199153,0.3829539027189379,False
llama,arith_ctx_030_untrusted_conflict,10,0.0,0.0,0.937846164566388,a0.0_b0.0_confidence_gate,0.20139665199153,0.3829539027189379,False
llama,arith_ctx_030_untrusted_conflict,11,0.0,0.0,0.3929374219231936,a0.0_b0.0_confidence_gate,0.20139665199153,0.3829539027189379,False
llama,arith_ctx_030_asserted_conflict,8,0.0,0.0,0.9639038277521652,a0.0_b0.0_confidence_gate,0.1531191256011658,0.3743710765964431,False
llama,arith_ctx_030_asserted_conflict,9,0.0,0.0,0.9580044200873052,a0.0_b0.0_confidence_gate,0.1531191256011658,0.3743710765964431,False
llama,arith_ctx_030_asserted_conflict,10,0.0,0.0,0.9405265251005728,a0.0_b0.0_confidence_gate,0.1531191256011658,0.3743710765964431,False
llama,arith_ctx_030_asserted_conflict,11,0.0,0.0,0.7221283993288735,a0.0_b0.0_confidence_gate,0.1531191256011658,0.3743710765964431,False
llama,arith_ctx_030_explicit_correction,8,1.0,0.9,0.4541510063577579,a1.0_b0.9,0.7594199505939614,0.5777856333120638,True
llama,arith_ctx_030_explicit_correction,9,1.0,0.9,0.4727377852277614,a1.0_b0.9,0.7594199505939614,0.5777856333120638,True
llama,arith_ctx_030_explicit_correction,10,1.0,0.9,0.569970734842629,a1.0_b0.9,0.7594199505939614,0.5777856333120638,True
llama,arith_ctx_030_explicit_correction,11,0.0,0.0,0.44300475093976,a0.0_b0.0,0.7594199505939614,0.5777856333120638,True
llama,arith_ctx_030_final_recheck,8,0.0,0.0,0.3148674634036247,a0.0_b0.0,0.7937303015530315,0.3934552542104105,True
llama,arith_ctx_030_final_recheck,9,1.0,0.9,0.3797889040376259,a1.0_b0.9,0.7937303015530315,0.3934552542104105,True
llama,arith_ctx_030_final_recheck,10,0.0,0.0,0.6641568853182348,a0.0_b0.0,0.7937303015530315,0.3934552542104105,True
llama,arith_ctx_030_final_recheck,11,0.0,0.0,0.3781181829421353,a0.0_b0.0,0.7937303015530315,0.3934552542104105,True
llama,arith_ctx_034_clean,8,0.0,0.0,0.9950504032258064,a0.0_b0.0_confidence_gate,0.024560899079638,0.1083363057077898,False
llama,arith_ctx_034_clean,9,0.0,0.0,0.9950504032258064,a0.0_b0.0_confidence_gate,0.024560899079638,0.1083363057077898,False
llama,arith_ctx_034_clean,10,0.0,0.0,1.0,a0.0_b0.0_confidence_gate,0.024560899079638,0.1083363057077898,False
llama,arith_ctx_034_clean,11,0.0,0.0,0.974899509504569,a0.0_b0.0_confidence_gate,0.024560899079638,0.1083363057077898,False
llama,arith_ctx_034_paraphrase,8,0.0,0.0,0.846704762435441,a0.0_b0.0_confidence_gate,0.2552062096069097,0.6374592535500072,False
llama,arith_ctx_034_paraphrase,9,0.0,0.0,0.9917022886610272,a0.0_b0.0_confidence_gate,0.2552062096069097,0.6374592535500072,False
llama,arith_ctx_034_paraphrase,10,0.0,0.0,0.9346549868981242,a0.0_b0.0_confidence_gate,0.2552062096069097,0.6374592535500072,False
llama,arith_ctx_034_paraphrase,11,0.0,0.0,0.8661230654618727,a0.0_b0.0_confidence_gate,0.2552062096069097,0.6374592535500072,False
llama,arith_ctx_034_untrusted_conflict,8,0.0,0.0,0.9669103192519678,a0.0_b0.0_confidence_gate,0.0949487125341873,0.3110365069259906,False
llama,arith_ctx_034_untrusted_conflict,9,0.0,0.0,0.9578471772887798,a0.0_b0.0_confidence_gate,0.0949487125341873,0.3110365069259906,False
llama,arith_ctx_034_untrusted_conflict,10,0.0,0.0,0.8787338891876207,a0.0_b0.0_confidence_gate,0.0949487125341873,0.3110365069259906,False
llama,arith_ctx_034_untrusted_conflict,11,0.0,0.0,0.8628965095465039,a0.0_b0.0_confidence_gate,0.0949487125341873,0.3110365069259906,False
llama,arith_ctx_034_asserted_conflict,8,0.0,0.0,0.8980200949669375,a0.0_b0.0_confidence_gate,0.1304500859786738,0.4136852416176426,False
llama,arith_ctx_034_asserted_conflict,9,0.0,0.0,0.8729004590310209,a0.0_b0.0_confidence_gate,0.1304500859786738,0.4136852416176426,False
llama,arith_ctx_034_asserted_conflict,10,0.0,0.0,0.8317205894280157,a0.0_b0.0_confidence_gate,0.1304500859786738,0.4136852416176426,False
llama,arith_ctx_034_asserted_conflict,11,0.0,0.0,0.5124662476715254,a0.0_b0.0_confidence_gate,0.1304500859786738,0.4136852416176426,False
llama,arith_ctx_034_explicit_correction,8,1.0,0.9,0.4192122407967621,a1.0_b0.9,0.5582620951220996,0.5054903677968223,True
llama,arith_ctx_034_explicit_correction,9,1.0,0.9,0.3998493777832907,a1.0_b0.9,0.5582620951220996,0.5054903677968223,True
llama,arith_ctx_034_explicit_correction,10,0.0,0.0,0.7075414853159238,a0.0_b0.0,0.5582620951220996,0.5054903677968223,True
llama,arith_ctx_034_explicit_correction,11,0.0,0.0,0.6304594495048272,a0.0_b0.0,0.5582620951220996,0.5054903677968223,True
llama,arith_ctx_034_final_recheck,8,0.0,0.0,0.5228140347399087,a0.0_b0.0_confidence_gate,0.4922790546989053,0.5907874268011873,False
llama,arith_ctx_034_final_recheck,9,0.0,0.0,0.684321990767654,a0.0_b0.0_confidence_gate,0.4922790546989053,0.5907874268011873,False
llama,arith_ctx_034_final_recheck,10,0.0,0.0,0.8740490330718995,a0.0_b0.0_confidence_gate,0.4922790546989053,0.5907874268011873,False
llama,arith_ctx_034_final_recheck,11,0.0,0.0,0.4414102729273119,a0.0_b0.0_confidence_gate,0.4922790546989053,0.5907874268011873,False
llama,arith_ctx_038_clean,8,0.0,0.0,1.0,a0.0_b0.0_confidence_gate,0.0217619207457667,0.1549439224235105,False
llama,arith_ctx_038_clean,9,0.0,0.0,1.0,a0.0_b0.0_confidence_gate,0.0217619207457667,0.1549439224235105,False
llama,arith_ctx_038_clean,10,0.0,0.0,0.9976085077959452,a0.0_b0.0_confidence_gate,0.0217619207457667,0.1549439224235105,False
llama,arith_ctx_038_clean,11,0.0,0.0,0.9704746033729994,a0.0_b0.0_confidence_gate,0.0217619207457667,0.1549439224235105,False
llama,arith_ctx_038_paraphrase,8,0.0,0.0,0.99456625755448,a0.0_b0.0_confidence_gate,0.0817413827938094,0.2902333137679601,False
llama,arith_ctx_038_paraphrase,9,0.0,0.0,0.9981532959870344,a0.0_b0.0_confidence_gate,0.0817413827938094,0.2902333137679601,False
llama,arith_ctx_038_paraphrase,10,0.0,0.0,0.987973587243564,a0.0_b0.0_confidence_gate,0.0817413827938094,0.2902333137679601,False
llama,arith_ctx_038_paraphrase,11,0.0,0.0,0.8438198308049017,a0.0_b0.0_confidence_gate,0.0817413827938094,0.2902333137679601,False
llama,arith_ctx_038_untrusted_conflict,8,0.0,0.0,0.9636953466121478,a0.0_b0.0_confidence_gate,0.2551302691476271,0.3620658260744852,False
llama,arith_ctx_038_untrusted_conflict,9,0.0,0.0,0.9623322807128284,a0.0_b0.0_confidence_gate,0.2551302691476271,0.3620658260744852,False
llama,arith_ctx_038_untrusted_conflict,10,0.0,0.0,0.4190368789314361,a0.0_b0.0_confidence_gate,0.2551302691476271,0.3620658260744852,False
llama,arith_ctx_038_untrusted_conflict,11,0.0,0.0,0.743100531720737,a0.0_b0.0_confidence_gate,0.2551302691476271,0.3620658260744852,False
llama,arith_ctx_038_asserted_conflict,8,0.0,0.0,0.9385411715506364,a0.0_b0.0_confidence_gate,0.2262827726577582,0.5125527985932276,False
llama,arith_ctx_038_asserted_conflict,9,0.0,0.0,0.8982909869176424,a0.0_b0.0_confidence_gate,0.2262827726577582,0.5125527985932276,False
llama,arith_ctx_038_asserted_conflict,10,0.0,0.0,0.6052624856964629,a0.0_b0.0_confidence_gate,0.2262827726577582,0.5125527985932276,False
llama,arith_ctx_038_asserted_conflict,11,0.0,0.0,0.7194790817530057,a0.0_b0.0_confidence_gate,0.2262827726577582,0.5125527985932276,False
llama,arith_ctx_038_explicit_correction,8,1.0,0.6,0.3718220865889325,a1.0_b0.6,0.8088170768813436,0.3932427797168969,True
llama,arith_ctx_038_explicit_correction,9,1.0,0.6,0.3768337719862791,a1.0_b0.6,0.8088170768813436,0.3932427797168969,True
llama,arith_ctx_038_explicit_correction,10,0.0,0.0,0.3958052569605512,a0.0_b0.0,0.8088170768813436,0.3932427797168969,True
llama,arith_ctx_038_explicit_correction,11,0.0,0.0,0.6219073828757358,a0.0_b0.0,0.8088170768813436,0.3932427797168969,True
llama,arith_ctx_038_final_recheck,8,0.0,0.0,0.2881524194749257,a0.0_b0.0,0.948559153553462,0.1961493361855807,True
llama,arith_ctx_038_final_recheck,9,0.0,0.0,0.3554638561844083,a0.0_b0.0,0.948559153553462,0.1961493361855807,True
llama,arith_ctx_038_final_recheck,10,1.0,0.6,0.4315366393202424,a1.0_b0.6,0.948559153553462,0.1961493361855807,True
llama,arith_ctx_038_final_recheck,11,1.0,0.6,0.4747429982148629,a1.0_b0.6,0.948559153553462,0.1961493361855807,True
llama,arith_ctx_040_clean,8,0.0,0.0,1.0,a0.0_b0.0_confidence_gate,0.0002695664858122,0.0025659004115021,False
llama,arith_ctx_040_clean,9,0.0,0.0,0.9950504032258064,a0.0_b0.0_confidence_gate,0.0002695664858122,0.0025659004115021,False
llama,arith_ctx_040_clean,10,0.0,0.0,1.0,a0.0_b0.0_confidence_gate,0.0002695664858122,0.0025659004115021,False
llama,arith_ctx_040_clean,11,0.0,0.0,1.0,a0.0_b0.0_confidence_gate,0.0002695664858122,0.0025659004115021,False
llama,arith_ctx_040_paraphrase,8,0.0,0.0,0.9495899022754796,a0.0_b0.0_confidence_gate,0.0419080634612013,0.2353799327787166,False
llama,arith_ctx_040_paraphrase,9,0.0,0.0,1.0,a0.0_b0.0_confidence_gate,0.0419080634612013,0.2353799327787166,False
llama,arith_ctx_040_paraphrase,10,0.0,0.0,1.0,a0.0_b0.0_confidence_gate,0.0419080634612013,0.2353799327787166,False
llama,arith_ctx_040_paraphrase,11,0.0,0.0,0.9919359059044128,a0.0_b0.0_confidence_gate,0.0419080634612013,0.2353799327787166,False
llama,arith_ctx_040_untrusted_conflict,8,0.0,0.0,0.9338724961119732,a0.0_b0.0_confidence_gate,0.2237331773793864,0.5290434729444736,False
llama,arith_ctx_040_untrusted_conflict,9,0.0,0.0,0.7405571106253686,a0.0_b0.0_confidence_gate,0.2237331773793864,0.5290434729444736,False
llama,arith_ctx_040_untrusted_conflict,10,0.0,0.0,0.6343275814010269,a0.0_b0.0_confidence_gate,0.2237331773793864,0.5290434729444736,False
llama,arith_ctx_040_untrusted_conflict,11,0.0,0.0,0.6318177674327976,a0.0_b0.0_confidence_gate,0.2237331773793864,0.5290434729444736,False
llama,arith_ctx_040_asserted_conflict,8,0.0,0.0,0.7603014697342709,a0.0_b0.0_confidence_gate,0.1283388172605125,0.4006946795875551,False
llama,arith_ctx_040_asserted_conflict,9,0.0,0.0,0.9407975714293232,a0.0_b0.0_confidence_gate,0.1283388172605125,0.4006946795875551,False
llama,arith_ctx_040_asserted_conflict,10,0.0,0.0,0.9038145811367064,a0.0_b0.0_confidence_gate,0.1283388172605125,0.4006946795875551,False
llama,arith_ctx_040_asserted_conflict,11,0.0,0.0,0.873806514542889,a0.0_b0.0_confidence_gate,0.1283388172605125,0.4006946795875551,False
llama,arith_ctx_040_explicit_correction,8,1.0,0.9,0.3633407984874697,a1.0_b0.9,0.7020632677912312,0.6444391267164977,True
llama,arith_ctx_040_explicit_correction,9,0.0,0.0,0.4196451476885322,a0.0_b0.0,0.7020632677912312,0.6444391267164977,True
llama,arith_ctx_040_explicit_correction,10,0.0,0.0,0.397111907714215,a0.0_b0.0,0.7020632677912312,0.6444391267164977,True
llama,arith_ctx_040_explicit_correction,11,0.0,0.0,0.5407591477376006,a0.0_b0.0,0.7020632677912312,0.6444391267164977,True
llama,arith_ctx_040_final_recheck,8,0.0,0.0,0.4079563139803504,a0.0_b0.0,0.7662931493205402,0.5246285879724925,True
llama,arith_ctx_040_final_recheck,9,0.0,0.0,0.4327090662511864,a0.0_b0.0,0.7662931493205402,0.5246285879724925,True
llama,arith_ctx_040_final_recheck,10,0.0,0.0,0.551999940640827,a0.0_b0.0,0.7662931493205402,0.5246285879724925,True
llama,arith_ctx_040_final_recheck,11,0.0,0.0,0.4719127224826179,a0.0_b0.0,0.7662931493205402,0.5246285879724925,True
llama,arith_ctx_043_clean,8,0.0,0.0,1.0,a0.0_b0.0_confidence_gate,0.0003956538898612,0.0026822788771398,False
llama,arith_ctx_043_clean,9,0.0,0.0,0.9950661914460284,a0.0_b0.0_confidence_gate,0.0003956538898612,0.0026822788771398,False
llama,arith_ctx_043_clean,10,0.0,0.0,1.0,a0.0_b0.0_confidence_gate,0.0003956538898612,0.0026822788771398,False
llama,arith_ctx_043_clean,11,0.0,0.0,1.0,a0.0_b0.0_confidence_gate,0.0003956538898612,0.0026822788771398,False
llama,arith_ctx_043_paraphrase,8,0.0,0.0,0.9768170303984092,a0.0_b0.0_confidence_gate,0.0412361989472372,0.1991669563786153,False
llama,arith_ctx_043_paraphrase,9,0.0,0.0,0.9946317762888504,a0.0_b0.0_confidence_gate,0.0412361989472372,0.1991669563786153,False
llama,arith_ctx_043_paraphrase,10,0.0,0.0,0.987112122828052,a0.0_b0.0_confidence_gate,0.0412361989472372,0.1991669563786153,False
llama,arith_ctx_043_paraphrase,11,0.0,0.0,0.98609416690471,a0.0_b0.0_confidence_gate,0.0412361989472372,0.1991669563786153,False
llama,arith_ctx_043_untrusted_conflict,8,0.0,0.0,0.9748334107747412,a0.0_b0.0_confidence_gate,0.0725490272369167,0.2510617498100088,False
llama,arith_ctx_043_untrusted_conflict,9,0.0,0.0,0.9737057319933464,a0.0_b0.0_confidence_gate,0.0725490272369167,0.2510617498100088,False
llama,arith_ctx_043_untrusted_conflict,10,0.0,0.0,0.9558738167302911,a0.0_b0.0_confidence_gate,0.0725490272369167,0.2510617498100088,False
llama,arith_ctx_043_untrusted_conflict,11,0.0,0.0,0.9007106756305795,a0.0_b0.0_confidence_gate,0.0725490272369167,0.2510617498100088,False
llama,arith_ctx_043_asserted_conflict,8,0.0,0.0,0.970648820698581,a0.0_b0.0_confidence_gate,0.1071185162770722,0.3139809741155914,False
llama,arith_ctx_043_asserted_conflict,9,0.0,0.0,0.9660482137962924,a0.0_b0.0_confidence_gate,0.1071185162770722,0.3139809741155914,False
llama,arith_ctx_043_asserted_conflict,10,0.0,0.0,0.8578661773857513,a0.0_b0.0_confidence_gate,0.1071185162770722,0.3139809741155914,False
llama,arith_ctx_043_asserted_conflict,11,0.0,0.0,0.782235043827233,a0.0_b0.0_confidence_gate,0.1071185162770722,0.3139809741155914,False
llama,arith_ctx_043_explicit_correction,8,0.0,0.0,0.4511854356934269,a0.0_b0.0,0.8063466020386375,0.4074216592288219,True
llama,arith_ctx_043_explicit_correction,9,0.0,0.0,0.4248416259827197,a0.0_b0.0,0.8063466020386375,0.4074216592288219,True
llama,arith_ctx_043_explicit_correction,10,0.0,0.0,0.5221911018732144,a0.0_b0.0,0.8063466020386375,0.4074216592288219,True
llama,arith_ctx_043_explicit_correction,11,0.0,0.0,0.4513194734573812,a0.0_b0.0,0.8063466020386375,0.4074216592288219,True
llama,arith_ctx_043_final_recheck,8,1.0,0.6,0.5533237789614321,a1.0_b0.6,0.7826147343219233,0.4277401704154132,True
llama,arith_ctx_043_final_recheck,9,1.0,0.6,0.5383693982679547,a1.0_b0.6,0.7826147343219233,0.4277401704154132,True
llama,arith_ctx_043_final_recheck,10,1.0,0.6,0.6287863874739702,a1.0_b0.6,0.7826147343219233,0.4277401704154132,True
llama,arith_ctx_043_final_recheck,11,1.0,0.6,0.5525138422584174,a1.0_b0.6,0.7826147343219233,0.4277401704154132,True
llama,arith_ctx_048_clean,8,0.0,0.0,1.0,a0.0_b0.0_confidence_gate,0.009233847024777,0.0445024047962607,False
llama,arith_ctx_048_clean,9,0.0,0.0,1.0,a0.0_b0.0_confidence_gate,0.009233847024777,0.0445024047962607,False
llama,arith_ctx_048_clean,10,0.0,0.0,1.0,a0.0_b0.0_confidence_gate,0.009233847024777,0.0445024047962607,False
llama,arith_ctx_048_clean,11,0.0,0.0,0.9858919432450256,a0.0_b0.0_confidence_gate,0.009233847024777,0.0445024047962607,False
llama,arith_ctx_048_paraphrase,8,0.0,0.0,0.9828975003797822,a0.0_b0.0_confidence_gate,0.071097740951474,0.2452642471749737,False
llama,arith_ctx_048_paraphrase,9,0.0,0.0,0.9981532959870344,a0.0_b0.0_confidence_gate,0.071097740951474,0.2452642471749737,False
llama,arith_ctx_048_paraphrase,10,0.0,0.0,0.9938701418651706,a0.0_b0.0_confidence_gate,0.071097740951474,0.2452642471749737,False
llama,arith_ctx_048_paraphrase,11,0.0,0.0,0.903164210100437,a0.0_b0.0_confidence_gate,0.071097740951474,0.2452642471749737,False
llama,arith_ctx_048_untrusted_conflict,8,0.0,0.0,0.9675179379928268,a0.0_b0.0_confidence_gate,0.1744666068324023,0.4286866923123329,False
llama,arith_ctx_048_untrusted_conflict,9,0.0,0.0,0.9611014275948924,a0.0_b0.0_confidence_gate,0.1744666068324023,0.4286866923123329,False
llama,arith_ctx_048_untrusted_conflict,10,0.0,0.0,0.7457986256306526,a0.0_b0.0_confidence_gate,0.1744666068324023,0.4286866923123329,False
llama,arith_ctx_048_untrusted_conflict,11,0.0,0.0,0.7561704750427881,a0.0_b0.0_confidence_gate,0.1744666068324023,0.4286866923123329,False
llama,arith_ctx_048_asserted_conflict,8,0.0,0.0,0.9147143863849156,a0.0_b0.0_confidence_gate,0.1516260073162795,0.4514220926983988,False
llama,arith_ctx_048_asserted_conflict,9,0.0,0.0,0.8909965356083553,a0.0_b0.0_confidence_gate,0.1516260073162795,0.4514220926983988,False
llama,arith_ctx_048_asserted_conflict,10,0.0,0.0,0.5736644545734138,a0.0_b0.0_confidence_gate,0.1516260073162795,0.4514220926983988,False
llama,arith_ctx_048_asserted_conflict,11,0.0,0.0,0.5847247410005665,a0.0_b0.0_confidence_gate,0.1516260073162795,0.4514220926983988,False
llama,arith_ctx_048_explicit_correction,8,0.0,0.0,0.3484035481605403,a0.0_b0.0,0.8317662024233441,0.4045527203261791,True
llama,arith_ctx_048_explicit_correction,9,0.0,0.0,0.4002253747201384,a0.0_b0.0,0.8317662024233441,0.4045527203261791,True
llama,arith_ctx_048_explicit_correction,10,1.0,0.6,0.4377488922758988,a1.0_b0.6,0.8317662024233441,0.4045527203261791,True
llama,arith_ctx_048_explicit_correction,11,0.0,0.0,0.4592716736899824,a0.0_b0.0,0.8317662024233441,0.4045527203261791,True
llama,arith_ctx_048_final_recheck,8,0.0,0.0,0.3548815065467177,a0.0_b0.0,0.8497758973500252,0.4283191094782443,True
llama,arith_ctx_048_final_recheck,9,0.0,0.0,0.4088312080323025,a0.0_b0.0,0.8497758973500252,0.4283191094782443,True
llama,arith_ctx_048_final_recheck,10,0.0,0.0,0.3989107223143485,a0.0_b0.0,0.8497758973500252,0.4283191094782443,True
llama,arith_ctx_048_final_recheck,11,1.0,0.6,0.3771147655278103,a1.0_b0.6,0.8497758973500252,0.4283191094782443,True
llama,arith_ctx_051_clean,8,0.0,0.0,0.9968907563025212,a0.0_b0.0_confidence_gate,0.0002083847744468,0.0020434132012115,False
llama,arith_ctx_051_clean,9,0.0,0.0,0.9969195849546044,a0.0_b0.0_confidence_gate,0.0002083847744468,0.0020434132012115,False
llama,arith_ctx_051_clean,10,0.0,0.0,1.0,a0.0_b0.0_confidence_gate,0.0002083847744468,0.0020434132012115,False
llama,arith_ctx_051_clean,11,0.0,0.0,1.0,a0.0_b0.0_confidence_gate,0.0002083847744468,0.0020434132012115,False
llama,arith_ctx_051_paraphrase,8,0.0,0.0,0.9821925100686704,a0.0_b0.0_confidence_gate,0.0321422090851249,0.2373650011065897,False
llama,arith_ctx_051_paraphrase,9,0.0,0.0,0.9768057139731924,a0.0_b0.0_confidence_gate,0.0321422090851249,0.2373650011065897,False
llama,arith_ctx_051_paraphrase,10,0.0,0.0,0.9824571738256584,a0.0_b0.0_confidence_gate,0.0321422090851249,0.2373650011065897,False
llama,arith_ctx_051_paraphrase,11,0.0,0.0,0.9762191232267124,a0.0_b0.0_confidence_gate,0.0321422090851249,0.2373650011065897,False
llama,arith_ctx_051_untrusted_conflict,8,0.0,0.0,0.9367451776068956,a0.0_b0.0_confidence_gate,0.2438044016412495,0.3226972781823538,False
llama,arith_ctx_051_untrusted_conflict,9,0.0,0.0,0.9145525512290212,a0.0_b0.0_confidence_gate,0.2438044016412495,0.3226972781823538,False
llama,arith_ctx_051_untrusted_conflict,10,0.0,0.0,0.3758990166613616,a0.0_b0.0_confidence_gate,0.2438044016412495,0.3226972781823538,False
llama,arith_ctx_051_untrusted_conflict,11,0.0,0.0,0.8697773813344388,a0.0_b0.0_confidence_gate,0.2438044016412495,0.3226972781823538,False
llama,arith_ctx_051_asserted_conflict,8,0.0,0.0,0.959249221671404,a0.0_b0.0_confidence_gate,0.1545569731781538,0.4534772682904727,False
llama,arith_ctx_051_asserted_conflict,9,0.0,0.0,0.9070450787570832,a0.0_b0.0_confidence_gate,0.1545569731781538,0.4534772682904727,False
llama,arith_ctx_051_asserted_conflict,10,0.0,0.0,0.5800954318704962,a0.0_b0.0_confidence_gate,0.1545569731781538,0.4534772682904727,False
llama,arith_ctx_051_asserted_conflict,11,0.0,0.0,0.6790840497402414,a0.0_b0.0_confidence_gate,0.1545569731781538,0.4534772682904727,False
llama,arith_ctx_051_explicit_correction,8,1.0,0.6,0.3622424029987502,a1.0_b0.6,0.632562817593864,0.5064950194664923,True
llama,arith_ctx_051_explicit_correction,9,0.0,0.0,0.6232909713638491,a0.0_b0.0,0.632562817593864,0.5064950194664923,True
llama,arith_ctx_051_explicit_correction,10,1.0,0.6,0.4855918797497278,a1.0_b0.6,0.632562817593864,0.5064950194664923,True
llama,arith_ctx_051_explicit_correction,11,0.0,0.0,0.7745414464649766,a0.0_b0.0,0.632562817593864,0.5064950194664923,True
llama,arith_ctx_051_final_recheck,8,1.0,0.6,0.5317318348766202,a1.0_b0.6,0.7878184401560355,0.4342897766079229,True
llama,arith_ctx_051_final_recheck,9,1.0,0.6,0.7808980609019472,a1.0_b0.6,0.7878184401560355,0.4342897766079229,True
llama,arith_ctx_051_final_recheck,10,1.0,0.6,0.6483917051220813,a1.0_b0.6,0.7878184401560355,0.4342897766079229,True
llama,arith_ctx_051_final_recheck,11,1.0,0.6,0.6840596612097489,a1.0_b0.6,0.7878184401560355,0.4342897766079229,True
llama,arith_ctx_054_clean,8,0.0,0.0,0.9950504032258064,a0.0_b0.0_confidence_gate,0.016835311001858,0.0868241882597739,False
llama,arith_ctx_054_clean,9,0.0,0.0,0.9863233891223032,a0.0_b0.0_confidence_gate,0.016835311001858,0.0868241882597739,False
llama,arith_ctx_054_clean,10,0.0,0.0,0.991211467003839,a0.0_b0.0_confidence_gate,0.016835311001858,0.0868241882597739,False
llama,arith_ctx_054_clean,11,0.0,0.0,0.981837386645212,a0.0_b0.0_confidence_gate,0.016835311001858,0.0868241882597739,False
llama,arith_ctx_054_paraphrase,8,0.0,0.0,0.9591532482687986,a0.0_b0.0_confidence_gate,0.2305313095985621,0.5237065958631018,False
llama,arith_ctx_054_paraphrase,9,0.0,0.0,0.9729870409790082,a0.0_b0.0_confidence_gate,0.2305313095985621,0.5237065958631018,False
llama,arith_ctx_054_paraphrase,10,0.0,0.0,0.9465499394941383,a0.0_b0.0_confidence_gate,0.2305313095985621,0.5237065958631018,False
llama,arith_ctx_054_paraphrase,11,0.0,0.0,0.4537608272264631,a0.0_b0.0_confidence_gate,0.2305313095985621,0.5237065958631018,False
llama,arith_ctx_054_untrusted_conflict,8,0.0,0.0,0.9690420462603432,a0.0_b0.0_confidence_gate,0.1152387912244846,0.3506680019956178,False
llama,arith_ctx_054_untrusted_conflict,9,0.0,0.0,0.9602268856405012,a0.0_b0.0_confidence_gate,0.1152387912244846,0.3506680019956178,False
llama,arith_ctx_054_untrusted_conflict,10,0.0,0.0,0.7074529510884839,a0.0_b0.0_confidence_gate,0.1152387912244846,0.3506680019956178,False
llama,arith_ctx_054_untrusted_conflict,11,0.0,0.0,0.877659520981813,a0.0_b0.0_confidence_gate,0.1152387912244846,0.3506680019956178,False
llama,arith_ctx_054_asserted_conflict,8,0.0,0.0,0.9793465768918072,a0.0_b0.0_confidence_gate,0.0827835029822844,0.2878671316267476,False
llama,arith_ctx_054_asserted_conflict,9,0.0,0.0,0.9765524985270052,a0.0_b0.0_confidence_gate,0.0827835029822844,0.2878671316267476,False
llama,arith_ctx_054_asserted_conflict,10,0.0,0.0,0.9319565032425532,a0.0_b0.0_confidence_gate,0.0827835029822844,0.2878671316267476,False
llama,arith_ctx_054_asserted_conflict,11,0.0,0.0,0.8727859157500479,a0.0_b0.0_confidence_gate,0.0827835029822844,0.2878671316267476,False
llama,arith_ctx_054_explicit_correction,8,1.0,0.9,0.5499694377628611,a1.0_b0.9,0.6523070994868955,0.7017644781345251,True
llama,arith_ctx_054_explicit_correction,9,1.0,0.9,0.5694916398473213,a1.0_b0.9,0.6523070994868955,0.7017644781345251,True
llama,arith_ctx_054_explicit_correction,10,1.0,0.9,0.5577252175639046,a1.0_b0.9,0.6523070994868955,0.7017644781345251,True
llama,arith_ctx_054_explicit_correction,11,0.0,0.0,0.4862050775931111,a0.0_b0.0,0.6523070994868955,0.7017644781345251,True
llama,arith_ctx_054_final_recheck,8,1.0,0.9,0.4563044186197411,a1.0_b0.9,0.599801637281224,0.5940057185081645,True
llama,arith_ctx_054_final_recheck,9,1.0,0.9,0.4745233735656569,a1.0_b0.9,0.599801637281224,0.5940057185081645,True
llama,arith_ctx_054_final_recheck,10,0.0,0.0,0.6664431238166967,a0.0_b0.0,0.599801637281224,0.5940057185081645,True
llama,arith_ctx_054_final_recheck,11,1.0,0.9,0.4286770351704085,a1.0_b0.9,0.599801637281224,0.5940057185081645,True
llama,arith_ctx_057_clean,8,0.0,0.0,1.0,a0.0_b0.0_confidence_gate,0.0193611536709405,0.1451585220684671,False
llama,arith_ctx_057_clean,9,0.0,0.0,1.0,a0.0_b0.0_confidence_gate,0.0193611536709405,0.1451585220684671,False
llama,arith_ctx_057_clean,10,0.0,0.0,0.9940013566927935,a0.0_b0.0_confidence_gate,0.0193611536709405,0.1451585220684671,False
llama,arith_ctx_057_clean,11,0.0,0.0,0.9704746033729994,a0.0_b0.0_confidence_gate,0.0193611536709405,0.1451585220684671,False
llama,arith_ctx_057_paraphrase,8,0.0,0.0,0.97324960663242,a0.0_b0.0_confidence_gate,0.1300533272606771,0.2729685466885244,False
llama,arith_ctx_057_paraphrase,9,0.0,0.0,0.9928749514722524,a0.0_b0.0_confidence_gate,0.1300533272606771,0.2729685466885244,False
llama,arith_ctx_057_paraphrase,10,0.0,0.0,0.979254111590482,a0.0_b0.0_confidence_gate,0.1300533272606771,0.2729685466885244,False
llama,arith_ctx_057_paraphrase,11,0.0,0.0,0.8116005164870734,a0.0_b0.0_confidence_gate,0.1300533272606771,0.2729685466885244,False
llama,arith_ctx_057_untrusted_conflict,8,0.0,0.0,0.9729143839630424,a0.0_b0.0_confidence_gate,0.1739774610321297,0.3654898608009628,False
llama,arith_ctx_057_untrusted_conflict,9,0.0,0.0,0.9719037873739268,a0.0_b0.0_confidence_gate,0.1739774610321297,0.3654898608009628,False
llama,arith_ctx_057_untrusted_conflict,10,0.0,0.0,0.6163077255722473,a0.0_b0.0_confidence_gate,0.1739774610321297,0.3654898608009628,False
llama,arith_ctx_057_untrusted_conflict,11,0.0,0.0,0.9231925842128936,a0.0_b0.0_confidence_gate,0.1739774610321297,0.3654898608009628,False
llama,arith_ctx_057_asserted_conflict,8,0.0,0.0,0.9595836836761584,a0.0_b0.0_confidence_gate,0.19551357567602,0.4748829333205765,False
llama,arith_ctx_057_asserted_conflict,9,0.0,0.0,0.6594758215771421,a0.0_b0.0_confidence_gate,0.19551357567602,0.4748829333205765,False
llama,arith_ctx_057_asserted_conflict,10,0.0,0.0,0.6866404786583942,a0.0_b0.0_confidence_gate,0.19551357567602,0.4748829333205765,False
llama,arith_ctx_057_asserted_conflict,11,0.0,0.0,0.7063298189926234,a0.0_b0.0_confidence_gate,0.19551357567602,0.4748829333205765,False
llama,arith_ctx_057_explicit_correction,8,0.0,0.0,0.4451425098965539,a0.0_b0.0,0.8191437060393023,0.366021625541467,True
llama,arith_ctx_057_explicit_correction,9,1.0,0.6,0.4680278809678572,a1.0_b0.6,0.8191437060393023,0.366021625541467,True
llama,arith_ctx_057_explicit_correction,10,1.0,0.6,0.4914986251683302,a1.0_b0.6,0.8191437060393023,0.366021625541467,True
llama,arith_ctx_057_explicit_correction,11,0.0,0.0,0.4986029473279406,a0.0_b0.0,0.8191437060393023,0.366021625541467,True
llama,arith_ctx_057_final_recheck,8,1.0,0.6,0.7118046438620961,a1.0_b0.6,0.9125036084861496,0.2788660488712493,True
llama,arith_ctx_057_final_recheck,9,1.0,0.6,0.8482022217397798,a1.0_b0.6,0.9125036084861496,0.2788660488712493,True
llama,arith_ctx_057_final_recheck,10,1.0,0.6,0.8806250736135992,a1.0_b0.6,0.9125036084861496,0.2788660488712493,True
llama,arith_ctx_057_final_recheck,11,1.0,0.6,0.846902379942585,a1.0_b0.6,0.9125036084861496,0.2788660488712493,True
gemma,arith_ctx_001_clean,13,0.0,0.0,1.0,a0.0_b0.0_confidence_gate,0.036103711305077,0.1496081136072642,False
gemma,arith_ctx_001_clean,14,0.0,0.0,0.9829136775491164,a0.0_b0.0_confidence_gate,0.036103711305077,0.1496081136072642,False
gemma,arith_ctx_001_clean,15,0.0,0.0,0.9962324920385308,a0.0_b0.0_confidence_gate,0.036103711305077,0.1496081136072642,False
gemma,arith_ctx_001_clean,16,0.0,0.0,0.982217306849278,a0.0_b0.0_confidence_gate,0.036103711305077,0.1496081136072642,False
gemma,arith_ctx_001_clean,17,0.0,0.0,0.999313351813352,a0.0_b0.0_confidence_gate,0.036103711305077,0.1496081136072642,False
gemma,arith_ctx_001_paraphrase,13,0.0,0.0,0.4858736202282304,a0.0_b0.0_confidence_gate,0.4770528280700469,0.8840364718475436,False
gemma,arith_ctx_001_paraphrase,14,0.0,0.0,0.774872391848485,a0.0_b0.0_confidence_gate,0.4770528280700469,0.8840364718475436,False
gemma,arith_ctx_001_paraphrase,15,0.0,0.0,0.5594739399314659,a0.0_b0.0_confidence_gate,0.4770528280700469,0.8840364718475436,False
gemma,arith_ctx_001_paraphrase,16,0.0,0.0,0.8705895185267187,a0.0_b0.0_confidence_gate,0.4770528280700469,0.8840364718475436,False
gemma,arith_ctx_001_paraphrase,17,0.0,0.0,0.5732398513612244,a0.0_b0.0_confidence_gate,0.4770528280700469,0.8840364718475436,False
gemma,arith_ctx_001_untrusted_conflict,13,0.0,0.0,0.5232389315714855,a0.0_b0.0,0.5774792355042428,0.7528030646431726,True
gemma,arith_ctx_001_untrusted_conflict,14,1.0,0.6,0.5414908906835477,a1.0_b0.6,0.5774792355042428,0.7528030646431726,True
gemma,arith_ctx_001_untrusted_conflict,15,0.0,0.0,0.6970057055464274,a0.0_b0.0,0.5774792355042428,0.7528030646431726,True
gemma,arith_ctx_001_untrusted_conflict,16,0.0,0.0,0.6227408797630466,a0.0_b0.0,0.5774792355042428,0.7528030646431726,True
gemma,arith_ctx_001_untrusted_conflict,17,0.0,0.0,0.770473910699078,a0.0_b0.0,0.5774792355042428,0.7528030646431726,True
gemma,arith_ctx_001_asserted_conflict,13,0.0,0.0,0.922176473604424,a0.0_b0.0_confidence_gate,0.3392271824715109,0.8598412914435594,False
gemma,arith_ctx_001_asserted_conflict,14,0.0,0.0,0.7974786184165077,a0.0_b0.0_confidence_gate,0.3392271824715109,0.8598412914435594,False
gemma,arith_ctx_001_asserted_conflict,15,0.0,0.0,0.6785823747236687,a0.0_b0.0_confidence_gate,0.3392271824715109,0.8598412914435594,False
gemma,arith_ctx_001_asserted_conflict,16,0.0,0.0,0.7211256654257615,a0.0_b0.0_confidence_gate,0.3392271824715109,0.8598412914435594,False
gemma,arith_ctx_001_asserted_conflict,17,0.0,0.0,0.7090500628604578,a0.0_b0.0_confidence_gate,0.3392271824715109,0.8598412914435594,False
gemma,arith_ctx_001_explicit_correction,13,1.0,0.6,0.5378143930048656,a1.0_b0.6,0.5701740717493273,0.7653166930373076,True
gemma,arith_ctx_001_explicit_correction,14,1.0,0.6,0.3504352667095448,a1.0_b0.6,0.5701740717493273,0.7653166930373076,True
gemma,arith_ctx_001_explicit_correction,15,0.0,0.0,0.7277445755911445,a0.0_b0.0,0.5701740717493273,0.7653166930373076,True
gemma,arith_ctx_001_explicit_correction,16,0.0,0.0,0.7381106115220333,a0.0_b0.0,0.5701740717493273,0.7653166930373076,True
gemma,arith_ctx_001_explicit_correction,17,0.0,0.0,0.4723454872971833,a0.0_b0.0,0.5701740717493273,0.7653166930373076,True
gemma,arith_ctx_001_final_recheck,13,1.0,0.6,0.5220623122919474,a1.0_b0.6,0.5592129115373102,0.7775823827581171,True
gemma,arith_ctx_001_final_recheck,14,0.0,0.0,0.794853766883203,a0.0_b0.0,0.5592129115373102,0.7775823827581171,True
gemma,arith_ctx_001_final_recheck,15,1.0,0.6,0.4453202757187083,a1.0_b0.6,0.5592129115373102,0.7775823827581171,True
gemma,arith_ctx_001_final_recheck,16,1.0,0.6,0.4071361174703254,a1.0_b0.6,0.5592129115373102,0.7775823827581171,True
gemma,arith_ctx_001_final_recheck,17,1.0,0.6,0.4881844568105768,a1.0_b0.6,0.5592129115373102,0.7775823827581171,True
gemma,arith_ctx_002_clean,13,0.0,0.0,1.0,a0.0_b0.0_confidence_gate,0.0323159170448779,0.3405794853612493,False
gemma,arith_ctx_002_clean,14,0.0,0.0,0.9882922004423496,a0.0_b0.0_confidence_gate,0.0323159170448779,0.3405794853612493,False
gemma,arith_ctx_002_clean,15,0.0,0.0,0.9670124449263372,a0.0_b0.0_confidence_gate,0.0323159170448779,0.3405794853612493,False
gemma,arith_ctx_002_clean,16,0.0,0.0,0.9508509581118954,a0.0_b0.0_confidence_gate,0.0323159170448779,0.3405794853612493,False
gemma,arith_ctx_002_clean,17,0.0,0.0,0.9836233710305012,a0.0_b0.0_confidence_gate,0.0323159170448779,0.3405794853612493,False
gemma,arith_ctx_002_paraphrase,13,0.0,0.0,0.9390047051000026,a0.0_b0.0_confidence_gate,0.1554518271960507,0.7874602730642174,False
gemma,arith_ctx_002_paraphrase,14,0.0,0.0,0.8996295061059592,a0.0_b0.0_confidence_gate,0.1554518271960507,0.7874602730642174,False
gemma,arith_ctx_002_paraphrase,15,0.0,0.0,0.8611975058565762,a0.0_b0.0_confidence_gate,0.1554518271960507,0.7874602730642174,False
gemma,arith_ctx_002_paraphrase,16,0.0,0.0,0.9229354575348924,a0.0_b0.0_confidence_gate,0.1554518271960507,0.7874602730642174,False
gemma,arith_ctx_002_paraphrase,17,0.0,0.0,0.9450691044447782,a0.0_b0.0_confidence_gate,0.1554518271960507,0.7874602730642174,False
gemma,arith_ctx_002_untrusted_conflict,13,0.0,0.0,0.7737933289305964,a0.0_b0.0_confidence_gate,0.2570103353846548,0.8659466331629988,False
gemma,arith_ctx_002_untrusted_conflict,14,0.0,0.0,0.9733655774859477,a0.0_b0.0_confidence_gate,0.2570103353846548,0.8659466331629988,False
gemma,arith_ctx_002_untrusted_conflict,15,0.0,0.0,0.9297452905665256,a0.0_b0.0_confidence_gate,0.2570103353846548,0.8659466331629988,False
gemma,arith_ctx_002_untrusted_conflict,16,0.0,0.0,0.9449939105510434,a0.0_b0.0_confidence_gate,0.2570103353846548,0.8659466331629988,False
gemma,arith_ctx_002_untrusted_conflict,17,0.0,0.0,0.8632822809588804,a0.0_b0.0_confidence_gate,0.2570103353846548,0.8659466331629988,False
gemma,arith_ctx_002_asserted_conflict,13,0.0,0.0,0.93281584273636,a0.0_b0.0_confidence_gate,0.2167219052286753,0.7329979092311006,False
gemma,arith_ctx_002_asserted_conflict,14,0.0,0.0,0.9464985777092996,a0.0_b0.0_confidence_gate,0.2167219052286753,0.7329979092311006,False
gemma,arith_ctx_002_asserted_conflict,15,0.0,0.0,0.917293508272642,a0.0_b0.0_confidence_gate,0.2167219052286753,0.7329979092311006,False
gemma,arith_ctx_002_asserted_conflict,16,0.0,0.0,0.9313495927613852,a0.0_b0.0_confidence_gate,0.2167219052286753,0.7329979092311006,False
gemma,arith_ctx_002_asserted_conflict,17,0.0,0.0,0.559686272713571,a0.0_b0.0_confidence_gate,0.2167219052286753,0.7329979092311006,False
gemma,arith_ctx_002_explicit_correction,13,0.0,0.0,0.4621175379933748,a0.0_b0.0_confidence_gate,0.4640201126799962,0.7885265229400928,False
gemma,arith_ctx_002_explicit_correction,14,0.0,0.0,0.5066727618263628,a0.0_b0.0_confidence_gate,0.4640201126799962,0.7885265229400928,False
gemma,arith_ctx_002_explicit_correction,15,0.0,0.0,0.6172134310720828,a0.0_b0.0_confidence_gate,0.4640201126799962,0.7885265229400928,False
gemma,arith_ctx_002_explicit_correction,16,0.0,0.0,0.9629960543910374,a0.0_b0.0_confidence_gate,0.4640201126799962,0.7885265229400928,False
gemma,arith_ctx_002_explicit_correction,17,0.0,0.0,0.442544123510687,a0.0_b0.0_confidence_gate,0.4640201126799962,0.7885265229400928,False
gemma,arith_ctx_002_final_recheck,13,1.0,0.6,0.6283197538635393,a1.0_b0.6,0.6894001254495824,0.607910552881912,True
gemma,arith_ctx_002_final_recheck,14,1.0,0.6,0.619872804511774,a1.0_b0.6,0.6894001254495824,0.607910552881912,True
gemma,arith_ctx_002_final_recheck,15,0.0,0.0,0.5441171253511614,a0.0_b0.0,0.6894001254495824,0.607910552881912,True
gemma,arith_ctx_002_final_recheck,16,0.0,0.0,0.600942913348862,a0.0_b0.0,0.6894001254495824,0.607910552881912,True
gemma,arith_ctx_002_final_recheck,17,1.0,0.6,0.413258895463574,a1.0_b0.6,0.6894001254495824,0.607910552881912,True
gemma,arith_ctx_004_clean,13,0.0,0.0,1.0,a0.0_b0.0_confidence_gate,0.0051880530977611,0.0712643314665385,False
gemma,arith_ctx_004_clean,14,0.0,0.0,0.9974919632188184,a0.0_b0.0_confidence_gate,0.0051880530977611,0.0712643314665385,False
gemma,arith_ctx_004_clean,15,0.0,0.0,0.9966466851466852,a0.0_b0.0_confidence_gate,0.0051880530977611,0.0712643314665385,False
gemma,arith_ctx_004_clean,16,0.0,0.0,0.999313351813352,a0.0_b0.0_confidence_gate,0.0051880530977611,0.0712643314665385,False
gemma,arith_ctx_004_clean,17,0.0,0.0,1.0,a0.0_b0.0_confidence_gate,0.0051880530977611,0.0712643314665385,False
gemma,arith_ctx_004_paraphrase,13,0.0,0.0,0.8969341762357917,a0.0_b0.0_confidence_gate,0.2541780977493663,0.7914940448916001,False
gemma,arith_ctx_004_paraphrase,14,0.0,0.0,0.8931897089197643,a0.0_b0.0_confidence_gate,0.2541780977493663,0.7914940448916001,False
gemma,arith_ctx_004_paraphrase,15,0.0,0.0,0.8959137653073213,a0.0_b0.0_confidence_gate,0.2541780977493663,0.7914940448916001,False
gemma,arith_ctx_004_paraphrase,16,0.0,0.0,0.9344348158765192,a0.0_b0.0_confidence_gate,0.2541780977493663,0.7914940448916001,False
gemma,arith_ctx_004_paraphrase,17,0.0,0.0,0.4138696106271585,a0.0_b0.0_confidence_gate,0.2541780977493663,0.7914940448916001,False
gemma,arith_ctx_004_untrusted_conflict,13,0.0,0.0,0.9100601293362306,a0.0_b0.0_confidence_gate,0.4160793856133921,0.7231576175034645,False
gemma,arith_ctx_004_untrusted_conflict,14,0.0,0.0,0.9293559143365664,a0.0_b0.0_confidence_gate,0.4160793856133921,0.7231576175034645,False
gemma,arith_ctx_004_untrusted_conflict,15,0.0,0.0,0.3608655208553695,a0.0_b0.0_confidence_gate,0.4160793856133921,0.7231576175034645,False
gemma,arith_ctx_004_untrusted_conflict,16,0.0,0.0,0.590493121773997,a0.0_b0.0_confidence_gate,0.4160793856133921,0.7231576175034645,False
gemma,arith_ctx_004_untrusted_conflict,17,0.0,0.0,0.4262515848877318,a0.0_b0.0_confidence_gate,0.4160793856133921,0.7231576175034645,False
gemma,arith_ctx_004_asserted_conflict,13,0.0,0.0,0.8958434635122151,a0.0_b0.0_confidence_gate,0.2505744360468455,0.6669891372890614,False
gemma,arith_ctx_004_asserted_conflict,14,0.0,0.0,0.8948428396163335,a0.0_b0.0_confidence_gate,0.2505744360468455,0.6669891372890614,False
gemma,arith_ctx_004_asserted_conflict,15,0.0,0.0,0.6957157092289434,a0.0_b0.0_confidence_gate,0.2505744360468455,0.6669891372890614,False
gemma,arith_ctx_004_asserted_conflict,16,0.0,0.0,0.8788263478704771,a0.0_b0.0_confidence_gate,0.2505744360468455,0.6669891372890614,False
gemma,arith_ctx_004_asserted_conflict,17,0.0,0.0,0.5974326603045391,a0.0_b0.0_confidence_gate,0.2505744360468455,0.6669891372890614,False
gemma,arith_ctx_004_explicit_correction,13,1.0,0.6,0.5238653330508172,a1.0_b0.6,0.6579745842780229,0.68684864831749,True
gemma,arith_ctx_004_explicit_correction,14,1.0,0.6,0.4760531110676636,a1.0_b0.6,0.6579745842780229,0.68684864831749,True
gemma,arith_ctx_004_explicit_correction,15,1.0,0.6,0.4113914686801028,a1.0_b0.6,0.6579745842780229,0.68684864831749,True
gemma,arith_ctx_004_explicit_correction,16,0.0,0.0,0.3775584910463235,a0.0_b0.0,0.6579745842780229,0.68684864831749,True
gemma,arith_ctx_004_explicit_correction,17,0.0,0.0,0.5166948439966257,a0.0_b0.0,0.6579745842780229,0.68684864831749,True
gemma,arith_ctx_004_final_recheck,13,1.0,0.6,0.643506076915932,a1.0_b0.6,0.7303430237724902,0.5644234736333427,True
gemma,arith_ctx_004_final_recheck,14,0.0,0.0,0.501048430153879,a0.0_b0.0,0.7303430237724902,0.5644234736333427,True
gemma,arith_ctx_004_final_recheck,15,1.0,0.6,0.539161523676609,a1.0_b0.6,0.7303430237724902,0.5644234736333427,True
gemma,arith_ctx_004_final_recheck,16,1.0,0.6,0.5525754123559351,a1.0_b0.6,0.7303430237724902,0.5644234736333427,True
gemma,arith_ctx_004_final_recheck,17,0.0,0.0,0.512305928984805,a0.0_b0.0,0.7303430237724902,0.5644234736333427,True
gemma,arith_ctx_005_clean,13,0.0,0.0,0.9595541294546313,a0.0_b0.0_confidence_gate,0.0517658871702649,0.401157904827787,False
gemma,arith_ctx_005_clean,14,0.0,0.0,0.9699999134577584,a0.0_b0.0_confidence_gate,0.0517658871702649,0.401157904827787,False
gemma,arith_ctx_005_clean,15,0.0,0.0,0.9658899738727296,a0.0_b0.0_confidence_gate,0.0517658871702649,0.401157904827787,False
gemma,arith_ctx_005_clean,16,0.0,0.0,0.9705895274513384,a0.0_b0.0_confidence_gate,0.0517658871702649,0.401157904827787,False
gemma,arith_ctx_005_clean,17,0.0,0.0,0.9764520441157032,a0.0_b0.0_confidence_gate,0.0517658871702649,0.401157904827787,False
gemma,arith_ctx_005_paraphrase,13,0.0,0.0,0.960618144336221,a0.0_b0.0_confidence_gate,0.2573483261831947,0.841746122127445,False
gemma,arith_ctx_005_paraphrase,14,0.0,0.0,0.8697038480792117,a0.0_b0.0_confidence_gate,0.2573483261831947,0.841746122127445,False
gemma,arith_ctx_005_paraphrase,15,0.0,0.0,0.9065898843028656,a0.0_b0.0_confidence_gate,0.2573483261831947,0.841746122127445,False
gemma,arith_ctx_005_paraphrase,16,0.0,0.0,0.9381960890496268,a0.0_b0.0_confidence_gate,0.2573483261831947,0.841746122127445,False
gemma,arith_ctx_005_paraphrase,17,0.0,0.0,0.95642160665242,a0.0_b0.0_confidence_gate,0.2573483261831947,0.841746122127445,False
gemma,arith_ctx_005_untrusted_conflict,13,0.0,0.0,0.9602310920327092,a0.0_b0.0_confidence_gate,0.133140109550411,0.7644373292475939,False
gemma,arith_ctx_005_untrusted_conflict,14,0.0,0.0,0.974011742756702,a0.0_b0.0_confidence_gate,0.133140109550411,0.7644373292475939,False
gemma,arith_ctx_005_untrusted_conflict,15,0.0,0.0,0.9346994031280182,a0.0_b0.0_confidence_gate,0.133140109550411,0.7644373292475939,False
gemma,arith_ctx_005_untrusted_conflict,16,0.0,0.0,0.9355906583310498,a0.0_b0.0_confidence_gate,0.133140109550411,0.7644373292475939,False
gemma,arith_ctx_005_untrusted_conflict,17,0.0,0.0,0.9103889960055116,a0.0_b0.0_confidence_gate,0.133140109550411,0.7644373292475939,False
gemma,arith_ctx_005_asserted_conflict,13,0.0,0.0,0.9814246099092928,a0.0_b0.0_confidence_gate,0.2375583239015831,0.8639896869588026,False
gemma,arith_ctx_005_asserted_conflict,14,0.0,0.0,0.9822452806827358,a0.0_b0.0_confidence_gate,0.2375583239015831,0.8639896869588026,False
gemma,arith_ctx_005_asserted_conflict,15,0.0,0.0,0.818395541157259,a0.0_b0.0_confidence_gate,0.2375583239015831,0.8639896869588026,False
gemma,arith_ctx_005_asserted_conflict,16,0.0,0.0,0.7672758903392582,a0.0_b0.0_confidence_gate,0.2375583239015831,0.8639896869588026,False
gemma,arith_ctx_005_asserted_conflict,17,0.0,0.0,0.8506023963820539,a0.0_b0.0_confidence_gate,0.2375583239015831,0.8639896869588026,False
gemma,arith_ctx_005_explicit_correction,13,0.0,0.0,0.5610850395437482,a0.0_b0.0_confidence_gate,0.4829439975602313,0.8403856931538234,False
gemma,arith_ctx_005_explicit_correction,14,0.0,0.0,0.5281733965124098,a0.0_b0.0_confidence_gate,0.4829439975602313,0.8403856931538234,False
gemma,arith_ctx_005_explicit_correction,15,0.0,0.0,0.4873898663720933,a0.0_b0.0_confidence_gate,0.4829439975602313,0.8403856931538234,False
gemma,arith_ctx_005_explicit_correction,16,0.0,0.0,0.901662616745664,a0.0_b0.0_confidence_gate,0.4829439975602313,0.8403856931538234,False
gemma,arith_ctx_005_explicit_correction,17,0.0,0.0,0.9504748414390582,a0.0_b0.0_confidence_gate,0.4829439975602313,0.8403856931538234,False
gemma,arith_ctx_005_final_recheck,13,0.0,0.0,0.4389834590684595,a0.0_b0.0_confidence_gate,0.3260317990004517,0.8832085608974264,False
gemma,arith_ctx_005_final_recheck,14,0.0,0.0,0.7449484247800418,a0.0_b0.0_confidence_gate,0.3260317990004517,0.8832085608974264,False
gemma,arith_ctx_005_final_recheck,15,0.0,0.0,0.9490795994819268,a0.0_b0.0_confidence_gate,0.3260317990004517,0.8832085608974264,False
gemma,arith_ctx_005_final_recheck,16,0.0,0.0,0.7343748011881517,a0.0_b0.0_confidence_gate,0.3260317990004517,0.8832085608974264,False
gemma,arith_ctx_005_final_recheck,17,0.0,0.0,0.880307702143227,a0.0_b0.0_confidence_gate,0.3260317990004517,0.8832085608974264,False
gemma,arith_ctx_006_clean,13,0.0,0.0,1.0,a0.0_b0.0_confidence_gate,0.0323441482182482,0.2752534814232109,False
gemma,arith_ctx_006_clean,14,0.0,0.0,0.988189663428076,a0.0_b0.0_confidence_gate,0.0323441482182482,0.2752534814232109,False
gemma,arith_ctx_006_clean,15,0.0,0.0,0.9936826556667496,a0.0_b0.0_confidence_gate,0.0323441482182482,0.2752534814232109,False
gemma,arith_ctx_006_clean,16,0.0,0.0,0.9336220636489164,a0.0_b0.0_confidence_gate,0.0323441482182482,0.2752534814232109,False
gemma,arith_ctx_006_clean,17,0.0,0.0,1.0,a0.0_b0.0_confidence_gate,0.0323441482182482,0.2752534814232109,False
gemma,arith_ctx_006_paraphrase,13,0.0,0.0,0.9118533161886108,a0.0_b0.0_confidence_gate,0.3638505025365551,0.8744404721428897,False
gemma,arith_ctx_006_paraphrase,14,0.0,0.0,0.5055046663492098,a0.0_b0.0_confidence_gate,0.3638505025365551,0.8744404721428897,False
gemma,arith_ctx_006_paraphrase,15,0.0,0.0,0.8550231696532217,a0.0_b0.0_confidence_gate,0.3638505025365551,0.8744404721428897,False
gemma,arith_ctx_006_paraphrase,16,0.0,0.0,0.4464653447881377,a0.0_b0.0_confidence_gate,0.3638505025365551,0.8744404721428897,False
gemma,arith_ctx_006_paraphrase,17,0.0,0.0,0.7873743819548131,a0.0_b0.0_confidence_gate,0.3638505025365551,0.8744404721428897,False
gemma,arith_ctx_006_untrusted_conflict,13,0.0,0.0,0.9648141145138404,a0.0_b0.0_confidence_gate,0.3062391557265156,0.8669670550543579,False
gemma,arith_ctx_006_untrusted_conflict,14,0.0,0.0,0.9208903573120848,a0.0_b0.0_confidence_gate,0.3062391557265156,0.8669670550543579,False
gemma,arith_ctx_006_untrusted_conflict,15,0.0,0.0,0.7131824695317484,a0.0_b0.0_confidence_gate,0.3062391557265156,0.8669670550543579,False
gemma,arith_ctx_006_untrusted_conflict,16,0.0,0.0,0.7157548778877516,a0.0_b0.0_confidence_gate,0.3062391557265156,0.8669670550543579,False
gemma,arith_ctx_006_untrusted_conflict,17,0.0,0.0,0.6532410564268393,a0.0_b0.0_confidence_gate,0.3062391557265156,0.8669670550543579,False
gemma,arith_ctx_006_asserted_conflict,13,0.0,0.0,0.9448415889349034,a0.0_b0.0_confidence_gate,0.3448126361583087,0.7896351467562952,False
gemma,arith_ctx_006_asserted_conflict,14,0.0,0.0,0.929455371675328,a0.0_b0.0_confidence_gate,0.3448126361583087,0.7896351467562952,False
gemma,arith_ctx_006_asserted_conflict,15,0.0,0.0,0.6645083394654034,a0.0_b0.0_confidence_gate,0.3448126361583087,0.7896351467562952,False
gemma,arith_ctx_006_asserted_conflict,16,0.0,0.0,0.7103140300086848,a0.0_b0.0_confidence_gate,0.3448126361583087,0.7896351467562952,False
gemma,arith_ctx_006_asserted_conflict,17,0.0,0.0,0.6583315509608566,a0.0_b0.0_confidence_gate,0.3448126361583087,0.7896351467562952,False
gemma,arith_ctx_006_explicit_correction,13,0.0,0.0,0.4273613439678347,a0.0_b0.0_confidence_gate,0.4406244046913649,0.8064091120874746,False
gemma,arith_ctx_006_explicit_correction,14,0.0,0.0,0.4475451356202877,a0.0_b0.0_confidence_gate,0.4406244046913649,0.8064091120874746,False
gemma,arith_ctx_006_explicit_correction,15,0.0,0.0,0.6463235486456205,a0.0_b0.0_confidence_gate,0.4406244046913649,0.8064091120874746,False
gemma,arith_ctx_006_explicit_correction,16,0.0,0.0,0.7280521547765584,a0.0_b0.0_confidence_gate,0.4406244046913649,0.8064091120874746,False
gemma,arith_ctx_006_explicit_correction,17,0.0,0.0,0.6930485438572573,a0.0_b0.0_confidence_gate,0.4406244046913649,0.8064091120874746,False
gemma,arith_ctx_006_final_recheck,13,0.0,0.0,0.8450100259375141,a0.0_b0.0_confidence_gate,0.4446847627469023,0.8155737873607402,False
gemma,arith_ctx_006_final_recheck,14,0.0,0.0,0.5251960092880419,a0.0_b0.0_confidence_gate,0.4446847627469023,0.8155737873607402,False
gemma,arith_ctx_006_final_recheck,15,0.0,0.0,0.769585358379669,a0.0_b0.0_confidence_gate,0.4446847627469023,0.8155737873607402,False
gemma,arith_ctx_006_final_recheck,16,0.0,0.0,0.6429319853528941,a0.0_b0.0_confidence_gate,0.4446847627469023,0.8155737873607402,False
gemma,arith_ctx_006_final_recheck,17,0.0,0.0,0.4964117588843498,a0.0_b0.0_confidence_gate,0.4446847627469023,0.8155737873607402,False
gemma,arith_ctx_012_clean,13,0.0,0.0,0.999094795260237,a0.0_b0.0_confidence_gate,0.0298414387566424,0.273459848764814,False
gemma,arith_ctx_012_clean,14,0.0,0.0,0.9775455744144586,a0.0_b0.0_confidence_gate,0.0298414387566424,0.273459848764814,False
gemma,arith_ctx_012_clean,15,0.0,0.0,0.9649560893837916,a0.0_b0.0_confidence_gate,0.0298414387566424,0.273459848764814,False
gemma,arith_ctx_012_clean,16,0.0,0.0,0.9578835812298194,a0.0_b0.0_confidence_gate,0.0298414387566424,0.273459848764814,False
gemma,arith_ctx_012_clean,17,0.0,0.0,0.9736350210565354,a0.0_b0.0_confidence_gate,0.0298414387566424,0.273459848764814,False
gemma,arith_ctx_012_paraphrase,13,0.0,0.0,0.90386810592253,a0.0_b0.0_confidence_gate,0.1193364752184977,0.7359514988494917,False
gemma,arith_ctx_012_paraphrase,14,0.0,0.0,0.8372113058108205,a0.0_b0.0_confidence_gate,0.1193364752184977,0.7359514988494917,False
gemma,arith_ctx_012_paraphrase,15,0.0,0.0,0.9644712012246184,a0.0_b0.0_confidence_gate,0.1193364752184977,0.7359514988494917,False
gemma,arith_ctx_012_paraphrase,16,0.0,0.0,0.9400907156068212,a0.0_b0.0_confidence_gate,0.1193364752184977,0.7359514988494917,False
gemma,arith_ctx_012_paraphrase,17,0.0,0.0,0.9616571314444706,a0.0_b0.0_confidence_gate,0.1193364752184977,0.7359514988494917,False
gemma,arith_ctx_012_untrusted_conflict,13,0.0,0.0,0.8882290012879807,a0.0_b0.0_confidence_gate,0.4433248370869712,0.8863130860531557,False
gemma,arith_ctx_012_untrusted_conflict,14,0.0,0.0,0.846068328206503,a0.0_b0.0_confidence_gate,0.4433248370869712,0.8863130860531557,False
gemma,arith_ctx_012_untrusted_conflict,15,0.0,0.0,0.6851219806399209,a0.0_b0.0_confidence_gate,0.4433248370869712,0.8863130860531557,False
gemma,arith_ctx_012_untrusted_conflict,16,0.0,0.0,0.648034763023777,a0.0_b0.0_confidence_gate,0.4433248370869712,0.8863130860531557,False
gemma,arith_ctx_012_untrusted_conflict,17,0.0,0.0,0.6031833628345532,a0.0_b0.0_confidence_gate,0.4433248370869712,0.8863130860531557,False
gemma,arith_ctx_012_asserted_conflict,13,0.0,0.0,0.9399481974077444,a0.0_b0.0_confidence_gate,0.3461875611907577,0.8051205831560425,False
gemma,arith_ctx_012_asserted_conflict,14,0.0,0.0,0.7275982489913534,a0.0_b0.0_confidence_gate,0.3461875611907577,0.8051205831560425,False
gemma,arith_ctx_012_asserted_conflict,15,0.0,0.0,0.7036315215092854,a0.0_b0.0_confidence_gate,0.3461875611907577,0.8051205831560425,False
gemma,arith_ctx_012_asserted_conflict,16,0.0,0.0,0.7049400810970216,a0.0_b0.0_confidence_gate,0.3461875611907577,0.8051205831560425,False
gemma,arith_ctx_012_asserted_conflict,17,0.0,0.0,0.5555293257933136,a0.0_b0.0_confidence_gate,0.3461875611907577,0.8051205831560425,False
gemma,arith_ctx_012_explicit_correction,13,1.0,0.6,0.5103175709793351,a1.0_b0.6,0.5411430274458799,0.7282066993241154,True
gemma,arith_ctx_012_explicit_correction,14,0.0,0.0,0.4535482847221492,a0.0_b0.0,0.5411430274458799,0.7282066993241154,True
gemma,arith_ctx_012_explicit_correction,15,1.0,0.6,0.5411601172712495,a1.0_b0.6,0.5411430274458799,0.7282066993241154,True
gemma,arith_ctx_012_explicit_correction,16,0.0,0.0,0.7447609120960108,a0.0_b0.0,0.5411430274458799,0.7282066993241154,True
gemma,arith_ctx_012_explicit_correction,17,0.0,0.0,0.5736029083676919,a0.0_b0.0,0.5411430274458799,0.7282066993241154,True
gemma,arith_ctx_012_final_recheck,13,0.0,0.0,0.6580037717381948,a0.0_b0.0_confidence_gate,0.4637077325105281,0.8469200724963091,False
gemma,arith_ctx_012_final_recheck,14,0.0,0.0,0.8018905338450588,a0.0_b0.0_confidence_gate,0.4637077325105281,0.8469200724963091,False
gemma,arith_ctx_012_final_recheck,15,0.0,0.0,0.8194124123498319,a0.0_b0.0_confidence_gate,0.4637077325105281,0.8469200724963091,False
gemma,arith_ctx_012_final_recheck,16,0.0,0.0,0.7824878510431702,a0.0_b0.0_confidence_gate,0.4637077325105281,0.8469200724963091,False
gemma,arith_ctx_012_final_recheck,17,0.0,0.0,0.5155119819168977,a0.0_b0.0_confidence_gate,0.4637077325105281,0.8469200724963091,False
gemma,arith_ctx_017_clean,13,0.0,0.0,1.0,a0.0_b0.0_confidence_gate,0.0450126544523923,0.1748829383539455,False
gemma,arith_ctx_017_clean,14,0.0,0.0,0.9984081470735888,a0.0_b0.0_confidence_gate,0.0450126544523923,0.1748829383539455,False
gemma,arith_ctx_017_clean,15,0.0,0.0,0.999313351813352,a0.0_b0.0_confidence_gate,0.0450126544523923,0.1748829383539455,False
gemma,arith_ctx_017_clean,16,0.0,0.0,0.999313351813352,a0.0_b0.0_confidence_gate,0.0450126544523923,0.1748829383539455,False
gemma,arith_ctx_017_clean,17,0.0,0.0,0.8384873585189184,a0.0_b0.0_confidence_gate,0.0450126544523923,0.1748829383539455,False
gemma,arith_ctx_017_paraphrase,13,0.0,0.0,0.9400259035923644,a0.0_b0.0_confidence_gate,0.2676552696056385,0.8811140153168638,False
gemma,arith_ctx_017_paraphrase,14,0.0,0.0,0.7577252578731841,a0.0_b0.0_confidence_gate,0.2676552696056385,0.8811140153168638,False
gemma,arith_ctx_017_paraphrase,15,0.0,0.0,0.609892302089664,a0.0_b0.0_confidence_gate,0.2676552696056385,0.8811140153168638,False
gemma,arith_ctx_017_paraphrase,16,0.0,0.0,0.9123215232431612,a0.0_b0.0_confidence_gate,0.2676552696056385,0.8811140153168638,False
gemma,arith_ctx_017_paraphrase,17,0.0,0.0,0.8397585479805604,a0.0_b0.0_confidence_gate,0.2676552696056385,0.8811140153168638,False
gemma,arith_ctx_017_untrusted_conflict,13,0.0,0.0,0.5145209104917686,a0.0_b0.0_confidence_gate,0.3398948086819929,0.8733371427888985,False
gemma,arith_ctx_017_untrusted_conflict,14,0.0,0.0,0.962108863061963,a0.0_b0.0_confidence_gate,0.3398948086819929,0.8733371427888985,False
gemma,arith_ctx_017_untrusted_conflict,15,0.0,0.0,0.9518263870066264,a0.0_b0.0_confidence_gate,0.3398948086819929,0.8733371427888985,False
gemma,arith_ctx_017_untrusted_conflict,16,0.0,0.0,0.702091067182907,a0.0_b0.0_confidence_gate,0.3398948086819929,0.8733371427888985,False
gemma,arith_ctx_017_untrusted_conflict,17,0.0,0.0,0.8806632252060208,a0.0_b0.0_confidence_gate,0.3398948086819929,0.8733371427888985,False
gemma,arith_ctx_017_asserted_conflict,13,0.0,0.0,0.940240033379098,a0.0_b0.0_confidence_gate,0.3169948086214916,0.8166192314786489,False
gemma,arith_ctx_017_asserted_conflict,14,0.0,0.0,0.8864568440238384,a0.0_b0.0_confidence_gate,0.3169948086214916,0.8166192314786489,False
gemma,arith_ctx_017_asserted_conflict,15,0.0,0.0,0.51722442284589,a0.0_b0.0_confidence_gate,0.3169948086214916,0.8166192314786489,False
gemma,arith_ctx_017_asserted_conflict,16,0.0,0.0,0.709593065604205,a0.0_b0.0_confidence_gate,0.3169948086214916,0.8166192314786489,False
gemma,arith_ctx_017_asserted_conflict,17,0.0,0.0,0.5998878348299462,a0.0_b0.0_confidence_gate,0.3169948086214916,0.8166192314786489,False
gemma,arith_ctx_017_explicit_correction,13,1.0,0.6,0.5246125645596587,a1.0_b0.6,0.6644705839706593,0.7325119814109999,True
gemma,arith_ctx_017_explicit_correction,14,1.0,0.6,0.5378327625912597,a1.0_b0.6,0.6644705839706593,0.7325119814109999,True
gemma,arith_ctx_017_explicit_correction,15,1.0,0.6,0.39435813248166,a1.0_b0.6,0.6644705839706593,0.7325119814109999,True
gemma,arith_ctx_017_explicit_correction,16,1.0,0.6,0.5114027888668441,a1.0_b0.6,0.6644705839706593,0.7325119814109999,True
gemma,arith_ctx_017_explicit_correction,17,1.0,0.6,0.3728065875570104,a1.0_b0.6,0.6644705839706593,0.7325119814109999,True
gemma,arith_ctx_017_final_recheck,13,1.0,0.6,0.4326052900643276,a1.0_b0.6,0.5817147136557257,0.7836260095645622,True
gemma,arith_ctx_017_final_recheck,14,1.0,0.6,0.4604014879476867,a1.0_b0.6,0.5817147136557257,0.7836260095645622,True
gemma,arith_ctx_017_final_recheck,15,0.0,0.0,0.4157675134506566,a0.0_b0.0,0.5817147136557257,0.7836260095645622,True
gemma,arith_ctx_017_final_recheck,16,1.0,0.6,0.4546450524330725,a1.0_b0.6,0.5817147136557257,0.7836260095645622,True
gemma,arith_ctx_017_final_recheck,17,1.0,0.6,0.5501321227222336,a1.0_b0.6,0.5817147136557257,0.7836260095645622,True
gemma,arith_ctx_018_clean,13,0.0,0.0,1.0,a0.0_b0.0_confidence_gate,0.0714911332306698,0.2902197906667346,False
gemma,arith_ctx_018_clean,14,0.0,0.0,0.999313351813352,a0.0_b0.0_confidence_gate,0.0714911332306698,0.2902197906667346,False
gemma,arith_ctx_018_clean,15,0.0,0.0,0.99668848349812,a0.0_b0.0_confidence_gate,0.0714911332306698,0.2902197906667346,False
gemma,arith_ctx_018_clean,16,0.0,0.0,0.9518756851236698,a0.0_b0.0_confidence_gate,0.0714911332306698,0.2902197906667346,False
gemma,arith_ctx_018_clean,17,0.0,0.0,0.8783062418876436,a0.0_b0.0_confidence_gate,0.0714911332306698,0.2902197906667346,False
gemma,arith_ctx_018_paraphrase,13,0.0,0.0,0.9543555300042038,a0.0_b0.0_confidence_gate,0.3832823737925644,0.895040398336125,False
gemma,arith_ctx_018_paraphrase,14,0.0,0.0,0.4885648275521932,a0.0_b0.0_confidence_gate,0.3832823737925644,0.895040398336125,False
gemma,arith_ctx_018_paraphrase,15,0.0,0.0,0.7843257412935187,a0.0_b0.0_confidence_gate,0.3832823737925644,0.895040398336125,False
gemma,arith_ctx_018_paraphrase,16,0.0,0.0,0.5242500894568266,a0.0_b0.0_confidence_gate,0.3832823737925644,0.895040398336125,False
gemma,arith_ctx_018_paraphrase,17,0.0,0.0,0.5996395223774924,a0.0_b0.0_confidence_gate,0.3832823737925644,0.895040398336125,False
gemma,arith_ctx_018_untrusted_conflict,13,0.0,0.0,0.947629003478526,a0.0_b0.0_confidence_gate,0.3927152697820385,0.8844434193353129,False
gemma,arith_ctx_018_untrusted_conflict,14,0.0,0.0,0.8983812601154847,a0.0_b0.0_confidence_gate,0.3927152697820385,0.8844434193353129,False
gemma,arith_ctx_018_untrusted_conflict,15,0.0,0.0,0.8118941648470137,a0.0_b0.0_confidence_gate,0.3927152697820385,0.8844434193353129,False
gemma,arith_ctx_018_untrusted_conflict,16,0.0,0.0,0.6321456896755853,a0.0_b0.0_confidence_gate,0.3927152697820385,0.8844434193353129,False
gemma,arith_ctx_018_untrusted_conflict,17,0.0,0.0,0.3485786112635874,a0.0_b0.0_confidence_gate,0.3927152697820385,0.8844434193353129,False
gemma,arith_ctx_018_asserted_conflict,13,0.0,0.0,0.9477723590715448,a0.0_b0.0_confidence_gate,0.4367535556973015,0.7850351739717866,False
gemma,arith_ctx_018_asserted_conflict,14,0.0,0.0,0.9311150898802784,a0.0_b0.0_confidence_gate,0.4367535556973015,0.7850351739717866,False
gemma,arith_ctx_018_asserted_conflict,15,0.0,0.0,0.5853686255336273,a0.0_b0.0_confidence_gate,0.4367535556973015,0.7850351739717866,False
gemma,arith_ctx_018_asserted_conflict,16,0.0,0.0,0.4834217365047475,a0.0_b0.0_confidence_gate,0.4367535556973015,0.7850351739717866,False
gemma,arith_ctx_018_asserted_conflict,17,0.0,0.0,0.3834984435431609,a0.0_b0.0_confidence_gate,0.4367535556973015,0.7850351739717866,False
gemma,arith_ctx_018_explicit_correction,13,0.0,0.0,0.5511146891531187,a0.0_b0.0,0.6138049672086597,0.786103428179103,True
gemma,arith_ctx_018_explicit_correction,14,1.0,0.6,0.438512399972063,a1.0_b0.6,0.6138049672086597,0.786103428179103,True
gemma,arith_ctx_018_explicit_correction,15,0.0,0.0,0.5105506101361348,a0.0_b0.0,0.6138049672086597,0.786103428179103,True
gemma,arith_ctx_018_explicit_correction,16,1.0,0.6,0.5003061153673848,a1.0_b0.6,0.6138049672086597,0.786103428179103,True
gemma,arith_ctx_018_explicit_correction,17,1.0,0.6,0.532338838491087,a1.0_b0.6,0.6138049672086597,0.786103428179103,True
gemma,arith_ctx_018_final_recheck,13,0.0,0.0,0.8523903860359497,a0.0_b0.0_confidence_gate,0.4829244923864376,0.8551116978470921,False
gemma,arith_ctx_018_final_recheck,14,0.0,0.0,0.733908799185125,a0.0_b0.0_confidence_gate,0.4829244923864376,0.8551116978470921,False
gemma,arith_ctx_018_final_recheck,15,0.0,0.0,0.6926454675616671,a0.0_b0.0_confidence_gate,0.4829244923864376,0.8551116978470921,False
gemma,arith_ctx_018_final_recheck,16,0.0,0.0,0.5439853446490385,a0.0_b0.0_confidence_gate,0.4829244923864376,0.8551116978470921,False
gemma,arith_ctx_018_final_recheck,17,0.0,0.0,0.4063265745491332,a0.0_b0.0_confidence_gate,0.4829244923864376,0.8551116978470921,False
gemma,arith_ctx_019_clean,13,0.0,0.0,0.939035174758722,a0.0_b0.0_confidence_gate,0.0955565549784971,0.3006384950040291,False
gemma,arith_ctx_019_clean,14,0.0,0.0,0.9949642474485528,a0.0_b0.0_confidence_gate,0.0955565549784971,0.3006384950040291,False
gemma,arith_ctx_019_clean,15,0.0,0.0,0.9910154563774672,a0.0_b0.0_confidence_gate,0.0955565549784971,0.3006384950040291,False
gemma,arith_ctx_019_clean,16,0.0,0.0,0.7975824558702667,a0.0_b0.0_confidence_gate,0.0955565549784971,0.3006384950040291,False
gemma,arith_ctx_019_clean,17,0.0,0.0,0.8077405321819847,a0.0_b0.0_confidence_gate,0.0955565549784971,0.3006384950040291,False
gemma,arith_ctx_019_paraphrase,13,0.0,0.0,0.5379449050853677,a0.0_b0.0_confidence_gate,0.3232002343863863,0.7445093207750167,False
gemma,arith_ctx_019_paraphrase,14,0.0,0.0,0.7786744638769864,a0.0_b0.0_confidence_gate,0.3232002343863863,0.7445093207750167,False
gemma,arith_ctx_019_paraphrase,15,0.0,0.0,0.4227741988169395,a0.0_b0.0_confidence_gate,0.3232002343863863,0.7445093207750167,False
gemma,arith_ctx_019_paraphrase,16,0.0,0.0,0.7740934106344761,a0.0_b0.0_confidence_gate,0.3232002343863863,0.7445093207750167,False
gemma,arith_ctx_019_paraphrase,17,0.0,0.0,0.9381559539099388,a0.0_b0.0_confidence_gate,0.3232002343863863,0.7445093207750167,False
gemma,arith_ctx_019_untrusted_conflict,13,0.0,0.0,0.8022353775392568,a0.0_b0.0_confidence_gate,0.3941677794118342,0.8964569845711265,False
gemma,arith_ctx_019_untrusted_conflict,14,0.0,0.0,0.8387854378669124,a0.0_b0.0_confidence_gate,0.3941677794118342,0.8964569845711265,False
gemma,arith_ctx_019_untrusted_conflict,15,0.0,0.0,0.9071254524033722,a0.0_b0.0_confidence_gate,0.3941677794118342,0.8964569845711265,False
gemma,arith_ctx_019_untrusted_conflict,16,0.0,0.0,0.578071512950314,a0.0_b0.0_confidence_gate,0.3941677794118342,0.8964569845711265,False
gemma,arith_ctx_019_untrusted_conflict,17,0.0,0.0,0.564222927766414,a0.0_b0.0_confidence_gate,0.3941677794118342,0.8964569845711265,False
gemma,arith_ctx_019_asserted_conflict,13,0.0,0.0,0.8875610525576201,a0.0_b0.0_confidence_gate,0.4184578874158715,0.7800823846678273,False
gemma,arith_ctx_019_asserted_conflict,14,0.0,0.0,0.9425807695297594,a0.0_b0.0_confidence_gate,0.4184578874158715,0.7800823846678273,False
gemma,arith_ctx_019_asserted_conflict,15,0.0,0.0,0.574274826943092,a0.0_b0.0_confidence_gate,0.4184578874158715,0.7800823846678273,False
gemma,arith_ctx_019_asserted_conflict,16,0.0,0.0,0.3456499971699781,a0.0_b0.0_confidence_gate,0.4184578874158715,0.7800823846678273,False
gemma,arith_ctx_019_asserted_conflict,17,0.0,0.0,0.40363739313844,a0.0_b0.0_confidence_gate,0.4184578874158715,0.7800823846678273,False
gemma,arith_ctx_019_explicit_correction,13,0.9,0.3,0.4717879657683566,a0.9_b0.3,0.5273360619220885,0.8003092736762387,True
gemma,arith_ctx_019_explicit_correction,14,0.0,0.0,0.6043908452042314,a0.0_b0.0,0.5273360619220885,0.8003092736762387,True
gemma,arith_ctx_019_explicit_correction,15,0.0,0.0,0.8825617322495174,a0.0_b0.0,0.5273360619220885,0.8003092736762387,True
gemma,arith_ctx_019_explicit_correction,16,0.0,0.0,0.4020943015126976,a0.0_b0.0,0.5273360619220885,0.8003092736762387,True
gemma,arith_ctx_019_explicit_correction,17,0.0,0.0,0.4662586441810966,a0.0_b0.0,0.5273360619220885,0.8003092736762387,True
gemma,arith_ctx_019_final_recheck,13,0.0,0.0,0.4075630931613253,a0.0_b0.0,0.5302562974660846,0.8386894544897456,True
gemma,arith_ctx_019_final_recheck,14,0.0,0.0,0.5820001593699277,a0.0_b0.0,0.5302562974660846,0.8386894544897456,True
gemma,arith_ctx_019_final_recheck,15,0.0,0.0,0.546483234775501,a0.0_b0.0,0.5302562974660846,0.8386894544897456,True
gemma,arith_ctx_019_final_recheck,16,0.0,0.0,0.5779669244584652,a0.0_b0.0,0.5302562974660846,0.8386894544897456,True
gemma,arith_ctx_019_final_recheck,17,0.0,0.0,0.56380623426773,a0.0_b0.0,0.5302562974660846,0.8386894544897456,True
gemma,arith_ctx_021_clean,13,0.0,0.0,0.9561694015330936,a0.0_b0.0_confidence_gate,0.0918707423371039,0.4651358843536518,False
gemma,arith_ctx_021_clean,14,0.0,0.0,0.9692745455305384,a0.0_b0.0_confidence_gate,0.0918707423371039,0.4651358843536518,False
gemma,arith_ctx_021_clean,15,0.0,0.0,0.9634882144048772,a0.0_b0.0_confidence_gate,0.0918707423371039,0.4651358843536518,False
gemma,arith_ctx_021_clean,16,0.0,0.0,0.8589030937275502,a0.0_b0.0_confidence_gate,0.0918707423371039,0.4651358843536518,False
gemma,arith_ctx_021_clean,17,0.0,0.0,0.9573024331736424,a0.0_b0.0_confidence_gate,0.0918707423371039,0.4651358843536518,False
gemma,arith_ctx_021_paraphrase,13,0.0,0.0,0.8381701346073115,a0.0_b0.0_confidence_gate,0.1884612628965371,0.7466519187149524,False
gemma,arith_ctx_021_paraphrase,14,0.0,0.0,0.8263416165691773,a0.0_b0.0_confidence_gate,0.1884612628965371,0.7466519187149524,False
gemma,arith_ctx_021_paraphrase,15,0.0,0.0,0.7366685278534523,a0.0_b0.0_confidence_gate,0.1884612628965371,0.7466519187149524,False
gemma,arith_ctx_021_paraphrase,16,0.0,0.0,0.8430535264355044,a0.0_b0.0_confidence_gate,0.1884612628965371,0.7466519187149524,False
gemma,arith_ctx_021_paraphrase,17,0.0,0.0,0.7338990401896507,a0.0_b0.0_confidence_gate,0.1884612628965371,0.7466519187149524,False
gemma,arith_ctx_021_untrusted_conflict,13,0.0,0.0,0.9295366600172424,a0.0_b0.0_confidence_gate,0.2427155145253985,0.8844943747090696,False
gemma,arith_ctx_021_untrusted_conflict,14,0.0,0.0,0.8910484860817867,a0.0_b0.0_confidence_gate,0.2427155145253985,0.8844943747090696,False
gemma,arith_ctx_021_untrusted_conflict,15,0.0,0.0,0.9274127672198464,a0.0_b0.0_confidence_gate,0.2427155145253985,0.8844943747090696,False
gemma,arith_ctx_021_untrusted_conflict,16,0.0,0.0,0.7634887919397115,a0.0_b0.0_confidence_gate,0.2427155145253985,0.8844943747090696,False
gemma,arith_ctx_021_untrusted_conflict,17,0.0,0.0,0.942143947343909,a0.0_b0.0_confidence_gate,0.2427155145253985,0.8844943747090696,False
gemma,arith_ctx_021_asserted_conflict,13,0.0,0.0,0.9181834952426928,a0.0_b0.0_confidence_gate,0.2695269229773733,0.6846902554491292,False
gemma,arith_ctx_021_asserted_conflict,14,0.0,0.0,0.9860188738381256,a0.0_b0.0_confidence_gate,0.2695269229773733,0.6846902554491292,False
gemma,arith_ctx_021_asserted_conflict,15,0.0,0.0,0.9787536073974238,a0.0_b0.0_confidence_gate,0.2695269229773733,0.6846902554491292,False
gemma,arith_ctx_021_asserted_conflict,16,0.0,0.0,0.4902245359103394,a0.0_b0.0_confidence_gate,0.2695269229773733,0.6846902554491292,False
gemma,arith_ctx_021_asserted_conflict,17,0.0,0.0,0.3581575222822853,a0.0_b0.0_confidence_gate,0.2695269229773733,0.6846902554491292,False
gemma,arith_ctx_021_explicit_correction,13,1.0,0.6,0.5007776298758911,a1.0_b0.6,0.6189818757385167,0.7693593791272058,True
gemma,arith_ctx_021_explicit_correction,14,1.0,0.6,0.4672393314406984,a1.0_b0.6,0.6189818757385167,0.7693593791272058,True
gemma,arith_ctx_021_explicit_correction,15,0.0,0.0,0.9122262898907032,a0.0_b0.0,0.6189818757385167,0.7693593791272058,True
gemma,arith_ctx_021_explicit_correction,16,0.9,0.3,0.4499452745195346,a0.9_b0.3,0.6189818757385167,0.7693593791272058,True
gemma,arith_ctx_021_explicit_correction,17,0.9,0.3,0.4977959824380845,a0.9_b0.3,0.6189818757385167,0.7693593791272058,True
gemma,arith_ctx_021_final_recheck,13,0.0,0.0,0.4406007817084449,a0.0_b0.0_confidence_gate,0.3034199768500628,0.72891043713201,False
gemma,arith_ctx_021_final_recheck,14,0.0,0.0,0.976185813588637,a0.0_b0.0_confidence_gate,0.3034199768500628,0.72891043713201,False
gemma,arith_ctx_021_final_recheck,15,0.0,0.0,0.9351621577939838,a0.0_b0.0_confidence_gate,0.3034199768500628,0.72891043713201,False
gemma,arith_ctx_021_final_recheck,16,0.0,0.0,0.9688685240219358,a0.0_b0.0_confidence_gate,0.3034199768500628,0.72891043713201,False
gemma,arith_ctx_021_final_recheck,17,0.0,0.0,0.5034848680846954,a0.0_b0.0_confidence_gate,0.3034199768500628,0.72891043713201,False
gemma,arith_ctx_029_clean,13,0.0,0.0,0.9932775872199056,a0.0_b0.0_confidence_gate,0.0132433852948881,0.1640503755111006,False
gemma,arith_ctx_029_clean,14,0.0,0.0,0.996357466728314,a0.0_b0.0_confidence_gate,0.0132433852948881,0.1640503755111006,False
gemma,arith_ctx_029_clean,15,0.0,0.0,0.985429713072636,a0.0_b0.0_confidence_gate,0.0132433852948881,0.1640503755111006,False
gemma,arith_ctx_029_clean,16,0.0,0.0,0.9547894134165726,a0.0_b0.0_confidence_gate,0.0132433852948881,0.1640503755111006,False
gemma,arith_ctx_029_clean,17,0.0,0.0,1.0,a0.0_b0.0_confidence_gate,0.0132433852948881,0.1640503755111006,False
gemma,arith_ctx_029_paraphrase,13,0.0,0.0,0.8964252029447755,a0.0_b0.0_confidence_gate,0.2241851858167931,0.82132552148379,False
gemma,arith_ctx_029_paraphrase,14,0.0,0.0,0.7247174671936688,a0.0_b0.0_confidence_gate,0.2241851858167931,0.82132552148379,False
gemma,arith_ctx_029_paraphrase,15,0.0,0.0,0.7203640689942352,a0.0_b0.0_confidence_gate,0.2241851858167931,0.82132552148379,False
gemma,arith_ctx_029_paraphrase,16,0.0,0.0,0.914775102882802,a0.0_b0.0_confidence_gate,0.2241851858167931,0.82132552148379,False
gemma,arith_ctx_029_paraphrase,17,0.0,0.0,0.9300189334605792,a0.0_b0.0_confidence_gate,0.2241851858167931,0.82132552148379,False
gemma,arith_ctx_029_untrusted_conflict,13,0.0,0.0,0.895835564386129,a0.0_b0.0_confidence_gate,0.2667835828790434,0.8416255857940698,False
gemma,arith_ctx_029_untrusted_conflict,14,0.0,0.0,0.8838685989848561,a0.0_b0.0_confidence_gate,0.2667835828790434,0.8416255857940698,False
gemma,arith_ctx_029_untrusted_conflict,15,0.0,0.0,0.9141564432995066,a0.0_b0.0_confidence_gate,0.2667835828790434,0.8416255857940698,False
gemma,arith_ctx_029_untrusted_conflict,16,0.0,0.0,0.977855589841468,a0.0_b0.0_confidence_gate,0.2667835828790434,0.8416255857940698,False
gemma,arith_ctx_029_untrusted_conflict,17,0.0,0.0,0.7328213601612178,a0.0_b0.0_confidence_gate,0.2667835828790434,0.8416255857940698,False
gemma,arith_ctx_029_asserted_conflict,13,0.0,0.0,0.9565029964912898,a0.0_b0.0_confidence_gate,0.2450956464428074,0.7883645601182241,False
gemma,arith_ctx_029_asserted_conflict,14,0.0,0.0,0.949653296051735,a0.0_b0.0_confidence_gate,0.2450956464428074,0.7883645601182241,False
gemma,arith_ctx_029_asserted_conflict,15,0.0,0.0,0.9521002799858326,a0.0_b0.0_confidence_gate,0.2450956464428074,0.7883645601182241,False
gemma,arith_ctx_029_asserted_conflict,16,0.0,0.0,0.9468414040608772,a0.0_b0.0_confidence_gate,0.2450956464428074,0.7883645601182241,False
gemma,arith_ctx_029_asserted_conflict,17,0.0,0.0,0.5146057695651782,a0.0_b0.0_confidence_gate,0.2450956464428074,0.7883645601182241,False
gemma,arith_ctx_029_explicit_correction,13,0.0,0.0,0.4464041177916274,a0.0_b0.0_confidence_gate,0.3965015028791128,0.8042416978234467,False
gemma,arith_ctx_029_explicit_correction,14,0.0,0.0,0.496821445631055,a0.0_b0.0_confidence_gate,0.3965015028791128,0.8042416978234467,False
gemma,arith_ctx_029_explicit_correction,15,0.0,0.0,0.9193203957154016,a0.0_b0.0_confidence_gate,0.3965015028791128,0.8042416978234467,False
gemma,arith_ctx_029_explicit_correction,16,0.0,0.0,0.95942193045076,a0.0_b0.0_confidence_gate,0.3965015028791128,0.8042416978234467,False
gemma,arith_ctx_029_explicit_correction,17,0.0,0.0,0.4570898627475657,a0.0_b0.0_confidence_gate,0.3965015028791128,0.8042416978234467,False
gemma,arith_ctx_029_final_recheck,13,0.0,0.0,0.8156822132894306,a0.0_b0.0,0.5887163143106786,0.8500523563911786,True
gemma,arith_ctx_029_final_recheck,14,0.0,0.0,0.6478152463469575,a0.0_b0.0,0.5887163143106786,0.8500523563911786,True
gemma,arith_ctx_029_final_recheck,15,0.0,0.0,0.5842008720125325,a0.0_b0.0,0.5887163143106786,0.8500523563911786,True
gemma,arith_ctx_029_final_recheck,16,0.0,0.0,0.8690214218843896,a0.0_b0.0,0.5887163143106786,0.8500523563911786,True
gemma,arith_ctx_029_final_recheck,17,0.0,0.0,0.5724708122580875,a0.0_b0.0,0.5887163143106786,0.8500523563911786,True
gemma,arith_ctx_030_clean,13,0.0,0.0,0.9767639899251036,a0.0_b0.0_confidence_gate,0.0112615344549275,0.1229392077661071,False
gemma,arith_ctx_030_clean,14,0.0,0.0,0.995327287298768,a0.0_b0.0_confidence_gate,0.0112615344549275,0.1229392077661071,False
gemma,arith_ctx_030_clean,15,0.0,0.0,0.999313351813352,a0.0_b0.0_confidence_gate,0.0112615344549275,0.1229392077661071,False
gemma,arith_ctx_030_clean,16,0.0,0.0,0.999313351813352,a0.0_b0.0_confidence_gate,0.0112615344549275,0.1229392077661071,False
gemma,arith_ctx_030_clean,17,0.0,0.0,0.9853041799089156,a0.0_b0.0_confidence_gate,0.0112615344549275,0.1229392077661071,False
gemma,arith_ctx_030_paraphrase,13,0.0,0.0,0.9646617799203724,a0.0_b0.0_confidence_gate,0.2932942435217714,0.8189059314321254,False
gemma,arith_ctx_030_paraphrase,14,0.0,0.0,0.9318511939472846,a0.0_b0.0_confidence_gate,0.2932942435217714,0.8189059314321254,False
gemma,arith_ctx_030_paraphrase,15,0.0,0.0,0.9541180410436844,a0.0_b0.0_confidence_gate,0.2932942435217714,0.8189059314321254,False
gemma,arith_ctx_030_paraphrase,16,0.0,0.0,0.9428441736082338,a0.0_b0.0_confidence_gate,0.2932942435217714,0.8189059314321254,False
gemma,arith_ctx_030_paraphrase,17,0.0,0.0,0.6963791140063965,a0.0_b0.0_confidence_gate,0.2932942435217714,0.8189059314321254,False
gemma,arith_ctx_030_untrusted_conflict,13,0.0,0.0,0.9432003901527426,a0.0_b0.0_confidence_gate,0.3034736986783842,0.8065182275430829,False
gemma,arith_ctx_030_untrusted_conflict,14,0.0,0.0,0.9651193596916764,a0.0_b0.0_confidence_gate,0.3034736986783842,0.8065182275430829,False
gemma,arith_ctx_030_untrusted_conflict,15,0.0,0.0,0.9194078444712694,a0.0_b0.0_confidence_gate,0.3034736986783842,0.8065182275430829,False
gemma,arith_ctx_030_untrusted_conflict,16,0.0,0.0,0.5627244382956822,a0.0_b0.0_confidence_gate,0.3034736986783842,0.8065182275430829,False
gemma,arith_ctx_030_untrusted_conflict,17,0.0,0.0,0.4996351918915265,a0.0_b0.0_confidence_gate,0.3034736986783842,0.8065182275430829,False
gemma,arith_ctx_030_asserted_conflict,13,0.0,0.0,0.887302248497129,a0.0_b0.0_confidence_gate,0.2300642269033283,0.6819972938407606,False
gemma,arith_ctx_030_asserted_conflict,14,0.0,0.0,0.8769351761747736,a0.0_b0.0_confidence_gate,0.2300642269033283,0.6819972938407606,False
gemma,arith_ctx_030_asserted_conflict,15,0.0,0.0,0.848861342955127,a0.0_b0.0_confidence_gate,0.2300642269033283,0.6819972938407606,False
gemma,arith_ctx_030_asserted_conflict,16,0.0,0.0,0.8634746675589713,a0.0_b0.0_confidence_gate,0.2300642269033283,0.6819972938407606,False
gemma,arith_ctx_030_asserted_conflict,17,0.0,0.0,0.8692636817492982,a0.0_b0.0_confidence_gate,0.2300642269033283,0.6819972938407606,False
gemma,arith_ctx_030_explicit_correction,13,1.0,0.6,0.5192742840873487,a1.0_b0.6,0.6987181857271819,0.6937326959107444,True
gemma,arith_ctx_030_explicit_correction,14,0.0,0.0,0.3635348634265915,a0.0_b0.0,0.6987181857271819,0.6937326959107444,True
gemma,arith_ctx_030_explicit_correction,15,1.0,0.6,0.475383336220228,a1.0_b0.6,0.6987181857271819,0.6937326959107444,True
gemma,arith_ctx_030_explicit_correction,16,1.0,0.6,0.5122184915486822,a1.0_b0.6,0.6987181857271819,0.6937326959107444,True
gemma,arith_ctx_030_explicit_correction,17,0.0,0.0,0.5072273947540262,a0.0_b0.0,0.6987181857271819,0.6937326959107444,True
gemma,arith_ctx_030_final_recheck,13,0.0,0.0,0.4960333990519125,a0.0_b0.0,0.5249702271483663,0.824024956747949,True
gemma,arith_ctx_030_final_recheck,14,1.0,0.6,0.4594043419825679,a1.0_b0.6,0.5249702271483663,0.824024956747949,True
gemma,arith_ctx_030_final_recheck,15,1.0,0.6,0.4905271679906377,a1.0_b0.6,0.5249702271483663,0.824024956747949,True
gemma,arith_ctx_030_final_recheck,16,1.0,0.6,0.5862663213514585,a1.0_b0.6,0.5249702271483663,0.824024956747949,True
gemma,arith_ctx_030_final_recheck,17,1.0,0.6,0.4638224357427041,a1.0_b0.6,0.5249702271483663,0.824024956747949,True
gemma,arith_ctx_034_clean,13,0.0,0.0,0.9710066092674192,a0.0_b0.0_confidence_gate,0.0894373690702321,0.3635212735700027,False
gemma,arith_ctx_034_clean,14,0.0,0.0,0.9031026944123914,a0.0_b0.0_confidence_gate,0.0894373690702321,0.3635212735700027,False
gemma,arith_ctx_034_clean,15,0.0,0.0,0.9957299686692992,a0.0_b0.0_confidence_gate,0.0894373690702321,0.3635212735700027,False
gemma,arith_ctx_034_clean,16,0.0,0.0,0.9554492121794396,a0.0_b0.0_confidence_gate,0.0894373690702321,0.3635212735700027,False
gemma,arith_ctx_034_clean,17,0.0,0.0,0.8885595206691653,a0.0_b0.0_confidence_gate,0.0894373690702321,0.3635212735700027,False
gemma,arith_ctx_034_paraphrase,13,0.0,0.0,0.4229135241431243,a0.0_b0.0_confidence_gate,0.3184338694079418,0.7810426714565236,False
gemma,arith_ctx_034_paraphrase,14,0.0,0.0,0.7794606820784615,a0.0_b0.0_confidence_gate,0.3184338694079418,0.7810426714565236,False
gemma,arith_ctx_034_paraphrase,15,0.0,0.0,0.6949335525767499,a0.0_b0.0_confidence_gate,0.3184338694079418,0.7810426714565236,False
gemma,arith_ctx_034_paraphrase,16,0.0,0.0,0.8416173220547275,a0.0_b0.0_confidence_gate,0.3184338694079418,0.7810426714565236,False
gemma,arith_ctx_034_paraphrase,17,0.0,0.0,0.851979655705231,a0.0_b0.0_confidence_gate,0.3184338694079418,0.7810426714565236,False
gemma,arith_ctx_034_untrusted_conflict,13,0.9,0.3,0.6307594388669449,a0.9_b0.3,0.6498254688199823,0.731708170860754,True
gemma,arith_ctx_034_untrusted_conflict,14,0.9,0.3,0.4685748106106256,a0.9_b0.3,0.6498254688199823,0.731708170860754,True
gemma,arith_ctx_034_untrusted_conflict,15,0.9,0.3,0.4768477295837981,a0.9_b0.3,0.6498254688199823,0.731708170860754,True
gemma,arith_ctx_034_untrusted_conflict,16,0.0,0.0,0.3723123334042743,a0.0_b0.0,0.6498254688199823,0.731708170860754,True
gemma,arith_ctx_034_untrusted_conflict,17,0.0,0.0,0.7559138534073847,a0.0_b0.0,0.6498254688199823,0.731708170860754,True
gemma,arith_ctx_034_asserted_conflict,13,0.0,0.0,0.9732386163874718,a0.0_b0.0_confidence_gate,0.2926090626116323,0.78156235548314,False
gemma,arith_ctx_034_asserted_conflict,14,0.0,0.0,0.6221657756112191,a0.0_b0.0_confidence_gate,0.2926090626116323,0.78156235548314,False
gemma,arith_ctx_034_asserted_conflict,15,0.0,0.0,0.4197611889475958,a0.0_b0.0_confidence_gate,0.2926090626116323,0.78156235548314,False
gemma,arith_ctx_034_asserted_conflict,16,0.0,0.0,0.8686907917177379,a0.0_b0.0_confidence_gate,0.2926090626116323,0.78156235548314,False
gemma,arith_ctx_034_asserted_conflict,17,0.0,0.0,0.9373830790420036,a0.0_b0.0_confidence_gate,0.2926090626116323,0.78156235548314,False
gemma,arith_ctx_034_explicit_correction,13,1.0,0.6,0.5497293746164503,a1.0_b0.6,0.6312301950863434,0.7096236286110659,True
gemma,arith_ctx_034_explicit_correction,14,1.0,0.6,0.5310161496034794,a1.0_b0.6,0.6312301950863434,0.7096236286110659,True
gemma,arith_ctx_034_explicit_correction,15,0.0,0.0,0.5347854096259366,a0.0_b0.0,0.6312301950863434,0.7096236286110659,True
gemma,arith_ctx_034_explicit_correction,16,0.0,0.0,0.7217011631861859,a0.0_b0.0,0.6312301950863434,0.7096236286110659,True
gemma,arith_ctx_034_explicit_correction,17,0.0,0.0,0.7325533284091553,a0.0_b0.0,0.6312301950863434,0.7096236286110659,True
gemma,arith_ctx_034_final_recheck,13,0.0,0.0,0.4835634665256478,a0.0_b0.0_confidence_gate,0.3992590828227116,0.7427454223578677,False
gemma,arith_ctx_034_final_recheck,14,0.0,0.0,0.4048173765387323,a0.0_b0.0_confidence_gate,0.3992590828227116,0.7427454223578677,False
gemma,arith_ctx_034_final_recheck,15,0.0,0.0,0.6834432693004687,a0.0_b0.0_confidence_gate,0.3992590828227116,0.7427454223578677,False
gemma,arith_ctx_034_final_recheck,16,0.0,0.0,0.980903108296063,a0.0_b0.0_confidence_gate,0.3992590828227116,0.7427454223578677,False
gemma,arith_ctx_034_final_recheck,17,0.0,0.0,0.9604126201769334,a0.0_b0.0_confidence_gate,0.3992590828227116,0.7427454223578677,False
gemma,arith_ctx_038_clean,13,0.0,0.0,0.9932775872199056,a0.0_b0.0_confidence_gate,0.0567843724358763,0.2691661483894065,False
gemma,arith_ctx_038_clean,14,0.0,0.0,0.9891058472828465,a0.0_b0.0_confidence_gate,0.0567843724358763,0.2691661483894065,False
gemma,arith_ctx_038_clean,15,0.0,0.0,0.8994557550419018,a0.0_b0.0_confidence_gate,0.0567843724358763,0.2691661483894065,False
gemma,arith_ctx_038_clean,16,0.0,0.0,0.9684214717369974,a0.0_b0.0_confidence_gate,0.0567843724358763,0.2691661483894065,False
gemma,arith_ctx_038_clean,17,0.0,0.0,0.97702337997677,a0.0_b0.0_confidence_gate,0.0567843724358763,0.2691661483894065,False
gemma,arith_ctx_038_paraphrase,13,0.0,0.0,0.9327558131987423,a0.0_b0.0_confidence_gate,0.2212219951169778,0.7368835757321598,False
gemma,arith_ctx_038_paraphrase,14,0.0,0.0,0.8812527561731066,a0.0_b0.0_confidence_gate,0.2212219951169778,0.7368835757321598,False
gemma,arith_ctx_038_paraphrase,15,0.0,0.0,0.8988774871075611,a0.0_b0.0_confidence_gate,0.2212219951169778,0.7368835757321598,False
gemma,arith_ctx_038_paraphrase,16,0.0,0.0,0.9539871025393286,a0.0_b0.0_confidence_gate,0.2212219951169778,0.7368835757321598,False
gemma,arith_ctx_038_paraphrase,17,0.0,0.0,0.8505626627978496,a0.0_b0.0_confidence_gate,0.2212219951169778,0.7368835757321598,False
gemma,arith_ctx_038_untrusted_conflict,13,0.0,0.0,0.9451651539330652,a0.0_b0.0_confidence_gate,0.385353325973173,0.7943125531491496,False
gemma,arith_ctx_038_untrusted_conflict,14,0.0,0.0,0.9003713058682382,a0.0_b0.0_confidence_gate,0.385353325973173,0.7943125531491496,False
gemma,arith_ctx_038_untrusted_conflict,15,0.0,0.0,0.5209629275274148,a0.0_b0.0_confidence_gate,0.385353325973173,0.7943125531491496,False
gemma,arith_ctx_038_untrusted_conflict,16,0.0,0.0,0.4722062375925627,a0.0_b0.0_confidence_gate,0.385353325973173,0.7943125531491496,False
gemma,arith_ctx_038_untrusted_conflict,17,0.0,0.0,0.4134866715704516,a0.0_b0.0_confidence_gate,0.385353325973173,0.7943125531491496,False
gemma,arith_ctx_038_asserted_conflict,13,0.0,0.0,0.9379218419748768,a0.0_b0.0_confidence_gate,0.2881162154181126,0.6870779191172591,False
gemma,arith_ctx_038_asserted_conflict,14,0.0,0.0,0.9000241781041011,a0.0_b0.0_confidence_gate,0.2881162154181126,0.6870779191172591,False
gemma,arith_ctx_038_asserted_conflict,15,0.0,0.0,0.6780842466984965,a0.0_b0.0_confidence_gate,0.2881162154181126,0.6870779191172591,False
gemma,arith_ctx_038_asserted_conflict,16,0.0,0.0,0.49779455026888,a0.0_b0.0_confidence_gate,0.2881162154181126,0.6870779191172591,False
gemma,arith_ctx_038_asserted_conflict,17,0.0,0.0,0.516007183406128,a0.0_b0.0_confidence_gate,0.2881162154181126,0.6870779191172591,False
gemma,arith_ctx_038_explicit_correction,13,1.0,0.6,0.4284140434182532,a1.0_b0.6,0.6577030427401755,0.7336736667498457,True
gemma,arith_ctx_038_explicit_correction,14,1.0,0.6,0.415770823942627,a1.0_b0.6,0.6577030427401755,0.7336736667498457,True
gemma,arith_ctx_038_explicit_correction,15,1.0,0.6,0.4940190933397508,a1.0_b0.6,0.6577030427401755,0.7336736667498457,True
gemma,arith_ctx_038_explicit_correction,16,1.0,0.6,0.4674990826791234,a1.0_b0.6,0.6577030427401755,0.7336736667498457,True
gemma,arith_ctx_038_explicit_correction,17,0.0,0.0,0.4050347661399634,a0.0_b0.0,0.6577030427401755,0.7336736667498457,True
gemma,arith_ctx_038_final_recheck,13,1.0,0.6,0.5218866928486751,a1.0_b0.6,0.6735671784057167,0.6048182621114989,True
gemma,arith_ctx_038_final_recheck,14,1.0,0.6,0.4524841440153609,a1.0_b0.6,0.6735671784057167,0.6048182621114989,True
gemma,arith_ctx_038_final_recheck,15,0.0,0.0,0.4407982636944546,a0.0_b0.0,0.6735671784057167,0.6048182621114989,True
gemma,arith_ctx_038_final_recheck,16,0.0,0.0,0.4916254620418842,a0.0_b0.0,0.6735671784057167,0.6048182621114989,True
gemma,arith_ctx_038_final_recheck,17,0.0,0.0,0.3664762292707282,a0.0_b0.0,0.6735671784057167,0.6048182621114989,True
gemma,arith_ctx_040_clean,13,0.0,0.0,1.0,a0.0_b0.0_confidence_gate,0.0293364142542416,0.2641198041114505,False
gemma,arith_ctx_040_clean,14,0.0,0.0,0.999313351813352,a0.0_b0.0_confidence_gate,0.0293364142542416,0.2641198041114505,False
gemma,arith_ctx_040_clean,15,0.0,0.0,0.9983971679585816,a0.0_b0.0_confidence_gate,0.0293364142542416,0.2641198041114505,False
gemma,arith_ctx_040_clean,16,0.0,0.0,0.977354659232314,a0.0_b0.0_confidence_gate,0.0293364142542416,0.2641198041114505,False
gemma,arith_ctx_040_clean,17,0.0,0.0,0.9805425112556804,a0.0_b0.0_confidence_gate,0.0293364142542416,0.2641198041114505,False
gemma,arith_ctx_040_paraphrase,13,0.0,0.0,0.948380445756292,a0.0_b0.0_confidence_gate,0.1685372213931351,0.7340328248573158,False
gemma,arith_ctx_040_paraphrase,14,0.0,0.0,0.9302181164440504,a0.0_b0.0_confidence_gate,0.1685372213931351,0.7340328248573158,False
gemma,arith_ctx_040_paraphrase,15,0.0,0.0,0.9000898021494824,a0.0_b0.0_confidence_gate,0.1685372213931351,0.7340328248573158,False
gemma,arith_ctx_040_paraphrase,16,0.0,0.0,0.9649630374693544,a0.0_b0.0_confidence_gate,0.1685372213931351,0.7340328248573158,False
gemma,arith_ctx_040_paraphrase,17,0.0,0.0,0.9689039618203212,a0.0_b0.0_confidence_gate,0.1685372213931351,0.7340328248573158,False
gemma,arith_ctx_040_untrusted_conflict,13,0.0,0.0,0.9618630890646426,a0.0_b0.0_confidence_gate,0.1388485929870579,0.7573320871327548,False
gemma,arith_ctx_040_untrusted_conflict,14,0.0,0.0,0.970368499992341,a0.0_b0.0_confidence_gate,0.1388485929870579,0.7573320871327548,False
gemma,arith_ctx_040_untrusted_conflict,15,0.0,0.0,0.9318085295292592,a0.0_b0.0_confidence_gate,0.1388485929870579,0.7573320871327548,False
gemma,arith_ctx_040_untrusted_conflict,16,0.0,0.0,0.9380066994105808,a0.0_b0.0_confidence_gate,0.1388485929870579,0.7573320871327548,False
gemma,arith_ctx_040_untrusted_conflict,17,0.0,0.0,0.9482952574636953,a0.0_b0.0_confidence_gate,0.1388485929870579,0.7573320871327548,False
gemma,arith_ctx_040_asserted_conflict,13,0.0,0.0,0.9770202709819008,a0.0_b0.0_confidence_gate,0.220480523393493,0.723579970348273,False
gemma,arith_ctx_040_asserted_conflict,14,0.0,0.0,0.9618357535696224,a0.0_b0.0_confidence_gate,0.220480523393493,0.723579970348273,False
gemma,arith_ctx_040_asserted_conflict,15,0.0,0.0,0.8899582682681332,a0.0_b0.0_confidence_gate,0.220480523393493,0.723579970348273,False
gemma,arith_ctx_040_asserted_conflict,16,0.0,0.0,0.9380750692632056,a0.0_b0.0_confidence_gate,0.220480523393493,0.723579970348273,False
gemma,arith_ctx_040_asserted_conflict,17,0.0,0.0,0.889473105352577,a0.0_b0.0_confidence_gate,0.220480523393493,0.723579970348273,False
gemma,arith_ctx_040_explicit_correction,13,1.0,0.6,0.5211360213884537,a1.0_b0.6,0.6622862397746958,0.6931514380521249,True
gemma,arith_ctx_040_explicit_correction,14,1.0,0.6,0.4575562779156115,a1.0_b0.6,0.6622862397746958,0.6931514380521249,True
gemma,arith_ctx_040_explicit_correction,15,1.0,0.6,0.4046029185969962,a1.0_b0.6,0.6622862397746958,0.6931514380521249,True
gemma,arith_ctx_040_explicit_correction,16,0.0,0.0,0.4999649295902407,a0.0_b0.0,0.6622862397746958,0.6931514380521249,True
gemma,arith_ctx_040_explicit_correction,17,0.0,0.0,0.5224273040718443,a0.0_b0.0,0.6622862397746958,0.6931514380521249,True
gemma,arith_ctx_040_final_recheck,13,1.0,0.6,0.4244456603676847,a1.0_b0.6,0.6119049382214712,0.7186953355955259,True
gemma,arith_ctx_040_final_recheck,14,0.9,0.3,0.562340338784721,a0.9_b0.3,0.6119049382214712,0.7186953355955259,True
gemma,arith_ctx_040_final_recheck,15,1.0,0.6,0.4518042996965041,a1.0_b0.6,0.6119049382214712,0.7186953355955259,True
gemma,arith_ctx_040_final_recheck,16,1.0,0.6,0.4457437274352198,a1.0_b0.6,0.6119049382214712,0.7186953355955259,True
gemma,arith_ctx_040_final_recheck,17,0.0,0.0,0.5069864287376349,a0.0_b0.0,0.6119049382214712,0.7186953355955259,True
gemma,arith_ctx_043_clean,13,0.0,0.0,0.9772636809025804,a0.0_b0.0_confidence_gate,0.0575812546894603,0.3007554639198166,False
gemma,arith_ctx_043_clean,14,0.0,0.0,0.999313351813352,a0.0_b0.0_confidence_gate,0.0575812546894603,0.3007554639198166,False
gemma,arith_ctx_043_clean,15,0.0,0.0,0.9957299686692992,a0.0_b0.0_confidence_gate,0.0575812546894603,0.3007554639198166,False
gemma,arith_ctx_043_clean,16,0.0,0.0,0.8889625628812642,a0.0_b0.0_confidence_gate,0.0575812546894603,0.3007554639198166,False
gemma,arith_ctx_043_clean,17,0.0,0.0,0.8948377561780785,a0.0_b0.0_confidence_gate,0.0575812546894603,0.3007554639198166,False
gemma,arith_ctx_043_paraphrase,13,0.0,0.0,0.9714696844001272,a0.0_b0.0_confidence_gate,0.1459534068254569,0.7018848060662457,False
gemma,arith_ctx_043_paraphrase,14,0.0,0.0,0.9141295303782788,a0.0_b0.0_confidence_gate,0.1459534068254569,0.7018848060662457,False
gemma,arith_ctx_043_paraphrase,15,0.0,0.0,0.7173022017213632,a0.0_b0.0_confidence_gate,0.1459534068254569,0.7018848060662457,False
gemma,arith_ctx_043_paraphrase,16,0.0,0.0,0.8709632583261149,a0.0_b0.0_confidence_gate,0.1459534068254569,0.7018848060662457,False
gemma,arith_ctx_043_paraphrase,17,0.0,0.0,0.9336744552226602,a0.0_b0.0_confidence_gate,0.1459534068254569,0.7018848060662457,False
gemma,arith_ctx_043_untrusted_conflict,13,0.0,0.0,0.9913334001904652,a0.0_b0.0_confidence_gate,0.1238722074517401,0.630882935591494,False
gemma,arith_ctx_043_untrusted_conflict,14,0.0,0.0,0.9928679028833988,a0.0_b0.0_confidence_gate,0.1238722074517401,0.630882935591494,False
gemma,arith_ctx_043_untrusted_conflict,15,0.0,0.0,0.9764591701242316,a0.0_b0.0_confidence_gate,0.1238722074517401,0.630882935591494,False
gemma,arith_ctx_043_untrusted_conflict,16,0.0,0.0,0.9562237910575382,a0.0_b0.0_confidence_gate,0.1238722074517401,0.630882935591494,False
gemma,arith_ctx_043_untrusted_conflict,17,0.0,0.0,0.9240864343147412,a0.0_b0.0_confidence_gate,0.1238722074517401,0.630882935591494,False
gemma,arith_ctx_043_asserted_conflict,13,0.0,0.0,0.9617900012166491,a0.0_b0.0_confidence_gate,0.2308127733574358,0.6314936781210289,False
gemma,arith_ctx_043_asserted_conflict,14,0.0,0.0,0.9830548780838604,a0.0_b0.0_confidence_gate,0.2308127733574358,0.6314936781210289,False
gemma,arith_ctx_043_asserted_conflict,15,0.0,0.0,0.964247510545508,a0.0_b0.0_confidence_gate,0.2308127733574358,0.6314936781210289,False
gemma,arith_ctx_043_asserted_conflict,16,0.0,0.0,0.9017515203406636,a0.0_b0.0_confidence_gate,0.2308127733574358,0.6314936781210289,False
gemma,arith_ctx_043_asserted_conflict,17,0.0,0.0,0.420874814381556,a0.0_b0.0_confidence_gate,0.2308127733574358,0.6314936781210289,False
gemma,arith_ctx_043_explicit_correction,13,1.0,0.6,0.4616097151073967,a1.0_b0.6,0.6375429249676463,0.7391863694706441,True
gemma,arith_ctx_043_explicit_correction,14,0.0,0.0,0.5863197298572449,a0.0_b0.0,0.6375429249676463,0.7391863694706441,True
gemma,arith_ctx_043_explicit_correction,15,0.0,0.0,0.5476556668333405,a0.0_b0.0,0.6375429249676463,0.7391863694706441,True
gemma,arith_ctx_043_explicit_correction,16,1.0,0.6,0.4511227490222552,a1.0_b0.6,0.6375429249676463,0.7391863694706441,True
gemma,arith_ctx_043_explicit_correction,17,1.0,0.6,0.4279314712188716,a1.0_b0.6,0.6375429249676463,0.7391863694706441,True
gemma,arith_ctx_043_final_recheck,13,0.0,0.0,0.7083177474652587,a0.0_b0.0,0.6032649146897247,0.7979180750660753,True
gemma,arith_ctx_043_final_recheck,14,0.3,0.3,0.5510468882450107,a0.3_b0.3,0.6032649146897247,0.7979180750660753,True
gemma,arith_ctx_043_final_recheck,15,0.3,0.3,0.4835586430594121,a0.3_b0.3,0.6032649146897247,0.7979180750660753,True
gemma,arith_ctx_043_final_recheck,16,0.3,0.3,0.3813259585680002,a0.3_b0.3,0.6032649146897247,0.7979180750660753,True
gemma,arith_ctx_043_final_recheck,17,0.3,0.3,0.3871234663008994,a0.3_b0.3,0.6032649146897247,0.7979180750660753,True
gemma,arith_ctx_048_clean,13,0.0,0.0,0.9033594105037728,a0.0_b0.0_confidence_gate,0.0592783604934475,0.2840346926458061,False
gemma,arith_ctx_048_clean,14,0.0,0.0,0.9014611085498792,a0.0_b0.0_confidence_gate,0.0592783604934475,0.2840346926458061,False
gemma,arith_ctx_048_clean,15,0.0,0.0,0.8542581393643686,a0.0_b0.0_confidence_gate,0.0592783604934475,0.2840346926458061,False
gemma,arith_ctx_048_clean,16,0.0,0.0,0.999313351813352,a0.0_b0.0_confidence_gate,0.0592783604934475,0.2840346926458061,False
gemma,arith_ctx_048_clean,17,0.0,0.0,0.9973842794759824,a0.0_b0.0_confidence_gate,0.0592783604934475,0.2840346926458061,False
gemma,arith_ctx_048_paraphrase,13,0.0,0.0,0.9381416153380692,a0.0_b0.0,0.5354095949108661,0.8031173156764823,True
gemma,arith_ctx_048_paraphrase,14,0.0,0.0,0.6202536649820702,a0.0_b0.0,0.5354095949108661,0.8031173156764823,True
gemma,arith_ctx_048_paraphrase,15,0.0,0.0,0.4380735454530739,a0.0_b0.0,0.5354095949108661,0.8031173156764823,True
gemma,arith_ctx_048_paraphrase,16,0.0,0.0,0.5773227434390907,a0.0_b0.0,0.5354095949108661,0.8031173156764823,True
gemma,arith_ctx_048_paraphrase,17,0.0,0.0,0.6254069682530541,a0.0_b0.0,0.5354095949108661,0.8031173156764823,True
gemma,arith_ctx_048_untrusted_conflict,13,0.0,0.0,0.7810187434906957,a0.0_b0.0,0.5396636686161356,0.805511115036975,True
gemma,arith_ctx_048_untrusted_conflict,14,0.0,0.0,0.7083180461034422,a0.0_b0.0,0.5396636686161356,0.805511115036975,True
gemma,arith_ctx_048_untrusted_conflict,15,1.0,0.6,0.4802549513922167,a1.0_b0.6,0.5396636686161356,0.805511115036975,True
gemma,arith_ctx_048_untrusted_conflict,16,1.0,0.6,0.4500534317955004,a1.0_b0.6,0.5396636686161356,0.805511115036975,True
gemma,arith_ctx_048_untrusted_conflict,17,1.0,0.6,0.426592012467781,a1.0_b0.6,0.5396636686161356,0.805511115036975,True
gemma,arith_ctx_048_asserted_conflict,13,0.0,0.0,0.8763797070980823,a0.0_b0.0_confidence_gate,0.413284665302092,0.8114895296022653,False
gemma,arith_ctx_048_asserted_conflict,14,0.0,0.0,0.6979527118707451,a0.0_b0.0_confidence_gate,0.413284665302092,0.8114895296022653,False
gemma,arith_ctx_048_asserted_conflict,15,0.0,0.0,0.4631579296216211,a0.0_b0.0_confidence_gate,0.413284665302092,0.8114895296022653,False
gemma,arith_ctx_048_asserted_conflict,16,0.0,0.0,0.4868182390072713,a0.0_b0.0_confidence_gate,0.413284665302092,0.8114895296022653,False
gemma,arith_ctx_048_asserted_conflict,17,0.0,0.0,0.5175254226171637,a0.0_b0.0_confidence_gate,0.413284665302092,0.8114895296022653,False
gemma,arith_ctx_048_explicit_correction,13,0.9,0.3,0.5694306427745874,a0.9_b0.3,0.7178825722465703,0.648376284897636,True
gemma,arith_ctx_048_explicit_correction,14,0.9,0.3,0.5978445298379448,a0.9_b0.3,0.7178825722465703,0.648376284897636,True
gemma,arith_ctx_048_explicit_correction,15,0.9,0.3,0.4380831942016223,a0.9_b0.3,0.7178825722465703,0.648376284897636,True
gemma,arith_ctx_048_explicit_correction,16,0.9,0.3,0.4231136425070784,a0.9_b0.3,0.7178825722465703,0.648376284897636,True
gemma,arith_ctx_048_explicit_correction,17,0.9,0.3,0.5646288410946197,a0.9_b0.3,0.7178825722465703,0.648376284897636,True
gemma,arith_ctx_048_final_recheck,13,1.0,0.6,0.3609301615100562,a1.0_b0.6,0.6344104449260172,0.7006752916737946,True
gemma,arith_ctx_048_final_recheck,14,0.9,0.3,0.3707924973052951,a0.9_b0.3,0.6344104449260172,0.7006752916737946,True
gemma,arith_ctx_048_final_recheck,15,0.0,0.0,0.4244610653454295,a0.0_b0.0,0.6344104449260172,0.7006752916737946,True
gemma,arith_ctx_048_final_recheck,16,1.0,0.6,0.4259369966524857,a1.0_b0.6,0.6344104449260172,0.7006752916737946,True
gemma,arith_ctx_048_final_recheck,17,0.0,0.0,0.5283111945425694,a0.0_b0.0,0.6344104449260172,0.7006752916737946,True
gemma,arith_ctx_051_clean,13,0.0,0.0,0.9862353883918328,a0.0_b0.0_confidence_gate,0.0289912283386358,0.1533136611043106,False
gemma,arith_ctx_051_clean,14,0.0,0.0,0.9891058472828465,a0.0_b0.0_confidence_gate,0.0289912283386358,0.1533136611043106,False
gemma,arith_ctx_051_clean,15,0.0,0.0,0.9945988395215198,a0.0_b0.0_confidence_gate,0.0289912283386358,0.1533136611043106,False
gemma,arith_ctx_051_clean,16,0.0,0.0,0.9862353883918328,a0.0_b0.0_confidence_gate,0.0289912283386358,0.1533136611043106,False
gemma,arith_ctx_051_clean,17,0.0,0.0,0.9797464473865898,a0.0_b0.0_confidence_gate,0.0289912283386358,0.1533136611043106,False
gemma,arith_ctx_051_paraphrase,13,0.0,0.0,0.4852655832031825,a0.0_b0.0_confidence_gate,0.2320070586508587,0.6721401815664247,False
gemma,arith_ctx_051_paraphrase,14,0.0,0.0,0.8204010193347047,a0.0_b0.0_confidence_gate,0.2320070586508587,0.6721401815664247,False
gemma,arith_ctx_051_paraphrase,15,0.0,0.0,0.9753141979307772,a0.0_b0.0_confidence_gate,0.2320070586508587,0.6721401815664247,False
gemma,arith_ctx_051_paraphrase,16,0.0,0.0,0.8400764207921122,a0.0_b0.0_confidence_gate,0.2320070586508587,0.6721401815664247,False
gemma,arith_ctx_051_paraphrase,17,0.0,0.0,0.8682541643102383,a0.0_b0.0_confidence_gate,0.2320070586508587,0.6721401815664247,False
gemma,arith_ctx_051_untrusted_conflict,13,0.0,0.0,0.9919670681925196,a0.0_b0.0_confidence_gate,0.1608626767480518,0.6768480258492704,False
gemma,arith_ctx_051_untrusted_conflict,14,0.0,0.0,0.9794871390759692,a0.0_b0.0_confidence_gate,0.1608626767480518,0.6768480258492704,False
gemma,arith_ctx_051_untrusted_conflict,15,0.0,0.0,0.9857215578526016,a0.0_b0.0_confidence_gate,0.1608626767480518,0.6768480258492704,False
gemma,arith_ctx_051_untrusted_conflict,16,0.0,0.0,0.9775626994240892,a0.0_b0.0_confidence_gate,0.1608626767480518,0.6768480258492704,False
gemma,arith_ctx_051_untrusted_conflict,17,0.0,0.0,0.6383797003051879,a0.0_b0.0_confidence_gate,0.1608626767480518,0.6768480258492704,False
gemma,arith_ctx_051_asserted_conflict,13,0.0,0.0,0.966964407227162,a0.0_b0.0_confidence_gate,0.2001917295040083,0.7272086850130066,False
gemma,arith_ctx_051_asserted_conflict,14,0.0,0.0,0.9348798164690596,a0.0_b0.0_confidence_gate,0.2001917295040083,0.7272086850130066,False
gemma,arith_ctx_051_asserted_conflict,15,0.0,0.0,0.9333653386752038,a0.0_b0.0_confidence_gate,0.2001917295040083,0.7272086850130066,False
gemma,arith_ctx_051_asserted_conflict,16,0.0,0.0,0.9049225062974752,a0.0_b0.0_confidence_gate,0.2001917295040083,0.7272086850130066,False
gemma,arith_ctx_051_asserted_conflict,17,0.0,0.0,0.6665354462986032,a0.0_b0.0_confidence_gate,0.2001917295040083,0.7272086850130066,False
gemma,arith_ctx_051_explicit_correction,13,1.0,0.6,0.3948973409750221,a1.0_b0.6,0.5517370231635181,0.7306714853145262,True
gemma,arith_ctx_051_explicit_correction,14,0.9,0.3,0.4889815653045248,a0.9_b0.3,0.5517370231635181,0.7306714853145262,True
gemma,arith_ctx_051_explicit_correction,15,0.0,0.0,0.891734524608312,a0.0_b0.0,0.5517370231635181,0.7306714853145262,True
gemma,arith_ctx_051_explicit_correction,16,1.0,0.6,0.4906021643606265,a1.0_b0.6,0.5517370231635181,0.7306714853145262,True
gemma,arith_ctx_051_explicit_correction,17,0.0,0.0,0.4538947616666152,a0.0_b0.0,0.5517370231635181,0.7306714853145262,True
gemma,arith_ctx_051_final_recheck,13,0.3,0.3,0.4534469887351626,a0.3_b0.3,0.7266888623528436,0.6868389446822876,True
gemma,arith_ctx_051_final_recheck,14,0.3,0.3,0.4716384369051391,a0.3_b0.3,0.7266888623528436,0.6868389446822876,True
gemma,arith_ctx_051_final_recheck,15,0.0,0.0,0.3603240001418536,a0.0_b0.0,0.7266888623528436,0.6868389446822876,True
gemma,arith_ctx_051_final_recheck,16,0.3,0.3,0.4902681515374159,a0.3_b0.3,0.7266888623528436,0.6868389446822876,True
gemma,arith_ctx_051_final_recheck,17,1.0,0.6,0.3198482373605433,a1.0_b0.6,0.7266888623528436,0.6868389446822876,True
gemma,arith_ctx_054_clean,13,0.0,0.0,0.8618179206920824,a0.0_b0.0_confidence_gate,0.1132064716306163,0.4019454781174098,False
gemma,arith_ctx_054_clean,14,0.0,0.0,0.8911627132566945,a0.0_b0.0_confidence_gate,0.1132064716306163,0.4019454781174098,False
gemma,arith_ctx_054_clean,15,0.0,0.0,0.9957299686692992,a0.0_b0.0_confidence_gate,0.1132064716306163,0.4019454781174098,False
gemma,arith_ctx_054_clean,16,0.0,0.0,0.9100950311282824,a0.0_b0.0_confidence_gate,0.1132064716306163,0.4019454781174098,False
gemma,arith_ctx_054_clean,17,0.0,0.0,0.9665287319273378,a0.0_b0.0_confidence_gate,0.1132064716306163,0.4019454781174098,False
gemma,arith_ctx_054_paraphrase,13,0.0,0.0,0.4934485365249624,a0.0_b0.0_confidence_gate,0.3745569635318888,0.8109475955988572,False
gemma,arith_ctx_054_paraphrase,14,0.0,0.0,0.831289701693934,a0.0_b0.0_confidence_gate,0.3745569635318888,0.8109475955988572,False
gemma,arith_ctx_054_paraphrase,15,0.0,0.0,0.5212093802942603,a0.0_b0.0_confidence_gate,0.3745569635318888,0.8109475955988572,False
gemma,arith_ctx_054_paraphrase,16,0.0,0.0,0.8824053644600273,a0.0_b0.0_confidence_gate,0.3745569635318888,0.8109475955988572,False
gemma,arith_ctx_054_paraphrase,17,0.0,0.0,0.8856279780175241,a0.0_b0.0_confidence_gate,0.3745569635318888,0.8109475955988572,False
gemma,arith_ctx_054_untrusted_conflict,13,0.0,0.0,0.5162638445713776,a0.0_b0.0_confidence_gate,0.4872973023244274,0.7819220577568406,False
gemma,arith_ctx_054_untrusted_conflict,14,0.0,0.0,0.4106310994061632,a0.0_b0.0_confidence_gate,0.4872973023244274,0.7819220577568406,False
gemma,arith_ctx_054_untrusted_conflict,15,0.0,0.0,0.8591241932050315,a0.0_b0.0_confidence_gate,0.4872973023244274,0.7819220577568406,False
gemma,arith_ctx_054_untrusted_conflict,16,0.0,0.0,0.7723543605995998,a0.0_b0.0_confidence_gate,0.4872973023244274,0.7819220577568406,False
gemma,arith_ctx_054_untrusted_conflict,17,0.0,0.0,0.94079572054119,a0.0_b0.0_confidence_gate,0.4872973023244274,0.7819220577568406,False
gemma,arith_ctx_054_asserted_conflict,13,0.0,0.0,0.361909952621064,a0.0_b0.0_confidence_gate,0.3881291433646859,0.8293190967910355,False
gemma,arith_ctx_054_asserted_conflict,14,0.0,0.0,0.6901537133876776,a0.0_b0.0_confidence_gate,0.3881291433646859,0.8293190967910355,False
gemma,arith_ctx_054_asserted_conflict,15,0.0,0.0,0.7063400805351856,a0.0_b0.0_confidence_gate,0.3881291433646859,0.8293190967910355,False
gemma,arith_ctx_054_asserted_conflict,16,0.0,0.0,0.4910525682652099,a0.0_b0.0_confidence_gate,0.3881291433646859,0.8293190967910355,False
gemma,arith_ctx_054_asserted_conflict,17,0.0,0.0,0.9691333982111344,a0.0_b0.0_confidence_gate,0.3881291433646859,0.8293190967910355,False
gemma,arith_ctx_054_explicit_correction,13,0.0,0.0,0.4539620394717596,a0.0_b0.0_confidence_gate,0.4537611863227229,0.8209278005564089,False
gemma,arith_ctx_054_explicit_correction,14,0.0,0.0,0.4797835373704775,a0.0_b0.0_confidence_gate,0.4537611863227229,0.8209278005564089,False
gemma,arith_ctx_054_explicit_correction,15,0.0,0.0,0.7440863950421801,a0.0_b0.0_confidence_gate,0.4537611863227229,0.8209278005564089,False
gemma,arith_ctx_054_explicit_correction,16,0.0,0.0,0.8691663108963334,a0.0_b0.0_confidence_gate,0.4537611863227229,0.8209278005564089,False
gemma,arith_ctx_054_explicit_correction,17,0.0,0.0,0.6654411849647572,a0.0_b0.0_confidence_gate,0.4537611863227229,0.8209278005564089,False
gemma,arith_ctx_054_final_recheck,13,0.0,0.0,0.4348871793784457,a0.0_b0.0_confidence_gate,0.3497571913771641,0.7589075952554536,False
gemma,arith_ctx_054_final_recheck,14,0.0,0.0,0.7572692192457027,a0.0_b0.0_confidence_gate,0.3497571913771641,0.7589075952554536,False
gemma,arith_ctx_054_final_recheck,15,0.0,0.0,0.5637947672096734,a0.0_b0.0_confidence_gate,0.3497571913771641,0.7589075952554536,False
gemma,arith_ctx_054_final_recheck,16,0.0,0.0,0.9822555332400283,a0.0_b0.0_confidence_gate,0.3497571913771641,0.7589075952554536,False
gemma,arith_ctx_054_final_recheck,17,0.0,0.0,0.9814445434903932,a0.0_b0.0_confidence_gate,0.3497571913771641,0.7589075952554536,False
gemma,arith_ctx_057_clean,13,0.0,0.0,0.9618581276511744,a0.0_b0.0_confidence_gate,0.1471477395654569,0.5470931119242394,False
gemma,arith_ctx_057_clean,14,0.0,0.0,0.8975137401288265,a0.0_b0.0_confidence_gate,0.1471477395654569,0.5470931119242394,False
gemma,arith_ctx_057_clean,15,0.0,0.0,0.8311045202946654,a0.0_b0.0_confidence_gate,0.1471477395654569,0.5470931119242394,False
gemma,arith_ctx_057_clean,16,0.0,0.0,0.8662361191062179,a0.0_b0.0_confidence_gate,0.1471477395654569,0.5470931119242394,False
gemma,arith_ctx_057_clean,17,0.0,0.0,0.8289164533874385,a0.0_b0.0_confidence_gate,0.1471477395654569,0.5470931119242394,False
gemma,arith_ctx_057_paraphrase,13,0.0,0.0,0.9840210448010136,a0.0_b0.0_confidence_gate,0.4763656637603136,0.8278988953278331,False
gemma,arith_ctx_057_paraphrase,14,0.0,0.0,0.6406983935797997,a0.0_b0.0_confidence_gate,0.4763656637603136,0.8278988953278331,False
gemma,arith_ctx_057_paraphrase,15,0.0,0.0,0.43074834300788,a0.0_b0.0_confidence_gate,0.4763656637603136,0.8278988953278331,False
gemma,arith_ctx_057_paraphrase,16,0.0,0.0,0.5461332681643446,a0.0_b0.0_confidence_gate,0.4763656637603136,0.8278988953278331,False
gemma,arith_ctx_057_paraphrase,17,0.0,0.0,0.4950919895662763,a0.0_b0.0_confidence_gate,0.4763656637603136,0.8278988953278331,False
gemma,arith_ctx_057_untrusted_conflict,13,0.0,0.0,0.9270021063822804,a0.0_b0.0_confidence_gate,0.3728755972604461,0.912240560732059,False
gemma,arith_ctx_057_untrusted_conflict,14,0.0,0.0,0.7808624626529942,a0.0_b0.0_confidence_gate,0.3728755972604461,0.912240560732059,False
gemma,arith_ctx_057_untrusted_conflict,15,0.0,0.0,0.5129225860634705,a0.0_b0.0_confidence_gate,0.3728755972604461,0.912240560732059,False
gemma,arith_ctx_057_untrusted_conflict,16,0.0,0.0,0.7558744561984576,a0.0_b0.0_confidence_gate,0.3728755972604461,0.912240560732059,False
gemma,arith_ctx_057_untrusted_conflict,17,0.0,0.0,0.4691461544851615,a0.0_b0.0_confidence_gate,0.3728755972604461,0.912240560732059,False
gemma,arith_ctx_057_asserted_conflict,13,0.0,0.0,0.9275837101801556,a0.0_b0.0_confidence_gate,0.3566749517401368,0.7730656146473424,False
gemma,arith_ctx_057_asserted_conflict,14,0.0,0.0,0.8833669367682727,a0.0_b0.0_confidence_gate,0.3566749517401368,0.7730656146473424,False
gemma,arith_ctx_057_asserted_conflict,15,0.0,0.0,0.4312640879920451,a0.0_b0.0_confidence_gate,0.3566749517401368,0.7730656146473424,False
gemma,arith_ctx_057_asserted_conflict,16,0.0,0.0,0.5887846454208435,a0.0_b0.0_confidence_gate,0.3566749517401368,0.7730656146473424,False
gemma,arith_ctx_057_asserted_conflict,17,0.0,0.0,0.4532172312531871,a0.0_b0.0_confidence_gate,0.3566749517401368,0.7730656146473424,False
gemma,arith_ctx_057_explicit_correction,13,0.9,0.3,0.4093965684456635,a0.9_b0.3,0.6655801554328552,0.7585064283587419,True
gemma,arith_ctx_057_explicit_correction,14,0.9,0.3,0.4666785283181184,a0.9_b0.3,0.6655801554328552,0.7585064283587419,True
gemma,arith_ctx_057_explicit_correction,15,0.9,0.3,0.5595341482683674,a0.9_b0.3,0.6655801554328552,0.7585064283587419,True
gemma,arith_ctx_057_explicit_correction,16,0.0,0.0,0.4076322200502129,a0.0_b0.0,0.6655801554328552,0.7585064283587419,True
gemma,arith_ctx_057_explicit_correction,17,0.9,0.3,0.4588849620076554,a0.9_b0.3,0.6655801554328552,0.7585064283587419,True
gemma,arith_ctx_057_final_recheck,13,0.0,0.0,0.4092036630491574,a0.0_b0.0_confidence_gate,0.2894591030216683,0.8157754449004508,False
gemma,arith_ctx_057_final_recheck,14,0.0,0.0,0.985768417849362,a0.0_b0.0_confidence_gate,0.2894591030216683,0.8157754449004508,False
gemma,arith_ctx_057_final_recheck,15,0.0,0.0,0.7955024335755237,a0.0_b0.0_confidence_gate,0.2894591030216683,0.8157754449004508,False
gemma,arith_ctx_057_final_recheck,16,0.0,0.0,0.9828618791594376,a0.0_b0.0_confidence_gate,0.2894591030216683,0.8157754449004508,False
gemma,arith_ctx_057_final_recheck,17,0.0,0.0,0.8883340576244514,a0.0_b0.0_confidence_gate,0.2894591030216683,0.8157754449004508,False
