prompt_id,problem_id,condition,mechanism,mechanism_id,expression,correct_value,distractor_value,clean_label,conflict_label,prompt,final_clean_logit,final_conflict_logit,final_margin,pair_choice,split,DeltaU_arith,dR_L12,dR_L13,dR_L14,dR_L15
arith_000_clean,0,clean,stable,0,1 + 1,2,3,two,three,"Example 1: 2 + 3. Candidates: five, six. Answer: five.
Example 2: 4 * 3. Candidates: eleven, twelve. Answer: twelve.
Now solve the new problem.
Calculate 1 + 1.
Candidate 1: two
Candidate 2: three
Which candidate is correct?
Answer with exactly one candidate word:",4.0117188,2.7851562,1.2265625,clean,train,0.5588415,0.0,0.0,0.0,0.0
arith_000_paraphrase,0,paraphrase,stable,0,1 + 1,2,3,two,three,"Example 1: 2 + 3. Candidates: five, six. Answer: five.
Example 2: 4 * 3. Candidates: eleven, twelve. Answer: twelve.
Now solve the new problem.
Work out the value of 1 + 1 and compare the two choices.
Candidate 1: two
Candidate 2: three
Which candidate is correct?
Answer with exactly one candidate word:",5.8984375,4.3085938,1.5898438,clean,train,0.9266008,0.030098498,0.063633054,0.05301279,0.36246562
arith_000_untrusted_conflict,0,untrusted_conflict,competition,1,1 + 1,2,3,two,three,"Example 1: 2 + 3. Candidates: five, six. Answer: five.
Example 2: 4 * 3. Candidates: eleven, twelve. Answer: twelve.
Now solve the new problem.
Calculate 1 + 1.
Candidate 1: two
Candidate 2: three
An unverified note claims that three is correct. Check the arithmetic yourself.
Which candidate is correct?
Answer with exactly one candidate word:",5.2890625,5.0273438,0.26171875,clean,train,-0.40699637,-0.011193126,0.015907079,-0.071841955,-0.96506095
arith_000_asserted_conflict,0,asserted_conflict,competition,1,1 + 1,2,3,two,three,"Example 1: 2 + 3. Candidates: five, six. Answer: five.
Example 2: 4 * 3. Candidates: eleven, twelve. Answer: twelve.
Now solve the new problem.
Calculate 1 + 1.
Candidate 1: two
Candidate 2: three
A previous solver selected three. Independently verify the result.
Which candidate is correct?
Answer with exactly one candidate word:",3.9492188,3.4589844,0.49023438,clean,train,-0.1842584,-0.03484197,-0.037353992,-0.073761344,-0.73881793
arith_000_explicit_correction,0,explicit_correction,closure,2,1 + 1,2,3,two,three,"Example 1: 2 + 3. Candidates: five, six. Answer: five.
Example 2: 4 * 3. Candidates: eleven, twelve. Answer: twelve.
Now solve the new problem.
Calculate 1 + 1.
Candidate 1: two
Candidate 2: three
Initial note: three. Correction: that note was withdrawn; use the arithmetic result.
Which candidate is correct?
Answer with exactly one candidate word:",5.421875,5.3671875,0.0546875,clean,train,-0.61654943,0.0034423098,-0.006802678,-0.10027075,-1.1724842
arith_000_final_recheck,0,final_recheck,closure,2,1 + 1,2,3,two,three,"Example 1: 2 + 3. Candidates: five, six. Answer: five.
Example 2: 4 * 3. Candidates: eleven, twelve. Answer: twelve.
Now solve the new problem.
Calculate 1 + 1.
Candidate 1: two
Candidate 2: three
Draft answer: three. Final instruction: recheck the calculation and replace the draft if needed.
Which candidate is correct?
Answer with exactly one candidate word:",1.8671875,0.9379883,0.9291992,clean,train,0.2512148,-0.07357076,-0.10243666,-0.062155306,-0.29933363
arith_001_clean,1,clean,stable,0,2 + 1,3,2,three,two,"Example 1: 2 + 3. Candidates: five, six. Answer: five.
Example 2: 4 * 3. Candidates: eleven, twelve. Answer: twelve.
Now solve the new problem.
Calculate 2 + 1.
Candidate 1: two
Candidate 2: three
Which candidate is correct?
Answer with exactly one candidate word:",3.6933594,6.2773438,-2.5839844,conflict,heldout,0.5588415,0.0,0.0,0.0,0.0
arith_001_paraphrase,1,paraphrase,stable,0,2 + 1,3,2,three,two,"Example 1: 2 + 3. Candidates: five, six. Answer: five.
Example 2: 4 * 3. Candidates: eleven, twelve. Answer: twelve.
Now solve the new problem.
Work out the value of 2 + 1 and compare the two choices.
Candidate 1: two
Candidate 2: three
Which candidate is correct?
Answer with exactly one candidate word:",4.8867188,7.6601562,-2.7734375,conflict,heldout,0.36190122,-0.02546943,-0.06032771,-0.075754166,-0.18731022
arith_001_untrusted_conflict,1,untrusted_conflict,competition,1,2 + 1,3,2,three,two,"Example 1: 2 + 3. Candidates: five, six. Answer: five.
Example 2: 4 * 3. Candidates: eleven, twelve. Answer: twelve.
Now solve the new problem.
Calculate 2 + 1.
Candidate 1: two
Candidate 2: three
An unverified note claims that two is correct. Check the arithmetic yourself.
Which candidate is correct?
Answer with exactly one candidate word:",5.15625,8.1875,-3.03125,conflict,heldout,0.09872556,0.00550887,-0.050685465,-0.14131391,-0.4448018
arith_001_asserted_conflict,1,asserted_conflict,competition,1,2 + 1,3,2,three,two,"Example 1: 2 + 3. Candidates: five, six. Answer: five.
Example 2: 4 * 3. Candidates: eleven, twelve. Answer: twelve.
Now solve the new problem.
Calculate 2 + 1.
Candidate 1: two
Candidate 2: three
A previous solver selected two. Independently verify the result.
Which candidate is correct?
Answer with exactly one candidate word:",4.3554688,6.4179688,-2.0625,conflict,heldout,1.086443,0.02090104,0.018283993,0.04570663,0.52563524
arith_001_explicit_correction,1,explicit_correction,closure,2,2 + 1,3,2,three,two,"Example 1: 2 + 3. Candidates: five, six. Answer: five.
Example 2: 4 * 3. Candidates: eleven, twelve. Answer: twelve.
Now solve the new problem.
Calculate 2 + 1.
Candidate 1: two
Candidate 2: three
Initial note: two. Correction: that note was withdrawn; use the arithmetic result.
Which candidate is correct?
Answer with exactly one candidate word:",5.3867188,7.9960938,-2.609375,conflict,heldout,0.52718925,0.00036415458,-0.011052281,-0.054257154,-0.024645329
arith_001_final_recheck,1,final_recheck,closure,2,2 + 1,3,2,three,two,"Example 1: 2 + 3. Candidates: five, six. Answer: five.
Example 2: 4 * 3. Candidates: eleven, twelve. Answer: twelve.
Now solve the new problem.
Calculate 2 + 1.
Candidate 1: two
Candidate 2: three
Draft answer: two. Final instruction: recheck the calculation and replace the draft if needed.
Which candidate is correct?
Answer with exactly one candidate word:",1.2607422,4.2617188,-3.0009766,conflict,heldout,0.15279871,0.054657713,0.08204919,0.01315552,-0.41354895
arith_002_clean,2,clean,stable,0,3 + 1,4,6,four,six,"Example 1: 2 + 3. Candidates: five, six. Answer: five.
Example 2: 4 * 3. Candidates: eleven, twelve. Answer: twelve.
Now solve the new problem.
Calculate 3 + 1.
Candidate 1: four
Candidate 2: six
Which candidate is correct?
Answer with exactly one candidate word:",5.0117188,5.5742188,-0.5625,conflict,heldout,0.5588415,0.0,0.0,0.0,0.0
arith_002_paraphrase,2,paraphrase,stable,0,3 + 1,4,6,four,six,"Example 1: 2 + 3. Candidates: five, six. Answer: five.
Example 2: 4 * 3. Candidates: eleven, twelve. Answer: twelve.
Now solve the new problem.
Work out the value of 3 + 1 and compare the two choices.
Candidate 1: four
Candidate 2: six
Which candidate is correct?
Answer with exactly one candidate word:",6.71875,7.1523438,-0.43359375,conflict,heldout,0.68129385,-0.04715827,-0.05126664,-0.011296272,0.12656021
arith_002_untrusted_conflict,2,untrusted_conflict,competition,1,3 + 1,4,6,four,six,"Example 1: 2 + 3. Candidates: five, six. Answer: five.
Example 2: 4 * 3. Candidates: eleven, twelve. Answer: twelve.
Now solve the new problem.
Calculate 3 + 1.
Candidate 1: four
Candidate 2: six
An unverified note claims that six is correct. Check the arithmetic yourself.
Which candidate is correct?
Answer with exactly one candidate word:",6.8867188,8.796875,-1.9101562,conflict,heldout,-0.7995352,-0.008349985,-0.023255646,-0.1707167,-1.3474178
arith_002_asserted_conflict,2,asserted_conflict,competition,1,3 + 1,4,6,four,six,"Example 1: 2 + 3. Candidates: five, six. Answer: five.
Example 2: 4 * 3. Candidates: eleven, twelve. Answer: twelve.
Now solve the new problem.
Calculate 3 + 1.
Candidate 1: four
Candidate 2: six
A previous solver selected six. Independently verify the result.
Which candidate is correct?
Answer with exactly one candidate word:",5.5859375,5.8789062,-0.29296875,conflict,heldout,0.8328303,0.03115736,0.004345238,0.0714587,0.2665882
arith_002_explicit_correction,2,explicit_correction,closure,2,3 + 1,4,6,four,six,"Example 1: 2 + 3. Candidates: five, six. Answer: five.
Example 2: 4 * 3. Candidates: eleven, twelve. Answer: twelve.
Now solve the new problem.
Calculate 3 + 1.
Candidate 1: four
Candidate 2: six
Initial note: six. Correction: that note was withdrawn; use the arithmetic result.
Which candidate is correct?
Answer with exactly one candidate word:",6.8242188,9.1640625,-2.3398438,conflict,heldout,-1.2284021,-0.03086403,-0.018972456,-0.17763299,-1.7789268
arith_002_final_recheck,2,final_recheck,closure,2,3 + 1,4,6,four,six,"Example 1: 2 + 3. Candidates: five, six. Answer: five.
Example 2: 4 * 3. Candidates: eleven, twelve. Answer: twelve.
Now solve the new problem.
Calculate 3 + 1.
Candidate 1: four
Candidate 2: six
Draft answer: six. Final instruction: recheck the calculation and replace the draft if needed.
Which candidate is correct?
Answer with exactly one candidate word:",3.3339844,4.5898438,-1.2558594,conflict,heldout,-0.14239573,0.009269416,-0.025791377,-0.106547356,-0.693084
arith_003_clean,3,clean,stable,0,4 + 1,5,3,five,three,"Example 1: 2 + 3. Candidates: five, six. Answer: five.
Example 2: 4 * 3. Candidates: eleven, twelve. Answer: twelve.
Now solve the new problem.
Calculate 4 + 1.
Candidate 1: three
Candidate 2: five
Which candidate is correct?
Answer with exactly one candidate word:",4.8515625,4.2226562,0.62890625,clean,train,0.5588415,0.0,0.0,0.0,0.0
arith_003_paraphrase,3,paraphrase,stable,0,4 + 1,5,3,five,three,"Example 1: 2 + 3. Candidates: five, six. Answer: five.
Example 2: 4 * 3. Candidates: eleven, twelve. Answer: twelve.
Now solve the new problem.
Work out the value of 4 + 1 and compare the two choices.
Candidate 1: three
Candidate 2: five
Which candidate is correct?
Answer with exactly one candidate word:",6.0273438,5.3242188,0.703125,clean,train,0.6450816,0.068209484,0.05631736,0.06772721,0.07623434
arith_003_untrusted_conflict,3,untrusted_conflict,competition,1,4 + 1,5,3,five,three,"Example 1: 2 + 3. Candidates: five, six. Answer: five.
Example 2: 4 * 3. Candidates: eleven, twelve. Answer: twelve.
Now solve the new problem.
Calculate 4 + 1.
Candidate 1: three
Candidate 2: five
An unverified note claims that three is correct. Check the arithmetic yourself.
Which candidate is correct?
Answer with exactly one candidate word:",6.2304688,6.4101562,-0.1796875,conflict,train,-0.23958808,0.07648286,0.056886077,0.011151731,-0.8088913
arith_003_asserted_conflict,3,asserted_conflict,competition,1,4 + 1,5,3,five,three,"Example 1: 2 + 3. Candidates: five, six. Answer: five.
Example 2: 4 * 3. Candidates: eleven, twelve. Answer: twelve.
Now solve the new problem.
Calculate 4 + 1.
Candidate 1: three
Candidate 2: five
A previous solver selected three. Independently verify the result.
Which candidate is correct?
Answer with exactly one candidate word:",4.8046875,4.7890625,0.015625,clean,train,-0.057053626,-0.013350397,-0.0220429,-0.0636636,-0.61238
arith_003_explicit_correction,3,explicit_correction,closure,2,4 + 1,5,3,five,three,"Example 1: 2 + 3. Candidates: five, six. Answer: five.
Example 2: 4 * 3. Candidates: eleven, twelve. Answer: twelve.
Now solve the new problem.
Calculate 4 + 1.
Candidate 1: three
Candidate 2: five
Initial note: three. Correction: that note was withdrawn; use the arithmetic result.
Which candidate is correct?
Answer with exactly one candidate word:",6.8164062,6.4765625,0.33984375,clean,train,0.26962027,0.042522937,0.025269002,-0.026604176,-0.28928757
arith_003_final_recheck,3,final_recheck,closure,2,4 + 1,5,3,five,three,"Example 1: 2 + 3. Candidates: five, six. Answer: five.
Example 2: 4 * 3. Candidates: eleven, twelve. Answer: twelve.
Now solve the new problem.
Calculate 4 + 1.
Candidate 1: three
Candidate 2: five
Draft answer: three. Final instruction: recheck the calculation and replace the draft if needed.
Which candidate is correct?
Answer with exactly one candidate word:",2.5429688,2.1367188,0.40625,clean,train,0.32739866,-0.032991126,-0.032059014,-0.07885465,-0.22215486
arith_004_clean,4,clean,stable,0,5 + 1,6,9,six,nine,"Example 1: 2 + 3. Candidates: five, six. Answer: five.
Example 2: 4 * 3. Candidates: eleven, twelve. Answer: twelve.
Now solve the new problem.
Calculate 5 + 1.
Candidate 1: six
Candidate 2: nine
Which candidate is correct?
Answer with exactly one candidate word:",6.09375,6.3164062,-0.22265625,conflict,heldout,0.5588415,0.0,0.0,0.0,0.0
arith_004_paraphrase,4,paraphrase,stable,0,5 + 1,6,9,six,nine,"Example 1: 2 + 3. Candidates: five, six. Answer: five.
Example 2: 4 * 3. Candidates: eleven, twelve. Answer: twelve.
Now solve the new problem.
Work out the value of 5 + 1 and compare the two choices.
Candidate 1: six
Candidate 2: nine
Which candidate is correct?
Answer with exactly one candidate word:",8.171875,7.6796875,0.4921875,clean,heldout,1.2783184,0.027783602,0.005905807,0.08754158,0.7138791
arith_004_untrusted_conflict,4,untrusted_conflict,competition,1,5 + 1,6,9,six,nine,"Example 1: 2 + 3. Candidates: five, six. Answer: five.
Example 2: 4 * 3. Candidates: eleven, twelve. Answer: twelve.
Now solve the new problem.
Calculate 5 + 1.
Candidate 1: six
Candidate 2: nine
An unverified note claims that nine is correct. Check the arithmetic yourself.
Which candidate is correct?
Answer with exactly one candidate word:",7.9296875,8.546875,-0.6171875,conflict,heldout,0.17044097,0.008335024,0.062838465,0.00061255693,-0.39317274
arith_004_asserted_conflict,4,asserted_conflict,competition,1,5 + 1,6,9,six,nine,"Example 1: 2 + 3. Candidates: five, six. Answer: five.
Example 2: 4 * 3. Candidates: eleven, twelve. Answer: twelve.
Now solve the new problem.
Calculate 5 + 1.
Candidate 1: six
Candidate 2: nine
A previous solver selected nine. Independently verify the result.
Which candidate is correct?
Answer with exactly one candidate word:",6.0117188,6.8085938,-0.796875,conflict,heldout,-0.019765735,-0.01312843,0.040467203,-0.08644295,-0.5729904
arith_004_explicit_correction,4,explicit_correction,closure,2,5 + 1,6,9,six,nine,"Example 1: 2 + 3. Candidates: five, six. Answer: five.
Example 2: 4 * 3. Candidates: eleven, twelve. Answer: twelve.
Now solve the new problem.
Calculate 5 + 1.
Candidate 1: six
Candidate 2: nine
Initial note: nine. Correction: that note was withdrawn; use the arithmetic result.
Which candidate is correct?
Answer with exactly one candidate word:",8.0,9.15625,-1.15625,conflict,heldout,-0.37851322,0.0072592646,0.015427053,-0.1215601,-0.93006516
arith_004_final_recheck,4,final_recheck,closure,2,5 + 1,6,9,six,nine,"Example 1: 2 + 3. Candidates: five, six. Answer: five.
Example 2: 4 * 3. Candidates: eleven, twelve. Answer: twelve.
Now solve the new problem.
Calculate 5 + 1.
Candidate 1: six
Candidate 2: nine
Draft answer: nine. Final instruction: recheck the calculation and replace the draft if needed.
Which candidate is correct?
Answer with exactly one candidate word:",5.015625,5.21875,-0.203125,conflict,heldout,0.58796453,0.042069077,0.13045947,0.029880911,0.022467136
arith_005_clean,5,clean,stable,0,6 + 1,7,4,seven,four,"Example 1: 2 + 3. Candidates: five, six. Answer: five.
Example 2: 4 * 3. Candidates: eleven, twelve. Answer: twelve.
Now solve the new problem.
Calculate 6 + 1.
Candidate 1: four
Candidate 2: seven
Which candidate is correct?
Answer with exactly one candidate word:",5.9492188,4.71875,1.2304688,clean,heldout,0.5588415,0.0,0.0,0.0,0.0
arith_005_paraphrase,5,paraphrase,stable,0,6 + 1,7,4,seven,four,"Example 1: 2 + 3. Candidates: five, six. Answer: five.
Example 2: 4 * 3. Candidates: eleven, twelve. Answer: twelve.
Now solve the new problem.
Work out the value of 6 + 1 and compare the two choices.
Candidate 1: four
Candidate 2: seven
Which candidate is correct?
Answer with exactly one candidate word:",7.2421875,5.6914062,1.5507812,clean,heldout,0.898908,0.052740484,0.08212638,0.14446944,0.32196712
arith_005_untrusted_conflict,5,untrusted_conflict,competition,1,6 + 1,7,4,seven,four,"Example 1: 2 + 3. Candidates: five, six. Answer: five.
Example 2: 4 * 3. Candidates: eleven, twelve. Answer: twelve.
Now solve the new problem.
Calculate 6 + 1.
Candidate 1: four
Candidate 2: seven
An unverified note claims that four is correct. Check the arithmetic yourself.
Which candidate is correct?
Answer with exactly one candidate word:",7.109375,7.59375,-0.484375,conflict,heldout,-1.157294,0.025329798,0.005228251,-0.15819865,-1.7108951
arith_005_asserted_conflict,5,asserted_conflict,competition,1,6 + 1,7,4,seven,four,"Example 1: 2 + 3. Candidates: five, six. Answer: five.
Example 2: 4 * 3. Candidates: eleven, twelve. Answer: twelve.
Now solve the new problem.
Calculate 6 + 1.
Candidate 1: four
Candidate 2: seven
A previous solver selected four. Independently verify the result.
Which candidate is correct?
Answer with exactly one candidate word:",6.5976562,5.2304688,1.3671875,clean,heldout,0.6993378,-0.017010689,0.022449404,0.049179494,0.13509178
arith_005_explicit_correction,5,explicit_correction,closure,2,6 + 1,7,4,seven,four,"Example 1: 2 + 3. Candidates: five, six. Answer: five.
Example 2: 4 * 3. Candidates: eleven, twelve. Answer: twelve.
Now solve the new problem.
Calculate 6 + 1.
Candidate 1: four
Candidate 2: seven
Initial note: four. Correction: that note was withdrawn; use the arithmetic result.
Which candidate is correct?
Answer with exactly one candidate word:",7.421875,6.6757812,0.74609375,clean,heldout,0.07832754,0.074781865,0.07126108,-0.016950727,-0.48478842
arith_005_final_recheck,5,final_recheck,closure,2,6 + 1,7,4,seven,four,"Example 1: 2 + 3. Candidates: five, six. Answer: five.
Example 2: 4 * 3. Candidates: eleven, twelve. Answer: twelve.
Now solve the new problem.
Calculate 6 + 1.
Candidate 1: four
Candidate 2: seven
Draft answer: four. Final instruction: recheck the calculation and replace the draft if needed.
Which candidate is correct?
Answer with exactly one candidate word:",4.3984375,3.3984375,1.0,clean,heldout,0.32454345,-0.03261301,-0.022045434,-0.04366392,-0.22982073
arith_006_clean,6,clean,stable,0,7 + 1,8,9,eight,nine,"Example 1: 2 + 3. Candidates: five, six. Answer: five.
Example 2: 4 * 3. Candidates: eleven, twelve. Answer: twelve.
Now solve the new problem.
Calculate 7 + 1.
Candidate 1: eight
Candidate 2: nine
Which candidate is correct?
Answer with exactly one candidate word:",7.7617188,7.4921875,0.26953125,clean,heldout,0.5588415,0.0,0.0,0.0,0.0
arith_006_paraphrase,6,paraphrase,stable,0,7 + 1,8,9,eight,nine,"Example 1: 2 + 3. Candidates: five, six. Answer: five.
Example 2: 4 * 3. Candidates: eleven, twelve. Answer: twelve.
Now solve the new problem.
Work out the value of 7 + 1 and compare the two choices.
Candidate 1: eight
Candidate 2: nine
Which candidate is correct?
Answer with exactly one candidate word:",9.4921875,8.515625,0.9765625,clean,heldout,1.2734059,-0.025469154,-0.035443723,0.11430156,0.7068858
arith_006_untrusted_conflict,6,untrusted_conflict,competition,1,7 + 1,8,9,eight,nine,"Example 1: 2 + 3. Candidates: five, six. Answer: five.
Example 2: 4 * 3. Candidates: eleven, twelve. Answer: twelve.
Now solve the new problem.
Calculate 7 + 1.
Candidate 1: eight
Candidate 2: nine
An unverified note claims that nine is correct. Check the arithmetic yourself.
Which candidate is correct?
Answer with exactly one candidate word:",9.2265625,8.796875,0.4296875,clean,heldout,0.72064006,-0.011117607,-0.020252824,0.021435559,0.1609397
arith_006_asserted_conflict,6,asserted_conflict,competition,1,7 + 1,8,9,eight,nine,"Example 1: 2 + 3. Candidates: five, six. Answer: five.
Example 2: 4 * 3. Candidates: eleven, twelve. Answer: twelve.
Now solve the new problem.
Calculate 7 + 1.
Candidate 1: eight
Candidate 2: nine
A previous solver selected nine. Independently verify the result.
Which candidate is correct?
Answer with exactly one candidate word:",7.4140625,7.4179688,-0.00390625,conflict,heldout,0.28705713,-0.011061698,0.04214853,-0.0053792,-0.2741208
arith_006_explicit_correction,6,explicit_correction,closure,2,7 + 1,8,9,eight,nine,"Example 1: 2 + 3. Candidates: five, six. Answer: five.
Example 2: 4 * 3. Candidates: eleven, twelve. Answer: twelve.
Now solve the new problem.
Calculate 7 + 1.
Candidate 1: eight
Candidate 2: nine
Initial note: nine. Correction: that note was withdrawn; use the arithmetic result.
Which candidate is correct?
Answer with exactly one candidate word:",9.6796875,9.7109375,-0.03125,conflict,heldout,0.25724995,0.008124769,0.032740176,-0.033182025,-0.3006215
arith_006_final_recheck,6,final_recheck,closure,2,7 + 1,8,9,eight,nine,"Example 1: 2 + 3. Candidates: five, six. Answer: five.
Example 2: 4 * 3. Candidates: eleven, twelve. Answer: twelve.
Now solve the new problem.
Calculate 7 + 1.
Candidate 1: eight
Candidate 2: nine
Draft answer: nine. Final instruction: recheck the calculation and replace the draft if needed.
Which candidate is correct?
Answer with exactly one candidate word:",7.1601562,6.390625,0.76953125,clean,heldout,1.0665779,0.029386103,0.06777251,0.083830714,0.49957466
arith_007_clean,7,clean,stable,0,8 + 1,9,8,nine,eight,"Example 1: 2 + 3. Candidates: five, six. Answer: five.
Example 2: 4 * 3. Candidates: eleven, twelve. Answer: twelve.
Now solve the new problem.
Calculate 8 + 1.
Candidate 1: eight
Candidate 2: nine
Which candidate is correct?
Answer with exactly one candidate word:",7.8359375,9.8203125,-1.984375,conflict,train,0.5588415,0.0,0.0,0.0,0.0
arith_007_paraphrase,7,paraphrase,stable,0,8 + 1,9,8,nine,eight,"Example 1: 2 + 3. Candidates: five, six. Answer: five.
Example 2: 4 * 3. Candidates: eleven, twelve. Answer: twelve.
Now solve the new problem.
Work out the value of 8 + 1 and compare the two choices.
Candidate 1: eight
Candidate 2: nine
Which candidate is correct?
Answer with exactly one candidate word:",9.359375,12.171875,-2.8125,conflict,train,-0.29237413,0.019243836,0.033905804,-0.20613313,-0.83264494
arith_007_untrusted_conflict,7,untrusted_conflict,competition,1,8 + 1,9,8,nine,eight,"Example 1: 2 + 3. Candidates: five, six. Answer: five.
Example 2: 4 * 3. Candidates: eleven, twelve. Answer: twelve.
Now solve the new problem.
Calculate 8 + 1.
Candidate 1: eight
Candidate 2: nine
An unverified note claims that eight is correct. Check the arithmetic yourself.
Which candidate is correct?
Answer with exactly one candidate word:",8.6015625,12.6328125,-4.03125,conflict,train,-1.5195379,0.002333343,0.010466993,-0.3982128,-2.044808
arith_007_asserted_conflict,7,asserted_conflict,competition,1,8 + 1,9,8,nine,eight,"Example 1: 2 + 3. Candidates: five, six. Answer: five.
Example 2: 4 * 3. Candidates: eleven, twelve. Answer: twelve.
Now solve the new problem.
Calculate 8 + 1.
Candidate 1: eight
Candidate 2: nine
A previous solver selected eight. Independently verify the result.
Which candidate is correct?
Answer with exactly one candidate word:",7.8007812,9.5078125,-1.7070312,conflict,train,0.82987225,0.013895571,-0.02995801,0.023285031,0.2707572
arith_007_explicit_correction,7,explicit_correction,closure,2,8 + 1,9,8,nine,eight,"Example 1: 2 + 3. Candidates: five, six. Answer: five.
Example 2: 4 * 3. Candidates: eleven, twelve. Answer: twelve.
Now solve the new problem.
Calculate 8 + 1.
Candidate 1: eight
Candidate 2: nine
Initial note: eight. Correction: that note was withdrawn; use the arithmetic result.
Which candidate is correct?
Answer with exactly one candidate word:",9.1640625,12.609375,-3.4453125,conflict,train,-0.93637985,-0.006506324,-0.033406675,-0.29308313,-1.4693255
arith_007_final_recheck,7,final_recheck,closure,2,8 + 1,9,8,nine,eight,"Example 1: 2 + 3. Candidates: five, six. Answer: five.
Example 2: 4 * 3. Candidates: eleven, twelve. Answer: twelve.
Now solve the new problem.
Calculate 8 + 1.
Candidate 1: eight
Candidate 2: nine
Draft answer: eight. Final instruction: recheck the calculation and replace the draft if needed.
Which candidate is correct?
Answer with exactly one candidate word:",5.8164062,8.8984375,-3.0820312,conflict,train,-0.55162925,-0.0241144,-0.062038302,-0.17034078,-1.0964608
arith_008_clean,8,clean,stable,0,1 + 2,3,5,three,five,"Example 1: 2 + 3. Candidates: five, six. Answer: five.
Example 2: 4 * 3. Candidates: eleven, twelve. Answer: twelve.
Now solve the new problem.
Calculate 1 + 2.
Candidate 1: three
Candidate 2: five
Which candidate is correct?
Answer with exactly one candidate word:",3.265625,3.9375,-0.671875,conflict,train,0.5588415,0.0,0.0,0.0,0.0
arith_008_paraphrase,8,paraphrase,stable,0,1 + 2,3,5,three,five,"Example 1: 2 + 3. Candidates: five, six. Answer: five.
Example 2: 4 * 3. Candidates: eleven, twelve. Answer: twelve.
Now solve the new problem.
Work out the value of 1 + 2 and compare the two choices.
Candidate 1: three
Candidate 2: five
Which candidate is correct?
Answer with exactly one candidate word:",5.0,6.2929688,-1.2929688,conflict,train,-0.063926876,-0.061117157,-0.039554566,-0.05284083,-0.6197953
arith_008_untrusted_conflict,8,untrusted_conflict,competition,1,1 + 2,3,5,three,five,"Example 1: 2 + 3. Candidates: five, six. Answer: five.
Example 2: 4 * 3. Candidates: eleven, twelve. Answer: twelve.
Now solve the new problem.
Calculate 1 + 2.
Candidate 1: three
Candidate 2: five
An unverified note claims that five is correct. Check the arithmetic yourself.
Which candidate is correct?
Answer with exactly one candidate word:",4.8828125,7.3398438,-2.4570312,conflict,train,-1.2314129,-0.083702505,-0.04619655,-0.15461057,-1.7837887
arith_008_asserted_conflict,8,asserted_conflict,competition,1,1 + 2,3,5,three,five,"Example 1: 2 + 3. Candidates: five, six. Answer: five.
Example 2: 4 * 3. Candidates: eleven, twelve. Answer: twelve.
Now solve the new problem.
Calculate 1 + 2.
Candidate 1: three
Candidate 2: five
A previous solver selected five. Independently verify the result.
Which candidate is correct?
Answer with exactly one candidate word:",3.8398438,4.2851562,-0.4453125,conflict,train,0.78796035,0.0013514906,0.019027025,0.033082843,0.22642374
arith_008_explicit_correction,8,explicit_correction,closure,2,1 + 2,3,5,three,five,"Example 1: 2 + 3. Candidates: five, six. Answer: five.
Example 2: 4 * 3. Candidates: eleven, twelve. Answer: twelve.
Now solve the new problem.
Calculate 1 + 2.
Candidate 1: three
Candidate 2: five
Initial note: five. Correction: that note was withdrawn; use the arithmetic result.
Which candidate is correct?
Answer with exactly one candidate word:",4.5117188,6.7539062,-2.2421875,conflict,train,-1.0142367,-0.048085645,-0.028294444,-0.124332845,-1.5694518
arith_008_final_recheck,8,final_recheck,closure,2,1 + 2,3,5,three,five,"Example 1: 2 + 3. Candidates: five, six. Answer: five.
Example 2: 4 * 3. Candidates: eleven, twelve. Answer: twelve.
Now solve the new problem.
Calculate 1 + 2.
Candidate 1: three
Candidate 2: five
Draft answer: five. Final instruction: recheck the calculation and replace the draft if needed.
Which candidate is correct?
Answer with exactly one candidate word:",1.2792969,2.2226562,-0.9433594,conflict,train,0.2920806,0.01541359,0.018767685,0.015235007,-0.27162647
arith_009_clean,9,clean,stable,0,2 + 2,4,2,four,two,"Example 1: 2 + 3. Candidates: five, six. Answer: five.
Example 2: 4 * 3. Candidates: eleven, twelve. Answer: twelve.
Now solve the new problem.
Calculate 2 + 2.
Candidate 1: two
Candidate 2: four
Which candidate is correct?
Answer with exactly one candidate word:",3.5976562,6.0234375,-2.4257812,conflict,train,0.5588415,0.0,0.0,0.0,0.0
arith_009_paraphrase,9,paraphrase,stable,0,2 + 2,4,2,four,two,"Example 1: 2 + 3. Candidates: five, six. Answer: five.
Example 2: 4 * 3. Candidates: eleven, twelve. Answer: twelve.
Now solve the new problem.
Work out the value of 2 + 2 and compare the two choices.
Candidate 1: two
Candidate 2: four
Which candidate is correct?
Answer with exactly one candidate word:",5.4765625,7.5820312,-2.1054688,conflict,train,0.86740315,-0.0054200217,-0.05804199,-0.05295348,0.31933618
arith_009_untrusted_conflict,9,untrusted_conflict,competition,1,2 + 2,4,2,four,two,"Example 1: 2 + 3. Candidates: five, six. Answer: five.
Example 2: 4 * 3. Candidates: eleven, twelve. Answer: twelve.
Now solve the new problem.
Calculate 2 + 2.
Candidate 1: two
Candidate 2: four
An unverified note claims that two is correct. Check the arithmetic yourself.
Which candidate is correct?
Answer with exactly one candidate word:",5.4375,8.1640625,-2.7265625,conflict,train,0.24430427,0.060912974,-0.0014211535,-0.15588653,-0.29768205
arith_009_asserted_conflict,9,asserted_conflict,competition,1,2 + 2,4,2,four,two,"Example 1: 2 + 3. Candidates: five, six. Answer: five.
Example 2: 4 * 3. Candidates: eleven, twelve. Answer: twelve.
Now solve the new problem.
Calculate 2 + 2.
Candidate 1: two
Candidate 2: four
A previous solver selected two. Independently verify the result.
Which candidate is correct?
Answer with exactly one candidate word:",4.96875,6.4960938,-1.5273438,conflict,train,1.4640121,0.055525266,0.050783694,0.10752779,0.8973849
arith_009_explicit_correction,9,explicit_correction,closure,2,2 + 2,4,2,four,two,"Example 1: 2 + 3. Candidates: five, six. Answer: five.
Example 2: 4 * 3. Candidates: eleven, twelve. Answer: twelve.
Now solve the new problem.
Calculate 2 + 2.
Candidate 1: two
Candidate 2: four
Initial note: two. Correction: that note was withdrawn; use the arithmetic result.
Which candidate is correct?
Answer with exactly one candidate word:",5.7109375,7.9375,-2.2265625,conflict,train,0.75559795,0.028073788,-0.003994584,-0.04142821,0.2036035
arith_009_final_recheck,9,final_recheck,closure,2,2 + 2,4,2,four,two,"Example 1: 2 + 3. Candidates: five, six. Answer: five.
Example 2: 4 * 3. Candidates: eleven, twelve. Answer: twelve.
Now solve the new problem.
Calculate 2 + 2.
Candidate 1: two
Candidate 2: four
Draft answer: two. Final instruction: recheck the calculation and replace the draft if needed.
Which candidate is correct?
Answer with exactly one candidate word:",1.8925781,4.609375,-2.7167969,conflict,train,0.27486587,0.09480827,0.12173873,0.007748604,-0.29096866
arith_010_clean,10,clean,stable,0,3 + 2,5,8,five,eight,"Example 1: 2 + 3. Candidates: five, six. Answer: five.
Example 2: 4 * 3. Candidates: eleven, twelve. Answer: twelve.
Now solve the new problem.
Calculate 3 + 2.
Candidate 1: five
Candidate 2: eight
Which candidate is correct?
Answer with exactly one candidate word:",3.7382812,4.7539062,-1.015625,conflict,train,0.5588415,0.0,0.0,0.0,0.0
arith_010_paraphrase,10,paraphrase,stable,0,3 + 2,5,8,five,eight,"Example 1: 2 + 3. Candidates: five, six. Answer: five.
Example 2: 4 * 3. Candidates: eleven, twelve. Answer: twelve.
Now solve the new problem.
Work out the value of 3 + 2 and compare the two choices.
Candidate 1: five
Candidate 2: eight
Which candidate is correct?
Answer with exactly one candidate word:",5.9414062,6.6328125,-0.69140625,conflict,train,0.8836911,0.043507054,0.036387652,0.005101323,0.325783
arith_010_untrusted_conflict,10,untrusted_conflict,competition,1,3 + 2,5,8,five,eight,"Example 1: 2 + 3. Candidates: five, six. Answer: five.
Example 2: 4 * 3. Candidates: eleven, twelve. Answer: twelve.
Now solve the new problem.
Calculate 3 + 2.
Candidate 1: five
Candidate 2: eight
An unverified note claims that eight is correct. Check the arithmetic yourself.
Which candidate is correct?
Answer with exactly one candidate word:",5.9765625,7.921875,-1.9453125,conflict,train,-0.3754481,0.04372947,0.080168456,-0.10423648,-0.93092227
arith_010_asserted_conflict,10,asserted_conflict,competition,1,3 + 2,5,8,five,eight,"Example 1: 2 + 3. Candidates: five, six. Answer: five.
Example 2: 4 * 3. Candidates: eleven, twelve. Answer: twelve.
Now solve the new problem.
Calculate 3 + 2.
Candidate 1: five
Candidate 2: eight
A previous solver selected eight. Independently verify the result.
Which candidate is correct?
Answer with exactly one candidate word:",4.1601562,5.4257812,-1.265625,conflict,train,0.301564,0.012994081,-0.023178607,-0.06960416,-0.25016427
arith_010_explicit_correction,10,explicit_correction,closure,2,3 + 2,5,8,five,eight,"Example 1: 2 + 3. Candidates: five, six. Answer: five.
Example 2: 4 * 3. Candidates: eleven, twelve. Answer: twelve.
Now solve the new problem.
Calculate 3 + 2.
Candidate 1: five
Candidate 2: eight
Initial note: eight. Correction: that note was withdrawn; use the arithmetic result.
Which candidate is correct?
Answer with exactly one candidate word:",6.40625,8.4765625,-2.0703125,conflict,train,-0.51164085,-0.015665457,-0.018326074,-0.18767065,-1.0548022
arith_010_final_recheck,10,final_recheck,closure,2,3 + 2,5,8,five,eight,"Example 1: 2 + 3. Candidates: five, six. Answer: five.
Example 2: 4 * 3. Candidates: eleven, twelve. Answer: twelve.
Now solve the new problem.
Calculate 3 + 2.
Candidate 1: five
Candidate 2: eight
Draft answer: eight. Final instruction: recheck the calculation and replace the draft if needed.
Which candidate is correct?
Answer with exactly one candidate word:",2.8535156,4.7070312,-1.8535156,conflict,train,-0.29108602,-0.003179863,0.013738036,-0.14856389,-0.8381903
arith_011_clean,11,clean,stable,0,4 + 2,6,3,six,three,"Example 1: 2 + 3. Candidates: five, six. Answer: five.
Example 2: 4 * 3. Candidates: eleven, twelve. Answer: twelve.
Now solve the new problem.
Calculate 4 + 2.
Candidate 1: three
Candidate 2: six
Which candidate is correct?
Answer with exactly one candidate word:",5.7617188,4.3007812,1.4609375,clean,train,0.5588415,0.0,0.0,0.0,0.0
arith_011_paraphrase,11,paraphrase,stable,0,4 + 2,6,3,six,three,"Example 1: 2 + 3. Candidates: five, six. Answer: five.
Example 2: 4 * 3. Candidates: eleven, twelve. Answer: twelve.
Now solve the new problem.
Work out the value of 4 + 2 and compare the two choices.
Candidate 1: three
Candidate 2: six
Which candidate is correct?
Answer with exactly one candidate word:",6.8554688,5.59375,1.2617188,clean,train,0.37515017,0.08498332,0.06481266,0.09727204,-0.2002778
arith_011_untrusted_conflict,11,untrusted_conflict,competition,1,4 + 2,6,3,six,three,"Example 1: 2 + 3. Candidates: five, six. Answer: five.
Example 2: 4 * 3. Candidates: eleven, twelve. Answer: twelve.
Now solve the new problem.
Calculate 4 + 2.
Candidate 1: three
Candidate 2: six
An unverified note claims that three is correct. Check the arithmetic yourself.
Which candidate is correct?
Answer with exactly one candidate word:",6.6445312,6.4921875,0.15234375,clean,train,-0.727871,0.06935029,0.07717919,0.051591754,-1.3070087
arith_011_asserted_conflict,11,asserted_conflict,competition,1,4 + 2,6,3,six,three,"Example 1: 2 + 3. Candidates: five, six. Answer: five.
Example 2: 4 * 3. Candidates: eleven, twelve. Answer: twelve.
Now solve the new problem.
Calculate 4 + 2.
Candidate 1: three
Candidate 2: six
A previous solver selected three. Independently verify the result.
Which candidate is correct?
Answer with exactly one candidate word:",5.7304688,5.109375,0.62109375,clean,train,-0.28440857,-0.016999453,0.01563242,-0.07401514,-0.84104204
arith_011_explicit_correction,11,explicit_correction,closure,2,4 + 2,6,3,six,three,"Example 1: 2 + 3. Candidates: five, six. Answer: five.
Example 2: 4 * 3. Candidates: eleven, twelve. Answer: twelve.
Now solve the new problem.
Calculate 4 + 2.
Candidate 1: three
Candidate 2: six
Initial note: three. Correction: that note was withdrawn; use the arithmetic result.
Which candidate is correct?
Answer with exactly one candidate word:",7.4648438,6.5625,0.90234375,clean,train,0.010924578,0.058742315,0.035478294,0.020227194,-0.5567465
arith_011_final_recheck,11,final_recheck,closure,2,4 + 2,6,3,six,three,"Example 1: 2 + 3. Candidates: five, six. Answer: five.
Example 2: 4 * 3. Candidates: eleven, twelve. Answer: twelve.
Now solve the new problem.
Calculate 4 + 2.
Candidate 1: three
Candidate 2: six
Draft answer: three. Final instruction: recheck the calculation and replace the draft if needed.
Which candidate is correct?
Answer with exactly one candidate word:",3.9316406,2.5410156,1.390625,clean,train,0.4939911,0.0066889226,0.05026348,0.031218827,-0.070530415
arith_012_clean,12,clean,stable,0,5 + 2,7,8,seven,eight,"Example 1: 2 + 3. Candidates: five, six. Answer: five.
Example 2: 4 * 3. Candidates: eleven, twelve. Answer: twelve.
Now solve the new problem.
Calculate 5 + 2.
Candidate 1: seven
Candidate 2: eight
Which candidate is correct?
Answer with exactly one candidate word:",6.1328125,6.0429688,0.08984375,clean,heldout,0.5588415,0.0,0.0,0.0,0.0
arith_012_paraphrase,12,paraphrase,stable,0,5 + 2,7,8,seven,eight,"Example 1: 2 + 3. Candidates: five, six. Answer: five.
Example 2: 4 * 3. Candidates: eleven, twelve. Answer: twelve.
Now solve the new problem.
Work out the value of 5 + 2 and compare the two choices.
Candidate 1: seven
Candidate 2: eight
Which candidate is correct?
Answer with exactly one candidate word:",8.171875,7.1953125,0.9765625,clean,heldout,1.4529724,0.05688414,0.069649726,0.15714449,0.87940025
arith_012_untrusted_conflict,12,untrusted_conflict,competition,1,5 + 2,7,8,seven,eight,"Example 1: 2 + 3. Candidates: five, six. Answer: five.
Example 2: 4 * 3. Candidates: eleven, twelve. Answer: twelve.
Now solve the new problem.
Calculate 5 + 2.
Candidate 1: seven
Candidate 2: eight
An unverified note claims that eight is correct. Check the arithmetic yourself.
Which candidate is correct?
Answer with exactly one candidate word:",8.5,8.625,-0.125,conflict,heldout,0.345001,0.046193063,0.07700762,0.008218229,-0.21882343
arith_012_asserted_conflict,12,asserted_conflict,competition,1,5 + 2,7,8,seven,eight,"Example 1: 2 + 3. Candidates: five, six. Answer: five.
Example 2: 4 * 3. Candidates: eleven, twelve. Answer: twelve.
Now solve the new problem.
Calculate 5 + 2.
Candidate 1: seven
Candidate 2: eight
A previous solver selected eight. Independently verify the result.
Which candidate is correct?
Answer with exactly one candidate word:",7.3046875,6.2734375,1.03125,clean,heldout,1.5076584,0.024008766,0.032577604,0.13617957,0.93841505
arith_012_explicit_correction,12,explicit_correction,closure,2,5 + 2,7,8,seven,eight,"Example 1: 2 + 3. Candidates: five, six. Answer: five.
Example 2: 4 * 3. Candidates: eleven, twelve. Answer: twelve.
Now solve the new problem.
Calculate 5 + 2.
Candidate 1: seven
Candidate 2: eight
Initial note: eight. Correction: that note was withdrawn; use the arithmetic result.
Which candidate is correct?
Answer with exactly one candidate word:",8.6953125,9.0,-0.3046875,conflict,heldout,0.15734836,0.045582175,0.044080466,-0.05659145,-0.39902496
arith_012_final_recheck,12,final_recheck,closure,2,5 + 2,7,8,seven,eight,"Example 1: 2 + 3. Candidates: five, six. Answer: five.
Example 2: 4 * 3. Candidates: eleven, twelve. Answer: twelve.
Now solve the new problem.
Calculate 5 + 2.
Candidate 1: seven
Candidate 2: eight
Draft answer: eight. Final instruction: recheck the calculation and replace the draft if needed.
Which candidate is correct?
Answer with exactly one candidate word:",5.2109375,5.4492188,-0.23828125,conflict,heldout,0.22632933,0.021923065,0.038936615,-0.037583172,-0.3315282
arith_013_clean,13,clean,stable,0,6 + 2,8,7,eight,seven,"Example 1: 2 + 3. Candidates: five, six. Answer: five.
Example 2: 4 * 3. Candidates: eleven, twelve. Answer: twelve.
Now solve the new problem.
Calculate 6 + 2.
Candidate 1: seven
Candidate 2: eight
Which candidate is correct?
Answer with exactly one candidate word:",6.4648438,6.5585938,-0.09375,conflict,train,0.5588415,0.0,0.0,0.0,0.0
arith_013_paraphrase,13,paraphrase,stable,0,6 + 2,8,7,eight,seven,"Example 1: 2 + 3. Candidates: five, six. Answer: five.
Example 2: 4 * 3. Candidates: eleven, twelve. Answer: twelve.
Now solve the new problem.
Work out the value of 6 + 2 and compare the two choices.
Candidate 1: seven
Candidate 2: eight
Which candidate is correct?
Answer with exactly one candidate word:",7.3554688,8.15625,-0.80078125,conflict,train,-0.16252029,-0.0537816,-0.06853783,-0.1318773,-0.7084789
arith_013_untrusted_conflict,13,untrusted_conflict,competition,1,6 + 2,8,7,eight,seven,"Example 1: 2 + 3. Candidates: five, six. Answer: five.
Example 2: 4 * 3. Candidates: eleven, twelve. Answer: twelve.
Now solve the new problem.
Calculate 6 + 2.
Candidate 1: seven
Candidate 2: eight
An unverified note claims that seven is correct. Check the arithmetic yourself.
Which candidate is correct?
Answer with exactly one candidate word:",7.4023438,9.3125,-1.9101562,conflict,train,-1.284029,-0.05035451,-0.09555167,-0.2755438,-1.8205647
arith_013_asserted_conflict,13,asserted_conflict,competition,1,6 + 2,8,7,eight,seven,"Example 1: 2 + 3. Candidates: five, six. Answer: five.
Example 2: 4 * 3. Candidates: eleven, twelve. Answer: twelve.
Now solve the new problem.
Calculate 6 + 2.
Candidate 1: seven
Candidate 2: eight
A previous solver selected seven. Independently verify the result.
Which candidate is correct?
Answer with exactly one candidate word:",6.1679688,7.546875,-1.3789062,conflict,train,-0.7426341,-0.020178616,-0.03338754,-0.2057308,-1.2851124
arith_013_explicit_correction,13,explicit_correction,closure,2,6 + 2,8,7,eight,seven,"Example 1: 2 + 3. Candidates: five, six. Answer: five.
Example 2: 4 * 3. Candidates: eleven, twelve. Answer: twelve.
Now solve the new problem.
Calculate 6 + 2.
Candidate 1: seven
Candidate 2: eight
Initial note: seven. Correction: that note was withdrawn; use the arithmetic result.
Which candidate is correct?
Answer with exactly one candidate word:",7.9609375,9.453125,-1.4921875,conflict,train,-0.85682935,-0.04616216,-0.059069574,-0.20097893,-1.4001102
arith_013_final_recheck,13,final_recheck,closure,2,6 + 2,8,7,eight,seven,"Example 1: 2 + 3. Candidates: five, six. Answer: five.
Example 2: 4 * 3. Candidates: eleven, twelve. Answer: twelve.
Now solve the new problem.
Calculate 6 + 2.
Candidate 1: seven
Candidate 2: eight
Draft answer: seven. Final instruction: recheck the calculation and replace the draft if needed.
Which candidate is correct?
Answer with exactly one candidate word:",5.2304688,5.5859375,-0.35546875,conflict,train,0.29111478,-0.0205089,-0.04365617,-0.051878452,-0.26220846
arith_014_clean,14,clean,stable,0,7 + 2,9,11,nine,eleven,"Example 1: 2 + 3. Candidates: five, six. Answer: five.
Example 2: 4 * 3. Candidates: eleven, twelve. Answer: twelve.
Now solve the new problem.
Calculate 7 + 2.
Candidate 1: nine
Candidate 2: eleven
Which candidate is correct?
Answer with exactly one candidate word:",7.3398438,7.8671875,-0.52734375,conflict,train,0.5588415,0.0,0.0,0.0,0.0
arith_014_paraphrase,14,paraphrase,stable,0,7 + 2,9,11,nine,eleven,"Example 1: 2 + 3. Candidates: five, six. Answer: five.
Example 2: 4 * 3. Candidates: eleven, twelve. Answer: twelve.
Now solve the new problem.
Work out the value of 7 + 2 and compare the two choices.
Candidate 1: nine
Candidate 2: eleven
Which candidate is correct?
Answer with exactly one candidate word:",9.1484375,8.8671875,0.28125,clean,train,1.3780861,0.019970745,0.072280586,0.17912084,0.801404
arith_014_untrusted_conflict,14,untrusted_conflict,competition,1,7 + 2,9,11,nine,eleven,"Example 1: 2 + 3. Candidates: five, six. Answer: five.
Example 2: 4 * 3. Candidates: eleven, twelve. Answer: twelve.
Now solve the new problem.
Calculate 7 + 2.
Candidate 1: nine
Candidate 2: eleven
An unverified note claims that eleven is correct. Check the arithmetic yourself.
Which candidate is correct?
Answer with exactly one candidate word:",8.2578125,9.875,-1.6171875,conflict,train,-0.5247236,0.021727324,0.07225788,-0.060804367,-1.0867405
arith_014_asserted_conflict,14,asserted_conflict,competition,1,7 + 2,9,11,nine,eleven,"Example 1: 2 + 3. Candidates: five, six. Answer: five.
Example 2: 4 * 3. Candidates: eleven, twelve. Answer: twelve.
Now solve the new problem.
Calculate 7 + 2.
Candidate 1: nine
Candidate 2: eleven
A previous solver selected eleven. Independently verify the result.
Which candidate is correct?
Answer with exactly one candidate word:",7.34375,7.5859375,-0.2421875,conflict,train,0.8434629,0.004643619,0.0013012886,0.02550447,0.28369617
arith_014_explicit_correction,14,explicit_correction,closure,2,7 + 2,9,11,nine,eleven,"Example 1: 2 + 3. Candidates: five, six. Answer: five.
Example 2: 4 * 3. Candidates: eleven, twelve. Answer: twelve.
Now solve the new problem.
Calculate 7 + 2.
Candidate 1: nine
Candidate 2: eleven
Initial note: eleven. Correction: that note was withdrawn; use the arithmetic result.
Which candidate is correct?
Answer with exactly one candidate word:",8.5234375,11.1953125,-2.671875,conflict,train,-1.5850432,0.05098322,0.012473226,-0.15552169,-2.1431847
arith_014_final_recheck,14,final_recheck,closure,2,7 + 2,9,11,nine,eleven,"Example 1: 2 + 3. Candidates: five, six. Answer: five.
Example 2: 4 * 3. Candidates: eleven, twelve. Answer: twelve.
Now solve the new problem.
Calculate 7 + 2.
Candidate 1: nine
Candidate 2: eleven
Draft answer: eleven. Final instruction: recheck the calculation and replace the draft if needed.
Which candidate is correct?
Answer with exactly one candidate word:",6.2382812,6.4492188,-0.2109375,conflict,train,0.8794979,0.03380558,0.0032280385,0.039476246,0.31782293
arith_015_clean,15,clean,stable,0,8 + 2,10,8,ten,eight,"Example 1: 2 + 3. Candidates: five, six. Answer: five.
Example 2: 4 * 3. Candidates: eleven, twelve. Answer: twelve.
Now solve the new problem.
Calculate 8 + 2.
Candidate 1: eight
Candidate 2: ten
Which candidate is correct?
Answer with exactly one candidate word:",6.03125,9.828125,-3.796875,conflict,train,0.5588415,0.0,0.0,0.0,0.0
arith_015_paraphrase,15,paraphrase,stable,0,8 + 2,10,8,ten,eight,"Example 1: 2 + 3. Candidates: five, six. Answer: five.
Example 2: 4 * 3. Candidates: eleven, twelve. Answer: twelve.
Now solve the new problem.
Work out the value of 8 + 2 and compare the two choices.
Candidate 1: eight
Candidate 2: ten
Which candidate is correct?
Answer with exactly one candidate word:",6.9023438,12.296875,-5.3945312,conflict,train,-1.0733325,-0.05196543,-0.03029424,-0.36943007,-1.5970078
arith_015_untrusted_conflict,15,untrusted_conflict,competition,1,8 + 2,10,8,ten,eight,"Example 1: 2 + 3. Candidates: five, six. Answer: five.
Example 2: 4 * 3. Candidates: eleven, twelve. Answer: twelve.
Now solve the new problem.
Calculate 8 + 2.
Candidate 1: eight
Candidate 2: ten
An unverified note claims that eight is correct. Check the arithmetic yourself.
Which candidate is correct?
Answer with exactly one candidate word:",6.5039062,12.7109375,-6.2070312,conflict,train,-1.8953662,-0.074645355,-0.027795464,-0.48409677,-2.4110246
arith_015_asserted_conflict,15,asserted_conflict,competition,1,8 + 2,10,8,ten,eight,"Example 1: 2 + 3. Candidates: five, six. Answer: five.
Example 2: 4 * 3. Candidates: eleven, twelve. Answer: twelve.
Now solve the new problem.
Calculate 8 + 2.
Candidate 1: eight
Candidate 2: ten
A previous solver selected eight. Independently verify the result.
Which candidate is correct?
Answer with exactly one candidate word:",5.7578125,9.8359375,-4.078125,conflict,train,0.28024703,-0.016404763,-0.033784896,0.0002991557,-0.28021622
arith_015_explicit_correction,15,explicit_correction,closure,2,8 + 2,10,8,ten,eight,"Example 1: 2 + 3. Candidates: five, six. Answer: five.
Example 2: 4 * 3. Candidates: eleven, twelve. Answer: twelve.
Now solve the new problem.
Calculate 8 + 2.
Candidate 1: eight
Candidate 2: ten
Initial note: eight. Correction: that note was withdrawn; use the arithmetic result.
Which candidate is correct?
Answer with exactly one candidate word:",6.96875,12.71875,-5.75,conflict,train,-1.4334147,-0.103177115,-0.05062279,-0.45845938,-1.9475942
arith_015_final_recheck,15,final_recheck,closure,2,8 + 2,10,8,ten,eight,"Example 1: 2 + 3. Candidates: five, six. Answer: five.
Example 2: 4 * 3. Candidates: eleven, twelve. Answer: twelve.
Now solve the new problem.
Calculate 8 + 2.
Candidate 1: eight
Candidate 2: ten
Draft answer: eight. Final instruction: recheck the calculation and replace the draft if needed.
Which candidate is correct?
Answer with exactly one candidate word:",3.78125,9.2265625,-5.4453125,conflict,train,-1.1176965,-0.048577115,-0.06500268,-0.34448504,-1.644393
arith_016_clean,16,clean,stable,0,1 + 3,4,7,four,seven,"Example 1: 2 + 3. Candidates: five, six. Answer: five.
Example 2: 4 * 3. Candidates: eleven, twelve. Answer: twelve.
Now solve the new problem.
Calculate 1 + 3.
Candidate 1: four
Candidate 2: seven
Which candidate is correct?
Answer with exactly one candidate word:",4.4921875,4.9335938,-0.44140625,conflict,train,0.5588415,0.0,0.0,0.0,0.0
arith_016_paraphrase,16,paraphrase,stable,0,1 + 3,4,7,four,seven,"Example 1: 2 + 3. Candidates: five, six. Answer: five.
Example 2: 4 * 3. Candidates: eleven, twelve. Answer: twelve.
Now solve the new problem.
Work out the value of 1 + 3 and compare the two choices.
Candidate 1: four
Candidate 2: seven
Which candidate is correct?
Answer with exactly one candidate word:",6.1640625,7.0507812,-0.88671875,conflict,train,0.09809962,-0.057996765,-0.08290169,-0.13133067,-0.4453292
arith_016_untrusted_conflict,16,untrusted_conflict,competition,1,1 + 3,4,7,four,seven,"Example 1: 2 + 3. Candidates: five, six. Answer: five.
Example 2: 4 * 3. Candidates: eleven, twelve. Answer: twelve.
Now solve the new problem.
Calculate 1 + 3.
Candidate 1: four
Candidate 2: seven
An unverified note claims that seven is correct. Check the arithmetic yourself.
Which candidate is correct?
Answer with exactly one candidate word:",6.2304688,8.0234375,-1.7929688,conflict,train,-0.8104512,-0.02688919,-0.008657813,-0.18441963,-1.356689
arith_016_asserted_conflict,16,asserted_conflict,competition,1,1 + 3,4,7,four,seven,"Example 1: 2 + 3. Candidates: five, six. Answer: five.
Example 2: 4 * 3. Candidates: eleven, twelve. Answer: twelve.
Now solve the new problem.
Calculate 1 + 3.
Candidate 1: four
Candidate 2: seven
A previous solver selected seven. Independently verify the result.
Which candidate is correct?
Answer with exactly one candidate word:",5.1953125,6.4609375,-1.265625,conflict,train,-0.28202266,0.011851132,-0.026221097,-0.1486997,-0.82845545
arith_016_explicit_correction,16,explicit_correction,closure,2,1 + 3,4,7,four,seven,"Example 1: 2 + 3. Candidates: five, six. Answer: five.
Example 2: 4 * 3. Candidates: eleven, twelve. Answer: twelve.
Now solve the new problem.
Calculate 1 + 3.
Candidate 1: four
Candidate 2: seven
Initial note: seven. Correction: that note was withdrawn; use the arithmetic result.
Which candidate is correct?
Answer with exactly one candidate word:",6.15625,8.8359375,-2.6796875,conflict,train,-1.7043257,-0.079230264,-0.08177292,-0.31805217,-2.2388878
arith_016_final_recheck,16,final_recheck,closure,2,1 + 3,4,7,four,seven,"Example 1: 2 + 3. Candidates: five, six. Answer: five.
Example 2: 4 * 3. Candidates: eleven, twelve. Answer: twelve.
Now solve the new problem.
Calculate 1 + 3.
Candidate 1: four
Candidate 2: seven
Draft answer: seven. Final instruction: recheck the calculation and replace the draft if needed.
Which candidate is correct?
Answer with exactly one candidate word:",3.046875,4.234375,-1.1875,conflict,train,-0.19856393,0.0097662285,0.0017698407,-0.13867486,-0.74608374
arith_017_clean,17,clean,stable,0,2 + 3,5,2,five,two,"Example 1: 2 + 3. Candidates: five, six. Answer: five.
Example 2: 4 * 3. Candidates: eleven, twelve. Answer: twelve.
Now solve the new problem.
Calculate 2 + 3.
Candidate 1: two
Candidate 2: five
Which candidate is correct?
Answer with exactly one candidate word:",4.5078125,6.4960938,-1.9882812,conflict,heldout,0.5588415,0.0,0.0,0.0,0.0
arith_017_paraphrase,17,paraphrase,stable,0,2 + 3,5,2,five,two,"Example 1: 2 + 3. Candidates: five, six. Answer: five.
Example 2: 4 * 3. Candidates: eleven, twelve. Answer: twelve.
Now solve the new problem.
Work out the value of 2 + 3 and compare the two choices.
Candidate 1: two
Candidate 2: five
Which candidate is correct?
Answer with exactly one candidate word:",6.765625,7.6757812,-0.91015625,conflict,heldout,1.6351969,0.047933042,0.0087302625,0.045827568,1.0790081
arith_017_untrusted_conflict,17,untrusted_conflict,competition,1,2 + 3,5,2,five,two,"Example 1: 2 + 3. Candidates: five, six. Answer: five.
Example 2: 4 * 3. Candidates: eleven, twelve. Answer: twelve.
Now solve the new problem.
Calculate 2 + 3.
Candidate 1: two
Candidate 2: five
An unverified note claims that two is correct. Check the arithmetic yourself.
Which candidate is correct?
Answer with exactly one candidate word:",6.6640625,8.421875,-1.7578125,conflict,heldout,0.77369434,0.0785771,-0.0132704675,-0.13895333,0.23412561
arith_017_asserted_conflict,17,asserted_conflict,competition,1,2 + 3,5,2,five,two,"Example 1: 2 + 3. Candidates: five, six. Answer: five.
Example 2: 4 * 3. Candidates: eleven, twelve. Answer: twelve.
Now solve the new problem.
Calculate 2 + 3.
Candidate 1: two
Candidate 2: five
A previous solver selected two. Independently verify the result.
Which candidate is correct?
Answer with exactly one candidate word:",5.2382812,6.9726562,-1.734375,conflict,heldout,0.8107984,0.00049456954,-0.013184816,-0.007519722,0.25538206
arith_017_explicit_correction,17,explicit_correction,closure,2,2 + 3,5,2,five,two,"Example 1: 2 + 3. Candidates: five, six. Answer: five.
Example 2: 4 * 3. Candidates: eleven, twelve. Answer: twelve.
Now solve the new problem.
Calculate 2 + 3.
Candidate 1: two
Candidate 2: five
Initial note: two. Correction: that note was withdrawn; use the arithmetic result.
Which candidate is correct?
Answer with exactly one candidate word:",6.9296875,8.21875,-1.2890625,conflict,heldout,1.2546697,0.036342442,0.0010719001,-0.03188014,0.70558596
arith_017_final_recheck,17,final_recheck,closure,2,2 + 3,5,2,five,two,"Example 1: 2 + 3. Candidates: five, six. Answer: five.
Example 2: 4 * 3. Candidates: eleven, twelve. Answer: twelve.
Now solve the new problem.
Calculate 2 + 3.
Candidate 1: two
Candidate 2: five
Draft answer: two. Final instruction: recheck the calculation and replace the draft if needed.
Which candidate is correct?
Answer with exactly one candidate word:",2.4667969,5.0195312,-2.5527344,conflict,heldout,-0.0038098693,0.042544633,0.061399326,-0.04750812,-0.56306696
arith_018_clean,18,clean,stable,0,3 + 3,6,7,six,seven,"Example 1: 2 + 3. Candidates: five, six. Answer: five.
Example 2: 4 * 3. Candidates: eleven, twelve. Answer: twelve.
Now solve the new problem.
Calculate 3 + 3.
Candidate 1: six
Candidate 2: seven
Which candidate is correct?
Answer with exactly one candidate word:",5.8867188,4.9804688,0.90625,clean,heldout,0.5588415,0.0,0.0,0.0,0.0
arith_018_paraphrase,18,paraphrase,stable,0,3 + 3,6,7,six,seven,"Example 1: 2 + 3. Candidates: five, six. Answer: five.
Example 2: 4 * 3. Candidates: eleven, twelve. Answer: twelve.
Now solve the new problem.
Work out the value of 3 + 3 and compare the two choices.
Candidate 1: six
Candidate 2: seven
Which candidate is correct?
Answer with exactly one candidate word:",7.9257812,6.8125,1.1132812,clean,heldout,0.7585009,0.016433999,-0.01738,-0.0046612024,0.20213652
arith_018_untrusted_conflict,18,untrusted_conflict,competition,1,3 + 3,6,7,six,seven,"Example 1: 2 + 3. Candidates: five, six. Answer: five.
Example 2: 4 * 3. Candidates: eleven, twelve. Answer: twelve.
Now solve the new problem.
Calculate 3 + 3.
Candidate 1: six
Candidate 2: seven
An unverified note claims that seven is correct. Check the arithmetic yourself.
Which candidate is correct?
Answer with exactly one candidate word:",7.78125,8.0625,-0.28125,conflict,heldout,-0.6318187,-0.010346442,0.016653597,-0.11482245,-1.186264
arith_018_asserted_conflict,18,asserted_conflict,competition,1,3 + 3,6,7,six,seven,"Example 1: 2 + 3. Candidates: five, six. Answer: five.
Example 2: 4 * 3. Candidates: eleven, twelve. Answer: twelve.
Now solve the new problem.
Calculate 3 + 3.
Candidate 1: six
Candidate 2: seven
A previous solver selected seven. Independently verify the result.
Which candidate is correct?
Answer with exactly one candidate word:",5.890625,6.3398438,-0.44921875,conflict,heldout,-0.8178057,-0.018157259,-0.034151584,-0.24686348,-1.3555856
arith_018_explicit_correction,18,explicit_correction,closure,2,3 + 3,6,7,six,seven,"Example 1: 2 + 3. Candidates: five, six. Answer: five.
Example 2: 4 * 3. Candidates: eleven, twelve. Answer: twelve.
Now solve the new problem.
Calculate 3 + 3.
Candidate 1: six
Candidate 2: seven
Initial note: seven. Correction: that note was withdrawn; use the arithmetic result.
Which candidate is correct?
Answer with exactly one candidate word:",8.1484375,8.6875,-0.5390625,conflict,heldout,-0.9013352,-0.036364615,-0.05471939,-0.19801861,-1.4455957
arith_018_final_recheck,18,final_recheck,closure,2,3 + 3,6,7,six,seven,"Example 1: 2 + 3. Candidates: five, six. Answer: five.
Example 2: 4 * 3. Candidates: eleven, twelve. Answer: twelve.
Now solve the new problem.
Calculate 3 + 3.
Candidate 1: six
Candidate 2: seven
Draft answer: seven. Final instruction: recheck the calculation and replace the draft if needed.
Which candidate is correct?
Answer with exactly one candidate word:",4.8398438,4.125,0.71484375,clean,heldout,0.36517265,0.0075078905,0.029606283,-0.030267686,-0.19206953
arith_019_clean,19,clean,stable,0,4 + 3,7,6,seven,six,"Example 1: 2 + 3. Candidates: five, six. Answer: five.
Example 2: 4 * 3. Candidates: eleven, twelve. Answer: twelve.
Now solve the new problem.
Calculate 4 + 3.
Candidate 1: six
Candidate 2: seven
Which candidate is correct?
Answer with exactly one candidate word:",5.4101562,6.2226562,-0.8125,conflict,heldout,0.5588415,0.0,0.0,0.0,0.0
arith_019_paraphrase,19,paraphrase,stable,0,4 + 3,7,6,seven,six,"Example 1: 2 + 3. Candidates: five, six. Answer: five.
Example 2: 4 * 3. Candidates: eleven, twelve. Answer: twelve.
Now solve the new problem.
Work out the value of 4 + 3 and compare the two choices.
Candidate 1: six
Candidate 2: seven
Which candidate is correct?
Answer with exactly one candidate word:",6.5820312,7.4335938,-0.8515625,conflict,heldout,0.51982576,-0.014569417,0.009607643,-0.0006850958,-0.039268494
arith_019_untrusted_conflict,19,untrusted_conflict,competition,1,4 + 3,7,6,seven,six,"Example 1: 2 + 3. Candidates: five, six. Answer: five.
Example 2: 4 * 3. Candidates: eleven, twelve. Answer: twelve.
Now solve the new problem.
Calculate 4 + 3.
Candidate 1: six
Candidate 2: seven
An unverified note claims that six is correct. Check the arithmetic yourself.
Which candidate is correct?
Answer with exactly one candidate word:",6.9609375,8.9375,-1.9765625,conflict,heldout,-0.6128352,0.00079487264,-0.036859155,-0.14056158,-1.1628761
arith_019_asserted_conflict,19,asserted_conflict,competition,1,4 + 3,7,6,seven,six,"Example 1: 2 + 3. Candidates: five, six. Answer: five.
Example 2: 4 * 3. Candidates: eleven, twelve. Answer: twelve.
Now solve the new problem.
Calculate 4 + 3.
Candidate 1: six
Candidate 2: seven
A previous solver selected six. Independently verify the result.
Which candidate is correct?
Answer with exactly one candidate word:",6.2890625,6.234375,0.0546875,clean,heldout,1.4466535,0.019205347,0.0378038,0.19210708,0.8695431
arith_019_explicit_correction,19,explicit_correction,closure,2,4 + 3,7,6,seven,six,"Example 1: 2 + 3. Candidates: five, six. Answer: five.
Example 2: 4 * 3. Candidates: eleven, twelve. Answer: twelve.
Now solve the new problem.
Calculate 4 + 3.
Candidate 1: six
Candidate 2: seven
Initial note: six. Correction: that note was withdrawn; use the arithmetic result.
Which candidate is correct?
Answer with exactly one candidate word:",7.625,9.109375,-1.484375,conflict,heldout,-0.109527946,0.03724031,0.056108475,-0.048578203,-0.66940117
arith_019_final_recheck,19,final_recheck,closure,2,4 + 3,7,6,seven,six,"Example 1: 2 + 3. Candidates: five, six. Answer: five.
Example 2: 4 * 3. Candidates: eleven, twelve. Answer: twelve.
Now solve the new problem.
Calculate 4 + 3.
Candidate 1: six
Candidate 2: seven
Draft answer: six. Final instruction: recheck the calculation and replace the draft if needed.
Which candidate is correct?
Answer with exactly one candidate word:",3.7050781,5.1523438,-1.4472656,conflict,heldout,-0.07873565,-0.008365698,-0.025699452,-0.07465929,-0.6328094
arith_020_clean,20,clean,stable,0,5 + 3,8,10,eight,ten,"Example 1: 2 + 3. Candidates: five, six. Answer: five.
Example 2: 4 * 3. Candidates: eleven, twelve. Answer: twelve.
Now solve the new problem.
Calculate 5 + 3.
Candidate 1: eight
Candidate 2: ten
Which candidate is correct?
Answer with exactly one candidate word:",6.6835938,6.109375,0.57421875,clean,train,0.5588415,0.0,0.0,0.0,0.0
arith_020_paraphrase,20,paraphrase,stable,0,5 + 3,8,10,eight,ten,"Example 1: 2 + 3. Candidates: five, six. Answer: five.
Example 2: 4 * 3. Candidates: eleven, twelve. Answer: twelve.
Now solve the new problem.
Work out the value of 5 + 3 and compare the two choices.
Candidate 1: eight
Candidate 2: ten
Which candidate is correct?
Answer with exactly one candidate word:",8.46875,6.8632812,1.6054688,clean,train,1.598279,0.020878732,0.022821605,0.15777868,1.0272346
arith_020_untrusted_conflict,20,untrusted_conflict,competition,1,5 + 3,8,10,eight,ten,"Example 1: 2 + 3. Candidates: five, six. Answer: five.
Example 2: 4 * 3. Candidates: eleven, twelve. Answer: twelve.
Now solve the new problem.
Calculate 5 + 3.
Candidate 1: eight
Candidate 2: ten
An unverified note claims that ten is correct. Check the arithmetic yourself.
Which candidate is correct?
Answer with exactly one candidate word:",8.3671875,8.71875,-0.3515625,conflict,train,-0.38215292,0.049256533,-0.031930685,-0.166843,-0.92745066
arith_020_asserted_conflict,20,asserted_conflict,competition,1,5 + 3,8,10,eight,ten,"Example 1: 2 + 3. Candidates: five, six. Answer: five.
Example 2: 4 * 3. Candidates: eleven, twelve. Answer: twelve.
Now solve the new problem.
Calculate 5 + 3.
Candidate 1: eight
Candidate 2: ten
A previous solver selected ten. Independently verify the result.
Which candidate is correct?
Answer with exactly one candidate word:",7.0664062,6.2226562,0.84375,clean,train,0.8293415,-0.020155877,0.025603116,0.012501717,0.27099323
arith_020_explicit_correction,20,explicit_correction,closure,2,5 + 3,8,10,eight,ten,"Example 1: 2 + 3. Candidates: five, six. Answer: five.
Example 2: 4 * 3. Candidates: eleven, twelve. Answer: twelve.
Now solve the new problem.
Calculate 5 + 3.
Candidate 1: eight
Candidate 2: ten
Initial note: ten. Correction: that note was withdrawn; use the arithmetic result.
Which candidate is correct?
Answer with exactly one candidate word:",8.6328125,8.859375,-0.2265625,conflict,train,-0.24951345,0.08499786,0.011180341,-0.08164775,-0.8060336
arith_020_final_recheck,20,final_recheck,closure,2,5 + 3,8,10,eight,ten,"Example 1: 2 + 3. Candidates: five, six. Answer: five.
Example 2: 4 * 3. Candidates: eleven, twelve. Answer: twelve.
Now solve the new problem.
Calculate 5 + 3.
Candidate 1: eight
Candidate 2: ten
Draft answer: ten. Final instruction: recheck the calculation and replace the draft if needed.
Which candidate is correct?
Answer with exactly one candidate word:",6.359375,5.5117188,0.84765625,clean,train,0.8443628,0.02453512,0.04874271,0.12559319,0.27039623
arith_021_clean,21,clean,stable,0,6 + 3,9,7,nine,seven,"Example 1: 2 + 3. Candidates: five, six. Answer: five.
Example 2: 4 * 3. Candidates: eleven, twelve. Answer: twelve.
Now solve the new problem.
Calculate 6 + 3.
Candidate 1: seven
Candidate 2: nine
Which candidate is correct?
Answer with exactly one candidate word:",6.9648438,6.7382812,0.2265625,clean,heldout,0.5588415,0.0,0.0,0.0,0.0
arith_021_paraphrase,21,paraphrase,stable,0,6 + 3,9,7,nine,seven,"Example 1: 2 + 3. Candidates: five, six. Answer: five.
Example 2: 4 * 3. Candidates: eleven, twelve. Answer: twelve.
Now solve the new problem.
Work out the value of 6 + 3 and compare the two choices.
Candidate 1: seven
Candidate 2: nine
Which candidate is correct?
Answer with exactly one candidate word:",7.8046875,8.2421875,-0.4375,conflict,heldout,-0.11822164,-0.02963239,-0.031013489,-0.15413529,-0.6619072
arith_021_untrusted_conflict,21,untrusted_conflict,competition,1,6 + 3,9,7,nine,seven,"Example 1: 2 + 3. Candidates: five, six. Answer: five.
Example 2: 4 * 3. Candidates: eleven, twelve. Answer: twelve.
Now solve the new problem.
Calculate 6 + 3.
Candidate 1: seven
Candidate 2: nine
An unverified note claims that seven is correct. Check the arithmetic yourself.
Which candidate is correct?
Answer with exactly one candidate word:",7.1875,9.3359375,-2.1484375,conflict,heldout,-1.8428247,-0.03684467,-0.06611115,-0.3756426,-2.371911
arith_021_asserted_conflict,21,asserted_conflict,competition,1,6 + 3,9,7,nine,seven,"Example 1: 2 + 3. Candidates: five, six. Answer: five.
Example 2: 4 * 3. Candidates: eleven, twelve. Answer: twelve.
Now solve the new problem.
Calculate 6 + 3.
Candidate 1: seven
Candidate 2: nine
A previous solver selected seven. Independently verify the result.
Which candidate is correct?
Answer with exactly one candidate word:",6.875,7.7578125,-0.8828125,conflict,heldout,-0.5722559,-0.007854044,-0.07363057,-0.21662551,-1.1112123
arith_021_explicit_correction,21,explicit_correction,closure,2,6 + 3,9,7,nine,seven,"Example 1: 2 + 3. Candidates: five, six. Answer: five.
Example 2: 4 * 3. Candidates: eleven, twelve. Answer: twelve.
Now solve the new problem.
Calculate 6 + 3.
Candidate 1: seven
Candidate 2: nine
Initial note: seven. Correction: that note was withdrawn; use the arithmetic result.
Which candidate is correct?
Answer with exactly one candidate word:",7.8164062,9.4453125,-1.6289062,conflict,heldout,-1.3182511,-0.05152133,-0.08973354,-0.29150027,-1.8531008
arith_021_final_recheck,21,final_recheck,closure,2,6 + 3,9,7,nine,seven,"Example 1: 2 + 3. Candidates: five, six. Answer: five.
Example 2: 4 * 3. Candidates: eleven, twelve. Answer: twelve.
Now solve the new problem.
Calculate 6 + 3.
Candidate 1: seven
Candidate 2: nine
Draft answer: seven. Final instruction: recheck the calculation and replace the draft if needed.
Which candidate is correct?
Answer with exactly one candidate word:",5.2226562,5.8476562,-0.625,conflict,heldout,-0.30855328,-0.043892264,-0.11407089,-0.15573463,-0.85192966
arith_022_clean,22,clean,stable,0,7 + 3,10,13,ten,thirteen,"Example 1: 2 + 3. Candidates: five, six. Answer: five.
Example 2: 4 * 3. Candidates: eleven, twelve. Answer: twelve.
Now solve the new problem.
Calculate 7 + 3.
Candidate 1: ten
Candidate 2: thirteen
Which candidate is correct?
Answer with exactly one candidate word:",6.9765625,7.8984375,-0.921875,conflict,train,0.5588415,0.0,0.0,0.0,0.0
arith_022_paraphrase,22,paraphrase,stable,0,7 + 3,10,13,ten,thirteen,"Example 1: 2 + 3. Candidates: five, six. Answer: five.
Example 2: 4 * 3. Candidates: eleven, twelve. Answer: twelve.
Now solve the new problem.
Work out the value of 7 + 3 and compare the two choices.
Candidate 1: ten
Candidate 2: thirteen
Which candidate is correct?
Answer with exactly one candidate word:",7.8789062,8.4375,-0.55859375,conflict,train,0.93155766,0.0029019713,0.050461054,0.0654546,0.36643314
arith_022_untrusted_conflict,22,untrusted_conflict,competition,1,7 + 3,10,13,ten,thirteen,"Example 1: 2 + 3. Candidates: five, six. Answer: five.
Example 2: 4 * 3. Candidates: eleven, twelve. Answer: twelve.
Now solve the new problem.
Calculate 7 + 3.
Candidate 1: ten
Candidate 2: thirteen
An unverified note claims that thirteen is correct. Check the arithmetic yourself.
Which candidate is correct?
Answer with exactly one candidate word:",7.484375,9.71875,-2.234375,conflict,train,-0.75928134,-0.028847039,0.070486605,-0.12882829,-1.3138084
arith_022_asserted_conflict,22,asserted_conflict,competition,1,7 + 3,10,13,ten,thirteen,"Example 1: 2 + 3. Candidates: five, six. Answer: five.
Example 2: 4 * 3. Candidates: eleven, twelve. Answer: twelve.
Now solve the new problem.
Calculate 7 + 3.
Candidate 1: ten
Candidate 2: thirteen
A previous solver selected thirteen. Independently verify the result.
Which candidate is correct?
Answer with exactly one candidate word:",6.7929688,8.0859375,-1.2929688,conflict,train,0.18891713,0.071246594,0.039355516,0.0077294707,-0.37580013
arith_022_explicit_correction,22,explicit_correction,closure,2,7 + 3,10,13,ten,thirteen,"Example 1: 2 + 3. Candidates: five, six. Answer: five.
Example 2: 4 * 3. Candidates: eleven, twelve. Answer: twelve.
Now solve the new problem.
Calculate 7 + 3.
Candidate 1: ten
Candidate 2: thirteen
Initial note: thirteen. Correction: that note was withdrawn; use the arithmetic result.
Which candidate is correct?
Answer with exactly one candidate word:",7.6445312,10.6484375,-3.0039062,conflict,train,-1.5331051,-0.016986132,0.0077180266,-0.19750303,-2.0843792
arith_022_final_recheck,22,final_recheck,closure,2,7 + 3,10,13,ten,thirteen,"Example 1: 2 + 3. Candidates: five, six. Answer: five.
Example 2: 4 * 3. Candidates: eleven, twelve. Answer: twelve.
Now solve the new problem.
Calculate 7 + 3.
Candidate 1: ten
Candidate 2: thirteen
Draft answer: thirteen. Final instruction: recheck the calculation and replace the draft if needed.
Which candidate is correct?
Answer with exactly one candidate word:",5.9882812,7.3203125,-1.3320312,conflict,train,0.12885469,-0.010981798,-0.031764746,-0.14427051,-0.41417933
arith_023_clean,23,clean,stable,0,8 + 3,11,8,eleven,eight,"Example 1: 2 + 3. Candidates: five, six. Answer: five.
Example 2: 4 * 3. Candidates: eleven, twelve. Answer: twelve.
Now solve the new problem.
Calculate 8 + 3.
Candidate 1: eight
Candidate 2: eleven
Which candidate is correct?
Answer with exactly one candidate word:",8.2109375,10.015625,-1.8046875,conflict,train,0.5588415,0.0,0.0,0.0,0.0
arith_023_paraphrase,23,paraphrase,stable,0,8 + 3,11,8,eleven,eight,"Example 1: 2 + 3. Candidates: five, six. Answer: five.
Example 2: 4 * 3. Candidates: eleven, twelve. Answer: twelve.
Now solve the new problem.
Work out the value of 8 + 3 and compare the two choices.
Candidate 1: eight
Candidate 2: eleven
Which candidate is correct?
Answer with exactly one candidate word:",9.203125,12.40625,-3.203125,conflict,train,-0.88914376,-0.00077562034,-0.022700489,-0.39185917,-1.4090691
arith_023_untrusted_conflict,23,untrusted_conflict,competition,1,8 + 3,11,8,eleven,eight,"Example 1: 2 + 3. Candidates: five, six. Answer: five.
Example 2: 4 * 3. Candidates: eleven, twelve. Answer: twelve.
Now solve the new problem.
Calculate 8 + 3.
Candidate 1: eight
Candidate 2: eleven
An unverified note claims that eight is correct. Check the arithmetic yourself.
Which candidate is correct?
Answer with exactly one candidate word:",8.3671875,12.8125,-4.4453125,conflict,train,-2.1415646,-0.025678828,-0.07821071,-0.590347,-2.6451626
arith_023_asserted_conflict,23,asserted_conflict,competition,1,8 + 3,11,8,eleven,eight,"Example 1: 2 + 3. Candidates: five, six. Answer: five.
Example 2: 4 * 3. Candidates: eleven, twelve. Answer: twelve.
Now solve the new problem.
Calculate 8 + 3.
Candidate 1: eight
Candidate 2: eleven
A previous solver selected eight. Independently verify the result.
Which candidate is correct?
Answer with exactly one candidate word:",7.8242188,9.9140625,-2.0898438,conflict,train,0.26627463,0.003694281,-0.036676764,-0.048775494,-0.288105
arith_023_explicit_correction,23,explicit_correction,closure,2,8 + 3,11,8,eleven,eight,"Example 1: 2 + 3. Candidates: five, six. Answer: five.
Example 2: 4 * 3. Candidates: eleven, twelve. Answer: twelve.
Now solve the new problem.
Calculate 8 + 3.
Candidate 1: eight
Candidate 2: eleven
Initial note: eight. Correction: that note was withdrawn; use the arithmetic result.
Which candidate is correct?
Answer with exactly one candidate word:",9.9140625,12.7578125,-2.84375,conflict,train,-0.52939016,-0.06433986,-0.06595856,-0.3888361,-1.0449524
arith_023_final_recheck,23,final_recheck,closure,2,8 + 3,11,8,eleven,eight,"Example 1: 2 + 3. Candidates: five, six. Answer: five.
Example 2: 4 * 3. Candidates: eleven, twelve. Answer: twelve.
Now solve the new problem.
Calculate 8 + 3.
Candidate 1: eight
Candidate 2: eleven
Draft answer: eight. Final instruction: recheck the calculation and replace the draft if needed.
Which candidate is correct?
Answer with exactly one candidate word:",5.8945312,9.40625,-3.5117188,conflict,train,-1.1765094,-0.06878413,-0.08127689,-0.28598827,-1.7107868
arith_024_clean,24,clean,stable,0,1 + 4,5,6,five,six,"Example 1: 2 + 3. Candidates: five, six. Answer: five.
Example 2: 4 * 3. Candidates: eleven, twelve. Answer: twelve.
Now solve the new problem.
Calculate 1 + 4.
Candidate 1: five
Candidate 2: six
Which candidate is correct?
Answer with exactly one candidate word:",3.0820312,3.6640625,-0.58203125,conflict,train,0.5588415,0.0,0.0,0.0,0.0
arith_024_paraphrase,24,paraphrase,stable,0,1 + 4,5,6,five,six,"Example 1: 2 + 3. Candidates: five, six. Answer: five.
Example 2: 4 * 3. Candidates: eleven, twelve. Answer: twelve.
Now solve the new problem.
Work out the value of 1 + 4 and compare the two choices.
Candidate 1: five
Candidate 2: six
Which candidate is correct?
Answer with exactly one candidate word:",5.7929688,6.109375,-0.31640625,conflict,train,0.82003176,-0.012769356,-0.010967687,-0.014409423,0.26571774
arith_024_untrusted_conflict,24,untrusted_conflict,competition,1,1 + 4,5,6,five,six,"Example 1: 2 + 3. Candidates: five, six. Answer: five.
Example 2: 4 * 3. Candidates: eleven, twelve. Answer: twelve.
Now solve the new problem.
Calculate 1 + 4.
Candidate 1: five
Candidate 2: six
An unverified note claims that six is correct. Check the arithmetic yourself.
Which candidate is correct?
Answer with exactly one candidate word:",6.453125,8.0390625,-1.5859375,conflict,train,-0.4595906,0.00824897,-0.025763974,-0.1402033,-1.0086453
arith_024_asserted_conflict,24,asserted_conflict,competition,1,1 + 4,5,6,five,six,"Example 1: 2 + 3. Candidates: five, six. Answer: five.
Example 2: 4 * 3. Candidates: eleven, twelve. Answer: twelve.
Now solve the new problem.
Calculate 1 + 4.
Candidate 1: five
Candidate 2: six
A previous solver selected six. Independently verify the result.
Which candidate is correct?
Answer with exactly one candidate word:",3.7851562,4.4296875,-0.64453125,conflict,train,0.49671453,0.011228435,-0.025687054,0.00012025237,-0.062335014
arith_024_explicit_correction,24,explicit_correction,closure,2,1 + 4,5,6,five,six,"Example 1: 2 + 3. Candidates: five, six. Answer: five.
Example 2: 4 * 3. Candidates: eleven, twelve. Answer: twelve.
Now solve the new problem.
Calculate 1 + 4.
Candidate 1: five
Candidate 2: six
Initial note: six. Correction: that note was withdrawn; use the arithmetic result.
Which candidate is correct?
Answer with exactly one candidate word:",6.2304688,8.453125,-2.2226562,conflict,train,-1.0892801,-0.0112360865,-0.0015437156,-0.17724627,-1.6392181
arith_024_final_recheck,24,final_recheck,closure,2,1 + 4,5,6,five,six,"Example 1: 2 + 3. Candidates: five, six. Answer: five.
Example 2: 4 * 3. Candidates: eleven, twelve. Answer: twelve.
Now solve the new problem.
Calculate 1 + 4.
Candidate 1: five
Candidate 2: six
Draft answer: six. Final instruction: recheck the calculation and replace the draft if needed.
Which candidate is correct?
Answer with exactly one candidate word:",1.8447266,3.25,-1.4052734,conflict,train,-0.2780075,-0.02713202,-0.06046523,-0.14560565,-0.8236697
arith_025_clean,25,clean,stable,0,2 + 4,6,5,six,five,"Example 1: 2 + 3. Candidates: five, six. Answer: five.
Example 2: 4 * 3. Candidates: eleven, twelve. Answer: twelve.
Now solve the new problem.
Calculate 2 + 4.
Candidate 1: five
Candidate 2: six
Which candidate is correct?
Answer with exactly one candidate word:",4.203125,3.5839844,0.6191406,clean,train,0.5588415,0.0,0.0,0.0,0.0
arith_025_paraphrase,25,paraphrase,stable,0,2 + 4,6,5,six,five,"Example 1: 2 + 3. Candidates: five, six. Answer: five.
Example 2: 4 * 3. Candidates: eleven, twelve. Answer: twelve.
Now solve the new problem.
Work out the value of 2 + 4 and compare the two choices.
Candidate 1: five
Candidate 2: six
Which candidate is correct?
Answer with exactly one candidate word:",6.7695312,6.3320312,0.4375,clean,train,0.38242793,0.015063584,0.007530153,0.028748393,-0.18203449
arith_025_untrusted_conflict,25,untrusted_conflict,competition,1,2 + 4,6,5,six,five,"Example 1: 2 + 3. Candidates: five, six. Answer: five.
Example 2: 4 * 3. Candidates: eleven, twelve. Answer: twelve.
Now solve the new problem.
Calculate 2 + 4.
Candidate 1: five
Candidate 2: six
An unverified note claims that five is correct. Check the arithmetic yourself.
Which candidate is correct?
Answer with exactly one candidate word:",7.2382812,8.171875,-0.93359375,conflict,train,-0.99252206,-0.0076625347,0.015549302,-0.06678665,-1.5563936
arith_025_asserted_conflict,25,asserted_conflict,competition,1,2 + 4,6,5,six,five,"Example 1: 2 + 3. Candidates: five, six. Answer: five.
Example 2: 4 * 3. Candidates: eleven, twelve. Answer: twelve.
Now solve the new problem.
Calculate 2 + 4.
Candidate 1: five
Candidate 2: six
A previous solver selected five. Independently verify the result.
Which candidate is correct?
Answer with exactly one candidate word:",4.5546875,4.2578125,0.296875,clean,train,0.23705322,-0.008062199,0.03148076,-0.04305145,-0.31948137
arith_025_explicit_correction,25,explicit_correction,closure,2,2 + 4,6,5,six,five,"Example 1: 2 + 3. Candidates: five, six. Answer: five.
Example 2: 4 * 3. Candidates: eleven, twelve. Answer: twelve.
Now solve the new problem.
Calculate 2 + 4.
Candidate 1: five
Candidate 2: six
Initial note: five. Correction: that note was withdrawn; use the arithmetic result.
Which candidate is correct?
Answer with exactly one candidate word:",6.8242188,7.28125,-0.45703125,conflict,train,-0.5174281,0.013405308,-0.0065775514,-0.08048731,-1.0752068
arith_025_final_recheck,25,final_recheck,closure,2,2 + 4,6,5,six,five,"Example 1: 2 + 3. Candidates: five, six. Answer: five.
Example 2: 4 * 3. Candidates: eleven, twelve. Answer: twelve.
Now solve the new problem.
Calculate 2 + 4.
Candidate 1: five
Candidate 2: six
Draft answer: five. Final instruction: recheck the calculation and replace the draft if needed.
Which candidate is correct?
Answer with exactly one candidate word:",2.7558594,2.3105469,0.4453125,clean,train,0.3965268,0.031612262,0.06578633,0.06121096,-0.17336416
arith_026_clean,26,clean,stable,0,3 + 4,7,9,seven,nine,"Example 1: 2 + 3. Candidates: five, six. Answer: five.
Example 2: 4 * 3. Candidates: eleven, twelve. Answer: twelve.
Now solve the new problem.
Calculate 3 + 4.
Candidate 1: seven
Candidate 2: nine
Which candidate is correct?
Answer with exactly one candidate word:",6.0351562,6.7773438,-0.7421875,conflict,train,0.5588415,0.0,0.0,0.0,0.0
arith_026_paraphrase,26,paraphrase,stable,0,3 + 4,7,9,seven,nine,"Example 1: 2 + 3. Candidates: five, six. Answer: five.
Example 2: 4 * 3. Candidates: eleven, twelve. Answer: twelve.
Now solve the new problem.
Work out the value of 3 + 4 and compare the two choices.
Candidate 1: seven
Candidate 2: nine
Which candidate is correct?
Answer with exactly one candidate word:",8.0,8.1484375,-0.1484375,conflict,train,1.1657196,0.018822461,0.01818186,0.12135255,0.5957651
arith_026_untrusted_conflict,26,untrusted_conflict,competition,1,3 + 4,7,9,seven,nine,"Example 1: 2 + 3. Candidates: five, six. Answer: five.
Example 2: 4 * 3. Candidates: eleven, twelve. Answer: twelve.
Now solve the new problem.
Calculate 3 + 4.
Candidate 1: seven
Candidate 2: nine
An unverified note claims that nine is correct. Check the arithmetic yourself.
Which candidate is correct?
Answer with exactly one candidate word:",7.96875,8.9296875,-0.9609375,conflict,train,0.3394102,0.021090508,0.04271269,-0.021244168,-0.21965313
arith_026_asserted_conflict,26,asserted_conflict,competition,1,3 + 4,7,9,seven,nine,"Example 1: 2 + 3. Candidates: five, six. Answer: five.
Example 2: 4 * 3. Candidates: eleven, twelve. Answer: twelve.
Now solve the new problem.
Calculate 3 + 4.
Candidate 1: seven
Candidate 2: nine
A previous solver selected nine. Independently verify the result.
Which candidate is correct?
Answer with exactly one candidate word:",6.8984375,6.8359375,0.0625,clean,train,1.3775139,0.0055188537,0.07371545,0.15177935,0.8045459
arith_026_explicit_correction,26,explicit_correction,closure,2,3 + 4,7,9,seven,nine,"Example 1: 2 + 3. Candidates: five, six. Answer: five.
Example 2: 4 * 3. Candidates: eleven, twelve. Answer: twelve.
Now solve the new problem.
Calculate 3 + 4.
Candidate 1: seven
Candidate 2: nine
Initial note: nine. Correction: that note was withdrawn; use the arithmetic result.
Which candidate is correct?
Answer with exactly one candidate word:",8.484375,9.8359375,-1.3515625,conflict,train,-0.053869247,0.042013705,0.063257456,-0.108391285,-0.6056509
arith_026_final_recheck,26,final_recheck,closure,2,3 + 4,7,9,seven,nine,"Example 1: 2 + 3. Candidates: five, six. Answer: five.
Example 2: 4 * 3. Candidates: eleven, twelve. Answer: twelve.
Now solve the new problem.
Calculate 3 + 4.
Candidate 1: seven
Candidate 2: nine
Draft answer: nine. Final instruction: recheck the calculation and replace the draft if needed.
Which candidate is correct?
Answer with exactly one candidate word:",4.8554688,5.484375,-0.62890625,conflict,train,0.6803851,0.049662635,0.11410898,0.047114372,0.11366367
arith_027_clean,27,clean,stable,0,4 + 4,8,6,eight,six,"Example 1: 2 + 3. Candidates: five, six. Answer: five.
Example 2: 4 * 3. Candidates: eleven, twelve. Answer: twelve.
Now solve the new problem.
Calculate 4 + 4.
Candidate 1: six
Candidate 2: eight
Which candidate is correct?
Answer with exactly one candidate word:",6.265625,6.0234375,0.2421875,clean,train,0.5588415,0.0,0.0,0.0,0.0
arith_027_paraphrase,27,paraphrase,stable,0,4 + 4,8,6,eight,six,"Example 1: 2 + 3. Candidates: five, six. Answer: five.
Example 2: 4 * 3. Candidates: eleven, twelve. Answer: twelve.
Now solve the new problem.
Work out the value of 4 + 4 and compare the two choices.
Candidate 1: six
Candidate 2: eight
Which candidate is correct?
Answer with exactly one candidate word:",7.4726562,7.3867188,0.0859375,clean,train,0.39816713,-0.051424116,-0.040024757,-0.024194539,-0.15751648
arith_027_untrusted_conflict,27,untrusted_conflict,competition,1,4 + 4,8,6,eight,six,"Example 1: 2 + 3. Candidates: five, six. Answer: five.
Example 2: 4 * 3. Candidates: eleven, twelve. Answer: twelve.
Now solve the new problem.
Calculate 4 + 4.
Candidate 1: six
Candidate 2: eight
An unverified note claims that six is correct. Check the arithmetic yourself.
Which candidate is correct?
Answer with exactly one candidate word:",7.5742188,8.765625,-1.1914062,conflict,train,-0.89108044,-0.020942241,-0.09758937,-0.15777725,-1.4398751
arith_027_asserted_conflict,27,asserted_conflict,competition,1,4 + 4,8,6,eight,six,"Example 1: 2 + 3. Candidates: five, six. Answer: five.
Example 2: 4 * 3. Candidates: eleven, twelve. Answer: twelve.
Now solve the new problem.
Calculate 4 + 4.
Candidate 1: six
Candidate 2: eight
A previous solver selected six. Independently verify the result.
Which candidate is correct?
Answer with exactly one candidate word:",6.1171875,6.125,-0.0078125,conflict,train,0.31083673,0.008712798,1.347065e-05,0.013795078,-0.25207758
arith_027_explicit_correction,27,explicit_correction,closure,2,4 + 4,8,6,eight,six,"Example 1: 2 + 3. Candidates: five, six. Answer: five.
Example 2: 4 * 3. Candidates: eleven, twelve. Answer: twelve.
Now solve the new problem.
Calculate 4 + 4.
Candidate 1: six
Candidate 2: eight
Initial note: six. Correction: that note was withdrawn; use the arithmetic result.
Which candidate is correct?
Answer with exactly one candidate word:",7.9960938,8.921875,-0.92578125,conflict,train,-0.6127592,0.001605019,0.0068511367,-0.091297746,-1.1700687
arith_027_final_recheck,27,final_recheck,closure,2,4 + 4,8,6,eight,six,"Example 1: 2 + 3. Candidates: five, six. Answer: five.
Example 2: 4 * 3. Candidates: eleven, twelve. Answer: twelve.
Now solve the new problem.
Calculate 4 + 4.
Candidate 1: six
Candidate 2: eight
Draft answer: six. Final instruction: recheck the calculation and replace the draft if needed.
Which candidate is correct?
Answer with exactly one candidate word:",5.1992188,5.3710938,-0.171875,conflict,train,0.13795105,-0.03114529,-0.08153048,-0.056913167,-0.41519737
arith_028_clean,28,clean,stable,0,5 + 4,9,12,nine,twelve,"Example 1: 2 + 3. Candidates: five, six. Answer: five.
Example 2: 4 * 3. Candidates: eleven, twelve. Answer: twelve.
Now solve the new problem.
Calculate 5 + 4.
Candidate 1: nine
Candidate 2: twelve
Which candidate is correct?
Answer with exactly one candidate word:",6.8046875,6.9960938,-0.19140625,conflict,train,0.5588415,0.0,0.0,0.0,0.0
arith_028_paraphrase,28,paraphrase,stable,0,5 + 4,9,12,nine,twelve,"Example 1: 2 + 3. Candidates: five, six. Answer: five.
Example 2: 4 * 3. Candidates: eleven, twelve. Answer: twelve.
Now solve the new problem.
Work out the value of 5 + 4 and compare the two choices.
Candidate 1: nine
Candidate 2: twelve
Which candidate is correct?
Answer with exactly one candidate word:",8.8671875,8.09375,0.7734375,clean,train,1.5370562,0.035617173,0.07427597,0.18402886,0.9608884
arith_028_untrusted_conflict,28,untrusted_conflict,competition,1,5 + 4,9,12,nine,twelve,"Example 1: 2 + 3. Candidates: five, six. Answer: five.
Example 2: 4 * 3. Candidates: eleven, twelve. Answer: twelve.
Now solve the new problem.
Calculate 5 + 4.
Candidate 1: nine
Candidate 2: twelve
An unverified note claims that twelve is correct. Check the arithmetic yourself.
Which candidate is correct?
Answer with exactly one candidate word:",7.6835938,10.1953125,-2.5117188,conflict,train,-1.7664378,-0.007312566,0.01148808,-0.17603004,-2.322742
arith_028_asserted_conflict,28,asserted_conflict,competition,1,5 + 4,9,12,nine,twelve,"Example 1: 2 + 3. Candidates: five, six. Answer: five.
Example 2: 4 * 3. Candidates: eleven, twelve. Answer: twelve.
Now solve the new problem.
Calculate 5 + 4.
Candidate 1: nine
Candidate 2: twelve
A previous solver selected twelve. Independently verify the result.
Which candidate is correct?
Answer with exactly one candidate word:",6.9960938,7.2734375,-0.27734375,conflict,train,0.466812,0.0075907707,-0.03301829,-0.041121244,-0.08693409
arith_028_explicit_correction,28,explicit_correction,closure,2,5 + 4,9,12,nine,twelve,"Example 1: 2 + 3. Candidates: five, six. Answer: five.
Example 2: 4 * 3. Candidates: eleven, twelve. Answer: twelve.
Now solve the new problem.
Calculate 5 + 4.
Candidate 1: nine
Candidate 2: twelve
Initial note: twelve. Correction: that note was withdrawn; use the arithmetic result.
Which candidate is correct?
Answer with exactly one candidate word:",7.8164062,10.4140625,-2.5976562,conflict,train,-1.8442471,0.034002006,-0.03565091,-0.15753722,-2.4032588
arith_028_final_recheck,28,final_recheck,closure,2,5 + 4,9,12,nine,twelve,"Example 1: 2 + 3. Candidates: five, six. Answer: five.
Example 2: 4 * 3. Candidates: eleven, twelve. Answer: twelve.
Now solve the new problem.
Calculate 5 + 4.
Candidate 1: nine
Candidate 2: twelve
Draft answer: twelve. Final instruction: recheck the calculation and replace the draft if needed.
Which candidate is correct?
Answer with exactly one candidate word:",5.4609375,5.5898438,-0.12890625,conflict,train,0.620854,-0.032940567,-0.082362175,-0.0077094734,0.06554079
arith_029_clean,29,clean,stable,0,6 + 4,10,7,ten,seven,"Example 1: 2 + 3. Candidates: five, six. Answer: five.
Example 2: 4 * 3. Candidates: eleven, twelve. Answer: twelve.
Now solve the new problem.
Calculate 6 + 4.
Candidate 1: seven
Candidate 2: ten
Which candidate is correct?
Answer with exactly one candidate word:",5.7773438,6.7304688,-0.953125,conflict,heldout,0.5588415,0.0,0.0,0.0,0.0
arith_029_paraphrase,29,paraphrase,stable,0,6 + 4,10,7,ten,seven,"Example 1: 2 + 3. Candidates: five, six. Answer: five.
Example 2: 4 * 3. Candidates: eleven, twelve. Answer: twelve.
Now solve the new problem.
Work out the value of 6 + 4 and compare the two choices.
Candidate 1: seven
Candidate 2: ten
Which candidate is correct?
Answer with exactly one candidate word:",5.84375,8.125,-2.28125,conflict,heldout,-0.79009455,-0.083180904,-0.089261234,-0.24510503,-1.3260002
arith_029_untrusted_conflict,29,untrusted_conflict,competition,1,6 + 4,10,7,ten,seven,"Example 1: 2 + 3. Candidates: five, six. Answer: five.
Example 2: 4 * 3. Candidates: eleven, twelve. Answer: twelve.
Now solve the new problem.
Calculate 6 + 4.
Candidate 1: seven
Candidate 2: ten
An unverified note claims that seven is correct. Check the arithmetic yourself.
Which candidate is correct?
Answer with exactly one candidate word:",5.6640625,9.296875,-3.6328125,conflict,heldout,-2.154843,-0.1204232,-0.09219837,-0.39719975,-2.6823015
arith_029_asserted_conflict,29,asserted_conflict,competition,1,6 + 4,10,7,ten,seven,"Example 1: 2 + 3. Candidates: five, six. Answer: five.
Example 2: 4 * 3. Candidates: eleven, twelve. Answer: twelve.
Now solve the new problem.
Calculate 6 + 4.
Candidate 1: seven
Candidate 2: ten
A previous solver selected seven. Independently verify the result.
Which candidate is correct?
Answer with exactly one candidate word:",5.3203125,7.6953125,-2.375,conflict,heldout,-0.8792353,-0.0029822886,-0.04872763,-0.2052809,-1.4228864
arith_029_explicit_correction,29,explicit_correction,closure,2,6 + 4,10,7,ten,seven,"Example 1: 2 + 3. Candidates: five, six. Answer: five.
Example 2: 4 * 3. Candidates: eleven, twelve. Answer: twelve.
Now solve the new problem.
Calculate 6 + 4.
Candidate 1: seven
Candidate 2: ten
Initial note: seven. Correction: that note was withdrawn; use the arithmetic result.
Which candidate is correct?
Answer with exactly one candidate word:",6.1835938,9.453125,-3.2695312,conflict,heldout,-1.7940767,-0.14417586,-0.10101521,-0.3942755,-2.3183036
arith_029_final_recheck,29,final_recheck,closure,2,6 + 4,10,7,ten,seven,"Example 1: 2 + 3. Candidates: five, six. Answer: five.
Example 2: 4 * 3. Candidates: eleven, twelve. Answer: twelve.
Now solve the new problem.
Calculate 6 + 4.
Candidate 1: seven
Candidate 2: ten
Draft answer: seven. Final instruction: recheck the calculation and replace the draft if needed.
Which candidate is correct?
Answer with exactly one candidate word:",3.5195312,5.828125,-2.3085938,conflict,heldout,-0.8276625,-0.0474298,-0.11899248,-0.29394275,-1.3574047
arith_030_clean,30,clean,stable,0,7 + 4,11,12,eleven,twelve,"Example 1: 2 + 3. Candidates: five, six. Answer: five.
Example 2: 4 * 3. Candidates: eleven, twelve. Answer: twelve.
Now solve the new problem.
Calculate 7 + 4.
Candidate 1: eleven
Candidate 2: twelve
Which candidate is correct?
Answer with exactly one candidate word:",8.296875,7.3789062,0.91796875,clean,heldout,0.5588415,0.0,0.0,0.0,0.0
arith_030_paraphrase,30,paraphrase,stable,0,7 + 4,11,12,eleven,twelve,"Example 1: 2 + 3. Candidates: five, six. Answer: five.
Example 2: 4 * 3. Candidates: eleven, twelve. Answer: twelve.
Now solve the new problem.
Work out the value of 7 + 4 and compare the two choices.
Candidate 1: eleven
Candidate 2: twelve
Which candidate is correct?
Answer with exactly one candidate word:",10.0703125,8.4765625,1.59375,clean,heldout,1.2251334,0.008890092,0.0007671118,0.036601722,0.6672077
arith_030_untrusted_conflict,30,untrusted_conflict,competition,1,7 + 4,11,12,eleven,twelve,"Example 1: 2 + 3. Candidates: five, six. Answer: five.
Example 2: 4 * 3. Candidates: eleven, twelve. Answer: twelve.
Now solve the new problem.
Calculate 7 + 4.
Candidate 1: eleven
Candidate 2: twelve
An unverified note claims that twelve is correct. Check the arithmetic yourself.
Which candidate is correct?
Answer with exactly one candidate word:",9.546875,10.4921875,-0.9453125,conflict,heldout,-1.3277988,-0.021983534,-0.06328255,-0.24082398,-1.8702145
arith_030_asserted_conflict,30,asserted_conflict,competition,1,7 + 4,11,12,eleven,twelve,"Example 1: 2 + 3. Candidates: five, six. Answer: five.
Example 2: 4 * 3. Candidates: eleven, twelve. Answer: twelve.
Now solve the new problem.
Calculate 7 + 4.
Candidate 1: eleven
Candidate 2: twelve
A previous solver selected twelve. Independently verify the result.
Which candidate is correct?
Answer with exactly one candidate word:",8.03125,7.53125,0.5,clean,heldout,0.13003755,0.013785034,-0.028834641,-0.07241422,-0.4227233
arith_030_explicit_correction,30,explicit_correction,closure,2,7 + 4,11,12,eleven,twelve,"Example 1: 2 + 3. Candidates: five, six. Answer: five.
Example 2: 4 * 3. Candidates: eleven, twelve. Answer: twelve.
Now solve the new problem.
Calculate 7 + 4.
Candidate 1: eleven
Candidate 2: twelve
Initial note: twelve. Correction: that note was withdrawn; use the arithmetic result.
Which candidate is correct?
Answer with exactly one candidate word:",10.171875,10.7109375,-0.5390625,conflict,heldout,-0.91113406,-0.002630055,-0.035280406,-0.14391565,-1.4633284
arith_030_final_recheck,30,final_recheck,closure,2,7 + 4,11,12,eleven,twelve,"Example 1: 2 + 3. Candidates: five, six. Answer: five.
Example 2: 4 * 3. Candidates: eleven, twelve. Answer: twelve.
Now solve the new problem.
Calculate 7 + 4.
Candidate 1: eleven
Candidate 2: twelve
Draft answer: twelve. Final instruction: recheck the calculation and replace the draft if needed.
Which candidate is correct?
Answer with exactly one candidate word:",6.6171875,5.9882812,0.62890625,clean,heldout,0.26075792,-0.057212442,-0.083660334,-0.04685524,-0.29226494
arith_031_clean,31,clean,stable,0,8 + 4,12,11,twelve,eleven,"Example 1: 2 + 3. Candidates: five, six. Answer: five.
Example 2: 4 * 3. Candidates: eleven, twelve. Answer: twelve.
Now solve the new problem.
Calculate 8 + 4.
Candidate 1: eleven
Candidate 2: twelve
Which candidate is correct?
Answer with exactly one candidate word:",7.9375,8.171875,-0.234375,conflict,train,0.5588415,0.0,0.0,0.0,0.0
arith_031_paraphrase,31,paraphrase,stable,0,8 + 4,12,11,twelve,eleven,"Example 1: 2 + 3. Candidates: five, six. Answer: five.
Example 2: 4 * 3. Candidates: eleven, twelve. Answer: twelve.
Now solve the new problem.
Work out the value of 8 + 4 and compare the two choices.
Candidate 1: eleven
Candidate 2: twelve
Which candidate is correct?
Answer with exactly one candidate word:",9.1171875,9.546875,-0.4296875,conflict,train,0.36360252,-0.0074898005,0.00051921606,0.022138,-0.19974709
arith_031_untrusted_conflict,31,untrusted_conflict,competition,1,8 + 4,12,11,twelve,eleven,"Example 1: 2 + 3. Candidates: five, six. Answer: five.
Example 2: 4 * 3. Candidates: eleven, twelve. Answer: twelve.
Now solve the new problem.
Calculate 8 + 4.
Candidate 1: eleven
Candidate 2: twelve
An unverified note claims that eleven is correct. Check the arithmetic yourself.
Which candidate is correct?
Answer with exactly one candidate word:",9.171875,9.765625,-0.59375,conflict,train,0.20290354,0.014773309,0.047866464,0.03773582,-0.36506367
arith_031_asserted_conflict,31,asserted_conflict,competition,1,8 + 4,12,11,twelve,eleven,"Example 1: 2 + 3. Candidates: five, six. Answer: five.
Example 2: 4 * 3. Candidates: eleven, twelve. Answer: twelve.
Now solve the new problem.
Calculate 8 + 4.
Candidate 1: eleven
Candidate 2: twelve
A previous solver selected eleven. Independently verify the result.
Which candidate is correct?
Answer with exactly one candidate word:",7.6328125,8.0390625,-0.40625,conflict,train,0.3807308,-0.016224682,0.021070302,0.012532532,-0.18149948
arith_031_explicit_correction,31,explicit_correction,closure,2,8 + 4,12,11,twelve,eleven,"Example 1: 2 + 3. Candidates: five, six. Answer: five.
Example 2: 4 * 3. Candidates: eleven, twelve. Answer: twelve.
Now solve the new problem.
Calculate 8 + 4.
Candidate 1: eleven
Candidate 2: twelve
Initial note: eleven. Correction: that note was withdrawn; use the arithmetic result.
Which candidate is correct?
Answer with exactly one candidate word:",9.8359375,10.9453125,-1.109375,conflict,train,-0.32322013,-0.0016070604,0.025047064,-0.06448227,-0.8818073
arith_031_final_recheck,31,final_recheck,closure,2,8 + 4,12,11,twelve,eleven,"Example 1: 2 + 3. Candidates: five, six. Answer: five.
Example 2: 4 * 3. Candidates: eleven, twelve. Answer: twelve.
Now solve the new problem.
Calculate 8 + 4.
Candidate 1: eleven
Candidate 2: twelve
Draft answer: eleven. Final instruction: recheck the calculation and replace the draft if needed.
Which candidate is correct?
Answer with exactly one candidate word:",5.484375,6.5234375,-1.0390625,conflict,train,-0.2515915,0.050286353,0.070358455,-0.05679339,-0.8120675
arith_032_clean,32,clean,stable,0,1 + 5,6,8,six,eight,"Example 1: 2 + 3. Candidates: five, six. Answer: five.
Example 2: 4 * 3. Candidates: eleven, twelve. Answer: twelve.
Now solve the new problem.
Calculate 1 + 5.
Candidate 1: six
Candidate 2: eight
Which candidate is correct?
Answer with exactly one candidate word:",5.5742188,5.3398438,0.234375,clean,train,0.5588415,0.0,0.0,0.0,0.0
arith_032_paraphrase,32,paraphrase,stable,0,1 + 5,6,8,six,eight,"Example 1: 2 + 3. Candidates: five, six. Answer: five.
Example 2: 4 * 3. Candidates: eleven, twelve. Answer: twelve.
Now solve the new problem.
Work out the value of 1 + 5 and compare the two choices.
Candidate 1: six
Candidate 2: eight
Which candidate is correct?
Answer with exactly one candidate word:",8.2421875,7.3632812,0.87890625,clean,train,1.2062318,0.064368665,0.05898851,0.063242376,0.6428642
arith_032_untrusted_conflict,32,untrusted_conflict,competition,1,1 + 5,6,8,six,eight,"Example 1: 2 + 3. Candidates: five, six. Answer: five.
Example 2: 4 * 3. Candidates: eleven, twelve. Answer: twelve.
Now solve the new problem.
Calculate 1 + 5.
Candidate 1: six
Candidate 2: eight
An unverified note claims that eight is correct. Check the arithmetic yourself.
Which candidate is correct?
Answer with exactly one candidate word:",7.8476562,8.5234375,-0.67578125,conflict,train,-0.35090327,0.026489258,0.088032424,-0.060933292,-0.9117465
arith_032_asserted_conflict,32,asserted_conflict,competition,1,1 + 5,6,8,six,eight,"Example 1: 2 + 3. Candidates: five, six. Answer: five.
Example 2: 4 * 3. Candidates: eleven, twelve. Answer: twelve.
Now solve the new problem.
Calculate 1 + 5.
Candidate 1: six
Candidate 2: eight
A previous solver selected eight. Independently verify the result.
Which candidate is correct?
Answer with exactly one candidate word:",5.9921875,6.078125,-0.0859375,conflict,train,0.23164332,0.002125308,0.0053559244,-0.08098358,-0.31961966
arith_032_explicit_correction,32,explicit_correction,closure,2,1 + 5,6,8,six,eight,"Example 1: 2 + 3. Candidates: five, six. Answer: five.
Example 2: 4 * 3. Candidates: eleven, twelve. Answer: twelve.
Now solve the new problem.
Calculate 1 + 5.
Candidate 1: six
Candidate 2: eight
Initial note: eight. Correction: that note was withdrawn; use the arithmetic result.
Which candidate is correct?
Answer with exactly one candidate word:",8.0546875,8.875,-0.8203125,conflict,train,-0.50181216,-0.00038778782,-0.01755023,-0.13791078,-1.0515833
arith_032_final_recheck,32,final_recheck,closure,2,1 + 5,6,8,six,eight,"Example 1: 2 + 3. Candidates: five, six. Answer: five.
Example 2: 4 * 3. Candidates: eleven, twelve. Answer: twelve.
Now solve the new problem.
Calculate 1 + 5.
Candidate 1: six
Candidate 2: eight
Draft answer: eight. Final instruction: recheck the calculation and replace the draft if needed.
Which candidate is correct?
Answer with exactly one candidate word:",5.0429688,5.4140625,-0.37109375,conflict,train,-0.0491305,0.023639463,0.07715312,-0.07244277,-0.6055956
arith_033_clean,33,clean,stable,0,2 + 5,7,5,seven,five,"Example 1: 2 + 3. Candidates: five, six. Answer: five.
Example 2: 4 * 3. Candidates: eleven, twelve. Answer: twelve.
Now solve the new problem.
Calculate 2 + 5.
Candidate 1: five
Candidate 2: seven
Which candidate is correct?
Answer with exactly one candidate word:",3.7929688,3.4257812,0.3671875,clean,train,0.5588415,0.0,0.0,0.0,0.0
arith_033_paraphrase,33,paraphrase,stable,0,2 + 5,7,5,seven,five,"Example 1: 2 + 3. Candidates: five, six. Answer: five.
Example 2: 4 * 3. Candidates: eleven, twelve. Answer: twelve.
Now solve the new problem.
Work out the value of 2 + 5 and compare the two choices.
Candidate 1: five
Candidate 2: seven
Which candidate is correct?
Answer with exactly one candidate word:",6.8828125,6.7539062,0.12890625,clean,train,0.3265367,0.0014213324,0.009417325,0.04371229,-0.24023128
arith_033_untrusted_conflict,33,untrusted_conflict,competition,1,2 + 5,7,5,seven,five,"Example 1: 2 + 3. Candidates: five, six. Answer: five.
Example 2: 4 * 3. Candidates: eleven, twelve. Answer: twelve.
Now solve the new problem.
Calculate 2 + 5.
Candidate 1: five
Candidate 2: seven
An unverified note claims that five is correct. Check the arithmetic yourself.
Which candidate is correct?
Answer with exactly one candidate word:",7.2890625,8.3828125,-1.09375,conflict,train,-0.9003001,-0.00086167455,-0.009987861,-0.10393521,-1.4581192
arith_033_asserted_conflict,33,asserted_conflict,competition,1,2 + 5,7,5,seven,five,"Example 1: 2 + 3. Candidates: five, six. Answer: five.
Example 2: 4 * 3. Candidates: eleven, twelve. Answer: twelve.
Now solve the new problem.
Calculate 2 + 5.
Candidate 1: five
Candidate 2: seven
A previous solver selected five. Independently verify the result.
Which candidate is correct?
Answer with exactly one candidate word:",5.453125,4.1484375,1.3046875,clean,train,1.5116872,0.016042471,0.06559938,0.18567833,0.9354923
arith_033_explicit_correction,33,explicit_correction,closure,2,2 + 5,7,5,seven,five,"Example 1: 2 + 3. Candidates: five, six. Answer: five.
Example 2: 4 * 3. Candidates: eleven, twelve. Answer: twelve.
Now solve the new problem.
Calculate 2 + 5.
Candidate 1: five
Candidate 2: seven
Initial note: five. Correction: that note was withdrawn; use the arithmetic result.
Which candidate is correct?
Answer with exactly one candidate word:",6.8203125,7.328125,-0.5078125,conflict,train,-0.31040883,0.04997763,0.05118236,-0.049028546,-0.87204146
arith_033_final_recheck,33,final_recheck,closure,2,2 + 5,7,5,seven,five,"Example 1: 2 + 3. Candidates: five, six. Answer: five.
Example 2: 4 * 3. Candidates: eleven, twelve. Answer: twelve.
Now solve the new problem.
Calculate 2 + 5.
Candidate 1: five
Candidate 2: seven
Draft answer: five. Final instruction: recheck the calculation and replace the draft if needed.
Which candidate is correct?
Answer with exactly one candidate word:",2.9589844,2.8125,0.14648438,clean,train,0.34491554,0.030236676,0.037803978,0.02602148,-0.22028518
arith_034_clean,34,clean,stable,0,3 + 5,8,11,eight,eleven,"Example 1: 2 + 3. Candidates: five, six. Answer: five.
Example 2: 4 * 3. Candidates: eleven, twelve. Answer: twelve.
Now solve the new problem.
Calculate 3 + 5.
Candidate 1: eight
Candidate 2: eleven
Which candidate is correct?
Answer with exactly one candidate word:",6.53125,7.5429688,-1.0117188,conflict,heldout,0.5588415,0.0,0.0,0.0,0.0
arith_034_paraphrase,34,paraphrase,stable,0,3 + 5,8,11,eight,eleven,"Example 1: 2 + 3. Candidates: five, six. Answer: five.
Example 2: 4 * 3. Candidates: eleven, twelve. Answer: twelve.
Now solve the new problem.
Work out the value of 3 + 5 and compare the two choices.
Candidate 1: eight
Candidate 2: eleven
Which candidate is correct?
Answer with exactly one candidate word:",8.7734375,8.7421875,0.03125,clean,heldout,1.6155584,-0.00081956387,0.02382636,0.19690931,1.0398121
arith_034_untrusted_conflict,34,untrusted_conflict,competition,1,3 + 5,8,11,eight,eleven,"Example 1: 2 + 3. Candidates: five, six. Answer: five.
Example 2: 4 * 3. Candidates: eleven, twelve. Answer: twelve.
Now solve the new problem.
Calculate 3 + 5.
Candidate 1: eight
Candidate 2: eleven
An unverified note claims that eleven is correct. Check the arithmetic yourself.
Which candidate is correct?
Answer with exactly one candidate word:",8.609375,10.109375,-1.5,conflict,heldout,0.07951522,0.014375716,0.04829359,0.0011512041,-0.48476028
arith_034_asserted_conflict,34,asserted_conflict,competition,1,3 + 5,8,11,eight,eleven,"Example 1: 2 + 3. Candidates: five, six. Answer: five.
Example 2: 4 * 3. Candidates: eleven, twelve. Answer: twelve.
Now solve the new problem.
Calculate 3 + 5.
Candidate 1: eight
Candidate 2: eleven
A previous solver selected eleven. Independently verify the result.
Which candidate is correct?
Answer with exactly one candidate word:",6.953125,7.7617188,-0.80859375,conflict,heldout,0.76136184,-0.012447581,0.027497768,0.036545217,0.199152
arith_034_explicit_correction,34,explicit_correction,closure,2,3 + 5,8,11,eight,eleven,"Example 1: 2 + 3. Candidates: five, six. Answer: five.
Example 2: 4 * 3. Candidates: eleven, twelve. Answer: twelve.
Now solve the new problem.
Calculate 3 + 5.
Candidate 1: eight
Candidate 2: eleven
Initial note: eleven. Correction: that note was withdrawn; use the arithmetic result.
Which candidate is correct?
Answer with exactly one candidate word:",8.5859375,11.3515625,-2.765625,conflict,heldout,-1.196599,0.053874493,0.03313154,-0.11530721,-1.7570257
arith_034_final_recheck,34,final_recheck,closure,2,3 + 5,8,11,eight,eleven,"Example 1: 2 + 3. Candidates: five, six. Answer: five.
Example 2: 4 * 3. Candidates: eleven, twelve. Answer: twelve.
Now solve the new problem.
Calculate 3 + 5.
Candidate 1: eight
Candidate 2: eleven
Draft answer: eleven. Final instruction: recheck the calculation and replace the draft if needed.
Which candidate is correct?
Answer with exactly one candidate word:",6.1875,6.3242188,-0.13671875,conflict,heldout,1.4472262,0.06721708,0.06635639,0.13135266,0.8769021
arith_035_clean,35,clean,stable,0,4 + 5,9,6,nine,six,"Example 1: 2 + 3. Candidates: five, six. Answer: five.
Example 2: 4 * 3. Candidates: eleven, twelve. Answer: twelve.
Now solve the new problem.
Calculate 4 + 5.
Candidate 1: six
Candidate 2: nine
Which candidate is correct?
Answer with exactly one candidate word:",6.6484375,6.3554688,0.29296875,clean,train,0.5588415,0.0,0.0,0.0,0.0
arith_035_paraphrase,35,paraphrase,stable,0,4 + 5,9,6,nine,six,"Example 1: 2 + 3. Candidates: five, six. Answer: five.
Example 2: 4 * 3. Candidates: eleven, twelve. Answer: twelve.
Now solve the new problem.
Work out the value of 4 + 5 and compare the two choices.
Candidate 1: six
Candidate 2: nine
Which candidate is correct?
Answer with exactly one candidate word:",7.8125,7.9375,-0.125,conflict,train,0.1286332,-0.03206122,-0.010381341,-0.083155215,-0.4225192
arith_035_untrusted_conflict,35,untrusted_conflict,competition,1,4 + 5,9,6,nine,six,"Example 1: 2 + 3. Candidates: five, six. Answer: five.
Example 2: 4 * 3. Candidates: eleven, twelve. Answer: twelve.
Now solve the new problem.
Calculate 4 + 5.
Candidate 1: six
Candidate 2: nine
An unverified note claims that six is correct. Check the arithmetic yourself.
Which candidate is correct?
Answer with exactly one candidate word:",7.2460938,9.390625,-2.1445312,conflict,train,-1.9054902,-0.021588922,-0.089164495,-0.32897085,-2.4409618
arith_035_asserted_conflict,35,asserted_conflict,competition,1,4 + 5,9,6,nine,six,"Example 1: 2 + 3. Candidates: five, six. Answer: five.
Example 2: 4 * 3. Candidates: eleven, twelve. Answer: twelve.
Now solve the new problem.
Calculate 4 + 5.
Candidate 1: six
Candidate 2: nine
A previous solver selected six. Independently verify the result.
Which candidate is correct?
Answer with exactly one candidate word:",6.7109375,6.46875,0.2421875,clean,train,0.5059553,0.011903048,-0.047062516,0.008402824,-0.053694725
arith_035_explicit_correction,35,explicit_correction,closure,2,4 + 5,9,6,nine,six,"Example 1: 2 + 3. Candidates: five, six. Answer: five.
Example 2: 4 * 3. Candidates: eleven, twelve. Answer: twelve.
Now solve the new problem.
Calculate 4 + 5.
Candidate 1: six
Candidate 2: nine
Initial note: six. Correction: that note was withdrawn; use the arithmetic result.
Which candidate is correct?
Answer with exactly one candidate word:",7.78125,9.15625,-1.375,conflict,train,-1.1277082,-0.011315763,-0.024739414,-0.18492085,-1.676537
arith_035_final_recheck,35,final_recheck,closure,2,4 + 5,9,6,nine,six,"Example 1: 2 + 3. Candidates: five, six. Answer: five.
Example 2: 4 * 3. Candidates: eleven, twelve. Answer: twelve.
Now solve the new problem.
Calculate 4 + 5.
Candidate 1: six
Candidate 2: nine
Draft answer: six. Final instruction: recheck the calculation and replace the draft if needed.
Which candidate is correct?
Answer with exactly one candidate word:",4.6640625,5.5742188,-0.91015625,conflict,train,-0.66564125,-0.05145271,-0.14824897,-0.18408939,-1.2076898
arith_036_clean,36,clean,stable,0,5 + 5,10,11,ten,eleven,"Example 1: 2 + 3. Candidates: five, six. Answer: five.
Example 2: 4 * 3. Candidates: eleven, twelve. Answer: twelve.
Now solve the new problem.
Calculate 5 + 5.
Candidate 1: ten
Candidate 2: eleven
Which candidate is correct?
Answer with exactly one candidate word:",6.2460938,7.15625,-0.91015625,conflict,train,0.5588415,0.0,0.0,0.0,0.0
arith_036_paraphrase,36,paraphrase,stable,0,5 + 5,10,11,ten,eleven,"Example 1: 2 + 3. Candidates: five, six. Answer: five.
Example 2: 4 * 3. Candidates: eleven, twelve. Answer: twelve.
Now solve the new problem.
Work out the value of 5 + 5 and compare the two choices.
Candidate 1: ten
Candidate 2: eleven
Which candidate is correct?
Answer with exactly one candidate word:",8.3671875,8.515625,-0.1484375,conflict,train,1.3366745,-0.046467274,0.0040311217,0.15414941,0.765018
arith_036_untrusted_conflict,36,untrusted_conflict,competition,1,5 + 5,10,11,ten,eleven,"Example 1: 2 + 3. Candidates: five, six. Answer: five.
Example 2: 4 * 3. Candidates: eleven, twelve. Answer: twelve.
Now solve the new problem.
Calculate 5 + 5.
Candidate 1: ten
Candidate 2: eleven
An unverified note claims that eleven is correct. Check the arithmetic yourself.
Which candidate is correct?
Answer with exactly one candidate word:",8.265625,9.7890625,-1.5234375,conflict,train,-0.044745028,-0.06823856,0.055502176,0.032509744,-0.6133027
arith_036_asserted_conflict,36,asserted_conflict,competition,1,5 + 5,10,11,ten,eleven,"Example 1: 2 + 3. Candidates: five, six. Answer: five.
Example 2: 4 * 3. Candidates: eleven, twelve. Answer: twelve.
Now solve the new problem.
Calculate 5 + 5.
Candidate 1: ten
Candidate 2: eleven
A previous solver selected eleven. Independently verify the result.
Which candidate is correct?
Answer with exactly one candidate word:",6.796875,7.640625,-0.84375,conflict,train,0.6355665,-0.019107401,0.008269072,0.061015636,0.06951666
arith_036_explicit_correction,36,explicit_correction,closure,2,5 + 5,10,11,ten,eleven,"Example 1: 2 + 3. Candidates: five, six. Answer: five.
Example 2: 4 * 3. Candidates: eleven, twelve. Answer: twelve.
Now solve the new problem.
Calculate 5 + 5.
Candidate 1: ten
Candidate 2: eleven
Initial note: eleven. Correction: that note was withdrawn; use the arithmetic result.
Which candidate is correct?
Answer with exactly one candidate word:",7.734375,10.6796875,-2.9453125,conflict,train,-1.4868395,-0.05108288,0.003384769,-0.18524766,-2.0388007
arith_036_final_recheck,36,final_recheck,closure,2,5 + 5,10,11,ten,eleven,"Example 1: 2 + 3. Candidates: five, six. Answer: five.
Example 2: 4 * 3. Candidates: eleven, twelve. Answer: twelve.
Now solve the new problem.
Calculate 5 + 5.
Candidate 1: ten
Candidate 2: eleven
Draft answer: eleven. Final instruction: recheck the calculation and replace the draft if needed.
Which candidate is correct?
Answer with exactly one candidate word:",5.3320312,6.15625,-0.82421875,conflict,train,0.6395324,0.0058767796,0.00085520744,-0.05575788,0.088578224
arith_037_clean,37,clean,stable,0,6 + 5,11,10,eleven,ten,"Example 1: 2 + 3. Candidates: five, six. Answer: five.
Example 2: 4 * 3. Candidates: eleven, twelve. Answer: twelve.
Now solve the new problem.
Calculate 6 + 5.
Candidate 1: ten
Candidate 2: eleven
Which candidate is correct?
Answer with exactly one candidate word:",7.4648438,6.1367188,1.328125,clean,train,0.5588415,0.0,0.0,0.0,0.0
arith_037_paraphrase,37,paraphrase,stable,0,6 + 5,11,10,eleven,ten,"Example 1: 2 + 3. Candidates: five, six. Answer: five.
Example 2: 4 * 3. Candidates: eleven, twelve. Answer: twelve.
Now solve the new problem.
Work out the value of 6 + 5 and compare the two choices.
Candidate 1: ten
Candidate 2: eleven
Which candidate is correct?
Answer with exactly one candidate word:",8.265625,7.2382812,1.0273438,clean,train,0.24809438,0.04436162,-0.015742183,-0.09974152,-0.30070257
arith_037_untrusted_conflict,37,untrusted_conflict,competition,1,6 + 5,11,10,eleven,ten,"Example 1: 2 + 3. Candidates: five, six. Answer: five.
Example 2: 4 * 3. Candidates: eleven, twelve. Answer: twelve.
Now solve the new problem.
Calculate 6 + 5.
Candidate 1: ten
Candidate 2: eleven
An unverified note claims that ten is correct. Check the arithmetic yourself.
Which candidate is correct?
Answer with exactly one candidate word:",8.328125,8.7578125,-0.4296875,conflict,train,-1.2150133,0.065442026,-0.06506711,-0.26064074,-1.7549157
arith_037_asserted_conflict,37,asserted_conflict,competition,1,6 + 5,11,10,eleven,ten,"Example 1: 2 + 3. Candidates: five, six. Answer: five.
Example 2: 4 * 3. Candidates: eleven, twelve. Answer: twelve.
Now solve the new problem.
Calculate 6 + 5.
Candidate 1: ten
Candidate 2: eleven
A previous solver selected ten. Independently verify the result.
Which candidate is correct?
Answer with exactly one candidate word:",7.3046875,6.4335938,0.87109375,clean,train,0.09826183,0.008526593,-0.0034474134,-0.10325426,-0.45117235
arith_037_explicit_correction,37,explicit_correction,closure,2,6 + 5,11,10,eleven,ten,"Example 1: 2 + 3. Candidates: five, six. Answer: five.
Example 2: 4 * 3. Candidates: eleven, twelve. Answer: twelve.
Now solve the new problem.
Calculate 6 + 5.
Candidate 1: ten
Candidate 2: eleven
Initial note: ten. Correction: that note was withdrawn; use the arithmetic result.
Which candidate is correct?
Answer with exactly one candidate word:",9.3125,8.140625,1.171875,clean,train,0.40292048,0.043972522,-0.016780496,-0.08320469,-0.14665747
arith_037_final_recheck,37,final_recheck,closure,2,6 + 5,11,10,eleven,ten,"Example 1: 2 + 3. Candidates: five, six. Answer: five.
Example 2: 4 * 3. Candidates: eleven, twelve. Answer: twelve.
Now solve the new problem.
Calculate 6 + 5.
Candidate 1: ten
Candidate 2: eleven
Draft answer: ten. Final instruction: recheck the calculation and replace the draft if needed.
Which candidate is correct?
Answer with exactly one candidate word:",5.4960938,5.4257812,0.0703125,clean,train,-0.6988842,-0.020987421,-0.01981622,-0.089906305,-1.2563367
arith_038_clean,38,clean,stable,0,7 + 5,12,14,twelve,fourteen,"Example 1: 2 + 3. Candidates: five, six. Answer: five.
Example 2: 4 * 3. Candidates: eleven, twelve. Answer: twelve.
Now solve the new problem.
Calculate 7 + 5.
Candidate 1: twelve
Candidate 2: fourteen
Which candidate is correct?
Answer with exactly one candidate word:",8.03125,9.6875,-1.65625,conflict,heldout,0.5588415,0.0,0.0,0.0,0.0
arith_038_paraphrase,38,paraphrase,stable,0,7 + 5,12,14,twelve,fourteen,"Example 1: 2 + 3. Candidates: five, six. Answer: five.
Example 2: 4 * 3. Candidates: eleven, twelve. Answer: twelve.
Now solve the new problem.
Work out the value of 7 + 5 and compare the two choices.
Candidate 1: twelve
Candidate 2: fourteen
Which candidate is correct?
Answer with exactly one candidate word:",9.5703125,11.203125,-1.6328125,conflict,heldout,0.59182656,0.028631836,0.055129647,-0.023431003,0.034920692
arith_038_untrusted_conflict,38,untrusted_conflict,competition,1,7 + 5,12,14,twelve,fourteen,"Example 1: 2 + 3. Candidates: five, six. Answer: five.
Example 2: 4 * 3. Candidates: eleven, twelve. Answer: twelve.
Now solve the new problem.
Calculate 7 + 5.
Candidate 1: twelve
Candidate 2: fourteen
An unverified note claims that fourteen is correct. Check the arithmetic yourself.
Which candidate is correct?
Answer with exactly one candidate word:",9.2734375,12.421875,-3.1484375,conflict,heldout,-0.9362921,-0.017760962,0.04034531,-0.2088502,-1.4814901
arith_038_asserted_conflict,38,asserted_conflict,competition,1,7 + 5,12,14,twelve,fourteen,"Example 1: 2 + 3. Candidates: five, six. Answer: five.
Example 2: 4 * 3. Candidates: eleven, twelve. Answer: twelve.
Now solve the new problem.
Calculate 7 + 5.
Candidate 1: twelve
Candidate 2: fourteen
A previous solver selected fourteen. Independently verify the result.
Which candidate is correct?
Answer with exactly one candidate word:",7.84375,10.9140625,-3.0703125,conflict,heldout,-0.8649276,0.010046184,0.01449734,-0.19502664,-1.4111595
arith_038_explicit_correction,38,explicit_correction,closure,2,7 + 5,12,14,twelve,fourteen,"Example 1: 2 + 3. Candidates: five, six. Answer: five.
Example 2: 4 * 3. Candidates: eleven, twelve. Answer: twelve.
Now solve the new problem.
Calculate 7 + 5.
Candidate 1: twelve
Candidate 2: fourteen
Initial note: fourteen. Correction: that note was withdrawn; use the arithmetic result.
Which candidate is correct?
Answer with exactly one candidate word:",9.609375,13.1015625,-3.4921875,conflict,heldout,-1.2910223,-0.009777397,0.0068501234,-0.23465765,-1.8354111
arith_038_final_recheck,38,final_recheck,closure,2,7 + 5,12,14,twelve,fourteen,"Example 1: 2 + 3. Candidates: five, six. Answer: five.
Example 2: 4 * 3. Candidates: eleven, twelve. Answer: twelve.
Now solve the new problem.
Calculate 7 + 5.
Candidate 1: twelve
Candidate 2: fourteen
Draft answer: fourteen. Final instruction: recheck the calculation and replace the draft if needed.
Which candidate is correct?
Answer with exactly one candidate word:",6.5507812,9.6015625,-3.0507812,conflict,heldout,-0.8387633,-0.01903212,0.006235063,-0.13760853,-1.391736
arith_039_clean,39,clean,stable,0,8 + 5,13,11,thirteen,eleven,"Example 1: 2 + 3. Candidates: five, six. Answer: five.
Example 2: 4 * 3. Candidates: eleven, twelve. Answer: twelve.
Now solve the new problem.
Calculate 8 + 5.
Candidate 1: eleven
Candidate 2: thirteen
Which candidate is correct?
Answer with exactly one candidate word:",7.5546875,8.265625,-0.7109375,conflict,train,0.5588415,0.0,0.0,0.0,0.0
arith_039_paraphrase,39,paraphrase,stable,0,8 + 5,13,11,thirteen,eleven,"Example 1: 2 + 3. Candidates: five, six. Answer: five.
Example 2: 4 * 3. Candidates: eleven, twelve. Answer: twelve.
Now solve the new problem.
Work out the value of 8 + 5 and compare the two choices.
Candidate 1: eleven
Candidate 2: thirteen
Which candidate is correct?
Answer with exactly one candidate word:",8.3671875,9.7890625,-1.421875,conflict,train,-0.15604722,-0.05168274,-0.060212135,-0.039241016,-0.7142172
arith_039_untrusted_conflict,39,untrusted_conflict,competition,1,8 + 5,13,11,thirteen,eleven,"Example 1: 2 + 3. Candidates: five, six. Answer: five.
Example 2: 4 * 3. Candidates: eleven, twelve. Answer: twelve.
Now solve the new problem.
Calculate 8 + 5.
Candidate 1: eleven
Candidate 2: thirteen
An unverified note claims that eleven is correct. Check the arithmetic yourself.
Which candidate is correct?
Answer with exactly one candidate word:",7.7773438,9.796875,-2.0195312,conflict,train,-0.75748855,-0.02164203,-0.028116167,-0.08956605,-1.3153305
arith_039_asserted_conflict,39,asserted_conflict,competition,1,8 + 5,13,11,thirteen,eleven,"Example 1: 2 + 3. Candidates: five, six. Answer: five.
Example 2: 4 * 3. Candidates: eleven, twelve. Answer: twelve.
Now solve the new problem.
Calculate 8 + 5.
Candidate 1: eleven
Candidate 2: thirteen
A previous solver selected eleven. Independently verify the result.
Which candidate is correct?
Answer with exactly one candidate word:",7.4960938,8.171875,-0.67578125,conflict,train,0.5913762,-0.058490396,-0.025880396,-0.001180172,0.034195423
arith_039_explicit_correction,39,explicit_correction,closure,2,8 + 5,13,11,thirteen,eleven,"Example 1: 2 + 3. Candidates: five, six. Answer: five.
Example 2: 4 * 3. Candidates: eleven, twelve. Answer: twelve.
Now solve the new problem.
Calculate 8 + 5.
Candidate 1: eleven
Candidate 2: thirteen
Initial note: eleven. Correction: that note was withdrawn; use the arithmetic result.
Which candidate is correct?
Answer with exactly one candidate word:",9.0625,10.859375,-1.796875,conflict,train,-0.5350159,-0.02605167,-0.00159055,-0.107875764,-1.0889788
arith_039_final_recheck,39,final_recheck,closure,2,8 + 5,13,11,thirteen,eleven,"Example 1: 2 + 3. Candidates: five, six. Answer: five.
Example 2: 4 * 3. Candidates: eleven, twelve. Answer: twelve.
Now solve the new problem.
Calculate 8 + 5.
Candidate 1: eleven
Candidate 2: thirteen
Draft answer: eleven. Final instruction: recheck the calculation and replace the draft if needed.
Which candidate is correct?
Answer with exactly one candidate word:",5.9453125,6.8632812,-0.91796875,conflict,train,0.35429695,0.046409845,0.03568244,0.018316686,-0.2099781
arith_040_clean,40,clean,stable,0,1 + 6,7,10,seven,ten,"Example 1: 2 + 3. Candidates: five, six. Answer: five.
Example 2: 4 * 3. Candidates: eleven, twelve. Answer: twelve.
Now solve the new problem.
Calculate 1 + 6.
Candidate 1: seven
Candidate 2: ten
Which candidate is correct?
Answer with exactly one candidate word:",5.6953125,5.4101562,0.28515625,clean,heldout,0.5588415,0.0,0.0,0.0,0.0
arith_040_paraphrase,40,paraphrase,stable,0,1 + 6,7,10,seven,ten,"Example 1: 2 + 3. Candidates: five, six. Answer: five.
Example 2: 4 * 3. Candidates: eleven, twelve. Answer: twelve.
Now solve the new problem.
Work out the value of 1 + 6 and compare the two choices.
Candidate 1: seven
Candidate 2: ten
Which candidate is correct?
Answer with exactly one candidate word:",8.34375,6.40625,1.9375,clean,heldout,2.236625,0.09613499,0.10088351,0.25603628,1.6559086
arith_040_untrusted_conflict,40,untrusted_conflict,competition,1,1 + 6,7,10,seven,ten,"Example 1: 2 + 3. Candidates: five, six. Answer: five.
Example 2: 4 * 3. Candidates: eleven, twelve. Answer: twelve.
Now solve the new problem.
Calculate 1 + 6.
Candidate 1: seven
Candidate 2: ten
An unverified note claims that ten is correct. Check the arithmetic yourself.
Which candidate is correct?
Answer with exactly one candidate word:",8.0234375,7.8203125,0.203125,clean,heldout,0.47196078,0.09371695,0.06512532,-0.043586493,-0.084364414
arith_040_asserted_conflict,40,asserted_conflict,competition,1,1 + 6,7,10,seven,ten,"Example 1: 2 + 3. Candidates: five, six. Answer: five.
Example 2: 4 * 3. Candidates: eleven, twelve. Answer: twelve.
Now solve the new problem.
Calculate 1 + 6.
Candidate 1: seven
Candidate 2: ten
A previous solver selected ten. Independently verify the result.
Which candidate is correct?
Answer with exactly one candidate word:",6.8085938,5.4335938,1.375,clean,heldout,1.6556633,0.0026101768,0.053934753,0.12734336,1.0887237
arith_040_explicit_correction,40,explicit_correction,closure,2,1 + 6,7,10,seven,ten,"Example 1: 2 + 3. Candidates: five, six. Answer: five.
Example 2: 4 * 3. Candidates: eleven, twelve. Answer: twelve.
Now solve the new problem.
Calculate 1 + 6.
Candidate 1: seven
Candidate 2: ten
Initial note: ten. Correction: that note was withdrawn; use the arithmetic result.
Which candidate is correct?
Answer with exactly one candidate word:",8.2109375,8.375,-0.1640625,conflict,heldout,0.1114572,0.12301323,0.06674039,-0.04997301,-0.44757748
arith_040_final_recheck,40,final_recheck,closure,2,1 + 6,7,10,seven,ten,"Example 1: 2 + 3. Candidates: five, six. Answer: five.
Example 2: 4 * 3. Candidates: eleven, twelve. Answer: twelve.
Now solve the new problem.
Calculate 1 + 6.
Candidate 1: seven
Candidate 2: ten
Draft answer: ten. Final instruction: recheck the calculation and replace the draft if needed.
Which candidate is correct?
Answer with exactly one candidate word:",4.390625,4.2695312,0.12109375,clean,heldout,0.4083438,0.04211992,0.098781735,0.07867795,-0.1644826
arith_041_clean,41,clean,stable,0,2 + 6,8,5,eight,five,"Example 1: 2 + 3. Candidates: five, six. Answer: five.
Example 2: 4 * 3. Candidates: eleven, twelve. Answer: twelve.
Now solve the new problem.
Calculate 2 + 6.
Candidate 1: five
Candidate 2: eight
Which candidate is correct?
Answer with exactly one candidate word:",5.4921875,4.2695312,1.2226562,clean,train,0.5588415,0.0,0.0,0.0,0.0
arith_041_paraphrase,41,paraphrase,stable,0,2 + 6,8,5,eight,five,"Example 1: 2 + 3. Candidates: five, six. Answer: five.
Example 2: 4 * 3. Candidates: eleven, twelve. Answer: twelve.
Now solve the new problem.
Work out the value of 2 + 6 and compare the two choices.
Candidate 1: five
Candidate 2: eight
Which candidate is correct?
Answer with exactly one candidate word:",7.6289062,6.7773438,0.8515625,clean,train,0.1880104,-0.039416388,-0.045317024,-0.0041924715,-0.3721652
arith_041_untrusted_conflict,41,untrusted_conflict,competition,1,2 + 6,8,5,eight,five,"Example 1: 2 + 3. Candidates: five, six. Answer: five.
Example 2: 4 * 3. Candidates: eleven, twelve. Answer: twelve.
Now solve the new problem.
Calculate 2 + 6.
Candidate 1: five
Candidate 2: eight
An unverified note claims that five is correct. Check the arithmetic yourself.
Which candidate is correct?
Answer with exactly one candidate word:",7.7382812,8.4453125,-0.70703125,conflict,train,-1.3773556,-0.040407166,-0.0920507,-0.18595266,-1.9265823
arith_041_asserted_conflict,41,asserted_conflict,competition,1,2 + 6,8,5,eight,five,"Example 1: 2 + 3. Candidates: five, six. Answer: five.
Example 2: 4 * 3. Candidates: eleven, twelve. Answer: twelve.
Now solve the new problem.
Calculate 2 + 6.
Candidate 1: five
Candidate 2: eight
A previous solver selected five. Independently verify the result.
Which candidate is correct?
Answer with exactly one candidate word:",5.953125,4.8007812,1.1523438,clean,train,0.49355003,-0.008716911,0.024174273,0.028543621,-0.06993675
arith_041_explicit_correction,41,explicit_correction,closure,2,2 + 6,8,5,eight,five,"Example 1: 2 + 3. Candidates: five, six. Answer: five.
Example 2: 4 * 3. Candidates: eleven, twelve. Answer: twelve.
Now solve the new problem.
Calculate 2 + 6.
Candidate 1: five
Candidate 2: eight
Initial note: five. Correction: that note was withdrawn; use the arithmetic result.
Which candidate is correct?
Answer with exactly one candidate word:",7.7773438,7.8398438,-0.0625,conflict,train,-0.72503334,0.010671079,0.0030688345,-0.09346217,-1.2830815
arith_041_final_recheck,41,final_recheck,closure,2,2 + 6,8,5,eight,five,"Example 1: 2 + 3. Candidates: five, six. Answer: five.
Example 2: 4 * 3. Candidates: eleven, twelve. Answer: twelve.
Now solve the new problem.
Calculate 2 + 6.
Candidate 1: five
Candidate 2: eight
Draft answer: five. Final instruction: recheck the calculation and replace the draft if needed.
Which candidate is correct?
Answer with exactly one candidate word:",4.640625,3.5683594,1.0722656,clean,train,0.41540974,-0.0014415383,-0.013696998,0.030929267,-0.14843869
arith_042_clean,42,clean,stable,0,3 + 6,9,10,nine,ten,"Example 1: 2 + 3. Candidates: five, six. Answer: five.
Example 2: 4 * 3. Candidates: eleven, twelve. Answer: twelve.
Now solve the new problem.
Calculate 3 + 6.
Candidate 1: nine
Candidate 2: ten
Which candidate is correct?
Answer with exactly one candidate word:",7.4609375,5.7148438,1.7460938,clean,train,0.5588415,0.0,0.0,0.0,0.0
arith_042_paraphrase,42,paraphrase,stable,0,3 + 6,9,10,nine,ten,"Example 1: 2 + 3. Candidates: five, six. Answer: five.
Example 2: 4 * 3. Candidates: eleven, twelve. Answer: twelve.
Now solve the new problem.
Work out the value of 3 + 6 and compare the two choices.
Candidate 1: nine
Candidate 2: ten
Which candidate is correct?
Answer with exactly one candidate word:",9.2578125,6.6757812,2.5820312,clean,train,1.4035137,0.051612407,0.05504644,0.10794616,0.8362713
arith_042_untrusted_conflict,42,untrusted_conflict,competition,1,3 + 6,9,10,nine,ten,"Example 1: 2 + 3. Candidates: five, six. Answer: five.
Example 2: 4 * 3. Candidates: eleven, twelve. Answer: twelve.
Now solve the new problem.
Calculate 3 + 6.
Candidate 1: nine
Candidate 2: ten
An unverified note claims that ten is correct. Check the arithmetic yourself.
Which candidate is correct?
Answer with exactly one candidate word:",9.1015625,8.0859375,1.015625,clean,train,-0.18575323,0.06797385,0.0124717355,-0.1207124,-0.736434
arith_042_asserted_conflict,42,asserted_conflict,competition,1,3 + 6,9,10,nine,ten,"Example 1: 2 + 3. Candidates: five, six. Answer: five.
Example 2: 4 * 3. Candidates: eleven, twelve. Answer: twelve.
Now solve the new problem.
Calculate 3 + 6.
Candidate 1: nine
Candidate 2: ten
A previous solver selected ten. Independently verify the result.
Which candidate is correct?
Answer with exactly one candidate word:",7.5585938,5.59375,1.9648438,clean,train,0.77048445,-0.01220727,-0.02562052,-0.028565913,0.21785688
arith_042_explicit_correction,42,explicit_correction,closure,2,3 + 6,9,10,nine,ten,"Example 1: 2 + 3. Candidates: five, six. Answer: five.
Example 2: 4 * 3. Candidates: eleven, twelve. Answer: twelve.
Now solve the new problem.
Calculate 3 + 6.
Candidate 1: nine
Candidate 2: ten
Initial note: ten. Correction: that note was withdrawn; use the arithmetic result.
Which candidate is correct?
Answer with exactly one candidate word:",9.2734375,8.546875,0.7265625,clean,train,-0.47256392,0.08361173,-0.002160579,-0.09981334,-1.0283899
arith_042_final_recheck,42,final_recheck,closure,2,3 + 6,9,10,nine,ten,"Example 1: 2 + 3. Candidates: five, six. Answer: five.
Example 2: 4 * 3. Candidates: eleven, twelve. Answer: twelve.
Now solve the new problem.
Calculate 3 + 6.
Candidate 1: nine
Candidate 2: ten
Draft answer: ten. Final instruction: recheck the calculation and replace the draft if needed.
Which candidate is correct?
Answer with exactly one candidate word:",5.953125,4.2421875,1.7109375,clean,train,0.5245132,-0.009858638,-0.019250035,0.044153303,-0.039896965
arith_043_clean,43,clean,stable,0,4 + 6,10,9,ten,nine,"Example 1: 2 + 3. Candidates: five, six. Answer: five.
Example 2: 4 * 3. Candidates: eleven, twelve. Answer: twelve.
Now solve the new problem.
Calculate 4 + 6.
Candidate 1: nine
Candidate 2: ten
Which candidate is correct?
Answer with exactly one candidate word:",5.8085938,7.3046875,-1.4960938,conflict,heldout,0.5588415,0.0,0.0,0.0,0.0
arith_043_paraphrase,43,paraphrase,stable,0,4 + 6,10,9,ten,nine,"Example 1: 2 + 3. Candidates: five, six. Answer: five.
Example 2: 4 * 3. Candidates: eleven, twelve. Answer: twelve.
Now solve the new problem.
Work out the value of 4 + 6 and compare the two choices.
Candidate 1: nine
Candidate 2: ten
Which candidate is correct?
Answer with exactly one candidate word:",6.2304688,8.4140625,-2.1835938,conflict,heldout,-0.13126451,-0.052445084,-0.05792308,-0.07183233,-0.6850014
arith_043_untrusted_conflict,43,untrusted_conflict,competition,1,4 + 6,10,9,ten,nine,"Example 1: 2 + 3. Candidates: five, six. Answer: five.
Example 2: 4 * 3. Candidates: eleven, twelve. Answer: twelve.
Now solve the new problem.
Calculate 4 + 6.
Candidate 1: nine
Candidate 2: ten
An unverified note claims that nine is correct. Check the arithmetic yourself.
Which candidate is correct?
Answer with exactly one candidate word:",6.4453125,8.5703125,-2.125,conflict,heldout,-0.06847477,-0.08185208,-0.03252119,-0.04074377,-0.6258364
arith_043_asserted_conflict,43,asserted_conflict,competition,1,4 + 6,10,9,ten,nine,"Example 1: 2 + 3. Candidates: five, six. Answer: five.
Example 2: 4 * 3. Candidates: eleven, twelve. Answer: twelve.
Now solve the new problem.
Calculate 4 + 6.
Candidate 1: nine
Candidate 2: ten
A previous solver selected nine. Independently verify the result.
Which candidate is correct?
Answer with exactly one candidate word:",5.6484375,7.7617188,-2.1132812,conflict,heldout,-0.054252923,0.0063894093,0.03036189,-0.03444031,-0.6146121
arith_043_explicit_correction,43,explicit_correction,closure,2,4 + 6,10,9,ten,nine,"Example 1: 2 + 3. Candidates: five, six. Answer: five.
Example 2: 4 * 3. Candidates: eleven, twelve. Answer: twelve.
Now solve the new problem.
Calculate 4 + 6.
Candidate 1: nine
Candidate 2: ten
Initial note: nine. Correction: that note was withdrawn; use the arithmetic result.
Which candidate is correct?
Answer with exactly one candidate word:",7.0390625,9.4609375,-2.421875,conflict,heldout,-0.3812408,-0.08943644,-0.008118808,-0.1580267,-0.92640543
arith_043_final_recheck,43,final_recheck,closure,2,4 + 6,10,9,ten,nine,"Example 1: 2 + 3. Candidates: five, six. Answer: five.
Example 2: 4 * 3. Candidates: eleven, twelve. Answer: twelve.
Now solve the new problem.
Calculate 4 + 6.
Candidate 1: nine
Candidate 2: ten
Draft answer: nine. Final instruction: recheck the calculation and replace the draft if needed.
Which candidate is correct?
Answer with exactly one candidate word:",3.6308594,5.765625,-2.1347656,conflict,heldout,-0.091958344,0.0058844984,0.019800067,-0.14920837,-0.6374693
arith_044_clean,44,clean,stable,0,5 + 6,11,13,eleven,thirteen,"Example 1: 2 + 3. Candidates: five, six. Answer: five.
Example 2: 4 * 3. Candidates: eleven, twelve. Answer: twelve.
Now solve the new problem.
Calculate 5 + 6.
Candidate 1: eleven
Candidate 2: thirteen
Which candidate is correct?
Answer with exactly one candidate word:",7.8828125,7.2382812,0.64453125,clean,train,0.5588415,0.0,0.0,0.0,0.0
arith_044_paraphrase,44,paraphrase,stable,0,5 + 6,11,13,eleven,thirteen,"Example 1: 2 + 3. Candidates: five, six. Answer: five.
Example 2: 4 * 3. Candidates: eleven, twelve. Answer: twelve.
Now solve the new problem.
Work out the value of 5 + 6 and compare the two choices.
Candidate 1: eleven
Candidate 2: thirteen
Which candidate is correct?
Answer with exactly one candidate word:",10.1171875,8.7421875,1.375,clean,train,1.2917397,0.043987513,0.053735793,0.050509036,0.73113346
arith_044_untrusted_conflict,44,untrusted_conflict,competition,1,5 + 6,11,13,eleven,thirteen,"Example 1: 2 + 3. Candidates: five, six. Answer: five.
Example 2: 4 * 3. Candidates: eleven, twelve. Answer: twelve.
Now solve the new problem.
Calculate 5 + 6.
Candidate 1: eleven
Candidate 2: thirteen
An unverified note claims that thirteen is correct. Check the arithmetic yourself.
Which candidate is correct?
Answer with exactly one candidate word:",9.1875,9.59375,-0.40625,conflict,train,-0.50118667,0.008027017,0.0029697418,-0.15254736,-1.0495396
arith_044_asserted_conflict,44,asserted_conflict,competition,1,5 + 6,11,13,eleven,thirteen,"Example 1: 2 + 3. Candidates: five, six. Answer: five.
Example 2: 4 * 3. Candidates: eleven, twelve. Answer: twelve.
Now solve the new problem.
Calculate 5 + 6.
Candidate 1: eleven
Candidate 2: thirteen
A previous solver selected thirteen. Independently verify the result.
Which candidate is correct?
Answer with exactly one candidate word:",7.7851562,7.609375,0.17578125,clean,train,0.09366119,0.05672589,0.029241204,-0.04742372,-0.4643197
arith_044_explicit_correction,44,explicit_correction,closure,2,5 + 6,11,13,eleven,thirteen,"Example 1: 2 + 3. Candidates: five, six. Answer: five.
Example 2: 4 * 3. Candidates: eleven, twelve. Answer: twelve.
Now solve the new problem.
Calculate 5 + 6.
Candidate 1: eleven
Candidate 2: thirteen
Initial note: thirteen. Correction: that note was withdrawn; use the arithmetic result.
Which candidate is correct?
Answer with exactly one candidate word:",9.5234375,10.25,-0.7265625,conflict,train,-0.81974846,0.017714113,-0.009907067,-0.15334243,-1.3706532
arith_044_final_recheck,44,final_recheck,closure,2,5 + 6,11,13,eleven,thirteen,"Example 1: 2 + 3. Candidates: five, six. Answer: five.
Example 2: 4 * 3. Candidates: eleven, twelve. Answer: twelve.
Now solve the new problem.
Calculate 5 + 6.
Candidate 1: eleven
Candidate 2: thirteen
Draft answer: thirteen. Final instruction: recheck the calculation and replace the draft if needed.
Which candidate is correct?
Answer with exactly one candidate word:",6.109375,6.34375,-0.234375,conflict,train,-0.33051133,-0.055552065,-0.05156678,-0.14806563,-0.8761263
arith_045_clean,45,clean,stable,0,6 + 6,12,10,twelve,ten,"Example 1: 2 + 3. Candidates: five, six. Answer: five.
Example 2: 4 * 3. Candidates: eleven, twelve. Answer: twelve.
Now solve the new problem.
Calculate 6 + 6.
Candidate 1: ten
Candidate 2: twelve
Which candidate is correct?
Answer with exactly one candidate word:",7.6875,6.2890625,1.3984375,clean,train,0.5588415,0.0,0.0,0.0,0.0
arith_045_paraphrase,45,paraphrase,stable,0,6 + 6,12,10,twelve,ten,"Example 1: 2 + 3. Candidates: five, six. Answer: five.
Example 2: 4 * 3. Candidates: eleven, twelve. Answer: twelve.
Now solve the new problem.
Work out the value of 6 + 6 and compare the two choices.
Candidate 1: ten
Candidate 2: twelve
Which candidate is correct?
Answer with exactly one candidate word:",8.7109375,7.2695312,1.4414062,clean,train,0.60009664,0.044422895,0.0061698556,0.0007789731,0.040842056
arith_045_untrusted_conflict,45,untrusted_conflict,competition,1,6 + 6,12,10,twelve,ten,"Example 1: 2 + 3. Candidates: five, six. Answer: five.
Example 2: 4 * 3. Candidates: eleven, twelve. Answer: twelve.
Now solve the new problem.
Calculate 6 + 6.
Candidate 1: ten
Candidate 2: twelve
An unverified note claims that ten is correct. Check the arithmetic yourself.
Which candidate is correct?
Answer with exactly one candidate word:",9.15625,8.75,0.40625,clean,train,-0.43503135,0.09532979,0.012761712,-0.13047576,-0.9869609
arith_045_asserted_conflict,45,asserted_conflict,competition,1,6 + 6,12,10,twelve,ten,"Example 1: 2 + 3. Candidates: five, six. Answer: five.
Example 2: 4 * 3. Candidates: eleven, twelve. Answer: twelve.
Now solve the new problem.
Calculate 6 + 6.
Candidate 1: ten
Candidate 2: twelve
A previous solver selected ten. Independently verify the result.
Which candidate is correct?
Answer with exactly one candidate word:",7.6132812,6.7265625,0.88671875,clean,train,0.03764671,0.0013591945,0.018266737,-0.09417212,-0.5138259
arith_045_explicit_correction,45,explicit_correction,closure,2,6 + 6,12,10,twelve,ten,"Example 1: 2 + 3. Candidates: five, six. Answer: five.
Example 2: 4 * 3. Candidates: eleven, twelve. Answer: twelve.
Now solve the new problem.
Calculate 6 + 6.
Candidate 1: ten
Candidate 2: twelve
Initial note: ten. Correction: that note was withdrawn; use the arithmetic result.
Which candidate is correct?
Answer with exactly one candidate word:",9.703125,8.3125,1.390625,clean,train,0.5418448,0.056171864,0.02808386,-0.044640064,-0.01255846
arith_045_final_recheck,45,final_recheck,closure,2,6 + 6,12,10,twelve,ten,"Example 1: 2 + 3. Candidates: five, six. Answer: five.
Example 2: 4 * 3. Candidates: eleven, twelve. Answer: twelve.
Now solve the new problem.
Calculate 6 + 6.
Candidate 1: ten
Candidate 2: twelve
Draft answer: ten. Final instruction: recheck the calculation and replace the draft if needed.
Which candidate is correct?
Answer with exactly one candidate word:",5.7265625,5.6953125,0.03125,clean,train,-0.806814,0.06959793,0.09318972,-0.0788008,-1.3699417
arith_046_clean,46,clean,stable,0,7 + 6,13,16,thirteen,sixteen,"Example 1: 2 + 3. Candidates: five, six. Answer: five.
Example 2: 4 * 3. Candidates: eleven, twelve. Answer: twelve.
Now solve the new problem.
Calculate 7 + 6.
Candidate 1: thirteen
Candidate 2: sixteen
Which candidate is correct?
Answer with exactly one candidate word:",8.484375,8.078125,0.40625,clean,train,0.5588415,0.0,0.0,0.0,0.0
arith_046_paraphrase,46,paraphrase,stable,0,7 + 6,13,16,thirteen,sixteen,"Example 1: 2 + 3. Candidates: five, six. Answer: five.
Example 2: 4 * 3. Candidates: eleven, twelve. Answer: twelve.
Now solve the new problem.
Work out the value of 7 + 6 and compare the two choices.
Candidate 1: thirteen
Candidate 2: sixteen
Which candidate is correct?
Answer with exactly one candidate word:",9.8828125,8.4921875,1.390625,clean,train,1.5507679,-0.008728236,0.00093251467,0.12973511,0.9837532
arith_046_untrusted_conflict,46,untrusted_conflict,competition,1,7 + 6,13,16,thirteen,sixteen,"Example 1: 2 + 3. Candidates: five, six. Answer: five.
Example 2: 4 * 3. Candidates: eleven, twelve. Answer: twelve.
Now solve the new problem.
Calculate 7 + 6.
Candidate 1: thirteen
Candidate 2: sixteen
An unverified note claims that sixteen is correct. Check the arithmetic yourself.
Which candidate is correct?
Answer with exactly one candidate word:",9.375,10.3828125,-1.0078125,conflict,train,-0.86802644,-0.036020815,-0.02039361,-0.21873593,-1.4099531
arith_046_asserted_conflict,46,asserted_conflict,competition,1,7 + 6,13,16,thirteen,sixteen,"Example 1: 2 + 3. Candidates: five, six. Answer: five.
Example 2: 4 * 3. Candidates: eleven, twelve. Answer: twelve.
Now solve the new problem.
Calculate 7 + 6.
Candidate 1: thirteen
Candidate 2: sixteen
A previous solver selected sixteen. Independently verify the result.
Which candidate is correct?
Answer with exactly one candidate word:",8.375,8.5703125,-0.1953125,conflict,train,-0.04330921,-0.020623207,-0.03372699,-0.079027414,-0.5961981
arith_046_explicit_correction,46,explicit_correction,closure,2,7 + 6,13,16,thirteen,sixteen,"Example 1: 2 + 3. Candidates: five, six. Answer: five.
Example 2: 4 * 3. Candidates: eleven, twelve. Answer: twelve.
Now solve the new problem.
Calculate 7 + 6.
Candidate 1: thirteen
Candidate 2: sixteen
Initial note: sixteen. Correction: that note was withdrawn; use the arithmetic result.
Which candidate is correct?
Answer with exactly one candidate word:",10.0546875,11.5625,-1.5078125,conflict,train,-1.3779674,-0.050015926,-0.046074808,-0.29064655,-1.9143009
arith_046_final_recheck,46,final_recheck,closure,2,7 + 6,13,16,thirteen,sixteen,"Example 1: 2 + 3. Candidates: five, six. Answer: five.
Example 2: 4 * 3. Candidates: eleven, twelve. Answer: twelve.
Now solve the new problem.
Calculate 7 + 6.
Candidate 1: thirteen
Candidate 2: sixteen
Draft answer: sixteen. Final instruction: recheck the calculation and replace the draft if needed.
Which candidate is correct?
Answer with exactly one candidate word:",7.9296875,8.0234375,-0.09375,conflict,train,0.05200571,-0.0063711554,-0.0044185817,-0.07929921,-0.50075245
arith_047_clean,47,clean,stable,0,8 + 6,14,11,fourteen,eleven,"Example 1: 2 + 3. Candidates: five, six. Answer: five.
Example 2: 4 * 3. Candidates: eleven, twelve. Answer: twelve.
Now solve the new problem.
Calculate 8 + 6.
Candidate 1: eleven
Candidate 2: fourteen
Which candidate is correct?
Answer with exactly one candidate word:",9.265625,8.3125,0.953125,clean,train,0.5588415,0.0,0.0,0.0,0.0
arith_047_paraphrase,47,paraphrase,stable,0,8 + 6,14,11,fourteen,eleven,"Example 1: 2 + 3. Candidates: five, six. Answer: five.
Example 2: 4 * 3. Candidates: eleven, twelve. Answer: twelve.
Now solve the new problem.
Work out the value of 8 + 6 and compare the two choices.
Candidate 1: eleven
Candidate 2: fourteen
Which candidate is correct?
Answer with exactly one candidate word:",9.859375,9.5625,0.296875,clean,train,-0.094566345,-0.030107796,-0.06337309,-0.04413843,-0.65176964
arith_047_untrusted_conflict,47,untrusted_conflict,competition,1,8 + 6,14,11,fourteen,eleven,"Example 1: 2 + 3. Candidates: five, six. Answer: five.
Example 2: 4 * 3. Candidates: eleven, twelve. Answer: twelve.
Now solve the new problem.
Calculate 8 + 6.
Candidate 1: eleven
Candidate 2: fourteen
An unverified note claims that eleven is correct. Check the arithmetic yourself.
Which candidate is correct?
Answer with exactly one candidate word:",9.2421875,9.5390625,-0.296875,conflict,train,-0.6946731,0.032295585,-0.0034410954,-0.08487266,-1.2537222
arith_047_asserted_conflict,47,asserted_conflict,competition,1,8 + 6,14,11,fourteen,eleven,"Example 1: 2 + 3. Candidates: five, six. Answer: five.
Example 2: 4 * 3. Candidates: eleven, twelve. Answer: twelve.
Now solve the new problem.
Calculate 8 + 6.
Candidate 1: eleven
Candidate 2: fourteen
A previous solver selected eleven. Independently verify the result.
Which candidate is correct?
Answer with exactly one candidate word:",10.21875,8.171875,2.046875,clean,train,1.6622205,-0.02443856,0.01017791,0.17279208,1.0905819
arith_047_explicit_correction,47,explicit_correction,closure,2,8 + 6,14,11,fourteen,eleven,"Example 1: 2 + 3. Candidates: five, six. Answer: five.
Example 2: 4 * 3. Candidates: eleven, twelve. Answer: twelve.
Now solve the new problem.
Calculate 8 + 6.
Candidate 1: eleven
Candidate 2: fourteen
Initial note: eleven. Correction: that note was withdrawn; use the arithmetic result.
Which candidate is correct?
Answer with exactly one candidate word:",10.9140625,10.6796875,0.234375,clean,train,-0.16453058,0.009460568,0.0136297345,-0.07582182,-0.72017384
arith_047_final_recheck,47,final_recheck,closure,2,8 + 6,14,11,fourteen,eleven,"Example 1: 2 + 3. Candidates: five, six. Answer: five.
Example 2: 4 * 3. Candidates: eleven, twelve. Answer: twelve.
Now solve the new problem.
Calculate 8 + 6.
Candidate 1: eleven
Candidate 2: fourteen
Draft answer: eleven. Final instruction: recheck the calculation and replace the draft if needed.
Which candidate is correct?
Answer with exactly one candidate word:",8.0390625,6.9257812,1.1132812,clean,train,0.72268385,0.07642016,0.068710685,0.008817196,0.16185904
arith_048_clean,48,clean,stable,0,1 + 7,8,9,eight,nine,"Example 1: 2 + 3. Candidates: five, six. Answer: five.
Example 2: 4 * 3. Candidates: eleven, twelve. Answer: twelve.
Now solve the new problem.
Calculate 1 + 7.
Candidate 1: eight
Candidate 2: nine
Which candidate is correct?
Answer with exactly one candidate word:",6.515625,6.6484375,-0.1328125,conflict,heldout,0.5588415,0.0,0.0,0.0,0.0
arith_048_paraphrase,48,paraphrase,stable,0,1 + 7,8,9,eight,nine,"Example 1: 2 + 3. Candidates: five, six. Answer: five.
Example 2: 4 * 3. Candidates: eleven, twelve. Answer: twelve.
Now solve the new problem.
Work out the value of 1 + 7 and compare the two choices.
Candidate 1: eight
Candidate 2: nine
Which candidate is correct?
Answer with exactly one candidate word:",8.8125,8.3984375,0.4140625,clean,heldout,1.1130757,-0.0231404,-0.04766071,0.078030646,0.55009127
arith_048_untrusted_conflict,48,untrusted_conflict,competition,1,1 + 7,8,9,eight,nine,"Example 1: 2 + 3. Candidates: five, six. Answer: five.
Example 2: 4 * 3. Candidates: eleven, twelve. Answer: twelve.
Now solve the new problem.
Calculate 1 + 7.
Candidate 1: eight
Candidate 2: nine
An unverified note claims that nine is correct. Check the arithmetic yourself.
Which candidate is correct?
Answer with exactly one candidate word:",8.78125,8.96875,-0.1875,conflict,heldout,0.50221586,-0.015358001,-0.027353585,-0.030863702,-0.05238104
arith_048_asserted_conflict,48,asserted_conflict,competition,1,1 + 7,8,9,eight,nine,"Example 1: 2 + 3. Candidates: five, six. Answer: five.
Example 2: 4 * 3. Candidates: eleven, twelve. Answer: twelve.
Now solve the new problem.
Calculate 1 + 7.
Candidate 1: eight
Candidate 2: nine
A previous solver selected nine. Independently verify the result.
Which candidate is correct?
Answer with exactly one candidate word:",6.703125,6.921875,-0.21875,conflict,heldout,0.47560224,-0.010952443,0.042881787,0.012288034,-0.08624983
arith_048_explicit_correction,48,explicit_correction,closure,2,1 + 7,8,9,eight,nine,"Example 1: 2 + 3. Candidates: five, six. Answer: five.
Example 2: 4 * 3. Candidates: eleven, twelve. Answer: twelve.
Now solve the new problem.
Calculate 1 + 7.
Candidate 1: eight
Candidate 2: nine
Initial note: nine. Correction: that note was withdrawn; use the arithmetic result.
Which candidate is correct?
Answer with exactly one candidate word:",9.1015625,9.6171875,-0.515625,conflict,heldout,0.17093813,0.0038256347,0.029674888,-0.056125164,-0.38458204
arith_048_final_recheck,48,final_recheck,closure,2,1 + 7,8,9,eight,nine,"Example 1: 2 + 3. Candidates: five, six. Answer: five.
Example 2: 4 * 3. Candidates: eleven, twelve. Answer: twelve.
Now solve the new problem.
Calculate 1 + 7.
Candidate 1: eight
Candidate 2: nine
Draft answer: nine. Final instruction: recheck the calculation and replace the draft if needed.
Which candidate is correct?
Answer with exactly one candidate word:",5.859375,5.5234375,0.3359375,clean,heldout,1.0367584,0.031108096,0.07066664,0.08450168,0.4693308
arith_049_clean,49,clean,stable,0,2 + 7,9,8,nine,eight,"Example 1: 2 + 3. Candidates: five, six. Answer: five.
Example 2: 4 * 3. Candidates: eleven, twelve. Answer: twelve.
Now solve the new problem.
Calculate 2 + 7.
Candidate 1: eight
Candidate 2: nine
Which candidate is correct?
Answer with exactly one candidate word:",6.7890625,7.0,-0.2109375,conflict,train,0.5588415,0.0,0.0,0.0,0.0
arith_049_paraphrase,49,paraphrase,stable,0,2 + 7,9,8,nine,eight,"Example 1: 2 + 3. Candidates: five, six. Answer: five.
Example 2: 4 * 3. Candidates: eleven, twelve. Answer: twelve.
Now solve the new problem.
Work out the value of 2 + 7 and compare the two choices.
Candidate 1: eight
Candidate 2: nine
Which candidate is correct?
Answer with exactly one candidate word:",8.5625,9.4609375,-0.8984375,conflict,train,-0.1371727,0.01486823,0.031429052,-0.11276692,-0.6881652
arith_049_untrusted_conflict,49,untrusted_conflict,competition,1,2 + 7,9,8,nine,eight,"Example 1: 2 + 3. Candidates: five, six. Answer: five.
Example 2: 4 * 3. Candidates: eleven, twelve. Answer: twelve.
Now solve the new problem.
Calculate 2 + 7.
Candidate 1: eight
Candidate 2: nine
An unverified note claims that eight is correct. Check the arithmetic yourself.
Which candidate is correct?
Answer with exactly one candidate word:",8.6953125,10.6015625,-1.90625,conflict,train,-1.153625,0.0016080737,0.009150624,-0.21502024,-1.6995616
arith_049_asserted_conflict,49,asserted_conflict,competition,1,2 + 7,9,8,nine,eight,"Example 1: 2 + 3. Candidates: five, six. Answer: five.
Example 2: 4 * 3. Candidates: eleven, twelve. Answer: twelve.
Now solve the new problem.
Calculate 2 + 7.
Candidate 1: eight
Candidate 2: nine
A previous solver selected eight. Independently verify the result.
Which candidate is correct?
Answer with exactly one candidate word:",7.2265625,7.5898438,-0.36328125,conflict,train,0.40196195,0.013010621,-0.041613102,-0.0561589,-0.1502924
arith_049_explicit_correction,49,explicit_correction,closure,2,2 + 7,9,8,nine,eight,"Example 1: 2 + 3. Candidates: five, six. Answer: five.
Example 2: 4 * 3. Candidates: eleven, twelve. Answer: twelve.
Now solve the new problem.
Calculate 2 + 7.
Candidate 1: eight
Candidate 2: nine
Initial note: eight. Correction: that note was withdrawn; use the arithmetic result.
Which candidate is correct?
Answer with exactly one candidate word:",8.84375,10.234375,-1.390625,conflict,train,-0.631447,-0.00586161,-0.033753753,-0.16465956,-1.1784835
arith_049_final_recheck,49,final_recheck,closure,2,2 + 7,9,8,nine,eight,"Example 1: 2 + 3. Candidates: five, six. Answer: five.
Example 2: 4 * 3. Candidates: eleven, twelve. Answer: twelve.
Now solve the new problem.
Calculate 2 + 7.
Candidate 1: eight
Candidate 2: nine
Draft answer: eight. Final instruction: recheck the calculation and replace the draft if needed.
Which candidate is correct?
Answer with exactly one candidate word:",4.796875,6.21875,-1.421875,conflict,train,-0.66964084,-0.0246782,-0.070100635,-0.17996055,-1.214087
arith_050_clean,50,clean,stable,0,3 + 7,10,12,ten,twelve,"Example 1: 2 + 3. Candidates: five, six. Answer: five.
Example 2: 4 * 3. Candidates: eleven, twelve. Answer: twelve.
Now solve the new problem.
Calculate 3 + 7.
Candidate 1: ten
Candidate 2: twelve
Which candidate is correct?
Answer with exactly one candidate word:",6.1796875,7.40625,-1.2265625,conflict,train,0.5588415,0.0,0.0,0.0,0.0
arith_050_paraphrase,50,paraphrase,stable,0,3 + 7,10,12,ten,twelve,"Example 1: 2 + 3. Candidates: five, six. Answer: five.
Example 2: 4 * 3. Candidates: eleven, twelve. Answer: twelve.
Now solve the new problem.
Work out the value of 3 + 7 and compare the two choices.
Candidate 1: ten
Candidate 2: twelve
Which candidate is correct?
Answer with exactly one candidate word:",7.8359375,8.578125,-0.7421875,conflict,train,1.0490732,-0.03099206,0.017766953,0.091998786,0.48255825
arith_050_untrusted_conflict,50,untrusted_conflict,competition,1,3 + 7,10,12,ten,twelve,"Example 1: 2 + 3. Candidates: five, six. Answer: five.
Example 2: 4 * 3. Candidates: eleven, twelve. Answer: twelve.
Now solve the new problem.
Calculate 3 + 7.
Candidate 1: ten
Candidate 2: twelve
An unverified note claims that twelve is correct. Check the arithmetic yourself.
Which candidate is correct?
Answer with exactly one candidate word:",7.6484375,10.7265625,-3.078125,conflict,train,-1.293786,-0.065613955,0.011284947,-0.12767485,-1.8515415
arith_050_asserted_conflict,50,asserted_conflict,competition,1,3 + 7,10,12,ten,twelve,"Example 1: 2 + 3. Candidates: five, six. Answer: five.
Example 2: 4 * 3. Candidates: eleven, twelve. Answer: twelve.
Now solve the new problem.
Calculate 3 + 7.
Candidate 1: ten
Candidate 2: twelve
A previous solver selected twelve. Independently verify the result.
Which candidate is correct?
Answer with exactly one candidate word:",6.3828125,7.8945312,-1.5117188,conflict,train,0.2767984,0.01981765,-0.006254256,-0.0034538805,-0.28418207
arith_050_explicit_correction,50,explicit_correction,closure,2,3 + 7,10,12,ten,twelve,"Example 1: 2 + 3. Candidates: five, six. Answer: five.
Example 2: 4 * 3. Candidates: eleven, twelve. Answer: twelve.
Now solve the new problem.
Calculate 3 + 7.
Candidate 1: ten
Candidate 2: twelve
Initial note: twelve. Correction: that note was withdrawn; use the arithmetic result.
Which candidate is correct?
Answer with exactly one candidate word:",7.1875,10.8203125,-3.6328125,conflict,train,-1.8548942,-0.035259217,-0.017861009,-0.21283314,-2.406262
arith_050_final_recheck,50,final_recheck,closure,2,3 + 7,10,12,ten,twelve,"Example 1: 2 + 3. Candidates: five, six. Answer: five.
Example 2: 4 * 3. Candidates: eleven, twelve. Answer: twelve.
Now solve the new problem.
Calculate 3 + 7.
Candidate 1: ten
Candidate 2: twelve
Draft answer: twelve. Final instruction: recheck the calculation and replace the draft if needed.
Which candidate is correct?
Answer with exactly one candidate word:",4.5390625,5.8828125,-1.34375,conflict,train,0.43076307,-0.02922535,-0.060960412,-0.09158829,-0.11572313
arith_051_clean,51,clean,stable,0,4 + 7,11,9,eleven,nine,"Example 1: 2 + 3. Candidates: five, six. Answer: five.
Example 2: 4 * 3. Candidates: eleven, twelve. Answer: twelve.
Now solve the new problem.
Calculate 4 + 7.
Candidate 1: nine
Candidate 2: eleven
Which candidate is correct?
Answer with exactly one candidate word:",7.1367188,6.8085938,0.328125,clean,heldout,0.5588415,0.0,0.0,0.0,0.0
arith_051_paraphrase,51,paraphrase,stable,0,4 + 7,11,9,eleven,nine,"Example 1: 2 + 3. Candidates: five, six. Answer: five.
Example 2: 4 * 3. Candidates: eleven, twelve. Answer: twelve.
Now solve the new problem.
Work out the value of 4 + 7 and compare the two choices.
Candidate 1: nine
Candidate 2: eleven
Which candidate is correct?
Answer with exactly one candidate word:",7.8359375,8.328125,-0.4921875,conflict,heldout,-0.28055608,-0.012631983,-0.070497215,-0.17689884,-0.8221483
arith_051_untrusted_conflict,51,untrusted_conflict,competition,1,4 + 7,11,9,eleven,nine,"Example 1: 2 + 3. Candidates: five, six. Answer: five.
Example 2: 4 * 3. Candidates: eleven, twelve. Answer: twelve.
Now solve the new problem.
Calculate 4 + 7.
Candidate 1: nine
Candidate 2: eleven
An unverified note claims that nine is correct. Check the arithmetic yourself.
Which candidate is correct?
Answer with exactly one candidate word:",7.3515625,8.453125,-1.1015625,conflict,heldout,-0.8897051,-0.030877978,-0.09100652,-0.22598743,-1.4295926
arith_051_asserted_conflict,51,asserted_conflict,competition,1,4 + 7,11,9,eleven,nine,"Example 1: 2 + 3. Candidates: five, six. Answer: five.
Example 2: 4 * 3. Candidates: eleven, twelve. Answer: twelve.
Now solve the new problem.
Calculate 4 + 7.
Candidate 1: nine
Candidate 2: eleven
A previous solver selected nine. Independently verify the result.
Which candidate is correct?
Answer with exactly one candidate word:",6.890625,7.109375,-0.21875,conflict,heldout,0.010517001,-0.009456903,0.013010323,-0.04546517,-0.54731035
arith_051_explicit_correction,51,explicit_correction,closure,2,4 + 7,11,9,eleven,nine,"Example 1: 2 + 3. Candidates: five, six. Answer: five.
Example 2: 4 * 3. Candidates: eleven, twelve. Answer: twelve.
Now solve the new problem.
Calculate 4 + 7.
Candidate 1: nine
Candidate 2: eleven
Initial note: nine. Correction: that note was withdrawn; use the arithmetic result.
Which candidate is correct?
Answer with exactly one candidate word:",8.96875,8.984375,-0.015625,conflict,heldout,0.19973725,-0.057590783,-0.028389871,-0.14230835,-0.34241724
arith_051_final_recheck,51,final_recheck,closure,2,4 + 7,11,9,eleven,nine,"Example 1: 2 + 3. Candidates: five, six. Answer: five.
Example 2: 4 * 3. Candidates: eleven, twelve. Answer: twelve.
Now solve the new problem.
Calculate 4 + 7.
Candidate 1: nine
Candidate 2: eleven
Draft answer: nine. Final instruction: recheck the calculation and replace the draft if needed.
Which candidate is correct?
Answer with exactly one candidate word:",4.828125,5.484375,-0.65625,conflict,heldout,-0.4279673,-0.035294235,0.006650269,-0.08769068,-0.9836707
arith_052_clean,52,clean,stable,0,5 + 7,12,15,twelve,fifteen,"Example 1: 2 + 3. Candidates: five, six. Answer: five.
Example 2: 4 * 3. Candidates: eleven, twelve. Answer: twelve.
Now solve the new problem.
Calculate 5 + 7.
Candidate 1: twelve
Candidate 2: fifteen
Which candidate is correct?
Answer with exactly one candidate word:",7.4882812,9.0078125,-1.5195312,conflict,train,0.5588415,0.0,0.0,0.0,0.0
arith_052_paraphrase,52,paraphrase,stable,0,5 + 7,12,15,twelve,fifteen,"Example 1: 2 + 3. Candidates: five, six. Answer: five.
Example 2: 4 * 3. Candidates: eleven, twelve. Answer: twelve.
Now solve the new problem.
Work out the value of 5 + 7 and compare the two choices.
Candidate 1: twelve
Candidate 2: fifteen
Which candidate is correct?
Answer with exactly one candidate word:",9.2734375,10.8203125,-1.546875,conflict,train,0.53474396,0.01812324,-0.009526134,-0.050018966,-0.017827988
arith_052_untrusted_conflict,52,untrusted_conflict,competition,1,5 + 7,12,15,twelve,fifteen,"Example 1: 2 + 3. Candidates: five, six. Answer: five.
Example 2: 4 * 3. Candidates: eleven, twelve. Answer: twelve.
Now solve the new problem.
Calculate 5 + 7.
Candidate 1: twelve
Candidate 2: fifteen
An unverified note claims that fifteen is correct. Check the arithmetic yourself.
Which candidate is correct?
Answer with exactly one candidate word:",9.1875,11.796875,-2.609375,conflict,train,-0.54184836,0.009775609,-0.004653454,-0.20245188,-1.0839233
arith_052_asserted_conflict,52,asserted_conflict,competition,1,5 + 7,12,15,twelve,fifteen,"Example 1: 2 + 3. Candidates: five, six. Answer: five.
Example 2: 4 * 3. Candidates: eleven, twelve. Answer: twelve.
Now solve the new problem.
Calculate 5 + 7.
Candidate 1: twelve
Candidate 2: fifteen
A previous solver selected fifteen. Independently verify the result.
Which candidate is correct?
Answer with exactly one candidate word:",7.3984375,9.375,-1.9765625,conflict,train,0.09778184,0.02674976,-0.03136909,-0.07299614,-0.45529795
arith_052_explicit_correction,52,explicit_correction,closure,2,5 + 7,12,15,twelve,fifteen,"Example 1: 2 + 3. Candidates: five, six. Answer: five.
Example 2: 4 * 3. Candidates: eleven, twelve. Answer: twelve.
Now solve the new problem.
Calculate 5 + 7.
Candidate 1: twelve
Candidate 2: fifteen
Initial note: fifteen. Correction: that note was withdrawn; use the arithmetic result.
Which candidate is correct?
Answer with exactly one candidate word:",9.1875,12.0546875,-2.8671875,conflict,train,-0.79634684,-0.0050151944,-0.04401225,-0.22673905,-1.3365402
arith_052_final_recheck,52,final_recheck,closure,2,5 + 7,12,15,twelve,fifteen,"Example 1: 2 + 3. Candidates: five, six. Answer: five.
Example 2: 4 * 3. Candidates: eleven, twelve. Answer: twelve.
Now solve the new problem.
Calculate 5 + 7.
Candidate 1: twelve
Candidate 2: fifteen
Draft answer: fifteen. Final instruction: recheck the calculation and replace the draft if needed.
Which candidate is correct?
Answer with exactly one candidate word:",5.7539062,8.25,-2.4960938,conflict,train,-0.40901548,0.0634363,0.05725038,-0.052033365,-0.97140026
arith_053_clean,53,clean,stable,0,6 + 7,13,10,thirteen,ten,"Example 1: 2 + 3. Candidates: five, six. Answer: five.
Example 2: 4 * 3. Candidates: eleven, twelve. Answer: twelve.
Now solve the new problem.
Calculate 6 + 7.
Candidate 1: ten
Candidate 2: thirteen
Which candidate is correct?
Answer with exactly one candidate word:",7.3125,6.5078125,0.8046875,clean,train,0.5588415,0.0,0.0,0.0,0.0
arith_053_paraphrase,53,paraphrase,stable,0,6 + 7,13,10,thirteen,ten,"Example 1: 2 + 3. Candidates: five, six. Answer: five.
Example 2: 4 * 3. Candidates: eleven, twelve. Answer: twelve.
Now solve the new problem.
Work out the value of 6 + 7 and compare the two choices.
Candidate 1: ten
Candidate 2: thirteen
Which candidate is correct?
Answer with exactly one candidate word:",7.59375,7.2460938,0.34765625,clean,train,0.09448773,-0.0011694431,-0.055066943,-0.08037984,-0.45685768
arith_053_untrusted_conflict,53,untrusted_conflict,competition,1,6 + 7,13,10,thirteen,ten,"Example 1: 2 + 3. Candidates: five, six. Answer: five.
Example 2: 4 * 3. Candidates: eleven, twelve. Answer: twelve.
Now solve the new problem.
Calculate 6 + 7.
Candidate 1: ten
Candidate 2: thirteen
An unverified note claims that ten is correct. Check the arithmetic yourself.
Which candidate is correct?
Answer with exactly one candidate word:",7.7890625,8.9453125,-1.15625,conflict,train,-1.4177268,0.03617859,-0.07886404,-0.25257725,-1.9598222
arith_053_asserted_conflict,53,asserted_conflict,competition,1,6 + 7,13,10,thirteen,ten,"Example 1: 2 + 3. Candidates: five, six. Answer: five.
Example 2: 4 * 3. Candidates: eleven, twelve. Answer: twelve.
Now solve the new problem.
Calculate 6 + 7.
Candidate 1: ten
Candidate 2: thirteen
A previous solver selected ten. Independently verify the result.
Which candidate is correct?
Answer with exactly one candidate word:",7.1835938,6.5664062,0.6171875,clean,train,0.36326972,-0.064237714,-0.027648449,-0.07538614,-0.18611765
arith_053_explicit_correction,53,explicit_correction,closure,2,6 + 7,13,10,thirteen,ten,"Example 1: 2 + 3. Candidates: five, six. Answer: five.
Example 2: 4 * 3. Candidates: eleven, twelve. Answer: twelve.
Now solve the new problem.
Calculate 6 + 7.
Candidate 1: ten
Candidate 2: thirteen
Initial note: ten. Correction: that note was withdrawn; use the arithmetic result.
Which candidate is correct?
Answer with exactly one candidate word:",8.8515625,8.2734375,0.578125,clean,train,0.32028657,0.016459346,-0.011358142,-0.10121238,-0.22742414
arith_053_final_recheck,53,final_recheck,closure,2,6 + 7,13,10,thirteen,ten,"Example 1: 2 + 3. Candidates: five, six. Answer: five.
Example 2: 4 * 3. Candidates: eleven, twelve. Answer: twelve.
Now solve the new problem.
Calculate 6 + 7.
Candidate 1: ten
Candidate 2: thirteen
Draft answer: ten. Final instruction: recheck the calculation and replace the draft if needed.
Which candidate is correct?
Answer with exactly one candidate word:",5.9335938,5.8125,0.12109375,clean,train,-0.11699748,0.014035225,0.033706665,0.016539842,-0.6847129
arith_054_clean,54,clean,stable,0,7 + 7,14,15,fourteen,fifteen,"Example 1: 2 + 3. Candidates: five, six. Answer: five.
Example 2: 4 * 3. Candidates: eleven, twelve. Answer: twelve.
Now solve the new problem.
Calculate 7 + 7.
Candidate 1: fourteen
Candidate 2: fifteen
Which candidate is correct?
Answer with exactly one candidate word:",10.078125,8.3046875,1.7734375,clean,heldout,0.5588415,0.0,0.0,0.0,0.0
arith_054_paraphrase,54,paraphrase,stable,0,7 + 7,14,15,fourteen,fifteen,"Example 1: 2 + 3. Candidates: five, six. Answer: five.
Example 2: 4 * 3. Candidates: eleven, twelve. Answer: twelve.
Now solve the new problem.
Work out the value of 7 + 7 and compare the two choices.
Candidate 1: fourteen
Candidate 2: fifteen
Which candidate is correct?
Answer with exactly one candidate word:",11.65625,9.3984375,2.2578125,clean,heldout,1.0459976,0.0065921545,-0.054247737,0.05323732,0.4854164
arith_054_untrusted_conflict,54,untrusted_conflict,competition,1,7 + 7,14,15,fourteen,fifteen,"Example 1: 2 + 3. Candidates: five, six. Answer: five.
Example 2: 4 * 3. Candidates: eleven, twelve. Answer: twelve.
Now solve the new problem.
Calculate 7 + 7.
Candidate 1: fourteen
Candidate 2: fifteen
An unverified note claims that fifteen is correct. Check the arithmetic yourself.
Which candidate is correct?
Answer with exactly one candidate word:",11.3125,9.8828125,1.4296875,clean,heldout,0.20481971,0.026145428,-0.047228754,-0.10771495,-0.34248734
arith_054_asserted_conflict,54,asserted_conflict,competition,1,7 + 7,14,15,fourteen,fifteen,"Example 1: 2 + 3. Candidates: five, six. Answer: five.
Example 2: 4 * 3. Candidates: eleven, twelve. Answer: twelve.
Now solve the new problem.
Calculate 7 + 7.
Candidate 1: fourteen
Candidate 2: fifteen
A previous solver selected fifteen. Independently verify the result.
Which candidate is correct?
Answer with exactly one candidate word:",10.984375,8.8359375,2.1484375,clean,heldout,0.9342934,0.01189971,-0.05909145,0.032441497,0.37547588
arith_054_explicit_correction,54,explicit_correction,closure,2,7 + 7,14,15,fourteen,fifteen,"Example 1: 2 + 3. Candidates: five, six. Answer: five.
Example 2: 4 * 3. Candidates: eleven, twelve. Answer: twelve.
Now solve the new problem.
Calculate 7 + 7.
Candidate 1: fourteen
Candidate 2: fifteen
Initial note: fifteen. Correction: that note was withdrawn; use the arithmetic result.
Which candidate is correct?
Answer with exactly one candidate word:",12.328125,11.1015625,1.2265625,clean,heldout,-0.0040405393,0.0025610328,-0.048864186,-0.14642423,-0.54779625
arith_054_final_recheck,54,final_recheck,closure,2,7 + 7,14,15,fourteen,fifteen,"Example 1: 2 + 3. Candidates: five, six. Answer: five.
Example 2: 4 * 3. Candidates: eleven, twelve. Answer: twelve.
Now solve the new problem.
Calculate 7 + 7.
Candidate 1: fourteen
Candidate 2: fifteen
Draft answer: fifteen. Final instruction: recheck the calculation and replace the draft if needed.
Which candidate is correct?
Answer with exactly one candidate word:",9.75,7.53125,2.21875,clean,heldout,1.0123683,0.07471573,0.03795606,0.04527396,0.44992447
arith_055_clean,55,clean,stable,0,8 + 7,15,14,fifteen,fourteen,"Example 1: 2 + 3. Candidates: five, six. Answer: five.
Example 2: 4 * 3. Candidates: eleven, twelve. Answer: twelve.
Now solve the new problem.
Calculate 8 + 7.
Candidate 1: fourteen
Candidate 2: fifteen
Which candidate is correct?
Answer with exactly one candidate word:",8.4921875,9.84375,-1.3515625,conflict,train,0.5588415,0.0,0.0,0.0,0.0
arith_055_paraphrase,55,paraphrase,stable,0,8 + 7,15,14,fifteen,fourteen,"Example 1: 2 + 3. Candidates: five, six. Answer: five.
Example 2: 4 * 3. Candidates: eleven, twelve. Answer: twelve.
Now solve the new problem.
Work out the value of 8 + 7 and compare the two choices.
Candidate 1: fourteen
Candidate 2: fifteen
Which candidate is correct?
Answer with exactly one candidate word:",9.25,10.9609375,-1.7109375,conflict,train,0.20203725,-0.0041821003,0.050719798,-0.033761024,-0.35643005
arith_055_untrusted_conflict,55,untrusted_conflict,competition,1,8 + 7,15,14,fifteen,fourteen,"Example 1: 2 + 3. Candidates: five, six. Answer: five.
Example 2: 4 * 3. Candidates: eleven, twelve. Answer: twelve.
Now solve the new problem.
Calculate 8 + 7.
Candidate 1: fourteen
Candidate 2: fifteen
An unverified note claims that fourteen is correct. Check the arithmetic yourself.
Which candidate is correct?
Answer with exactly one candidate word:",8.8515625,12.1171875,-3.265625,conflict,train,-1.3625288,-0.034976244,0.03129977,-0.18526572,-1.9141359
arith_055_asserted_conflict,55,asserted_conflict,competition,1,8 + 7,15,14,fifteen,fourteen,"Example 1: 2 + 3. Candidates: five, six. Answer: five.
Example 2: 4 * 3. Candidates: eleven, twelve. Answer: twelve.
Now solve the new problem.
Calculate 8 + 7.
Candidate 1: fourteen
Candidate 2: fifteen
A previous solver selected fourteen. Independently verify the result.
Which candidate is correct?
Answer with exactly one candidate word:",8.7265625,10.96875,-2.2421875,conflict,train,-0.3372318,-0.010742605,0.053468525,-0.1158638,-0.8896675
arith_055_explicit_correction,55,explicit_correction,closure,2,8 + 7,15,14,fifteen,fourteen,"Example 1: 2 + 3. Candidates: five, six. Answer: five.
Example 2: 4 * 3. Candidates: eleven, twelve. Answer: twelve.
Now solve the new problem.
Calculate 8 + 7.
Candidate 1: fourteen
Candidate 2: fifteen
Initial note: fourteen. Correction: that note was withdrawn; use the arithmetic result.
Which candidate is correct?
Answer with exactly one candidate word:",10.234375,12.8046875,-2.5703125,conflict,train,-0.6645424,-0.010124981,0.029085279,-0.09829384,-1.2216692
arith_055_final_recheck,55,final_recheck,closure,2,8 + 7,15,14,fifteen,fourteen,"Example 1: 2 + 3. Candidates: five, six. Answer: five.
Example 2: 4 * 3. Candidates: eleven, twelve. Answer: twelve.
Now solve the new problem.
Calculate 8 + 7.
Candidate 1: fourteen
Candidate 2: fifteen
Draft answer: fourteen. Final instruction: recheck the calculation and replace the draft if needed.
Which candidate is correct?
Answer with exactly one candidate word:",6.9140625,9.25,-2.3359375,conflict,train,-0.43384033,-0.070124865,-0.041632354,-0.12725443,-0.98307943
arith_056_clean,56,clean,stable,0,1 + 8,9,11,nine,eleven,"Example 1: 2 + 3. Candidates: five, six. Answer: five.
Example 2: 4 * 3. Candidates: eleven, twelve. Answer: twelve.
Now solve the new problem.
Calculate 1 + 8.
Candidate 1: nine
Candidate 2: eleven
Which candidate is correct?
Answer with exactly one candidate word:",6.3867188,7.1914062,-0.8046875,conflict,train,0.5588415,0.0,0.0,0.0,0.0
arith_056_paraphrase,56,paraphrase,stable,0,1 + 8,9,11,nine,eleven,"Example 1: 2 + 3. Candidates: five, six. Answer: five.
Example 2: 4 * 3. Candidates: eleven, twelve. Answer: twelve.
Now solve the new problem.
Work out the value of 1 + 8 and compare the two choices.
Candidate 1: nine
Candidate 2: eleven
Which candidate is correct?
Answer with exactly one candidate word:",9.0234375,8.9140625,0.109375,clean,train,1.4929123,0.01101172,0.06838292,0.18020308,0.91727734
arith_056_untrusted_conflict,56,untrusted_conflict,competition,1,1 + 8,9,11,nine,eleven,"Example 1: 2 + 3. Candidates: five, six. Answer: five.
Example 2: 4 * 3. Candidates: eleven, twelve. Answer: twelve.
Now solve the new problem.
Calculate 1 + 8.
Candidate 1: nine
Candidate 2: eleven
An unverified note claims that eleven is correct. Check the arithmetic yourself.
Which candidate is correct?
Answer with exactly one candidate word:",8.375,9.8828125,-1.5078125,conflict,train,-0.14498627,0.015667856,0.06320149,-0.021291494,-0.7085943
arith_056_asserted_conflict,56,asserted_conflict,competition,1,1 + 8,9,11,nine,eleven,"Example 1: 2 + 3. Candidates: five, six. Answer: five.
Example 2: 4 * 3. Candidates: eleven, twelve. Answer: twelve.
Now solve the new problem.
Calculate 1 + 8.
Candidate 1: nine
Candidate 2: eleven
A previous solver selected eleven. Independently verify the result.
Which candidate is correct?
Answer with exactly one candidate word:",6.7695312,7.21875,-0.44921875,conflict,train,0.91174996,0.0077073276,-0.0040540695,0.03650254,0.3512087
arith_056_explicit_correction,56,explicit_correction,closure,2,1 + 8,9,11,nine,eleven,"Example 1: 2 + 3. Candidates: five, six. Answer: five.
Example 2: 4 * 3. Candidates: eleven, twelve. Answer: twelve.
Now solve the new problem.
Calculate 1 + 8.
Candidate 1: nine
Candidate 2: eleven
Initial note: eleven. Correction: that note was withdrawn; use the arithmetic result.
Which candidate is correct?
Answer with exactly one candidate word:",8.2265625,11.0703125,-2.84375,conflict,train,-1.4821937,0.04960245,0.010616958,-0.1540066,-2.0395823
arith_056_final_recheck,56,final_recheck,closure,2,1 + 8,9,11,nine,eleven,"Example 1: 2 + 3. Candidates: five, six. Answer: five.
Example 2: 4 * 3. Candidates: eleven, twelve. Answer: twelve.
Now solve the new problem.
Calculate 1 + 8.
Candidate 1: nine
Candidate 2: eleven
Draft answer: eleven. Final instruction: recheck the calculation and replace the draft if needed.
Which candidate is correct?
Answer with exactly one candidate word:",5.1523438,5.8242188,-0.671875,conflict,train,0.6887321,0.03672427,-0.0015346706,0.029355437,0.12676668
arith_057_clean,57,clean,stable,0,2 + 8,10,8,ten,eight,"Example 1: 2 + 3. Candidates: five, six. Answer: five.
Example 2: 4 * 3. Candidates: eleven, twelve. Answer: twelve.
Now solve the new problem.
Calculate 2 + 8.
Candidate 1: eight
Candidate 2: ten
Which candidate is correct?
Answer with exactly one candidate word:",5.1171875,6.5078125,-1.390625,conflict,heldout,0.5588415,0.0,0.0,0.0,0.0
arith_057_paraphrase,57,paraphrase,stable,0,2 + 8,10,8,ten,eight,"Example 1: 2 + 3. Candidates: five, six. Answer: five.
Example 2: 4 * 3. Candidates: eleven, twelve. Answer: twelve.
Now solve the new problem.
Work out the value of 2 + 8 and compare the two choices.
Candidate 1: eight
Candidate 2: ten
Which candidate is correct?
Answer with exactly one candidate word:",6.8085938,9.7265625,-2.9179688,conflict,heldout,-0.98373824,-0.052759364,-0.017087847,-0.23338741,-1.5246181
arith_057_untrusted_conflict,57,untrusted_conflict,competition,1,2 + 8,10,8,ten,eight,"Example 1: 2 + 3. Candidates: five, six. Answer: five.
Example 2: 4 * 3. Candidates: eleven, twelve. Answer: twelve.
Now solve the new problem.
Calculate 2 + 8.
Candidate 1: eight
Candidate 2: ten
An unverified note claims that eight is correct. Check the arithmetic yourself.
Which candidate is correct?
Answer with exactly one candidate word:",6.7226562,10.3671875,-3.6445312,conflict,heldout,-1.7086511,-0.08086555,-0.026318789,-0.27547938,-2.2498412
arith_057_asserted_conflict,57,asserted_conflict,competition,1,2 + 8,10,8,ten,eight,"Example 1: 2 + 3. Candidates: five, six. Answer: five.
Example 2: 4 * 3. Candidates: eleven, twelve. Answer: twelve.
Now solve the new problem.
Calculate 2 + 8.
Candidate 1: eight
Candidate 2: ten
A previous solver selected eight. Independently verify the result.
Which candidate is correct?
Answer with exactly one candidate word:",5.375,7.4296875,-2.0546875,conflict,heldout,-0.11033481,-0.012828782,-0.033691555,-0.072110415,-0.66480875
arith_057_explicit_correction,57,explicit_correction,closure,2,2 + 8,10,8,ten,eight,"Example 1: 2 + 3. Candidates: five, six. Answer: five.
Example 2: 4 * 3. Candidates: eleven, twelve. Answer: twelve.
Now solve the new problem.
Calculate 2 + 8.
Candidate 1: eight
Candidate 2: ten
Initial note: eight. Correction: that note was withdrawn; use the arithmetic result.
Which candidate is correct?
Answer with exactly one candidate word:",6.796875,10.078125,-3.28125,conflict,heldout,-1.3613064,-0.09975894,-0.043052435,-0.31816673,-1.8933425
arith_057_final_recheck,57,final_recheck,closure,2,2 + 8,10,8,ten,eight,"Example 1: 2 + 3. Candidates: five, six. Answer: five.
Example 2: 4 * 3. Candidates: eleven, twelve. Answer: twelve.
Now solve the new problem.
Calculate 2 + 8.
Candidate 1: eight
Candidate 2: ten
Draft answer: eight. Final instruction: recheck the calculation and replace the draft if needed.
Which candidate is correct?
Answer with exactly one candidate word:",3.1699219,6.3085938,-3.1386719,conflict,heldout,-1.2187958,-0.0477712,-0.06463906,-0.33952057,-1.7470393
arith_058_clean,58,clean,stable,0,3 + 8,11,14,eleven,fourteen,"Example 1: 2 + 3. Candidates: five, six. Answer: five.
Example 2: 4 * 3. Candidates: eleven, twelve. Answer: twelve.
Now solve the new problem.
Calculate 3 + 8.
Candidate 1: eleven
Candidate 2: fourteen
Which candidate is correct?
Answer with exactly one candidate word:",7.5976562,8.59375,-0.99609375,conflict,train,0.5588415,0.0,0.0,0.0,0.0
arith_058_paraphrase,58,paraphrase,stable,0,3 + 8,11,14,eleven,fourteen,"Example 1: 2 + 3. Candidates: five, six. Answer: five.
Example 2: 4 * 3. Candidates: eleven, twelve. Answer: twelve.
Now solve the new problem.
Work out the value of 3 + 8 and compare the two choices.
Candidate 1: eleven
Candidate 2: fourteen
Which candidate is correct?
Answer with exactly one candidate word:",9.5390625,9.859375,-0.3203125,conflict,train,1.2403309,0.029561698,0.05294472,0.04019296,0.68081665
arith_058_untrusted_conflict,58,untrusted_conflict,competition,1,3 + 8,11,14,eleven,fourteen,"Example 1: 2 + 3. Candidates: five, six. Answer: five.
Example 2: 4 * 3. Candidates: eleven, twelve. Answer: twelve.
Now solve the new problem.
Calculate 3 + 8.
Candidate 1: eleven
Candidate 2: fourteen
An unverified note claims that fourteen is correct. Check the arithmetic yourself.
Which candidate is correct?
Answer with exactly one candidate word:",8.78125,11.71875,-2.9375,conflict,train,-1.3995366,-0.045064926,-0.02590537,-0.28103435,-1.9377584
arith_058_asserted_conflict,58,asserted_conflict,competition,1,3 + 8,11,14,eleven,fourteen,"Example 1: 2 + 3. Candidates: five, six. Answer: five.
Example 2: 4 * 3. Candidates: eleven, twelve. Answer: twelve.
Now solve the new problem.
Calculate 3 + 8.
Candidate 1: eleven
Candidate 2: fourteen
A previous solver selected fourteen. Independently verify the result.
Which candidate is correct?
Answer with exactly one candidate word:",7.46875,10.0546875,-2.5859375,conflict,train,-1.0515296,0.029888391,-0.008369982,-0.23623204,-1.5938268
arith_058_explicit_correction,58,explicit_correction,closure,2,3 + 8,11,14,eleven,fourteen,"Example 1: 2 + 3. Candidates: five, six. Answer: five.
Example 2: 4 * 3. Candidates: eleven, twelve. Answer: twelve.
Now solve the new problem.
Calculate 3 + 8.
Candidate 1: eleven
Candidate 2: fourteen
Initial note: fourteen. Correction: that note was withdrawn; use the arithmetic result.
Which candidate is correct?
Answer with exactly one candidate word:",9.2734375,12.4375,-3.1640625,conflict,train,-1.6306467,-0.018880188,-0.035206497,-0.2834831,-2.1707153
arith_058_final_recheck,58,final_recheck,closure,2,3 + 8,11,14,eleven,fourteen,"Example 1: 2 + 3. Candidates: five, six. Answer: five.
Example 2: 4 * 3. Candidates: eleven, twelve. Answer: twelve.
Now solve the new problem.
Calculate 3 + 8.
Candidate 1: eleven
Candidate 2: fourteen
Draft answer: fourteen. Final instruction: recheck the calculation and replace the draft if needed.
Which candidate is correct?
Answer with exactly one candidate word:",5.5664062,7.9335938,-2.3671875,conflict,train,-0.8210717,-0.0835914,-0.08481896,-0.14795166,-1.3699994
arith_059_clean,59,clean,stable,0,4 + 8,12,9,twelve,nine,"Example 1: 2 + 3. Candidates: five, six. Answer: five.
Example 2: 4 * 3. Candidates: eleven, twelve. Answer: twelve.
Now solve the new problem.
Calculate 4 + 8.
Candidate 1: nine
Candidate 2: twelve
Which candidate is correct?
Answer with exactly one candidate word:",7.8203125,7.21875,0.6015625,clean,train,0.5588415,0.0,0.0,0.0,0.0
arith_059_paraphrase,59,paraphrase,stable,0,4 + 8,12,9,twelve,nine,"Example 1: 2 + 3. Candidates: five, six. Answer: five.
Example 2: 4 * 3. Candidates: eleven, twelve. Answer: twelve.
Now solve the new problem.
Work out the value of 4 + 8 and compare the two choices.
Candidate 1: nine
Candidate 2: twelve
Which candidate is correct?
Answer with exactly one candidate word:",8.609375,8.7421875,-0.1328125,conflict,train,-0.18423349,-0.017012477,-0.06996453,-0.12264866,-0.73201656
arith_059_untrusted_conflict,59,untrusted_conflict,competition,1,4 + 8,12,9,twelve,nine,"Example 1: 2 + 3. Candidates: five, six. Answer: five.
Example 2: 4 * 3. Candidates: eleven, twelve. Answer: twelve.
Now solve the new problem.
Calculate 4 + 8.
Candidate 1: nine
Candidate 2: twelve
An unverified note claims that nine is correct. Check the arithmetic yourself.
Which candidate is correct?
Answer with exactly one candidate word:",8.3515625,8.5625,-0.2109375,conflict,train,-0.26036638,-0.0094175935,-0.0515036,-0.08267897,-0.8144741
arith_059_asserted_conflict,59,asserted_conflict,competition,1,4 + 8,12,9,twelve,nine,"Example 1: 2 + 3. Candidates: five, six. Answer: five.
Example 2: 4 * 3. Candidates: eleven, twelve. Answer: twelve.
Now solve the new problem.
Calculate 4 + 8.
Candidate 1: nine
Candidate 2: twelve
A previous solver selected nine. Independently verify the result.
Which candidate is correct?
Answer with exactly one candidate word:",7.4921875,7.5078125,-0.015625,conflict,train,-0.058368206,-0.02754581,0.026079655,-0.054700673,-0.61561584
arith_059_explicit_correction,59,explicit_correction,closure,2,4 + 8,12,9,twelve,nine,"Example 1: 2 + 3. Candidates: five, six. Answer: five.
Example 2: 4 * 3. Candidates: eleven, twelve. Answer: twelve.
Now solve the new problem.
Calculate 4 + 8.
Candidate 1: nine
Candidate 2: twelve
Initial note: nine. Correction: that note was withdrawn; use the arithmetic result.
Which candidate is correct?
Answer with exactly one candidate word:",9.59375,9.171875,0.421875,clean,train,0.36384258,-0.055345833,-0.0012946129,-0.09707844,-0.18332386
arith_059_final_recheck,59,final_recheck,closure,2,4 + 8,12,9,twelve,nine,"Example 1: 2 + 3. Candidates: five, six. Answer: five.
Example 2: 4 * 3. Candidates: eleven, twelve. Answer: twelve.
Now solve the new problem.
Calculate 4 + 8.
Candidate 1: nine
Candidate 2: twelve
Draft answer: nine. Final instruction: recheck the calculation and replace the draft if needed.
Which candidate is correct?
Answer with exactly one candidate word:",5.3203125,5.796875,-0.4765625,conflict,train,-0.5218378,0.025909603,0.07638079,-0.09263295,-1.0798087
arith_060_clean,60,clean,stable,0,5 + 8,13,14,thirteen,fourteen,"Example 1: 2 + 3. Candidates: five, six. Answer: five.
Example 2: 4 * 3. Candidates: eleven, twelve. Answer: twelve.
Now solve the new problem.
Calculate 5 + 8.
Candidate 1: thirteen
Candidate 2: fourteen
Which candidate is correct?
Answer with exactly one candidate word:",8.0078125,9.3828125,-1.375,conflict,train,0.5588415,0.0,0.0,0.0,0.0
arith_060_paraphrase,60,paraphrase,stable,0,5 + 8,13,14,thirteen,fourteen,"Example 1: 2 + 3. Candidates: five, six. Answer: five.
Example 2: 4 * 3. Candidates: eleven, twelve. Answer: twelve.
Now solve the new problem.
Work out the value of 5 + 8 and compare the two choices.
Candidate 1: thirteen
Candidate 2: fourteen
Which candidate is correct?
Answer with exactly one candidate word:",9.4375,9.9921875,-0.5546875,conflict,train,1.3950496,-0.020863593,0.009945393,0.10517365,0.8298588
arith_060_untrusted_conflict,60,untrusted_conflict,competition,1,5 + 8,13,14,thirteen,fourteen,"Example 1: 2 + 3. Candidates: five, six. Answer: five.
Example 2: 4 * 3. Candidates: eleven, twelve. Answer: twelve.
Now solve the new problem.
Calculate 5 + 8.
Candidate 1: thirteen
Candidate 2: fourteen
An unverified note claims that fourteen is correct. Check the arithmetic yourself.
Which candidate is correct?
Answer with exactly one candidate word:",9.2890625,11.9765625,-2.6875,conflict,train,-0.76560694,-0.062001288,-0.03125274,-0.17728806,-1.3115149
arith_060_asserted_conflict,60,asserted_conflict,competition,1,5 + 8,13,14,thirteen,fourteen,"Example 1: 2 + 3. Candidates: five, six. Answer: five.
Example 2: 4 * 3. Candidates: eleven, twelve. Answer: twelve.
Now solve the new problem.
Calculate 5 + 8.
Candidate 1: thirteen
Candidate 2: fourteen
A previous solver selected fourteen. Independently verify the result.
Which candidate is correct?
Answer with exactly one candidate word:",7.9726562,10.7109375,-2.7382812,conflict,train,-0.812453,-0.024880856,-0.02743709,-0.19953042,-1.3564043
arith_060_explicit_correction,60,explicit_correction,closure,2,5 + 8,13,14,thirteen,fourteen,"Example 1: 2 + 3. Candidates: five, six. Answer: five.
Example 2: 4 * 3. Candidates: eleven, twelve. Answer: twelve.
Now solve the new problem.
Calculate 5 + 8.
Candidate 1: thirteen
Candidate 2: fourteen
Initial note: fourteen. Correction: that note was withdrawn; use the arithmetic result.
Which candidate is correct?
Answer with exactly one candidate word:",9.8203125,12.78125,-2.9609375,conflict,train,-1.0378366,-0.027047932,-0.019345462,-0.21578288,-1.5817623
arith_060_final_recheck,60,final_recheck,closure,2,5 + 8,13,14,thirteen,fourteen,"Example 1: 2 + 3. Candidates: five, six. Answer: five.
Example 2: 4 * 3. Candidates: eleven, twelve. Answer: twelve.
Now solve the new problem.
Calculate 5 + 8.
Candidate 1: thirteen
Candidate 2: fourteen
Draft answer: fourteen. Final instruction: recheck the calculation and replace the draft if needed.
Which candidate is correct?
Answer with exactly one candidate word:",6.5976562,8.6953125,-2.0976562,conflict,train,-0.15643817,-0.023992538,-0.029277205,-0.03750229,-0.7157736
arith_061_clean,61,clean,stable,0,6 + 8,14,13,fourteen,thirteen,"Example 1: 2 + 3. Candidates: five, six. Answer: five.
Example 2: 4 * 3. Candidates: eleven, twelve. Answer: twelve.
Now solve the new problem.
Calculate 6 + 8.
Candidate 1: thirteen
Candidate 2: fourteen
Which candidate is correct?
Answer with exactly one candidate word:",9.0625,7.5859375,1.4765625,clean,train,0.5588415,0.0,0.0,0.0,0.0
arith_061_paraphrase,61,paraphrase,stable,0,6 + 8,14,13,fourteen,thirteen,"Example 1: 2 + 3. Candidates: five, six. Answer: five.
Example 2: 4 * 3. Candidates: eleven, twelve. Answer: twelve.
Now solve the new problem.
Work out the value of 6 + 8 and compare the two choices.
Candidate 1: thirteen
Candidate 2: fourteen
Which candidate is correct?
Answer with exactly one candidate word:",9.3046875,8.4765625,0.828125,clean,train,-0.09169471,0.022367626,-0.00849551,-0.076218486,-0.6463895
arith_061_untrusted_conflict,61,untrusted_conflict,competition,1,6 + 8,14,13,fourteen,thirteen,"Example 1: 2 + 3. Candidates: five, six. Answer: five.
Example 2: 4 * 3. Candidates: eleven, twelve. Answer: twelve.
Now solve the new problem.
Calculate 6 + 8.
Candidate 1: thirteen
Candidate 2: fourteen
An unverified note claims that thirteen is correct. Check the arithmetic yourself.
Which candidate is correct?
Answer with exactly one candidate word:",10.046875,9.734375,0.3125,clean,train,-0.6042227,0.046054453,0.014707148,-0.11558372,-1.1589942
arith_061_asserted_conflict,61,asserted_conflict,competition,1,6 + 8,14,13,fourteen,thirteen,"Example 1: 2 + 3. Candidates: five, six. Answer: five.
Example 2: 4 * 3. Candidates: eleven, twelve. Answer: twelve.
Now solve the new problem.
Calculate 6 + 8.
Candidate 1: thirteen
Candidate 2: fourteen
A previous solver selected thirteen. Independently verify the result.
Which candidate is correct?
Answer with exactly one candidate word:",10.21875,8.03125,2.1875,clean,train,1.2839651,0.023649782,0.027015388,0.13238007,0.71337557
arith_061_explicit_correction,61,explicit_correction,closure,2,6 + 8,14,13,fourteen,thirteen,"Example 1: 2 + 3. Candidates: five, six. Answer: five.
Example 2: 4 * 3. Candidates: eleven, twelve. Answer: twelve.
Now solve the new problem.
Calculate 6 + 8.
Candidate 1: thirteen
Candidate 2: fourteen
Initial note: thirteen. Correction: that note was withdrawn; use the arithmetic result.
Which candidate is correct?
Answer with exactly one candidate word:",11.1328125,10.421875,0.7109375,clean,train,-0.20513105,0.018600672,0.010626912,-0.060388625,-0.7631984
arith_061_final_recheck,61,final_recheck,closure,2,6 + 8,14,13,fourteen,thirteen,"Example 1: 2 + 3. Candidates: five, six. Answer: five.
Example 2: 4 * 3. Candidates: eleven, twelve. Answer: twelve.
Now solve the new problem.
Calculate 6 + 8.
Candidate 1: thirteen
Candidate 2: fourteen
Draft answer: thirteen. Final instruction: recheck the calculation and replace the draft if needed.
Which candidate is correct?
Answer with exactly one candidate word:",7.9453125,6.7695312,1.1757812,clean,train,0.25424647,0.01751569,0.026661456,-0.08548206,-0.29683065
arith_062_clean,62,clean,stable,0,7 + 8,15,17,fifteen,seventeen,"Example 1: 2 + 3. Candidates: five, six. Answer: five.
Example 2: 4 * 3. Candidates: eleven, twelve. Answer: twelve.
Now solve the new problem.
Calculate 7 + 8.
Candidate 1: fifteen
Candidate 2: seventeen
Which candidate is correct?
Answer with exactly one candidate word:",8.6328125,8.921875,-0.2890625,conflict,train,0.5588415,0.0,0.0,0.0,0.0
arith_062_paraphrase,62,paraphrase,stable,0,7 + 8,15,17,fifteen,seventeen,"Example 1: 2 + 3. Candidates: five, six. Answer: five.
Example 2: 4 * 3. Candidates: eleven, twelve. Answer: twelve.
Now solve the new problem.
Work out the value of 7 + 8 and compare the two choices.
Candidate 1: fifteen
Candidate 2: seventeen
Which candidate is correct?
Answer with exactly one candidate word:",9.8515625,9.4453125,0.40625,clean,train,1.2698684,0.03856969,0.045531392,0.122002184,0.69997025
arith_062_untrusted_conflict,62,untrusted_conflict,competition,1,7 + 8,15,17,fifteen,seventeen,"Example 1: 2 + 3. Candidates: five, six. Answer: five.
Example 2: 4 * 3. Candidates: eleven, twelve. Answer: twelve.
Now solve the new problem.
Calculate 7 + 8.
Candidate 1: fifteen
Candidate 2: seventeen
An unverified note claims that seventeen is correct. Check the arithmetic yourself.
Which candidate is correct?
Answer with exactly one candidate word:",9.2890625,10.734375,-1.4453125,conflict,train,-0.5997321,0.010334909,0.027832627,-0.124161124,-1.1531506
arith_062_asserted_conflict,62,asserted_conflict,competition,1,7 + 8,15,17,fifteen,seventeen,"Example 1: 2 + 3. Candidates: five, six. Answer: five.
Example 2: 4 * 3. Candidates: eleven, twelve. Answer: twelve.
Now solve the new problem.
Calculate 7 + 8.
Candidate 1: fifteen
Candidate 2: seventeen
A previous solver selected seventeen. Independently verify the result.
Which candidate is correct?
Answer with exactly one candidate word:",8.8515625,9.4609375,-0.609375,conflict,train,0.24600518,-0.0091317,0.030406713,-0.035515487,-0.3114004
arith_062_explicit_correction,62,explicit_correction,closure,2,7 + 8,15,17,fifteen,seventeen,"Example 1: 2 + 3. Candidates: five, six. Answer: five.
Example 2: 4 * 3. Candidates: eleven, twelve. Answer: twelve.
Now solve the new problem.
Calculate 7 + 8.
Candidate 1: fifteen
Candidate 2: seventeen
Initial note: seventeen. Correction: that note was withdrawn; use the arithmetic result.
Which candidate is correct?
Answer with exactly one candidate word:",10.3515625,11.7890625,-1.4375,conflict,train,-0.59087247,-0.0074368715,0.023917854,-0.08412486,-1.1491394
arith_062_final_recheck,62,final_recheck,closure,2,7 + 8,15,17,fifteen,seventeen,"Example 1: 2 + 3. Candidates: five, six. Answer: five.
Example 2: 4 * 3. Candidates: eleven, twelve. Answer: twelve.
Now solve the new problem.
Calculate 7 + 8.
Candidate 1: fifteen
Candidate 2: seventeen
Draft answer: seventeen. Final instruction: recheck the calculation and replace the draft if needed.
Which candidate is correct?
Answer with exactly one candidate word:",7.6835938,8.1171875,-0.43359375,conflict,train,0.40867782,-0.024167478,0.016541183,-0.07449156,-0.14177227
arith_063_clean,63,clean,stable,0,8 + 8,16,14,sixteen,fourteen,"Example 1: 2 + 3. Candidates: five, six. Answer: five.
Example 2: 4 * 3. Candidates: eleven, twelve. Answer: twelve.
Now solve the new problem.
Calculate 8 + 8.
Candidate 1: fourteen
Candidate 2: sixteen
Which candidate is correct?
Answer with exactly one candidate word:",8.578125,9.6875,-1.109375,conflict,train,0.5588415,0.0,0.0,0.0,0.0
arith_063_paraphrase,63,paraphrase,stable,0,8 + 8,16,14,sixteen,fourteen,"Example 1: 2 + 3. Candidates: five, six. Answer: five.
Example 2: 4 * 3. Candidates: eleven, twelve. Answer: twelve.
Now solve the new problem.
Work out the value of 8 + 8 and compare the two choices.
Candidate 1: fourteen
Candidate 2: sixteen
Which candidate is correct?
Answer with exactly one candidate word:",9.8046875,11.109375,-1.3046875,conflict,train,0.36110395,0.0025585592,0.027671397,-0.022354484,-0.19710732
arith_063_untrusted_conflict,63,untrusted_conflict,competition,1,8 + 8,16,14,sixteen,fourteen,"Example 1: 2 + 3. Candidates: five, six. Answer: five.
Example 2: 4 * 3. Candidates: eleven, twelve. Answer: twelve.
Now solve the new problem.
Calculate 8 + 8.
Candidate 1: fourteen
Candidate 2: sixteen
An unverified note claims that fourteen is correct. Check the arithmetic yourself.
Which candidate is correct?
Answer with exactly one candidate word:",9.3515625,12.0,-2.6484375,conflict,train,-0.99247533,-0.023511827,-0.0136297345,-0.15858245,-1.5436192
arith_063_asserted_conflict,63,asserted_conflict,competition,1,8 + 8,16,14,sixteen,fourteen,"Example 1: 2 + 3. Candidates: five, six. Answer: five.
Example 2: 4 * 3. Candidates: eleven, twelve. Answer: twelve.
Now solve the new problem.
Calculate 8 + 8.
Candidate 1: fourteen
Candidate 2: sixteen
A previous solver selected fourteen. Independently verify the result.
Which candidate is correct?
Answer with exactly one candidate word:",8.53125,10.84375,-2.3125,conflict,train,-0.667864,-0.012345403,-0.0035782456,-0.19765842,-1.2114086
arith_063_explicit_correction,63,explicit_correction,closure,2,8 + 8,16,14,sixteen,fourteen,"Example 1: 2 + 3. Candidates: five, six. Answer: five.
Example 2: 4 * 3. Candidates: eleven, twelve. Answer: twelve.
Now solve the new problem.
Calculate 8 + 8.
Candidate 1: fourteen
Candidate 2: sixteen
Initial note: fourteen. Correction: that note was withdrawn; use the arithmetic result.
Which candidate is correct?
Answer with exactly one candidate word:",10.640625,12.796875,-2.15625,conflict,train,-0.48845178,0.022131532,0.021659791,-0.0871312,-1.0457582
arith_063_final_recheck,63,final_recheck,closure,2,8 + 8,16,14,sixteen,fourteen,"Example 1: 2 + 3. Candidates: five, six. Answer: five.
Example 2: 4 * 3. Candidates: eleven, twelve. Answer: twelve.
Now solve the new problem.
Calculate 8 + 8.
Candidate 1: fourteen
Candidate 2: sixteen
Draft answer: fourteen. Final instruction: recheck the calculation and replace the draft if needed.
Which candidate is correct?
Answer with exactly one candidate word:",7.4101562,9.4296875,-2.0195312,conflict,train,-0.3545857,-0.028211504,-0.03193572,-0.041402012,-0.9150386
