task,representation,null_index,future_alignment,leave_one_out_alignment
relation_graph,cached_mixed_raw,0,0.0038545734714716673,0.00714766513556242
relation_graph,cached_mixed_raw,1,0.003283341880887747,0.006281734444200993
relation_graph,cached_mixed_raw,2,0.0037918759044259787,0.007031990680843592
relation_graph,cached_mixed_raw,3,0.0038648624904453754,0.007067919708788395
relation_graph,cached_mixed_raw,4,0.0032954851631075144,0.006198999937623739
relation_graph,cached_mixed_raw,5,0.003045308170840144,0.0060147386975586414
relation_graph,cached_mixed_raw,6,0.004081955645233393,0.00755698699504137
relation_graph,cached_mixed_raw,7,0.0037350296042859554,0.006957758218050003
relation_graph,cached_mixed_raw,8,0.003390211146324873,0.006503772921860218
relation_graph,cached_mixed_raw,9,0.004514917731285095,0.008057591505348682
relation_graph,cached_mixed_raw,10,0.003845690283924341,0.007114011328667402
relation_graph,cached_mixed_raw,11,0.004155903588980436,0.007631597574800253
relation_graph,cached_mixed_raw,12,0.003450690070167184,0.006528750061988831
relation_graph,cached_mixed_raw,13,0.002893340541049838,0.005775763187557459
relation_graph,cached_mixed_raw,14,0.004269464407116175,0.0076792011968791485
relation_graph,cached_mixed_raw,15,0.0038432166911661625,0.0070816040970385075
relation_graph,cached_mixed_raw,16,0.0033334812615066767,0.0063370149582624435
relation_graph,cached_mixed_raw,17,0.003934402484446764,0.007260582875460386
relation_graph,cached_mixed_raw,18,0.00457014562562108,0.008101223967969418
relation_graph,cached_mixed_raw,19,0.004086711443960667,0.007428360171616077
relation_graph,cached_mixed_raw,20,0.0033444322180002928,0.006397361401468515
relation_graph,cached_mixed_raw,21,0.004260597750544548,0.0075589981861412525
relation_graph,cached_mixed_raw,22,0.004010564181953669,0.007329413667321205
relation_graph,cached_mixed_raw,23,0.0033720540814101696,0.006352260708808899
relation_graph,cached_mixed_raw,24,0.003809420159086585,0.007002540398389101
relation_graph,cached_mixed_raw,25,0.0032328516244888306,0.006329083815217018
relation_graph,cached_mixed_raw,26,0.003974064718931913,0.007343553472310305
relation_graph,cached_mixed_raw,27,0.003762462642043829,0.007112436927855015
relation_graph,cached_mixed_raw,28,0.004161507822573185,0.007592548616230488
relation_graph,cached_mixed_raw,29,0.003978588618338108,0.007309929933398962
relation_graph,cached_mixed_raw,30,0.0038085475098341703,0.007097878027707338
relation_graph,cached_mixed_raw,31,0.004106260370463133,0.007441074587404728
relation_graph,cached_mixed_raw,32,0.003812661161646247,0.007109193131327629
relation_graph,cached_mixed_raw,33,0.003572664922103286,0.006781240459531546
relation_graph,cached_mixed_raw,34,0.0037723376881331205,0.0069658709689974785
relation_graph,cached_mixed_raw,35,0.00307075516320765,0.0060779559426009655
relation_graph,cached_mixed_raw,36,0.003994328901171684,0.007311185356229544
relation_graph,cached_mixed_raw,37,0.0045266179367899895,0.007915128953754902
relation_graph,cached_mixed_raw,38,0.003538011107593775,0.006668747868388891
relation_graph,cached_mixed_raw,39,0.0038193496875464916,0.0070470161736011505
relation_graph,cached_mixed_raw,40,0.0027694301679730415,0.00559186888858676
relation_graph,cached_mixed_raw,41,0.0035121007822453976,0.006638708990067244
relation_graph,cached_mixed_raw,42,0.003336346009746194,0.006403887644410133
relation_graph,cached_mixed_raw,43,0.0037028442602604628,0.006960226688534021
relation_graph,cached_mixed_raw,44,0.003615552093833685,0.0068198880180716515
relation_graph,cached_mixed_raw,45,0.0035077263601124287,0.00669777812436223
relation_graph,cached_mixed_raw,46,0.0034954159054905176,0.006553089711815119
relation_graph,cached_mixed_raw,47,0.0031137980986386538,0.006091445218771696
relation_graph,cached_mixed_raw,48,0.003387163858860731,0.0064172218553721905
relation_graph,cached_mixed_raw,49,0.0032793297432363033,0.0063431477174162865
relation_graph,cached_mixed_raw,50,0.003793173236772418,0.00704574678093195
relation_graph,cached_mixed_raw,51,0.00376368360593915,0.007027398329228163
relation_graph,cached_mixed_raw,52,0.0035497723147273064,0.006610598415136337
relation_graph,cached_mixed_raw,53,0.0037590202409774065,0.006978004239499569
relation_graph,cached_mixed_raw,54,0.00353832240216434,0.006561921909451485
relation_graph,cached_mixed_raw,55,0.0030752576421946287,0.005973245017230511
relation_graph,cached_mixed_raw,56,0.00404044846072793,0.007373300846666098
relation_graph,cached_mixed_raw,57,0.0037133274599909782,0.0068818386644124985
relation_graph,cached_mixed_raw,58,0.0037021134048700333,0.006957578007131815
relation_graph,cached_mixed_raw,59,0.003277017269283533,0.006318289786577225
relation_graph,cached_mixed_raw,60,0.0036664758808910847,0.00684692058712244
relation_graph,cached_mixed_raw,61,0.00419366080313921,0.007597428280860186
relation_graph,cached_mixed_raw,62,0.003970592748373747,0.0073238639160990715
relation_graph,cached_mixed_raw,63,0.004087930545210838,0.007426912430673838
relation_graph,cached_mixed_raw,64,0.003310296218842268,0.006405191496014595
relation_graph,cached_mixed_raw,65,0.003276732051745057,0.006290223449468613
relation_graph,cached_mixed_raw,66,0.0041360328905284405,0.0075838337652385235
relation_graph,cached_mixed_raw,67,0.003512444905936718,0.0065926979295909405
relation_graph,cached_mixed_raw,68,0.003330159466713667,0.006265108473598957
relation_graph,cached_mixed_raw,69,0.003907067235559225,0.007194531615823507
relation_graph,cached_mixed_raw,70,0.0033133665565401316,0.006281509064137936
relation_graph,cached_mixed_raw,71,0.0034248502925038338,0.006484432611614466
relation_graph,cached_mixed_raw,72,0.004164792597293854,0.0075411018915474415
relation_graph,cached_mixed_raw,73,0.0037106340751051903,0.006899296306073666
relation_graph,cached_mixed_raw,74,0.003445743815973401,0.0065110246650874615
relation_graph,cached_mixed_raw,75,0.004052131902426481,0.007465293165296316
relation_graph,cached_mixed_raw,76,0.0034747791942209005,0.006546751596033573
relation_graph,cached_mixed_raw,77,0.004005499184131622,0.007308091968297958
relation_graph,cached_mixed_raw,78,0.0033505475148558617,0.006394647993147373
relation_graph,cached_mixed_raw,79,0.003659597598016262,0.006836768239736557
relation_graph,cached_mixed_raw,80,0.003983398899435997,0.007243657950311899
relation_graph,cached_mixed_raw,81,0.003345636883750558,0.0064261360093951225
relation_graph,cached_mixed_raw,82,0.0037591755390167236,0.006998580414801836
relation_graph,cached_mixed_raw,83,0.0030599876772612333,0.006105853710323572
relation_graph,cached_mixed_raw,84,0.0037888996303081512,0.007046401035040617
relation_graph,cached_mixed_raw,85,0.004136127885431051,0.007574419490993023
relation_graph,cached_mixed_raw,86,0.004164007026702166,0.0075949206948280334
relation_graph,cached_mixed_raw,87,0.0028735368978232145,0.005747219081968069
relation_graph,cached_mixed_raw,88,0.0030436371453106403,0.005899198818951845
relation_graph,cached_mixed_raw,89,0.0037751980125904083,0.00704328715801239
relation_graph,cached_mixed_raw,90,0.004260450601577759,0.007685703691095114
relation_graph,cached_mixed_raw,91,0.004008062183856964,0.007323237601667643
relation_graph,cached_mixed_raw,92,0.003763631684705615,0.006930999923497438
relation_graph,cached_mixed_raw,93,0.003903256030753255,0.007211440242826939
relation_graph,cached_mixed_raw,94,0.003590984735637903,0.006764785386621952
relation_graph,cached_mixed_raw,95,0.0034201284870505333,0.00654485821723938
relation_graph,cached_mixed_raw,96,0.003329351544380188,0.006370919290930033
relation_graph,cached_mixed_raw,97,0.0034777603577822447,0.006487052422016859
relation_graph,cached_mixed_raw,98,0.0034931781701743603,0.00658882362768054
relation_graph,cached_mixed_raw,99,0.0035695675760507584,0.006647117901593447
relation_graph,cached_mixed_raw,100,0.003939777612686157,0.007318202871829271
relation_graph,cached_mixed_raw,101,0.0031412846874445677,0.006119396537542343
relation_graph,cached_mixed_raw,102,0.003695302875712514,0.006918833591043949
relation_graph,cached_mixed_raw,103,0.0032455790787935257,0.006241035647690296
relation_graph,cached_mixed_raw,104,0.003319507697597146,0.006334069650620222
relation_graph,cached_mixed_raw,105,0.004666340071707964,0.008213418535888195
relation_graph,cached_mixed_raw,106,0.0031233469489961863,0.0060289581306278706
relation_graph,cached_mixed_raw,107,0.0032997895032167435,0.006353343836963177
relation_graph,cached_mixed_raw,108,0.004641912877559662,0.008144916966557503
relation_graph,cached_mixed_raw,109,0.003539144294336438,0.006624412722885609
relation_graph,cached_mixed_raw,110,0.003740716725587845,0.006940414197742939
relation_graph,cached_mixed_raw,111,0.0037541971541941166,0.006950834300369024
relation_graph,cached_mixed_raw,112,0.004225081764161587,0.007606399245560169
relation_graph,cached_mixed_raw,113,0.004067696165293455,0.0074958810582757
relation_graph,cached_mixed_raw,114,0.004217916168272495,0.007622913923114538
relation_graph,cached_mixed_raw,115,0.0035279160365462303,0.006660384591668844
relation_graph,cached_mixed_raw,116,0.003756318474188447,0.0069768852554261684
relation_graph,cached_mixed_raw,117,0.004286947660148144,0.007773843128234148
relation_graph,cached_mixed_raw,118,0.0038086213171482086,0.006981425452977419
relation_graph,cached_mixed_raw,119,0.0031262263655662537,0.006051464471966028
relation_graph,cached_mixed_raw,120,0.003804168663918972,0.006984043400734663
relation_graph,cached_mixed_raw,121,0.004322625230997801,0.007805951405316591
relation_graph,cached_mixed_raw,122,0.0037242486141622066,0.006910454016178846
relation_graph,cached_mixed_raw,123,0.0038029244169592857,0.0070456210523843765
relation_graph,cached_mixed_raw,124,0.0038342271000146866,0.00708647770807147
relation_graph,cached_mixed_raw,125,0.003106570802628994,0.005972661077976227
relation_graph,cached_mixed_raw,126,0.003926371689885855,0.007219482213258743
relation_graph,cached_mixed_raw,127,0.0038186844903975725,0.007037556264549494
relation_graph,cached_mixed_raw,128,0.004126059822738171,0.007464115042239428
relation_graph,cached_mixed_raw,129,0.0046516722068190575,0.00812616664916277
relation_graph,cached_mixed_raw,130,0.004030884243547916,0.007334159221500158
relation_graph,cached_mixed_raw,131,0.0034602745436131954,0.006590400822460651
relation_graph,cached_mixed_raw,132,0.003490147879347205,0.006672693882137537
relation_graph,cached_mixed_raw,133,0.004203510005027056,0.007633065804839134
relation_graph,cached_mixed_raw,134,0.004517712630331516,0.008001361973583698
relation_graph,cached_mixed_raw,135,0.004011194687336683,0.0073530906811356544
relation_graph,cached_mixed_raw,136,0.0036531169898808002,0.006888396572321653
relation_graph,cached_mixed_raw,137,0.0037868807557970285,0.006932584568858147
relation_graph,cached_mixed_raw,138,0.0044726054184138775,0.00806962139904499
relation_graph,cached_mixed_raw,139,0.0035423757508397102,0.006733687128871679
relation_graph,cached_mixed_raw,140,0.004113418515771627,0.007547128479927778
relation_graph,cached_mixed_raw,141,0.003793474519625306,0.007095358334481716
relation_graph,cached_mixed_raw,142,0.0031313744839280844,0.006129235960543156
relation_graph,cached_mixed_raw,143,0.0037677250802516937,0.007011664565652609
relation_graph,cached_mixed_raw,144,0.0035300389863550663,0.006745525170117617
relation_graph,cached_mixed_raw,145,0.0034696883521974087,0.006586598232388496
relation_graph,cached_mixed_raw,146,0.0035243385937064886,0.006684406660497189
relation_graph,cached_mixed_raw,147,0.00405174819752574,0.007339410949498415
relation_graph,cached_mixed_raw,148,0.0033779432997107506,0.006468444596976042
relation_graph,cached_mixed_raw,149,0.0030990790110081434,0.006042948924005032
relation_graph,cached_mixed_raw,150,0.0037437996361404657,0.0069407992996275425
relation_graph,cached_mixed_raw,151,0.00302883074618876,0.0059454599395394325
relation_graph,cached_mixed_raw,152,0.0033463097643107176,0.0064512877725064754
relation_graph,cached_mixed_raw,153,0.003681287169456482,0.00688480818644166
relation_graph,cached_mixed_raw,154,0.003102636896073818,0.006116966716945171
relation_graph,cached_mixed_raw,155,0.003811322618275881,0.007029212545603514
relation_graph,cached_mixed_raw,156,0.0034321844577789307,0.006472863722592592
relation_graph,cached_mixed_raw,157,0.003235423471778631,0.006243457552045584
relation_graph,cached_mixed_raw,158,0.004211146384477615,0.007543634157627821
relation_graph,cached_mixed_raw,159,0.004450825974345207,0.007890858687460423
relation_graph,cached_mixed_raw,160,0.0039398386143147945,0.007130980491638184
relation_graph,cached_mixed_raw,161,0.0030158506706357002,0.00595187209546566
relation_graph,cached_mixed_raw,162,0.004083160310983658,0.007527049630880356
relation_graph,cached_mixed_raw,163,0.0032907864078879356,0.006328357849270105
relation_graph,cached_mixed_raw,164,0.003831377485767007,0.007053052075207233
relation_graph,cached_mixed_raw,165,0.004244579002261162,0.007652713917195797
relation_graph,cached_mixed_raw,166,0.0037755200173705816,0.006962507031857967
relation_graph,cached_mixed_raw,167,0.0033063709270209074,0.0062806205824017525
relation_graph,cached_mixed_raw,168,0.003688652301207185,0.00680844159796834
relation_graph,cached_mixed_raw,169,0.00405987910926342,0.007456234656274319
relation_graph,cached_mixed_raw,170,0.003194274613633752,0.006244768388569355
relation_graph,cached_mixed_raw,171,0.0034277818631380796,0.006478480529040098
relation_graph,cached_mixed_raw,172,0.0037399514112621546,0.007030750159174204
relation_graph,cached_mixed_raw,173,0.0038909628055989742,0.007256843149662018
relation_graph,cached_mixed_raw,174,0.003095617750659585,0.006094880402088165
relation_graph,cached_mixed_raw,175,0.003549647517502308,0.0067902496084570885
relation_graph,cached_mixed_raw,176,0.004522171802818775,0.008091607131063938
relation_graph,cached_mixed_raw,177,0.0033440629485994577,0.0063650053925812244
relation_graph,cached_mixed_raw,178,0.004158061929047108,0.007531928364187479
relation_graph,cached_mixed_raw,179,0.0038829755503684282,0.0070866784080863
relation_graph,cached_mixed_raw,180,0.004095718264579773,0.007418674882501364
relation_graph,cached_mixed_raw,181,0.00389687716960907,0.0071392059326171875
relation_graph,cached_mixed_raw,182,0.0029742149636149406,0.005929802544414997
relation_graph,cached_mixed_raw,183,0.003377873683348298,0.006501801777631044
relation_graph,cached_mixed_raw,184,0.004044264554977417,0.007500623352825642
relation_graph,cached_mixed_raw,185,0.003784767584875226,0.007004704792052507
relation_graph,cached_mixed_raw,186,0.0034332992509007454,0.006492397747933865
relation_graph,cached_mixed_raw,187,0.0038365183863788843,0.0070708938874304295
relation_graph,cached_mixed_raw,188,0.0030008098110556602,0.00597094651311636
relation_graph,cached_mixed_raw,189,0.004263360518962145,0.0077155763283371925
relation_graph,cached_mixed_raw,190,0.003379166591912508,0.006405157502740622
relation_graph,cached_mixed_raw,191,0.0035387857351452112,0.006582224741578102
relation_graph,cached_mixed_raw,192,0.0035627991892397404,0.006692945025861263
relation_graph,cached_mixed_raw,193,0.003477875143289566,0.006708985194563866
relation_graph,cached_mixed_raw,194,0.0034884540364146233,0.006604826543480158
relation_graph,cached_mixed_raw,195,0.004033452365547419,0.007410577964037657
relation_graph,cached_mixed_raw,196,0.003337661735713482,0.006439850199967623
relation_graph,cached_mixed_raw,197,0.004428354557603598,0.007878122851252556
relation_graph,cached_mixed_raw,198,0.0036899384576827288,0.006809408776462078
relation_graph,reextracted_mixed_raw,0,0.004315482918173075,0.007725817617028952
relation_graph,reextracted_mixed_raw,1,0.003452713368460536,0.006566969212144613
relation_graph,reextracted_mixed_raw,2,0.004003206733614206,0.0073698111809790134
relation_graph,reextracted_mixed_raw,3,0.004095085430890322,0.00736795412376523
relation_graph,reextracted_mixed_raw,4,0.0034711447078734636,0.006603681016713381
relation_graph,reextracted_mixed_raw,5,0.003507680958136916,0.006717009004205465
relation_graph,reextracted_mixed_raw,6,0.003426860086619854,0.006476802285760641
relation_graph,reextracted_mixed_raw,7,0.004093959927558899,0.007421182934194803
relation_graph,reextracted_mixed_raw,8,0.0032373510766774416,0.00627890694886446
relation_graph,reextracted_mixed_raw,9,0.0048451595939695835,0.008486269973218441
relation_graph,reextracted_mixed_raw,10,0.003610669868066907,0.006765290163457394
relation_graph,reextracted_mixed_raw,11,0.003646890399977565,0.006901566404849291
relation_graph,reextracted_mixed_raw,12,0.0032659515272825956,0.006356395781040192
relation_graph,reextracted_mixed_raw,13,0.003563803620636463,0.006650085095316172
relation_graph,reextracted_mixed_raw,14,0.0034055416472256184,0.00654364051297307
relation_graph,reextracted_mixed_raw,15,0.003887271275743842,0.0072254156693816185
relation_graph,reextracted_mixed_raw,16,0.0037360205315053463,0.006886064074933529
relation_graph,reextracted_mixed_raw,17,0.0042409747838974,0.007669451180845499
relation_graph,reextracted_mixed_raw,18,0.003866705112159252,0.007193160243332386
relation_graph,reextracted_mixed_raw,19,0.0037690773606300354,0.0069518135860562325
relation_graph,reextracted_mixed_raw,20,0.003319672541692853,0.00642471993342042
relation_graph,reextracted_mixed_raw,21,0.0033324453979730606,0.006450696382671595
relation_graph,reextracted_mixed_raw,22,0.004057754296809435,0.007334284950047731
relation_graph,reextracted_mixed_raw,23,0.0033245906233787537,0.006415247917175293
relation_graph,reextracted_mixed_raw,24,0.0030020561534911394,0.005983836483210325
relation_graph,reextracted_mixed_raw,25,0.0036748803686350584,0.006886089686304331
relation_graph,reextracted_mixed_raw,26,0.0033864309079945087,0.006479948293417692
relation_graph,reextracted_mixed_raw,27,0.004351330921053886,0.007790486328303814
relation_graph,reextracted_mixed_raw,28,0.0035983920097351074,0.006709727458655834
relation_graph,reextracted_mixed_raw,29,0.0037171682342886925,0.0069343619979918
relation_graph,reextracted_mixed_raw,30,0.004033973906189203,0.007355412468314171
relation_graph,reextracted_mixed_raw,31,0.0037393448874354362,0.006980860605835915
relation_graph,reextracted_mixed_raw,32,0.003193714190274477,0.006283888127654791
relation_graph,reextracted_mixed_raw,33,0.003970123361796141,0.00725410645827651
relation_graph,reextracted_mixed_raw,34,0.0032780528999865055,0.006407713517546654
relation_graph,reextracted_mixed_raw,35,0.0037957197055220604,0.0071111032739281654
relation_graph,reextracted_mixed_raw,36,0.003423994639888406,0.006500552408397198
relation_graph,reextracted_mixed_raw,37,0.0037446015048772097,0.006962896790355444
relation_graph,reextracted_mixed_raw,38,0.0037096617743372917,0.0069213006645441055
relation_graph,reextracted_mixed_raw,39,0.0033913124352693558,0.006486373022198677
relation_graph,reextracted_mixed_raw,40,0.003944952506572008,0.007206246722489595
relation_graph,reextracted_mixed_raw,41,0.0038349865935742855,0.007142517250031233
relation_graph,reextracted_mixed_raw,42,0.0035538917873054743,0.006672283634543419
relation_graph,reextracted_mixed_raw,43,0.003523628693073988,0.006653738208115101
relation_graph,reextracted_mixed_raw,44,0.004208740312606096,0.007549955043941736
relation_graph,reextracted_mixed_raw,45,0.003721223445609212,0.006969384383410215
relation_graph,reextracted_mixed_raw,46,0.0031276647932827473,0.0061436304822564125
relation_graph,reextracted_mixed_raw,47,0.0032427876722067595,0.0062062060460448265
relation_graph,reextracted_mixed_raw,48,0.003733366494998336,0.006922298111021519
relation_graph,reextracted_mixed_raw,49,0.0034250514581799507,0.006377834361046553
relation_graph,reextracted_mixed_raw,50,0.003388072131201625,0.0064562526531517506
relation_graph,reextracted_mixed_raw,51,0.004117769189178944,0.0074690235778689384
relation_graph,reextracted_mixed_raw,52,0.0034046436194330454,0.006454240996390581
relation_graph,reextracted_mixed_raw,53,0.00396383460611105,0.007219194900244474
relation_graph,reextracted_mixed_raw,54,0.0042386348359286785,0.007701599970459938
relation_graph,reextracted_mixed_raw,55,0.003243392566218972,0.0062905605882406235
relation_graph,reextracted_mixed_raw,56,0.003766848938539624,0.006982642691582441
relation_graph,reextracted_mixed_raw,57,0.003638848662376404,0.006876873318105936
relation_graph,reextracted_mixed_raw,58,0.003951944876462221,0.007209868635982275
relation_graph,reextracted_mixed_raw,59,0.003422119887545705,0.006512523628771305
relation_graph,reextracted_mixed_raw,60,0.0040063210763037205,0.007367592770606279
relation_graph,reextracted_mixed_raw,61,0.004222389776259661,0.007591055706143379
relation_graph,reextracted_mixed_raw,62,0.004312665201723576,0.007772955112159252
relation_graph,reextracted_mixed_raw,63,0.003514243056997657,0.006521157454699278
relation_graph,reextracted_mixed_raw,64,0.0034507252275943756,0.006565156392753124
relation_graph,reextracted_mixed_raw,65,0.004068239592015743,0.007467448711395264
relation_graph,reextracted_mixed_raw,66,0.0035759953316301107,0.006662710104137659
relation_graph,reextracted_mixed_raw,67,0.003088571596890688,0.0060540977865457535
relation_graph,reextracted_mixed_raw,68,0.003262287238612771,0.0062580956146121025
relation_graph,reextracted_mixed_raw,69,0.0032812850549817085,0.00628126272931695
relation_graph,reextracted_mixed_raw,70,0.0034425705671310425,0.006560428999364376
relation_graph,reextracted_mixed_raw,71,0.0036636299919337034,0.006883035413920879
relation_graph,reextracted_mixed_raw,72,0.00311927474103868,0.006065167021006346
relation_graph,reextracted_mixed_raw,73,0.0035888305865228176,0.00682232016697526
relation_graph,reextracted_mixed_raw,74,0.0036314663011580706,0.006767545361071825
relation_graph,reextracted_mixed_raw,75,0.0035935058258473873,0.006803993601351976
relation_graph,reextracted_mixed_raw,76,0.004580271430313587,0.00812885258346796
relation_graph,reextracted_mixed_raw,77,0.004143595229834318,0.007526052184402943
relation_graph,reextracted_mixed_raw,78,0.0034766881726682186,0.0065177795477211475
relation_graph,reextracted_mixed_raw,79,0.0035840868949890137,0.006791390478610992
relation_graph,reextracted_mixed_raw,80,0.003881362732499838,0.007213788107037544
relation_graph,reextracted_mixed_raw,81,0.0035231448709964752,0.006595111917704344
relation_graph,reextracted_mixed_raw,82,0.0032404556404799223,0.006361496634781361
relation_graph,reextracted_mixed_raw,83,0.004521344322711229,0.00810351874679327
relation_graph,reextracted_mixed_raw,84,0.00397954136133194,0.007287660147994757
relation_graph,reextracted_mixed_raw,85,0.004015904385596514,0.007274771109223366
relation_graph,reextracted_mixed_raw,86,0.003436190541833639,0.006532438565045595
relation_graph,reextracted_mixed_raw,87,0.003922545351088047,0.007180402986705303
relation_graph,reextracted_mixed_raw,88,0.004567618481814861,0.008089713752269745
relation_graph,reextracted_mixed_raw,89,0.003721601329743862,0.00685251085087657
relation_graph,reextracted_mixed_raw,90,0.003707321360707283,0.006929817609488964
relation_graph,reextracted_mixed_raw,91,0.003231765003874898,0.006235737353563309
relation_graph,reextracted_mixed_raw,92,0.00424877367913723,0.007679256144911051
relation_graph,reextracted_mixed_raw,93,0.004005816299468279,0.007175859063863754
relation_graph,reextracted_mixed_raw,94,0.003595710964873433,0.006713833659887314
relation_graph,reextracted_mixed_raw,95,0.0038761550094932318,0.007067215628921986
relation_graph,reextracted_mixed_raw,96,0.0034121971111744642,0.006465032696723938
relation_graph,reextracted_mixed_raw,97,0.003732857294380665,0.006865764502435923
relation_graph,reextracted_mixed_raw,98,0.003877046750858426,0.007098749279975891
relation_graph,reextracted_mixed_raw,99,0.004041699226945639,0.007428148295730352
relation_graph,reextracted_mixed_raw,100,0.003210540395230055,0.00610871659591794
relation_graph,reextracted_mixed_raw,101,0.0037958063185214996,0.007060201372951269
relation_graph,reextracted_mixed_raw,102,0.00402293773368001,0.007304463069885969
relation_graph,reextracted_mixed_raw,103,0.0036882900167256594,0.006931853014975786
relation_graph,reextracted_mixed_raw,104,0.0038188621401786804,0.007054490502923727
relation_graph,reextracted_mixed_raw,105,0.004381251987069845,0.007868688553571701
relation_graph,reextracted_mixed_raw,106,0.0036068083718419075,0.006773226894438267
relation_graph,reextracted_mixed_raw,107,0.0035528952721506357,0.00670925946906209
relation_graph,reextracted_mixed_raw,108,0.0037733782082796097,0.006899439264088869
relation_graph,reextracted_mixed_raw,109,0.0033463244326412678,0.006398758850991726
relation_graph,reextracted_mixed_raw,110,0.003453271696344018,0.006520931608974934
relation_graph,reextracted_mixed_raw,111,0.003654330736026168,0.006716832984238863
relation_graph,reextracted_mixed_raw,112,0.003464280627667904,0.0065370281226933
relation_graph,reextracted_mixed_raw,113,0.003928058315068483,0.007203617598861456
relation_graph,reextracted_mixed_raw,114,0.0035856168251484632,0.00675812317058444
relation_graph,reextracted_mixed_raw,115,0.0031756546813994646,0.006128005217760801
relation_graph,reextracted_mixed_raw,116,0.0036138042341917753,0.006841887719929218
relation_graph,reextracted_mixed_raw,117,0.0027699421625584364,0.005642222706228495
relation_graph,reextracted_mixed_raw,118,0.0038831206038594246,0.007320701144635677
relation_graph,reextracted_mixed_raw,119,0.003937121015042067,0.0073264772072434425
relation_graph,reextracted_mixed_raw,120,0.003430084092542529,0.006534728221595287
relation_graph,reextracted_mixed_raw,121,0.0035760807804763317,0.006729088257998228
relation_graph,reextracted_mixed_raw,122,0.003768930211663246,0.006981449667364359
relation_graph,reextracted_mixed_raw,123,0.003696985309943557,0.006834655534476042
relation_graph,reextracted_mixed_raw,124,0.004180210642516613,0.007544007617980242
relation_graph,reextracted_mixed_raw,125,0.0032203986775130033,0.006219910923391581
relation_graph,reextracted_mixed_raw,126,0.0038422122597694397,0.007162455935031176
relation_graph,reextracted_mixed_raw,127,0.004158895928412676,0.007580722216516733
relation_graph,reextracted_mixed_raw,128,0.0032690998632460833,0.006347221788018942
relation_graph,reextracted_mixed_raw,129,0.0038164060097187757,0.007073059678077698
relation_graph,reextracted_mixed_raw,130,0.004316543694585562,0.007734174374490976
relation_graph,reextracted_mixed_raw,131,0.004541685804724693,0.008060059510171413
relation_graph,reextracted_mixed_raw,132,0.003258524229750037,0.0062577733770012856
relation_graph,reextracted_mixed_raw,133,0.0031693989876657724,0.006168135907500982
relation_graph,reextracted_mixed_raw,134,0.003762309905141592,0.006930056493729353
relation_graph,reextracted_mixed_raw,135,0.003474996890872717,0.006521000526845455
relation_graph,reextracted_mixed_raw,136,0.0032385368831455708,0.006309024523943663
relation_graph,reextracted_mixed_raw,137,0.00361578818410635,0.006747210398316383
relation_graph,reextracted_mixed_raw,138,0.0030871438793838024,0.005956053268164396
relation_graph,reextracted_mixed_raw,139,0.003256560768932104,0.006281066220253706
relation_graph,reextracted_mixed_raw,140,0.0033041757997125387,0.006336275953799486
relation_graph,reextracted_mixed_raw,141,0.0032445923425257206,0.006270593032240868
relation_graph,reextracted_mixed_raw,142,0.0038233399391174316,0.0071463738568127155
relation_graph,reextracted_mixed_raw,143,0.003726391587406397,0.006896768696606159
relation_graph,reextracted_mixed_raw,144,0.0030361309181898832,0.005963541567325592
relation_graph,reextracted_mixed_raw,145,0.0039614965207874775,0.007262978237122297
relation_graph,reextracted_mixed_raw,146,0.004513994324952364,0.008105332963168621
relation_graph,reextracted_mixed_raw,147,0.00398925319314003,0.007296399679034948
relation_graph,reextracted_mixed_raw,148,0.004072592593729496,0.007452780846506357
relation_graph,reextracted_mixed_raw,149,0.003852774854749441,0.0071542588993906975
relation_graph,reextracted_mixed_raw,150,0.004272389691323042,0.007784302346408367
relation_graph,reextracted_mixed_raw,151,0.0038355879951268435,0.007118456996977329
relation_graph,reextracted_mixed_raw,152,0.002980552613735199,0.005767397116869688
relation_graph,reextracted_mixed_raw,153,0.003430316224694252,0.006482105236500502
relation_graph,reextracted_mixed_raw,154,0.003994101192802191,0.007271739188581705
relation_graph,reextracted_mixed_raw,155,0.003255500691011548,0.006318921688944101
relation_graph,reextracted_mixed_raw,156,0.004313243553042412,0.0076973228715360165
relation_graph,reextracted_mixed_raw,157,0.003678062232211232,0.006862972863018513
relation_graph,reextracted_mixed_raw,158,0.004221981856971979,0.007650285493582487
relation_graph,reextracted_mixed_raw,159,0.003415238345041871,0.006579720415174961
relation_graph,reextracted_mixed_raw,160,0.0044059171341359615,0.007858708500862122
relation_graph,reextracted_mixed_raw,161,0.003649488789960742,0.006890525110065937
relation_graph,reextracted_mixed_raw,162,0.003285954473540187,0.006258766632527113
relation_graph,reextracted_mixed_raw,163,0.003993356600403786,0.007271953392773867
relation_graph,reextracted_mixed_raw,164,0.003623194294050336,0.006899141240864992
relation_graph,reextracted_mixed_raw,165,0.004077382851392031,0.007330015767365694
relation_graph,reextracted_mixed_raw,166,0.003892457578331232,0.007110388018190861
relation_graph,reextracted_mixed_raw,167,0.0029992021154612303,0.005937050562351942
relation_graph,reextracted_mixed_raw,168,0.003723541274666786,0.006956585217267275
relation_graph,reextracted_mixed_raw,169,0.003268052823841572,0.006254628300666809
relation_graph,reextracted_mixed_raw,170,0.003440096275880933,0.006535223685204983
relation_graph,reextracted_mixed_raw,171,0.0032444156240671873,0.006256191059947014
relation_graph,reextracted_mixed_raw,172,0.004436664283275604,0.008000730536878109
relation_graph,reextracted_mixed_raw,173,0.003613152774050832,0.006799931172281504
relation_graph,reextracted_mixed_raw,174,0.003980719484388828,0.007360972464084625
relation_graph,reextracted_mixed_raw,175,0.0041433642618358135,0.007539955899119377
relation_graph,reextracted_mixed_raw,176,0.0034580968786031008,0.0065734670497477055
relation_graph,reextracted_mixed_raw,177,0.0035114160273224115,0.00660715764388442
relation_graph,reextracted_mixed_raw,178,0.0038299195002764463,0.007132889237254858
relation_graph,reextracted_mixed_raw,179,0.0036622434854507446,0.006781138014048338
relation_graph,reextracted_mixed_raw,180,0.004088457208126783,0.007384144235402346
relation_graph,reextracted_mixed_raw,181,0.003818770404905081,0.007032467983663082
relation_graph,reextracted_mixed_raw,182,0.0032230159267783165,0.006275830324739218
relation_graph,reextracted_mixed_raw,183,0.0030326589476317167,0.006012072321027517
relation_graph,reextracted_mixed_raw,184,0.0034492576960474253,0.006511217448860407
relation_graph,reextracted_mixed_raw,185,0.0030952885281294584,0.006019508466124535
relation_graph,reextracted_mixed_raw,186,0.003219631500542164,0.006236528046429157
relation_graph,reextracted_mixed_raw,187,0.002975979819893837,0.00585185457020998
relation_graph,reextracted_mixed_raw,188,0.004103046841919422,0.007479632273316383
relation_graph,reextracted_mixed_raw,189,0.00325276842340827,0.006234194152057171
relation_graph,reextracted_mixed_raw,190,0.003708646399900317,0.006990618538111448
relation_graph,reextracted_mixed_raw,191,0.004781285300850868,0.008376956917345524
relation_graph,reextracted_mixed_raw,192,0.0034934903960675,0.00668403459712863
relation_graph,reextracted_mixed_raw,193,0.003948028665035963,0.007348647341132164
relation_graph,reextracted_mixed_raw,194,0.0033826669678092003,0.006497249472886324
relation_graph,reextracted_mixed_raw,195,0.003846972482278943,0.00716310553252697
relation_graph,reextracted_mixed_raw,196,0.003376494627445936,0.00642222398892045
relation_graph,reextracted_mixed_raw,197,0.003533774521201849,0.006715862080454826
relation_graph,reextracted_mixed_raw,198,0.0035331647377461195,0.006677553988993168
relation_graph,cached_truncated_raw,0,0.0031168924178928137,-0.003658491186797619
relation_graph,cached_truncated_raw,1,0.003251926973462105,-0.0034877927973866463
relation_graph,cached_truncated_raw,2,0.0032106570433825254,-0.0036394752096384764
relation_graph,cached_truncated_raw,3,0.003171309595927596,-0.0036669669207185507
relation_graph,cached_truncated_raw,4,0.003102655056864023,-0.0036732370499521494
relation_graph,cached_truncated_raw,5,0.003214636817574501,-0.003445952432230115
relation_graph,cached_truncated_raw,6,0.0029483241960406303,-0.003977245185524225
relation_graph,cached_truncated_raw,7,0.0032376479357481003,-0.0035569630563259125
relation_graph,cached_truncated_raw,8,0.0030080073047429323,-0.003969709388911724
relation_graph,cached_truncated_raw,9,0.003067248733714223,-0.0036989611107856035
relation_graph,cached_truncated_raw,10,0.003178067272529006,-0.0036266418173909187
relation_graph,cached_truncated_raw,11,0.002880058716982603,-0.004137497395277023
relation_graph,cached_truncated_raw,12,0.003551263129338622,-0.003130850847810507
relation_graph,cached_truncated_raw,13,0.003144100308418274,-0.003645705059170723
relation_graph,cached_truncated_raw,14,0.003275875234976411,-0.0035471285227686167
relation_graph,cached_truncated_raw,15,0.0036427814047783613,-0.0029706587083637714
relation_graph,cached_truncated_raw,16,0.00321655860170722,-0.0035717657301574945
relation_graph,cached_truncated_raw,17,0.0032776049338281155,-0.003525378415361047
relation_graph,cached_truncated_raw,18,0.0034011101815849543,-0.0033337369095534086
relation_graph,cached_truncated_raw,19,0.0030701509676873684,-0.0037682971451431513
relation_graph,cached_truncated_raw,20,0.00324626243673265,-0.003429928096011281
relation_graph,cached_truncated_raw,21,0.0030495692044496536,-0.0038251508958637714
relation_graph,cached_truncated_raw,22,0.003547264263033867,-0.0031148954294621944
relation_graph,cached_truncated_raw,23,0.003304010024294257,-0.003469733987003565
relation_graph,cached_truncated_raw,24,0.003106225747615099,-0.003734798403456807
relation_graph,cached_truncated_raw,25,0.0033401576802134514,-0.00352205871604383
relation_graph,cached_truncated_raw,26,0.0032094321213662624,-0.0035580433905124664
relation_graph,cached_truncated_raw,27,0.003377540735527873,-0.0032796994782984257
relation_graph,cached_truncated_raw,28,0.0031453208066523075,-0.003615037305280566
relation_graph,cached_truncated_raw,29,0.0028707573655992746,-0.004075451288372278
relation_graph,cached_truncated_raw,30,0.0032796745654195547,-0.0034408264327794313
relation_graph,cached_truncated_raw,31,0.0030283620581030846,-0.0038953605107963085
relation_graph,cached_truncated_raw,32,0.0031212391331791878,-0.003758754814043641
relation_graph,cached_truncated_raw,33,0.0031668965239077806,-0.0036190426908433437
relation_graph,cached_truncated_raw,34,0.003280472010374069,-0.0035519266966730356
relation_graph,cached_truncated_raw,35,0.0030292533338069916,-0.003928160294890404
relation_graph,cached_truncated_raw,36,0.0035432439763098955,-0.0031221250537782907
relation_graph,cached_truncated_raw,37,0.0032005987595766783,-0.0035239122807979584
relation_graph,cached_truncated_raw,38,0.002870881464332342,-0.00408815685659647
relation_graph,cached_truncated_raw,39,0.0029809961561113596,-0.003861458506435156
relation_graph,cached_truncated_raw,40,0.0034708548337221146,-0.0033397271763533354
relation_graph,cached_truncated_raw,41,0.003037807298824191,-0.003832621267065406
relation_graph,cached_truncated_raw,42,0.0034308612812310457,-0.003408396616578102
relation_graph,cached_truncated_raw,43,0.0029793952126055956,-0.003965689335018396
relation_graph,cached_truncated_raw,44,0.0034298591781407595,-0.003220138605684042
relation_graph,cached_truncated_raw,45,0.00355783523991704,-0.003130171215161681
relation_graph,cached_truncated_raw,46,0.0034501783084124327,-0.0032840215135365725
relation_graph,cached_truncated_raw,47,0.0033255876041948795,-0.003435604041442275
relation_graph,cached_truncated_raw,48,0.003464560955762863,-0.003156133694574237
relation_graph,cached_truncated_raw,49,0.0030321329832077026,-0.003899267176166177
relation_graph,cached_truncated_raw,50,0.0032230783253908157,-0.003486862638965249
relation_graph,cached_truncated_raw,51,0.0032527553848922253,-0.0035322895273566246
relation_graph,cached_truncated_raw,52,0.003438041778281331,-0.0033192031551152468
relation_graph,cached_truncated_raw,53,0.00357869453728199,-0.0031424483750015497
relation_graph,cached_truncated_raw,54,0.0035097638610750437,-0.0031568726990371943
relation_graph,cached_truncated_raw,55,0.003574528731405735,-0.0030595457646995783
relation_graph,cached_truncated_raw,56,0.0034222404938191175,-0.003337577451020479
relation_graph,cached_truncated_raw,57,0.0035161918494850397,-0.003188790986314416
relation_graph,cached_truncated_raw,58,0.003044070675969124,-0.0037572449073195457
relation_graph,cached_truncated_raw,59,0.003385194344446063,-0.003319483483210206
relation_graph,cached_truncated_raw,60,0.0029148352332413197,-0.004050828516483307
relation_graph,cached_truncated_raw,61,0.0033249766565859318,-0.0034928624518215656
relation_graph,cached_truncated_raw,62,0.0031374965328723192,-0.003700860310345888
relation_graph,cached_truncated_raw,63,0.0033561871387064457,-0.003298975294455886
relation_graph,cached_truncated_raw,64,0.0035131252370774746,-0.003096633357927203
relation_graph,cached_truncated_raw,65,0.0033320426009595394,-0.003560934215784073
relation_graph,cached_truncated_raw,66,0.0027784467674791813,-0.0042879325337708
relation_graph,cached_truncated_raw,67,0.003181732026860118,-0.0035924112889915705
relation_graph,cached_truncated_raw,68,0.0031627314165234566,-0.003632540116086602
relation_graph,cached_truncated_raw,69,0.0031045107170939445,-0.003747793613001704
relation_graph,cached_truncated_raw,70,0.0028510047122836113,-0.004137877840548754
relation_graph,cached_truncated_raw,71,0.003217436606064439,-0.0036297589540481567
relation_graph,cached_truncated_raw,72,0.0033324009273201227,-0.0033337431959807873
relation_graph,cached_truncated_raw,73,0.0031599998474121094,-0.00360090471804142
relation_graph,cached_truncated_raw,74,0.002890254370868206,-0.004020276013761759
relation_graph,cached_truncated_raw,75,0.003281234297901392,-0.0035270422231405973
relation_graph,cached_truncated_raw,76,0.0030323141254484653,-0.003913240507245064
relation_graph,cached_truncated_raw,77,0.0032293659169226885,-0.0035137932281941175
relation_graph,cached_truncated_raw,78,0.0033497207332402468,-0.003408333519473672
relation_graph,cached_truncated_raw,79,0.002904732944443822,-0.0040318528190255165
relation_graph,cached_truncated_raw,80,0.0029026223346590996,-0.003970792051404715
relation_graph,cached_truncated_raw,81,0.00334135047160089,-0.00342260068282485
relation_graph,cached_truncated_raw,82,0.003011058084666729,-0.003761718748137355
relation_graph,cached_truncated_raw,83,0.0032043461687862873,-0.003404563758522272
relation_graph,cached_truncated_raw,84,0.0032539390958845615,-0.003537049749866128
relation_graph,cached_truncated_raw,85,0.003280873177573085,-0.0035034865140914917
relation_graph,cached_truncated_raw,86,0.0031402474269270897,-0.0037532635033130646
relation_graph,cached_truncated_raw,87,0.0029105604626238346,-0.003929824568331242
relation_graph,cached_truncated_raw,88,0.0033511726651340723,-0.0034516965970396996
relation_graph,cached_truncated_raw,89,0.0027140669990330935,-0.0042622266337275505
relation_graph,cached_truncated_raw,90,0.003484422340989113,-0.0031432604882866144
relation_graph,cached_truncated_raw,91,0.0031829385552555323,-0.003569908905774355
relation_graph,cached_truncated_raw,92,0.002636185148730874,-0.004348488058894873
relation_graph,cached_truncated_raw,93,0.002918211044743657,-0.0040782843716442585
relation_graph,cached_truncated_raw,94,0.0033197931479662657,-0.0033953555393964052
relation_graph,cached_truncated_raw,95,0.003031403524801135,-0.003764729481190443
relation_graph,cached_truncated_raw,96,0.003139470936730504,-0.003599296323955059
relation_graph,cached_truncated_raw,97,0.0033879303373396397,-0.003235188312828541
relation_graph,cached_truncated_raw,98,0.0030642030760645866,-0.0038394599687308073
relation_graph,cached_truncated_raw,99,0.00290055968798697,-0.003935833927243948
relation_graph,cached_truncated_raw,100,0.00373223889619112,-0.0028269903268665075
relation_graph,cached_truncated_raw,101,0.0028094102162867785,-0.004194165114313364
relation_graph,cached_truncated_raw,102,0.003102091373875737,-0.0037136070895940065
relation_graph,cached_truncated_raw,103,0.0028806033078581095,-0.004132781643420458
relation_graph,cached_truncated_raw,104,0.00319520290941,-0.0036872727796435356
relation_graph,cached_truncated_raw,105,0.0033596090506762266,-0.003310177009552717
relation_graph,cached_truncated_raw,106,0.002973750699311495,-0.004003109410405159
relation_graph,cached_truncated_raw,107,0.0033323054667562246,-0.00342423003166914
relation_graph,cached_truncated_raw,108,0.0031826139893382788,-0.0035947575233876705
relation_graph,cached_truncated_raw,109,0.0032865123357623816,-0.0035665377508848906
relation_graph,cached_truncated_raw,110,0.0027315670158714056,-0.00424308143556118
relation_graph,cached_truncated_raw,111,0.0031372965313494205,-0.0036486962344497442
relation_graph,cached_truncated_raw,112,0.003159605199471116,-0.0036679990589618683
relation_graph,cached_truncated_raw,113,0.0036019454710185528,-0.003040904179215431
relation_graph,cached_truncated_raw,114,0.003401900641620159,-0.0033075374085456133
relation_graph,cached_truncated_raw,115,0.002699947217479348,-0.004345032852143049
relation_graph,cached_truncated_raw,116,0.0034512735437601805,-0.0032577142119407654
relation_graph,cached_truncated_raw,117,0.003526234533637762,-0.003192882053554058
relation_graph,cached_truncated_raw,118,0.003124009817838669,-0.0036644244100898504
relation_graph,cached_truncated_raw,119,0.003073026891797781,-0.0038212090730667114
relation_graph,cached_truncated_raw,120,0.003107953816652298,-0.003690905636176467
relation_graph,cached_truncated_raw,121,0.0033262078650295734,-0.003490929491817951
relation_graph,cached_truncated_raw,122,0.00311086792498827,-0.0037209568545222282
relation_graph,cached_truncated_raw,123,0.0030871860217303038,-0.003707894589751959
relation_graph,cached_truncated_raw,124,0.003113068174570799,-0.0037932759150862694
relation_graph,cached_truncated_raw,125,0.003344557713717222,-0.0033890842460095882
relation_graph,cached_truncated_raw,126,0.003547155763953924,-0.003030814928933978
relation_graph,cached_truncated_raw,127,0.0033332263119518757,-0.003248450346291065
relation_graph,cached_truncated_raw,128,0.003010998945683241,-0.0038129633758217096
relation_graph,cached_truncated_raw,129,0.0031169492285698652,-0.0036758731584995985
relation_graph,cached_truncated_raw,130,0.0032616162206977606,-0.003460355568677187
relation_graph,cached_truncated_raw,131,0.003277210984379053,-0.00352471717633307
relation_graph,cached_truncated_raw,132,0.0026821200735867023,-0.004294669721275568
relation_graph,cached_truncated_raw,133,0.003135032719001174,-0.0036617673467844725
relation_graph,cached_truncated_raw,134,0.002976772142574191,-0.003884662874042988
relation_graph,cached_truncated_raw,135,0.0036276238970458508,-0.0029679727740585804
relation_graph,cached_truncated_raw,136,0.0026577352546155453,-0.004387406632304192
relation_graph,cached_truncated_raw,137,0.003357367590069771,-0.0034083581995218992
relation_graph,cached_truncated_raw,138,0.0037054650019854307,-0.0028787218034267426
relation_graph,cached_truncated_raw,139,0.003110045799985528,-0.0037256639916449785
relation_graph,cached_truncated_raw,140,0.0029258676804602146,-0.0038636731915175915
relation_graph,cached_truncated_raw,141,0.003303184872493148,-0.0035410395357757807
relation_graph,cached_truncated_raw,142,0.0032639747951179743,-0.0034977616742253304
relation_graph,cached_truncated_raw,143,0.003136454848572612,-0.003716917708516121
relation_graph,cached_truncated_raw,144,0.0033566257916390896,-0.003328808816149831
relation_graph,cached_truncated_raw,145,0.003265609499067068,-0.0034988969564437866
relation_graph,cached_truncated_raw,146,0.0030811908654868603,-0.00378364697098732
relation_graph,cached_truncated_raw,147,0.003605893347412348,-0.002997560193762183
relation_graph,cached_truncated_raw,148,0.00331726367585361,-0.0033790345769375563
relation_graph,cached_truncated_raw,149,0.0027672969736158848,-0.004309839569032192
relation_graph,cached_truncated_raw,150,0.0031031083781272173,-0.0037105842493474483
relation_graph,cached_truncated_raw,151,0.0033100859727710485,-0.0034658401273190975
relation_graph,cached_truncated_raw,152,0.0031697330996394157,-0.0034668445587158203
relation_graph,cached_truncated_raw,153,0.0032832524739205837,-0.0034652194008231163
relation_graph,cached_truncated_raw,154,0.002957215765491128,-0.003915078472346067
relation_graph,cached_truncated_raw,155,0.0031665735878050327,-0.003541005542501807
relation_graph,cached_truncated_raw,156,0.0032910839654505253,-0.0034322335850447416
relation_graph,cached_truncated_raw,157,0.0030601578764617443,-0.0037338240072131157
relation_graph,cached_truncated_raw,158,0.002437618328258395,-0.004792532417923212
relation_graph,cached_truncated_raw,159,0.0032802599016577005,-0.003520907834172249
relation_graph,cached_truncated_raw,160,0.003182587679475546,-0.0036820017267018557
relation_graph,cached_truncated_raw,161,0.002955047879368067,-0.00394877465441823
relation_graph,cached_truncated_raw,162,0.003010434564203024,-0.0037991837598383427
relation_graph,cached_truncated_raw,163,0.0028122360818088055,-0.00418506283313036
relation_graph,cached_truncated_raw,164,0.0033771460875868797,-0.0033184450585395098
relation_graph,cached_truncated_raw,165,0.003353264182806015,-0.0034650799352675676
relation_graph,cached_truncated_raw,166,0.00330212339758873,-0.003506029723212123
relation_graph,cached_truncated_raw,167,0.0033872167114168406,-0.003410221543163061
relation_graph,cached_truncated_raw,168,0.003549520391970873,-0.003204965963959694
relation_graph,cached_truncated_raw,169,0.0032142652198672295,-0.0035897267516702414
relation_graph,cached_truncated_raw,170,0.003126650582998991,-0.0037683795671910048
relation_graph,cached_truncated_raw,171,0.0031074783764779568,-0.003730600932613015
relation_graph,cached_truncated_raw,172,0.0032887535635381937,-0.0035293905530124903
relation_graph,cached_truncated_raw,173,0.0036799078807234764,-0.0029557717498391867
relation_graph,cached_truncated_raw,174,0.0032735485583543777,-0.003431159071624279
relation_graph,cached_truncated_raw,175,0.0032678276766091585,-0.003535149386152625
relation_graph,cached_truncated_raw,176,0.003439003834500909,-0.003148198127746582
relation_graph,cached_truncated_raw,177,0.0031955703161656857,-0.0036139399744570255
relation_graph,cached_truncated_raw,178,0.003256474155932665,-0.0035183841828256845
relation_graph,cached_truncated_raw,179,0.0033243917860090733,-0.003394692437723279
relation_graph,cached_truncated_raw,180,0.003141280496492982,-0.0036801830865442753
relation_graph,cached_truncated_raw,181,0.0035432542208582163,-0.0030937606934458017
relation_graph,cached_truncated_raw,182,0.0028686190489679575,-0.004247922915965319
relation_graph,cached_truncated_raw,183,0.0033490536734461784,-0.0033283433876931667
relation_graph,cached_truncated_raw,184,0.0032744514755904675,-0.0034753901418298483
relation_graph,cached_truncated_raw,185,0.0037057094741612673,-0.002974590053781867
relation_graph,cached_truncated_raw,186,0.0036505255848169327,-0.002947094850242138
relation_graph,cached_truncated_raw,187,0.0032971608452498913,-0.0034953108988702297
relation_graph,cached_truncated_raw,188,0.0033235291484743357,-0.003372780978679657
relation_graph,cached_truncated_raw,189,0.0031803918536752462,-0.0035962313413619995
relation_graph,cached_truncated_raw,190,0.0029568516183644533,-0.0038996352814137936
relation_graph,cached_truncated_raw,191,0.0030316668562591076,-0.0038196707610040903
relation_graph,cached_truncated_raw,192,0.003126411931589246,-0.0037439025472849607
relation_graph,cached_truncated_raw,193,0.0034457617439329624,-0.0032253144308924675
relation_graph,cached_truncated_raw,194,0.003277118317782879,-0.0034737028181552887
relation_graph,cached_truncated_raw,195,0.0030474828090518713,-0.003819194622337818
relation_graph,cached_truncated_raw,196,0.003030977677553892,-0.003780650207772851
relation_graph,cached_truncated_raw,197,0.003436469938606024,-0.003288055770099163
relation_graph,cached_truncated_raw,198,0.0032270473893731833,-0.0035190433263778687
relation_graph,consistent_block_raw,0,-0.061007607728242874,-0.0730917826294899
relation_graph,consistent_block_raw,1,-0.06045523285865784,-0.07233170419931412
relation_graph,consistent_block_raw,2,-0.060541097074747086,-0.07240619510412216
relation_graph,consistent_block_raw,3,-0.060621440410614014,-0.07254496961832047
relation_graph,consistent_block_raw,4,-0.06048087403178215,-0.07231054455041885
relation_graph,consistent_block_raw,5,-0.06048157066106796,-0.07229990512132645
relation_graph,consistent_block_raw,6,-0.06055997684597969,-0.07245124131441116
relation_graph,consistent_block_raw,7,-0.06074763461947441,-0.07264445722103119
relation_graph,consistent_block_raw,8,-0.06035539135336876,-0.07208912074565887
relation_graph,consistent_block_raw,9,-0.060336142778396606,-0.07209819555282593
relation_graph,consistent_block_raw,10,-0.06065065786242485,-0.07258367538452148
relation_graph,consistent_block_raw,11,-0.060973167419433594,-0.07303492724895477
relation_graph,consistent_block_raw,12,-0.06060837209224701,-0.07252270728349686
relation_graph,consistent_block_raw,13,-0.06079179048538208,-0.07275135070085526
relation_graph,consistent_block_raw,14,-0.06063879653811455,-0.07255002111196518
relation_graph,consistent_block_raw,15,-0.060682348906993866,-0.07263502478599548
relation_graph,consistent_block_raw,16,-0.06053028255701065,-0.07235546410083771
relation_graph,consistent_block_raw,17,-0.06064402684569359,-0.07255188375711441
relation_graph,consistent_block_raw,18,-0.06080394983291626,-0.07278461754322052
relation_graph,consistent_block_raw,19,-0.061035022139549255,-0.0730520561337471
relation_graph,consistent_block_raw,20,-0.06077069416642189,-0.07273577898740768
relation_graph,consistent_block_raw,21,-0.06092626973986626,-0.07307331264019012
relation_graph,consistent_block_raw,22,-0.06049318611621857,-0.07236389815807343
relation_graph,consistent_block_raw,23,-0.060731709003448486,-0.07270330935716629
relation_graph,consistent_block_raw,24,-0.06081092357635498,-0.07276024669408798
relation_graph,consistent_block_raw,25,-0.06052899360656738,-0.07230624556541443
relation_graph,consistent_block_raw,26,-0.06064452975988388,-0.07263076305389404
relation_graph,consistent_block_raw,27,-0.060402631759643555,-0.07218466699123383
relation_graph,consistent_block_raw,28,-0.060745853930711746,-0.0726986899971962
relation_graph,consistent_block_raw,29,-0.06077636033296585,-0.07281079888343811
relation_graph,consistent_block_raw,30,-0.0601237416267395,-0.07177098095417023
relation_graph,consistent_block_raw,31,-0.06078733131289482,-0.07278160005807877
relation_graph,consistent_block_raw,32,-0.060914814472198486,-0.07295705378055573
relation_graph,consistent_block_raw,33,-0.060492318123579025,-0.07234939932823181
relation_graph,consistent_block_raw,34,-0.06051655113697052,-0.07240316271781921
relation_graph,consistent_block_raw,35,-0.06098023056983948,-0.07303030043840408
relation_graph,consistent_block_raw,36,-0.0606391504406929,-0.07259713113307953
relation_graph,consistent_block_raw,37,-0.060682740062475204,-0.0725986436009407
relation_graph,consistent_block_raw,38,-0.06055857986211777,-0.07245248556137085
relation_graph,consistent_block_raw,39,-0.06083441898226738,-0.07277911901473999
relation_graph,consistent_block_raw,40,-0.0606132410466671,-0.07255707681179047
relation_graph,consistent_block_raw,41,-0.06075061112642288,-0.07267419248819351
relation_graph,consistent_block_raw,42,-0.060519739985466,-0.07238636165857315
relation_graph,consistent_block_raw,43,-0.06056654453277588,-0.07248461246490479
relation_graph,consistent_block_raw,44,-0.0607263557612896,-0.07261446118354797
relation_graph,consistent_block_raw,45,-0.060916006565093994,-0.0729396641254425
relation_graph,consistent_block_raw,46,-0.060585375875234604,-0.07246818393468857
relation_graph,consistent_block_raw,47,-0.060514383018016815,-0.0724157989025116
relation_graph,consistent_block_raw,48,-0.060940392315387726,-0.07298493385314941
relation_graph,consistent_block_raw,49,-0.06051841750741005,-0.07239443808794022
relation_graph,consistent_block_raw,50,-0.06054910644888878,-0.0723782479763031
relation_graph,consistent_block_raw,51,-0.060725923627614975,-0.07266350835561752
relation_graph,consistent_block_raw,52,-0.06074950844049454,-0.07271716743707657
relation_graph,consistent_block_raw,53,-0.060478609055280685,-0.072352834045887
relation_graph,consistent_block_raw,54,-0.06084651127457619,-0.07284413278102875
relation_graph,consistent_block_raw,55,-0.06041434779763222,-0.07217886298894882
relation_graph,consistent_block_raw,56,-0.06067539379000664,-0.07261469215154648
relation_graph,consistent_block_raw,57,-0.060582127422094345,-0.07249059528112411
relation_graph,consistent_block_raw,58,-0.06032661721110344,-0.07205632328987122
relation_graph,consistent_block_raw,59,-0.06073629483580589,-0.07272407412528992
relation_graph,consistent_block_raw,60,-0.0606544129550457,-0.07255253940820694
relation_graph,consistent_block_raw,61,-0.0608353391289711,-0.0728854313492775
relation_graph,consistent_block_raw,62,-0.060493044555187225,-0.07234667986631393
relation_graph,consistent_block_raw,63,-0.06063997372984886,-0.0726148784160614
relation_graph,consistent_block_raw,64,-0.06031391769647598,-0.07209648936986923
relation_graph,consistent_block_raw,65,-0.06062248721718788,-0.07255643606185913
relation_graph,consistent_block_raw,66,-0.060493431985378265,-0.07232075184583664
relation_graph,consistent_block_raw,67,-0.06031585857272148,-0.07202163338661194
relation_graph,consistent_block_raw,68,-0.06069115176796913,-0.07255127280950546
relation_graph,consistent_block_raw,69,-0.06071779876947403,-0.07270935922861099
relation_graph,consistent_block_raw,70,-0.0606810599565506,-0.07255838066339493
relation_graph,consistent_block_raw,71,-0.06092800572514534,-0.07293559610843658
relation_graph,consistent_block_raw,72,-0.06059122085571289,-0.07248464971780777
relation_graph,consistent_block_raw,73,-0.060778744518756866,-0.07279180735349655
relation_graph,consistent_block_raw,74,-0.06026463210582733,-0.07202030718326569
relation_graph,consistent_block_raw,75,-0.0603649728000164,-0.0721321627497673
relation_graph,consistent_block_raw,76,-0.06081348657608032,-0.0727374330163002
relation_graph,consistent_block_raw,77,-0.06066002696752548,-0.07260368764400482
relation_graph,consistent_block_raw,78,-0.060509052127599716,-0.07240574061870575
relation_graph,consistent_block_raw,79,-0.060491643846035004,-0.0723530650138855
relation_graph,consistent_block_raw,80,-0.060824573040008545,-0.07288328558206558
relation_graph,consistent_block_raw,81,-0.06057453155517578,-0.07240061461925507
relation_graph,consistent_block_raw,82,-0.06053846329450607,-0.07231797277927399
relation_graph,consistent_block_raw,83,-0.06072137504816055,-0.07268726825714111
relation_graph,consistent_block_raw,84,-0.06045195087790489,-0.07229816913604736
relation_graph,consistent_block_raw,85,-0.060414157807826996,-0.07221583276987076
relation_graph,consistent_block_raw,86,-0.060555312782526016,-0.07241818308830261
relation_graph,consistent_block_raw,87,-0.06086962670087814,-0.0729217678308487
relation_graph,consistent_block_raw,88,-0.060568537563085556,-0.07243113219738007
relation_graph,consistent_block_raw,89,-0.06059802323579788,-0.07242659479379654
relation_graph,consistent_block_raw,90,-0.06075135990977287,-0.07274125516414642
relation_graph,consistent_block_raw,91,-0.060668207705020905,-0.07257380336523056
relation_graph,consistent_block_raw,92,-0.06066747009754181,-0.07262647897005081
relation_graph,consistent_block_raw,93,-0.06065366417169571,-0.0725535973906517
relation_graph,consistent_block_raw,94,-0.06075344979763031,-0.07275751978158951
relation_graph,consistent_block_raw,95,-0.06064661964774132,-0.0725632756948471
relation_graph,consistent_block_raw,96,-0.060700673609972,-0.07263122498989105
relation_graph,consistent_block_raw,97,-0.06047802418470383,-0.07236795872449875
relation_graph,consistent_block_raw,98,-0.06053641811013222,-0.07236535847187042
relation_graph,consistent_block_raw,99,-0.060695111751556396,-0.0726127177476883
relation_graph,consistent_block_raw,100,-0.06063507869839668,-0.07255242764949799
relation_graph,consistent_block_raw,101,-0.06101129204034805,-0.07299518585205078
relation_graph,consistent_block_raw,102,-0.06050810590386391,-0.07235843688249588
relation_graph,consistent_block_raw,103,-0.060490332543849945,-0.07236190140247345
relation_graph,consistent_block_raw,104,-0.06090281158685684,-0.07296640425920486
relation_graph,consistent_block_raw,105,-0.06069692596793175,-0.07265033572912216
relation_graph,consistent_block_raw,106,-0.0610470175743103,-0.07308509945869446
relation_graph,consistent_block_raw,107,-0.06050483509898186,-0.07231666147708893
relation_graph,consistent_block_raw,108,-0.06060782074928284,-0.07242224365472794
relation_graph,consistent_block_raw,109,-0.06031573563814163,-0.07206130772829056
relation_graph,consistent_block_raw,110,-0.06102737411856651,-0.0730615183711052
relation_graph,consistent_block_raw,111,-0.06052001565694809,-0.0724213495850563
relation_graph,consistent_block_raw,112,-0.06048847362399101,-0.07241172343492508
relation_graph,consistent_block_raw,113,-0.06076841056346893,-0.07266461104154587
relation_graph,consistent_block_raw,114,-0.06079089269042015,-0.07278697192668915
relation_graph,consistent_block_raw,115,-0.06063176319003105,-0.07250946760177612
relation_graph,consistent_block_raw,116,-0.060657285153865814,-0.0725366398692131
relation_graph,consistent_block_raw,117,-0.060848187655210495,-0.07284585386514664
relation_graph,consistent_block_raw,118,-0.06081560626626015,-0.07281120121479034
relation_graph,consistent_block_raw,119,-0.060716744512319565,-0.07264740020036697
relation_graph,consistent_block_raw,120,-0.06084197014570236,-0.07281872630119324
relation_graph,consistent_block_raw,121,-0.060597535222768784,-0.07245489209890366
relation_graph,consistent_block_raw,122,-0.06039317697286606,-0.07226310670375824
relation_graph,consistent_block_raw,123,-0.06059872731566429,-0.07249654084444046
relation_graph,consistent_block_raw,124,-0.06087872013449669,-0.07289166748523712
relation_graph,consistent_block_raw,125,-0.0608069971203804,-0.07279983162879944
relation_graph,consistent_block_raw,126,-0.06057174131274223,-0.07251334935426712
relation_graph,consistent_block_raw,127,-0.06042872369289398,-0.07226403802633286
relation_graph,consistent_block_raw,128,-0.06033249944448471,-0.07213782519102097
relation_graph,consistent_block_raw,129,-0.06056918948888779,-0.07244087755680084
relation_graph,consistent_block_raw,130,-0.06053243577480316,-0.07236965000629425
relation_graph,consistent_block_raw,131,-0.060615383088588715,-0.07254629582166672
relation_graph,consistent_block_raw,132,-0.060559920966625214,-0.07240170985460281
relation_graph,consistent_block_raw,133,-0.06084815040230751,-0.07279416173696518
relation_graph,consistent_block_raw,134,-0.06073380634188652,-0.07272917777299881
relation_graph,consistent_block_raw,135,-0.06041395664215088,-0.0722116008400917
relation_graph,consistent_block_raw,136,-0.06074317917227745,-0.07273534685373306
relation_graph,consistent_block_raw,137,-0.0607677660882473,-0.07281230390071869
relation_graph,consistent_block_raw,138,-0.060832034796476364,-0.0727420300245285
relation_graph,consistent_block_raw,139,-0.060411058366298676,-0.07228483259677887
relation_graph,consistent_block_raw,140,-0.06080272048711777,-0.07277942448854446
relation_graph,consistent_block_raw,141,-0.06046741455793381,-0.07229815423488617
relation_graph,consistent_block_raw,142,-0.0606423020362854,-0.0725507140159607
relation_graph,consistent_block_raw,143,-0.06088683381676674,-0.07286526262760162
relation_graph,consistent_block_raw,144,-0.060715194791555405,-0.07268590480089188
relation_graph,consistent_block_raw,145,-0.060799404978752136,-0.07285523414611816
relation_graph,consistent_block_raw,146,-0.060812100768089294,-0.07280108332633972
relation_graph,consistent_block_raw,147,-0.06018489971756935,-0.07187001407146454
relation_graph,consistent_block_raw,148,-0.06051917374134064,-0.07242438197135925
relation_graph,consistent_block_raw,149,-0.060561589896678925,-0.07247814536094666
relation_graph,consistent_block_raw,150,-0.06090298295021057,-0.0729893371462822
relation_graph,consistent_block_raw,151,-0.060414087027311325,-0.07226584851741791
relation_graph,consistent_block_raw,152,-0.06076953187584877,-0.07272573560476303
relation_graph,consistent_block_raw,153,-0.06059311702847481,-0.07245232164859772
relation_graph,consistent_block_raw,154,-0.06123284995555878,-0.073408342897892
relation_graph,consistent_block_raw,155,-0.06079889461398125,-0.07275738567113876
relation_graph,consistent_block_raw,156,-0.060358963906764984,-0.07212213426828384
relation_graph,consistent_block_raw,157,-0.06056787818670273,-0.07246829569339752
relation_graph,consistent_block_raw,158,-0.0609571598470211,-0.07297282665967941
relation_graph,consistent_block_raw,159,-0.0607827790081501,-0.07270524650812149
relation_graph,consistent_block_raw,160,-0.06073581799864769,-0.07264503091573715
relation_graph,consistent_block_raw,161,-0.0607026070356369,-0.07261953502893448
relation_graph,consistent_block_raw,162,-0.06077629700303078,-0.07283150404691696
relation_graph,consistent_block_raw,163,-0.06053358316421509,-0.0724514052271843
relation_graph,consistent_block_raw,164,-0.06034141778945923,-0.07212261855602264
relation_graph,consistent_block_raw,165,-0.060472194105386734,-0.07228188961744308
relation_graph,consistent_block_raw,166,-0.06079012155532837,-0.07276612520217896
relation_graph,consistent_block_raw,167,-0.06050443649291992,-0.07236520200967789
relation_graph,consistent_block_raw,168,-0.060738932341337204,-0.07273489981889725
relation_graph,consistent_block_raw,169,-0.06105787679553032,-0.07321161776781082
relation_graph,consistent_block_raw,170,-0.060718752443790436,-0.07267076522111893
relation_graph,consistent_block_raw,171,-0.060437656939029694,-0.07229621708393097
relation_graph,consistent_block_raw,172,-0.0604795403778553,-0.07230081409215927
relation_graph,consistent_block_raw,173,-0.06052820384502411,-0.07244415581226349
relation_graph,consistent_block_raw,174,-0.06071598455309868,-0.07256346940994263
relation_graph,consistent_block_raw,175,-0.06070258468389511,-0.07263152301311493
relation_graph,consistent_block_raw,176,-0.06065242737531662,-0.07254231721162796
relation_graph,consistent_block_raw,177,-0.06080362945795059,-0.07279134541749954
relation_graph,consistent_block_raw,178,-0.060381531715393066,-0.07211499661207199
relation_graph,consistent_block_raw,179,-0.06054897606372833,-0.07237081974744797
relation_graph,consistent_block_raw,180,-0.06073087826371193,-0.07271957397460938
relation_graph,consistent_block_raw,181,-0.061128970235586166,-0.07329516112804413
relation_graph,consistent_block_raw,182,-0.06082453206181526,-0.07282688468694687
relation_graph,consistent_block_raw,183,-0.06057874485850334,-0.07250697910785675
relation_graph,consistent_block_raw,184,-0.06105245277285576,-0.07308588922023773
relation_graph,consistent_block_raw,185,-0.06065649911761284,-0.0725480318069458
relation_graph,consistent_block_raw,186,-0.060698091983795166,-0.07275188714265823
relation_graph,consistent_block_raw,187,-0.06052212044596672,-0.07238118350505829
relation_graph,consistent_block_raw,188,-0.06066170334815979,-0.07257434725761414
relation_graph,consistent_block_raw,189,-0.060528144240379333,-0.07244854420423508
relation_graph,consistent_block_raw,190,-0.060408469289541245,-0.07212870568037033
relation_graph,consistent_block_raw,191,-0.06087064370512962,-0.07300617545843124
relation_graph,consistent_block_raw,192,-0.060645490884780884,-0.07262427359819412
relation_graph,consistent_block_raw,193,-0.06033195182681084,-0.07209710031747818
relation_graph,consistent_block_raw,194,-0.060218438506126404,-0.07200712710618973
relation_graph,consistent_block_raw,195,-0.060742441564798355,-0.0726403221487999
relation_graph,consistent_block_raw,196,-0.06085573136806488,-0.07290557771921158
relation_graph,consistent_block_raw,197,-0.06074710190296173,-0.0727277547121048
relation_graph,consistent_block_raw,198,-0.060382794588804245,-0.07219509780406952
relation_graph,common_rmsnorm,0,-0.15940673649311066,-0.26788920164108276
relation_graph,common_rmsnorm,1,-0.15994754433631897,-0.2677835524082184
relation_graph,common_rmsnorm,2,-0.15862058103084564,-0.265713632106781
relation_graph,common_rmsnorm,3,-0.15843214094638824,-0.26479968428611755
relation_graph,common_rmsnorm,4,-0.1590547412633896,-0.26667430996894836
relation_graph,common_rmsnorm,5,-0.15785664319992065,-0.26441505551338196
relation_graph,common_rmsnorm,6,-0.15878704190254211,-0.26557591557502747
relation_graph,common_rmsnorm,7,-0.15972420573234558,-0.2675299048423767
relation_graph,common_rmsnorm,8,-0.1587476283311844,-0.2645781636238098
relation_graph,common_rmsnorm,9,-0.15986213088035583,-0.2676902115345001
relation_graph,common_rmsnorm,10,-0.15791332721710205,-0.26429611444473267
relation_graph,common_rmsnorm,11,-0.15841343998908997,-0.26472023129463196
relation_graph,common_rmsnorm,12,-0.16014112532138824,-0.2695872187614441
relation_graph,common_rmsnorm,13,-0.15739619731903076,-0.2633168697357178
relation_graph,common_rmsnorm,14,-0.1590556502342224,-0.2665794789791107
relation_graph,common_rmsnorm,15,-0.1589892953634262,-0.2666679322719574
relation_graph,common_rmsnorm,16,-0.1581430733203888,-0.2646033465862274
relation_graph,common_rmsnorm,17,-0.15898533165454865,-0.2660652697086334
relation_graph,common_rmsnorm,18,-0.15862980484962463,-0.26463213562965393
relation_graph,common_rmsnorm,19,-0.1586970090866089,-0.26484414935112
relation_graph,common_rmsnorm,20,-0.15879479050636292,-0.2662930190563202
relation_graph,common_rmsnorm,21,-0.1586674600839615,-0.2658607065677643
relation_graph,common_rmsnorm,22,-0.15863128006458282,-0.26482194662094116
relation_graph,common_rmsnorm,23,-0.15781602263450623,-0.26455897092819214
relation_graph,common_rmsnorm,24,-0.1587584912776947,-0.2651742696762085
relation_graph,common_rmsnorm,25,-0.1586219072341919,-0.2645948529243469
relation_graph,common_rmsnorm,26,-0.15949317812919617,-0.2674631178379059
relation_graph,common_rmsnorm,27,-0.1594277322292328,-0.2665814459323883
relation_graph,common_rmsnorm,28,-0.15828222036361694,-0.2642132341861725
relation_graph,common_rmsnorm,29,-0.15977706015110016,-0.26845911145210266
relation_graph,common_rmsnorm,30,-0.15831322968006134,-0.2657484710216522
relation_graph,common_rmsnorm,31,-0.15863382816314697,-0.26583701372146606
relation_graph,common_rmsnorm,32,-0.15766407549381256,-0.26425930857658386
relation_graph,common_rmsnorm,33,-0.15871576964855194,-0.26572126150131226
relation_graph,common_rmsnorm,34,-0.15800891816616058,-0.2643146514892578
relation_graph,common_rmsnorm,35,-0.15872322022914886,-0.26530522108078003
relation_graph,common_rmsnorm,36,-0.1585547775030136,-0.265666663646698
relation_graph,common_rmsnorm,37,-0.1583557426929474,-0.2652488648891449
relation_graph,common_rmsnorm,38,-0.15806788206100464,-0.26470813155174255
relation_graph,common_rmsnorm,39,-0.15940189361572266,-0.26738205552101135
relation_graph,common_rmsnorm,40,-0.15820662677288055,-0.2653334438800812
relation_graph,common_rmsnorm,41,-0.1578185260295868,-0.26429039239883423
relation_graph,common_rmsnorm,42,-0.1592024266719818,-0.2663828134536743
relation_graph,common_rmsnorm,43,-0.15881012380123138,-0.2662142813205719
relation_graph,common_rmsnorm,44,-0.1596810519695282,-0.2678956091403961
relation_graph,common_rmsnorm,45,-0.15924124419689178,-0.2672402858734131
relation_graph,common_rmsnorm,46,-0.15809157490730286,-0.26491156220436096
relation_graph,common_rmsnorm,47,-0.15880978107452393,-0.2660163640975952
relation_graph,common_rmsnorm,48,-0.15815049409866333,-0.2644411325454712
relation_graph,common_rmsnorm,49,-0.1594276875257492,-0.2668484151363373
relation_graph,common_rmsnorm,50,-0.15862521529197693,-0.26457834243774414
relation_graph,common_rmsnorm,51,-0.15819905698299408,-0.2637341022491455
relation_graph,common_rmsnorm,52,-0.1573982536792755,-0.26296305656433105
relation_graph,common_rmsnorm,53,-0.15966083109378815,-0.26696717739105225
relation_graph,common_rmsnorm,54,-0.15904143452644348,-0.26576143503189087
relation_graph,common_rmsnorm,55,-0.159482941031456,-0.2672838866710663
relation_graph,common_rmsnorm,56,-0.1581270396709442,-0.264380544424057
relation_graph,common_rmsnorm,57,-0.15872658789157867,-0.26549404859542847
relation_graph,common_rmsnorm,58,-0.15991494059562683,-0.26812243461608887
relation_graph,common_rmsnorm,59,-0.15906931459903717,-0.2657028138637543
relation_graph,common_rmsnorm,60,-0.15913784503936768,-0.2666815221309662
relation_graph,common_rmsnorm,61,-0.15809482336044312,-0.26483219861984253
relation_graph,common_rmsnorm,62,-0.15814921259880066,-0.263995498418808
relation_graph,common_rmsnorm,63,-0.15824458003044128,-0.2649255692958832
relation_graph,common_rmsnorm,64,-0.15709425508975983,-0.26283586025238037
relation_graph,common_rmsnorm,65,-0.15823443233966827,-0.2642899751663208
relation_graph,common_rmsnorm,66,-0.15866807103157043,-0.26477792859077454
relation_graph,common_rmsnorm,67,-0.15910522639751434,-0.2665907144546509
relation_graph,common_rmsnorm,68,-0.15840715169906616,-0.26441091299057007
relation_graph,common_rmsnorm,69,-0.15948520600795746,-0.26674917340278625
relation_graph,common_rmsnorm,70,-0.15862692892551422,-0.2647384703159332
relation_graph,common_rmsnorm,71,-0.15907643735408783,-0.2659209370613098
relation_graph,common_rmsnorm,72,-0.15827558934688568,-0.2644020915031433
relation_graph,common_rmsnorm,73,-0.15747499465942383,-0.26395589113235474
relation_graph,common_rmsnorm,74,-0.15926536917686462,-0.26587966084480286
relation_graph,common_rmsnorm,75,-0.15877442061901093,-0.26552388072013855
relation_graph,common_rmsnorm,76,-0.1589973270893097,-0.26679158210754395
relation_graph,common_rmsnorm,77,-0.15810352563858032,-0.264334112405777
relation_graph,common_rmsnorm,78,-0.15991543233394623,-0.2679632008075714
relation_graph,common_rmsnorm,79,-0.15904414653778076,-0.2658982276916504
relation_graph,common_rmsnorm,80,-0.1592852920293808,-0.2667807638645172
relation_graph,common_rmsnorm,81,-0.15857400000095367,-0.26479026675224304
relation_graph,common_rmsnorm,82,-0.1588219702243805,-0.2660275101661682
relation_graph,common_rmsnorm,83,-0.15830004215240479,-0.2649728059768677
relation_graph,common_rmsnorm,84,-0.15810514986515045,-0.26411354541778564
relation_graph,common_rmsnorm,85,-0.15888841450214386,-0.26617756485939026
relation_graph,common_rmsnorm,86,-0.15867891907691956,-0.26509034633636475
relation_graph,common_rmsnorm,87,-0.1591273993253708,-0.26610517501831055
relation_graph,common_rmsnorm,88,-0.15769606828689575,-0.26329177618026733
relation_graph,common_rmsnorm,89,-0.15923914313316345,-0.2664704918861389
relation_graph,common_rmsnorm,90,-0.15873540937900543,-0.265716016292572
relation_graph,common_rmsnorm,91,-0.15776914358139038,-0.26352131366729736
relation_graph,common_rmsnorm,92,-0.15859247744083405,-0.26503127813339233
relation_graph,common_rmsnorm,93,-0.15910843014717102,-0.2663343846797943
relation_graph,common_rmsnorm,94,-0.15739427506923676,-0.26329296827316284
relation_graph,common_rmsnorm,95,-0.15811949968338013,-0.2640010118484497
relation_graph,common_rmsnorm,96,-0.15778158605098724,-0.2633630633354187
relation_graph,common_rmsnorm,97,-0.15887007117271423,-0.2670226991176605
relation_graph,common_rmsnorm,98,-0.15880337357521057,-0.26560813188552856
relation_graph,common_rmsnorm,99,-0.15926049649715424,-0.26712024211883545
relation_graph,common_rmsnorm,100,-0.1584070771932602,-0.26515287160873413
relation_graph,common_rmsnorm,101,-0.15826277434825897,-0.2646077871322632
relation_graph,common_rmsnorm,102,-0.15865744650363922,-0.2650791108608246
relation_graph,common_rmsnorm,103,-0.15760987997055054,-0.2631244361400604
relation_graph,common_rmsnorm,104,-0.1591256558895111,-0.26593998074531555
relation_graph,common_rmsnorm,105,-0.15867385268211365,-0.2668686509132385
relation_graph,common_rmsnorm,106,-0.158747136592865,-0.26600220799446106
relation_graph,common_rmsnorm,107,-0.15898358821868896,-0.26596760749816895
relation_graph,common_rmsnorm,108,-0.15894702076911926,-0.2656559944152832
relation_graph,common_rmsnorm,109,-0.1583981066942215,-0.2648810148239136
relation_graph,common_rmsnorm,110,-0.15815910696983337,-0.2644515335559845
relation_graph,common_rmsnorm,111,-0.15855419635772705,-0.26584044098854065
relation_graph,common_rmsnorm,112,-0.15927113592624664,-0.26740506291389465
relation_graph,common_rmsnorm,113,-0.16003163158893585,-0.2673608660697937
relation_graph,common_rmsnorm,114,-0.15875329077243805,-0.2664340138435364
relation_graph,common_rmsnorm,115,-0.15847338736057281,-0.26544705033302307
relation_graph,common_rmsnorm,116,-0.15797831118106842,-0.26393046975135803
relation_graph,common_rmsnorm,117,-0.1593547761440277,-0.2674626410007477
relation_graph,common_rmsnorm,118,-0.15808060765266418,-0.2642078697681427
relation_graph,common_rmsnorm,119,-0.15925830602645874,-0.26670265197753906
relation_graph,common_rmsnorm,120,-0.15864422917366028,-0.26602545380592346
relation_graph,common_rmsnorm,121,-0.15915252268314362,-0.26674598455429077
relation_graph,common_rmsnorm,122,-0.15869201719760895,-0.2650165259838104
relation_graph,common_rmsnorm,123,-0.15834267437458038,-0.26576220989227295
relation_graph,common_rmsnorm,124,-0.15880087018013,-0.265951931476593
relation_graph,common_rmsnorm,125,-0.15868286788463593,-0.265557199716568
relation_graph,common_rmsnorm,126,-0.1598130315542221,-0.26799750328063965
relation_graph,common_rmsnorm,127,-0.15836475789546967,-0.2646443247795105
relation_graph,common_rmsnorm,128,-0.15873484313488007,-0.2656671702861786
relation_graph,common_rmsnorm,129,-0.15794630348682404,-0.2639405131340027
relation_graph,common_rmsnorm,130,-0.15837261080741882,-0.2651992738246918
relation_graph,common_rmsnorm,131,-0.1586921364068985,-0.26656222343444824
relation_graph,common_rmsnorm,132,-0.15869590640068054,-0.26503029465675354
relation_graph,common_rmsnorm,133,-0.159330815076828,-0.2665213346481323
relation_graph,common_rmsnorm,134,-0.1592704951763153,-0.26768016815185547
relation_graph,common_rmsnorm,135,-0.1585943102836609,-0.2650059759616852
relation_graph,common_rmsnorm,136,-0.15861892700195312,-0.2649278938770294
relation_graph,common_rmsnorm,137,-0.15965017676353455,-0.2674638330936432
relation_graph,common_rmsnorm,138,-0.1590452492237091,-0.26627907156944275
relation_graph,common_rmsnorm,139,-0.15795110166072845,-0.26429709792137146
relation_graph,common_rmsnorm,140,-0.15843789279460907,-0.26491785049438477
relation_graph,common_rmsnorm,141,-0.15843123197555542,-0.26519474387168884
relation_graph,common_rmsnorm,142,-0.1598697155714035,-0.26761987805366516
relation_graph,common_rmsnorm,143,-0.1593787968158722,-0.2671471834182739
relation_graph,common_rmsnorm,144,-0.15835276246070862,-0.2641052305698395
relation_graph,common_rmsnorm,145,-0.15798738598823547,-0.26418372988700867
relation_graph,common_rmsnorm,146,-0.1582246571779251,-0.264776349067688
relation_graph,common_rmsnorm,147,-0.15934987366199493,-0.2669464945793152
relation_graph,common_rmsnorm,148,-0.15952782332897186,-0.2683318853378296
relation_graph,common_rmsnorm,149,-0.1591043770313263,-0.2664221227169037
relation_graph,common_rmsnorm,150,-0.1591038703918457,-0.2659890353679657
relation_graph,common_rmsnorm,151,-0.15930436551570892,-0.26670822501182556
relation_graph,common_rmsnorm,152,-0.15948307514190674,-0.2676395773887634
relation_graph,common_rmsnorm,153,-0.15910252928733826,-0.266579270362854
relation_graph,common_rmsnorm,154,-0.15923884510993958,-0.2660696804523468
relation_graph,common_rmsnorm,155,-0.15891872346401215,-0.26600804924964905
relation_graph,common_rmsnorm,156,-0.15810999274253845,-0.26414087414741516
relation_graph,common_rmsnorm,157,-0.15857082605361938,-0.26510947942733765
relation_graph,common_rmsnorm,158,-0.15870168805122375,-0.265182763338089
relation_graph,common_rmsnorm,159,-0.15964967012405396,-0.26650819182395935
relation_graph,common_rmsnorm,160,-0.15885351598262787,-0.266207218170166
relation_graph,common_rmsnorm,161,-0.1586136370897293,-0.26541846990585327
relation_graph,common_rmsnorm,162,-0.15746615827083588,-0.26316261291503906
relation_graph,common_rmsnorm,163,-0.1596321314573288,-0.2679769694805145
relation_graph,common_rmsnorm,164,-0.1591130495071411,-0.2655651271343231
relation_graph,common_rmsnorm,165,-0.15863116085529327,-0.2652967870235443
relation_graph,common_rmsnorm,166,-0.15894830226898193,-0.2659958600997925
relation_graph,common_rmsnorm,167,-0.15882082283496857,-0.26641646027565
relation_graph,common_rmsnorm,168,-0.1599215716123581,-0.2686663269996643
relation_graph,common_rmsnorm,169,-0.159250870347023,-0.2662387788295746
relation_graph,common_rmsnorm,170,-0.1569855511188507,-0.26205974817276
relation_graph,common_rmsnorm,171,-0.1588786393404007,-0.2655250132083893
relation_graph,common_rmsnorm,172,-0.15825217962265015,-0.2652730941772461
relation_graph,common_rmsnorm,173,-0.159107506275177,-0.26720288395881653
relation_graph,common_rmsnorm,174,-0.15791818499565125,-0.26465561985969543
relation_graph,common_rmsnorm,175,-0.15827903151512146,-0.2643134295940399
relation_graph,common_rmsnorm,176,-0.15966250002384186,-0.2674148976802826
relation_graph,common_rmsnorm,177,-0.15859659016132355,-0.26525482535362244
relation_graph,common_rmsnorm,178,-0.15910694003105164,-0.2671384811401367
relation_graph,common_rmsnorm,179,-0.15902072191238403,-0.2668572664260864
relation_graph,common_rmsnorm,180,-0.15839740633964539,-0.26485878229141235
relation_graph,common_rmsnorm,181,-0.15791672468185425,-0.2641373574733734
relation_graph,common_rmsnorm,182,-0.15811869502067566,-0.2648666203022003
relation_graph,common_rmsnorm,183,-0.15818384289741516,-0.264371782541275
relation_graph,common_rmsnorm,184,-0.1593872755765915,-0.26729071140289307
relation_graph,common_rmsnorm,185,-0.15864141285419464,-0.26587557792663574
relation_graph,common_rmsnorm,186,-0.15820947289466858,-0.26452895998954773
relation_graph,common_rmsnorm,187,-0.15853773057460785,-0.2646024823188782
relation_graph,common_rmsnorm,188,-0.1590884029865265,-0.2664071321487427
relation_graph,common_rmsnorm,189,-0.1593766212463379,-0.26687198877334595
relation_graph,common_rmsnorm,190,-0.15844091773033142,-0.265180766582489
relation_graph,common_rmsnorm,191,-0.1593509167432785,-0.2669917643070221
relation_graph,common_rmsnorm,192,-0.15948723256587982,-0.2669180631637573
relation_graph,common_rmsnorm,193,-0.15777558088302612,-0.2639050781726837
relation_graph,common_rmsnorm,194,-0.15973569452762604,-0.2676796317100525
relation_graph,common_rmsnorm,195,-0.15929850935935974,-0.2671031951904297
relation_graph,common_rmsnorm,196,-0.15800993144512177,-0.264464408159256
relation_graph,common_rmsnorm,197,-0.15920637547969818,-0.2663959860801697
relation_graph,common_rmsnorm,198,-0.15904350578784943,-0.267327219247818
lexical_category,cached_mixed_raw,0,0.059756480157375336,0.07478956133127213
lexical_category,cached_mixed_raw,1,0.05978735536336899,0.07476803660392761
lexical_category,cached_mixed_raw,2,0.059786900877952576,0.07478442788124084
lexical_category,cached_mixed_raw,3,0.059712473303079605,0.0746547281742096
lexical_category,cached_mixed_raw,4,0.060223422944545746,0.07535608112812042
lexical_category,cached_mixed_raw,5,0.06050380319356918,0.07574237138032913
lexical_category,cached_mixed_raw,6,0.05950329452753067,0.07438820600509644
lexical_category,cached_mixed_raw,7,0.06015065312385559,0.07526209205389023
lexical_category,cached_mixed_raw,8,0.05946506932377815,0.07433643192052841
lexical_category,cached_mixed_raw,9,0.05995282903313637,0.07495284825563431
lexical_category,cached_mixed_raw,10,0.0600736141204834,0.07517360150814056
lexical_category,cached_mixed_raw,11,0.060314759612083435,0.0755479484796524
lexical_category,cached_mixed_raw,12,0.059754204005002975,0.07475513219833374
lexical_category,cached_mixed_raw,13,0.05960317701101303,0.07454520463943481
lexical_category,cached_mixed_raw,14,0.06018877029418945,0.07534314692020416
lexical_category,cached_mixed_raw,15,0.059717804193496704,0.07463552802801132
lexical_category,cached_mixed_raw,16,0.059704266488552094,0.07467491179704666
lexical_category,cached_mixed_raw,17,0.059632204473018646,0.07457708567380905
lexical_category,cached_mixed_raw,18,0.05955197662115097,0.07444237917661667
lexical_category,cached_mixed_raw,19,0.05991000309586525,0.07494810223579407
lexical_category,cached_mixed_raw,20,0.05991288647055626,0.0749579668045044
lexical_category,cached_mixed_raw,21,0.060134321451187134,0.0752226784825325
lexical_category,cached_mixed_raw,22,0.05995544046163559,0.07503476738929749
lexical_category,cached_mixed_raw,23,0.05979365482926369,0.07474356889724731
lexical_category,cached_mixed_raw,24,0.06020709499716759,0.07533203810453415
lexical_category,cached_mixed_raw,25,0.06025904417037964,0.0754275694489479
lexical_category,cached_mixed_raw,26,0.05979468300938606,0.07480788230895996
lexical_category,cached_mixed_raw,27,0.05995280668139458,0.07502540946006775
lexical_category,cached_mixed_raw,28,0.06051924079656601,0.07573660463094711
lexical_category,cached_mixed_raw,29,0.06036475673317909,0.07557246834039688
lexical_category,cached_mixed_raw,30,0.060084935277700424,0.07520050555467606
lexical_category,cached_mixed_raw,31,0.059914205223321915,0.07499129325151443
lexical_category,cached_mixed_raw,32,0.06044444814324379,0.07569881528615952
lexical_category,cached_mixed_raw,33,0.06014290824532509,0.07526838779449463
lexical_category,cached_mixed_raw,34,0.059863001108169556,0.07487271726131439
lexical_category,cached_mixed_raw,35,0.0593985840678215,0.07425079494714737
lexical_category,cached_mixed_raw,36,0.059844404458999634,0.07487929612398148
lexical_category,cached_mixed_raw,37,0.05969685688614845,0.07465563714504242
lexical_category,cached_mixed_raw,38,0.06022823601961136,0.07543359696865082
lexical_category,cached_mixed_raw,39,0.05970056354999542,0.07470830529928207
lexical_category,cached_mixed_raw,40,0.06017551198601723,0.07525558769702911
lexical_category,cached_mixed_raw,41,0.06024422124028206,0.0754181370139122
lexical_category,cached_mixed_raw,42,0.05983159318566322,0.07487301528453827
lexical_category,cached_mixed_raw,43,0.05948808044195175,0.07441424578428268
lexical_category,cached_mixed_raw,44,0.06007323041558266,0.07517505437135696
lexical_category,cached_mixed_raw,45,0.05974409729242325,0.07476626336574554
lexical_category,cached_mixed_raw,46,0.06010206788778305,0.07525001466274261
lexical_category,cached_mixed_raw,47,0.059831541031599045,0.07481066882610321
lexical_category,cached_mixed_raw,48,0.05993610620498657,0.07498370110988617
lexical_category,cached_mixed_raw,49,0.059963807463645935,0.0750168189406395
lexical_category,cached_mixed_raw,50,0.060101065784692764,0.07527559250593185
lexical_category,cached_mixed_raw,51,0.060416869819164276,0.07564494758844376
lexical_category,cached_mixed_raw,52,0.05982445552945137,0.07487054914236069
lexical_category,cached_mixed_raw,53,0.05958433449268341,0.0744931772351265
lexical_category,cached_mixed_raw,54,0.06026734784245491,0.07546041905879974
lexical_category,cached_mixed_raw,55,0.06013760343194008,0.07528277486562729
lexical_category,cached_mixed_raw,56,0.06033425033092499,0.07551108300685883
lexical_category,cached_mixed_raw,57,0.059823695570230484,0.07480619847774506
lexical_category,cached_mixed_raw,58,0.05988244712352753,0.07488537579774857
lexical_category,cached_mixed_raw,59,0.05982280895113945,0.0748329684138298
lexical_category,cached_mixed_raw,60,0.06011422723531723,0.07525160163640976
lexical_category,cached_mixed_raw,61,0.059863533824682236,0.07484994828701019
lexical_category,cached_mixed_raw,62,0.059998128563165665,0.07502066344022751
lexical_category,cached_mixed_raw,63,0.06001265347003937,0.07511652261018753
lexical_category,cached_mixed_raw,64,0.059688545763492584,0.07463341951370239
lexical_category,cached_mixed_raw,65,0.06025420501828194,0.07544658333063126
lexical_category,cached_mixed_raw,66,0.060131482779979706,0.07521244883537292
lexical_category,cached_mixed_raw,67,0.059698209166526794,0.0746607556939125
lexical_category,cached_mixed_raw,68,0.06000843644142151,0.07510458678007126
lexical_category,cached_mixed_raw,69,0.05965644121170044,0.0746157318353653
lexical_category,cached_mixed_raw,70,0.06029821187257767,0.07548093795776367
lexical_category,cached_mixed_raw,71,0.05974035710096359,0.07471146434545517
lexical_category,cached_mixed_raw,72,0.05964788421988487,0.07459864020347595
lexical_category,cached_mixed_raw,73,0.059898048639297485,0.07497338205575943
lexical_category,cached_mixed_raw,74,0.060256633907556534,0.07543066143989563
lexical_category,cached_mixed_raw,75,0.05970499664545059,0.07463432103395462
lexical_category,cached_mixed_raw,76,0.06007944047451019,0.07516220957040787
lexical_category,cached_mixed_raw,77,0.06001797318458557,0.07510630786418915
lexical_category,cached_mixed_raw,78,0.05997803807258606,0.0750591829419136
lexical_category,cached_mixed_raw,79,0.05989427864551544,0.07491263002157211
lexical_category,cached_mixed_raw,80,0.06015778332948685,0.07527893781661987
lexical_category,cached_mixed_raw,81,0.05992257222533226,0.07502106577157974
lexical_category,cached_mixed_raw,82,0.0598047599196434,0.07483819872140884
lexical_category,cached_mixed_raw,83,0.060216717422008514,0.07541172206401825
lexical_category,cached_mixed_raw,84,0.059911761432886124,0.07492388039827347
lexical_category,cached_mixed_raw,85,0.06010828912258148,0.0752396360039711
lexical_category,cached_mixed_raw,86,0.05977374315261841,0.0747547298669815
lexical_category,cached_mixed_raw,87,0.0601971261203289,0.07536125928163528
lexical_category,cached_mixed_raw,88,0.05975887551903725,0.07477603852748871
lexical_category,cached_mixed_raw,89,0.06011977791786194,0.07522810995578766
lexical_category,cached_mixed_raw,90,0.06006557121872902,0.07519589364528656
lexical_category,cached_mixed_raw,91,0.05963407829403877,0.07462014257907867
lexical_category,cached_mixed_raw,92,0.060132287442684174,0.07523179054260254
lexical_category,cached_mixed_raw,93,0.060082267969846725,0.07523150742053986
lexical_category,cached_mixed_raw,94,0.06002455949783325,0.07509268075227737
lexical_category,cached_mixed_raw,95,0.06004248559474945,0.07510662078857422
lexical_category,cached_mixed_raw,96,0.06006195396184921,0.07512717694044113
lexical_category,cached_mixed_raw,97,0.05983296036720276,0.07486829906702042
lexical_category,cached_mixed_raw,98,0.060241200029850006,0.07541333138942719
lexical_category,cached_mixed_raw,99,0.059471357613801956,0.07436610758304596
lexical_category,cached_mixed_raw,100,0.06005873158574104,0.07515929639339447
lexical_category,cached_mixed_raw,101,0.05971864238381386,0.07468147575855255
lexical_category,cached_mixed_raw,102,0.059746287763118744,0.07472085952758789
lexical_category,cached_mixed_raw,103,0.060225311666727066,0.0753915086388588
lexical_category,cached_mixed_raw,104,0.05988995358347893,0.07493941485881805
lexical_category,cached_mixed_raw,105,0.06030671298503876,0.07547508180141449
lexical_category,cached_mixed_raw,106,0.05999724194407463,0.0750693753361702
lexical_category,cached_mixed_raw,107,0.05971920117735863,0.07468803226947784
lexical_category,cached_mixed_raw,108,0.059829872101545334,0.07482761144638062
lexical_category,cached_mixed_raw,109,0.05997201427817345,0.07501266151666641
lexical_category,cached_mixed_raw,110,0.05994684621691704,0.07498924434185028
lexical_category,cached_mixed_raw,111,0.060144901275634766,0.07528265565633774
lexical_category,cached_mixed_raw,112,0.05972827225923538,0.07467295229434967
lexical_category,cached_mixed_raw,113,0.06011129170656204,0.07524693757295609
lexical_category,cached_mixed_raw,114,0.05990489572286606,0.0749787837266922
lexical_category,cached_mixed_raw,115,0.06013810262084007,0.07525376975536346
lexical_category,cached_mixed_raw,116,0.06032203137874603,0.07548095285892487
lexical_category,cached_mixed_raw,117,0.06007961928844452,0.07512388378381729
lexical_category,cached_mixed_raw,118,0.06014704704284668,0.07523823529481888
lexical_category,cached_mixed_raw,119,0.05983709171414375,0.07487934827804565
lexical_category,cached_mixed_raw,120,0.06031247600913048,0.07549246400594711
lexical_category,cached_mixed_raw,121,0.05988648906350136,0.07492484897375107
lexical_category,cached_mixed_raw,122,0.0600711815059185,0.07516935467720032
lexical_category,cached_mixed_raw,123,0.05999947711825371,0.0751068964600563
lexical_category,cached_mixed_raw,124,0.06000475585460663,0.07503043860197067
lexical_category,cached_mixed_raw,125,0.05980230122804642,0.07479404658079147
lexical_category,cached_mixed_raw,126,0.06033525615930557,0.07552992552518845
lexical_category,cached_mixed_raw,127,0.06007208302617073,0.07518846541643143
lexical_category,cached_mixed_raw,128,0.059882186353206635,0.07488659769296646
lexical_category,cached_mixed_raw,129,0.0600319504737854,0.07511726021766663
lexical_category,cached_mixed_raw,130,0.05980706214904785,0.07479728758335114
lexical_category,cached_mixed_raw,131,0.05988507717847824,0.0749201774597168
lexical_category,cached_mixed_raw,132,0.06010797619819641,0.07523451745510101
lexical_category,cached_mixed_raw,133,0.0600094199180603,0.07510324567556381
lexical_category,cached_mixed_raw,134,0.05965335667133331,0.07460358738899231
lexical_category,cached_mixed_raw,135,0.060095153748989105,0.07524371147155762
lexical_category,cached_mixed_raw,136,0.05974786728620529,0.07472444325685501
lexical_category,cached_mixed_raw,137,0.05960272252559662,0.0745074599981308
lexical_category,cached_mixed_raw,138,0.059513479471206665,0.0743868350982666
lexical_category,cached_mixed_raw,139,0.06003309413790703,0.07510144263505936
lexical_category,cached_mixed_raw,140,0.060005199164152145,0.0750901848077774
lexical_category,cached_mixed_raw,141,0.05991626903414726,0.07496734708547592
lexical_category,cached_mixed_raw,142,0.060157958418130875,0.07531070709228516
lexical_category,cached_mixed_raw,143,0.060128338634967804,0.07525139302015305
lexical_category,cached_mixed_raw,144,0.06032947823405266,0.07550396770238876
lexical_category,cached_mixed_raw,145,0.05972543731331825,0.07468385994434357
lexical_category,cached_mixed_raw,146,0.060230061411857605,0.07539961487054825
lexical_category,cached_mixed_raw,147,0.05994470417499542,0.07504671066999435
lexical_category,cached_mixed_raw,148,0.06017502397298813,0.07532257586717606
lexical_category,cached_mixed_raw,149,0.05997420474886894,0.0750323086977005
lexical_category,cached_mixed_raw,150,0.05993157625198364,0.07498002052307129
lexical_category,cached_mixed_raw,151,0.059750381857156754,0.07472509145736694
lexical_category,cached_mixed_raw,152,0.05976671352982521,0.07479456067085266
lexical_category,cached_mixed_raw,153,0.0600983202457428,0.07520996034145355
lexical_category,cached_mixed_raw,154,0.05954824388027191,0.07445508241653442
lexical_category,cached_mixed_raw,155,0.06001856178045273,0.07512232661247253
lexical_category,cached_mixed_raw,156,0.05994734540581703,0.07498085498809814
lexical_category,cached_mixed_raw,157,0.059644948691129684,0.07460887730121613
lexical_category,cached_mixed_raw,158,0.059956278651952744,0.07502027601003647
lexical_category,cached_mixed_raw,159,0.060062263160943985,0.0751907080411911
lexical_category,cached_mixed_raw,160,0.06014798581600189,0.07528585940599442
lexical_category,cached_mixed_raw,161,0.05967056378722191,0.07458055764436722
lexical_category,cached_mixed_raw,162,0.05950488895177841,0.0744330883026123
lexical_category,cached_mixed_raw,163,0.059889454394578934,0.07490482181310654
lexical_category,cached_mixed_raw,164,0.05994769185781479,0.07497972249984741
lexical_category,cached_mixed_raw,165,0.06012258306145668,0.07522676140069962
lexical_category,cached_mixed_raw,166,0.05983704701066017,0.07483356446027756
lexical_category,cached_mixed_raw,167,0.060090065002441406,0.07515982538461685
lexical_category,cached_mixed_raw,168,0.05978855863213539,0.0747896209359169
lexical_category,cached_mixed_raw,169,0.05966635048389435,0.07464481145143509
lexical_category,cached_mixed_raw,170,0.06047865003347397,0.07573354989290237
lexical_category,cached_mixed_raw,171,0.05981360375881195,0.07481067627668381
lexical_category,cached_mixed_raw,172,0.05965065956115723,0.07462871819734573
lexical_category,cached_mixed_raw,173,0.059266045689582825,0.07404863089323044
lexical_category,cached_mixed_raw,174,0.059959493577480316,0.07501780986785889
lexical_category,cached_mixed_raw,175,0.060250088572502136,0.07545788586139679
lexical_category,cached_mixed_raw,176,0.060267698019742966,0.07540502399206161
lexical_category,cached_mixed_raw,177,0.05990207940340042,0.07490255683660507
lexical_category,cached_mixed_raw,178,0.05993817746639252,0.07503434270620346
lexical_category,cached_mixed_raw,179,0.05956292152404785,0.07451049238443375
lexical_category,cached_mixed_raw,180,0.059958312660455704,0.07497470825910568
lexical_category,cached_mixed_raw,181,0.060442425310611725,0.07568717747926712
lexical_category,cached_mixed_raw,182,0.05990393087267876,0.07496368885040283
lexical_category,cached_mixed_raw,183,0.060195837169885635,0.07532721012830734
lexical_category,cached_mixed_raw,184,0.060452912002801895,0.0756988525390625
lexical_category,cached_mixed_raw,185,0.05964616313576698,0.07453738898038864
lexical_category,cached_mixed_raw,186,0.05973215401172638,0.07471129298210144
lexical_category,cached_mixed_raw,187,0.059432659298181534,0.07436162233352661
lexical_category,cached_mixed_raw,188,0.060088999569416046,0.07518953830003738
lexical_category,cached_mixed_raw,189,0.060098085552453995,0.07519372552633286
lexical_category,cached_mixed_raw,190,0.06027822941541672,0.07543782889842987
lexical_category,cached_mixed_raw,191,0.06031789258122444,0.07559140771627426
lexical_category,cached_mixed_raw,192,0.0596935860812664,0.07459765672683716
lexical_category,cached_mixed_raw,193,0.05991519242525101,0.0749579444527626
lexical_category,cached_mixed_raw,194,0.06015202775597572,0.07531607151031494
lexical_category,cached_mixed_raw,195,0.06036129593849182,0.07559282332658768
lexical_category,cached_mixed_raw,196,0.05967975780367851,0.07460451126098633
lexical_category,cached_mixed_raw,197,0.06034218892455101,0.07557360827922821
lexical_category,cached_mixed_raw,198,0.06007237732410431,0.07514486461877823
lexical_category,reextracted_mixed_raw,0,0.059926409274339676,0.07499945908784866
lexical_category,reextracted_mixed_raw,1,0.059865258634090424,0.0748843103647232
lexical_category,reextracted_mixed_raw,2,0.0604395754635334,0.07562872022390366
lexical_category,reextracted_mixed_raw,3,0.05985567346215248,0.07481639087200165
lexical_category,reextracted_mixed_raw,4,0.059878312051296234,0.07488325238227844
lexical_category,reextracted_mixed_raw,5,0.06000494956970215,0.07508232444524765
lexical_category,reextracted_mixed_raw,6,0.06006600707769394,0.07516226172447205
lexical_category,reextracted_mixed_raw,7,0.06020081788301468,0.0752982497215271
lexical_category,reextracted_mixed_raw,8,0.06013479083776474,0.0752130076289177
lexical_category,reextracted_mixed_raw,9,0.060587916523218155,0.0758155956864357
lexical_category,reextracted_mixed_raw,10,0.060492489486932755,0.07574198395013809
lexical_category,reextracted_mixed_raw,11,0.059624504297971725,0.07453730702400208
lexical_category,reextracted_mixed_raw,12,0.0604567751288414,0.07573548704385757
lexical_category,reextracted_mixed_raw,13,0.0605669766664505,0.07578817754983902
lexical_category,reextracted_mixed_raw,14,0.059942588210105896,0.07495050877332687
lexical_category,reextracted_mixed_raw,15,0.06023189797997475,0.07536595314741135
lexical_category,reextracted_mixed_raw,16,0.05998186767101288,0.07500144094228745
lexical_category,reextracted_mixed_raw,17,0.05972590297460556,0.07466728240251541
lexical_category,reextracted_mixed_raw,18,0.059864342212677,0.07484131306409836
lexical_category,reextracted_mixed_raw,19,0.060120634734630585,0.07521473616361618
lexical_category,reextracted_mixed_raw,20,0.059829071164131165,0.07485277205705643
lexical_category,reextracted_mixed_raw,21,0.05994666367769241,0.07500141859054565
lexical_category,reextracted_mixed_raw,22,0.0607326477766037,0.07605867832899094
lexical_category,reextracted_mixed_raw,23,0.060515183955430984,0.07575317472219467
lexical_category,reextracted_mixed_raw,24,0.05969266593456268,0.07460227608680725
lexical_category,reextracted_mixed_raw,25,0.06015266850590706,0.0752556174993515
lexical_category,reextracted_mixed_raw,26,0.0599994882941246,0.07505254447460175
lexical_category,reextracted_mixed_raw,27,0.06027431786060333,0.07542089372873306
lexical_category,reextracted_mixed_raw,28,0.06034037098288536,0.07551990449428558
lexical_category,reextracted_mixed_raw,29,0.060183390974998474,0.07529813051223755
lexical_category,reextracted_mixed_raw,30,0.05936417356133461,0.07417550683021545
lexical_category,reextracted_mixed_raw,31,0.059852443635463715,0.07488143444061279
lexical_category,reextracted_mixed_raw,32,0.059639595448970795,0.07454249262809753
lexical_category,reextracted_mixed_raw,33,0.06050176918506622,0.07575120776891708
lexical_category,reextracted_mixed_raw,34,0.060258183628320694,0.07538089156150818
lexical_category,reextracted_mixed_raw,35,0.060113999992609024,0.07524891942739487
lexical_category,reextracted_mixed_raw,36,0.05998317897319794,0.07503782212734222
lexical_category,reextracted_mixed_raw,37,0.06044156476855278,0.07569883018732071
lexical_category,reextracted_mixed_raw,38,0.060140881687402725,0.07523110508918762
lexical_category,reextracted_mixed_raw,39,0.06028719246387482,0.07542252540588379
lexical_category,reextracted_mixed_raw,40,0.059981558471918106,0.07502366602420807
lexical_category,reextracted_mixed_raw,41,0.06039326637983322,0.07558955997228622
lexical_category,reextracted_mixed_raw,42,0.05975886806845665,0.07468312978744507
lexical_category,reextracted_mixed_raw,43,0.060112688690423965,0.07521141320466995
lexical_category,reextracted_mixed_raw,44,0.05986395478248596,0.07482115179300308
lexical_category,reextracted_mixed_raw,45,0.05998082458972931,0.07500728219747543
lexical_category,reextracted_mixed_raw,46,0.059609878808259964,0.07452023774385452
lexical_category,reextracted_mixed_raw,47,0.06025991216301918,0.07540963590145111
lexical_category,reextracted_mixed_raw,48,0.06039705127477646,0.07561830431222916
lexical_category,reextracted_mixed_raw,49,0.060213714838027954,0.0753161683678627
lexical_category,reextracted_mixed_raw,50,0.0601455383002758,0.07524367421865463
lexical_category,reextracted_mixed_raw,51,0.059741124510765076,0.0747108981013298
lexical_category,reextracted_mixed_raw,52,0.06017255410552025,0.07527787983417511
lexical_category,reextracted_mixed_raw,53,0.060591164976358414,0.07586126774549484
lexical_category,reextracted_mixed_raw,54,0.0600849986076355,0.07513108104467392
lexical_category,reextracted_mixed_raw,55,0.060533247888088226,0.07581596821546555
lexical_category,reextracted_mixed_raw,56,0.06036314740777016,0.07552827149629593
lexical_category,reextracted_mixed_raw,57,0.06015249714255333,0.07521897554397583
lexical_category,reextracted_mixed_raw,58,0.06027628108859062,0.07543829828500748
lexical_category,reextracted_mixed_raw,59,0.06019723042845726,0.07527133077383041
lexical_category,reextracted_mixed_raw,60,0.0609336718916893,0.07632181793451309
lexical_category,reextracted_mixed_raw,61,0.059941574931144714,0.07492092996835709
lexical_category,reextracted_mixed_raw,62,0.06067253276705742,0.075948566198349
lexical_category,reextracted_mixed_raw,63,0.059991203248500824,0.07505998015403748
lexical_category,reextracted_mixed_raw,64,0.06032738462090492,0.07545626908540726
lexical_category,reextracted_mixed_raw,65,0.06028573960065842,0.07544536143541336
lexical_category,reextracted_mixed_raw,66,0.05924990028142929,0.07398498803377151
lexical_category,reextracted_mixed_raw,67,0.06004472076892853,0.07509772479534149
lexical_category,reextracted_mixed_raw,68,0.06018317863345146,0.07529902458190918
lexical_category,reextracted_mixed_raw,69,0.06033953279256821,0.0754595547914505
lexical_category,reextracted_mixed_raw,70,0.060034435242414474,0.07509882003068924
lexical_category,reextracted_mixed_raw,71,0.06018417328596115,0.07527998089790344
lexical_category,reextracted_mixed_raw,72,0.05993291363120079,0.07497753947973251
lexical_category,reextracted_mixed_raw,73,0.06002778932452202,0.07512820512056351
lexical_category,reextracted_mixed_raw,74,0.059731267392635345,0.07468685507774353
lexical_category,reextracted_mixed_raw,75,0.06013070046901703,0.07522279024124146
lexical_category,reextracted_mixed_raw,76,0.06003412976861,0.0750797837972641
lexical_category,reextracted_mixed_raw,77,0.0606689453125,0.07597403973340988
lexical_category,reextracted_mixed_raw,78,0.06012701988220215,0.0752585306763649
lexical_category,reextracted_mixed_raw,79,0.06005917862057686,0.07512542605400085
lexical_category,reextracted_mixed_raw,80,0.06024597957730293,0.0753752738237381
lexical_category,reextracted_mixed_raw,81,0.06002790853381157,0.0750667080283165
lexical_category,reextracted_mixed_raw,82,0.06007513031363487,0.0751824751496315
lexical_category,reextracted_mixed_raw,83,0.05996117368340492,0.07493237406015396
lexical_category,reextracted_mixed_raw,84,0.05975884571671486,0.07472497224807739
lexical_category,reextracted_mixed_raw,85,0.060047660022974014,0.0750732496380806
lexical_category,reextracted_mixed_raw,86,0.05957651138305664,0.07442950457334518
lexical_category,reextracted_mixed_raw,87,0.05986903980374336,0.07485513389110565
lexical_category,reextracted_mixed_raw,88,0.06045174598693848,0.07561502605676651
lexical_category,reextracted_mixed_raw,89,0.05995100736618042,0.075010746717453
lexical_category,reextracted_mixed_raw,90,0.060136113315820694,0.07520939409732819
lexical_category,reextracted_mixed_raw,91,0.06019754707813263,0.07533086091279984
lexical_category,reextracted_mixed_raw,92,0.059918683022260666,0.07494918256998062
lexical_category,reextracted_mixed_raw,93,0.06016615033149719,0.07526101171970367
lexical_category,reextracted_mixed_raw,94,0.06018318608403206,0.07527286559343338
lexical_category,reextracted_mixed_raw,95,0.06038173288106918,0.07555954903364182
lexical_category,reextracted_mixed_raw,96,0.06001875177025795,0.07505108416080475
lexical_category,reextracted_mixed_raw,97,0.059980932623147964,0.07498504966497421
lexical_category,reextracted_mixed_raw,98,0.059855882078409195,0.07482942193746567
lexical_category,reextracted_mixed_raw,99,0.060027360916137695,0.07510755211114883
lexical_category,reextracted_mixed_raw,100,0.06028376892209053,0.07542542368173599
lexical_category,reextracted_mixed_raw,101,0.06051013618707657,0.07573369890451431
lexical_category,reextracted_mixed_raw,102,0.059994056820869446,0.07509906589984894
lexical_category,reextracted_mixed_raw,103,0.06021391972899437,0.0753551721572876
lexical_category,reextracted_mixed_raw,104,0.05996902287006378,0.0749794989824295
lexical_category,reextracted_mixed_raw,105,0.06029282510280609,0.07544944435358047
lexical_category,reextracted_mixed_raw,106,0.06033382564783096,0.07551922649145126
lexical_category,reextracted_mixed_raw,107,0.06003379821777344,0.07505087554454803
lexical_category,reextracted_mixed_raw,108,0.06023918092250824,0.07540315389633179
lexical_category,reextracted_mixed_raw,109,0.059712909162044525,0.07464613765478134
lexical_category,reextracted_mixed_raw,110,0.059953462332487106,0.07497868686914444
lexical_category,reextracted_mixed_raw,111,0.06001850590109825,0.07506099343299866
lexical_category,reextracted_mixed_raw,112,0.06011655181646347,0.0752028152346611
lexical_category,reextracted_mixed_raw,113,0.060038577765226364,0.0750851035118103
lexical_category,reextracted_mixed_raw,114,0.05996987968683243,0.07500151544809341
lexical_category,reextracted_mixed_raw,115,0.0601189024746418,0.0751834586262703
lexical_category,reextracted_mixed_raw,116,0.05982537567615509,0.07480592280626297
lexical_category,reextracted_mixed_raw,117,0.05986944958567619,0.07487151771783829
lexical_category,reextracted_mixed_raw,118,0.05972212925553322,0.07464569807052612
lexical_category,reextracted_mixed_raw,119,0.059913069009780884,0.07490584999322891
lexical_category,reextracted_mixed_raw,120,0.05996223911643028,0.07501163333654404
lexical_category,reextracted_mixed_raw,121,0.05952659249305725,0.07434528321027756
lexical_category,reextracted_mixed_raw,122,0.0602634996175766,0.07538603991270065
lexical_category,reextracted_mixed_raw,123,0.06007898598909378,0.07513871788978577
lexical_category,reextracted_mixed_raw,124,0.05930517613887787,0.07406807690858841
lexical_category,reextracted_mixed_raw,125,0.059934962540864944,0.07496580481529236
lexical_category,reextracted_mixed_raw,126,0.0602726936340332,0.07543487846851349
lexical_category,reextracted_mixed_raw,127,0.059886716306209564,0.07490582019090652
lexical_category,reextracted_mixed_raw,128,0.06031777709722519,0.07546897977590561
lexical_category,reextracted_mixed_raw,129,0.05981941521167755,0.07480084151029587
lexical_category,reextracted_mixed_raw,130,0.06026452034711838,0.07542294263839722
lexical_category,reextracted_mixed_raw,131,0.06041900813579559,0.07556216418743134
lexical_category,reextracted_mixed_raw,132,0.060004860162734985,0.07507587224245071
lexical_category,reextracted_mixed_raw,133,0.06002432107925415,0.0750860795378685
lexical_category,reextracted_mixed_raw,134,0.05982723832130432,0.07478362321853638
lexical_category,reextracted_mixed_raw,135,0.059821080416440964,0.07478595525026321
lexical_category,reextracted_mixed_raw,136,0.05995006859302521,0.0749756321310997
lexical_category,reextracted_mixed_raw,137,0.06021709740161896,0.07538233697414398
lexical_category,reextracted_mixed_raw,138,0.06011861935257912,0.07522047311067581
lexical_category,reextracted_mixed_raw,139,0.05992251634597778,0.07491213828325272
lexical_category,reextracted_mixed_raw,140,0.05969417840242386,0.07461529225111008
lexical_category,reextracted_mixed_raw,141,0.06016048043966293,0.07528035342693329
lexical_category,reextracted_mixed_raw,142,0.060011126101017,0.07505803555250168
lexical_category,reextracted_mixed_raw,143,0.0600733608007431,0.0750984326004982
lexical_category,reextracted_mixed_raw,144,0.06010591983795166,0.07516170293092728
lexical_category,reextracted_mixed_raw,145,0.060209035873413086,0.07534639537334442
lexical_category,reextracted_mixed_raw,146,0.0603184700012207,0.07546786963939667
lexical_category,reextracted_mixed_raw,147,0.06041707843542099,0.07564153522253036
lexical_category,reextracted_mixed_raw,148,0.06018543243408203,0.07528087496757507
lexical_category,reextracted_mixed_raw,149,0.059730302542448044,0.07467877119779587
lexical_category,reextracted_mixed_raw,150,0.059817928820848465,0.07474597543478012
lexical_category,reextracted_mixed_raw,151,0.059982266277074814,0.07506201416254044
lexical_category,reextracted_mixed_raw,152,0.060292165726423264,0.07544856518507004
lexical_category,reextracted_mixed_raw,153,0.06011686101555824,0.07525427639484406
lexical_category,reextracted_mixed_raw,154,0.05983676388859749,0.07482245564460754
lexical_category,reextracted_mixed_raw,155,0.059991639107465744,0.07499834150075912
lexical_category,reextracted_mixed_raw,156,0.06028284505009651,0.07543724775314331
lexical_category,reextracted_mixed_raw,157,0.059741634875535965,0.07471601665019989
lexical_category,reextracted_mixed_raw,158,0.059734031558036804,0.07471837103366852
lexical_category,reextracted_mixed_raw,159,0.05988514423370361,0.07484854757785797
lexical_category,reextracted_mixed_raw,160,0.05987976863980293,0.07488908618688583
lexical_category,reextracted_mixed_raw,161,0.06026894226670265,0.07542000710964203
lexical_category,reextracted_mixed_raw,162,0.06011983007192612,0.07520236074924469
lexical_category,reextracted_mixed_raw,163,0.06033279374241829,0.075442373752594
lexical_category,reextracted_mixed_raw,164,0.060017842799425125,0.07508265227079391
lexical_category,reextracted_mixed_raw,165,0.05990276485681534,0.07488217204809189
lexical_category,reextracted_mixed_raw,166,0.06001213192939758,0.07507441192865372
lexical_category,reextracted_mixed_raw,167,0.060123126953840256,0.07522575557231903
lexical_category,reextracted_mixed_raw,168,0.05969943478703499,0.0746232122182846
lexical_category,reextracted_mixed_raw,169,0.059377189725637436,0.07418397814035416
lexical_category,reextracted_mixed_raw,170,0.0603131502866745,0.07546305656433105
lexical_category,reextracted_mixed_raw,171,0.05987397953867912,0.0749061107635498
lexical_category,reextracted_mixed_raw,172,0.059842418879270554,0.07484481483697891
lexical_category,reextracted_mixed_raw,173,0.059833358973264694,0.07481809705495834
lexical_category,reextracted_mixed_raw,174,0.060169517993927,0.07526785880327225
lexical_category,reextracted_mixed_raw,175,0.060090918093919754,0.07518250495195389
lexical_category,reextracted_mixed_raw,176,0.05961930751800537,0.0745444968342781
lexical_category,reextracted_mixed_raw,177,0.05982451140880585,0.07479069381952286
lexical_category,reextracted_mixed_raw,178,0.059921812266111374,0.0749707892537117
lexical_category,reextracted_mixed_raw,179,0.05963267758488655,0.07454126328229904
lexical_category,reextracted_mixed_raw,180,0.06030397117137909,0.07553205639123917
lexical_category,reextracted_mixed_raw,181,0.05991864204406738,0.0749329924583435
lexical_category,reextracted_mixed_raw,182,0.0598875992000103,0.07491866499185562
lexical_category,reextracted_mixed_raw,183,0.05992649868130684,0.07496659457683563
lexical_category,reextracted_mixed_raw,184,0.059855230152606964,0.07482962310314178
lexical_category,reextracted_mixed_raw,185,0.05978253856301308,0.07479381561279297
lexical_category,reextracted_mixed_raw,186,0.0599965937435627,0.07503167539834976
lexical_category,reextracted_mixed_raw,187,0.05999121442437172,0.07505446672439575
lexical_category,reextracted_mixed_raw,188,0.06002476066350937,0.0750606432557106
lexical_category,reextracted_mixed_raw,189,0.060248155146837234,0.07536590844392776
lexical_category,reextracted_mixed_raw,190,0.06001364812254906,0.07507917284965515
lexical_category,reextracted_mixed_raw,191,0.06000373139977455,0.07510253041982651
lexical_category,reextracted_mixed_raw,192,0.06005515903234482,0.07512182742357254
lexical_category,reextracted_mixed_raw,193,0.05991920083761215,0.07493598759174347
lexical_category,reextracted_mixed_raw,194,0.06034918129444122,0.07553846389055252
lexical_category,reextracted_mixed_raw,195,0.06005034223198891,0.07515769451856613
lexical_category,reextracted_mixed_raw,196,0.060010332614183426,0.0750545859336853
lexical_category,reextracted_mixed_raw,197,0.060332104563713074,0.07551520317792892
lexical_category,reextracted_mixed_raw,198,0.05996212735772133,0.07500860840082169
lexical_category,cached_truncated_raw,0,-0.02305160090327263,-0.049303531646728516
lexical_category,cached_truncated_raw,1,-0.023108039051294327,-0.049371153116226196
lexical_category,cached_truncated_raw,2,-0.023101551458239555,-0.04935254529118538
lexical_category,cached_truncated_raw,3,-0.023032937198877335,-0.04925936833024025
lexical_category,cached_truncated_raw,4,-0.023041272535920143,-0.049280013889074326
lexical_category,cached_truncated_raw,5,-0.02302427962422371,-0.04924929887056351
lexical_category,cached_truncated_raw,6,-0.023056166246533394,-0.04927245154976845
lexical_category,cached_truncated_raw,7,-0.023186257109045982,-0.04948202148079872
lexical_category,cached_truncated_raw,8,-0.023216962814331055,-0.04949849471449852
lexical_category,cached_truncated_raw,9,-0.023004621267318726,-0.04921167343854904
lexical_category,cached_truncated_raw,10,-0.022948745638132095,-0.04913923516869545
lexical_category,cached_truncated_raw,11,-0.02312825433909893,-0.0493805967271328
lexical_category,cached_truncated_raw,12,-0.023042403161525726,-0.04927116259932518
lexical_category,cached_truncated_raw,13,-0.02311834506690502,-0.04936341941356659
lexical_category,cached_truncated_raw,14,-0.02325962483882904,-0.04953950271010399
lexical_category,cached_truncated_raw,15,-0.02309425175189972,-0.049355074763298035
lexical_category,cached_truncated_raw,16,-0.02304363064467907,-0.04926866665482521
lexical_category,cached_truncated_raw,17,-0.022867225110530853,-0.04903840646147728
lexical_category,cached_truncated_raw,18,-0.023010309785604477,-0.04923295974731445
lexical_category,cached_truncated_raw,19,-0.023143108934164047,-0.049417734146118164
lexical_category,cached_truncated_raw,20,-0.023242982104420662,-0.04952957481145859
lexical_category,cached_truncated_raw,21,-0.02302040159702301,-0.049251340329647064
lexical_category,cached_truncated_raw,22,-0.02303413301706314,-0.04924318939447403
lexical_category,cached_truncated_raw,23,-0.023036055266857147,-0.049269381910562515
lexical_category,cached_truncated_raw,24,-0.023111889138817787,-0.049387332051992416
lexical_category,cached_truncated_raw,25,-0.0232540313154459,-0.04956718906760216
lexical_category,cached_truncated_raw,26,-0.02302255854010582,-0.04926740750670433
lexical_category,cached_truncated_raw,27,-0.02299356274306774,-0.04923585057258606
lexical_category,cached_truncated_raw,28,-0.023006809875369072,-0.04924231395125389
lexical_category,cached_truncated_raw,29,-0.023076806217432022,-0.04931933060288429
lexical_category,cached_truncated_raw,30,-0.02325628139078617,-0.04958249256014824
lexical_category,cached_truncated_raw,31,-0.02287747897207737,-0.04906250163912773
lexical_category,cached_truncated_raw,32,-0.022990388795733452,-0.04917462170124054
lexical_category,cached_truncated_raw,33,-0.023132000118494034,-0.04940067231655121
lexical_category,cached_truncated_raw,34,-0.023078592494130135,-0.049303244799375534
lexical_category,cached_truncated_raw,35,-0.02300633303821087,-0.04922156780958176
lexical_category,cached_truncated_raw,36,-0.02303466387093067,-0.04928085580468178
lexical_category,cached_truncated_raw,37,-0.022920984774827957,-0.0491214245557785
lexical_category,cached_truncated_raw,38,-0.023146796971559525,-0.04942713677883148
lexical_category,cached_truncated_raw,39,-0.022945586591959,-0.04913416877388954
lexical_category,cached_truncated_raw,40,-0.02321077324450016,-0.049511559307575226
lexical_category,cached_truncated_raw,41,-0.023191947489976883,-0.04946636036038399
lexical_category,cached_truncated_raw,42,-0.023106275126338005,-0.04939403012394905
lexical_category,cached_truncated_raw,43,-0.023001594468951225,-0.04920323193073273
lexical_category,cached_truncated_raw,44,-0.023087767884135246,-0.049345165491104126
lexical_category,cached_truncated_raw,45,-0.023228446021676064,-0.049496572464704514
lexical_category,cached_truncated_raw,46,-0.022982297465205193,-0.049201082438230515
lexical_category,cached_truncated_raw,47,-0.02317526564002037,-0.04944659397006035
lexical_category,cached_truncated_raw,48,-0.023142172023653984,-0.0494161918759346
lexical_category,cached_truncated_raw,49,-0.022962993010878563,-0.04916950687766075
lexical_category,cached_truncated_raw,50,-0.02308654598891735,-0.04934782162308693
lexical_category,cached_truncated_raw,51,-0.02309875376522541,-0.04933519661426544
lexical_category,cached_truncated_raw,52,-0.02305963635444641,-0.04927656427025795
lexical_category,cached_truncated_raw,53,-0.023228788748383522,-0.04949226975440979
lexical_category,cached_truncated_raw,54,-0.023084910586476326,-0.04934476688504219
lexical_category,cached_truncated_raw,55,-0.02305680699646473,-0.049318138509988785
lexical_category,cached_truncated_raw,56,-0.023247355595231056,-0.04954783618450165
lexical_category,cached_truncated_raw,57,-0.0229339599609375,-0.04912779480218887
lexical_category,cached_truncated_raw,58,-0.02322431653738022,-0.049534622579813004
lexical_category,cached_truncated_raw,59,-0.02311146818101406,-0.04934374615550041
lexical_category,cached_truncated_raw,60,-0.02304542437195778,-0.049288421869277954
lexical_category,cached_truncated_raw,61,-0.023184021934866905,-0.04947405308485031
lexical_category,cached_truncated_raw,62,-0.02306864596903324,-0.04931418597698212
lexical_category,cached_truncated_raw,63,-0.0231065321713686,-0.04936755448579788
lexical_category,cached_truncated_raw,64,-0.02302892506122589,-0.04927794262766838
lexical_category,cached_truncated_raw,65,-0.022968251258134842,-0.04916897788643837
lexical_category,cached_truncated_raw,66,-0.023128587752580643,-0.0493912547826767
lexical_category,cached_truncated_raw,67,-0.02297940105199814,-0.04917166009545326
lexical_category,cached_truncated_raw,68,-0.023250402882695198,-0.04957031086087227
lexical_category,cached_truncated_raw,69,-0.02315814420580864,-0.04941423237323761
lexical_category,cached_truncated_raw,70,-0.023063138127326965,-0.04930448532104492
lexical_category,cached_truncated_raw,71,-0.023024823516607285,-0.04925210401415825
lexical_category,cached_truncated_raw,72,-0.023297328501939774,-0.04962063580751419
lexical_category,cached_truncated_raw,73,-0.023163000121712685,-0.049446914345026016
lexical_category,cached_truncated_raw,74,-0.02298383228480816,-0.04921918734908104
lexical_category,cached_truncated_raw,75,-0.023123349994421005,-0.049384042620658875
lexical_category,cached_truncated_raw,76,-0.02311272919178009,-0.049368519335985184
lexical_category,cached_truncated_raw,77,-0.023167872801423073,-0.049435101449489594
lexical_category,cached_truncated_raw,78,-0.023028090596199036,-0.04925541579723358
lexical_category,cached_truncated_raw,79,-0.022956395521759987,-0.04915010929107666
lexical_category,cached_truncated_raw,80,-0.02301757223904133,-0.049253784120082855
lexical_category,cached_truncated_raw,81,-0.022962598130106926,-0.049181852489709854
lexical_category,cached_truncated_raw,82,-0.023194989189505577,-0.04947628453373909
lexical_category,cached_truncated_raw,83,-0.023043202236294746,-0.049261223524808884
lexical_category,cached_truncated_raw,84,-0.023115405812859535,-0.049386296421289444
lexical_category,cached_truncated_raw,85,-0.02306000329554081,-0.04930470138788223
lexical_category,cached_truncated_raw,86,-0.023014875128865242,-0.04923693463206291
lexical_category,cached_truncated_raw,87,-0.023135224357247353,-0.04939817264676094
lexical_category,cached_truncated_raw,88,-0.02315712906420231,-0.04941871762275696
lexical_category,cached_truncated_raw,89,-0.022991394624114037,-0.049219030886888504
lexical_category,cached_truncated_raw,90,-0.023030376061797142,-0.049277402460575104
lexical_category,cached_truncated_raw,91,-0.02327124960720539,-0.04958413913846016
lexical_category,cached_truncated_raw,92,-0.023120328783988953,-0.04937182366847992
lexical_category,cached_truncated_raw,93,-0.0229672621935606,-0.04914860427379608
lexical_category,cached_truncated_raw,94,-0.023000068962574005,-0.049189988523721695
lexical_category,cached_truncated_raw,95,-0.023069217801094055,-0.04929543286561966
lexical_category,cached_truncated_raw,96,-0.02310660295188427,-0.04935063049197197
lexical_category,cached_truncated_raw,97,-0.02334202639758587,-0.049707911908626556
lexical_category,cached_truncated_raw,98,-0.023072941228747368,-0.049310192465782166
lexical_category,cached_truncated_raw,99,-0.022999996319413185,-0.04919782653450966
lexical_category,cached_truncated_raw,100,-0.022926131263375282,-0.04915013164281845
lexical_category,cached_truncated_raw,101,-0.023111797869205475,-0.049376193434000015
lexical_category,cached_truncated_raw,102,-0.022920316085219383,-0.04906539246439934
lexical_category,cached_truncated_raw,103,-0.023129846900701523,-0.04937100410461426
lexical_category,cached_truncated_raw,104,-0.023156214505434036,-0.049410104751586914
lexical_category,cached_truncated_raw,105,-0.023019414395093918,-0.04924238845705986
lexical_category,cached_truncated_raw,106,-0.023110004141926765,-0.04938611760735512
lexical_category,cached_truncated_raw,107,-0.023077646270394325,-0.04932168126106262
lexical_category,cached_truncated_raw,108,-0.02303432673215866,-0.04926672950387001
lexical_category,cached_truncated_raw,109,-0.023130157962441444,-0.0494108647108078
lexical_category,cached_truncated_raw,110,-0.02308035083115101,-0.04930908605456352
lexical_category,cached_truncated_raw,111,-0.023156603798270226,-0.04944475740194321
lexical_category,cached_truncated_raw,112,-0.023014292120933533,-0.04921512305736542
lexical_category,cached_truncated_raw,113,-0.023028502240777016,-0.049243029206991196
lexical_category,cached_truncated_raw,114,-0.02296898514032364,-0.04916536808013916
lexical_category,cached_truncated_raw,115,-0.023080097511410713,-0.049328215420246124
lexical_category,cached_truncated_raw,116,-0.023114748299121857,-0.04937349259853363
lexical_category,cached_truncated_raw,117,-0.023248551413416862,-0.04957005754113197
lexical_category,cached_truncated_raw,118,-0.023123610764741898,-0.04938248172402382
lexical_category,cached_truncated_raw,119,-0.022981321439146996,-0.049159035086631775
lexical_category,cached_truncated_raw,120,-0.02280469238758087,-0.04897517338395119
lexical_category,cached_truncated_raw,121,-0.023169098421931267,-0.04945286735892296
lexical_category,cached_truncated_raw,122,-0.0230665672570467,-0.049292609095573425
lexical_category,cached_truncated_raw,123,-0.02303655445575714,-0.0492570698261261
lexical_category,cached_truncated_raw,124,-0.023092592135071754,-0.04935186356306076
lexical_category,cached_truncated_raw,125,-0.023189853876829147,-0.04948525130748749
lexical_category,cached_truncated_raw,126,-0.02302403934299946,-0.04925454780459404
lexical_category,cached_truncated_raw,127,-0.02316683903336525,-0.04944330081343651
lexical_category,cached_truncated_raw,128,-0.022998785600066185,-0.04921605437994003
lexical_category,cached_truncated_raw,129,-0.02314736880362034,-0.049438972026109695
lexical_category,cached_truncated_raw,130,-0.023038968443870544,-0.0492623895406723
lexical_category,cached_truncated_raw,131,-0.02307119406759739,-0.04930716007947922
lexical_category,cached_truncated_raw,132,-0.023005589842796326,-0.049201738089323044
lexical_category,cached_truncated_raw,133,-0.023188237100839615,-0.04947475716471672
lexical_category,cached_truncated_raw,134,-0.023062624037265778,-0.04930061474442482
lexical_category,cached_truncated_raw,135,-0.022880470380187035,-0.04904583469033241
lexical_category,cached_truncated_raw,136,-0.02311929129064083,-0.04936962574720383
lexical_category,cached_truncated_raw,137,-0.02300841733813286,-0.04925620183348656
lexical_category,cached_truncated_raw,138,-0.023064106702804565,-0.04929828643798828
lexical_category,cached_truncated_raw,139,-0.02306964248418808,-0.04929232597351074
lexical_category,cached_truncated_raw,140,-0.022971663624048233,-0.04915155842900276
lexical_category,cached_truncated_raw,141,-0.02313132956624031,-0.04940522834658623
lexical_category,cached_truncated_raw,142,-0.023236580193042755,-0.0495317317545414
lexical_category,cached_truncated_raw,143,-0.022964714094996452,-0.04917968437075615
lexical_category,cached_truncated_raw,144,-0.02308228798210621,-0.049353793263435364
lexical_category,cached_truncated_raw,145,-0.023106146603822708,-0.0493711419403553
lexical_category,cached_truncated_raw,146,-0.022974267601966858,-0.049175795167684555
lexical_category,cached_truncated_raw,147,-0.02314029633998871,-0.04941319301724434
lexical_category,cached_truncated_raw,148,-0.023031000047922134,-0.04923240840435028
lexical_category,cached_truncated_raw,149,-0.02314669080078602,-0.049422021955251694
lexical_category,cached_truncated_raw,150,-0.023124756291508675,-0.04937409237027168
lexical_category,cached_truncated_raw,151,-0.023023737594485283,-0.04925438016653061
lexical_category,cached_truncated_raw,152,-0.023154446855187416,-0.04943640157580376
lexical_category,cached_truncated_raw,153,-0.02306292951107025,-0.04928598552942276
lexical_category,cached_truncated_raw,154,-0.022911520674824715,-0.049062833189964294
lexical_category,cached_truncated_raw,155,-0.02317393198609352,-0.049462150782346725
lexical_category,cached_truncated_raw,156,-0.02320651151239872,-0.04949944466352463
lexical_category,cached_truncated_raw,157,-0.023161059245467186,-0.04944808781147003
lexical_category,cached_truncated_raw,158,-0.02294696308672428,-0.04918089509010315
lexical_category,cached_truncated_raw,159,-0.02318442240357399,-0.049459412693977356
lexical_category,cached_truncated_raw,160,-0.023051641881465912,-0.04929890111088753
lexical_category,cached_truncated_raw,161,-0.023108486086130142,-0.049365583807229996
lexical_category,cached_truncated_raw,162,-0.02305115945637226,-0.049291349947452545
lexical_category,cached_truncated_raw,163,-0.0231065284460783,-0.04938251152634621
lexical_category,cached_truncated_raw,164,-0.023108607158064842,-0.04937998950481415
lexical_category,cached_truncated_raw,165,-0.023325227200984955,-0.04965540021657944
lexical_category,cached_truncated_raw,166,-0.02301309071481228,-0.04920298233628273
lexical_category,cached_truncated_raw,167,-0.0231188852339983,-0.04937809333205223
lexical_category,cached_truncated_raw,168,-0.023219654336571693,-0.049484774470329285
lexical_category,cached_truncated_raw,169,-0.023149535059928894,-0.0493970662355423
lexical_category,cached_truncated_raw,170,-0.022982988506555557,-0.049186401069164276
lexical_category,cached_truncated_raw,171,-0.023058252409100533,-0.04926767200231552
lexical_category,cached_truncated_raw,172,-0.023110395297408104,-0.04938283935189247
lexical_category,cached_truncated_raw,173,-0.02308644913136959,-0.04933960363268852
lexical_category,cached_truncated_raw,174,-0.023170441389083862,-0.049429621547460556
lexical_category,cached_truncated_raw,175,-0.022997776046395302,-0.04921768978238106
lexical_category,cached_truncated_raw,176,-0.023000327870249748,-0.04922867938876152
lexical_category,cached_truncated_raw,177,-0.023093705996870995,-0.04933740943670273
lexical_category,cached_truncated_raw,178,-0.023237548768520355,-0.04954681545495987
lexical_category,cached_truncated_raw,179,-0.02314591035246849,-0.049399036914110184
lexical_category,cached_truncated_raw,180,-0.022931257262825966,-0.049113284796476364
lexical_category,cached_truncated_raw,181,-0.023160137236118317,-0.04942387714982033
lexical_category,cached_truncated_raw,182,-0.022957492619752884,-0.04915273189544678
lexical_category,cached_truncated_raw,183,-0.023128114640712738,-0.04937838017940521
lexical_category,cached_truncated_raw,184,-0.022982239723205566,-0.04920155182480812
lexical_category,cached_truncated_raw,185,-0.022856377065181732,-0.0490335114300251
lexical_category,cached_truncated_raw,186,-0.023183785378932953,-0.04948503151535988
lexical_category,cached_truncated_raw,187,-0.02314040996134281,-0.04940112680196762
lexical_category,cached_truncated_raw,188,-0.023011842742562294,-0.04923570156097412
lexical_category,cached_truncated_raw,189,-0.02325555868446827,-0.04957060515880585
lexical_category,cached_truncated_raw,190,-0.02300991304218769,-0.04922953620553017
lexical_category,cached_truncated_raw,191,-0.023103145882487297,-0.049347519874572754
lexical_category,cached_truncated_raw,192,-0.023225387558341026,-0.04952006787061691
lexical_category,cached_truncated_raw,193,-0.02320314757525921,-0.049477629363536835
lexical_category,cached_truncated_raw,194,-0.02301551215350628,-0.049236807972192764
lexical_category,cached_truncated_raw,195,-0.022916732355952263,-0.049129899591207504
lexical_category,cached_truncated_raw,196,-0.02294488437473774,-0.049128226935863495
lexical_category,cached_truncated_raw,197,-0.02310432493686676,-0.04937818646430969
lexical_category,cached_truncated_raw,198,-0.022886421531438828,-0.04905809834599495
lexical_category,consistent_block_raw,0,-0.06136590614914894,-0.08648072183132172
lexical_category,consistent_block_raw,1,-0.06134174019098282,-0.08644688874483109
lexical_category,consistent_block_raw,2,-0.06135276332497597,-0.08650662004947662
lexical_category,consistent_block_raw,3,-0.06139406934380531,-0.08652779459953308
lexical_category,consistent_block_raw,4,-0.06131720542907715,-0.08641111105680466
lexical_category,consistent_block_raw,5,-0.06148277223110199,-0.08665402978658676
lexical_category,consistent_block_raw,6,-0.06133011355996132,-0.0864216759800911
lexical_category,consistent_block_raw,7,-0.06140955537557602,-0.08654794096946716
lexical_category,consistent_block_raw,8,-0.06123831123113632,-0.08630897104740143
lexical_category,consistent_block_raw,9,-0.06130300834774971,-0.08639883995056152
lexical_category,consistent_block_raw,10,-0.06128450855612755,-0.08640563488006592
lexical_category,consistent_block_raw,11,-0.06147589161992073,-0.08665790408849716
lexical_category,consistent_block_raw,12,-0.061494968831539154,-0.08666025847196579
lexical_category,consistent_block_raw,13,-0.06127985939383507,-0.08636293560266495
lexical_category,consistent_block_raw,14,-0.061306897550821304,-0.08639891445636749
lexical_category,consistent_block_raw,15,-0.061459679156541824,-0.08659600466489792
lexical_category,consistent_block_raw,16,-0.061501644551754,-0.08668874204158783
lexical_category,consistent_block_raw,17,-0.06139468029141426,-0.0865425318479538
lexical_category,consistent_block_raw,18,-0.06157853081822395,-0.08680079132318497
lexical_category,consistent_block_raw,19,-0.06156426668167114,-0.0867789164185524
lexical_category,consistent_block_raw,20,-0.061211735010147095,-0.08627688139677048
lexical_category,consistent_block_raw,21,-0.061368949711322784,-0.08650805056095123
lexical_category,consistent_block_raw,22,-0.061259374022483826,-0.08633042871952057
lexical_category,consistent_block_raw,23,-0.06134906783699989,-0.08647791296243668
lexical_category,consistent_block_raw,24,-0.06131502613425255,-0.08641408383846283
lexical_category,consistent_block_raw,25,-0.06140945106744766,-0.08655032515525818
lexical_category,consistent_block_raw,26,-0.06121627613902092,-0.08626854419708252
lexical_category,consistent_block_raw,27,-0.06139044463634491,-0.08651838451623917
lexical_category,consistent_block_raw,28,-0.061482761055231094,-0.08664754778146744
lexical_category,consistent_block_raw,29,-0.06144096329808235,-0.08657751977443695
lexical_category,consistent_block_raw,30,-0.06130751594901085,-0.08639918267726898
lexical_category,consistent_block_raw,31,-0.061143919825553894,-0.08617159724235535
lexical_category,consistent_block_raw,32,-0.06139836087822914,-0.08653704822063446
lexical_category,consistent_block_raw,33,-0.061299312859773636,-0.08640563488006592
lexical_category,consistent_block_raw,34,-0.06135790795087814,-0.0864846482872963
lexical_category,consistent_block_raw,35,-0.06137874722480774,-0.08650097250938416
lexical_category,consistent_block_raw,36,-0.061324141919612885,-0.08643290400505066
lexical_category,consistent_block_raw,37,-0.061511073261499405,-0.0867055132985115
lexical_category,consistent_block_raw,38,-0.061235763132572174,-0.08627156913280487
lexical_category,consistent_block_raw,39,-0.06147244945168495,-0.08664823323488235
lexical_category,consistent_block_raw,40,-0.06126981973648071,-0.08635103702545166
lexical_category,consistent_block_raw,41,-0.06147760525345802,-0.08664301037788391
lexical_category,consistent_block_raw,42,-0.061456143856048584,-0.08663053810596466
lexical_category,consistent_block_raw,43,-0.061369527131319046,-0.0864948108792305
lexical_category,consistent_block_raw,44,-0.061348456889390945,-0.08645013719797134
lexical_category,consistent_block_raw,45,-0.061282046139240265,-0.0864005833864212
lexical_category,consistent_block_raw,46,-0.06140385568141937,-0.086583212018013
lexical_category,consistent_block_raw,47,-0.06141034886240959,-0.08652473241090775
lexical_category,consistent_block_raw,48,-0.061458561569452286,-0.08661653846502304
lexical_category,consistent_block_raw,49,-0.06146261841058731,-0.08662205934524536
lexical_category,consistent_block_raw,50,-0.061209890991449356,-0.0862732082605362
lexical_category,consistent_block_raw,51,-0.061591874808073044,-0.08684498816728592
lexical_category,consistent_block_raw,52,-0.06153664365410805,-0.08677799254655838
lexical_category,consistent_block_raw,53,-0.06138487160205841,-0.08649499714374542
lexical_category,consistent_block_raw,54,-0.06133685261011124,-0.08646529912948608
lexical_category,consistent_block_raw,55,-0.06136910244822502,-0.08649547398090363
lexical_category,consistent_block_raw,56,-0.06137901544570923,-0.08649969100952148
lexical_category,consistent_block_raw,57,-0.06135733053088188,-0.0864470899105072
lexical_category,consistent_block_raw,58,-0.06135425716638565,-0.08647822588682175
lexical_category,consistent_block_raw,59,-0.06153180077672005,-0.08671130985021591
lexical_category,consistent_block_raw,60,-0.06168380379676819,-0.08695834130048752
lexical_category,consistent_block_raw,61,-0.06157318875193596,-0.08676201850175858
lexical_category,consistent_block_raw,62,-0.061501991003751755,-0.08665948361158371
lexical_category,consistent_block_raw,63,-0.0611296147108078,-0.08618321269750595
lexical_category,consistent_block_raw,64,-0.06140374019742012,-0.08655621111392975
lexical_category,consistent_block_raw,65,-0.06144431605935097,-0.08658450841903687
lexical_category,consistent_block_raw,66,-0.06147195026278496,-0.08664315193891525
lexical_category,consistent_block_raw,67,-0.06153707951307297,-0.08671890944242477
lexical_category,consistent_block_raw,68,-0.0612521767616272,-0.08633573353290558
lexical_category,consistent_block_raw,69,-0.06130196899175644,-0.08640483766794205
lexical_category,consistent_block_raw,70,-0.06147347390651703,-0.08662020415067673
lexical_category,consistent_block_raw,71,-0.061451781541109085,-0.08665021508932114
lexical_category,consistent_block_raw,72,-0.061406683176755905,-0.08656395226716995
lexical_category,consistent_block_raw,73,-0.061499595642089844,-0.08666551858186722
lexical_category,consistent_block_raw,74,-0.06145636737346649,-0.08660323172807693
lexical_category,consistent_block_raw,75,-0.06136488914489746,-0.08647087961435318
lexical_category,consistent_block_raw,76,-0.0614137202501297,-0.08657722920179367
lexical_category,consistent_block_raw,77,-0.061302825808525085,-0.08638812601566315
lexical_category,consistent_block_raw,78,-0.061263930052518845,-0.0863005742430687
lexical_category,consistent_block_raw,79,-0.06138666719198227,-0.08653765171766281
lexical_category,consistent_block_raw,80,-0.061592113226652145,-0.08682981133460999
lexical_category,consistent_block_raw,81,-0.061386268585920334,-0.08652553707361221
lexical_category,consistent_block_raw,82,-0.06149390712380409,-0.08665543049573898
lexical_category,consistent_block_raw,83,-0.06144962087273598,-0.08662867546081543
lexical_category,consistent_block_raw,84,-0.0613640621304512,-0.08651289343833923
lexical_category,consistent_block_raw,85,-0.06147852540016174,-0.0866515263915062
lexical_category,consistent_block_raw,86,-0.06137260049581528,-0.08651002496480942
lexical_category,consistent_block_raw,87,-0.061303481459617615,-0.08639685809612274
lexical_category,consistent_block_raw,88,-0.061370037496089935,-0.08649080246686935
lexical_category,consistent_block_raw,89,-0.0611824207007885,-0.08622415363788605
lexical_category,consistent_block_raw,90,-0.06132691353559494,-0.08645360171794891
lexical_category,consistent_block_raw,91,-0.06157325580716133,-0.08677032589912415
lexical_category,consistent_block_raw,92,-0.06129254773259163,-0.086427241563797
lexical_category,consistent_block_raw,93,-0.06151603162288666,-0.08668670803308487
lexical_category,consistent_block_raw,94,-0.061445027589797974,-0.0866105854511261
lexical_category,consistent_block_raw,95,-0.061454616487026215,-0.086621955037117
lexical_category,consistent_block_raw,96,-0.06129247322678566,-0.08637400716543198
lexical_category,consistent_block_raw,97,-0.061379365622997284,-0.08649524301290512
lexical_category,consistent_block_raw,98,-0.06137535348534584,-0.08649597316980362
lexical_category,consistent_block_raw,99,-0.06141911447048187,-0.08658178150653839
lexical_category,consistent_block_raw,100,-0.061434485018253326,-0.08655667304992676
lexical_category,consistent_block_raw,101,-0.0613696351647377,-0.08651448786258698
lexical_category,consistent_block_raw,102,-0.06111966073513031,-0.08614100515842438
lexical_category,consistent_block_raw,103,-0.061464402824640274,-0.08663152158260345
lexical_category,consistent_block_raw,104,-0.061510417610406876,-0.08669012039899826
lexical_category,consistent_block_raw,105,-0.061755601316690445,-0.08702455461025238
lexical_category,consistent_block_raw,106,-0.061361007392406464,-0.0864863321185112
lexical_category,consistent_block_raw,107,-0.061466366052627563,-0.08663070946931839
lexical_category,consistent_block_raw,108,-0.06120778247714043,-0.08622691035270691
lexical_category,consistent_block_raw,109,-0.061357930302619934,-0.08648376166820526
lexical_category,consistent_block_raw,110,-0.06127271428704262,-0.086349718272686
lexical_category,consistent_block_raw,111,-0.06133193150162697,-0.08642921596765518
lexical_category,consistent_block_raw,112,-0.06135442852973938,-0.08644125610589981
lexical_category,consistent_block_raw,113,-0.06168651208281517,-0.08693080395460129
lexical_category,consistent_block_raw,114,-0.061536334455013275,-0.0867457166314125
lexical_category,consistent_block_raw,115,-0.061420027166604996,-0.08658643811941147
lexical_category,consistent_block_raw,116,-0.06144624203443527,-0.08657753467559814
lexical_category,consistent_block_raw,117,-0.06133615970611572,-0.0864407867193222
lexical_category,consistent_block_raw,118,-0.061319075524806976,-0.08640195429325104
lexical_category,consistent_block_raw,119,-0.0614856481552124,-0.08665170520544052
lexical_category,consistent_block_raw,120,-0.06140892952680588,-0.08658803254365921
lexical_category,consistent_block_raw,121,-0.06139974296092987,-0.0865001380443573
lexical_category,consistent_block_raw,122,-0.06145386025309563,-0.0865960344672203
lexical_category,consistent_block_raw,123,-0.06133831664919853,-0.08641519397497177
lexical_category,consistent_block_raw,124,-0.061538197100162506,-0.08669088035821915
lexical_category,consistent_block_raw,125,-0.06135428696870804,-0.08643631637096405
lexical_category,consistent_block_raw,126,-0.06145048141479492,-0.08661961555480957
lexical_category,consistent_block_raw,127,-0.06150247901678085,-0.0866837352514267
lexical_category,consistent_block_raw,128,-0.06135744974017143,-0.08647438883781433
lexical_category,consistent_block_raw,129,-0.061278462409973145,-0.08635454624891281
lexical_category,consistent_block_raw,130,-0.06143328920006752,-0.08656888455152512
lexical_category,consistent_block_raw,131,-0.061401788145303726,-0.08654005825519562
lexical_category,consistent_block_raw,132,-0.0613994374871254,-0.08654612302780151
lexical_category,consistent_block_raw,133,-0.0614045113325119,-0.08654876798391342
lexical_category,consistent_block_raw,134,-0.061447128653526306,-0.0865710899233818
lexical_category,consistent_block_raw,135,-0.06149884685873985,-0.08665919303894043
lexical_category,consistent_block_raw,136,-0.061288341879844666,-0.0863732323050499
lexical_category,consistent_block_raw,137,-0.06120072305202484,-0.08624441176652908
lexical_category,consistent_block_raw,138,-0.061318762600421906,-0.08642254024744034
lexical_category,consistent_block_raw,139,-0.061480436474084854,-0.08663850277662277
lexical_category,consistent_block_raw,140,-0.0612696036696434,-0.08636512607336044
lexical_category,consistent_block_raw,141,-0.06127966567873955,-0.08635623753070831
lexical_category,consistent_block_raw,142,-0.06137600541114807,-0.08643607050180435
lexical_category,consistent_block_raw,143,-0.061506487429142,-0.08669427037239075
lexical_category,consistent_block_raw,144,-0.06134477257728577,-0.08647725731134415
lexical_category,consistent_block_raw,145,-0.061586007475852966,-0.08677995949983597
lexical_category,consistent_block_raw,146,-0.06135139241814613,-0.08648189902305603
lexical_category,consistent_block_raw,147,-0.061312828212976456,-0.08641282469034195
lexical_category,consistent_block_raw,148,-0.06142250820994377,-0.08658379316329956
lexical_category,consistent_block_raw,149,-0.06134626641869545,-0.08648493140935898
lexical_category,consistent_block_raw,150,-0.06164683774113655,-0.0868959054350853
lexical_category,consistent_block_raw,151,-0.061475664377212524,-0.08660266548395157
lexical_category,consistent_block_raw,152,-0.06148768216371536,-0.08667334169149399
lexical_category,consistent_block_raw,153,-0.061407770961523056,-0.08656597137451172
lexical_category,consistent_block_raw,154,-0.06134983152151108,-0.08648812025785446
lexical_category,consistent_block_raw,155,-0.06146276742219925,-0.08663001656532288
lexical_category,consistent_block_raw,156,-0.061371468007564545,-0.08650817722082138
lexical_category,consistent_block_raw,157,-0.0615900419652462,-0.0868363007903099
lexical_category,consistent_block_raw,158,-0.0613793209195137,-0.0865054801106453
lexical_category,consistent_block_raw,159,-0.06164083629846573,-0.08686157315969467
lexical_category,consistent_block_raw,160,-0.06133650243282318,-0.08645009994506836
lexical_category,consistent_block_raw,161,-0.06119278445839882,-0.08623518794775009
lexical_category,consistent_block_raw,162,-0.06115245819091797,-0.08621195703744888
lexical_category,consistent_block_raw,163,-0.06125979870557785,-0.0863187164068222
lexical_category,consistent_block_raw,164,-0.06134643033146858,-0.08647286891937256
lexical_category,consistent_block_raw,165,-0.06151954457163811,-0.08673743903636932
lexical_category,consistent_block_raw,166,-0.06146138161420822,-0.08661805838346481
lexical_category,consistent_block_raw,167,-0.06132026016712189,-0.08646917343139648
lexical_category,consistent_block_raw,168,-0.06140727177262306,-0.08656881004571915
lexical_category,consistent_block_raw,169,-0.06146971508860588,-0.08662489801645279
lexical_category,consistent_block_raw,170,-0.061325255781412125,-0.08645285665988922
lexical_category,consistent_block_raw,171,-0.06132131814956665,-0.08646400272846222
lexical_category,consistent_block_raw,172,-0.061493806540966034,-0.08667223155498505
lexical_category,consistent_block_raw,173,-0.06143056973814964,-0.0865999236702919
lexical_category,consistent_block_raw,174,-0.06121210753917694,-0.08622229844331741
lexical_category,consistent_block_raw,175,-0.06134827062487602,-0.08646414428949356
lexical_category,consistent_block_raw,176,-0.06130490079522133,-0.08639279752969742
lexical_category,consistent_block_raw,177,-0.06112946942448616,-0.08617274463176727
lexical_category,consistent_block_raw,178,-0.06129427254199982,-0.08637714385986328
lexical_category,consistent_block_raw,179,-0.06139247864484787,-0.08655048906803131
lexical_category,consistent_block_raw,180,-0.061404746025800705,-0.08653062582015991
lexical_category,consistent_block_raw,181,-0.06143404170870781,-0.08655213564634323
lexical_category,consistent_block_raw,182,-0.06146472692489624,-0.08666572719812393
lexical_category,consistent_block_raw,183,-0.06132447347044945,-0.08638031780719757
lexical_category,consistent_block_raw,184,-0.06132994964718819,-0.08642552047967911
lexical_category,consistent_block_raw,185,-0.06142909824848175,-0.08658339083194733
lexical_category,consistent_block_raw,186,-0.06137453392148018,-0.0864875465631485
lexical_category,consistent_block_raw,187,-0.06133515015244484,-0.08645649999380112
lexical_category,consistent_block_raw,188,-0.061195146292448044,-0.08625171333551407
lexical_category,consistent_block_raw,189,-0.061386916786432266,-0.08654621243476868
lexical_category,consistent_block_raw,190,-0.061312295496463776,-0.08642660081386566
lexical_category,consistent_block_raw,191,-0.0616920106112957,-0.08696292340755463
lexical_category,consistent_block_raw,192,-0.0612899474799633,-0.08635243773460388
lexical_category,consistent_block_raw,193,-0.061405573040246964,-0.08656057715415955
lexical_category,consistent_block_raw,194,-0.061330217868089676,-0.08641400933265686
lexical_category,consistent_block_raw,195,-0.061299633234739304,-0.086379274725914
lexical_category,consistent_block_raw,196,-0.0613289512693882,-0.08638860285282135
lexical_category,consistent_block_raw,197,-0.06156149506568909,-0.08677680790424347
lexical_category,consistent_block_raw,198,-0.0613413080573082,-0.08645809441804886
lexical_category,common_rmsnorm,0,-0.2019948810338974,-0.3425188660621643
lexical_category,common_rmsnorm,1,-0.20240525901317596,-0.34317341446876526
lexical_category,common_rmsnorm,2,-0.2025449424982071,-0.3433089852333069
lexical_category,common_rmsnorm,3,-0.20270879566669464,-0.34350109100341797
lexical_category,common_rmsnorm,4,-0.20272010564804077,-0.3435981273651123
lexical_category,common_rmsnorm,5,-0.2024635374546051,-0.3433133661746979
lexical_category,common_rmsnorm,6,-0.20260874927043915,-0.34351399540901184
lexical_category,common_rmsnorm,7,-0.20229962468147278,-0.3431447744369507
lexical_category,common_rmsnorm,8,-0.20222224295139313,-0.3427385985851288
lexical_category,common_rmsnorm,9,-0.20229394733905792,-0.3428674042224884
lexical_category,common_rmsnorm,10,-0.20228685438632965,-0.34300076961517334
lexical_category,common_rmsnorm,11,-0.20225228369235992,-0.3428974747657776
lexical_category,common_rmsnorm,12,-0.20201776921749115,-0.34247881174087524
lexical_category,common_rmsnorm,13,-0.20273736119270325,-0.34362128376960754
lexical_category,common_rmsnorm,14,-0.20236551761627197,-0.34298792481422424
lexical_category,common_rmsnorm,15,-0.20194204151630402,-0.3423632085323334
lexical_category,common_rmsnorm,16,-0.20241779088974,-0.34321722388267517
lexical_category,common_rmsnorm,17,-0.2020617425441742,-0.3426097333431244
lexical_category,common_rmsnorm,18,-0.20205058157444,-0.3425857424736023
lexical_category,common_rmsnorm,19,-0.2022227644920349,-0.3428718149662018
lexical_category,common_rmsnorm,20,-0.20269092917442322,-0.34359946846961975
lexical_category,common_rmsnorm,21,-0.20247958600521088,-0.3432937264442444
lexical_category,common_rmsnorm,22,-0.20223113894462585,-0.34269410371780396
lexical_category,common_rmsnorm,23,-0.2023344784975052,-0.34303349256515503
lexical_category,common_rmsnorm,24,-0.20180891454219818,-0.3421141803264618
lexical_category,common_rmsnorm,25,-0.20225733518600464,-0.34295454621315
lexical_category,common_rmsnorm,26,-0.20264901220798492,-0.3436220586299896
lexical_category,common_rmsnorm,27,-0.20182664692401886,-0.34213241934776306
lexical_category,common_rmsnorm,28,-0.20215275883674622,-0.34282779693603516
lexical_category,common_rmsnorm,29,-0.20288649201393127,-0.34385696053504944
lexical_category,common_rmsnorm,30,-0.20241086184978485,-0.34310802817344666
lexical_category,common_rmsnorm,31,-0.20206855237483978,-0.34254828095436096
lexical_category,common_rmsnorm,32,-0.2021988034248352,-0.3426973223686218
lexical_category,common_rmsnorm,33,-0.20308779180049896,-0.3442884385585785
lexical_category,common_rmsnorm,34,-0.2018604725599289,-0.3422571122646332
lexical_category,common_rmsnorm,35,-0.20242637395858765,-0.34314683079719543
lexical_category,common_rmsnorm,36,-0.20261305570602417,-0.34343424439430237
lexical_category,common_rmsnorm,37,-0.20234961807727814,-0.34296995401382446
lexical_category,common_rmsnorm,38,-0.20206576585769653,-0.342529833316803
lexical_category,common_rmsnorm,39,-0.20222841203212738,-0.3427736163139343
lexical_category,common_rmsnorm,40,-0.20211561024188995,-0.34259986877441406
lexical_category,common_rmsnorm,41,-0.20207852125167847,-0.3425784111022949
lexical_category,common_rmsnorm,42,-0.20212945342063904,-0.34265467524528503
lexical_category,common_rmsnorm,43,-0.20270733535289764,-0.3435715138912201
lexical_category,common_rmsnorm,44,-0.20235095918178558,-0.34305137395858765
lexical_category,common_rmsnorm,45,-0.2019096165895462,-0.3422713577747345
lexical_category,common_rmsnorm,46,-0.20246219635009766,-0.34321755170822144
lexical_category,common_rmsnorm,47,-0.20265470445156097,-0.3435335159301758
lexical_category,common_rmsnorm,48,-0.20243409276008606,-0.34319692850112915
lexical_category,common_rmsnorm,49,-0.20246271789073944,-0.3433062732219696
lexical_category,common_rmsnorm,50,-0.2022918164730072,-0.34307363629341125
lexical_category,common_rmsnorm,51,-0.20267552137374878,-0.3435576260089874
lexical_category,common_rmsnorm,52,-0.20227564871311188,-0.3429511785507202
lexical_category,common_rmsnorm,53,-0.20221669971942902,-0.34288105368614197
lexical_category,common_rmsnorm,54,-0.20290106534957886,-0.3438164293766022
lexical_category,common_rmsnorm,55,-0.20246465504169464,-0.34336912631988525
lexical_category,common_rmsnorm,56,-0.2018655240535736,-0.34224367141723633
lexical_category,common_rmsnorm,57,-0.20215757191181183,-0.34266728162765503
lexical_category,common_rmsnorm,58,-0.2023085653781891,-0.34293535351753235
lexical_category,common_rmsnorm,59,-0.20256413519382477,-0.3433257043361664
lexical_category,common_rmsnorm,60,-0.20292069017887115,-0.3440176546573639
lexical_category,common_rmsnorm,61,-0.20217351615428925,-0.34272319078445435
lexical_category,common_rmsnorm,62,-0.20243476331233978,-0.34308433532714844
lexical_category,common_rmsnorm,63,-0.20253926515579224,-0.34337300062179565
lexical_category,common_rmsnorm,64,-0.2027529776096344,-0.3437696695327759
lexical_category,common_rmsnorm,65,-0.20254221558570862,-0.3434528112411499
lexical_category,common_rmsnorm,66,-0.2025841325521469,-0.3434685170650482
lexical_category,common_rmsnorm,67,-0.20192328095436096,-0.3423670828342438
lexical_category,common_rmsnorm,68,-0.20264166593551636,-0.3435588777065277
lexical_category,common_rmsnorm,69,-0.20249484479427338,-0.343280553817749
lexical_category,common_rmsnorm,70,-0.20233777165412903,-0.3430304527282715
lexical_category,common_rmsnorm,71,-0.20226411521434784,-0.34287938475608826
lexical_category,common_rmsnorm,72,-0.20206142961978912,-0.34253373742103577
lexical_category,common_rmsnorm,73,-0.20231541991233826,-0.34302645921707153
lexical_category,common_rmsnorm,74,-0.2024688571691513,-0.34325534105300903
lexical_category,common_rmsnorm,75,-0.2018723040819168,-0.34217369556427
lexical_category,common_rmsnorm,76,-0.2021816223859787,-0.3426853120326996
lexical_category,common_rmsnorm,77,-0.20283065736293793,-0.3439198434352875
lexical_category,common_rmsnorm,78,-0.20192237198352814,-0.3424040973186493
lexical_category,common_rmsnorm,79,-0.20218141376972198,-0.34291940927505493
lexical_category,common_rmsnorm,80,-0.20210443437099457,-0.342716246843338
lexical_category,common_rmsnorm,81,-0.20286832749843597,-0.34380024671554565
lexical_category,common_rmsnorm,82,-0.2026451677083969,-0.34358158707618713
lexical_category,common_rmsnorm,83,-0.20251919329166412,-0.34324556589126587
lexical_category,common_rmsnorm,84,-0.20262709259986877,-0.3436107337474823
lexical_category,common_rmsnorm,85,-0.20246292650699615,-0.3431176245212555
lexical_category,common_rmsnorm,86,-0.20236915349960327,-0.3430866301059723
lexical_category,common_rmsnorm,87,-0.2020208090543747,-0.34244629740715027
lexical_category,common_rmsnorm,88,-0.20239871740341187,-0.34320610761642456
lexical_category,common_rmsnorm,89,-0.20212069153785706,-0.3427193760871887
lexical_category,common_rmsnorm,90,-0.20223213732242584,-0.34288832545280457
lexical_category,common_rmsnorm,91,-0.20291106402873993,-0.34393560886383057
lexical_category,common_rmsnorm,92,-0.20250804722309113,-0.34324556589126587
lexical_category,common_rmsnorm,93,-0.20255178213119507,-0.3435688614845276
lexical_category,common_rmsnorm,94,-0.2022099494934082,-0.34275734424591064
lexical_category,common_rmsnorm,95,-0.20200350880622864,-0.3425024747848511
lexical_category,common_rmsnorm,96,-0.2023124247789383,-0.34293776750564575
lexical_category,common_rmsnorm,97,-0.20204032957553864,-0.3424549400806427
lexical_category,common_rmsnorm,98,-0.20212328433990479,-0.3426095247268677
lexical_category,common_rmsnorm,99,-0.20206797122955322,-0.3426092863082886
lexical_category,common_rmsnorm,100,-0.20254001021385193,-0.3434125483036041
lexical_category,common_rmsnorm,101,-0.20221227407455444,-0.3426811397075653
lexical_category,common_rmsnorm,102,-0.20285306870937347,-0.3438700735569
lexical_category,common_rmsnorm,103,-0.20277118682861328,-0.3436944782733917
lexical_category,common_rmsnorm,104,-0.20264534652233124,-0.34361743927001953
lexical_category,common_rmsnorm,105,-0.20260606706142426,-0.34345266222953796
lexical_category,common_rmsnorm,106,-0.2022995501756668,-0.3428992033004761
lexical_category,common_rmsnorm,107,-0.20260879397392273,-0.3434320092201233
lexical_category,common_rmsnorm,108,-0.20196355879306793,-0.34237921237945557
lexical_category,common_rmsnorm,109,-0.20234496891498566,-0.34302249550819397
lexical_category,common_rmsnorm,110,-0.20211422443389893,-0.34269973635673523
lexical_category,common_rmsnorm,111,-0.20218966901302338,-0.3427877426147461
lexical_category,common_rmsnorm,112,-0.202361062169075,-0.343046098947525
lexical_category,common_rmsnorm,113,-0.20252174139022827,-0.34340134263038635
lexical_category,common_rmsnorm,114,-0.20174627006053925,-0.342087984085083
lexical_category,common_rmsnorm,115,-0.2023022323846817,-0.3428077697753906
lexical_category,common_rmsnorm,116,-0.20218245685100555,-0.34281444549560547
lexical_category,common_rmsnorm,117,-0.20273254811763763,-0.34366708993911743
lexical_category,common_rmsnorm,118,-0.20265497267246246,-0.34365543723106384
lexical_category,common_rmsnorm,119,-0.20269553363323212,-0.34356120228767395
lexical_category,common_rmsnorm,120,-0.20215657353401184,-0.34278178215026855
lexical_category,common_rmsnorm,121,-0.2023872286081314,-0.34314146637916565
lexical_category,common_rmsnorm,122,-0.20220135152339935,-0.3427417576313019
lexical_category,common_rmsnorm,123,-0.20312213897705078,-0.3442010283470154
lexical_category,common_rmsnorm,124,-0.20243848860263824,-0.34316131472587585
lexical_category,common_rmsnorm,125,-0.20266622304916382,-0.34364795684814453
lexical_category,common_rmsnorm,126,-0.20246665179729462,-0.34315964579582214
lexical_category,common_rmsnorm,127,-0.20235975086688995,-0.34294256567955017
lexical_category,common_rmsnorm,128,-0.20282182097434998,-0.343727171421051
lexical_category,common_rmsnorm,129,-0.20276255905628204,-0.3435944616794586
lexical_category,common_rmsnorm,130,-0.20248177647590637,-0.3432760238647461
lexical_category,common_rmsnorm,131,-0.2025652825832367,-0.343406081199646
lexical_category,common_rmsnorm,132,-0.20273853838443756,-0.34367311000823975
lexical_category,common_rmsnorm,133,-0.2022840827703476,-0.3429418206214905
lexical_category,common_rmsnorm,134,-0.20279498398303986,-0.3437415659427643
lexical_category,common_rmsnorm,135,-0.20277945697307587,-0.3437730371952057
lexical_category,common_rmsnorm,136,-0.20251420140266418,-0.3433697819709778
lexical_category,common_rmsnorm,137,-0.20224544405937195,-0.3428000509738922
lexical_category,common_rmsnorm,138,-0.20235373079776764,-0.34309378266334534
lexical_category,common_rmsnorm,139,-0.20257121324539185,-0.3434795141220093
lexical_category,common_rmsnorm,140,-0.2020842730998993,-0.34258416295051575
lexical_category,common_rmsnorm,141,-0.2027253657579422,-0.34378480911254883
lexical_category,common_rmsnorm,142,-0.20256942510604858,-0.34344226121902466
lexical_category,common_rmsnorm,143,-0.20266440510749817,-0.34355735778808594
lexical_category,common_rmsnorm,144,-0.2022877037525177,-0.34272414445877075
lexical_category,common_rmsnorm,145,-0.2025163769721985,-0.34329748153686523
lexical_category,common_rmsnorm,146,-0.20216283202171326,-0.34268590807914734
lexical_category,common_rmsnorm,147,-0.20232632756233215,-0.34306052327156067
lexical_category,common_rmsnorm,148,-0.20178568363189697,-0.3419415056705475
lexical_category,common_rmsnorm,149,-0.20277026295661926,-0.3438952565193176
lexical_category,common_rmsnorm,150,-0.2024146318435669,-0.3431074321269989
lexical_category,common_rmsnorm,151,-0.2025710493326187,-0.3434532582759857
lexical_category,common_rmsnorm,152,-0.20259898900985718,-0.34353721141815186
lexical_category,common_rmsnorm,153,-0.2023904025554657,-0.3430560827255249
lexical_category,common_rmsnorm,154,-0.20192445814609528,-0.3422888517379761
lexical_category,common_rmsnorm,155,-0.20266465842723846,-0.34358322620391846
lexical_category,common_rmsnorm,156,-0.20255517959594727,-0.34343191981315613
lexical_category,common_rmsnorm,157,-0.20221194624900818,-0.3428037166595459
lexical_category,common_rmsnorm,158,-0.20226958394050598,-0.3429132401943207
lexical_category,common_rmsnorm,159,-0.20221742987632751,-0.342801570892334
lexical_category,common_rmsnorm,160,-0.20190957188606262,-0.34227198362350464
lexical_category,common_rmsnorm,161,-0.20225228369235992,-0.3430199921131134
lexical_category,common_rmsnorm,162,-0.20235632359981537,-0.34299054741859436
lexical_category,common_rmsnorm,163,-0.20225247740745544,-0.34275004267692566
lexical_category,common_rmsnorm,164,-0.2023833841085434,-0.34309566020965576
lexical_category,common_rmsnorm,165,-0.20238731801509857,-0.3431471586227417
lexical_category,common_rmsnorm,166,-0.2025405764579773,-0.34335827827453613
lexical_category,common_rmsnorm,167,-0.20244044065475464,-0.3432960510253906
lexical_category,common_rmsnorm,168,-0.20206402242183685,-0.3425182104110718
lexical_category,common_rmsnorm,169,-0.2021370679140091,-0.3426266312599182
lexical_category,common_rmsnorm,170,-0.20281986892223358,-0.34381160140037537
lexical_category,common_rmsnorm,171,-0.20215100049972534,-0.34266138076782227
lexical_category,common_rmsnorm,172,-0.20218229293823242,-0.3427636921405792
lexical_category,common_rmsnorm,173,-0.20213595032691956,-0.342716783285141
lexical_category,common_rmsnorm,174,-0.20209163427352905,-0.3424760401248932
lexical_category,common_rmsnorm,175,-0.20226608216762543,-0.34293633699417114
lexical_category,common_rmsnorm,176,-0.20242100954055786,-0.34309056401252747
lexical_category,common_rmsnorm,177,-0.20208445191383362,-0.3427206873893738
lexical_category,common_rmsnorm,178,-0.2019546926021576,-0.34232479333877563
lexical_category,common_rmsnorm,179,-0.2021014392375946,-0.342713862657547
lexical_category,common_rmsnorm,180,-0.20230448246002197,-0.3430136442184448
lexical_category,common_rmsnorm,181,-0.20261447131633759,-0.3434894382953644
lexical_category,common_rmsnorm,182,-0.20197753608226776,-0.342403769493103
lexical_category,common_rmsnorm,183,-0.202193483710289,-0.3427140414714813
lexical_category,common_rmsnorm,184,-0.20250791311264038,-0.3433535397052765
lexical_category,common_rmsnorm,185,-0.20245958864688873,-0.34324732422828674
lexical_category,common_rmsnorm,186,-0.20239001512527466,-0.3432358503341675
lexical_category,common_rmsnorm,187,-0.2021818459033966,-0.3426925837993622
lexical_category,common_rmsnorm,188,-0.2020493894815445,-0.3426836431026459
lexical_category,common_rmsnorm,189,-0.20238468050956726,-0.34303852915763855
lexical_category,common_rmsnorm,190,-0.20219112932682037,-0.3427167534828186
lexical_category,common_rmsnorm,191,-0.2024414986371994,-0.34311243891716003
lexical_category,common_rmsnorm,192,-0.20209167897701263,-0.34251663088798523
lexical_category,common_rmsnorm,193,-0.2024528831243515,-0.3431529402732849
lexical_category,common_rmsnorm,194,-0.2024870216846466,-0.34308841824531555
lexical_category,common_rmsnorm,195,-0.2020391821861267,-0.34245607256889343
lexical_category,common_rmsnorm,196,-0.20232897996902466,-0.34298911690711975
lexical_category,common_rmsnorm,197,-0.20263801515102386,-0.34338265657424927
lexical_category,common_rmsnorm,198,-0.20199255645275116,-0.342428058385849
arithmetic_addition,cached_mixed_raw,0,0.0661325603723526,0.08350883424282074
arithmetic_addition,cached_mixed_raw,1,0.06593029201030731,0.08320459723472595
arithmetic_addition,cached_mixed_raw,2,0.06637583673000336,0.0838359147310257
arithmetic_addition,cached_mixed_raw,3,0.06629445403814316,0.08372990787029266
arithmetic_addition,cached_mixed_raw,4,0.06597305834293365,0.08325932174921036
arithmetic_addition,cached_mixed_raw,5,0.06633839011192322,0.0837726965546608
arithmetic_addition,cached_mixed_raw,6,0.06602713465690613,0.08335743844509125
arithmetic_addition,cached_mixed_raw,7,0.0661441758275032,0.08351263403892517
arithmetic_addition,cached_mixed_raw,8,0.06622182577848434,0.0835656002163887
arithmetic_addition,cached_mixed_raw,9,0.06606712192296982,0.08341085910797119
arithmetic_addition,cached_mixed_raw,10,0.06604964286088943,0.083401158452034
arithmetic_addition,cached_mixed_raw,11,0.06607281416654587,0.08342939615249634
arithmetic_addition,cached_mixed_raw,12,0.06598500907421112,0.08327040076255798
arithmetic_addition,cached_mixed_raw,13,0.06625458598136902,0.08365096896886826
arithmetic_addition,cached_mixed_raw,14,0.06606609374284744,0.08340463787317276
arithmetic_addition,cached_mixed_raw,15,0.06621226668357849,0.08360875397920609
arithmetic_addition,cached_mixed_raw,16,0.06619371473789215,0.08356646448373795
arithmetic_addition,cached_mixed_raw,17,0.0661512091755867,0.0835099145770073
arithmetic_addition,cached_mixed_raw,18,0.0662098303437233,0.08359366655349731
arithmetic_addition,cached_mixed_raw,19,0.06634803861379623,0.08379337936639786
arithmetic_addition,cached_mixed_raw,20,0.06647667288780212,0.08397634327411652
arithmetic_addition,cached_mixed_raw,21,0.066266268491745,0.08368611335754395
arithmetic_addition,cached_mixed_raw,22,0.06596744805574417,0.08323734253644943
arithmetic_addition,cached_mixed_raw,23,0.06628552824258804,0.08371099084615707
arithmetic_addition,cached_mixed_raw,24,0.06620953232049942,0.08357524871826172
arithmetic_addition,cached_mixed_raw,25,0.06622279435396194,0.08362667262554169
arithmetic_addition,cached_mixed_raw,26,0.0662943422794342,0.08370985090732574
arithmetic_addition,cached_mixed_raw,27,0.06632351875305176,0.08378341794013977
arithmetic_addition,cached_mixed_raw,28,0.06640337407588959,0.08387384563684464
arithmetic_addition,cached_mixed_raw,29,0.06616388261318207,0.08353691548109055
arithmetic_addition,cached_mixed_raw,30,0.0659928247332573,0.08330599963665009
arithmetic_addition,cached_mixed_raw,31,0.0663306936621666,0.0838145986199379
arithmetic_addition,cached_mixed_raw,32,0.06641105562448502,0.08389498293399811
arithmetic_addition,cached_mixed_raw,33,0.06626181304454803,0.0836484283208847
arithmetic_addition,cached_mixed_raw,34,0.06636045128107071,0.08383597433567047
arithmetic_addition,cached_mixed_raw,35,0.06614817678928375,0.08350353688001633
arithmetic_addition,cached_mixed_raw,36,0.06653967499732971,0.08406568318605423
arithmetic_addition,cached_mixed_raw,37,0.06627441942691803,0.08366912603378296
arithmetic_addition,cached_mixed_raw,38,0.06629306823015213,0.08370213210582733
arithmetic_addition,cached_mixed_raw,39,0.06627605855464935,0.08368721604347229
arithmetic_addition,cached_mixed_raw,40,0.06641729921102524,0.08387747406959534
arithmetic_addition,cached_mixed_raw,41,0.06626581400632858,0.08370494097471237
arithmetic_addition,cached_mixed_raw,42,0.06643136590719223,0.08389905840158463
arithmetic_addition,cached_mixed_raw,43,0.06593725085258484,0.08322040736675262
arithmetic_addition,cached_mixed_raw,44,0.06635251641273499,0.08382207155227661
arithmetic_addition,cached_mixed_raw,45,0.06635619699954987,0.08380613476037979
arithmetic_addition,cached_mixed_raw,46,0.0660538598895073,0.0833715945482254
arithmetic_addition,cached_mixed_raw,47,0.06649661809206009,0.08397890627384186
arithmetic_addition,cached_mixed_raw,48,0.06661108881235123,0.08414715528488159
arithmetic_addition,cached_mixed_raw,49,0.06606242805719376,0.08343237638473511
arithmetic_addition,cached_mixed_raw,50,0.06628178805112839,0.08367376029491425
arithmetic_addition,cached_mixed_raw,51,0.06643876433372498,0.08391589671373367
arithmetic_addition,cached_mixed_raw,52,0.06620044261217117,0.08360739052295685
arithmetic_addition,cached_mixed_raw,53,0.06631937623023987,0.08371879160404205
arithmetic_addition,cached_mixed_raw,54,0.06627033650875092,0.08365587145090103
arithmetic_addition,cached_mixed_raw,55,0.06618957221508026,0.08357104659080505
arithmetic_addition,cached_mixed_raw,56,0.06616076827049255,0.08355151861906052
arithmetic_addition,cached_mixed_raw,57,0.06604576855897903,0.08337797969579697
arithmetic_addition,cached_mixed_raw,58,0.06630383431911469,0.08373900502920151
arithmetic_addition,cached_mixed_raw,59,0.0659676045179367,0.08327780663967133
arithmetic_addition,cached_mixed_raw,60,0.06624270975589752,0.08365414291620255
arithmetic_addition,cached_mixed_raw,61,0.06641823798418045,0.08386912941932678
arithmetic_addition,cached_mixed_raw,62,0.06625146418809891,0.08367519080638885
arithmetic_addition,cached_mixed_raw,63,0.06639368087053299,0.08384741097688675
arithmetic_addition,cached_mixed_raw,64,0.06610798835754395,0.08344025164842606
arithmetic_addition,cached_mixed_raw,65,0.06641212105751038,0.08387260884046555
arithmetic_addition,cached_mixed_raw,66,0.06636444479227066,0.08381649106740952
arithmetic_addition,cached_mixed_raw,67,0.06620561331510544,0.08358902484178543
arithmetic_addition,cached_mixed_raw,68,0.06604056060314178,0.08335312455892563
arithmetic_addition,cached_mixed_raw,69,0.06637358665466309,0.08382158726453781
arithmetic_addition,cached_mixed_raw,70,0.0662277489900589,0.08359988778829575
arithmetic_addition,cached_mixed_raw,71,0.06593567878007889,0.08323696255683899
arithmetic_addition,cached_mixed_raw,72,0.06622578203678131,0.08364126831293106
arithmetic_addition,cached_mixed_raw,73,0.06673502922058105,0.08431696891784668
arithmetic_addition,cached_mixed_raw,74,0.0662449523806572,0.0836494043469429
arithmetic_addition,cached_mixed_raw,75,0.06617893278598785,0.08357235044240952
arithmetic_addition,cached_mixed_raw,76,0.06572890281677246,0.08292706310749054
arithmetic_addition,cached_mixed_raw,77,0.0661703497171402,0.08354784548282623
arithmetic_addition,cached_mixed_raw,78,0.06619346886873245,0.08357060700654984
arithmetic_addition,cached_mixed_raw,79,0.06630054861307144,0.08374840766191483
arithmetic_addition,cached_mixed_raw,80,0.06608392298221588,0.0833994597196579
arithmetic_addition,cached_mixed_raw,81,0.06621896475553513,0.08363302052021027
arithmetic_addition,cached_mixed_raw,82,0.0661221444606781,0.08350161463022232
arithmetic_addition,cached_mixed_raw,83,0.06620189547538757,0.08359797298908234
arithmetic_addition,cached_mixed_raw,84,0.06641954928636551,0.08386831730604172
arithmetic_addition,cached_mixed_raw,85,0.06621543318033218,0.0835694745182991
arithmetic_addition,cached_mixed_raw,86,0.06682346016168594,0.08442208170890808
arithmetic_addition,cached_mixed_raw,87,0.06591259688138962,0.08320706337690353
arithmetic_addition,cached_mixed_raw,88,0.06641089916229248,0.08388803899288177
arithmetic_addition,cached_mixed_raw,89,0.06689254939556122,0.08457519114017487
arithmetic_addition,cached_mixed_raw,90,0.0662248283624649,0.08364587277173996
arithmetic_addition,cached_mixed_raw,91,0.06633283942937851,0.0837586373090744
arithmetic_addition,cached_mixed_raw,92,0.06615226715803146,0.083529993891716
arithmetic_addition,cached_mixed_raw,93,0.06608137488365173,0.0834687352180481
arithmetic_addition,cached_mixed_raw,94,0.06611932069063187,0.08346036821603775
arithmetic_addition,cached_mixed_raw,95,0.06617197394371033,0.0835406705737114
arithmetic_addition,cached_mixed_raw,96,0.06611964106559753,0.08346861600875854
arithmetic_addition,cached_mixed_raw,97,0.06638257950544357,0.0838344618678093
arithmetic_addition,cached_mixed_raw,98,0.06581822037696838,0.08305443823337555
arithmetic_addition,cached_mixed_raw,99,0.0660816878080368,0.08341339230537415
arithmetic_addition,cached_mixed_raw,100,0.06665610522031784,0.08424052596092224
arithmetic_addition,cached_mixed_raw,101,0.06670599430799484,0.08428409695625305
arithmetic_addition,cached_mixed_raw,102,0.06647146493196487,0.08395212888717651
arithmetic_addition,cached_mixed_raw,103,0.06605710089206696,0.08340949565172195
arithmetic_addition,cached_mixed_raw,104,0.06615669280290604,0.08350265771150589
arithmetic_addition,cached_mixed_raw,105,0.06625186651945114,0.08365778625011444
arithmetic_addition,cached_mixed_raw,106,0.0662887692451477,0.08371152728796005
arithmetic_addition,cached_mixed_raw,107,0.06608191132545471,0.08342157304286957
arithmetic_addition,cached_mixed_raw,108,0.06631836295127869,0.08374329656362534
arithmetic_addition,cached_mixed_raw,109,0.06663698703050613,0.084195576608181
arithmetic_addition,cached_mixed_raw,110,0.06629113852977753,0.08369991928339005
arithmetic_addition,cached_mixed_raw,111,0.0660710260272026,0.08339715003967285
arithmetic_addition,cached_mixed_raw,112,0.06630511581897736,0.08374661952257156
arithmetic_addition,cached_mixed_raw,113,0.06617187708616257,0.0835118442773819
arithmetic_addition,cached_mixed_raw,114,0.06613931059837341,0.08350088447332382
arithmetic_addition,cached_mixed_raw,115,0.0661863386631012,0.08357314020395279
arithmetic_addition,cached_mixed_raw,116,0.06621024757623672,0.0835987851023674
arithmetic_addition,cached_mixed_raw,117,0.06625201553106308,0.08363807946443558
arithmetic_addition,cached_mixed_raw,118,0.06645790487527847,0.08393555134534836
arithmetic_addition,cached_mixed_raw,119,0.06584466993808746,0.08308487385511398
arithmetic_addition,cached_mixed_raw,120,0.06604519486427307,0.08334546536207199
arithmetic_addition,cached_mixed_raw,121,0.06600021570920944,0.08330206573009491
arithmetic_addition,cached_mixed_raw,122,0.06608685851097107,0.08343490213155746
arithmetic_addition,cached_mixed_raw,123,0.06641575694084167,0.08391083031892776
arithmetic_addition,cached_mixed_raw,124,0.06611694395542145,0.08346328139305115
arithmetic_addition,cached_mixed_raw,125,0.06631635129451752,0.08376824110746384
arithmetic_addition,cached_mixed_raw,126,0.06583677977323532,0.08309927582740784
arithmetic_addition,cached_mixed_raw,127,0.0663507729768753,0.08380559831857681
arithmetic_addition,cached_mixed_raw,128,0.06635075807571411,0.08380011469125748
arithmetic_addition,cached_mixed_raw,129,0.06635697185993195,0.08381254971027374
arithmetic_addition,cached_mixed_raw,130,0.06639625877141953,0.08386941254138947
arithmetic_addition,cached_mixed_raw,131,0.06592508405447006,0.08324472606182098
arithmetic_addition,cached_mixed_raw,132,0.066175177693367,0.08355797082185745
arithmetic_addition,cached_mixed_raw,133,0.06623146682977676,0.08362621068954468
arithmetic_addition,cached_mixed_raw,134,0.06601231545209885,0.08332523703575134
arithmetic_addition,cached_mixed_raw,135,0.0663355141878128,0.08374933898448944
arithmetic_addition,cached_mixed_raw,136,0.06628946214914322,0.08370151370763779
arithmetic_addition,cached_mixed_raw,137,0.06599974632263184,0.08330473303794861
arithmetic_addition,cached_mixed_raw,138,0.06640250235795975,0.08390747755765915
arithmetic_addition,cached_mixed_raw,139,0.0661327987909317,0.083529993891716
arithmetic_addition,cached_mixed_raw,140,0.06629505753517151,0.08370566368103027
arithmetic_addition,cached_mixed_raw,141,0.06649314612150192,0.08398802578449249
arithmetic_addition,cached_mixed_raw,142,0.06646962463855743,0.08399830758571625
arithmetic_addition,cached_mixed_raw,143,0.06599737703800201,0.08331765234470367
arithmetic_addition,cached_mixed_raw,144,0.06606757640838623,0.08339493721723557
arithmetic_addition,cached_mixed_raw,145,0.06610354781150818,0.08342021703720093
arithmetic_addition,cached_mixed_raw,146,0.06604200601577759,0.08333838731050491
arithmetic_addition,cached_mixed_raw,147,0.06613937020301819,0.08348444849252701
arithmetic_addition,cached_mixed_raw,148,0.06632474809885025,0.08374834060668945
arithmetic_addition,cached_mixed_raw,149,0.06608680635690689,0.08342473208904266
arithmetic_addition,cached_mixed_raw,150,0.06602764874696732,0.08335674554109573
arithmetic_addition,cached_mixed_raw,151,0.06639982759952545,0.08388116955757141
arithmetic_addition,cached_mixed_raw,152,0.06591343134641647,0.08319026231765747
arithmetic_addition,cached_mixed_raw,153,0.06651348620653152,0.0840410366654396
arithmetic_addition,cached_mixed_raw,154,0.06628645956516266,0.08371259272098541
arithmetic_addition,cached_mixed_raw,155,0.06628654152154922,0.08370089530944824
arithmetic_addition,cached_mixed_raw,156,0.0657743364572525,0.08301787078380585
arithmetic_addition,cached_mixed_raw,157,0.06617557257413864,0.08354327827692032
arithmetic_addition,cached_mixed_raw,158,0.06610515713691711,0.08345284312963486
arithmetic_addition,cached_mixed_raw,159,0.06639131903648376,0.08383696526288986
arithmetic_addition,cached_mixed_raw,160,0.06638147681951523,0.08383107930421829
arithmetic_addition,cached_mixed_raw,161,0.06614483147859573,0.0835162103176117
arithmetic_addition,cached_mixed_raw,162,0.06627244502305984,0.08369408547878265
arithmetic_addition,cached_mixed_raw,163,0.06607876718044281,0.08344081044197083
arithmetic_addition,cached_mixed_raw,164,0.06599341332912445,0.08327557146549225
arithmetic_addition,cached_mixed_raw,165,0.06620797514915466,0.08361192047595978
arithmetic_addition,cached_mixed_raw,166,0.06649944931268692,0.08402767032384872
arithmetic_addition,cached_mixed_raw,167,0.06596101820468903,0.08325174450874329
arithmetic_addition,cached_mixed_raw,168,0.06590239703655243,0.08317404240369797
arithmetic_addition,cached_mixed_raw,169,0.0660029947757721,0.08328709006309509
arithmetic_addition,cached_mixed_raw,170,0.06626275926828384,0.08367560803890228
arithmetic_addition,cached_mixed_raw,171,0.06629003584384918,0.08370514959096909
arithmetic_addition,cached_mixed_raw,172,0.06635269522666931,0.08383104205131531
arithmetic_addition,cached_mixed_raw,173,0.06636063009500504,0.0838327631354332
arithmetic_addition,cached_mixed_raw,174,0.06651679426431656,0.08403280377388
arithmetic_addition,cached_mixed_raw,175,0.06639870256185532,0.0838744267821312
arithmetic_addition,cached_mixed_raw,176,0.06592047214508057,0.08318743109703064
arithmetic_addition,cached_mixed_raw,177,0.06663326174020767,0.0842369869351387
arithmetic_addition,cached_mixed_raw,178,0.0661683976650238,0.08353821933269501
arithmetic_addition,cached_mixed_raw,179,0.06641530245542526,0.08388838171958923
arithmetic_addition,cached_mixed_raw,180,0.06641370803117752,0.08387716114521027
arithmetic_addition,cached_mixed_raw,181,0.06622645258903503,0.08365792036056519
arithmetic_addition,cached_mixed_raw,182,0.06625890731811523,0.08366085588932037
arithmetic_addition,cached_mixed_raw,183,0.06617677956819534,0.08357515186071396
arithmetic_addition,cached_mixed_raw,184,0.06643255800008774,0.08393403142690659
arithmetic_addition,cached_mixed_raw,185,0.06610619276762009,0.08347669243812561
arithmetic_addition,cached_mixed_raw,186,0.0663759708404541,0.0838223472237587
arithmetic_addition,cached_mixed_raw,187,0.06635721772909164,0.08382802456617355
arithmetic_addition,cached_mixed_raw,188,0.06616438925266266,0.08354370296001434
arithmetic_addition,cached_mixed_raw,189,0.06610986590385437,0.08345969021320343
arithmetic_addition,cached_mixed_raw,190,0.06627611070871353,0.0837145522236824
arithmetic_addition,cached_mixed_raw,191,0.06627804040908813,0.08372985571622849
arithmetic_addition,cached_mixed_raw,192,0.06617505103349686,0.08355479687452316
arithmetic_addition,cached_mixed_raw,193,0.06625603884458542,0.08366014063358307
arithmetic_addition,cached_mixed_raw,194,0.06602578610181808,0.08331651985645294
arithmetic_addition,cached_mixed_raw,195,0.06600136309862137,0.08330120891332626
arithmetic_addition,cached_mixed_raw,196,0.06617073714733124,0.08357301354408264
arithmetic_addition,cached_mixed_raw,197,0.0664609745144844,0.08393663167953491
arithmetic_addition,cached_mixed_raw,198,0.06618937849998474,0.08354891091585159
arithmetic_addition,reextracted_mixed_raw,0,0.06606446206569672,0.08342678844928741
arithmetic_addition,reextracted_mixed_raw,1,0.06647951900959015,0.08400951325893402
arithmetic_addition,reextracted_mixed_raw,2,0.0663050040602684,0.08377709984779358
arithmetic_addition,reextracted_mixed_raw,3,0.06636766344308853,0.08386816084384918
arithmetic_addition,reextracted_mixed_raw,4,0.06622787564992905,0.08365902304649353
arithmetic_addition,reextracted_mixed_raw,5,0.0662088394165039,0.0836215540766716
arithmetic_addition,reextracted_mixed_raw,6,0.06623681634664536,0.08369051665067673
arithmetic_addition,reextracted_mixed_raw,7,0.06625211983919144,0.0836891382932663
arithmetic_addition,reextracted_mixed_raw,8,0.06627430021762848,0.08370672911405563
arithmetic_addition,reextracted_mixed_raw,9,0.06633774191141129,0.08378510177135468
arithmetic_addition,reextracted_mixed_raw,10,0.06591429561376572,0.08319355547428131
arithmetic_addition,reextracted_mixed_raw,11,0.06630594283342361,0.08375069499015808
arithmetic_addition,reextracted_mixed_raw,12,0.06612826883792877,0.08350138366222382
arithmetic_addition,reextracted_mixed_raw,13,0.06605755537748337,0.08341341465711594
arithmetic_addition,reextracted_mixed_raw,14,0.06637436896562576,0.08387348055839539
arithmetic_addition,reextracted_mixed_raw,15,0.06637836247682571,0.08387836068868637
arithmetic_addition,reextracted_mixed_raw,16,0.06621315330266953,0.08361001312732697
arithmetic_addition,reextracted_mixed_raw,17,0.06620831787586212,0.08359956741333008
arithmetic_addition,reextracted_mixed_raw,18,0.06643208861351013,0.08390536159276962
arithmetic_addition,reextracted_mixed_raw,19,0.06607212871313095,0.08344879001379013
arithmetic_addition,reextracted_mixed_raw,20,0.0660119280219078,0.08336131274700165
arithmetic_addition,reextracted_mixed_raw,21,0.06646060198545456,0.08395350724458694
arithmetic_addition,reextracted_mixed_raw,22,0.06603819131851196,0.08337981253862381
arithmetic_addition,reextracted_mixed_raw,23,0.06636212021112442,0.08383411169052124
arithmetic_addition,reextracted_mixed_raw,24,0.06606192141771317,0.08341726660728455
arithmetic_addition,reextracted_mixed_raw,25,0.06620372831821442,0.08363857120275497
arithmetic_addition,reextracted_mixed_raw,26,0.06590110063552856,0.08319942653179169
arithmetic_addition,reextracted_mixed_raw,27,0.06596708297729492,0.08327615261077881
arithmetic_addition,reextracted_mixed_raw,28,0.0663384199142456,0.08383818715810776
arithmetic_addition,reextracted_mixed_raw,29,0.06624789535999298,0.08368358761072159
arithmetic_addition,reextracted_mixed_raw,30,0.066526859998703,0.08406366407871246
arithmetic_addition,reextracted_mixed_raw,31,0.06636769324541092,0.08385010808706284
arithmetic_addition,reextracted_mixed_raw,32,0.06613020598888397,0.08350901305675507
arithmetic_addition,reextracted_mixed_raw,33,0.06599489599466324,0.08335711061954498
arithmetic_addition,reextracted_mixed_raw,34,0.06662710756063461,0.08420833945274353
arithmetic_addition,reextracted_mixed_raw,35,0.06605885922908783,0.08341608941555023
arithmetic_addition,reextracted_mixed_raw,36,0.06622733175754547,0.08363166451454163
arithmetic_addition,reextracted_mixed_raw,37,0.06668538600206375,0.0842946320772171
arithmetic_addition,reextracted_mixed_raw,38,0.06644410640001297,0.08397210389375687
arithmetic_addition,reextracted_mixed_raw,39,0.06660733371973038,0.08419608324766159
arithmetic_addition,reextracted_mixed_raw,40,0.06625108420848846,0.08368119597434998
arithmetic_addition,reextracted_mixed_raw,41,0.06635680049657822,0.08381762355566025
arithmetic_addition,reextracted_mixed_raw,42,0.06599865108728409,0.08334163576364517
arithmetic_addition,reextracted_mixed_raw,43,0.06605414301156998,0.08340368419885635
arithmetic_addition,reextracted_mixed_raw,44,0.06606106460094452,0.08338411897420883
arithmetic_addition,reextracted_mixed_raw,45,0.06621947884559631,0.08365194499492645
arithmetic_addition,reextracted_mixed_raw,46,0.06616081297397614,0.08356186747550964
arithmetic_addition,reextracted_mixed_raw,47,0.06620397418737411,0.08358456194400787
arithmetic_addition,reextracted_mixed_raw,48,0.06629658490419388,0.08373719453811646
arithmetic_addition,reextracted_mixed_raw,49,0.06619919836521149,0.08363361656665802
arithmetic_addition,reextracted_mixed_raw,50,0.06651422381401062,0.08402115106582642
arithmetic_addition,reextracted_mixed_raw,51,0.06612236052751541,0.08347969502210617
arithmetic_addition,reextracted_mixed_raw,52,0.06620675325393677,0.08364701271057129
arithmetic_addition,reextracted_mixed_raw,53,0.06627080589532852,0.08371739834547043
arithmetic_addition,reextracted_mixed_raw,54,0.06658629328012466,0.08415156602859497
arithmetic_addition,reextracted_mixed_raw,55,0.06615349650382996,0.08355561643838882
arithmetic_addition,reextracted_mixed_raw,56,0.06604969501495361,0.08338180929422379
arithmetic_addition,reextracted_mixed_raw,57,0.06631875038146973,0.0837649255990982
arithmetic_addition,reextracted_mixed_raw,58,0.06614109873771667,0.08354751020669937
arithmetic_addition,reextracted_mixed_raw,59,0.06632713228464127,0.08376456797122955
arithmetic_addition,reextracted_mixed_raw,60,0.06627930700778961,0.08374112099409103
arithmetic_addition,reextracted_mixed_raw,61,0.0663384273648262,0.08381111919879913
arithmetic_addition,reextracted_mixed_raw,62,0.06603500992059708,0.08337895572185516
arithmetic_addition,reextracted_mixed_raw,63,0.06632611155509949,0.08376733213663101
arithmetic_addition,reextracted_mixed_raw,64,0.06628105044364929,0.08371690660715103
arithmetic_addition,reextracted_mixed_raw,65,0.06636149436235428,0.08381298184394836
arithmetic_addition,reextracted_mixed_raw,66,0.06641239672899246,0.0839017778635025
arithmetic_addition,reextracted_mixed_raw,67,0.06614730507135391,0.08353341370820999
arithmetic_addition,reextracted_mixed_raw,68,0.06639211624860764,0.08388446271419525
arithmetic_addition,reextracted_mixed_raw,69,0.06563358008861542,0.0828416645526886
arithmetic_addition,reextracted_mixed_raw,70,0.06598666310310364,0.0833001658320427
arithmetic_addition,reextracted_mixed_raw,71,0.066419817507267,0.08389643579721451
arithmetic_addition,reextracted_mixed_raw,72,0.06644536554813385,0.08394596725702286
arithmetic_addition,reextracted_mixed_raw,73,0.06625101715326309,0.08368358016014099
arithmetic_addition,reextracted_mixed_raw,74,0.06603249162435532,0.08340854942798615
arithmetic_addition,reextracted_mixed_raw,75,0.06630096584558487,0.08374377340078354
arithmetic_addition,reextracted_mixed_raw,76,0.06631580740213394,0.08379652351140976
arithmetic_addition,reextracted_mixed_raw,77,0.06616298109292984,0.08354854583740234
arithmetic_addition,reextracted_mixed_raw,78,0.06647398322820663,0.08399814367294312
arithmetic_addition,reextracted_mixed_raw,79,0.06601602584123611,0.08339208364486694
arithmetic_addition,reextracted_mixed_raw,80,0.06617365777492523,0.08355259150266647
arithmetic_addition,reextracted_mixed_raw,81,0.0662638247013092,0.08371417224407196
arithmetic_addition,reextracted_mixed_raw,82,0.06602153182029724,0.08334557712078094
arithmetic_addition,reextracted_mixed_raw,83,0.0660247728228569,0.0833556205034256
arithmetic_addition,reextracted_mixed_raw,84,0.06608638167381287,0.08345351368188858
arithmetic_addition,reextracted_mixed_raw,85,0.06614360213279724,0.08352203667163849
arithmetic_addition,reextracted_mixed_raw,86,0.06603585928678513,0.08338011056184769
arithmetic_addition,reextracted_mixed_raw,87,0.06603598594665527,0.08339796215295792
arithmetic_addition,reextracted_mixed_raw,88,0.06625303626060486,0.08368770033121109
arithmetic_addition,reextracted_mixed_raw,89,0.06633549928665161,0.08379744738340378
arithmetic_addition,reextracted_mixed_raw,90,0.06627699732780457,0.08370630443096161
arithmetic_addition,reextracted_mixed_raw,91,0.06642965972423553,0.08393016457557678
arithmetic_addition,reextracted_mixed_raw,92,0.0662517175078392,0.08368346840143204
arithmetic_addition,reextracted_mixed_raw,93,0.06634428352117538,0.08378690481185913
arithmetic_addition,reextracted_mixed_raw,94,0.06636818498373032,0.08383387327194214
arithmetic_addition,reextracted_mixed_raw,95,0.06652862578630447,0.08405733108520508
arithmetic_addition,reextracted_mixed_raw,96,0.0662153959274292,0.08366262912750244
arithmetic_addition,reextracted_mixed_raw,97,0.06603427231311798,0.083364337682724
arithmetic_addition,reextracted_mixed_raw,98,0.06634566187858582,0.08381050825119019
arithmetic_addition,reextracted_mixed_raw,99,0.0661444216966629,0.08352471888065338
arithmetic_addition,reextracted_mixed_raw,100,0.06595215201377869,0.0832887664437294
arithmetic_addition,reextracted_mixed_raw,101,0.06619622558355331,0.08359751105308533
arithmetic_addition,reextracted_mixed_raw,102,0.06618604063987732,0.08358219265937805
arithmetic_addition,reextracted_mixed_raw,103,0.06626112014055252,0.08366323262453079
arithmetic_addition,reextracted_mixed_raw,104,0.06602999567985535,0.08337429910898209
arithmetic_addition,reextracted_mixed_raw,105,0.06608825922012329,0.08344320952892303
arithmetic_addition,reextracted_mixed_raw,106,0.06635704636573792,0.08380880206823349
arithmetic_addition,reextracted_mixed_raw,107,0.06633155792951584,0.08379144966602325
arithmetic_addition,reextracted_mixed_raw,108,0.06656403839588165,0.08409283310174942
arithmetic_addition,reextracted_mixed_raw,109,0.06613249331712723,0.08352132886648178
arithmetic_addition,reextracted_mixed_raw,110,0.06642981618642807,0.08392439037561417
arithmetic_addition,reextracted_mixed_raw,111,0.06625427305698395,0.0836644396185875
arithmetic_addition,reextracted_mixed_raw,112,0.06637164950370789,0.08389899134635925
arithmetic_addition,reextracted_mixed_raw,113,0.0660722628235817,0.08344831317663193
arithmetic_addition,reextracted_mixed_raw,114,0.06611324101686478,0.0834801122546196
arithmetic_addition,reextracted_mixed_raw,115,0.06651657819747925,0.08407285809516907
arithmetic_addition,reextracted_mixed_raw,116,0.06645356118679047,0.08396856486797333
arithmetic_addition,reextracted_mixed_raw,117,0.06615681201219559,0.08353985100984573
arithmetic_addition,reextracted_mixed_raw,118,0.06619946658611298,0.0836184173822403
arithmetic_addition,reextracted_mixed_raw,119,0.06634993851184845,0.08379635214805603
arithmetic_addition,reextracted_mixed_raw,120,0.0662136822938919,0.08364218473434448
arithmetic_addition,reextracted_mixed_raw,121,0.06638801097869873,0.08386166393756866
arithmetic_addition,reextracted_mixed_raw,122,0.06611699610948563,0.0834539383649826
arithmetic_addition,reextracted_mixed_raw,123,0.06609343737363815,0.083456851541996
arithmetic_addition,reextracted_mixed_raw,124,0.06619843095541,0.08359163999557495
arithmetic_addition,reextracted_mixed_raw,125,0.06606636196374893,0.08345161378383636
arithmetic_addition,reextracted_mixed_raw,126,0.06632565706968307,0.0837700217962265
arithmetic_addition,reextracted_mixed_raw,127,0.06638669967651367,0.08389309048652649
arithmetic_addition,reextracted_mixed_raw,128,0.06629832834005356,0.08374142646789551
arithmetic_addition,reextracted_mixed_raw,129,0.06634553521871567,0.08382655680179596
arithmetic_addition,reextracted_mixed_raw,130,0.06625165045261383,0.08371239900588989
arithmetic_addition,reextracted_mixed_raw,131,0.0662447139620781,0.0836876854300499
arithmetic_addition,reextracted_mixed_raw,132,0.06652802228927612,0.08405405282974243
arithmetic_addition,reextracted_mixed_raw,133,0.06618952751159668,0.08359195291996002
arithmetic_addition,reextracted_mixed_raw,134,0.06621483713388443,0.08362789452075958
arithmetic_addition,reextracted_mixed_raw,135,0.06623994559049606,0.08366282284259796
arithmetic_addition,reextracted_mixed_raw,136,0.06616774946451187,0.08356428146362305
arithmetic_addition,reextracted_mixed_raw,137,0.06587936729192734,0.0831371620297432
arithmetic_addition,reextracted_mixed_raw,138,0.06653913855552673,0.08406949788331985
arithmetic_addition,reextracted_mixed_raw,139,0.06604906171560287,0.08343957364559174
arithmetic_addition,reextracted_mixed_raw,140,0.06642872840166092,0.08394897729158401
arithmetic_addition,reextracted_mixed_raw,141,0.06637301295995712,0.08386582136154175
arithmetic_addition,reextracted_mixed_raw,142,0.06612721085548401,0.08352309465408325
arithmetic_addition,reextracted_mixed_raw,143,0.06613649427890778,0.0835258737206459
arithmetic_addition,reextracted_mixed_raw,144,0.06609522551298141,0.08348739892244339
arithmetic_addition,reextracted_mixed_raw,145,0.06628972291946411,0.08372292667627335
arithmetic_addition,reextracted_mixed_raw,146,0.06603522598743439,0.08337897062301636
arithmetic_addition,reextracted_mixed_raw,147,0.06611525267362595,0.0834726020693779
arithmetic_addition,reextracted_mixed_raw,148,0.06593029946088791,0.08324485272169113
arithmetic_addition,reextracted_mixed_raw,149,0.06651844084262848,0.08404241502285004
arithmetic_addition,reextracted_mixed_raw,150,0.06644444167613983,0.08395467698574066
arithmetic_addition,reextracted_mixed_raw,151,0.06587645411491394,0.08317329734563828
arithmetic_addition,reextracted_mixed_raw,152,0.06576823443174362,0.08305800706148148
arithmetic_addition,reextracted_mixed_raw,153,0.06646079570055008,0.08396279066801071
arithmetic_addition,reextracted_mixed_raw,154,0.06607724726200104,0.08345279097557068
arithmetic_addition,reextracted_mixed_raw,155,0.06643345952033997,0.08392942696809769
arithmetic_addition,reextracted_mixed_raw,156,0.06610633432865143,0.08347026258707047
arithmetic_addition,reextracted_mixed_raw,157,0.0661868005990982,0.08358834683895111
arithmetic_addition,reextracted_mixed_raw,158,0.06599776446819305,0.08332828432321548
arithmetic_addition,reextracted_mixed_raw,159,0.06611288338899612,0.08349744230508804
arithmetic_addition,reextracted_mixed_raw,160,0.06632524728775024,0.08379907160997391
arithmetic_addition,reextracted_mixed_raw,161,0.06627331674098969,0.08372358232736588
arithmetic_addition,reextracted_mixed_raw,162,0.06624605506658554,0.08369673788547516
arithmetic_addition,reextracted_mixed_raw,163,0.06609918177127838,0.08348527550697327
arithmetic_addition,reextracted_mixed_raw,164,0.06622863560914993,0.08365464210510254
arithmetic_addition,reextracted_mixed_raw,165,0.06649237126111984,0.08403882384300232
arithmetic_addition,reextracted_mixed_raw,166,0.0664171651005745,0.08389943838119507
arithmetic_addition,reextracted_mixed_raw,167,0.06656456738710403,0.08409614861011505
arithmetic_addition,reextracted_mixed_raw,168,0.06594447791576385,0.08326831459999084
arithmetic_addition,reextracted_mixed_raw,169,0.0663069412112236,0.08376213908195496
arithmetic_addition,reextracted_mixed_raw,170,0.06603708863258362,0.08338549733161926
arithmetic_addition,reextracted_mixed_raw,171,0.06624310463666916,0.0836975947022438
arithmetic_addition,reextracted_mixed_raw,172,0.06629757583141327,0.08375084400177002
arithmetic_addition,reextracted_mixed_raw,173,0.06605403870344162,0.08343755453824997
arithmetic_addition,reextracted_mixed_raw,174,0.06634198129177094,0.08381923288106918
arithmetic_addition,reextracted_mixed_raw,175,0.0660424679517746,0.08340056985616684
arithmetic_addition,reextracted_mixed_raw,176,0.06602422893047333,0.08336009085178375
arithmetic_addition,reextracted_mixed_raw,177,0.06604784727096558,0.08338544517755508
arithmetic_addition,reextracted_mixed_raw,178,0.06670337915420532,0.08432544022798538
arithmetic_addition,reextracted_mixed_raw,179,0.06624002009630203,0.08371731638908386
arithmetic_addition,reextracted_mixed_raw,180,0.06625059992074966,0.08371468633413315
arithmetic_addition,reextracted_mixed_raw,181,0.0660008043050766,0.08333708345890045
arithmetic_addition,reextracted_mixed_raw,182,0.06627726554870605,0.08370643854141235
arithmetic_addition,reextracted_mixed_raw,183,0.06616830080747604,0.08357439190149307
arithmetic_addition,reextracted_mixed_raw,184,0.06605080515146255,0.08339974284172058
arithmetic_addition,reextracted_mixed_raw,185,0.06633378565311432,0.08382583409547806
arithmetic_addition,reextracted_mixed_raw,186,0.06637787818908691,0.0838637724518776
arithmetic_addition,reextracted_mixed_raw,187,0.06617378443479538,0.08354715257883072
arithmetic_addition,reextracted_mixed_raw,188,0.06626081466674805,0.08370541781187057
arithmetic_addition,reextracted_mixed_raw,189,0.06645790487527847,0.08397521823644638
arithmetic_addition,reextracted_mixed_raw,190,0.06615189462900162,0.08357718586921692
arithmetic_addition,reextracted_mixed_raw,191,0.06621236354112625,0.08365932106971741
arithmetic_addition,reextracted_mixed_raw,192,0.06629134714603424,0.08372503519058228
arithmetic_addition,reextracted_mixed_raw,193,0.06647569686174393,0.08402608335018158
arithmetic_addition,reextracted_mixed_raw,194,0.0662219226360321,0.08364751935005188
arithmetic_addition,reextracted_mixed_raw,195,0.06627834588289261,0.08370038121938705
arithmetic_addition,reextracted_mixed_raw,196,0.06598100066184998,0.0833030492067337
arithmetic_addition,reextracted_mixed_raw,197,0.06627392023801804,0.08369817584753036
arithmetic_addition,reextracted_mixed_raw,198,0.06611065566539764,0.08348438143730164
arithmetic_addition,cached_truncated_raw,0,-0.022246990352869034,-0.046546608209609985
arithmetic_addition,cached_truncated_raw,1,-0.02224598079919815,-0.046526119112968445
arithmetic_addition,cached_truncated_raw,2,-0.02219502441585064,-0.046462949365377426
arithmetic_addition,cached_truncated_raw,3,-0.022249754518270493,-0.04653383046388626
arithmetic_addition,cached_truncated_raw,4,-0.022178443148732185,-0.046417515724897385
arithmetic_addition,cached_truncated_raw,5,-0.022191740572452545,-0.04646533355116844
arithmetic_addition,cached_truncated_raw,6,-0.022266361862421036,-0.046565741300582886
arithmetic_addition,cached_truncated_raw,7,-0.022251883521676064,-0.046509742736816406
arithmetic_addition,cached_truncated_raw,8,-0.02215927466750145,-0.04642589017748833
arithmetic_addition,cached_truncated_raw,9,-0.022204646840691566,-0.04648066684603691
arithmetic_addition,cached_truncated_raw,10,-0.022300321608781815,-0.046599771827459335
arithmetic_addition,cached_truncated_raw,11,-0.022238200530409813,-0.04651495814323425
arithmetic_addition,cached_truncated_raw,12,-0.02234250120818615,-0.04665868356823921
arithmetic_addition,cached_truncated_raw,13,-0.02205495908856392,-0.046254679560661316
arithmetic_addition,cached_truncated_raw,14,-0.022265825420618057,-0.04654410853981972
arithmetic_addition,cached_truncated_raw,15,-0.02229069545865059,-0.046591710299253464
arithmetic_addition,cached_truncated_raw,16,-0.02219259738922119,-0.04645916074514389
arithmetic_addition,cached_truncated_raw,17,-0.022275632247328758,-0.0465671569108963
arithmetic_addition,cached_truncated_raw,18,-0.02227698639035225,-0.04656912758946419
arithmetic_addition,cached_truncated_raw,19,-0.022318828850984573,-0.04662778228521347
arithmetic_addition,cached_truncated_raw,20,-0.02223498560488224,-0.04650680720806122
arithmetic_addition,cached_truncated_raw,21,-0.02226586639881134,-0.04654490575194359
arithmetic_addition,cached_truncated_raw,22,-0.022273559123277664,-0.04657607898116112
arithmetic_addition,cached_truncated_raw,23,-0.022345056757330894,-0.046672314405441284
arithmetic_addition,cached_truncated_raw,24,-0.02222457341849804,-0.0464891754090786
arithmetic_addition,cached_truncated_raw,25,-0.022181358188390732,-0.0464223250746727
arithmetic_addition,cached_truncated_raw,26,-0.02233019657433033,-0.0466412715613842
arithmetic_addition,cached_truncated_raw,27,-0.022251220420002937,-0.046526502817869186
arithmetic_addition,cached_truncated_raw,28,-0.02223004400730133,-0.04651472344994545
arithmetic_addition,cached_truncated_raw,29,-0.022251395508646965,-0.04654529318213463
arithmetic_addition,cached_truncated_raw,30,-0.022116951644420624,-0.046343814581632614
arithmetic_addition,cached_truncated_raw,31,-0.022245867177844048,-0.046540528535842896
arithmetic_addition,cached_truncated_raw,32,-0.022244667634367943,-0.04654526337981224
arithmetic_addition,cached_truncated_raw,33,-0.022228101268410683,-0.04651584103703499
arithmetic_addition,cached_truncated_raw,34,-0.022298302501440048,-0.046576131135225296
arithmetic_addition,cached_truncated_raw,35,-0.022187985479831696,-0.04646230861544609
arithmetic_addition,cached_truncated_raw,36,-0.022289196029305458,-0.046615101397037506
arithmetic_addition,cached_truncated_raw,37,-0.022118624299764633,-0.0463620200753212
arithmetic_addition,cached_truncated_raw,38,-0.022294575348496437,-0.046582791954278946
arithmetic_addition,cached_truncated_raw,39,-0.022350016981363297,-0.046660538762807846
arithmetic_addition,cached_truncated_raw,40,-0.022212622687220573,-0.046470120549201965
arithmetic_addition,cached_truncated_raw,41,-0.022234950214624405,-0.0465279258787632
arithmetic_addition,cached_truncated_raw,42,-0.02218303270637989,-0.04644717648625374
arithmetic_addition,cached_truncated_raw,43,-0.022251533344388008,-0.046541567891836166
arithmetic_addition,cached_truncated_raw,44,-0.022250371053814888,-0.046541936695575714
arithmetic_addition,cached_truncated_raw,45,-0.022255124524235725,-0.04653426259756088
arithmetic_addition,cached_truncated_raw,46,-0.02222926914691925,-0.04651540890336037
arithmetic_addition,cached_truncated_raw,47,-0.022310834378004074,-0.046641651540994644
arithmetic_addition,cached_truncated_raw,48,-0.0222318097949028,-0.04651560261845589
arithmetic_addition,cached_truncated_raw,49,-0.022316088899970055,-0.04660751670598984
arithmetic_addition,cached_truncated_raw,50,-0.022272029891610146,-0.0465589314699173
arithmetic_addition,cached_truncated_raw,51,-0.02220959961414337,-0.04648030921816826
arithmetic_addition,cached_truncated_raw,52,-0.02222577854990959,-0.04648541286587715
arithmetic_addition,cached_truncated_raw,53,-0.022154660895466805,-0.04640316590666771
arithmetic_addition,cached_truncated_raw,54,-0.022196464240550995,-0.04646389186382294
arithmetic_addition,cached_truncated_raw,55,-0.022215330973267555,-0.04648451507091522
arithmetic_addition,cached_truncated_raw,56,-0.022099364548921585,-0.046327970921993256
arithmetic_addition,cached_truncated_raw,57,-0.022197891026735306,-0.046454157680273056
arithmetic_addition,cached_truncated_raw,58,-0.02221842296421528,-0.04650428891181946
arithmetic_addition,cached_truncated_raw,59,-0.02212781272828579,-0.04637349769473076
arithmetic_addition,cached_truncated_raw,60,-0.022220464423298836,-0.046511635184288025
arithmetic_addition,cached_truncated_raw,61,-0.022197887301445007,-0.04647579789161682
arithmetic_addition,cached_truncated_raw,62,-0.022249838337302208,-0.04655250906944275
arithmetic_addition,cached_truncated_raw,63,-0.022211361676454544,-0.04647218808531761
arithmetic_addition,cached_truncated_raw,64,-0.022192740812897682,-0.04645581543445587
arithmetic_addition,cached_truncated_raw,65,-0.022341003641486168,-0.04665131866931915
arithmetic_addition,cached_truncated_raw,66,-0.02227095142006874,-0.04656507447361946
arithmetic_addition,cached_truncated_raw,67,-0.022235875949263573,-0.04650694504380226
arithmetic_addition,cached_truncated_raw,68,-0.022330624982714653,-0.04662656411528587
arithmetic_addition,cached_truncated_raw,69,-0.022246314212679863,-0.046525564044713974
arithmetic_addition,cached_truncated_raw,70,-0.02217281237244606,-0.04642359912395477
arithmetic_addition,cached_truncated_raw,71,-0.022229228168725967,-0.04647593945264816
arithmetic_addition,cached_truncated_raw,72,-0.02231723815202713,-0.046618904918432236
arithmetic_addition,cached_truncated_raw,73,-0.02216961234807968,-0.04643253609538078
arithmetic_addition,cached_truncated_raw,74,-0.022361846640706062,-0.046693574637174606
arithmetic_addition,cached_truncated_raw,75,-0.022258518263697624,-0.046555254608392715
arithmetic_addition,cached_truncated_raw,76,-0.022228239104151726,-0.04649529233574867
arithmetic_addition,cached_truncated_raw,77,-0.022233158349990845,-0.04649895057082176
arithmetic_addition,cached_truncated_raw,78,-0.022181179374456406,-0.04645039513707161
arithmetic_addition,cached_truncated_raw,79,-0.022274328395724297,-0.04658431187272072
arithmetic_addition,cached_truncated_raw,80,-0.022229623049497604,-0.04650666192173958
arithmetic_addition,cached_truncated_raw,81,-0.02220725640654564,-0.04647071659564972
arithmetic_addition,cached_truncated_raw,82,-0.022164784371852875,-0.046405766159296036
arithmetic_addition,cached_truncated_raw,83,-0.022255701944231987,-0.046533629298210144
arithmetic_addition,cached_truncated_raw,84,-0.02224954217672348,-0.04653652012348175
arithmetic_addition,cached_truncated_raw,85,-0.022340785712003708,-0.04664916172623634
arithmetic_addition,cached_truncated_raw,86,-0.02218031883239746,-0.0464370958507061
arithmetic_addition,cached_truncated_raw,87,-0.02237798273563385,-0.0466894805431366
arithmetic_addition,cached_truncated_raw,88,-0.02219964750111103,-0.04648314788937569
arithmetic_addition,cached_truncated_raw,89,-0.022231021896004677,-0.046495020389556885
arithmetic_addition,cached_truncated_raw,90,-0.022128598764538765,-0.04635467007756233
arithmetic_addition,cached_truncated_raw,91,-0.022267388179898262,-0.046550121158361435
arithmetic_addition,cached_truncated_raw,92,-0.022363798692822456,-0.04668140411376953
arithmetic_addition,cached_truncated_raw,93,-0.022267866879701614,-0.04654223844408989
arithmetic_addition,cached_truncated_raw,94,-0.022305577993392944,-0.04661932587623596
arithmetic_addition,cached_truncated_raw,95,-0.022269396111369133,-0.046580128371715546
arithmetic_addition,cached_truncated_raw,96,-0.022294072434306145,-0.04661274701356888
arithmetic_addition,cached_truncated_raw,97,-0.02224770374596119,-0.04651385173201561
arithmetic_addition,cached_truncated_raw,98,-0.022159872576594353,-0.046425238251686096
arithmetic_addition,cached_truncated_raw,99,-0.022077878937125206,-0.04630465805530548
arithmetic_addition,cached_truncated_raw,100,-0.02230321243405342,-0.046613048762083054
arithmetic_addition,cached_truncated_raw,101,-0.022323504090309143,-0.04662881791591644
arithmetic_addition,cached_truncated_raw,102,-0.022195318713784218,-0.04644301161170006
arithmetic_addition,cached_truncated_raw,103,-0.022146673873066902,-0.04640105366706848
arithmetic_addition,cached_truncated_raw,104,-0.02222721464931965,-0.04650760069489479
arithmetic_addition,cached_truncated_raw,105,-0.02225351147353649,-0.046536885201931
arithmetic_addition,cached_truncated_raw,106,-0.02212236449122429,-0.046378232538700104
arithmetic_addition,cached_truncated_raw,107,-0.02223275974392891,-0.046510301530361176
arithmetic_addition,cached_truncated_raw,108,-0.022272346541285515,-0.04658667743206024
arithmetic_addition,cached_truncated_raw,109,-0.022227268666028976,-0.046490125358104706
arithmetic_addition,cached_truncated_raw,110,-0.022381141781806946,-0.04673084616661072
arithmetic_addition,cached_truncated_raw,111,-0.02234005741775036,-0.04664404317736626
arithmetic_addition,cached_truncated_raw,112,-0.02215866558253765,-0.0464201383292675
arithmetic_addition,cached_truncated_raw,113,-0.022211190313100815,-0.04649105668067932
arithmetic_addition,cached_truncated_raw,114,-0.022216860204935074,-0.0464877113699913
arithmetic_addition,cached_truncated_raw,115,-0.022147975862026215,-0.04638784006237984
arithmetic_addition,cached_truncated_raw,116,-0.022142816334962845,-0.04639706015586853
arithmetic_addition,cached_truncated_raw,117,-0.022264309227466583,-0.04654935002326965
arithmetic_addition,cached_truncated_raw,118,-0.022242315113544464,-0.04651385173201561
arithmetic_addition,cached_truncated_raw,119,-0.022225040942430496,-0.046508900821208954
arithmetic_addition,cached_truncated_raw,120,-0.022274672985076904,-0.04656198248267174
arithmetic_addition,cached_truncated_raw,121,-0.02218501642346382,-0.04646545276045799
arithmetic_addition,cached_truncated_raw,122,-0.02221602387726307,-0.04648701846599579
arithmetic_addition,cached_truncated_raw,123,-0.022205788642168045,-0.046459779143333435
arithmetic_addition,cached_truncated_raw,124,-0.022282922640442848,-0.046580955386161804
arithmetic_addition,cached_truncated_raw,125,-0.022171400487422943,-0.04642755910754204
arithmetic_addition,cached_truncated_raw,126,-0.022335810586810112,-0.04666660353541374
arithmetic_addition,cached_truncated_raw,127,-0.022251145914196968,-0.04651001840829849
arithmetic_addition,cached_truncated_raw,128,-0.022195562720298767,-0.04646157845854759
arithmetic_addition,cached_truncated_raw,129,-0.02240043692290783,-0.04672815278172493
arithmetic_addition,cached_truncated_raw,130,-0.02220519632101059,-0.046486590057611465
arithmetic_addition,cached_truncated_raw,131,-0.022304115816950798,-0.04659472405910492
arithmetic_addition,cached_truncated_raw,132,-0.022211167961359024,-0.04648565128445625
arithmetic_addition,cached_truncated_raw,133,-0.022264910861849785,-0.04655394330620766
arithmetic_addition,cached_truncated_raw,134,-0.022313790395855904,-0.04660824313759804
arithmetic_addition,cached_truncated_raw,135,-0.022158503532409668,-0.04640777036547661
arithmetic_addition,cached_truncated_raw,136,-0.02225700207054615,-0.046517785638570786
arithmetic_addition,cached_truncated_raw,137,-0.0221964530646801,-0.04646269977092743
arithmetic_addition,cached_truncated_raw,138,-0.02229953557252884,-0.04660932719707489
arithmetic_addition,cached_truncated_raw,139,-0.02227029576897621,-0.04655533283948898
arithmetic_addition,cached_truncated_raw,140,-0.022146811708807945,-0.04641226679086685
arithmetic_addition,cached_truncated_raw,141,-0.022179637104272842,-0.04644492268562317
arithmetic_addition,cached_truncated_raw,142,-0.022274428978562355,-0.046554047614336014
arithmetic_addition,cached_truncated_raw,143,-0.022375568747520447,-0.04671493545174599
arithmetic_addition,cached_truncated_raw,144,-0.022336453199386597,-0.0466584786772728
arithmetic_addition,cached_truncated_raw,145,-0.02220585197210312,-0.046477485448122025
arithmetic_addition,cached_truncated_raw,146,-0.022266101092100143,-0.046568773686885834
arithmetic_addition,cached_truncated_raw,147,-0.022177156060934067,-0.04642661660909653
arithmetic_addition,cached_truncated_raw,148,-0.02230902574956417,-0.04660819470882416
arithmetic_addition,cached_truncated_raw,149,-0.022228127345442772,-0.04649798199534416
arithmetic_addition,cached_truncated_raw,150,-0.022243980318307877,-0.04653988778591156
arithmetic_addition,cached_truncated_raw,151,-0.022251904010772705,-0.04654727131128311
arithmetic_addition,cached_truncated_raw,152,-0.022219695150852203,-0.04649347439408302
arithmetic_addition,cached_truncated_raw,153,-0.022190650925040245,-0.04644695669412613
arithmetic_addition,cached_truncated_raw,154,-0.02208315208554268,-0.046304527670145035
arithmetic_addition,cached_truncated_raw,155,-0.022294698283076286,-0.04657634347677231
arithmetic_addition,cached_truncated_raw,156,-0.022274671122431755,-0.046557217836380005
arithmetic_addition,cached_truncated_raw,157,-0.02232855185866356,-0.04663163423538208
arithmetic_addition,cached_truncated_raw,158,-0.022315839305520058,-0.04662751778960228
arithmetic_addition,cached_truncated_raw,159,-0.02227178029716015,-0.04656852036714554
arithmetic_addition,cached_truncated_raw,160,-0.022210093215107918,-0.04646176099777222
arithmetic_addition,cached_truncated_raw,161,-0.02224116586148739,-0.04655249044299126
arithmetic_addition,cached_truncated_raw,162,-0.022237561643123627,-0.046516451984643936
arithmetic_addition,cached_truncated_raw,163,-0.022169504314661026,-0.04640766233205795
arithmetic_addition,cached_truncated_raw,164,-0.022212781012058258,-0.04650704562664032
arithmetic_addition,cached_truncated_raw,165,-0.022278985008597374,-0.046567466109991074
arithmetic_addition,cached_truncated_raw,166,-0.022375039756298065,-0.04669364541769028
arithmetic_addition,cached_truncated_raw,167,-0.022234339267015457,-0.04650985449552536
arithmetic_addition,cached_truncated_raw,168,-0.022207802161574364,-0.046464093029499054
arithmetic_addition,cached_truncated_raw,169,-0.022155141457915306,-0.0464203767478466
arithmetic_addition,cached_truncated_raw,170,-0.02222348377108574,-0.04650546982884407
arithmetic_addition,cached_truncated_raw,171,-0.022296691313385963,-0.04660283401608467
arithmetic_addition,cached_truncated_raw,172,-0.02225072868168354,-0.04654841870069504
arithmetic_addition,cached_truncated_raw,173,-0.022237388417124748,-0.04653129354119301
arithmetic_addition,cached_truncated_raw,174,-0.022171443328261375,-0.04643049091100693
arithmetic_addition,cached_truncated_raw,175,-0.02232161909341812,-0.046627793461084366
arithmetic_addition,cached_truncated_raw,176,-0.02217457816004753,-0.04642966762185097
arithmetic_addition,cached_truncated_raw,177,-0.02220912277698517,-0.04648471623659134
arithmetic_addition,cached_truncated_raw,178,-0.022247685119509697,-0.04650994762778282
arithmetic_addition,cached_truncated_raw,179,-0.02222597785294056,-0.046488672494888306
arithmetic_addition,cached_truncated_raw,180,-0.022202376276254654,-0.04646670073270798
arithmetic_addition,cached_truncated_raw,181,-0.02220771461725235,-0.04645131528377533
arithmetic_addition,cached_truncated_raw,182,-0.022243676707148552,-0.04652421921491623
arithmetic_addition,cached_truncated_raw,183,-0.0223050769418478,-0.04662986844778061
arithmetic_addition,cached_truncated_raw,184,-0.022302312776446342,-0.046606630086898804
arithmetic_addition,cached_truncated_raw,185,-0.022278036922216415,-0.046582188457250595
arithmetic_addition,cached_truncated_raw,186,-0.02213071659207344,-0.04636774957180023
arithmetic_addition,cached_truncated_raw,187,-0.02214992791414261,-0.04639671742916107
arithmetic_addition,cached_truncated_raw,188,-0.022258678451180458,-0.046553585678339005
arithmetic_addition,cached_truncated_raw,189,-0.02228301577270031,-0.04657876119017601
arithmetic_addition,cached_truncated_raw,190,-0.022164437919855118,-0.04640820994973183
arithmetic_addition,cached_truncated_raw,191,-0.02227599360048771,-0.046560853719711304
arithmetic_addition,cached_truncated_raw,192,-0.02231394127011299,-0.04662151262164116
arithmetic_addition,cached_truncated_raw,193,-0.022186405956745148,-0.04644852504134178
arithmetic_addition,cached_truncated_raw,194,-0.022290442138910294,-0.046580445021390915
arithmetic_addition,cached_truncated_raw,195,-0.022253774106502533,-0.04654404893517494
arithmetic_addition,cached_truncated_raw,196,-0.02237563580274582,-0.04671148583292961
arithmetic_addition,cached_truncated_raw,197,-0.022176099941134453,-0.04645010083913803
arithmetic_addition,cached_truncated_raw,198,-0.02224724553525448,-0.046521738171577454
arithmetic_addition,consistent_block_raw,0,-0.03955518826842308,-0.05766187235713005
arithmetic_addition,consistent_block_raw,1,-0.039590444415807724,-0.05769345536828041
arithmetic_addition,consistent_block_raw,2,-0.03965003043413162,-0.05779029056429863
arithmetic_addition,consistent_block_raw,3,-0.03957013785839081,-0.05768395587801933
arithmetic_addition,consistent_block_raw,4,-0.039688751101493835,-0.057848263531923294
arithmetic_addition,consistent_block_raw,5,-0.03965270146727562,-0.05780220031738281
arithmetic_addition,consistent_block_raw,6,-0.03981155902147293,-0.05802081152796745
arithmetic_addition,consistent_block_raw,7,-0.039513979107141495,-0.05760302022099495
arithmetic_addition,consistent_block_raw,8,-0.039574168622493744,-0.057693980634212494
arithmetic_addition,consistent_block_raw,9,-0.03973815217614174,-0.05792511627078056
arithmetic_addition,consistent_block_raw,10,-0.039606496691703796,-0.05772699415683746
arithmetic_addition,consistent_block_raw,11,-0.039662424474954605,-0.05780908837914467
arithmetic_addition,consistent_block_raw,12,-0.03970286250114441,-0.057872626930475235
arithmetic_addition,consistent_block_raw,13,-0.03954528272151947,-0.05764063820242882
arithmetic_addition,consistent_block_raw,14,-0.03956448659300804,-0.05768357962369919
arithmetic_addition,consistent_block_raw,15,-0.03966381773352623,-0.0578029528260231
arithmetic_addition,consistent_block_raw,16,-0.03971724212169647,-0.05788475647568703
arithmetic_addition,consistent_block_raw,17,-0.03962089121341705,-0.05774661898612976
arithmetic_addition,consistent_block_raw,18,-0.03974711522459984,-0.05792209878563881
arithmetic_addition,consistent_block_raw,19,-0.03964441269636154,-0.057773709297180176
arithmetic_addition,consistent_block_raw,20,-0.03969317302107811,-0.05784953013062477
arithmetic_addition,consistent_block_raw,21,-0.03977348282933235,-0.05796879902482033
arithmetic_addition,consistent_block_raw,22,-0.039529405534267426,-0.057619646191596985
arithmetic_addition,consistent_block_raw,23,-0.039628949016332626,-0.057756222784519196
arithmetic_addition,consistent_block_raw,24,-0.03960748761892319,-0.05772260203957558
arithmetic_addition,consistent_block_raw,25,-0.039600856602191925,-0.057735707610845566
arithmetic_addition,consistent_block_raw,26,-0.039598818868398666,-0.057730160653591156
arithmetic_addition,consistent_block_raw,27,-0.03955496847629547,-0.05766456574201584
arithmetic_addition,consistent_block_raw,28,-0.03964049369096756,-0.057786885648965836
arithmetic_addition,consistent_block_raw,29,-0.03958674892783165,-0.057703856378793716
arithmetic_addition,consistent_block_raw,30,-0.03954456001520157,-0.057654403150081635
arithmetic_addition,consistent_block_raw,31,-0.039630305022001266,-0.05776629224419594
arithmetic_addition,consistent_block_raw,32,-0.039557602256536484,-0.05765635892748833
arithmetic_addition,consistent_block_raw,33,-0.03950398787856102,-0.057597819715738297
arithmetic_addition,consistent_block_raw,34,-0.03961040452122688,-0.05773400515317917
arithmetic_addition,consistent_block_raw,35,-0.03969220444560051,-0.05785946920514107
arithmetic_addition,consistent_block_raw,36,-0.039718225598335266,-0.05789870768785477
arithmetic_addition,consistent_block_raw,37,-0.039669010788202286,-0.057810571044683456
arithmetic_addition,consistent_block_raw,38,-0.03962026536464691,-0.05774729698896408
arithmetic_addition,consistent_block_raw,39,-0.039608824998140335,-0.05774778872728348
arithmetic_addition,consistent_block_raw,40,-0.03973911330103874,-0.057914067059755325
arithmetic_addition,consistent_block_raw,41,-0.039662573486566544,-0.057813242077827454
arithmetic_addition,consistent_block_raw,42,-0.03952297940850258,-0.057621560990810394
arithmetic_addition,consistent_block_raw,43,-0.039788611233234406,-0.057993724942207336
arithmetic_addition,consistent_block_raw,44,-0.039552319794893265,-0.057642027735710144
arithmetic_addition,consistent_block_raw,45,-0.03966069594025612,-0.05781335383653641
arithmetic_addition,consistent_block_raw,46,-0.03966177627444267,-0.05780455842614174
arithmetic_addition,consistent_block_raw,47,-0.03960117697715759,-0.05771801248192787
arithmetic_addition,consistent_block_raw,48,-0.03955931216478348,-0.057661354541778564
arithmetic_addition,consistent_block_raw,49,-0.039520975202322006,-0.05761004611849785
arithmetic_addition,consistent_block_raw,50,-0.0396743007004261,-0.0578111968934536
arithmetic_addition,consistent_block_raw,51,-0.03956988453865051,-0.057669851928949356
arithmetic_addition,consistent_block_raw,52,-0.03952956199645996,-0.05763842537999153
arithmetic_addition,consistent_block_raw,53,-0.03961903601884842,-0.05773674696683884
arithmetic_addition,consistent_block_raw,54,-0.03958447277545929,-0.05770067125558853
arithmetic_addition,consistent_block_raw,55,-0.03956141322851181,-0.057675447314977646
arithmetic_addition,consistent_block_raw,56,-0.039523895829916,-0.05761176720261574
arithmetic_addition,consistent_block_raw,57,-0.03972582519054413,-0.057902656495571136
arithmetic_addition,consistent_block_raw,58,-0.039623260498046875,-0.05775321647524834
arithmetic_addition,consistent_block_raw,59,-0.03962137550115585,-0.05774407088756561
arithmetic_addition,consistent_block_raw,60,-0.039640553295612335,-0.057768240571022034
arithmetic_addition,consistent_block_raw,61,-0.03966442868113518,-0.05780792236328125
arithmetic_addition,consistent_block_raw,62,-0.03958752006292343,-0.05770443379878998
arithmetic_addition,consistent_block_raw,63,-0.03972887247800827,-0.05791804566979408
arithmetic_addition,consistent_block_raw,64,-0.03967937454581261,-0.057826776057481766
arithmetic_addition,consistent_block_raw,65,-0.03960813954472542,-0.057745907455682755
arithmetic_addition,consistent_block_raw,66,-0.03956691920757294,-0.05767151713371277
arithmetic_addition,consistent_block_raw,67,-0.03960674628615379,-0.05770823359489441
arithmetic_addition,consistent_block_raw,68,-0.039637647569179535,-0.05774267762899399
arithmetic_addition,consistent_block_raw,69,-0.03970084339380264,-0.057876620441675186
arithmetic_addition,consistent_block_raw,70,-0.039580028504133224,-0.057691533118486404
arithmetic_addition,consistent_block_raw,71,-0.03956644982099533,-0.05766940861940384
arithmetic_addition,consistent_block_raw,72,-0.03964768350124359,-0.05778848007321358
arithmetic_addition,consistent_block_raw,73,-0.039658233523368835,-0.0577789731323719
arithmetic_addition,consistent_block_raw,74,-0.03961179777979851,-0.05774906650185585
arithmetic_addition,consistent_block_raw,75,-0.03966186195611954,-0.057804372161626816
arithmetic_addition,consistent_block_raw,76,-0.03949320316314697,-0.05756494402885437
arithmetic_addition,consistent_block_raw,77,-0.03970389813184738,-0.05786103382706642
arithmetic_addition,consistent_block_raw,78,-0.03957041725516319,-0.05768425390124321
arithmetic_addition,consistent_block_raw,79,-0.03957262262701988,-0.057686034590005875
arithmetic_addition,consistent_block_raw,80,-0.03955049067735672,-0.05765995755791664
arithmetic_addition,consistent_block_raw,81,-0.03959450498223305,-0.05772446095943451
arithmetic_addition,consistent_block_raw,82,-0.039603766053915024,-0.057723432779312134
arithmetic_addition,consistent_block_raw,83,-0.0394895076751709,-0.05758029222488403
arithmetic_addition,consistent_block_raw,84,-0.039720483124256134,-0.05789472907781601
arithmetic_addition,consistent_block_raw,85,-0.039612047374248505,-0.057745665311813354
arithmetic_addition,consistent_block_raw,86,-0.039550647139549255,-0.05764461308717728
arithmetic_addition,consistent_block_raw,87,-0.03966495767235756,-0.05780778452754021
arithmetic_addition,consistent_block_raw,88,-0.03950886055827141,-0.05757443234324455
arithmetic_addition,consistent_block_raw,89,-0.03969747573137283,-0.057854536920785904
arithmetic_addition,consistent_block_raw,90,-0.03954554721713066,-0.057645805180072784
arithmetic_addition,consistent_block_raw,91,-0.039582379162311554,-0.05769656226038933
arithmetic_addition,consistent_block_raw,92,-0.039592109620571136,-0.05769243463873863
arithmetic_addition,consistent_block_raw,93,-0.03951733559370041,-0.057621099054813385
arithmetic_addition,consistent_block_raw,94,-0.03968436270952225,-0.05783913657069206
arithmetic_addition,consistent_block_raw,95,-0.03957684338092804,-0.05767306312918663
arithmetic_addition,consistent_block_raw,96,-0.039676014333963394,-0.057813216000795364
arithmetic_addition,consistent_block_raw,97,-0.03956596553325653,-0.05767127871513367
arithmetic_addition,consistent_block_raw,98,-0.03961988538503647,-0.057758402079343796
arithmetic_addition,consistent_block_raw,99,-0.0395817756652832,-0.0577041320502758
arithmetic_addition,consistent_block_raw,100,-0.03961188346147537,-0.05773250758647919
arithmetic_addition,consistent_block_raw,101,-0.03963257744908333,-0.057761263102293015
arithmetic_addition,consistent_block_raw,102,-0.039472781121730804,-0.0575425885617733
arithmetic_addition,consistent_block_raw,103,-0.03959351405501366,-0.0577123649418354
arithmetic_addition,consistent_block_raw,104,-0.03965284302830696,-0.0577956885099411
arithmetic_addition,consistent_block_raw,105,-0.03964868560433388,-0.057794831693172455
arithmetic_addition,consistent_block_raw,106,-0.03962736949324608,-0.05776023119688034
arithmetic_addition,consistent_block_raw,107,-0.0396086610853672,-0.05774976685643196
arithmetic_addition,consistent_block_raw,108,-0.03956161439418793,-0.05765871703624725
arithmetic_addition,consistent_block_raw,109,-0.039676014333963394,-0.05780613794922829
arithmetic_addition,consistent_block_raw,110,-0.039652056992053986,-0.05780184268951416
arithmetic_addition,consistent_block_raw,111,-0.039634618908166885,-0.05779092758893967
arithmetic_addition,consistent_block_raw,112,-0.03951532393693924,-0.057614997029304504
arithmetic_addition,consistent_block_raw,113,-0.039447322487831116,-0.05750700831413269
arithmetic_addition,consistent_block_raw,114,-0.039701081812381744,-0.05785185098648071
arithmetic_addition,consistent_block_raw,115,-0.03960495442152023,-0.057735975831747055
arithmetic_addition,consistent_block_raw,116,-0.039617057889699936,-0.05775279179215431
arithmetic_addition,consistent_block_raw,117,-0.03956812620162964,-0.05766475573182106
arithmetic_addition,consistent_block_raw,118,-0.03951229527592659,-0.05760202556848526
arithmetic_addition,consistent_block_raw,119,-0.03963252529501915,-0.05776520073413849
arithmetic_addition,consistent_block_raw,120,-0.03945516049861908,-0.05752026289701462
arithmetic_addition,consistent_block_raw,121,-0.039530519396066666,-0.057624541223049164
arithmetic_addition,consistent_block_raw,122,-0.039699092507362366,-0.05786387249827385
arithmetic_addition,consistent_block_raw,123,-0.03951476141810417,-0.057608261704444885
arithmetic_addition,consistent_block_raw,124,-0.03958459571003914,-0.0577055998146534
arithmetic_addition,consistent_block_raw,125,-0.03947567567229271,-0.057546235620975494
arithmetic_addition,consistent_block_raw,126,-0.03968150168657303,-0.057850733399391174
arithmetic_addition,consistent_block_raw,127,-0.039630766957998276,-0.05776223912835121
arithmetic_addition,consistent_block_raw,128,-0.03964986279606819,-0.057800889015197754
arithmetic_addition,consistent_block_raw,129,-0.03960880637168884,-0.05773666128516197
arithmetic_addition,consistent_block_raw,130,-0.03960324451327324,-0.05770740658044815
arithmetic_addition,consistent_block_raw,131,-0.039650995284318924,-0.057788968086242676
arithmetic_addition,consistent_block_raw,132,-0.039551082998514175,-0.05768122151494026
arithmetic_addition,consistent_block_raw,133,-0.03952125832438469,-0.05761674419045448
arithmetic_addition,consistent_block_raw,134,-0.03952459618449211,-0.05760512128472328
arithmetic_addition,consistent_block_raw,135,-0.03951779380440712,-0.05760175362229347
arithmetic_addition,consistent_block_raw,136,-0.039652321487665176,-0.05779570713639259
arithmetic_addition,consistent_block_raw,137,-0.039597924798727036,-0.05770904943346977
arithmetic_addition,consistent_block_raw,138,-0.03966376557946205,-0.05780957266688347
arithmetic_addition,consistent_block_raw,139,-0.039656613022089005,-0.057784952223300934
arithmetic_addition,consistent_block_raw,140,-0.039590563625097275,-0.057706575840711594
arithmetic_addition,consistent_block_raw,141,-0.03971593827009201,-0.057876165956258774
arithmetic_addition,consistent_block_raw,142,-0.03961188346147537,-0.05773138627409935
arithmetic_addition,consistent_block_raw,143,-0.03958681598305702,-0.05770690366625786
arithmetic_addition,consistent_block_raw,144,-0.03957492113113403,-0.05769365280866623
arithmetic_addition,consistent_block_raw,145,-0.03956719860434532,-0.05768171697854996
arithmetic_addition,consistent_block_raw,146,-0.03964368626475334,-0.05777128040790558
arithmetic_addition,consistent_block_raw,147,-0.039531584829092026,-0.0576314739882946
arithmetic_addition,consistent_block_raw,148,-0.03960447013378143,-0.05774993076920509
arithmetic_addition,consistent_block_raw,149,-0.03966632857918739,-0.057811737060546875
arithmetic_addition,consistent_block_raw,150,-0.039568934589624405,-0.05767352879047394
arithmetic_addition,consistent_block_raw,151,-0.03966369479894638,-0.057822439819574356
arithmetic_addition,consistent_block_raw,152,-0.03955681622028351,-0.05767166614532471
arithmetic_addition,consistent_block_raw,153,-0.03965521603822708,-0.057797517627477646
arithmetic_addition,consistent_block_raw,154,-0.039706915616989136,-0.05788230895996094
arithmetic_addition,consistent_block_raw,155,-0.03961072862148285,-0.057733986526727676
arithmetic_addition,consistent_block_raw,156,-0.039654478430747986,-0.05779828503727913
arithmetic_addition,consistent_block_raw,157,-0.03948907554149628,-0.05757554620504379
arithmetic_addition,consistent_block_raw,158,-0.03949867561459541,-0.0575912706553936
arithmetic_addition,consistent_block_raw,159,-0.03958388417959213,-0.05769519880414009
arithmetic_addition,consistent_block_raw,160,-0.03974078595638275,-0.05792726203799248
arithmetic_addition,consistent_block_raw,161,-0.03964364528656006,-0.05776486173272133
arithmetic_addition,consistent_block_raw,162,-0.039670154452323914,-0.05782049149274826
arithmetic_addition,consistent_block_raw,163,-0.039778441190719604,-0.05796441808342934
arithmetic_addition,consistent_block_raw,164,-0.03966715186834335,-0.05782439932227135
arithmetic_addition,consistent_block_raw,165,-0.039460983127355576,-0.05752944201231003
arithmetic_addition,consistent_block_raw,166,-0.039570074528455734,-0.05770073086023331
arithmetic_addition,consistent_block_raw,167,-0.03954946622252464,-0.057658206671476364
arithmetic_addition,consistent_block_raw,168,-0.03958760201931,-0.057715121656656265
arithmetic_addition,consistent_block_raw,169,-0.0396425798535347,-0.05779809132218361
arithmetic_addition,consistent_block_raw,170,-0.039524029940366745,-0.05763666331768036
arithmetic_addition,consistent_block_raw,171,-0.039655085653066635,-0.0577930249273777
arithmetic_addition,consistent_block_raw,172,-0.039624232798814774,-0.05774221569299698
arithmetic_addition,consistent_block_raw,173,-0.03958110511302948,-0.057698119431734085
arithmetic_addition,consistent_block_raw,174,-0.039475198835134506,-0.05753418058156967
arithmetic_addition,consistent_block_raw,175,-0.0397443026304245,-0.0579209178686142
arithmetic_addition,consistent_block_raw,176,-0.03958126902580261,-0.05770005285739899
arithmetic_addition,consistent_block_raw,177,-0.039543844759464264,-0.05763623118400574
arithmetic_addition,consistent_block_raw,178,-0.03957115486264229,-0.05769253894686699
arithmetic_addition,consistent_block_raw,179,-0.03961162269115448,-0.05773542448878288
arithmetic_addition,consistent_block_raw,180,-0.0396287739276886,-0.05778452008962631
arithmetic_addition,consistent_block_raw,181,-0.0395466573536396,-0.05764741078019142
arithmetic_addition,consistent_block_raw,182,-0.03962014615535736,-0.05776677280664444
arithmetic_addition,consistent_block_raw,183,-0.03969188779592514,-0.05785345286130905
arithmetic_addition,consistent_block_raw,184,-0.03968086093664169,-0.05783107504248619
arithmetic_addition,consistent_block_raw,185,-0.03956027328968048,-0.05768571048974991
arithmetic_addition,consistent_block_raw,186,-0.03961476311087608,-0.0577448345720768
arithmetic_addition,consistent_block_raw,187,-0.039548177272081375,-0.05765758827328682
arithmetic_addition,consistent_block_raw,188,-0.03956238552927971,-0.0576573982834816
arithmetic_addition,consistent_block_raw,189,-0.03961524739861488,-0.05774630606174469
arithmetic_addition,consistent_block_raw,190,-0.039604924619197845,-0.05772854760289192
arithmetic_addition,consistent_block_raw,191,-0.03954741731286049,-0.057658907026052475
arithmetic_addition,consistent_block_raw,192,-0.03960425406694412,-0.0577307865023613
arithmetic_addition,consistent_block_raw,193,-0.03951709717512131,-0.05758475512266159
arithmetic_addition,consistent_block_raw,194,-0.039680931717157364,-0.057832710444927216
arithmetic_addition,consistent_block_raw,195,-0.03962250426411629,-0.057753585278987885
arithmetic_addition,consistent_block_raw,196,-0.03963412344455719,-0.05778805539011955
arithmetic_addition,consistent_block_raw,197,-0.03953265771269798,-0.057622794061899185
arithmetic_addition,consistent_block_raw,198,-0.03963072597980499,-0.05775795504450798
arithmetic_addition,common_rmsnorm,0,-0.21753284335136414,-0.3631056845188141
arithmetic_addition,common_rmsnorm,1,-0.2173900157213211,-0.36281341314315796
arithmetic_addition,common_rmsnorm,2,-0.2171410471200943,-0.36244168877601624
arithmetic_addition,common_rmsnorm,3,-0.21711722016334534,-0.3624430298805237
arithmetic_addition,common_rmsnorm,4,-0.2173948585987091,-0.3628649115562439
arithmetic_addition,common_rmsnorm,5,-0.21696136891841888,-0.362215518951416
arithmetic_addition,common_rmsnorm,6,-0.21702080965042114,-0.3622208535671234
arithmetic_addition,common_rmsnorm,7,-0.21731236577033997,-0.3627570867538452
arithmetic_addition,common_rmsnorm,8,-0.21726815402507782,-0.36274778842926025
arithmetic_addition,common_rmsnorm,9,-0.21759629249572754,-0.3632119297981262
arithmetic_addition,common_rmsnorm,10,-0.2174658626317978,-0.36291101574897766
arithmetic_addition,common_rmsnorm,11,-0.21750128269195557,-0.3630348742008209
arithmetic_addition,common_rmsnorm,12,-0.21734578907489777,-0.3628203570842743
arithmetic_addition,common_rmsnorm,13,-0.21741999685764313,-0.362917423248291
arithmetic_addition,common_rmsnorm,14,-0.21701568365097046,-0.36228376626968384
arithmetic_addition,common_rmsnorm,15,-0.21756474673748016,-0.3630828559398651
arithmetic_addition,common_rmsnorm,16,-0.21757948398590088,-0.3632020950317383
arithmetic_addition,common_rmsnorm,17,-0.2176634520292282,-0.3633292317390442
arithmetic_addition,common_rmsnorm,18,-0.2171829640865326,-0.36257895827293396
arithmetic_addition,common_rmsnorm,19,-0.2173231542110443,-0.3627965450286865
arithmetic_addition,common_rmsnorm,20,-0.21705210208892822,-0.3624238073825836
arithmetic_addition,common_rmsnorm,21,-0.21724075078964233,-0.3625189960002899
arithmetic_addition,common_rmsnorm,22,-0.21754878759384155,-0.3632156550884247
arithmetic_addition,common_rmsnorm,23,-0.21746036410331726,-0.362862229347229
arithmetic_addition,common_rmsnorm,24,-0.21758733689785004,-0.3632698953151703
arithmetic_addition,common_rmsnorm,25,-0.21728289127349854,-0.3626096546649933
arithmetic_addition,common_rmsnorm,26,-0.21740618348121643,-0.3629259765148163
arithmetic_addition,common_rmsnorm,27,-0.21721167862415314,-0.36257457733154297
arithmetic_addition,common_rmsnorm,28,-0.21742074191570282,-0.36281049251556396
arithmetic_addition,common_rmsnorm,29,-0.21705618500709534,-0.36241209506988525
arithmetic_addition,common_rmsnorm,30,-0.21724265813827515,-0.3626243770122528
arithmetic_addition,common_rmsnorm,31,-0.21745187044143677,-0.3630272448062897
arithmetic_addition,common_rmsnorm,32,-0.2173217236995697,-0.36276039481163025
arithmetic_addition,common_rmsnorm,33,-0.21738046407699585,-0.36279207468032837
arithmetic_addition,common_rmsnorm,34,-0.21708306670188904,-0.3622525632381439
arithmetic_addition,common_rmsnorm,35,-0.21731925010681152,-0.3627971410751343
arithmetic_addition,common_rmsnorm,36,-0.21738997101783752,-0.36289873719215393
arithmetic_addition,common_rmsnorm,37,-0.21734999120235443,-0.3627801239490509
arithmetic_addition,common_rmsnorm,38,-0.21708907186985016,-0.36231622099876404
arithmetic_addition,common_rmsnorm,39,-0.21726980805397034,-0.36256730556488037
arithmetic_addition,common_rmsnorm,40,-0.21711568534374237,-0.36226704716682434
arithmetic_addition,common_rmsnorm,41,-0.21711204946041107,-0.36238640546798706
arithmetic_addition,common_rmsnorm,42,-0.2173110693693161,-0.36279916763305664
arithmetic_addition,common_rmsnorm,43,-0.2174275517463684,-0.36287716031074524
arithmetic_addition,common_rmsnorm,44,-0.21726101636886597,-0.36254942417144775
arithmetic_addition,common_rmsnorm,45,-0.2175740748643875,-0.36314111948013306
arithmetic_addition,common_rmsnorm,46,-0.21734914183616638,-0.3628717362880707
arithmetic_addition,common_rmsnorm,47,-0.2171078622341156,-0.3623858094215393
arithmetic_addition,common_rmsnorm,48,-0.21735797822475433,-0.3628397583961487
arithmetic_addition,common_rmsnorm,49,-0.21735723316669464,-0.3627716600894928
arithmetic_addition,common_rmsnorm,50,-0.2175944745540619,-0.36328694224357605
arithmetic_addition,common_rmsnorm,51,-0.21740096807479858,-0.36295369267463684
arithmetic_addition,common_rmsnorm,52,-0.2172146737575531,-0.3624875545501709
arithmetic_addition,common_rmsnorm,53,-0.21729303896427155,-0.36276230216026306
arithmetic_addition,common_rmsnorm,54,-0.21744602918624878,-0.3629350960254669
arithmetic_addition,common_rmsnorm,55,-0.21735355257987976,-0.36259394884109497
arithmetic_addition,common_rmsnorm,56,-0.21783429384231567,-0.3634013831615448
arithmetic_addition,common_rmsnorm,57,-0.2170732021331787,-0.3623294532299042
arithmetic_addition,common_rmsnorm,58,-0.21734796464443207,-0.3628287613391876
arithmetic_addition,common_rmsnorm,59,-0.21745604276657104,-0.3629781901836395
arithmetic_addition,common_rmsnorm,60,-0.21732528507709503,-0.3628017008304596
arithmetic_addition,common_rmsnorm,61,-0.2172403186559677,-0.3625285029411316
arithmetic_addition,common_rmsnorm,62,-0.21731288731098175,-0.3626260757446289
arithmetic_addition,common_rmsnorm,63,-0.2174934446811676,-0.36302193999290466
arithmetic_addition,common_rmsnorm,64,-0.21751272678375244,-0.363078236579895
arithmetic_addition,common_rmsnorm,65,-0.21712210774421692,-0.3624558448791504
arithmetic_addition,common_rmsnorm,66,-0.2176308035850525,-0.36322730779647827
arithmetic_addition,common_rmsnorm,67,-0.21691101789474487,-0.3620541989803314
arithmetic_addition,common_rmsnorm,68,-0.21754541993141174,-0.36319631338119507
arithmetic_addition,common_rmsnorm,69,-0.21737389266490936,-0.3628304898738861
arithmetic_addition,common_rmsnorm,70,-0.21757180988788605,-0.3630969524383545
arithmetic_addition,common_rmsnorm,71,-0.2175498902797699,-0.3630701005458832
arithmetic_addition,common_rmsnorm,72,-0.21750253438949585,-0.3631456196308136
arithmetic_addition,common_rmsnorm,73,-0.21748390793800354,-0.36312851309776306
arithmetic_addition,common_rmsnorm,74,-0.21735741198062897,-0.3626959025859833
arithmetic_addition,common_rmsnorm,75,-0.2173406332731247,-0.3627901077270508
arithmetic_addition,common_rmsnorm,76,-0.21746739745140076,-0.362944632768631
arithmetic_addition,common_rmsnorm,77,-0.2175113409757614,-0.36314821243286133
arithmetic_addition,common_rmsnorm,78,-0.21761654317378998,-0.36323195695877075
arithmetic_addition,common_rmsnorm,79,-0.2174876183271408,-0.3629724383354187
arithmetic_addition,common_rmsnorm,80,-0.21725298464298248,-0.3627104163169861
arithmetic_addition,common_rmsnorm,81,-0.21749186515808105,-0.3629990518093109
arithmetic_addition,common_rmsnorm,82,-0.21729624271392822,-0.3627775013446808
arithmetic_addition,common_rmsnorm,83,-0.21730634570121765,-0.3627151548862457
arithmetic_addition,common_rmsnorm,84,-0.21751590073108673,-0.36316731572151184
arithmetic_addition,common_rmsnorm,85,-0.21729455888271332,-0.3625556230545044
arithmetic_addition,common_rmsnorm,86,-0.21739797294139862,-0.362937331199646
arithmetic_addition,common_rmsnorm,87,-0.21746183931827545,-0.3631058633327484
arithmetic_addition,common_rmsnorm,88,-0.21758699417114258,-0.3631180226802826
arithmetic_addition,common_rmsnorm,89,-0.21730665862560272,-0.3626885414123535
arithmetic_addition,common_rmsnorm,90,-0.21705682575702667,-0.36233648657798767
arithmetic_addition,common_rmsnorm,91,-0.21736903488636017,-0.3628024160861969
arithmetic_addition,common_rmsnorm,92,-0.21683812141418457,-0.3620074391365051
arithmetic_addition,common_rmsnorm,93,-0.21715691685676575,-0.3624788522720337
arithmetic_addition,common_rmsnorm,94,-0.21722835302352905,-0.3625609278678894
arithmetic_addition,common_rmsnorm,95,-0.21753016114234924,-0.3630177974700928
arithmetic_addition,common_rmsnorm,96,-0.21734075248241425,-0.36288127303123474
arithmetic_addition,common_rmsnorm,97,-0.21714065968990326,-0.36246129870414734
arithmetic_addition,common_rmsnorm,98,-0.21749496459960938,-0.3629263639450073
arithmetic_addition,common_rmsnorm,99,-0.21725936233997345,-0.3625541031360626
arithmetic_addition,common_rmsnorm,100,-0.21720904111862183,-0.3625791370868683
arithmetic_addition,common_rmsnorm,101,-0.21723997592926025,-0.3625214695930481
arithmetic_addition,common_rmsnorm,102,-0.21729445457458496,-0.3627246022224426
arithmetic_addition,common_rmsnorm,103,-0.21723994612693787,-0.3625335693359375
arithmetic_addition,common_rmsnorm,104,-0.21736283600330353,-0.3628496825695038
arithmetic_addition,common_rmsnorm,105,-0.21766258776187897,-0.3633531928062439
arithmetic_addition,common_rmsnorm,106,-0.21725207567214966,-0.3626250922679901
arithmetic_addition,common_rmsnorm,107,-0.21730923652648926,-0.36270129680633545
arithmetic_addition,common_rmsnorm,108,-0.217505544424057,-0.3630797863006592
arithmetic_addition,common_rmsnorm,109,-0.217430979013443,-0.3629460036754608
arithmetic_addition,common_rmsnorm,110,-0.2174370288848877,-0.36299851536750793
arithmetic_addition,common_rmsnorm,111,-0.2173161506652832,-0.3626454770565033
arithmetic_addition,common_rmsnorm,112,-0.21700304746627808,-0.3622829020023346
arithmetic_addition,common_rmsnorm,113,-0.2172558456659317,-0.36265793442726135
arithmetic_addition,common_rmsnorm,114,-0.21725350618362427,-0.36259475350379944
arithmetic_addition,common_rmsnorm,115,-0.21706801652908325,-0.3623661994934082
arithmetic_addition,common_rmsnorm,116,-0.21739940345287323,-0.36274483799934387
arithmetic_addition,common_rmsnorm,117,-0.21744871139526367,-0.362930566072464
arithmetic_addition,common_rmsnorm,118,-0.21736864745616913,-0.3628457486629486
arithmetic_addition,common_rmsnorm,119,-0.21728047728538513,-0.36269062757492065
arithmetic_addition,common_rmsnorm,120,-0.21712930500507355,-0.3624366521835327
arithmetic_addition,common_rmsnorm,121,-0.21730612218379974,-0.3626970052719116
arithmetic_addition,common_rmsnorm,122,-0.21719397604465485,-0.36249449849128723
arithmetic_addition,common_rmsnorm,123,-0.21723629534244537,-0.3627093434333801
arithmetic_addition,common_rmsnorm,124,-0.2175327092409134,-0.36304813623428345
arithmetic_addition,common_rmsnorm,125,-0.21741358935832977,-0.36291635036468506
arithmetic_addition,common_rmsnorm,126,-0.21728242933750153,-0.3625878393650055
arithmetic_addition,common_rmsnorm,127,-0.21693997085094452,-0.36219295859336853
arithmetic_addition,common_rmsnorm,128,-0.2171439230442047,-0.36247262358665466
arithmetic_addition,common_rmsnorm,129,-0.21744537353515625,-0.3630467355251312
arithmetic_addition,common_rmsnorm,130,-0.2173401117324829,-0.36286017298698425
arithmetic_addition,common_rmsnorm,131,-0.21726836264133453,-0.3626806437969208
arithmetic_addition,common_rmsnorm,132,-0.21735402941703796,-0.3628542125225067
arithmetic_addition,common_rmsnorm,133,-0.2175002545118332,-0.3631376624107361
arithmetic_addition,common_rmsnorm,134,-0.21716560423374176,-0.36257198452949524
arithmetic_addition,common_rmsnorm,135,-0.21740786731243134,-0.36293888092041016
arithmetic_addition,common_rmsnorm,136,-0.21720768511295319,-0.3626643419265747
arithmetic_addition,common_rmsnorm,137,-0.21751154959201813,-0.36305004358291626
arithmetic_addition,common_rmsnorm,138,-0.21744269132614136,-0.36282098293304443
arithmetic_addition,common_rmsnorm,139,-0.21737362444400787,-0.36282670497894287
arithmetic_addition,common_rmsnorm,140,-0.2173062115907669,-0.3626583516597748
arithmetic_addition,common_rmsnorm,141,-0.21714353561401367,-0.362429141998291
arithmetic_addition,common_rmsnorm,142,-0.21724937856197357,-0.36259159445762634
arithmetic_addition,common_rmsnorm,143,-0.21708887815475464,-0.36242109537124634
arithmetic_addition,common_rmsnorm,144,-0.21748389303684235,-0.36299359798431396
arithmetic_addition,common_rmsnorm,145,-0.21735455095767975,-0.36266767978668213
arithmetic_addition,common_rmsnorm,146,-0.217323437333107,-0.3626727759838104
arithmetic_addition,common_rmsnorm,147,-0.21752223372459412,-0.36300498247146606
arithmetic_addition,common_rmsnorm,148,-0.21731749176979065,-0.3627769649028778
arithmetic_addition,common_rmsnorm,149,-0.21713675558567047,-0.36257871985435486
arithmetic_addition,common_rmsnorm,150,-0.21718396246433258,-0.36237362027168274
arithmetic_addition,common_rmsnorm,151,-0.21762704849243164,-0.36315155029296875
arithmetic_addition,common_rmsnorm,152,-0.21739251911640167,-0.3628901541233063
arithmetic_addition,common_rmsnorm,153,-0.2172621339559555,-0.36261487007141113
arithmetic_addition,common_rmsnorm,154,-0.2175389677286148,-0.36313554644584656
arithmetic_addition,common_rmsnorm,155,-0.21747402846813202,-0.3629257380962372
arithmetic_addition,common_rmsnorm,156,-0.21764111518859863,-0.3633122146129608
arithmetic_addition,common_rmsnorm,157,-0.21750283241271973,-0.3629203736782074
arithmetic_addition,common_rmsnorm,158,-0.21691463887691498,-0.3621339201927185
arithmetic_addition,common_rmsnorm,159,-0.2174689918756485,-0.3629941940307617
arithmetic_addition,common_rmsnorm,160,-0.2176300287246704,-0.3631497025489807
arithmetic_addition,common_rmsnorm,161,-0.2172362208366394,-0.36250948905944824
arithmetic_addition,common_rmsnorm,162,-0.2172311246395111,-0.36255693435668945
arithmetic_addition,common_rmsnorm,163,-0.21734865009784698,-0.3628447651863098
arithmetic_addition,common_rmsnorm,164,-0.21711374819278717,-0.3624141812324524
arithmetic_addition,common_rmsnorm,165,-0.21742086112499237,-0.3629465401172638
arithmetic_addition,common_rmsnorm,166,-0.2176188975572586,-0.36322200298309326
arithmetic_addition,common_rmsnorm,167,-0.2172287106513977,-0.36256906390190125
arithmetic_addition,common_rmsnorm,168,-0.21755509078502655,-0.3631001114845276
arithmetic_addition,common_rmsnorm,169,-0.2171589732170105,-0.3624708354473114
arithmetic_addition,common_rmsnorm,170,-0.2172694057226181,-0.3626629710197449
arithmetic_addition,common_rmsnorm,171,-0.21733307838439941,-0.36280620098114014
arithmetic_addition,common_rmsnorm,172,-0.21736465394496918,-0.3628543019294739
arithmetic_addition,common_rmsnorm,173,-0.21738021075725555,-0.36285558342933655
arithmetic_addition,common_rmsnorm,174,-0.2178342044353485,-0.36343058943748474
arithmetic_addition,common_rmsnorm,175,-0.21748585999011993,-0.3630223274230957
arithmetic_addition,common_rmsnorm,176,-0.21746204793453217,-0.3630875051021576
arithmetic_addition,common_rmsnorm,177,-0.2172204852104187,-0.36262327432632446
arithmetic_addition,common_rmsnorm,178,-0.21703371405601501,-0.3623661696910858
arithmetic_addition,common_rmsnorm,179,-0.2172759622335434,-0.3626317083835602
arithmetic_addition,common_rmsnorm,180,-0.21686886250972748,-0.3619670569896698
arithmetic_addition,common_rmsnorm,181,-0.21731775999069214,-0.3627464473247528
arithmetic_addition,common_rmsnorm,182,-0.21727725863456726,-0.3626364469528198
arithmetic_addition,common_rmsnorm,183,-0.21743297576904297,-0.3629100024700165
arithmetic_addition,common_rmsnorm,184,-0.21720314025878906,-0.3625808656215668
arithmetic_addition,common_rmsnorm,185,-0.21769189834594727,-0.36332035064697266
arithmetic_addition,common_rmsnorm,186,-0.217384934425354,-0.3627881407737732
arithmetic_addition,common_rmsnorm,187,-0.2175339311361313,-0.3631468415260315
arithmetic_addition,common_rmsnorm,188,-0.21758131682872772,-0.3631548583507538
arithmetic_addition,common_rmsnorm,189,-0.21697898209095,-0.3622979521751404
arithmetic_addition,common_rmsnorm,190,-0.21717847883701324,-0.3625657856464386
arithmetic_addition,common_rmsnorm,191,-0.21755318343639374,-0.3631138503551483
arithmetic_addition,common_rmsnorm,192,-0.21737641096115112,-0.3627544045448303
arithmetic_addition,common_rmsnorm,193,-0.21721263229846954,-0.36263322830200195
arithmetic_addition,common_rmsnorm,194,-0.2173393815755844,-0.3628944456577301
arithmetic_addition,common_rmsnorm,195,-0.21747930347919464,-0.3630121052265167
arithmetic_addition,common_rmsnorm,196,-0.21741583943367004,-0.3628729283809662
arithmetic_addition,common_rmsnorm,197,-0.21751989424228668,-0.3630580008029938
arithmetic_addition,common_rmsnorm,198,-0.21764378249645233,-0.36327067017555237
arc_challenge,cached_mixed_raw,0,0.06091972813010216,0.07543052732944489
arc_challenge,cached_mixed_raw,1,0.061201464384794235,0.07578570395708084
arc_challenge,cached_mixed_raw,2,0.06165066733956337,0.076374351978302
arc_challenge,cached_mixed_raw,3,0.06117570027709007,0.07573800534009933
arc_challenge,cached_mixed_raw,4,0.061534035950899124,0.07619310915470123
arc_challenge,cached_mixed_raw,5,0.06117671728134155,0.07572319358587265
arc_challenge,cached_mixed_raw,6,0.061487551778554916,0.07611751556396484
arc_challenge,cached_mixed_raw,7,0.06124885007739067,0.07585226744413376
arc_challenge,cached_mixed_raw,8,0.060980502516031265,0.07547952234745026
arc_challenge,cached_mixed_raw,9,0.06134491413831711,0.07596483081579208
arc_challenge,cached_mixed_raw,10,0.06124997138977051,0.07582337409257889
arc_challenge,cached_mixed_raw,11,0.061499033123254776,0.07614976167678833
arc_challenge,cached_mixed_raw,12,0.06159638985991478,0.07628537714481354
arc_challenge,cached_mixed_raw,13,0.061449430882930756,0.07607349753379822
arc_challenge,cached_mixed_raw,14,0.061253808438777924,0.07584235817193985
arc_challenge,cached_mixed_raw,15,0.06103028729557991,0.07556045800447464
arc_challenge,cached_mixed_raw,16,0.06129223108291626,0.07588142156600952
arc_challenge,cached_mixed_raw,17,0.061205409467220306,0.07579149305820465
arc_challenge,cached_mixed_raw,18,0.0612194649875164,0.07579536736011505
arc_challenge,cached_mixed_raw,19,0.061114538460969925,0.07563957571983337
arc_challenge,cached_mixed_raw,20,0.06130361557006836,0.07589862495660782
arc_challenge,cached_mixed_raw,21,0.06151474267244339,0.07617707550525665
arc_challenge,cached_mixed_raw,22,0.061368830502033234,0.07599223405122757
arc_challenge,cached_mixed_raw,23,0.06137116998434067,0.07601471245288849
arc_challenge,cached_mixed_raw,24,0.06126799061894417,0.07584752887487411
arc_challenge,cached_mixed_raw,25,0.061285972595214844,0.0758880153298378
arc_challenge,cached_mixed_raw,26,0.06128412485122681,0.075859434902668
arc_challenge,cached_mixed_raw,27,0.061174485832452774,0.07571295648813248
arc_challenge,cached_mixed_raw,28,0.06133509799838066,0.07596318423748016
arc_challenge,cached_mixed_raw,29,0.06128627061843872,0.0758858397603035
arc_challenge,cached_mixed_raw,30,0.06105860322713852,0.07555496692657471
arc_challenge,cached_mixed_raw,31,0.06146770715713501,0.07609666883945465
arc_challenge,cached_mixed_raw,32,0.061183393001556396,0.075743667781353
arc_challenge,cached_mixed_raw,33,0.06131436675786972,0.07591922581195831
arc_challenge,cached_mixed_raw,34,0.06125025078654289,0.07582489401102066
arc_challenge,cached_mixed_raw,35,0.06126612797379494,0.07584861665964127
arc_challenge,cached_mixed_raw,36,0.060858748853206635,0.07530803978443146
arc_challenge,cached_mixed_raw,37,0.06118428334593773,0.07573659718036652
arc_challenge,cached_mixed_raw,38,0.061185695230960846,0.07575737684965134
arc_challenge,cached_mixed_raw,39,0.06132280454039574,0.07591160386800766
arc_challenge,cached_mixed_raw,40,0.06103334203362465,0.07554000616073608
arc_challenge,cached_mixed_raw,41,0.06134625896811485,0.07594750821590424
arc_challenge,cached_mixed_raw,42,0.06126929447054863,0.07586954534053802
arc_challenge,cached_mixed_raw,43,0.06132662296295166,0.07593691349029541
arc_challenge,cached_mixed_raw,44,0.061267197132110596,0.07585218548774719
arc_challenge,cached_mixed_raw,45,0.061258625239133835,0.07585178315639496
arc_challenge,cached_mixed_raw,46,0.061593592166900635,0.07630014419555664
arc_challenge,cached_mixed_raw,47,0.061594635248184204,0.07629335671663284
arc_challenge,cached_mixed_raw,48,0.06117977946996689,0.07575403153896332
arc_challenge,cached_mixed_raw,49,0.06117876619100571,0.07574771344661713
arc_challenge,cached_mixed_raw,50,0.061489641666412354,0.07614631950855255
arc_challenge,cached_mixed_raw,51,0.06138181313872337,0.07599989324808121
arc_challenge,cached_mixed_raw,52,0.061300937086343765,0.07588619738817215
arc_challenge,cached_mixed_raw,53,0.06122961640357971,0.07577105611562729
arc_challenge,cached_mixed_raw,54,0.06142052263021469,0.07604527473449707
arc_challenge,cached_mixed_raw,55,0.061130475252866745,0.07570653408765793
arc_challenge,cached_mixed_raw,56,0.061689820140600204,0.07644861191511154
arc_challenge,cached_mixed_raw,57,0.061288345605134964,0.07588180899620056
arc_challenge,cached_mixed_raw,58,0.06145870313048363,0.07609420269727707
arc_challenge,cached_mixed_raw,59,0.06127333641052246,0.07590052485466003
arc_challenge,cached_mixed_raw,60,0.061077311635017395,0.07562670111656189
arc_challenge,cached_mixed_raw,61,0.061025213450193405,0.0755276158452034
arc_challenge,cached_mixed_raw,62,0.06109611317515373,0.07566341757774353
arc_challenge,cached_mixed_raw,63,0.06109599769115448,0.07561911642551422
arc_challenge,cached_mixed_raw,64,0.061366695910692215,0.07597231864929199
arc_challenge,cached_mixed_raw,65,0.06154841557145119,0.07621488720178604
arc_challenge,cached_mixed_raw,66,0.06122240051627159,0.07578520476818085
arc_challenge,cached_mixed_raw,67,0.061189234256744385,0.07573974877595901
arc_challenge,cached_mixed_raw,68,0.06118018552660942,0.0757468193769455
arc_challenge,cached_mixed_raw,69,0.0614481195807457,0.07611144334077835
arc_challenge,cached_mixed_raw,70,0.06122351810336113,0.07577178627252579
arc_challenge,cached_mixed_raw,71,0.06092173978686333,0.07538943737745285
arc_challenge,cached_mixed_raw,72,0.06120328605175018,0.07575248181819916
arc_challenge,cached_mixed_raw,73,0.06134624406695366,0.07597231864929199
arc_challenge,cached_mixed_raw,74,0.06116805970668793,0.0757109671831131
arc_challenge,cached_mixed_raw,75,0.060873113572597504,0.07536624372005463
arc_challenge,cached_mixed_raw,76,0.06161371245980263,0.07629216462373734
arc_challenge,cached_mixed_raw,77,0.061163529753685,0.07573769241571426
arc_challenge,cached_mixed_raw,78,0.06104983761906624,0.075596883893013
arc_challenge,cached_mixed_raw,79,0.06106630340218544,0.07559308409690857
arc_challenge,cached_mixed_raw,80,0.06122783198952675,0.07583502680063248
arc_challenge,cached_mixed_raw,81,0.06135477498173714,0.07598337531089783
arc_challenge,cached_mixed_raw,82,0.06128428876399994,0.07588822394609451
arc_challenge,cached_mixed_raw,83,0.0612492673099041,0.07584571093320847
arc_challenge,cached_mixed_raw,84,0.061374735087156296,0.0759756863117218
arc_challenge,cached_mixed_raw,85,0.06150337681174278,0.07617226243019104
arc_challenge,cached_mixed_raw,86,0.06120530888438225,0.07575777173042297
arc_challenge,cached_mixed_raw,87,0.06118428334593773,0.0757472887635231
arc_challenge,cached_mixed_raw,88,0.061485644429922104,0.0761210173368454
arc_challenge,cached_mixed_raw,89,0.06160131096839905,0.07627750188112259
arc_challenge,cached_mixed_raw,90,0.06135910004377365,0.0759640708565712
arc_challenge,cached_mixed_raw,91,0.06162482500076294,0.07632903754711151
arc_challenge,cached_mixed_raw,92,0.06150843948125839,0.07617265731096268
arc_challenge,cached_mixed_raw,93,0.06123451516032219,0.0757979303598404
arc_challenge,cached_mixed_raw,94,0.06107467785477638,0.07562607526779175
arc_challenge,cached_mixed_raw,95,0.06125568971037865,0.07583223283290863
arc_challenge,cached_mixed_raw,96,0.06115202233195305,0.07571927458047867
arc_challenge,cached_mixed_raw,97,0.061000291258096695,0.07552704215049744
arc_challenge,cached_mixed_raw,98,0.061535391956567764,0.0761953815817833
arc_challenge,cached_mixed_raw,99,0.06133812665939331,0.07593736797571182
arc_challenge,cached_mixed_raw,100,0.06135335564613342,0.07594392448663712
arc_challenge,cached_mixed_raw,101,0.06165936961770058,0.07637766748666763
arc_challenge,cached_mixed_raw,102,0.0612521693110466,0.07582692056894302
arc_challenge,cached_mixed_raw,103,0.06151356175541878,0.07618974149227142
arc_challenge,cached_mixed_raw,104,0.06150828301906586,0.07615663856267929
arc_challenge,cached_mixed_raw,105,0.061560019850730896,0.07623817771673203
arc_challenge,cached_mixed_raw,106,0.061229489743709564,0.07580584287643433
arc_challenge,cached_mixed_raw,107,0.061434872448444366,0.07606598734855652
arc_challenge,cached_mixed_raw,108,0.061047010123729706,0.07560022920370102
arc_challenge,cached_mixed_raw,109,0.06150488182902336,0.07619274407625198
arc_challenge,cached_mixed_raw,110,0.06117348000407219,0.07575291395187378
arc_challenge,cached_mixed_raw,111,0.061200160533189774,0.07576507329940796
arc_challenge,cached_mixed_raw,112,0.06130880489945412,0.07593198865652084
arc_challenge,cached_mixed_raw,113,0.061211779713630676,0.07578683644533157
arc_challenge,cached_mixed_raw,114,0.0613986998796463,0.07605242729187012
arc_challenge,cached_mixed_raw,115,0.06123243644833565,0.0757797360420227
arc_challenge,cached_mixed_raw,116,0.06124046817421913,0.07583775371313095
arc_challenge,cached_mixed_raw,117,0.06123867630958557,0.07578983157873154
arc_challenge,cached_mixed_raw,118,0.06149337440729141,0.07614835351705551
arc_challenge,cached_mixed_raw,119,0.061535995453596115,0.07618390023708344
arc_challenge,cached_mixed_raw,120,0.0612911619246006,0.07589258998632431
arc_challenge,cached_mixed_raw,121,0.06142904609441757,0.07605855166912079
arc_challenge,cached_mixed_raw,122,0.06169506534934044,0.07638228684663773
arc_challenge,cached_mixed_raw,123,0.06100005283951759,0.07549434900283813
arc_challenge,cached_mixed_raw,124,0.06117729842662811,0.07576175779104233
arc_challenge,cached_mixed_raw,125,0.06129251793026924,0.07590920478105545
arc_challenge,cached_mixed_raw,126,0.061118774116039276,0.07564111053943634
arc_challenge,cached_mixed_raw,127,0.06133061647415161,0.07593446224927902
arc_challenge,cached_mixed_raw,128,0.06132952496409416,0.07592237740755081
arc_challenge,cached_mixed_raw,129,0.06095146760344505,0.0754501074552536
arc_challenge,cached_mixed_raw,130,0.061011169105768204,0.07552074640989304
arc_challenge,cached_mixed_raw,131,0.06151721626520157,0.07620613276958466
arc_challenge,cached_mixed_raw,132,0.06148539483547211,0.07615942507982254
arc_challenge,cached_mixed_raw,133,0.06166883930563927,0.07638931274414062
arc_challenge,cached_mixed_raw,134,0.061267320066690445,0.07584173232316971
arc_challenge,cached_mixed_raw,135,0.06158122792840004,0.0762765184044838
arc_challenge,cached_mixed_raw,136,0.061510950326919556,0.07615762203931808
arc_challenge,cached_mixed_raw,137,0.06144086644053459,0.07609956711530685
arc_challenge,cached_mixed_raw,138,0.06143312156200409,0.076066754758358
arc_challenge,cached_mixed_raw,139,0.061102572828531265,0.0756775364279747
arc_challenge,cached_mixed_raw,140,0.061243101954460144,0.07580364495515823
arc_challenge,cached_mixed_raw,141,0.061182279139757156,0.07572156935930252
arc_challenge,cached_mixed_raw,142,0.0611422173678875,0.07571396231651306
arc_challenge,cached_mixed_raw,143,0.06135980412364006,0.07597676664590836
arc_challenge,cached_mixed_raw,144,0.06116599962115288,0.07574509084224701
arc_challenge,cached_mixed_raw,145,0.061320044100284576,0.0759308785200119
arc_challenge,cached_mixed_raw,146,0.06135151535272598,0.0759461298584938
arc_challenge,cached_mixed_raw,147,0.06107769161462784,0.07565142214298248
arc_challenge,cached_mixed_raw,148,0.061278048902750015,0.07587969303131104
arc_challenge,cached_mixed_raw,149,0.06129831448197365,0.07590438425540924
arc_challenge,cached_mixed_raw,150,0.06133805587887764,0.07595285773277283
arc_challenge,cached_mixed_raw,151,0.06124491989612579,0.07583942264318466
arc_challenge,cached_mixed_raw,152,0.06129126250743866,0.07586792856454849
arc_challenge,cached_mixed_raw,153,0.06139093637466431,0.07602699100971222
arc_challenge,cached_mixed_raw,154,0.061198316514492035,0.07577113062143326
arc_challenge,cached_mixed_raw,155,0.06135507673025131,0.0759759396314621
arc_challenge,cached_mixed_raw,156,0.06152370944619179,0.07618588209152222
arc_challenge,cached_mixed_raw,157,0.06127097085118294,0.0758810043334961
arc_challenge,cached_mixed_raw,158,0.061594679951667786,0.07630012929439545
arc_challenge,cached_mixed_raw,159,0.06130141392350197,0.0758897215127945
arc_challenge,cached_mixed_raw,160,0.06134026497602463,0.07595238089561462
arc_challenge,cached_mixed_raw,161,0.06125279515981674,0.07585634291172028
arc_challenge,cached_mixed_raw,162,0.06121550872921944,0.07579516619443893
arc_challenge,cached_mixed_raw,163,0.06127607822418213,0.0758497342467308
arc_challenge,cached_mixed_raw,164,0.061402857303619385,0.07603701204061508
arc_challenge,cached_mixed_raw,165,0.06120099872350693,0.0757717713713646
arc_challenge,cached_mixed_raw,166,0.06086978688836098,0.0753391832113266
arc_challenge,cached_mixed_raw,167,0.06171301379799843,0.07646932452917099
arc_challenge,cached_mixed_raw,168,0.061163436621427536,0.0757109671831131
arc_challenge,cached_mixed_raw,169,0.061053693294525146,0.07555516809225082
arc_challenge,cached_mixed_raw,170,0.06111631169915199,0.07566748559474945
arc_challenge,cached_mixed_raw,171,0.061365168541669846,0.0759834572672844
arc_challenge,cached_mixed_raw,172,0.061449479311704636,0.07611074298620224
arc_challenge,cached_mixed_raw,173,0.06103683263063431,0.07554532587528229
arc_challenge,cached_mixed_raw,174,0.06116355210542679,0.07566975802183151
arc_challenge,cached_mixed_raw,175,0.061295703053474426,0.07591806352138519
arc_challenge,cached_mixed_raw,176,0.06078165024518967,0.07523474097251892
arc_challenge,cached_mixed_raw,177,0.061094868928194046,0.07561057806015015
arc_challenge,cached_mixed_raw,178,0.061490338295698166,0.07613606005907059
arc_challenge,cached_mixed_raw,179,0.06103697791695595,0.07555774599313736
arc_challenge,cached_mixed_raw,180,0.06090725213289261,0.07539158314466476
arc_challenge,cached_mixed_raw,181,0.06116300821304321,0.07573629915714264
arc_challenge,cached_mixed_raw,182,0.06120608001947403,0.07579193264245987
arc_challenge,cached_mixed_raw,183,0.06136845424771309,0.07597725093364716
arc_challenge,cached_mixed_raw,184,0.061421316117048264,0.07603573799133301
arc_challenge,cached_mixed_raw,185,0.06128953769803047,0.07589346915483475
arc_challenge,cached_mixed_raw,186,0.061425838619470596,0.07604734599590302
arc_challenge,cached_mixed_raw,187,0.06136927381157875,0.07596402615308762
arc_challenge,cached_mixed_raw,188,0.06143318489193916,0.0760582834482193
arc_challenge,cached_mixed_raw,189,0.061536505818367004,0.07620798796415329
arc_challenge,cached_mixed_raw,190,0.06105085462331772,0.07557670772075653
arc_challenge,cached_mixed_raw,191,0.06118854135274887,0.07573102414608002
arc_challenge,cached_mixed_raw,192,0.06124221906065941,0.0758211687207222
arc_challenge,cached_mixed_raw,193,0.06125112995505333,0.07583288103342056
arc_challenge,cached_mixed_raw,194,0.06124444305896759,0.07579021900892258
arc_challenge,cached_mixed_raw,195,0.06113023683428764,0.07568007707595825
arc_challenge,cached_mixed_raw,196,0.06142747029662132,0.0760820060968399
arc_challenge,cached_mixed_raw,197,0.06099601089954376,0.07554396986961365
arc_challenge,cached_mixed_raw,198,0.0611271932721138,0.0756899043917656
arc_challenge,reextracted_mixed_raw,0,0.06140681728720665,0.07604052126407623
arc_challenge,reextracted_mixed_raw,1,0.06138696148991585,0.07600941509008408
arc_challenge,reextracted_mixed_raw,2,0.06127089634537697,0.07584118098020554
arc_challenge,reextracted_mixed_raw,3,0.06128525733947754,0.07587890326976776
arc_challenge,reextracted_mixed_raw,4,0.06120889633893967,0.07578840851783752
arc_challenge,reextracted_mixed_raw,5,0.06127011403441429,0.07585068792104721
arc_challenge,reextracted_mixed_raw,6,0.06134272366762161,0.07594700902700424
arc_challenge,reextracted_mixed_raw,7,0.06139166280627251,0.07601506263017654
arc_challenge,reextracted_mixed_raw,8,0.06154822185635567,0.07623927295207977
arc_challenge,reextracted_mixed_raw,9,0.06133610010147095,0.07595483958721161
arc_challenge,reextracted_mixed_raw,10,0.0612543560564518,0.07583410292863846
arc_challenge,reextracted_mixed_raw,11,0.061258088797330856,0.07586228102445602
arc_challenge,reextracted_mixed_raw,12,0.06136901304125786,0.07600906491279602
arc_challenge,reextracted_mixed_raw,13,0.06119311600923538,0.07573363929986954
arc_challenge,reextracted_mixed_raw,14,0.061117399483919144,0.07567933201789856
arc_challenge,reextracted_mixed_raw,15,0.06116323173046112,0.07571977376937866
arc_challenge,reextracted_mixed_raw,16,0.06168249621987343,0.07637029141187668
arc_challenge,reextracted_mixed_raw,17,0.061379656195640564,0.07600823789834976
arc_challenge,reextracted_mixed_raw,18,0.06119404733181,0.07574693858623505
arc_challenge,reextracted_mixed_raw,19,0.06116359680891037,0.07570765167474747
arc_challenge,reextracted_mixed_raw,20,0.06125442311167717,0.07584118843078613
arc_challenge,reextracted_mixed_raw,21,0.061323974281549454,0.07592590153217316
arc_challenge,reextracted_mixed_raw,22,0.061005014926195145,0.07555446028709412
arc_challenge,reextracted_mixed_raw,23,0.06140260025858879,0.07601123303174973
arc_challenge,reextracted_mixed_raw,24,0.06121702492237091,0.07577840238809586
arc_challenge,reextracted_mixed_raw,25,0.06119801849126816,0.07577409595251083
arc_challenge,reextracted_mixed_raw,26,0.061162177473306656,0.07571440190076828
arc_challenge,reextracted_mixed_raw,27,0.06102712079882622,0.07555655390024185
arc_challenge,reextracted_mixed_raw,28,0.0617019347846508,0.07643124461174011
arc_challenge,reextracted_mixed_raw,29,0.06122550740838051,0.07579817622900009
arc_challenge,reextracted_mixed_raw,30,0.06142352893948555,0.0760682001709938
arc_challenge,reextracted_mixed_raw,31,0.061358559876680374,0.0759769156575203
arc_challenge,reextracted_mixed_raw,32,0.06115734204649925,0.07573133707046509
arc_challenge,reextracted_mixed_raw,33,0.06139649823307991,0.07600198686122894
arc_challenge,reextracted_mixed_raw,34,0.061417195945978165,0.07607683539390564
arc_challenge,reextracted_mixed_raw,35,0.06135157123208046,0.07594962418079376
arc_challenge,reextracted_mixed_raw,36,0.061384860426187515,0.07603015750646591
arc_challenge,reextracted_mixed_raw,37,0.06116558238863945,0.07572710514068604
arc_challenge,reextracted_mixed_raw,38,0.06108785420656204,0.07560951262712479
arc_challenge,reextracted_mixed_raw,39,0.06120535358786583,0.0757807195186615
arc_challenge,reextracted_mixed_raw,40,0.061210379004478455,0.0757727175951004
arc_challenge,reextracted_mixed_raw,41,0.06133705750107765,0.07594294846057892
arc_challenge,reextracted_mixed_raw,42,0.06119735538959503,0.07576033473014832
arc_challenge,reextracted_mixed_raw,43,0.061313170939683914,0.0758822113275528
arc_challenge,reextracted_mixed_raw,44,0.06145314499735832,0.07607285678386688
arc_challenge,reextracted_mixed_raw,45,0.06146901100873947,0.07610417157411575
arc_challenge,reextracted_mixed_raw,46,0.0616583377122879,0.07636449486017227
arc_challenge,reextracted_mixed_raw,47,0.06126769632101059,0.0758490189909935
arc_challenge,reextracted_mixed_raw,48,0.06136869266629219,0.07600347697734833
arc_challenge,reextracted_mixed_raw,49,0.06126745790243149,0.07587525993585587
arc_challenge,reextracted_mixed_raw,50,0.061139896512031555,0.07568743824958801
arc_challenge,reextracted_mixed_raw,51,0.06112169101834297,0.07566250115633011
arc_challenge,reextracted_mixed_raw,52,0.06136101856827736,0.07598984241485596
arc_challenge,reextracted_mixed_raw,53,0.06139903515577316,0.07602117955684662
arc_challenge,reextracted_mixed_raw,54,0.06136398762464523,0.07595481723546982
arc_challenge,reextracted_mixed_raw,55,0.06151936948299408,0.07620854675769806
arc_challenge,reextracted_mixed_raw,56,0.06127502769231796,0.07586295157670975
arc_challenge,reextracted_mixed_raw,57,0.06116167828440666,0.07573611289262772
arc_challenge,reextracted_mixed_raw,58,0.0612478032708168,0.07583702355623245
arc_challenge,reextracted_mixed_raw,59,0.06132130324840546,0.07592572271823883
arc_challenge,reextracted_mixed_raw,60,0.061292365193367004,0.07586859911680222
arc_challenge,reextracted_mixed_raw,61,0.06131848320364952,0.07594086974859238
arc_challenge,reextracted_mixed_raw,62,0.06117217242717743,0.07572799921035767
arc_challenge,reextracted_mixed_raw,63,0.061120569705963135,0.07568755745887756
arc_challenge,reextracted_mixed_raw,64,0.06128809228539467,0.07589292526245117
arc_challenge,reextracted_mixed_raw,65,0.061103664338588715,0.0756329894065857
arc_challenge,reextracted_mixed_raw,66,0.06130043789744377,0.07591617852449417
arc_challenge,reextracted_mixed_raw,67,0.06144839525222778,0.0760703757405281
arc_challenge,reextracted_mixed_raw,68,0.06126841530203819,0.07586497813463211
arc_challenge,reextracted_mixed_raw,69,0.06133469194173813,0.075962133705616
arc_challenge,reextracted_mixed_raw,70,0.061163708567619324,0.07571931928396225
arc_challenge,reextracted_mixed_raw,71,0.06122231483459473,0.0757952556014061
arc_challenge,reextracted_mixed_raw,72,0.061075448989868164,0.07559161633253098
arc_challenge,reextracted_mixed_raw,73,0.061410412192344666,0.07606539130210876
arc_challenge,reextracted_mixed_raw,74,0.06090402603149414,0.07540690153837204
arc_challenge,reextracted_mixed_raw,75,0.06154333055019379,0.07619742304086685
arc_challenge,reextracted_mixed_raw,76,0.0609588623046875,0.07549513876438141
arc_challenge,reextracted_mixed_raw,77,0.06150912120938301,0.07618673890829086
arc_challenge,reextracted_mixed_raw,78,0.06113189831376076,0.07567055523395538
arc_challenge,reextracted_mixed_raw,79,0.06122472137212753,0.0757916197180748
arc_challenge,reextracted_mixed_raw,80,0.06124033406376839,0.07582177966833115
arc_challenge,reextracted_mixed_raw,81,0.061427388340234756,0.07605797052383423
arc_challenge,reextracted_mixed_raw,82,0.060997702181339264,0.07552069425582886
arc_challenge,reextracted_mixed_raw,83,0.06096374988555908,0.0754646509885788
arc_challenge,reextracted_mixed_raw,84,0.06129901856184006,0.07591555267572403
arc_challenge,reextracted_mixed_raw,85,0.06092961132526398,0.0754336342215538
arc_challenge,reextracted_mixed_raw,86,0.06127651780843735,0.0758819505572319
arc_challenge,reextracted_mixed_raw,87,0.06140473484992981,0.07600116729736328
arc_challenge,reextracted_mixed_raw,88,0.0609346367418766,0.07541258633136749
arc_challenge,reextracted_mixed_raw,89,0.06139051541686058,0.07604651898145676
arc_challenge,reextracted_mixed_raw,90,0.06136046350002289,0.07600735872983932
arc_challenge,reextracted_mixed_raw,91,0.06126459687948227,0.07584279775619507
arc_challenge,reextracted_mixed_raw,92,0.06158861890435219,0.07629743218421936
arc_challenge,reextracted_mixed_raw,93,0.06165162846446037,0.0763317421078682
arc_challenge,reextracted_mixed_raw,94,0.0613807775080204,0.07602487504482269
arc_challenge,reextracted_mixed_raw,95,0.06108270585536957,0.07557885348796844
arc_challenge,reextracted_mixed_raw,96,0.06151247024536133,0.07619592547416687
arc_challenge,reextracted_mixed_raw,97,0.061191558837890625,0.07575997710227966
arc_challenge,reextracted_mixed_raw,98,0.061234548687934875,0.07580152153968811
arc_challenge,reextracted_mixed_raw,99,0.061400845646858215,0.07603400200605392
arc_challenge,reextracted_mixed_raw,100,0.06130647659301758,0.07592211663722992
arc_challenge,reextracted_mixed_raw,101,0.06147751584649086,0.07614070922136307
arc_challenge,reextracted_mixed_raw,102,0.06143739074468613,0.07607414573431015
arc_challenge,reextracted_mixed_raw,103,0.06127087399363518,0.07590135931968689
arc_challenge,reextracted_mixed_raw,104,0.061440616846084595,0.07607322186231613
arc_challenge,reextracted_mixed_raw,105,0.061443958431482315,0.07606759667396545
arc_challenge,reextracted_mixed_raw,106,0.061564769595861435,0.07621815800666809
arc_challenge,reextracted_mixed_raw,107,0.06125360727310181,0.07584454119205475
arc_challenge,reextracted_mixed_raw,108,0.061215516179800034,0.07578935474157333
arc_challenge,reextracted_mixed_raw,109,0.06145152822136879,0.07609547674655914
arc_challenge,reextracted_mixed_raw,110,0.06140829250216484,0.07604715973138809
arc_challenge,reextracted_mixed_raw,111,0.06135464832186699,0.07594586908817291
arc_challenge,reextracted_mixed_raw,112,0.06102549657225609,0.0755230262875557
arc_challenge,reextracted_mixed_raw,113,0.06149089336395264,0.07615050673484802
arc_challenge,reextracted_mixed_raw,114,0.06092918664216995,0.07543095201253891
arc_challenge,reextracted_mixed_raw,115,0.06135740131139755,0.07595929503440857
arc_challenge,reextracted_mixed_raw,116,0.06139271706342697,0.07605457305908203
arc_challenge,reextracted_mixed_raw,117,0.06206822395324707,0.07688440382480621
arc_challenge,reextracted_mixed_raw,118,0.061458274722099304,0.07610535621643066
arc_challenge,reextracted_mixed_raw,119,0.06147385761141777,0.07614866644144058
arc_challenge,reextracted_mixed_raw,120,0.06128512695431709,0.0758603885769844
arc_challenge,reextracted_mixed_raw,121,0.06109544262290001,0.07564997673034668
arc_challenge,reextracted_mixed_raw,122,0.06125630810856819,0.07584353536367416
arc_challenge,reextracted_mixed_raw,123,0.061134520918130875,0.07569016516208649
arc_challenge,reextracted_mixed_raw,124,0.061185985803604126,0.07577300071716309
arc_challenge,reextracted_mixed_raw,125,0.06147947907447815,0.07611078023910522
arc_challenge,reextracted_mixed_raw,126,0.061161063611507416,0.07571706175804138
arc_challenge,reextracted_mixed_raw,127,0.060822147876024246,0.07531150430440903
arc_challenge,reextracted_mixed_raw,128,0.06125396862626076,0.07586376368999481
arc_challenge,reextracted_mixed_raw,129,0.061288680881261826,0.0758751705288887
arc_challenge,reextracted_mixed_raw,130,0.06093508005142212,0.07546798139810562
arc_challenge,reextracted_mixed_raw,131,0.06141708791255951,0.07604502141475677
arc_challenge,reextracted_mixed_raw,132,0.061204951256513596,0.07579450309276581
arc_challenge,reextracted_mixed_raw,133,0.06114966794848442,0.0756925418972969
arc_challenge,reextracted_mixed_raw,134,0.06129443272948265,0.07589831948280334
arc_challenge,reextracted_mixed_raw,135,0.06126812472939491,0.07583076506853104
arc_challenge,reextracted_mixed_raw,136,0.061291683465242386,0.07588744908571243
arc_challenge,reextracted_mixed_raw,137,0.06111342832446098,0.07567110657691956
arc_challenge,reextracted_mixed_raw,138,0.061176568269729614,0.07575301826000214
arc_challenge,reextracted_mixed_raw,139,0.06135178357362747,0.07597555965185165
arc_challenge,reextracted_mixed_raw,140,0.06115410476922989,0.07569445669651031
arc_challenge,reextracted_mixed_raw,141,0.061060644686222076,0.07559464126825333
arc_challenge,reextracted_mixed_raw,142,0.0611930750310421,0.07577613741159439
arc_challenge,reextracted_mixed_raw,143,0.06133580207824707,0.07594597339630127
arc_challenge,reextracted_mixed_raw,144,0.0613594651222229,0.07595290243625641
arc_challenge,reextracted_mixed_raw,145,0.061196181923151016,0.0757555365562439
arc_challenge,reextracted_mixed_raw,146,0.061279524117708206,0.07587685436010361
arc_challenge,reextracted_mixed_raw,147,0.06113780662417412,0.07569269090890884
arc_challenge,reextracted_mixed_raw,148,0.06111752986907959,0.07566118240356445
arc_challenge,reextracted_mixed_raw,149,0.061553750187158585,0.07622586190700531
arc_challenge,reextracted_mixed_raw,150,0.061178822070360184,0.07575853168964386
arc_challenge,reextracted_mixed_raw,151,0.061141107231378555,0.0756746307015419
arc_challenge,reextracted_mixed_raw,152,0.06169275939464569,0.07642017304897308
arc_challenge,reextracted_mixed_raw,153,0.06125232204794884,0.07582361996173859
arc_challenge,reextracted_mixed_raw,154,0.06161774322390556,0.07630909234285355
arc_challenge,reextracted_mixed_raw,155,0.06142417713999748,0.07603386044502258
arc_challenge,reextracted_mixed_raw,156,0.061303071677684784,0.07588811963796616
arc_challenge,reextracted_mixed_raw,157,0.06126485764980316,0.07587050646543503
arc_challenge,reextracted_mixed_raw,158,0.061268795281648636,0.07585466653108597
arc_challenge,reextracted_mixed_raw,159,0.06118929013609886,0.07575689256191254
arc_challenge,reextracted_mixed_raw,160,0.06123615428805351,0.07579807192087173
arc_challenge,reextracted_mixed_raw,161,0.06114267185330391,0.07571284472942352
arc_challenge,reextracted_mixed_raw,162,0.061219602823257446,0.07579253613948822
arc_challenge,reextracted_mixed_raw,163,0.06168694421648979,0.07641115039587021
arc_challenge,reextracted_mixed_raw,164,0.061330877244472504,0.07594243437051773
arc_challenge,reextracted_mixed_raw,165,0.06140844151377678,0.07605946809053421
arc_challenge,reextracted_mixed_raw,166,0.06153208389878273,0.07622775435447693
arc_challenge,reextracted_mixed_raw,167,0.061212074011564255,0.07579614222049713
arc_challenge,reextracted_mixed_raw,168,0.06143645942211151,0.076085664331913
arc_challenge,reextracted_mixed_raw,169,0.06126032769680023,0.07585135847330093
arc_challenge,reextracted_mixed_raw,170,0.06129706650972366,0.07591060549020767
arc_challenge,reextracted_mixed_raw,171,0.06104912608861923,0.07558445632457733
arc_challenge,reextracted_mixed_raw,172,0.06143859401345253,0.07607630640268326
arc_challenge,reextracted_mixed_raw,173,0.06121860444545746,0.07581718266010284
arc_challenge,reextracted_mixed_raw,174,0.06133101135492325,0.07595591247081757
arc_challenge,reextracted_mixed_raw,175,0.06155794858932495,0.07625999301671982
arc_challenge,reextracted_mixed_raw,176,0.061261553317308426,0.07583871483802795
arc_challenge,reextracted_mixed_raw,177,0.061411887407302856,0.07601990550756454
arc_challenge,reextracted_mixed_raw,178,0.06146638095378876,0.07613838464021683
arc_challenge,reextracted_mixed_raw,179,0.06132280454039574,0.07594846189022064
arc_challenge,reextracted_mixed_raw,180,0.06131847947835922,0.07592906057834625
arc_challenge,reextracted_mixed_raw,181,0.060987114906311035,0.07550151646137238
arc_challenge,reextracted_mixed_raw,182,0.06110766902565956,0.07564283907413483
arc_challenge,reextracted_mixed_raw,183,0.061111509799957275,0.07569264620542526
arc_challenge,reextracted_mixed_raw,184,0.06159864738583565,0.07628728449344635
arc_challenge,reextracted_mixed_raw,185,0.061301834881305695,0.07591354846954346
arc_challenge,reextracted_mixed_raw,186,0.061442647129297256,0.07609044760465622
arc_challenge,reextracted_mixed_raw,187,0.06132693588733673,0.07593858987092972
arc_challenge,reextracted_mixed_raw,188,0.06136692687869072,0.07601402699947357
arc_challenge,reextracted_mixed_raw,189,0.06124628335237503,0.07581877708435059
arc_challenge,reextracted_mixed_raw,190,0.06115906685590744,0.07572395354509354
arc_challenge,reextracted_mixed_raw,191,0.0611690916121006,0.07571832835674286
arc_challenge,reextracted_mixed_raw,192,0.061057716608047485,0.07561658322811127
arc_challenge,reextracted_mixed_raw,193,0.06130821630358696,0.07590705156326294
arc_challenge,reextracted_mixed_raw,194,0.06146343797445297,0.07615422457456589
arc_challenge,reextracted_mixed_raw,195,0.06123077869415283,0.07581083476543427
arc_challenge,reextracted_mixed_raw,196,0.06115471199154854,0.07573190331459045
arc_challenge,reextracted_mixed_raw,197,0.061360858380794525,0.07598114013671875
arc_challenge,reextracted_mixed_raw,198,0.06135507673025131,0.07598752528429031
arc_challenge,cached_truncated_raw,0,-0.019476555287837982,-0.046086329966783524
arc_challenge,cached_truncated_raw,1,-0.019344501197338104,-0.04586425796151161
arc_challenge,cached_truncated_raw,2,-0.019407618790864944,-0.045966122299432755
arc_challenge,cached_truncated_raw,3,-0.019289430230855942,-0.04581080377101898
arc_challenge,cached_truncated_raw,4,-0.019431229680776596,-0.04601892828941345
arc_challenge,cached_truncated_raw,5,-0.01944178156554699,-0.046031635254621506
arc_challenge,cached_truncated_raw,6,-0.019490502774715424,-0.04609476774930954
arc_challenge,cached_truncated_raw,7,-0.019363287836313248,-0.04592065140604973
arc_challenge,cached_truncated_raw,8,-0.019376279786229134,-0.04592832177877426
arc_challenge,cached_truncated_raw,9,-0.019403010606765747,-0.04596118628978729
arc_challenge,cached_truncated_raw,10,-0.01946190744638443,-0.046049125492572784
arc_challenge,cached_truncated_raw,11,-0.019490262493491173,-0.046093061566352844
arc_challenge,cached_truncated_raw,12,-0.019296886399388313,-0.04579981043934822
arc_challenge,cached_truncated_raw,13,-0.019347788766026497,-0.045862600207328796
arc_challenge,cached_truncated_raw,14,-0.01944173127412796,-0.04601970687508583
arc_challenge,cached_truncated_raw,15,-0.019307216629385948,-0.045837435871362686
arc_challenge,cached_truncated_raw,16,-0.019407695159316063,-0.04599834233522415
arc_challenge,cached_truncated_raw,17,-0.019329894334077835,-0.04585526883602142
arc_challenge,cached_truncated_raw,18,-0.01939835399389267,-0.04593578353524208
arc_challenge,cached_truncated_raw,19,-0.01938466541469097,-0.04593558609485626
arc_challenge,cached_truncated_raw,20,-0.01939111389219761,-0.045933254063129425
arc_challenge,cached_truncated_raw,21,-0.019485147669911385,-0.046042703092098236
arc_challenge,cached_truncated_raw,22,-0.019477058202028275,-0.04607918858528137
arc_challenge,cached_truncated_raw,23,-0.019335530698299408,-0.045839741826057434
arc_challenge,cached_truncated_raw,24,-0.019453581422567368,-0.04605242237448692
arc_challenge,cached_truncated_raw,25,-0.019387202337384224,-0.045927032828330994
arc_challenge,cached_truncated_raw,26,-0.019528798758983612,-0.046137820929288864
arc_challenge,cached_truncated_raw,27,-0.019321978092193604,-0.04584212601184845
arc_challenge,cached_truncated_raw,28,-0.019471393898129463,-0.04603675380349159
arc_challenge,cached_truncated_raw,29,-0.019307704642415047,-0.04580184072256088
arc_challenge,cached_truncated_raw,30,-0.019149446859955788,-0.04557713493704796
arc_challenge,cached_truncated_raw,31,-0.01939893141388893,-0.04594888165593147
arc_challenge,cached_truncated_raw,32,-0.019424565136432648,-0.04602851718664169
arc_challenge,cached_truncated_raw,33,-0.01939266361296177,-0.045954927802085876
arc_challenge,cached_truncated_raw,34,-0.01958628185093403,-0.04619207978248596
arc_challenge,cached_truncated_raw,35,-0.01940118335187435,-0.04593987390398979
arc_challenge,cached_truncated_raw,36,-0.019451411440968513,-0.04604462906718254
arc_challenge,cached_truncated_raw,37,-0.019286364316940308,-0.0458061546087265
arc_challenge,cached_truncated_raw,38,-0.01935071498155594,-0.0458853654563427
arc_challenge,cached_truncated_raw,39,-0.01951141282916069,-0.046120498329401016
arc_challenge,cached_truncated_raw,40,-0.01945924200117588,-0.04607493802905083
arc_challenge,cached_truncated_raw,41,-0.019461708143353462,-0.04605443403124809
arc_challenge,cached_truncated_raw,42,-0.019369224086403847,-0.04593413323163986
arc_challenge,cached_truncated_raw,43,-0.019424930214881897,-0.04600821062922478
arc_challenge,cached_truncated_raw,44,-0.019350500777363777,-0.0458933524787426
arc_challenge,cached_truncated_raw,45,-0.019579462707042694,-0.04621079936623573
arc_challenge,cached_truncated_raw,46,-0.01946164108812809,-0.04600736126303673
arc_challenge,cached_truncated_raw,47,-0.019261199980974197,-0.045775603502988815
arc_challenge,cached_truncated_raw,48,-0.019482119008898735,-0.046057477593421936
arc_challenge,cached_truncated_raw,49,-0.0193674024194479,-0.04594104364514351
arc_challenge,cached_truncated_raw,50,-0.019382115453481674,-0.045918431133031845
arc_challenge,cached_truncated_raw,51,-0.019414523616433144,-0.04602115601301193
arc_challenge,cached_truncated_raw,52,-0.019505875185132027,-0.04608777537941933
arc_challenge,cached_truncated_raw,53,-0.019464831799268723,-0.046084627509117126
arc_challenge,cached_truncated_raw,54,-0.019492998719215393,-0.04610776528716087
arc_challenge,cached_truncated_raw,55,-0.019476594403386116,-0.04608919098973274
arc_challenge,cached_truncated_raw,56,-0.01954416185617447,-0.046182237565517426
arc_challenge,cached_truncated_raw,57,-0.0193916205316782,-0.045913662761449814
arc_challenge,cached_truncated_raw,58,-0.019283389672636986,-0.04579824209213257
arc_challenge,cached_truncated_raw,59,-0.019375568255782127,-0.04589467495679855
arc_challenge,cached_truncated_raw,60,-0.019458070397377014,-0.04604676738381386
arc_challenge,cached_truncated_raw,61,-0.01938822865486145,-0.045964863151311874
arc_challenge,cached_truncated_raw,62,-0.019470563158392906,-0.0460326187312603
arc_challenge,cached_truncated_raw,63,-0.019298609346151352,-0.04582896828651428
arc_challenge,cached_truncated_raw,64,-0.01928388699889183,-0.045805443078279495
arc_challenge,cached_truncated_raw,65,-0.019243240356445312,-0.045730430632829666
arc_challenge,cached_truncated_raw,66,-0.01944660395383835,-0.04601725563406944
arc_challenge,cached_truncated_raw,67,-0.019367802888154984,-0.0459270216524601
arc_challenge,cached_truncated_raw,68,-0.019571036100387573,-0.04616035148501396
arc_challenge,cached_truncated_raw,69,-0.019392631947994232,-0.045924246311187744
arc_challenge,cached_truncated_raw,70,-0.019342510029673576,-0.045901183038949966
arc_challenge,cached_truncated_raw,71,-0.01948348991572857,-0.046097058802843094
arc_challenge,cached_truncated_raw,72,-0.019404379650950432,-0.045957278460264206
arc_challenge,cached_truncated_raw,73,-0.019412441179156303,-0.0459754578769207
arc_challenge,cached_truncated_raw,74,-0.019419878721237183,-0.04598178341984749
arc_challenge,cached_truncated_raw,75,-0.01945367269217968,-0.046078573912382126
arc_challenge,cached_truncated_raw,76,-0.019362227991223335,-0.045942701399326324
arc_challenge,cached_truncated_raw,77,-0.019377002492547035,-0.04593333974480629
arc_challenge,cached_truncated_raw,78,-0.019516248255968094,-0.046105943620204926
arc_challenge,cached_truncated_raw,79,-0.01935598812997341,-0.04590579867362976
arc_challenge,cached_truncated_raw,80,-0.019623301923274994,-0.0462677963078022
arc_challenge,cached_truncated_raw,81,-0.0194845050573349,-0.04608963429927826
arc_challenge,cached_truncated_raw,82,-0.01941160298883915,-0.04597831144928932
arc_challenge,cached_truncated_raw,83,-0.01949429139494896,-0.04608809947967529
arc_challenge,cached_truncated_raw,84,-0.019514163956046104,-0.04608709737658501
arc_challenge,cached_truncated_raw,85,-0.019456729292869568,-0.046067897230386734
arc_challenge,cached_truncated_raw,86,-0.019360585138201714,-0.04591556638479233
arc_challenge,cached_truncated_raw,87,-0.019366489723324776,-0.0458943210542202
arc_challenge,cached_truncated_raw,88,-0.019374633207917213,-0.04590247943997383
arc_challenge,cached_truncated_raw,89,-0.019312163814902306,-0.04584095627069473
arc_challenge,cached_truncated_raw,90,-0.019341010600328445,-0.04585697501897812
arc_challenge,cached_truncated_raw,91,-0.019439134746789932,-0.045985959470272064
arc_challenge,cached_truncated_raw,92,-0.01932138204574585,-0.045848261564970016
arc_challenge,cached_truncated_raw,93,-0.01919069141149521,-0.04567722976207733
arc_challenge,cached_truncated_raw,94,-0.019453851506114006,-0.04604096710681915
arc_challenge,cached_truncated_raw,95,-0.019282715395092964,-0.045815397053956985
arc_challenge,cached_truncated_raw,96,-0.01949879340827465,-0.046054285019636154
arc_challenge,cached_truncated_raw,97,-0.01936483383178711,-0.045899901539087296
arc_challenge,cached_truncated_raw,98,-0.019340256229043007,-0.04587618261575699
arc_challenge,cached_truncated_raw,99,-0.019555822014808655,-0.04620092362165451
arc_challenge,cached_truncated_raw,100,-0.01927129179239273,-0.045770589262247086
arc_challenge,cached_truncated_raw,101,-0.01937427744269371,-0.045901596546173096
arc_challenge,cached_truncated_raw,102,-0.019311290234327316,-0.045844826847314835
arc_challenge,cached_truncated_raw,103,-0.01926019974052906,-0.0457451306283474
arc_challenge,cached_truncated_raw,104,-0.019341574981808662,-0.04586668312549591
arc_challenge,cached_truncated_raw,105,-0.019537940621376038,-0.04614714905619621
arc_challenge,cached_truncated_raw,106,-0.019486498087644577,-0.04606179893016815
arc_challenge,cached_truncated_raw,107,-0.019315432757139206,-0.04582662880420685
arc_challenge,cached_truncated_raw,108,-0.019513292238116264,-0.04611378535628319
arc_challenge,cached_truncated_raw,109,-0.01933860406279564,-0.04584861919283867
arc_challenge,cached_truncated_raw,110,-0.019390329718589783,-0.045921314507722855
arc_challenge,cached_truncated_raw,111,-0.01949463225901127,-0.04609018936753273
arc_challenge,cached_truncated_raw,112,-0.01929011195898056,-0.045781902968883514
arc_challenge,cached_truncated_raw,113,-0.01947432942688465,-0.04606865346431732
arc_challenge,cached_truncated_raw,114,-0.01926976628601551,-0.04576922580599785
arc_challenge,cached_truncated_raw,115,-0.019485080614686012,-0.04609902575612068
arc_challenge,cached_truncated_raw,116,-0.01955937221646309,-0.04617707058787346
arc_challenge,cached_truncated_raw,117,-0.019355397671461105,-0.04589451104402542
arc_challenge,cached_truncated_raw,118,-0.019423184916377068,-0.04595933109521866
arc_challenge,cached_truncated_raw,119,-0.01936708576977253,-0.045916832983493805
arc_challenge,cached_truncated_raw,120,-0.019420083612203598,-0.04597810283303261
arc_challenge,cached_truncated_raw,121,-0.019444631412625313,-0.04599831998348236
arc_challenge,cached_truncated_raw,122,-0.01943710260093212,-0.04600157588720322
arc_challenge,cached_truncated_raw,123,-0.019356543198227882,-0.04589100182056427
arc_challenge,cached_truncated_raw,124,-0.01930312253534794,-0.04581327363848686
arc_challenge,cached_truncated_raw,125,-0.019286416471004486,-0.04580454155802727
arc_challenge,cached_truncated_raw,126,-0.019394267350435257,-0.045942094177007675
arc_challenge,cached_truncated_raw,127,-0.019289875403046608,-0.04583824798464775
arc_challenge,cached_truncated_raw,128,-0.0193619541823864,-0.045907434076070786
arc_challenge,cached_truncated_raw,129,-0.019417887553572655,-0.04597729817032814
arc_challenge,cached_truncated_raw,130,-0.019352447241544724,-0.04590802639722824
arc_challenge,cached_truncated_raw,131,-0.019500497728586197,-0.04610919952392578
arc_challenge,cached_truncated_raw,132,-0.01955336332321167,-0.04618799313902855
arc_challenge,cached_truncated_raw,133,-0.01934480108320713,-0.045882806181907654
arc_challenge,cached_truncated_raw,134,-0.019385265186429024,-0.04596146568655968
arc_challenge,cached_truncated_raw,135,-0.019524268805980682,-0.046121854335069656
arc_challenge,cached_truncated_raw,136,-0.019253939390182495,-0.0457734614610672
arc_challenge,cached_truncated_raw,137,-0.019576746970415115,-0.04621458053588867
arc_challenge,cached_truncated_raw,138,-0.01941693387925625,-0.045948147773742676
arc_challenge,cached_truncated_raw,139,-0.019533289596438408,-0.04614800587296486
arc_challenge,cached_truncated_raw,140,-0.019356345757842064,-0.04590964317321777
arc_challenge,cached_truncated_raw,141,-0.019262170419096947,-0.04579142481088638
arc_challenge,cached_truncated_raw,142,-0.0194495040923357,-0.046017106622457504
arc_challenge,cached_truncated_raw,143,-0.019326863810420036,-0.045868754386901855
arc_challenge,cached_truncated_raw,144,-0.019419267773628235,-0.04598425701260567
arc_challenge,cached_truncated_raw,145,-0.019458137452602386,-0.04603042080998421
arc_challenge,cached_truncated_raw,146,-0.019378991797566414,-0.0459071509540081
arc_challenge,cached_truncated_raw,147,-0.019339457154273987,-0.04583963379263878
arc_challenge,cached_truncated_raw,148,-0.019255712628364563,-0.04575539752840996
arc_challenge,cached_truncated_raw,149,-0.019383154809474945,-0.04589756950736046
arc_challenge,cached_truncated_raw,150,-0.01937851682305336,-0.045942481607198715
arc_challenge,cached_truncated_raw,151,-0.019524790346622467,-0.046150799840688705
arc_challenge,cached_truncated_raw,152,-0.01930452510714531,-0.045823849737644196
arc_challenge,cached_truncated_raw,153,-0.01927150785923004,-0.045770030468702316
arc_challenge,cached_truncated_raw,154,-0.019547339528799057,-0.046154532581567764
arc_challenge,cached_truncated_raw,155,-0.0193198062479496,-0.04585058614611626
arc_challenge,cached_truncated_raw,156,-0.01943592168390751,-0.046010006219148636
arc_challenge,cached_truncated_raw,157,-0.019288185983896255,-0.04580600559711456
arc_challenge,cached_truncated_raw,158,-0.019383743405342102,-0.0459461435675621
arc_challenge,cached_truncated_raw,159,-0.019346021115779877,-0.04591089114546776
arc_challenge,cached_truncated_raw,160,-0.01929156854748726,-0.04580181464552879
arc_challenge,cached_truncated_raw,161,-0.019333764910697937,-0.04584788903594017
arc_challenge,cached_truncated_raw,162,-0.01932966709136963,-0.045834608376026154
arc_challenge,cached_truncated_raw,163,-0.019544247537851334,-0.04616563022136688
arc_challenge,cached_truncated_raw,164,-0.01941477693617344,-0.04600612074136734
arc_challenge,cached_truncated_raw,165,-0.01939444988965988,-0.04591979831457138
arc_challenge,cached_truncated_raw,166,-0.019553350284695625,-0.04618307203054428
arc_challenge,cached_truncated_raw,167,-0.019332097843289375,-0.04587908834218979
arc_challenge,cached_truncated_raw,168,-0.019404180347919464,-0.04595359042286873
arc_challenge,cached_truncated_raw,169,-0.019382210448384285,-0.045948609709739685
arc_challenge,cached_truncated_raw,170,-0.019431669265031815,-0.045977286994457245
arc_challenge,cached_truncated_raw,171,-0.019328394904732704,-0.045859549194574356
arc_challenge,cached_truncated_raw,172,-0.019370174035429955,-0.045894805341959
arc_challenge,cached_truncated_raw,173,-0.01931411400437355,-0.045843545347452164
arc_challenge,cached_truncated_raw,174,-0.01941758580505848,-0.04600982367992401
arc_challenge,cached_truncated_raw,175,-0.01946941949427128,-0.04606550186872482
arc_challenge,cached_truncated_raw,176,-0.019470548257231712,-0.04608878865838051
arc_challenge,cached_truncated_raw,177,-0.019316086545586586,-0.04582162946462631
arc_challenge,cached_truncated_raw,178,-0.019517729058861732,-0.0461246632039547
arc_challenge,cached_truncated_raw,179,-0.019535034894943237,-0.0461677648127079
arc_challenge,cached_truncated_raw,180,-0.01935795694589615,-0.045889806002378464
arc_challenge,cached_truncated_raw,181,-0.019328374415636063,-0.04582519084215164
arc_challenge,cached_truncated_raw,182,-0.019442163407802582,-0.04602181538939476
arc_challenge,cached_truncated_raw,183,-0.01953972689807415,-0.04617862403392792
arc_challenge,cached_truncated_raw,184,-0.01934673823416233,-0.0458887480199337
arc_challenge,cached_truncated_raw,185,-0.019509825855493546,-0.04611394554376602
arc_challenge,cached_truncated_raw,186,-0.0194589551538229,-0.04600935056805611
arc_challenge,cached_truncated_raw,187,-0.019398320466279984,-0.0459623783826828
arc_challenge,cached_truncated_raw,188,-0.019375380128622055,-0.045924074947834015
arc_challenge,cached_truncated_raw,189,-0.019433852285146713,-0.04599277302622795
arc_challenge,cached_truncated_raw,190,-0.019375838339328766,-0.045917950570583344
arc_challenge,cached_truncated_raw,191,-0.01938672363758087,-0.045951101928949356
arc_challenge,cached_truncated_raw,192,-0.019550271332263947,-0.04615375027060509
arc_challenge,cached_truncated_raw,193,-0.019264357164502144,-0.045782964676618576
arc_challenge,cached_truncated_raw,194,-0.01929439604282379,-0.04582459107041359
arc_challenge,cached_truncated_raw,195,-0.019418302923440933,-0.045978959649801254
arc_challenge,cached_truncated_raw,196,-0.019426824524998665,-0.045981839299201965
arc_challenge,cached_truncated_raw,197,-0.019636131823062897,-0.04629387706518173
arc_challenge,cached_truncated_raw,198,-0.019491614773869514,-0.04610869288444519
arc_challenge,consistent_block_raw,0,-0.06623002886772156,-0.09298795461654663
arc_challenge,consistent_block_raw,1,-0.0664103701710701,-0.0933336466550827
arc_challenge,consistent_block_raw,2,-0.06624261289834976,-0.09303778409957886
arc_challenge,consistent_block_raw,3,-0.06616810709238052,-0.09292526543140411
arc_challenge,consistent_block_raw,4,-0.06621691584587097,-0.09303002804517746
arc_challenge,consistent_block_raw,5,-0.06626705080270767,-0.09308431297540665
arc_challenge,consistent_block_raw,6,-0.06620090454816818,-0.09299861639738083
arc_challenge,consistent_block_raw,7,-0.06631845980882645,-0.09315871447324753
arc_challenge,consistent_block_raw,8,-0.0663248673081398,-0.09319967031478882
arc_challenge,consistent_block_raw,9,-0.06629687547683716,-0.09316251426935196
arc_challenge,consistent_block_raw,10,-0.06629189848899841,-0.09311710298061371
arc_challenge,consistent_block_raw,11,-0.06610096991062164,-0.09286625683307648
arc_challenge,consistent_block_raw,12,-0.06643775850534439,-0.0933406874537468
arc_challenge,consistent_block_raw,13,-0.06625420600175858,-0.09308166801929474
arc_challenge,consistent_block_raw,14,-0.06617128103971481,-0.0929756835103035
arc_challenge,consistent_block_raw,15,-0.06636661291122437,-0.09321064502000809
arc_challenge,consistent_block_raw,16,-0.06621230393648148,-0.09300211071968079
arc_challenge,consistent_block_raw,17,-0.06629934161901474,-0.09315118193626404
arc_challenge,consistent_block_raw,18,-0.06615671515464783,-0.09288980811834335
arc_challenge,consistent_block_raw,19,-0.06633562594652176,-0.09316887706518173
arc_challenge,consistent_block_raw,20,-0.06624457240104675,-0.09303420782089233
arc_challenge,consistent_block_raw,21,-0.06615029275417328,-0.09289949387311935
arc_challenge,consistent_block_raw,22,-0.06628306210041046,-0.09310972690582275
arc_challenge,consistent_block_raw,23,-0.06627288460731506,-0.09312174469232559
arc_challenge,consistent_block_raw,24,-0.0662345141172409,-0.09298814088106155
arc_challenge,consistent_block_raw,25,-0.06618469208478928,-0.09293575584888458
arc_challenge,consistent_block_raw,26,-0.06630247086286545,-0.09311835467815399
arc_challenge,consistent_block_raw,27,-0.0662900060415268,-0.09313476830720901
arc_challenge,consistent_block_raw,28,-0.06622625887393951,-0.09304077923297882
arc_challenge,consistent_block_raw,29,-0.06619875878095627,-0.0929531529545784
arc_challenge,consistent_block_raw,30,-0.06627022475004196,-0.09308143705129623
arc_challenge,consistent_block_raw,31,-0.06637482345104218,-0.09324612468481064
arc_challenge,consistent_block_raw,32,-0.0663212239742279,-0.09313119202852249
arc_challenge,consistent_block_raw,33,-0.06643994897603989,-0.09327671676874161
arc_challenge,consistent_block_raw,34,-0.0663214847445488,-0.09310455620288849
arc_challenge,consistent_block_raw,35,-0.06619228422641754,-0.09297739714384079
arc_challenge,consistent_block_raw,36,-0.06624150276184082,-0.09303472191095352
arc_challenge,consistent_block_raw,37,-0.06632056832313538,-0.09317773580551147
arc_challenge,consistent_block_raw,38,-0.0662827417254448,-0.09310106188058853
arc_challenge,consistent_block_raw,39,-0.06627006083726883,-0.09312446415424347
arc_challenge,consistent_block_raw,40,-0.06626829504966736,-0.09308156371116638
arc_challenge,consistent_block_raw,41,-0.06615900993347168,-0.09295153617858887
arc_challenge,consistent_block_raw,42,-0.06625379621982574,-0.09307130426168442
arc_challenge,consistent_block_raw,43,-0.06630448997020721,-0.09316546469926834
arc_challenge,consistent_block_raw,44,-0.06623686105012894,-0.09306126832962036
arc_challenge,consistent_block_raw,45,-0.06637532263994217,-0.09325616806745529
arc_challenge,consistent_block_raw,46,-0.06625368446111679,-0.09301310777664185
arc_challenge,consistent_block_raw,47,-0.06632188707590103,-0.09314075112342834
arc_challenge,consistent_block_raw,48,-0.06619136780500412,-0.09297803789377213
arc_challenge,consistent_block_raw,49,-0.06640786677598953,-0.09325922280550003
arc_challenge,consistent_block_raw,50,-0.06623009592294693,-0.09298243373632431
arc_challenge,consistent_block_raw,51,-0.06614567339420319,-0.0929252952337265
arc_challenge,consistent_block_raw,52,-0.06629742681980133,-0.0931512862443924
arc_challenge,consistent_block_raw,53,-0.06623885035514832,-0.09301915019750595
arc_challenge,consistent_block_raw,54,-0.06627696007490158,-0.0931050032377243
arc_challenge,consistent_block_raw,55,-0.06622055172920227,-0.09299559146165848
arc_challenge,consistent_block_raw,56,-0.06617038697004318,-0.09296196699142456
arc_challenge,consistent_block_raw,57,-0.06635768711566925,-0.09323234856128693
arc_challenge,consistent_block_raw,58,-0.06617464125156403,-0.09294497221708298
arc_challenge,consistent_block_raw,59,-0.06629275530576706,-0.0931394100189209
arc_challenge,consistent_block_raw,60,-0.06612326204776764,-0.09285058081150055
arc_challenge,consistent_block_raw,61,-0.06620488315820694,-0.09301887452602386
arc_challenge,consistent_block_raw,62,-0.0661131739616394,-0.09289625287055969
arc_challenge,consistent_block_raw,63,-0.06633493304252625,-0.09318695217370987
arc_challenge,consistent_block_raw,64,-0.06617999076843262,-0.09296116232872009
arc_challenge,consistent_block_raw,65,-0.06640166789293289,-0.09329861402511597
arc_challenge,consistent_block_raw,66,-0.06622727960348129,-0.09301872551441193
arc_challenge,consistent_block_raw,67,-0.06615348160266876,-0.09294245392084122
arc_challenge,consistent_block_raw,68,-0.06623049080371857,-0.09301993250846863
arc_challenge,consistent_block_raw,69,-0.06623408943414688,-0.09307613968849182
arc_challenge,consistent_block_raw,70,-0.06627796590328217,-0.09307482093572617
arc_challenge,consistent_block_raw,71,-0.06623493880033493,-0.09303760528564453
arc_challenge,consistent_block_raw,72,-0.06617674231529236,-0.09293843805789948
arc_challenge,consistent_block_raw,73,-0.06629138439893723,-0.09313362836837769
arc_challenge,consistent_block_raw,74,-0.0661783218383789,-0.09296640008687973
arc_challenge,consistent_block_raw,75,-0.06618373841047287,-0.09295395761728287
arc_challenge,consistent_block_raw,76,-0.06638287752866745,-0.09324537217617035
arc_challenge,consistent_block_raw,77,-0.06618236750364304,-0.09296848624944687
arc_challenge,consistent_block_raw,78,-0.06614863127470016,-0.09294531494379044
arc_challenge,consistent_block_raw,79,-0.06642661988735199,-0.09329893440008163
arc_challenge,consistent_block_raw,80,-0.06607520580291748,-0.09283293038606644
arc_challenge,consistent_block_raw,81,-0.06622704118490219,-0.09302317351102829
arc_challenge,consistent_block_raw,82,-0.06635356694459915,-0.09319104254245758
arc_challenge,consistent_block_raw,83,-0.06624598056077957,-0.09307113289833069
arc_challenge,consistent_block_raw,84,-0.06640695035457611,-0.09328369796276093
arc_challenge,consistent_block_raw,85,-0.0664062425494194,-0.09330841898918152
arc_challenge,consistent_block_raw,86,-0.06622347980737686,-0.09302381426095963
arc_challenge,consistent_block_raw,87,-0.06629796326160431,-0.09310135245323181
arc_challenge,consistent_block_raw,88,-0.06634415686130524,-0.09320838749408722
arc_challenge,consistent_block_raw,89,-0.06615708023309708,-0.09294582158327103
arc_challenge,consistent_block_raw,90,-0.06627575308084488,-0.09309336543083191
arc_challenge,consistent_block_raw,91,-0.06620761752128601,-0.09298359602689743
arc_challenge,consistent_block_raw,92,-0.06620271503925323,-0.09300713241100311
arc_challenge,consistent_block_raw,93,-0.06625116616487503,-0.0930781289935112
arc_challenge,consistent_block_raw,94,-0.06605624407529831,-0.09278608113527298
arc_challenge,consistent_block_raw,95,-0.06606326997280121,-0.09279119968414307
arc_challenge,consistent_block_raw,96,-0.0661548301577568,-0.09297861903905869
arc_challenge,consistent_block_raw,97,-0.06634121388196945,-0.09321016073226929
arc_challenge,consistent_block_raw,98,-0.06616338342428207,-0.09290272742509842
arc_challenge,consistent_block_raw,99,-0.06630947440862656,-0.09314824640750885
arc_challenge,consistent_block_raw,100,-0.06624416261911392,-0.09305007010698318
arc_challenge,consistent_block_raw,101,-0.06628657132387161,-0.09309213608503342
arc_challenge,consistent_block_raw,102,-0.06624697893857956,-0.0930580273270607
arc_challenge,consistent_block_raw,103,-0.06623706221580505,-0.09303267300128937
arc_challenge,consistent_block_raw,104,-0.06638168543577194,-0.09327027201652527
arc_challenge,consistent_block_raw,105,-0.06616339087486267,-0.09293897449970245
arc_challenge,consistent_block_raw,106,-0.06604289263486862,-0.09275117516517639
arc_challenge,consistent_block_raw,107,-0.06629590690135956,-0.09308367967605591
arc_challenge,consistent_block_raw,108,-0.06639384478330612,-0.09327885508537292
arc_challenge,consistent_block_raw,109,-0.06624976545572281,-0.09308827668428421
arc_challenge,consistent_block_raw,110,-0.06622084230184555,-0.09304625540971756
arc_challenge,consistent_block_raw,111,-0.066267229616642,-0.09304739534854889
arc_challenge,consistent_block_raw,112,-0.06618858128786087,-0.09298712760210037
arc_challenge,consistent_block_raw,113,-0.06614507734775543,-0.09291020780801773
arc_challenge,consistent_block_raw,114,-0.06634809076786041,-0.09321872144937515
arc_challenge,consistent_block_raw,115,-0.06629697233438492,-0.09313391894102097
arc_challenge,consistent_block_raw,116,-0.06616833060979843,-0.09299395233392715
arc_challenge,consistent_block_raw,117,-0.06631564348936081,-0.09314842522144318
arc_challenge,consistent_block_raw,118,-0.06617752462625504,-0.09297593683004379
arc_challenge,consistent_block_raw,119,-0.06635673344135284,-0.0931905061006546
arc_challenge,consistent_block_raw,120,-0.0660821869969368,-0.0928150862455368
arc_challenge,consistent_block_raw,121,-0.06611985713243484,-0.09283652156591415
arc_challenge,consistent_block_raw,122,-0.06620845198631287,-0.09298679977655411
arc_challenge,consistent_block_raw,123,-0.06630530208349228,-0.09316708147525787
arc_challenge,consistent_block_raw,124,-0.06621577590703964,-0.09302196651697159
arc_challenge,consistent_block_raw,125,-0.06637679785490036,-0.09323448687791824
arc_challenge,consistent_block_raw,126,-0.06626682728528976,-0.09309620410203934
arc_challenge,consistent_block_raw,127,-0.06627307832241058,-0.09310778975486755
arc_challenge,consistent_block_raw,128,-0.06633414328098297,-0.0931604653596878
arc_challenge,consistent_block_raw,129,-0.06618431955575943,-0.09296358376741409
arc_challenge,consistent_block_raw,130,-0.06634227186441422,-0.09319619089365005
arc_challenge,consistent_block_raw,131,-0.06610272079706192,-0.09283816069364548
arc_challenge,consistent_block_raw,132,-0.06612899154424667,-0.09287042915821075
arc_challenge,consistent_block_raw,133,-0.06618725508451462,-0.09297127276659012
arc_challenge,consistent_block_raw,134,-0.06630325317382812,-0.09321323037147522
arc_challenge,consistent_block_raw,135,-0.06631222367286682,-0.09316584467887878
arc_challenge,consistent_block_raw,136,-0.06616277992725372,-0.09296169877052307
arc_challenge,consistent_block_raw,137,-0.06615748256444931,-0.0929546132683754
arc_challenge,consistent_block_raw,138,-0.06636043637990952,-0.09321434795856476
arc_challenge,consistent_block_raw,139,-0.06609570980072021,-0.09286302328109741
arc_challenge,consistent_block_raw,140,-0.0660310611128807,-0.09272289276123047
arc_challenge,consistent_block_raw,141,-0.0662844106554985,-0.09315788000822067
arc_challenge,consistent_block_raw,142,-0.06611229479312897,-0.09285324811935425
arc_challenge,consistent_block_raw,143,-0.06609411537647247,-0.09286428242921829
arc_challenge,consistent_block_raw,144,-0.06627648323774338,-0.09312204271554947
arc_challenge,consistent_block_raw,145,-0.06623300164937973,-0.09306937456130981
arc_challenge,consistent_block_raw,146,-0.06635268777608871,-0.09323631227016449
arc_challenge,consistent_block_raw,147,-0.06629714369773865,-0.09311593323945999
arc_challenge,consistent_block_raw,148,-0.06635100394487381,-0.09323662519454956
arc_challenge,consistent_block_raw,149,-0.0663883164525032,-0.09323694556951523
arc_challenge,consistent_block_raw,150,-0.06632019579410553,-0.09317470341920853
arc_challenge,consistent_block_raw,151,-0.06626559793949127,-0.09308003634214401
arc_challenge,consistent_block_raw,152,-0.06627602130174637,-0.09309779852628708
arc_challenge,consistent_block_raw,153,-0.06632087379693985,-0.09317124634981155
arc_challenge,consistent_block_raw,154,-0.06630254536867142,-0.09310485422611237
arc_challenge,consistent_block_raw,155,-0.06640677154064178,-0.09325430542230606
arc_challenge,consistent_block_raw,156,-0.06631491333246231,-0.0931924432516098
arc_challenge,consistent_block_raw,157,-0.06623949855566025,-0.09303799271583557
arc_challenge,consistent_block_raw,158,-0.06621411442756653,-0.09301765263080597
arc_challenge,consistent_block_raw,159,-0.06631745398044586,-0.09317027777433395
arc_challenge,consistent_block_raw,160,-0.06624718755483627,-0.09307503700256348
arc_challenge,consistent_block_raw,161,-0.06625276803970337,-0.09307805448770523
arc_challenge,consistent_block_raw,162,-0.06630078703165054,-0.09314672648906708
arc_challenge,consistent_block_raw,163,-0.06617424637079239,-0.09294307976961136
arc_challenge,consistent_block_raw,164,-0.06623222678899765,-0.0930776372551918
arc_challenge,consistent_block_raw,165,-0.0663866475224495,-0.09322592616081238
arc_challenge,consistent_block_raw,166,-0.0663541853427887,-0.09321079403162003
arc_challenge,consistent_block_raw,167,-0.06612071394920349,-0.09286350756883621
arc_challenge,consistent_block_raw,168,-0.06612156331539154,-0.09284796565771103
arc_challenge,consistent_block_raw,169,-0.06618193536996841,-0.09293454885482788
arc_challenge,consistent_block_raw,170,-0.06619843095541,-0.09300700575113297
arc_challenge,consistent_block_raw,171,-0.06615670770406723,-0.09291937202215195
arc_challenge,consistent_block_raw,172,-0.0660257637500763,-0.09275892376899719
arc_challenge,consistent_block_raw,173,-0.066245898604393,-0.09305055439472198
arc_challenge,consistent_block_raw,174,-0.06622549891471863,-0.09301471710205078
arc_challenge,consistent_block_raw,175,-0.06613952666521072,-0.09290872514247894
arc_challenge,consistent_block_raw,176,-0.06626009196043015,-0.09308648854494095
arc_challenge,consistent_block_raw,177,-0.06624026596546173,-0.09309869259595871
arc_challenge,consistent_block_raw,178,-0.06628579646348953,-0.09310167282819748
arc_challenge,consistent_block_raw,179,-0.06614579260349274,-0.09293513745069504
arc_challenge,consistent_block_raw,180,-0.06637126207351685,-0.09326224774122238
arc_challenge,consistent_block_raw,181,-0.06611036509275436,-0.09286671131849289
arc_challenge,consistent_block_raw,182,-0.06608299165964127,-0.0928201675415039
arc_challenge,consistent_block_raw,183,-0.06623958796262741,-0.0930333286523819
arc_challenge,consistent_block_raw,184,-0.06634952872991562,-0.09328256547451019
arc_challenge,consistent_block_raw,185,-0.06623221188783646,-0.09302696585655212
arc_challenge,consistent_block_raw,186,-0.0662689357995987,-0.09309175610542297
arc_challenge,consistent_block_raw,187,-0.06626526266336441,-0.0931188315153122
arc_challenge,consistent_block_raw,188,-0.06621208786964417,-0.09297425299882889
arc_challenge,consistent_block_raw,189,-0.06627026945352554,-0.09310618788003922
arc_challenge,consistent_block_raw,190,-0.0662224218249321,-0.09301292151212692
arc_challenge,consistent_block_raw,191,-0.06630659103393555,-0.09315376728773117
arc_challenge,consistent_block_raw,192,-0.06619934737682343,-0.0929637923836708
arc_challenge,consistent_block_raw,193,-0.06605374068021774,-0.09277617186307907
arc_challenge,consistent_block_raw,194,-0.06642051041126251,-0.09327967464923859
arc_challenge,consistent_block_raw,195,-0.06615690886974335,-0.09293881058692932
arc_challenge,consistent_block_raw,196,-0.06640352308750153,-0.09328539669513702
arc_challenge,consistent_block_raw,197,-0.06612811982631683,-0.09287421405315399
arc_challenge,consistent_block_raw,198,-0.06613943725824356,-0.09287866204977036
arc_challenge,common_rmsnorm,0,-0.1909470558166504,-0.31314048171043396
arc_challenge,common_rmsnorm,1,-0.19074100255966187,-0.3126868009567261
arc_challenge,common_rmsnorm,2,-0.19090312719345093,-0.3131491541862488
arc_challenge,common_rmsnorm,3,-0.1910603940486908,-0.31318962574005127
arc_challenge,common_rmsnorm,4,-0.19092148542404175,-0.31309404969215393
arc_challenge,common_rmsnorm,5,-0.19081608951091766,-0.31297412514686584
arc_challenge,common_rmsnorm,6,-0.19086074829101562,-0.3128557801246643
arc_challenge,common_rmsnorm,7,-0.19090212881565094,-0.3131617605686188
arc_challenge,common_rmsnorm,8,-0.19129174947738647,-0.313789427280426
arc_challenge,common_rmsnorm,9,-0.19109812378883362,-0.31357529759407043
arc_challenge,common_rmsnorm,10,-0.1911746859550476,-0.3135732114315033
arc_challenge,common_rmsnorm,11,-0.1910959631204605,-0.3134995698928833
arc_challenge,common_rmsnorm,12,-0.19115117192268372,-0.3134914040565491
arc_challenge,common_rmsnorm,13,-0.19104310870170593,-0.31332263350486755
arc_challenge,common_rmsnorm,14,-0.1912158876657486,-0.31350448727607727
arc_challenge,common_rmsnorm,15,-0.19113700091838837,-0.3134118616580963
arc_challenge,common_rmsnorm,16,-0.19096283614635468,-0.3132174611091614
arc_challenge,common_rmsnorm,17,-0.19093011319637299,-0.31314313411712646
arc_challenge,common_rmsnorm,18,-0.19119399785995483,-0.31346893310546875
arc_challenge,common_rmsnorm,19,-0.1916295439004898,-0.3143729269504547
arc_challenge,common_rmsnorm,20,-0.19156983494758606,-0.3140661120414734
arc_challenge,common_rmsnorm,21,-0.19145193696022034,-0.31403499841690063
arc_challenge,common_rmsnorm,22,-0.19103340804576874,-0.313230961561203
arc_challenge,common_rmsnorm,23,-0.1912318915128708,-0.3135664463043213
arc_challenge,common_rmsnorm,24,-0.1910470575094223,-0.313294917345047
arc_challenge,common_rmsnorm,25,-0.19086048007011414,-0.312907338142395
arc_challenge,common_rmsnorm,26,-0.1910577118396759,-0.3134114146232605
arc_challenge,common_rmsnorm,27,-0.19144247472286224,-0.31392136216163635
arc_challenge,common_rmsnorm,28,-0.19095107913017273,-0.31340256333351135
arc_challenge,common_rmsnorm,29,-0.19088336825370789,-0.31297433376312256
arc_challenge,common_rmsnorm,30,-0.1912720650434494,-0.3137112259864807
arc_challenge,common_rmsnorm,31,-0.19124139845371246,-0.31351447105407715
arc_challenge,common_rmsnorm,32,-0.19122135639190674,-0.3135039806365967
arc_challenge,common_rmsnorm,33,-0.1906326413154602,-0.3125326335430145
arc_challenge,common_rmsnorm,34,-0.1913735568523407,-0.31394532322883606
arc_challenge,common_rmsnorm,35,-0.1915331780910492,-0.31415870785713196
arc_challenge,common_rmsnorm,36,-0.19118888676166534,-0.31355273723602295
arc_challenge,common_rmsnorm,37,-0.19137915968894958,-0.31411632895469666
arc_challenge,common_rmsnorm,38,-0.19109342992305756,-0.31350255012512207
arc_challenge,common_rmsnorm,39,-0.1910683810710907,-0.3133263885974884
arc_challenge,common_rmsnorm,40,-0.1907854527235031,-0.3128543198108673
arc_challenge,common_rmsnorm,41,-0.1912727653980255,-0.31371620297431946
arc_challenge,common_rmsnorm,42,-0.19081231951713562,-0.3129991292953491
arc_challenge,common_rmsnorm,43,-0.1908588707447052,-0.31294748187065125
arc_challenge,common_rmsnorm,44,-0.19082584977149963,-0.313010036945343
arc_challenge,common_rmsnorm,45,-0.19106058776378632,-0.31324872374534607
arc_challenge,common_rmsnorm,46,-0.1909370869398117,-0.3130984902381897
arc_challenge,common_rmsnorm,47,-0.1913977563381195,-0.3137701451778412
arc_challenge,common_rmsnorm,48,-0.1911604255437851,-0.31341734528541565
arc_challenge,common_rmsnorm,49,-0.19123157858848572,-0.3137298822402954
arc_challenge,common_rmsnorm,50,-0.19102872908115387,-0.313294380903244
arc_challenge,common_rmsnorm,51,-0.19112443923950195,-0.3135058879852295
arc_challenge,common_rmsnorm,52,-0.19147607684135437,-0.3141612410545349
arc_challenge,common_rmsnorm,53,-0.1910819560289383,-0.31320542097091675
arc_challenge,common_rmsnorm,54,-0.1910305917263031,-0.31325671076774597
arc_challenge,common_rmsnorm,55,-0.19082112610340118,-0.313001811504364
arc_challenge,common_rmsnorm,56,-0.19075357913970947,-0.3128802478313446
arc_challenge,common_rmsnorm,57,-0.19094990193843842,-0.3132253885269165
arc_challenge,common_rmsnorm,58,-0.1909186989068985,-0.3131246864795685
arc_challenge,common_rmsnorm,59,-0.19146034121513367,-0.3139389157295227
arc_challenge,common_rmsnorm,60,-0.19125398993492126,-0.3135862946510315
arc_challenge,common_rmsnorm,61,-0.1913311928510666,-0.31375962495803833
arc_challenge,common_rmsnorm,62,-0.19095753133296967,-0.3130878210067749
arc_challenge,common_rmsnorm,63,-0.1910092532634735,-0.3132714331150055
arc_challenge,common_rmsnorm,64,-0.19138692319393158,-0.31391453742980957
arc_challenge,common_rmsnorm,65,-0.1914331167936325,-0.31389766931533813
arc_challenge,common_rmsnorm,66,-0.1913011521100998,-0.31371816992759705
arc_challenge,common_rmsnorm,67,-0.19106559455394745,-0.3134233057498932
arc_challenge,common_rmsnorm,68,-0.19122517108917236,-0.31363508105278015
arc_challenge,common_rmsnorm,69,-0.19091163575649261,-0.313035249710083
arc_challenge,common_rmsnorm,70,-0.1908039003610611,-0.3127439618110657
arc_challenge,common_rmsnorm,71,-0.19131383299827576,-0.31397193670272827
arc_challenge,common_rmsnorm,72,-0.19134880602359772,-0.3137997090816498
arc_challenge,common_rmsnorm,73,-0.19127988815307617,-0.3137721121311188
arc_challenge,common_rmsnorm,74,-0.19112005829811096,-0.31343820691108704
arc_challenge,common_rmsnorm,75,-0.19150738418102264,-0.3140251636505127
arc_challenge,common_rmsnorm,76,-0.19123177230358124,-0.3137928247451782
arc_challenge,common_rmsnorm,77,-0.19140271842479706,-0.3139896094799042
arc_challenge,common_rmsnorm,78,-0.19115374982357025,-0.3135331869125366
arc_challenge,common_rmsnorm,79,-0.19107864797115326,-0.31337055563926697
arc_challenge,common_rmsnorm,80,-0.19078496098518372,-0.31293925642967224
arc_challenge,common_rmsnorm,81,-0.1909293532371521,-0.3132338225841522
arc_challenge,common_rmsnorm,82,-0.19096256792545319,-0.3132539689540863
arc_challenge,common_rmsnorm,83,-0.19125054776668549,-0.313736230134964
arc_challenge,common_rmsnorm,84,-0.19130216538906097,-0.3138217329978943
arc_challenge,common_rmsnorm,85,-0.19140130281448364,-0.3137936592102051
arc_challenge,common_rmsnorm,86,-0.1911996304988861,-0.3135293424129486
arc_challenge,common_rmsnorm,87,-0.19092430174350739,-0.3131335973739624
arc_challenge,common_rmsnorm,88,-0.1914241760969162,-0.3138669729232788
arc_challenge,common_rmsnorm,89,-0.19113652408123016,-0.31354859471321106
arc_challenge,common_rmsnorm,90,-0.19107459485530853,-0.3134410083293915
arc_challenge,common_rmsnorm,91,-0.19108207523822784,-0.3135337829589844
arc_challenge,common_rmsnorm,92,-0.19088219106197357,-0.3129066228866577
arc_challenge,common_rmsnorm,93,-0.191016286611557,-0.31345510482788086
arc_challenge,common_rmsnorm,94,-0.19120176136493683,-0.31365707516670227
arc_challenge,common_rmsnorm,95,-0.1913190633058548,-0.31394895911216736
arc_challenge,common_rmsnorm,96,-0.19063347578048706,-0.3126479387283325
arc_challenge,common_rmsnorm,97,-0.19087453186511993,-0.31292620301246643
arc_challenge,common_rmsnorm,98,-0.19086915254592896,-0.3128755986690521
arc_challenge,common_rmsnorm,99,-0.1911356896162033,-0.31342270970344543
arc_challenge,common_rmsnorm,100,-0.1910644769668579,-0.3133315145969391
arc_challenge,common_rmsnorm,101,-0.19125942885875702,-0.31369879841804504
arc_challenge,common_rmsnorm,102,-0.19133436679840088,-0.3139481544494629
arc_challenge,common_rmsnorm,103,-0.19100743532180786,-0.31318292021751404
arc_challenge,common_rmsnorm,104,-0.19132587313652039,-0.3137712776660919
arc_challenge,common_rmsnorm,105,-0.19130459427833557,-0.31367653608322144
arc_challenge,common_rmsnorm,106,-0.19135157763957977,-0.31393951177597046
arc_challenge,common_rmsnorm,107,-0.19114798307418823,-0.3134710490703583
arc_challenge,common_rmsnorm,108,-0.1907777637243271,-0.31280162930488586
arc_challenge,common_rmsnorm,109,-0.19157347083091736,-0.3142406940460205
arc_challenge,common_rmsnorm,110,-0.1910572052001953,-0.3134929835796356
arc_challenge,common_rmsnorm,111,-0.1912490725517273,-0.3135199248790741
arc_challenge,common_rmsnorm,112,-0.19095806777477264,-0.3130381405353546
arc_challenge,common_rmsnorm,113,-0.19106273353099823,-0.3135574758052826
arc_challenge,common_rmsnorm,114,-0.1909593939781189,-0.31337252259254456
arc_challenge,common_rmsnorm,115,-0.19124267995357513,-0.3135012984275818
arc_challenge,common_rmsnorm,116,-0.19091147184371948,-0.3131665289402008
arc_challenge,common_rmsnorm,117,-0.19112682342529297,-0.3133813738822937
arc_challenge,common_rmsnorm,118,-0.19122394919395447,-0.31379255652427673
arc_challenge,common_rmsnorm,119,-0.19112275540828705,-0.31348705291748047
arc_challenge,common_rmsnorm,120,-0.1909213364124298,-0.31310510635375977
arc_challenge,common_rmsnorm,121,-0.19069857895374298,-0.31261128187179565
arc_challenge,common_rmsnorm,122,-0.1907210797071457,-0.31259220838546753
arc_challenge,common_rmsnorm,123,-0.19107431173324585,-0.3132970929145813
arc_challenge,common_rmsnorm,124,-0.19148531556129456,-0.31417861580848694
arc_challenge,common_rmsnorm,125,-0.19105733931064606,-0.3132469356060028
arc_challenge,common_rmsnorm,126,-0.19102928042411804,-0.3132421374320984
arc_challenge,common_rmsnorm,127,-0.19112396240234375,-0.31333643198013306
arc_challenge,common_rmsnorm,128,-0.19140872359275818,-0.31401801109313965
arc_challenge,common_rmsnorm,129,-0.19098486006259918,-0.313339501619339
arc_challenge,common_rmsnorm,130,-0.19093893468379974,-0.3131446838378906
arc_challenge,common_rmsnorm,131,-0.1909097135066986,-0.31305384635925293
arc_challenge,common_rmsnorm,132,-0.19092611968517303,-0.31292080879211426
arc_challenge,common_rmsnorm,133,-0.19078592956066132,-0.312697172164917
arc_challenge,common_rmsnorm,134,-0.1914500743150711,-0.31420356035232544
arc_challenge,common_rmsnorm,135,-0.1914004385471344,-0.3140430748462677
arc_challenge,common_rmsnorm,136,-0.19088059663772583,-0.3129287362098694
arc_challenge,common_rmsnorm,137,-0.19128192961215973,-0.3138705790042877
arc_challenge,common_rmsnorm,138,-0.19154837727546692,-0.3141099512577057
arc_challenge,common_rmsnorm,139,-0.19149808585643768,-0.3141096830368042
arc_challenge,common_rmsnorm,140,-0.1907811462879181,-0.3129425048828125
arc_challenge,common_rmsnorm,141,-0.19145330786705017,-0.3138454854488373
arc_challenge,common_rmsnorm,142,-0.1912723332643509,-0.31385430693626404
arc_challenge,common_rmsnorm,143,-0.19114099442958832,-0.3134506940841675
arc_challenge,common_rmsnorm,144,-0.19095654785633087,-0.31305646896362305
arc_challenge,common_rmsnorm,145,-0.1913519650697708,-0.31394025683403015
arc_challenge,common_rmsnorm,146,-0.19061937928199768,-0.3125980794429779
arc_challenge,common_rmsnorm,147,-0.19127510488033295,-0.3137163519859314
arc_challenge,common_rmsnorm,148,-0.19117982685565948,-0.3136066496372223
arc_challenge,common_rmsnorm,149,-0.1912318617105484,-0.3136465847492218
arc_challenge,common_rmsnorm,150,-0.19085364043712616,-0.3129975199699402
arc_challenge,common_rmsnorm,151,-0.19078509509563446,-0.31286922097206116
arc_challenge,common_rmsnorm,152,-0.19124454259872437,-0.31370285153388977
arc_challenge,common_rmsnorm,153,-0.19093899428844452,-0.31292954087257385
arc_challenge,common_rmsnorm,154,-0.19103747606277466,-0.3130870759487152
arc_challenge,common_rmsnorm,155,-0.1909647434949875,-0.31323498487472534
arc_challenge,common_rmsnorm,156,-0.19134554266929626,-0.31369367241859436
arc_challenge,common_rmsnorm,157,-0.19088099896907806,-0.3131607174873352
arc_challenge,common_rmsnorm,158,-0.1910802125930786,-0.3134581446647644
arc_challenge,common_rmsnorm,159,-0.1912192702293396,-0.31376826763153076
arc_challenge,common_rmsnorm,160,-0.19093188643455505,-0.31314539909362793
arc_challenge,common_rmsnorm,161,-0.19085752964019775,-0.31315121054649353
arc_challenge,common_rmsnorm,162,-0.19093860685825348,-0.3132161796092987
arc_challenge,common_rmsnorm,163,-0.19156445562839508,-0.31439870595932007
arc_challenge,common_rmsnorm,164,-0.19104570150375366,-0.31353285908699036
arc_challenge,common_rmsnorm,165,-0.19107501208782196,-0.3132473826408386
arc_challenge,common_rmsnorm,166,-0.19095680117607117,-0.31316548585891724
arc_challenge,common_rmsnorm,167,-0.19112694263458252,-0.313375324010849
arc_challenge,common_rmsnorm,168,-0.19109277427196503,-0.3133459985256195
arc_challenge,common_rmsnorm,169,-0.19151729345321655,-0.3140789568424225
arc_challenge,common_rmsnorm,170,-0.1911529004573822,-0.3134624660015106
arc_challenge,common_rmsnorm,171,-0.19126833975315094,-0.31375113129615784
arc_challenge,common_rmsnorm,172,-0.1910960078239441,-0.3132166266441345
arc_challenge,common_rmsnorm,173,-0.190845787525177,-0.3130776286125183
arc_challenge,common_rmsnorm,174,-0.19149383902549744,-0.3139322102069855
arc_challenge,common_rmsnorm,175,-0.19115661084651947,-0.3133249580860138
arc_challenge,common_rmsnorm,176,-0.1908293515443802,-0.312782883644104
arc_challenge,common_rmsnorm,177,-0.19113801419734955,-0.31376031041145325
arc_challenge,common_rmsnorm,178,-0.19130471348762512,-0.313751220703125
arc_challenge,common_rmsnorm,179,-0.19082927703857422,-0.3130887448787689
arc_challenge,common_rmsnorm,180,-0.19120076298713684,-0.31355470418930054
arc_challenge,common_rmsnorm,181,-0.19136910140514374,-0.3138611912727356
arc_challenge,common_rmsnorm,182,-0.1910439431667328,-0.3131675720214844
arc_challenge,common_rmsnorm,183,-0.1911003440618515,-0.31352558732032776
arc_challenge,common_rmsnorm,184,-0.19114306569099426,-0.313463419675827
arc_challenge,common_rmsnorm,185,-0.1914283186197281,-0.3138749599456787
arc_challenge,common_rmsnorm,186,-0.19085398316383362,-0.3129808306694031
arc_challenge,common_rmsnorm,187,-0.1908900886774063,-0.31302574276924133
arc_challenge,common_rmsnorm,188,-0.1913921982049942,-0.31396880745887756
arc_challenge,common_rmsnorm,189,-0.19084948301315308,-0.31287550926208496
arc_challenge,common_rmsnorm,190,-0.19146093726158142,-0.3140164911746979
arc_challenge,common_rmsnorm,191,-0.19116583466529846,-0.3135543465614319
arc_challenge,common_rmsnorm,192,-0.1909186989068985,-0.31311383843421936
arc_challenge,common_rmsnorm,193,-0.1910683512687683,-0.3135168254375458
arc_challenge,common_rmsnorm,194,-0.1909821480512619,-0.31325072050094604
arc_challenge,common_rmsnorm,195,-0.19115126132965088,-0.31357231736183167
arc_challenge,common_rmsnorm,196,-0.19140256941318512,-0.3141587972640991
arc_challenge,common_rmsnorm,197,-0.19126969575881958,-0.31379514932632446
arc_challenge,common_rmsnorm,198,-0.19133774936199188,-0.31370824575424194
lexical_disjoint,cached_mixed_raw,0,0.0590309202671051,0.07390659302473068
lexical_disjoint,cached_mixed_raw,1,0.059186987578868866,0.07408691197633743
lexical_disjoint,cached_mixed_raw,2,0.059358250349760056,0.07433905452489853
lexical_disjoint,cached_mixed_raw,3,0.05899469181895256,0.07386867702007294
lexical_disjoint,cached_mixed_raw,4,0.05901886150240898,0.07388955354690552
lexical_disjoint,cached_mixed_raw,5,0.0586538203060627,0.07340345531702042
lexical_disjoint,cached_mixed_raw,6,0.058987926691770554,0.07383233308792114
lexical_disjoint,cached_mixed_raw,7,0.05909350886940956,0.07398351281881332
lexical_disjoint,cached_mixed_raw,8,0.05926641449332237,0.07423864305019379
lexical_disjoint,cached_mixed_raw,9,0.05898894742131233,0.07384958118200302
lexical_disjoint,cached_mixed_raw,10,0.05940184369683266,0.07436814159154892
lexical_disjoint,cached_mixed_raw,11,0.05898915231227875,0.07383153587579727
lexical_disjoint,cached_mixed_raw,12,0.05929458886384964,0.07426414638757706
lexical_disjoint,cached_mixed_raw,13,0.05885913223028183,0.07369618862867355
lexical_disjoint,cached_mixed_raw,14,0.05848560109734535,0.07316752523183823
lexical_disjoint,cached_mixed_raw,15,0.059283848851919174,0.07420062273740768
lexical_disjoint,cached_mixed_raw,16,0.05909665673971176,0.07398796081542969
lexical_disjoint,cached_mixed_raw,17,0.05931617692112923,0.0742761492729187
lexical_disjoint,cached_mixed_raw,18,0.05915238708257675,0.07407262921333313
lexical_disjoint,cached_mixed_raw,19,0.05884145572781563,0.07361655682325363
lexical_disjoint,cached_mixed_raw,20,0.059205424040555954,0.07418210059404373
lexical_disjoint,cached_mixed_raw,21,0.05912366509437561,0.07399116456508636
lexical_disjoint,cached_mixed_raw,22,0.05966632813215256,0.07481394708156586
lexical_disjoint,cached_mixed_raw,23,0.058991849422454834,0.07386045902967453
lexical_disjoint,cached_mixed_raw,24,0.059525977820158005,0.07463245838880539
lexical_disjoint,cached_mixed_raw,25,0.05869312584400177,0.07344672083854675
lexical_disjoint,cached_mixed_raw,26,0.05891650170087814,0.07375648617744446
lexical_disjoint,cached_mixed_raw,27,0.05896772816777229,0.0737989991903305
lexical_disjoint,cached_mixed_raw,28,0.059244304895401,0.074187733232975
lexical_disjoint,cached_mixed_raw,29,0.059069883078336716,0.07394865155220032
lexical_disjoint,cached_mixed_raw,30,0.05904245004057884,0.07391013205051422
lexical_disjoint,cached_mixed_raw,31,0.05929945781826973,0.07423797249794006
lexical_disjoint,cached_mixed_raw,32,0.05891843140125275,0.07374648004770279
lexical_disjoint,cached_mixed_raw,33,0.05922887101769447,0.07414683699607849
lexical_disjoint,cached_mixed_raw,34,0.05907031148672104,0.07396050542593002
lexical_disjoint,cached_mixed_raw,35,0.05911092460155487,0.0740261971950531
lexical_disjoint,cached_mixed_raw,36,0.05945323780179024,0.07443765550851822
lexical_disjoint,cached_mixed_raw,37,0.05923743173480034,0.07417111098766327
lexical_disjoint,cached_mixed_raw,38,0.0590309202671051,0.0738920345902443
lexical_disjoint,cached_mixed_raw,39,0.058664221316576004,0.0734020322561264
lexical_disjoint,cached_mixed_raw,40,0.059099357575178146,0.07395599037408829
lexical_disjoint,cached_mixed_raw,41,0.05895136669278145,0.0737777128815651
lexical_disjoint,cached_mixed_raw,42,0.05905770882964134,0.07391846925020218
lexical_disjoint,cached_mixed_raw,43,0.05944300815463066,0.07445073127746582
lexical_disjoint,cached_mixed_raw,44,0.05901114270091057,0.07387606799602509
lexical_disjoint,cached_mixed_raw,45,0.0591658316552639,0.07407808303833008
lexical_disjoint,cached_mixed_raw,46,0.059620451182127,0.0746791884303093
lexical_disjoint,cached_mixed_raw,47,0.0581839494407177,0.0727478489279747
lexical_disjoint,cached_mixed_raw,48,0.05910850688815117,0.07402351498603821
lexical_disjoint,cached_mixed_raw,49,0.05906647816300392,0.0739373117685318
lexical_disjoint,cached_mixed_raw,50,0.05882612243294716,0.07362442463636398
lexical_disjoint,cached_mixed_raw,51,0.05920052528381348,0.07413224875926971
lexical_disjoint,cached_mixed_raw,52,0.059041984379291534,0.07390473037958145
lexical_disjoint,cached_mixed_raw,53,0.0592314749956131,0.07414228469133377
lexical_disjoint,cached_mixed_raw,54,0.05906079709529877,0.07395410537719727
lexical_disjoint,cached_mixed_raw,55,0.058815523982048035,0.07364676147699356
lexical_disjoint,cached_mixed_raw,56,0.0586276650428772,0.07335193455219269
lexical_disjoint,cached_mixed_raw,57,0.05911793187260628,0.07399255037307739
lexical_disjoint,cached_mixed_raw,58,0.05921434238553047,0.07414889335632324
lexical_disjoint,cached_mixed_raw,59,0.05898605287075043,0.07387828826904297
lexical_disjoint,cached_mixed_raw,60,0.05926918983459473,0.07415679842233658
lexical_disjoint,cached_mixed_raw,61,0.05849020183086395,0.0731966495513916
lexical_disjoint,cached_mixed_raw,62,0.0589146688580513,0.07375410199165344
lexical_disjoint,cached_mixed_raw,63,0.0587177500128746,0.0734407901763916
lexical_disjoint,cached_mixed_raw,64,0.058592673391103745,0.07324127107858658
lexical_disjoint,cached_mixed_raw,65,0.0590079240500927,0.0738430917263031
lexical_disjoint,cached_mixed_raw,66,0.058853138238191605,0.07365749031305313
lexical_disjoint,cached_mixed_raw,67,0.058676812797784805,0.0734269991517067
lexical_disjoint,cached_mixed_raw,68,0.059340737760066986,0.07435546815395355
lexical_disjoint,cached_mixed_raw,69,0.059154197573661804,0.07407167553901672
lexical_disjoint,cached_mixed_raw,70,0.059051286429166794,0.07393183559179306
lexical_disjoint,cached_mixed_raw,71,0.05904271453619003,0.07393497973680496
lexical_disjoint,cached_mixed_raw,72,0.05930272862315178,0.07430324703454971
lexical_disjoint,cached_mixed_raw,73,0.05850417539477348,0.07314158231019974
lexical_disjoint,cached_mixed_raw,74,0.059089288115501404,0.07395615428686142
lexical_disjoint,cached_mixed_raw,75,0.059196121990680695,0.07418327778577805
lexical_disjoint,cached_mixed_raw,76,0.05898404121398926,0.0738675594329834
lexical_disjoint,cached_mixed_raw,77,0.05906039476394653,0.07391927391290665
lexical_disjoint,cached_mixed_raw,78,0.05910308659076691,0.0740278884768486
lexical_disjoint,cached_mixed_raw,79,0.059468433260917664,0.07452229410409927
lexical_disjoint,cached_mixed_raw,80,0.05929442495107651,0.07427611202001572
lexical_disjoint,cached_mixed_raw,81,0.05884145572781563,0.07362620532512665
lexical_disjoint,cached_mixed_raw,82,0.05891309678554535,0.07372531294822693
lexical_disjoint,cached_mixed_raw,83,0.05870864540338516,0.07345274090766907
lexical_disjoint,cached_mixed_raw,84,0.05928586795926094,0.07420724630355835
lexical_disjoint,cached_mixed_raw,85,0.05897676572203636,0.07387014478445053
lexical_disjoint,cached_mixed_raw,86,0.05902491882443428,0.07385456562042236
lexical_disjoint,cached_mixed_raw,87,0.058983150869607925,0.07383706420660019
lexical_disjoint,cached_mixed_raw,88,0.05869670957326889,0.0735117569565773
lexical_disjoint,cached_mixed_raw,89,0.05875101685523987,0.0735299214720726
lexical_disjoint,cached_mixed_raw,90,0.05912218242883682,0.07401442527770996
lexical_disjoint,cached_mixed_raw,91,0.05890757963061333,0.07374895364046097
lexical_disjoint,cached_mixed_raw,92,0.058893632143735886,0.07375005632638931
lexical_disjoint,cached_mixed_raw,93,0.05941567197442055,0.074422687292099
lexical_disjoint,cached_mixed_raw,94,0.059160564094781876,0.07410667091608047
lexical_disjoint,cached_mixed_raw,95,0.0589321106672287,0.07375621795654297
lexical_disjoint,cached_mixed_raw,96,0.05886286497116089,0.07367604225873947
lexical_disjoint,cached_mixed_raw,97,0.058779072016477585,0.07359375059604645
lexical_disjoint,cached_mixed_raw,98,0.05895581841468811,0.07377076894044876
lexical_disjoint,cached_mixed_raw,99,0.058984700590372086,0.07381623983383179
lexical_disjoint,cached_mixed_raw,100,0.059105098247528076,0.0739956796169281
lexical_disjoint,cached_mixed_raw,101,0.05897734314203262,0.07386349886655807
lexical_disjoint,cached_mixed_raw,102,0.058989737182855606,0.07383251190185547
lexical_disjoint,cached_mixed_raw,103,0.05876167118549347,0.07351012527942657
lexical_disjoint,cached_mixed_raw,104,0.059510596096515656,0.07456975430250168
lexical_disjoint,cached_mixed_raw,105,0.05928415060043335,0.07426703721284866
lexical_disjoint,cached_mixed_raw,106,0.05920364707708359,0.07412204891443253
lexical_disjoint,cached_mixed_raw,107,0.05856885388493538,0.07324961572885513
lexical_disjoint,cached_mixed_raw,108,0.05899845063686371,0.07384425401687622
lexical_disjoint,cached_mixed_raw,109,0.05878661572933197,0.07353149354457855
lexical_disjoint,cached_mixed_raw,110,0.059401705861091614,0.07443422079086304
lexical_disjoint,cached_mixed_raw,111,0.059628669172525406,0.07473709434270859
lexical_disjoint,cached_mixed_raw,112,0.05926719307899475,0.07422056049108505
lexical_disjoint,cached_mixed_raw,113,0.058914877474308014,0.07372750341892242
lexical_disjoint,cached_mixed_raw,114,0.05916879326105118,0.07406316697597504
lexical_disjoint,cached_mixed_raw,115,0.058564458042383194,0.07325759530067444
lexical_disjoint,cached_mixed_raw,116,0.05883707478642464,0.07360038161277771
lexical_disjoint,cached_mixed_raw,117,0.05902034044265747,0.07395768910646439
lexical_disjoint,cached_mixed_raw,118,0.059130821377038956,0.07404430210590363
lexical_disjoint,cached_mixed_raw,119,0.05890940502285957,0.07377858459949493
lexical_disjoint,cached_mixed_raw,120,0.059491079300642014,0.0744837149977684
lexical_disjoint,cached_mixed_raw,121,0.0588112473487854,0.07358567416667938
lexical_disjoint,cached_mixed_raw,122,0.05932878330349922,0.07429353892803192
lexical_disjoint,cached_mixed_raw,123,0.059109922498464584,0.07400891929864883
lexical_disjoint,cached_mixed_raw,124,0.05951118469238281,0.07457604259252548
lexical_disjoint,cached_mixed_raw,125,0.05903511494398117,0.07391688972711563
lexical_disjoint,cached_mixed_raw,126,0.05878978967666626,0.07356104254722595
lexical_disjoint,cached_mixed_raw,127,0.05917508527636528,0.07406076788902283
lexical_disjoint,cached_mixed_raw,128,0.05892176926136017,0.0737287849187851
lexical_disjoint,cached_mixed_raw,129,0.05897127091884613,0.07383029162883759
lexical_disjoint,cached_mixed_raw,130,0.05903784930706024,0.07393039017915726
lexical_disjoint,cached_mixed_raw,131,0.05937739461660385,0.07438719272613525
lexical_disjoint,cached_mixed_raw,132,0.05924135446548462,0.07422205805778503
lexical_disjoint,cached_mixed_raw,133,0.0590660534799099,0.07395800203084946
lexical_disjoint,cached_mixed_raw,134,0.05945124104619026,0.07448220998048782
lexical_disjoint,cached_mixed_raw,135,0.05880295857787132,0.0735936313867569
lexical_disjoint,cached_mixed_raw,136,0.0590655580163002,0.0739557296037674
lexical_disjoint,cached_mixed_raw,137,0.058757100254297256,0.07352311164140701
lexical_disjoint,cached_mixed_raw,138,0.05846869572997093,0.07313665002584457
lexical_disjoint,cached_mixed_raw,139,0.05901124328374863,0.07387426495552063
lexical_disjoint,cached_mixed_raw,140,0.058891478925943375,0.07371541112661362
lexical_disjoint,cached_mixed_raw,141,0.05890612304210663,0.07370475679636002
lexical_disjoint,cached_mixed_raw,142,0.059035904705524445,0.0738842710852623
lexical_disjoint,cached_mixed_raw,143,0.05882365629076958,0.07359710335731506
lexical_disjoint,cached_mixed_raw,144,0.05893710255622864,0.07380224019289017
lexical_disjoint,cached_mixed_raw,145,0.05889768525958061,0.07374677062034607
lexical_disjoint,cached_mixed_raw,146,0.05855304002761841,0.07326241582632065
lexical_disjoint,cached_mixed_raw,147,0.05940351262688637,0.07443293929100037
lexical_disjoint,cached_mixed_raw,148,0.058832719922065735,0.0736256092786789
lexical_disjoint,cached_mixed_raw,149,0.058872099965810776,0.07364358007907867
lexical_disjoint,cached_mixed_raw,150,0.0593532919883728,0.07436393201351166
lexical_disjoint,cached_mixed_raw,151,0.058674246072769165,0.0734102874994278
lexical_disjoint,cached_mixed_raw,152,0.05909201130270958,0.07395080476999283
lexical_disjoint,cached_mixed_raw,153,0.05896440148353577,0.0738566443324089
lexical_disjoint,cached_mixed_raw,154,0.05934034287929535,0.07433710992336273
lexical_disjoint,cached_mixed_raw,155,0.05892729386687279,0.07375621795654297
lexical_disjoint,cached_mixed_raw,156,0.058861471712589264,0.0736943706870079
lexical_disjoint,cached_mixed_raw,157,0.05893354117870331,0.07380587607622147
lexical_disjoint,cached_mixed_raw,158,0.0593390129506588,0.07433949410915375
lexical_disjoint,cached_mixed_raw,159,0.058934569358825684,0.07379540801048279
lexical_disjoint,cached_mixed_raw,160,0.059263281524181366,0.0741971805691719
lexical_disjoint,cached_mixed_raw,161,0.05919574573636055,0.07411567866802216
lexical_disjoint,cached_mixed_raw,162,0.05921444669365883,0.07411457598209381
lexical_disjoint,cached_mixed_raw,163,0.05889146775007248,0.07368654757738113
lexical_disjoint,cached_mixed_raw,164,0.0590486079454422,0.07396230846643448
lexical_disjoint,cached_mixed_raw,165,0.05884489044547081,0.07362167537212372
lexical_disjoint,cached_mixed_raw,166,0.059054307639598846,0.07391605526208878
lexical_disjoint,cached_mixed_raw,167,0.05867552384734154,0.0733988881111145
lexical_disjoint,cached_mixed_raw,168,0.05902538076043129,0.07387425005435944
lexical_disjoint,cached_mixed_raw,169,0.058999914675951004,0.07386601716279984
lexical_disjoint,cached_mixed_raw,170,0.05905282497406006,0.07390543073415756
lexical_disjoint,cached_mixed_raw,171,0.05889628082513809,0.07371823489665985
lexical_disjoint,cached_mixed_raw,172,0.05899587273597717,0.07386843860149384
lexical_disjoint,cached_mixed_raw,173,0.0588502436876297,0.0736227035522461
lexical_disjoint,cached_mixed_raw,174,0.05910575017333031,0.07400791347026825
lexical_disjoint,cached_mixed_raw,175,0.058890581130981445,0.07373792678117752
lexical_disjoint,cached_mixed_raw,176,0.05880848690867424,0.0735623687505722
lexical_disjoint,cached_mixed_raw,177,0.058705270290374756,0.07342515885829926
lexical_disjoint,cached_mixed_raw,178,0.058636173605918884,0.07333105057477951
lexical_disjoint,cached_mixed_raw,179,0.058456551283597946,0.07310905307531357
lexical_disjoint,cached_mixed_raw,180,0.05903589725494385,0.07389409840106964
lexical_disjoint,cached_mixed_raw,181,0.05962727218866348,0.07473388314247131
lexical_disjoint,cached_mixed_raw,182,0.059072792530059814,0.07395312190055847
lexical_disjoint,cached_mixed_raw,183,0.05895644426345825,0.07384384423494339
lexical_disjoint,cached_mixed_raw,184,0.05884932354092598,0.07368377596139908
lexical_disjoint,cached_mixed_raw,185,0.059233758598566055,0.07417430728673935
lexical_disjoint,cached_mixed_raw,186,0.05895058438181877,0.0738474503159523
lexical_disjoint,cached_mixed_raw,187,0.05903109535574913,0.07386864721775055
lexical_disjoint,cached_mixed_raw,188,0.05895141884684563,0.07380400598049164
lexical_disjoint,cached_mixed_raw,189,0.059008680284023285,0.0738569051027298
lexical_disjoint,cached_mixed_raw,190,0.05868145450949669,0.07342884689569473
lexical_disjoint,cached_mixed_raw,191,0.05910252407193184,0.07399643212556839
lexical_disjoint,cached_mixed_raw,192,0.05928685516119003,0.07425499707460403
lexical_disjoint,cached_mixed_raw,193,0.059019941836595535,0.07389207929372787
lexical_disjoint,cached_mixed_raw,194,0.05887341499328613,0.07368521392345428
lexical_disjoint,cached_mixed_raw,195,0.05909665673971176,0.0739850401878357
lexical_disjoint,cached_mixed_raw,196,0.059699688106775284,0.0748046338558197
lexical_disjoint,cached_mixed_raw,197,0.05924053490161896,0.07418055832386017
lexical_disjoint,cached_mixed_raw,198,0.05895126983523369,0.07380297034978867
lexical_disjoint,reextracted_mixed_raw,0,0.05958498641848564,0.07461821287870407
lexical_disjoint,reextracted_mixed_raw,1,0.05913389474153519,0.07396577298641205
lexical_disjoint,reextracted_mixed_raw,2,0.05880360305309296,0.07355230301618576
lexical_disjoint,reextracted_mixed_raw,3,0.058712609112262726,0.07343350350856781
lexical_disjoint,reextracted_mixed_raw,4,0.059289347380399704,0.07426206022500992
lexical_disjoint,reextracted_mixed_raw,5,0.05962194874882698,0.07463248074054718
lexical_disjoint,reextracted_mixed_raw,6,0.059007927775382996,0.07388254255056381
lexical_disjoint,reextracted_mixed_raw,7,0.059188637882471085,0.07406618446111679
lexical_disjoint,reextracted_mixed_raw,8,0.05915520340204239,0.07405570894479752
lexical_disjoint,reextracted_mixed_raw,9,0.058861177414655685,0.07367454469203949
lexical_disjoint,reextracted_mixed_raw,10,0.058683838695287704,0.07334014028310776
lexical_disjoint,reextracted_mixed_raw,11,0.059188198298215866,0.07408373057842255
lexical_disjoint,reextracted_mixed_raw,12,0.05934229493141174,0.07427770644426346
lexical_disjoint,reextracted_mixed_raw,13,0.05920885503292084,0.07417458295822144
lexical_disjoint,reextracted_mixed_raw,14,0.059195030480623245,0.07410222291946411
lexical_disjoint,reextracted_mixed_raw,15,0.05914267525076866,0.07404128462076187
lexical_disjoint,reextracted_mixed_raw,16,0.05925848335027695,0.07418956607580185
lexical_disjoint,reextracted_mixed_raw,17,0.059263262897729874,0.07416283339262009
lexical_disjoint,reextracted_mixed_raw,18,0.058934859931468964,0.0737147182226181
lexical_disjoint,reextracted_mixed_raw,19,0.059589069336652756,0.07461842149496078
lexical_disjoint,reextracted_mixed_raw,20,0.059052109718322754,0.07386910170316696
lexical_disjoint,reextracted_mixed_raw,21,0.059402499347925186,0.07435251772403717
lexical_disjoint,reextracted_mixed_raw,22,0.05885792523622513,0.07363913208246231
lexical_disjoint,reextracted_mixed_raw,23,0.0593990832567215,0.07437008619308472
lexical_disjoint,reextracted_mixed_raw,24,0.059560343623161316,0.07454442977905273
lexical_disjoint,reextracted_mixed_raw,25,0.058843936771154404,0.07359413057565689
lexical_disjoint,reextracted_mixed_raw,26,0.059298738837242126,0.0742046982049942
lexical_disjoint,reextracted_mixed_raw,27,0.05928298085927963,0.07423783838748932
lexical_disjoint,reextracted_mixed_raw,28,0.05939536541700363,0.07438444346189499
lexical_disjoint,reextracted_mixed_raw,29,0.05935971438884735,0.07431381940841675
lexical_disjoint,reextracted_mixed_raw,30,0.05931227654218674,0.07424484938383102
lexical_disjoint,reextracted_mixed_raw,31,0.05900909751653671,0.07386648654937744
lexical_disjoint,reextracted_mixed_raw,32,0.059218283742666245,0.07408784329891205
lexical_disjoint,reextracted_mixed_raw,33,0.05952325463294983,0.07450713217258453
lexical_disjoint,reextracted_mixed_raw,34,0.05918198823928833,0.07406865060329437
lexical_disjoint,reextracted_mixed_raw,35,0.05910348892211914,0.07400371879339218
lexical_disjoint,reextracted_mixed_raw,36,0.059009745717048645,0.07385614514350891
lexical_disjoint,reextracted_mixed_raw,37,0.05969939008355141,0.07482267171144485
lexical_disjoint,reextracted_mixed_raw,38,0.058726608753204346,0.07350117713212967
lexical_disjoint,reextracted_mixed_raw,39,0.05936109647154808,0.07428362220525742
lexical_disjoint,reextracted_mixed_raw,40,0.0590495802462101,0.07392964512109756
lexical_disjoint,reextracted_mixed_raw,41,0.059326548129320145,0.07429996132850647
lexical_disjoint,reextracted_mixed_raw,42,0.05889042466878891,0.07368757575750351
lexical_disjoint,reextracted_mixed_raw,43,0.05928565189242363,0.07417962700128555
lexical_disjoint,reextracted_mixed_raw,44,0.059033870697021484,0.0738859549164772
lexical_disjoint,reextracted_mixed_raw,45,0.058815207332372665,0.07360917329788208
lexical_disjoint,reextracted_mixed_raw,46,0.05893935635685921,0.07373141497373581
lexical_disjoint,reextracted_mixed_raw,47,0.05872868001461029,0.07341963797807693
lexical_disjoint,reextracted_mixed_raw,48,0.05922335386276245,0.07411026954650879
lexical_disjoint,reextracted_mixed_raw,49,0.05911524221301079,0.07397887855768204
lexical_disjoint,reextracted_mixed_raw,50,0.05926840752363205,0.07423923164606094
lexical_disjoint,reextracted_mixed_raw,51,0.05906623974442482,0.07396291196346283
lexical_disjoint,reextracted_mixed_raw,52,0.05912956967949867,0.07397518306970596
lexical_disjoint,reextracted_mixed_raw,53,0.0587489940226078,0.07346760481595993
lexical_disjoint,reextracted_mixed_raw,54,0.058646462857723236,0.07331564277410507
lexical_disjoint,reextracted_mixed_raw,55,0.05930599942803383,0.07424861192703247
lexical_disjoint,reextracted_mixed_raw,56,0.05919082090258598,0.07409482449293137
lexical_disjoint,reextracted_mixed_raw,57,0.05950643867254257,0.07453300803899765
lexical_disjoint,reextracted_mixed_raw,58,0.0588470995426178,0.07358625531196594
lexical_disjoint,reextracted_mixed_raw,59,0.05926244705915451,0.07419530302286148
lexical_disjoint,reextracted_mixed_raw,60,0.05930561199784279,0.07426243275403976
lexical_disjoint,reextracted_mixed_raw,61,0.059206172823905945,0.0741429552435875
lexical_disjoint,reextracted_mixed_raw,62,0.058951713144779205,0.07379765063524246
lexical_disjoint,reextracted_mixed_raw,63,0.059271182864904404,0.07415039837360382
lexical_disjoint,reextracted_mixed_raw,64,0.05860207974910736,0.07335618883371353
lexical_disjoint,reextracted_mixed_raw,65,0.05947944149374962,0.07447502762079239
lexical_disjoint,reextracted_mixed_raw,66,0.059051718562841415,0.07389283180236816
lexical_disjoint,reextracted_mixed_raw,67,0.059197161346673965,0.07413194328546524
lexical_disjoint,reextracted_mixed_raw,68,0.05897626653313637,0.07384876161813736
lexical_disjoint,reextracted_mixed_raw,69,0.05959073081612587,0.07464710623025894
lexical_disjoint,reextracted_mixed_raw,70,0.05942158401012421,0.07449349761009216
lexical_disjoint,reextracted_mixed_raw,71,0.058979783207178116,0.073816679418087
lexical_disjoint,reextracted_mixed_raw,72,0.059619974344968796,0.07469823211431503
lexical_disjoint,reextracted_mixed_raw,73,0.05868871137499809,0.07339929044246674
lexical_disjoint,reextracted_mixed_raw,74,0.05878664180636406,0.07353373616933823
lexical_disjoint,reextracted_mixed_raw,75,0.05884106084704399,0.0736377015709877
lexical_disjoint,reextracted_mixed_raw,76,0.058991000056266785,0.07382746040821075
lexical_disjoint,reextracted_mixed_raw,77,0.058914974331855774,0.07366147637367249
lexical_disjoint,reextracted_mixed_raw,78,0.0595671683549881,0.07459782063961029
lexical_disjoint,reextracted_mixed_raw,79,0.05953097343444824,0.07454288750886917
lexical_disjoint,reextracted_mixed_raw,80,0.059534382075071335,0.074595145881176
lexical_disjoint,reextracted_mixed_raw,81,0.0590854212641716,0.07397384941577911
lexical_disjoint,reextracted_mixed_raw,82,0.05919046700000763,0.07405450940132141
lexical_disjoint,reextracted_mixed_raw,83,0.05889299884438515,0.0736771821975708
lexical_disjoint,reextracted_mixed_raw,84,0.059092845767736435,0.07396213710308075
lexical_disjoint,reextracted_mixed_raw,85,0.05890384316444397,0.07369216531515121
lexical_disjoint,reextracted_mixed_raw,86,0.05894756317138672,0.07375043630599976
lexical_disjoint,reextracted_mixed_raw,87,0.05937480553984642,0.07430882006883621
lexical_disjoint,reextracted_mixed_raw,88,0.05892027169466019,0.0737137421965599
lexical_disjoint,reextracted_mixed_raw,89,0.058736905455589294,0.07348380237817764
lexical_disjoint,reextracted_mixed_raw,90,0.05920767784118652,0.07410617917776108
lexical_disjoint,reextracted_mixed_raw,91,0.05880722776055336,0.07355786859989166
lexical_disjoint,reextracted_mixed_raw,92,0.05947335809469223,0.07450948655605316
lexical_disjoint,reextracted_mixed_raw,93,0.0597151480615139,0.07480417937040329
lexical_disjoint,reextracted_mixed_raw,94,0.058997247368097305,0.07383677363395691
lexical_disjoint,reextracted_mixed_raw,95,0.05908994376659393,0.07400448620319366
lexical_disjoint,reextracted_mixed_raw,96,0.059411317110061646,0.07441511005163193
lexical_disjoint,reextracted_mixed_raw,97,0.05901800096035004,0.0738677829504013
lexical_disjoint,reextracted_mixed_raw,98,0.058746445924043655,0.0735068991780281
lexical_disjoint,reextracted_mixed_raw,99,0.0590960755944252,0.07394064962863922
lexical_disjoint,reextracted_mixed_raw,100,0.05929210036993027,0.07419303804636002
lexical_disjoint,reextracted_mixed_raw,101,0.05931730568408966,0.07423438131809235
lexical_disjoint,reextracted_mixed_raw,102,0.05919576808810234,0.07409129291772842
lexical_disjoint,reextracted_mixed_raw,103,0.05878838151693344,0.07352814078330994
lexical_disjoint,reextracted_mixed_raw,104,0.0594901368021965,0.07453694939613342
lexical_disjoint,reextracted_mixed_raw,105,0.05885811150074005,0.07363186776638031
lexical_disjoint,reextracted_mixed_raw,106,0.05926625430583954,0.0741543173789978
lexical_disjoint,reextracted_mixed_raw,107,0.059247683733701706,0.07414307445287704
lexical_disjoint,reextracted_mixed_raw,108,0.05887265503406525,0.0736837387084961
lexical_disjoint,reextracted_mixed_raw,109,0.058830760419368744,0.07362595945596695
lexical_disjoint,reextracted_mixed_raw,110,0.05894244462251663,0.07376038283109665
lexical_disjoint,reextracted_mixed_raw,111,0.05963478237390518,0.07468678057193756
lexical_disjoint,reextracted_mixed_raw,112,0.05934535339474678,0.07428809255361557
lexical_disjoint,reextracted_mixed_raw,113,0.059167783707380295,0.07405927777290344
lexical_disjoint,reextracted_mixed_raw,114,0.059336528182029724,0.07426373660564423
lexical_disjoint,reextracted_mixed_raw,115,0.05930376052856445,0.07427936047315598
lexical_disjoint,reextracted_mixed_raw,116,0.05915162339806557,0.07398896664381027
lexical_disjoint,reextracted_mixed_raw,117,0.059571169316768646,0.07457780838012695
lexical_disjoint,reextracted_mixed_raw,118,0.05935065448284149,0.07429478317499161
lexical_disjoint,reextracted_mixed_raw,119,0.05908757820725441,0.07389102876186371
lexical_disjoint,reextracted_mixed_raw,120,0.059283435344696045,0.07426204532384872
lexical_disjoint,reextracted_mixed_raw,121,0.05931033939123154,0.07426418364048004
lexical_disjoint,reextracted_mixed_raw,122,0.05896711349487305,0.07375116646289825
lexical_disjoint,reextracted_mixed_raw,123,0.05911128968000412,0.07401122897863388
lexical_disjoint,reextracted_mixed_raw,124,0.05932961404323578,0.0742565467953682
lexical_disjoint,reextracted_mixed_raw,125,0.05925118923187256,0.0741916373372078
lexical_disjoint,reextracted_mixed_raw,126,0.059143781661987305,0.073993019759655
lexical_disjoint,reextracted_mixed_raw,127,0.05892393738031387,0.07367868721485138
lexical_disjoint,reextracted_mixed_raw,128,0.059120770543813705,0.073967844247818
lexical_disjoint,reextracted_mixed_raw,129,0.058985233306884766,0.07377173751592636
lexical_disjoint,reextracted_mixed_raw,130,0.05904822051525116,0.07390289753675461
lexical_disjoint,reextracted_mixed_raw,131,0.05918855965137482,0.07410531491041183
lexical_disjoint,reextracted_mixed_raw,132,0.058971162885427475,0.07376981526613235
lexical_disjoint,reextracted_mixed_raw,133,0.05914674699306488,0.07404131442308426
lexical_disjoint,reextracted_mixed_raw,134,0.05933288112282753,0.07431534677743912
lexical_disjoint,reextracted_mixed_raw,135,0.05929803475737572,0.07426662743091583
lexical_disjoint,reextracted_mixed_raw,136,0.05952024087309837,0.07456649094820023
lexical_disjoint,reextracted_mixed_raw,137,0.05909775570034981,0.07400002330541611
lexical_disjoint,reextracted_mixed_raw,138,0.05884096771478653,0.07360398024320602
lexical_disjoint,reextracted_mixed_raw,139,0.059243544936180115,0.074127197265625
lexical_disjoint,reextracted_mixed_raw,140,0.05907753109931946,0.07392121851444244
lexical_disjoint,reextracted_mixed_raw,141,0.05882670730352402,0.0736115500330925
lexical_disjoint,reextracted_mixed_raw,142,0.0589144229888916,0.07373513281345367
lexical_disjoint,reextracted_mixed_raw,143,0.05923754349350929,0.07419043034315109
lexical_disjoint,reextracted_mixed_raw,144,0.059105999767780304,0.0739879310131073
lexical_disjoint,reextracted_mixed_raw,145,0.058973830193281174,0.07383739203214645
lexical_disjoint,reextracted_mixed_raw,146,0.058900538831949234,0.0736822634935379
lexical_disjoint,reextracted_mixed_raw,147,0.05921598896384239,0.0740966796875
lexical_disjoint,reextracted_mixed_raw,148,0.059533096849918365,0.0745721086859703
lexical_disjoint,reextracted_mixed_raw,149,0.059065621346235275,0.07392757385969162
lexical_disjoint,reextracted_mixed_raw,150,0.0594114251434803,0.0744229182600975
lexical_disjoint,reextracted_mixed_raw,151,0.059202756732702255,0.07412981241941452
lexical_disjoint,reextracted_mixed_raw,152,0.05875106900930405,0.07345147430896759
lexical_disjoint,reextracted_mixed_raw,153,0.05907461792230606,0.07392042875289917
lexical_disjoint,reextracted_mixed_raw,154,0.05941864475607872,0.07439812272787094
lexical_disjoint,reextracted_mixed_raw,155,0.05934630334377289,0.07434817403554916
lexical_disjoint,reextracted_mixed_raw,156,0.05920714512467384,0.07410997152328491
lexical_disjoint,reextracted_mixed_raw,157,0.058919839560985565,0.0737452283501625
lexical_disjoint,reextracted_mixed_raw,158,0.059320371598005295,0.07428016513586044
lexical_disjoint,reextracted_mixed_raw,159,0.05936362221837044,0.07433070987462997
lexical_disjoint,reextracted_mixed_raw,160,0.058859843760728836,0.07366260886192322
lexical_disjoint,reextracted_mixed_raw,161,0.05865608528256416,0.0733511820435524
lexical_disjoint,reextracted_mixed_raw,162,0.05872519314289093,0.07347618043422699
lexical_disjoint,reextracted_mixed_raw,163,0.05920935422182083,0.0741381049156189
lexical_disjoint,reextracted_mixed_raw,164,0.05892965942621231,0.07379065454006195
lexical_disjoint,reextracted_mixed_raw,165,0.05929668992757797,0.07422136515378952
lexical_disjoint,reextracted_mixed_raw,166,0.059228602796792984,0.0741351991891861
lexical_disjoint,reextracted_mixed_raw,167,0.05913616344332695,0.07399957627058029
lexical_disjoint,reextracted_mixed_raw,168,0.059159111231565475,0.07400576770305634
lexical_disjoint,reextracted_mixed_raw,169,0.05925559997558594,0.07411208003759384
lexical_disjoint,reextracted_mixed_raw,170,0.059188663959503174,0.07406700402498245
lexical_disjoint,reextracted_mixed_raw,171,0.05946679413318634,0.07445228099822998
lexical_disjoint,reextracted_mixed_raw,172,0.059279073029756546,0.07419119030237198
lexical_disjoint,reextracted_mixed_raw,173,0.058849550783634186,0.07362766563892365
lexical_disjoint,reextracted_mixed_raw,174,0.05931130424141884,0.07423955202102661
lexical_disjoint,reextracted_mixed_raw,175,0.05965927615761757,0.07469009608030319
lexical_disjoint,reextracted_mixed_raw,176,0.05910226330161095,0.07398189604282379
lexical_disjoint,reextracted_mixed_raw,177,0.058944202959537506,0.0737253725528717
lexical_disjoint,reextracted_mixed_raw,178,0.0594555139541626,0.07447005808353424
lexical_disjoint,reextracted_mixed_raw,179,0.058882731944322586,0.0736316666007042
lexical_disjoint,reextracted_mixed_raw,180,0.05869400128722191,0.07340885698795319
lexical_disjoint,reextracted_mixed_raw,181,0.0588662251830101,0.07365036010742188
lexical_disjoint,reextracted_mixed_raw,182,0.05934197083115578,0.07427431643009186
lexical_disjoint,reextracted_mixed_raw,183,0.05931936204433441,0.07428494840860367
lexical_disjoint,reextracted_mixed_raw,184,0.059297993779182434,0.07421904802322388
lexical_disjoint,reextracted_mixed_raw,185,0.05943990871310234,0.0744551569223404
lexical_disjoint,reextracted_mixed_raw,186,0.059036221355199814,0.07386907935142517
lexical_disjoint,reextracted_mixed_raw,187,0.05948261916637421,0.0744958221912384
lexical_disjoint,reextracted_mixed_raw,188,0.05894901230931282,0.07377473264932632
lexical_disjoint,reextracted_mixed_raw,189,0.05869008228182793,0.07340744137763977
lexical_disjoint,reextracted_mixed_raw,190,0.05870296433568001,0.07340219616889954
lexical_disjoint,reextracted_mixed_raw,191,0.059139106422662735,0.07404904812574387
lexical_disjoint,reextracted_mixed_raw,192,0.05897143855690956,0.07379183173179626
lexical_disjoint,reextracted_mixed_raw,193,0.05951513722538948,0.07448679953813553
lexical_disjoint,reextracted_mixed_raw,194,0.05927635356783867,0.07421696931123734
lexical_disjoint,reextracted_mixed_raw,195,0.05881239101290703,0.07354975491762161
lexical_disjoint,reextracted_mixed_raw,196,0.05899256840348244,0.07381755858659744
lexical_disjoint,reextracted_mixed_raw,197,0.05927446857094765,0.07416343688964844
lexical_disjoint,reextracted_mixed_raw,198,0.059605833142995834,0.07468898594379425
lexical_disjoint,cached_truncated_raw,0,-0.023806419223546982,-0.05022454261779785
lexical_disjoint,cached_truncated_raw,1,-0.02357485145330429,-0.04994146153330803
lexical_disjoint,cached_truncated_raw,2,-0.023736901581287384,-0.0501447468996048
lexical_disjoint,cached_truncated_raw,3,-0.023827342316508293,-0.05025903880596161
lexical_disjoint,cached_truncated_raw,4,-0.023881731554865837,-0.05035928264260292
lexical_disjoint,cached_truncated_raw,5,-0.02375466376543045,-0.050139281898736954
lexical_disjoint,cached_truncated_raw,6,-0.023814190179109573,-0.05025262013077736
lexical_disjoint,cached_truncated_raw,7,-0.02375135011970997,-0.050171613693237305
lexical_disjoint,cached_truncated_raw,8,-0.023819027468562126,-0.05029098317027092
lexical_disjoint,cached_truncated_raw,9,-0.02384810708463192,-0.050307683646678925
lexical_disjoint,cached_truncated_raw,10,-0.023761313408613205,-0.05019976943731308
lexical_disjoint,cached_truncated_raw,11,-0.023911727592349052,-0.05038672313094139
lexical_disjoint,cached_truncated_raw,12,-0.0237357746809721,-0.05014896020293236
lexical_disjoint,cached_truncated_raw,13,-0.023661179468035698,-0.05004164204001427
lexical_disjoint,cached_truncated_raw,14,-0.023869309574365616,-0.0502910278737545
lexical_disjoint,cached_truncated_raw,15,-0.02389163337647915,-0.05036059021949768
lexical_disjoint,cached_truncated_raw,16,-0.023862069472670555,-0.05030485615134239
lexical_disjoint,cached_truncated_raw,17,-0.023572765290737152,-0.04992761090397835
lexical_disjoint,cached_truncated_raw,18,-0.023850172758102417,-0.05027204006910324
lexical_disjoint,cached_truncated_raw,19,-0.023870499804615974,-0.05029979720711708
lexical_disjoint,cached_truncated_raw,20,-0.023655980825424194,-0.05003982037305832
lexical_disjoint,cached_truncated_raw,21,-0.023880453780293465,-0.05032865330576897
lexical_disjoint,cached_truncated_raw,22,-0.023584602400660515,-0.04991551861166954
lexical_disjoint,cached_truncated_raw,23,-0.02386794053018093,-0.0503152571618557
lexical_disjoint,cached_truncated_raw,24,-0.023870320990681648,-0.050306402146816254
lexical_disjoint,cached_truncated_raw,25,-0.023709455505013466,-0.050110433250665665
lexical_disjoint,cached_truncated_raw,26,-0.023754257708787918,-0.05016710236668587
lexical_disjoint,cached_truncated_raw,27,-0.02386528067290783,-0.05032968521118164
lexical_disjoint,cached_truncated_raw,28,-0.023909930139780045,-0.05036023259162903
lexical_disjoint,cached_truncated_raw,29,-0.023780759423971176,-0.050178710371255875
lexical_disjoint,cached_truncated_raw,30,-0.023746052756905556,-0.050143059343099594
lexical_disjoint,cached_truncated_raw,31,-0.023693889379501343,-0.05007738247513771
lexical_disjoint,cached_truncated_raw,32,-0.023722680285573006,-0.05012470856308937
lexical_disjoint,cached_truncated_raw,33,-0.023831041529774666,-0.0502801276743412
lexical_disjoint,cached_truncated_raw,34,-0.02389305643737316,-0.050337981432676315
lexical_disjoint,cached_truncated_raw,35,-0.023807452991604805,-0.05024328827857971
lexical_disjoint,cached_truncated_raw,36,-0.023839225992560387,-0.05025819316506386
lexical_disjoint,cached_truncated_raw,37,-0.023821895942091942,-0.05027209222316742
lexical_disjoint,cached_truncated_raw,38,-0.023794040083885193,-0.05020212009549141
lexical_disjoint,cached_truncated_raw,39,-0.023958897218108177,-0.05043996125459671
lexical_disjoint,cached_truncated_raw,40,-0.023772312328219414,-0.05019615590572357
lexical_disjoint,cached_truncated_raw,41,-0.023864584043622017,-0.050298016518354416
lexical_disjoint,cached_truncated_raw,42,-0.023684171959757805,-0.05006713047623634
lexical_disjoint,cached_truncated_raw,43,-0.0236667487770319,-0.05001281574368477
lexical_disjoint,cached_truncated_raw,44,-0.02380720153450966,-0.05023118108510971
lexical_disjoint,cached_truncated_raw,45,-0.023839101195335388,-0.05026409775018692
lexical_disjoint,cached_truncated_raw,46,-0.023718824610114098,-0.050114791840314865
lexical_disjoint,cached_truncated_raw,47,-0.02382342889904976,-0.05026644840836525
lexical_disjoint,cached_truncated_raw,48,-0.02366410195827484,-0.050074465572834015
lexical_disjoint,cached_truncated_raw,49,-0.023748766630887985,-0.05014336109161377
lexical_disjoint,cached_truncated_raw,50,-0.02377956733107567,-0.050219740718603134
lexical_disjoint,cached_truncated_raw,51,-0.023812951520085335,-0.05026552826166153
lexical_disjoint,cached_truncated_raw,52,-0.023773645982146263,-0.05021107941865921
lexical_disjoint,cached_truncated_raw,53,-0.023880185559391975,-0.05031204968690872
lexical_disjoint,cached_truncated_raw,54,-0.023708375170826912,-0.05007626861333847
lexical_disjoint,cached_truncated_raw,55,-0.023829203099012375,-0.05025947839021683
lexical_disjoint,cached_truncated_raw,56,-0.023752927780151367,-0.05014012008905411
lexical_disjoint,cached_truncated_raw,57,-0.023825783282518387,-0.05023134499788284
lexical_disjoint,cached_truncated_raw,58,-0.023941395804286003,-0.05042162537574768
lexical_disjoint,cached_truncated_raw,59,-0.023726806044578552,-0.0500919483602047
lexical_disjoint,cached_truncated_raw,60,-0.023799624294042587,-0.05023977905511856
lexical_disjoint,cached_truncated_raw,61,-0.023548930883407593,-0.049886032938957214
lexical_disjoint,cached_truncated_raw,62,-0.023714540526270866,-0.050113581120967865
lexical_disjoint,cached_truncated_raw,63,-0.023710809648036957,-0.05008496716618538
lexical_disjoint,cached_truncated_raw,64,-0.02382216975092888,-0.05026588216423988
lexical_disjoint,cached_truncated_raw,65,-0.023674139752984047,-0.05007403343915939
lexical_disjoint,cached_truncated_raw,66,-0.023783136159181595,-0.05020751431584358
lexical_disjoint,cached_truncated_raw,67,-0.023789983242750168,-0.050220195204019547
lexical_disjoint,cached_truncated_raw,68,-0.023684579879045486,-0.05010853707790375
lexical_disjoint,cached_truncated_raw,69,-0.023708203807473183,-0.050111401826143265
lexical_disjoint,cached_truncated_raw,70,-0.02380109764635563,-0.05022777244448662
lexical_disjoint,cached_truncated_raw,71,-0.023732276633381844,-0.050134751945734024
lexical_disjoint,cached_truncated_raw,72,-0.023776954039931297,-0.05018841102719307
lexical_disjoint,cached_truncated_raw,73,-0.023713665083050728,-0.050120968371629715
lexical_disjoint,cached_truncated_raw,74,-0.023698672652244568,-0.05009545758366585
lexical_disjoint,cached_truncated_raw,75,-0.023662840947508812,-0.05004381015896797
lexical_disjoint,cached_truncated_raw,76,-0.023750323802232742,-0.05014416202902794
lexical_disjoint,cached_truncated_raw,77,-0.023854143917560577,-0.05033562332391739
lexical_disjoint,cached_truncated_raw,78,-0.023781493306159973,-0.05023396760225296
lexical_disjoint,cached_truncated_raw,79,-0.023840341717004776,-0.05029243603348732
lexical_disjoint,cached_truncated_raw,80,-0.023616982623934746,-0.04997364059090614
lexical_disjoint,cached_truncated_raw,81,-0.02389182709157467,-0.05034547299146652
lexical_disjoint,cached_truncated_raw,82,-0.02387397177517414,-0.05033266171813011
lexical_disjoint,cached_truncated_raw,83,-0.02373402565717697,-0.050165459513664246
lexical_disjoint,cached_truncated_raw,84,-0.02380259893834591,-0.05021446570754051
lexical_disjoint,cached_truncated_raw,85,-0.023717936128377914,-0.050090909004211426
lexical_disjoint,cached_truncated_raw,86,-0.023804502561688423,-0.05025767907500267
lexical_disjoint,cached_truncated_raw,87,-0.023707905784249306,-0.050089940428733826
lexical_disjoint,cached_truncated_raw,88,-0.023833870887756348,-0.050288837403059006
lexical_disjoint,cached_truncated_raw,89,-0.023804083466529846,-0.050257012248039246
lexical_disjoint,cached_truncated_raw,90,-0.023746367543935776,-0.05015357583761215
lexical_disjoint,cached_truncated_raw,91,-0.023923683911561966,-0.05041104182600975
lexical_disjoint,cached_truncated_raw,92,-0.02389046549797058,-0.05033118650317192
lexical_disjoint,cached_truncated_raw,93,-0.0237252376973629,-0.05014247074723244
lexical_disjoint,cached_truncated_raw,94,-0.023802727460861206,-0.050215527415275574
lexical_disjoint,cached_truncated_raw,95,-0.023674804717302322,-0.0500590056180954
lexical_disjoint,cached_truncated_raw,96,-0.023664874956011772,-0.050023339688777924
lexical_disjoint,cached_truncated_raw,97,-0.023894133046269417,-0.05036343261599541
lexical_disjoint,cached_truncated_raw,98,-0.023836007341742516,-0.050286825746297836
lexical_disjoint,cached_truncated_raw,99,-0.02375088259577751,-0.05015110969543457
lexical_disjoint,cached_truncated_raw,100,-0.02374926395714283,-0.05014798790216446
lexical_disjoint,cached_truncated_raw,101,-0.02392447367310524,-0.05041321739554405
lexical_disjoint,cached_truncated_raw,102,-0.023741327226161957,-0.05016785487532616
lexical_disjoint,cached_truncated_raw,103,-0.023823847994208336,-0.05026758462190628
lexical_disjoint,cached_truncated_raw,104,-0.023775314912199974,-0.050210680812597275
lexical_disjoint,cached_truncated_raw,105,-0.023771971464157104,-0.05021737888455391
lexical_disjoint,cached_truncated_raw,106,-0.02370237372815609,-0.05010896548628807
lexical_disjoint,cached_truncated_raw,107,-0.02372455596923828,-0.05011394992470741
lexical_disjoint,cached_truncated_raw,108,-0.023804234340786934,-0.050209466367959976
lexical_disjoint,cached_truncated_raw,109,-0.023672716692090034,-0.05003320798277855
lexical_disjoint,cached_truncated_raw,110,-0.023738550022244453,-0.05016270652413368
lexical_disjoint,cached_truncated_raw,111,-0.023791514337062836,-0.05021798238158226
lexical_disjoint,cached_truncated_raw,112,-0.023990286514163017,-0.05047881603240967
lexical_disjoint,cached_truncated_raw,113,-0.023800242692232132,-0.05022558197379112
lexical_disjoint,cached_truncated_raw,114,-0.023657383397221565,-0.05004551261663437
lexical_disjoint,cached_truncated_raw,115,-0.023855851963162422,-0.05030306428670883
lexical_disjoint,cached_truncated_raw,116,-0.0238992627710104,-0.050337087363004684
lexical_disjoint,cached_truncated_raw,117,-0.023653816431760788,-0.05006733536720276
lexical_disjoint,cached_truncated_raw,118,-0.023787174373865128,-0.05020548030734062
lexical_disjoint,cached_truncated_raw,119,-0.02373781055212021,-0.05012472718954086
lexical_disjoint,cached_truncated_raw,120,-0.02378622442483902,-0.050202202051877975
lexical_disjoint,cached_truncated_raw,121,-0.023872610181570053,-0.05032292380928993
lexical_disjoint,cached_truncated_raw,122,-0.023819832131266594,-0.05024775117635727
lexical_disjoint,cached_truncated_raw,123,-0.023734193295240402,-0.05011696740984917
lexical_disjoint,cached_truncated_raw,124,-0.023879526183009148,-0.05033469200134277
lexical_disjoint,cached_truncated_raw,125,-0.023763740435242653,-0.050197534263134
lexical_disjoint,cached_truncated_raw,126,-0.023829925805330276,-0.050255123525857925
lexical_disjoint,cached_truncated_raw,127,-0.02377176843583584,-0.05022158473730087
lexical_disjoint,cached_truncated_raw,128,-0.02379780262708664,-0.05021806061267853
lexical_disjoint,cached_truncated_raw,129,-0.023868191987276077,-0.05031135678291321
lexical_disjoint,cached_truncated_raw,130,-0.02383304201066494,-0.050303131341934204
lexical_disjoint,cached_truncated_raw,131,-0.023779679089784622,-0.050240904092788696
lexical_disjoint,cached_truncated_raw,132,-0.023853614926338196,-0.05028527230024338
lexical_disjoint,cached_truncated_raw,133,-0.023606546223163605,-0.049979470670223236
lexical_disjoint,cached_truncated_raw,134,-0.023819899186491966,-0.050252530723810196
lexical_disjoint,cached_truncated_raw,135,-0.023821648210287094,-0.05024823918938637
lexical_disjoint,cached_truncated_raw,136,-0.02401443012058735,-0.0505220890045166
lexical_disjoint,cached_truncated_raw,137,-0.023734863847494125,-0.05015721917152405
lexical_disjoint,cached_truncated_raw,138,-0.023766765370965004,-0.05016592517495155
lexical_disjoint,cached_truncated_raw,139,-0.023660002276301384,-0.05004226788878441
lexical_disjoint,cached_truncated_raw,140,-0.023818867281079292,-0.050256673246622086
lexical_disjoint,cached_truncated_raw,141,-0.02393060363829136,-0.05042855441570282
lexical_disjoint,cached_truncated_raw,142,-0.023777931928634644,-0.05020403861999512
lexical_disjoint,cached_truncated_raw,143,-0.02384842000901699,-0.050294775515794754
lexical_disjoint,cached_truncated_raw,144,-0.023779993876814842,-0.0502176508307457
lexical_disjoint,cached_truncated_raw,145,-0.02389882504940033,-0.05036604031920433
lexical_disjoint,cached_truncated_raw,146,-0.023717408999800682,-0.05010484158992767
lexical_disjoint,cached_truncated_raw,147,-0.023787114769220352,-0.05018176510930061
lexical_disjoint,cached_truncated_raw,148,-0.023737747222185135,-0.05012195557355881
lexical_disjoint,cached_truncated_raw,149,-0.023807810619473457,-0.05023110657930374
lexical_disjoint,cached_truncated_raw,150,-0.023492300882935524,-0.049805715680122375
lexical_disjoint,cached_truncated_raw,151,-0.0237275343388319,-0.05013010650873184
lexical_disjoint,cached_truncated_raw,152,-0.02365543693304062,-0.050039779394865036
lexical_disjoint,cached_truncated_raw,153,-0.02384081855416298,-0.05028712376952171
lexical_disjoint,cached_truncated_raw,154,-0.023914819583296776,-0.05038343369960785
lexical_disjoint,cached_truncated_raw,155,-0.023802652955055237,-0.05023261532187462
lexical_disjoint,cached_truncated_raw,156,-0.023811321705579758,-0.05024120956659317
lexical_disjoint,cached_truncated_raw,157,-0.023812010884284973,-0.050243910402059555
lexical_disjoint,cached_truncated_raw,158,-0.023722771555185318,-0.05012527480721474
lexical_disjoint,cached_truncated_raw,159,-0.023808928206562996,-0.05025223270058632
lexical_disjoint,cached_truncated_raw,160,-0.023681610822677612,-0.0500841848552227
lexical_disjoint,cached_truncated_raw,161,-0.023788990452885628,-0.0502164252102375
lexical_disjoint,cached_truncated_raw,162,-0.023729166015982628,-0.050156787037849426
lexical_disjoint,cached_truncated_raw,163,-0.02376905456185341,-0.05017424747347832
lexical_disjoint,cached_truncated_raw,164,-0.02376641519367695,-0.05018795654177666
lexical_disjoint,cached_truncated_raw,165,-0.02375202253460884,-0.050153449177742004
lexical_disjoint,cached_truncated_raw,166,-0.02372083067893982,-0.050106775015592575
lexical_disjoint,cached_truncated_raw,167,-0.023820549249649048,-0.0502362959086895
lexical_disjoint,cached_truncated_raw,168,-0.023839829489588737,-0.05030132457613945
lexical_disjoint,cached_truncated_raw,169,-0.023708343505859375,-0.05008583888411522
lexical_disjoint,cached_truncated_raw,170,-0.023841366171836853,-0.050289902836084366
lexical_disjoint,cached_truncated_raw,171,-0.023775137960910797,-0.050187643617391586
lexical_disjoint,cached_truncated_raw,172,-0.02365936152637005,-0.050036896020174026
lexical_disjoint,cached_truncated_raw,173,-0.023809293285012245,-0.0502377487719059
lexical_disjoint,cached_truncated_raw,174,-0.023778356611728668,-0.05018111690878868
lexical_disjoint,cached_truncated_raw,175,-0.023684700950980186,-0.050078436732292175
lexical_disjoint,cached_truncated_raw,176,-0.023928938433527946,-0.05040453374385834
lexical_disjoint,cached_truncated_raw,177,-0.02381235733628273,-0.05028029903769493
lexical_disjoint,cached_truncated_raw,178,-0.023754199966788292,-0.05015413463115692
lexical_disjoint,cached_truncated_raw,179,-0.02394505962729454,-0.05039311200380325
lexical_disjoint,cached_truncated_raw,180,-0.023931682109832764,-0.05041639134287834
lexical_disjoint,cached_truncated_raw,181,-0.023714570328593254,-0.050126757472753525
lexical_disjoint,cached_truncated_raw,182,-0.023829925805330276,-0.050263285636901855
lexical_disjoint,cached_truncated_raw,183,-0.023705216124653816,-0.05009550228714943
lexical_disjoint,cached_truncated_raw,184,-0.023804733529686928,-0.05023116245865822
lexical_disjoint,cached_truncated_raw,185,-0.023910479620099068,-0.05036414414644241
lexical_disjoint,cached_truncated_raw,186,-0.02377578616142273,-0.0502106137573719
lexical_disjoint,cached_truncated_raw,187,-0.02381511777639389,-0.05025334656238556
lexical_disjoint,cached_truncated_raw,188,-0.02376445382833481,-0.0501972995698452
lexical_disjoint,cached_truncated_raw,189,-0.023794768378138542,-0.05026967450976372
lexical_disjoint,cached_truncated_raw,190,-0.023735908791422844,-0.05015614628791809
lexical_disjoint,cached_truncated_raw,191,-0.023782089352607727,-0.05018195882439613
lexical_disjoint,cached_truncated_raw,192,-0.023680085316300392,-0.050058625638484955
lexical_disjoint,cached_truncated_raw,193,-0.023919640108942986,-0.050379347056150436
lexical_disjoint,cached_truncated_raw,194,-0.023805122822523117,-0.05022415891289711
lexical_disjoint,cached_truncated_raw,195,-0.023528937250375748,-0.049871452152729034
lexical_disjoint,cached_truncated_raw,196,-0.02380833402276039,-0.05023656040430069
lexical_disjoint,cached_truncated_raw,197,-0.023697681725025177,-0.0500749871134758
lexical_disjoint,cached_truncated_raw,198,-0.023803647607564926,-0.05023103207349777
lexical_disjoint,consistent_block_raw,0,-0.061633143573999405,-0.08693753182888031
lexical_disjoint,consistent_block_raw,1,-0.0615515373647213,-0.0868145003914833
lexical_disjoint,consistent_block_raw,2,-0.061708711087703705,-0.0870460495352745
lexical_disjoint,consistent_block_raw,3,-0.06167235225439072,-0.08703136444091797
lexical_disjoint,consistent_block_raw,4,-0.0615408718585968,-0.08684153109788895
lexical_disjoint,consistent_block_raw,5,-0.061693090945482254,-0.08702677488327026
lexical_disjoint,consistent_block_raw,6,-0.061726558953523636,-0.0870528444647789
lexical_disjoint,consistent_block_raw,7,-0.06172803416848183,-0.08708679676055908
lexical_disjoint,consistent_block_raw,8,-0.061473116278648376,-0.08672081679105759
lexical_disjoint,consistent_block_raw,9,-0.06180254742503166,-0.08717383444309235
lexical_disjoint,consistent_block_raw,10,-0.06161674112081528,-0.08693954348564148
lexical_disjoint,consistent_block_raw,11,-0.06167047470808029,-0.08701194077730179
lexical_disjoint,consistent_block_raw,12,-0.0616961345076561,-0.08703242987394333
lexical_disjoint,consistent_block_raw,13,-0.061536937952041626,-0.08681006729602814
lexical_disjoint,consistent_block_raw,14,-0.06164813041687012,-0.08697332441806793
lexical_disjoint,consistent_block_raw,15,-0.06156797334551811,-0.08687147498130798
lexical_disjoint,consistent_block_raw,16,-0.0617387481033802,-0.08709824085235596
lexical_disjoint,consistent_block_raw,17,-0.0615808479487896,-0.08688283711671829
lexical_disjoint,consistent_block_raw,18,-0.0617394894361496,-0.08710186183452606
lexical_disjoint,consistent_block_raw,19,-0.06188878044486046,-0.08728598803281784
lexical_disjoint,consistent_block_raw,20,-0.06169482693076134,-0.08702056109905243
lexical_disjoint,consistent_block_raw,21,-0.0618019700050354,-0.08716719597578049
lexical_disjoint,consistent_block_raw,22,-0.061782315373420715,-0.0871596485376358
lexical_disjoint,consistent_block_raw,23,-0.06157536804676056,-0.08689089864492416
lexical_disjoint,consistent_block_raw,24,-0.06179804727435112,-0.08715881407260895
lexical_disjoint,consistent_block_raw,25,-0.06155844032764435,-0.08684596419334412
lexical_disjoint,consistent_block_raw,26,-0.061758268624544144,-0.0871218740940094
lexical_disjoint,consistent_block_raw,27,-0.061847783625125885,-0.08724354952573776
lexical_disjoint,consistent_block_raw,28,-0.0618719682097435,-0.08729823678731918
lexical_disjoint,consistent_block_raw,29,-0.061730775982141495,-0.08708279579877853
lexical_disjoint,consistent_block_raw,30,-0.061483316123485565,-0.08671154826879501
lexical_disjoint,consistent_block_raw,31,-0.06172926351428032,-0.08711505681276321
lexical_disjoint,consistent_block_raw,32,-0.061609115451574326,-0.08690668642520905
lexical_disjoint,consistent_block_raw,33,-0.061657652258872986,-0.08699358254671097
lexical_disjoint,consistent_block_raw,34,-0.061806924641132355,-0.08722302317619324
lexical_disjoint,consistent_block_raw,35,-0.06155555695295334,-0.0868634358048439
lexical_disjoint,consistent_block_raw,36,-0.06165740638971329,-0.08696594089269638
lexical_disjoint,consistent_block_raw,37,-0.06157797574996948,-0.08686824142932892
lexical_disjoint,consistent_block_raw,38,-0.06165421009063721,-0.08699160069227219
lexical_disjoint,consistent_block_raw,39,-0.06164206191897392,-0.08696284145116806
lexical_disjoint,consistent_block_raw,40,-0.06162148714065552,-0.0869218185544014
lexical_disjoint,consistent_block_raw,41,-0.06156107410788536,-0.08684809505939484
lexical_disjoint,consistent_block_raw,42,-0.061795905232429504,-0.08716370165348053
lexical_disjoint,consistent_block_raw,43,-0.06176689267158508,-0.08713717013597488
lexical_disjoint,consistent_block_raw,44,-0.061675310134887695,-0.08703587204217911
lexical_disjoint,consistent_block_raw,45,-0.06167469918727875,-0.08699064701795578
lexical_disjoint,consistent_block_raw,46,-0.06167761608958244,-0.08700237423181534
lexical_disjoint,consistent_block_raw,47,-0.061452072113752365,-0.08668375015258789
lexical_disjoint,consistent_block_raw,48,-0.061673056334257126,-0.08697210252285004
lexical_disjoint,consistent_block_raw,49,-0.06190811097621918,-0.08735456317663193
lexical_disjoint,consistent_block_raw,50,-0.06188084930181503,-0.08728509396314621
lexical_disjoint,consistent_block_raw,51,-0.061801593750715256,-0.0871664360165596
lexical_disjoint,consistent_block_raw,52,-0.06149757653474808,-0.08674480020999908
lexical_disjoint,consistent_block_raw,53,-0.06161730736494064,-0.08693140745162964
lexical_disjoint,consistent_block_raw,54,-0.06159070134162903,-0.08689289540052414
lexical_disjoint,consistent_block_raw,55,-0.061771392822265625,-0.08714459091424942
lexical_disjoint,consistent_block_raw,56,-0.061656057834625244,-0.08697175979614258
lexical_disjoint,consistent_block_raw,57,-0.06167210265994072,-0.08694493770599365
lexical_disjoint,consistent_block_raw,58,-0.06169959530234337,-0.08703547716140747
lexical_disjoint,consistent_block_raw,59,-0.06168489158153534,-0.0870053842663765
lexical_disjoint,consistent_block_raw,60,-0.061649516224861145,-0.08692201226949692
lexical_disjoint,consistent_block_raw,61,-0.06164001300930977,-0.0869484543800354
lexical_disjoint,consistent_block_raw,62,-0.061670757830142975,-0.08698433637619019
lexical_disjoint,consistent_block_raw,63,-0.061660200357437134,-0.08696822077035904
lexical_disjoint,consistent_block_raw,64,-0.06159505620598793,-0.08689448982477188
lexical_disjoint,consistent_block_raw,65,-0.061569374054670334,-0.0868145301938057
lexical_disjoint,consistent_block_raw,66,-0.0617220401763916,-0.08706510066986084
lexical_disjoint,consistent_block_raw,67,-0.06173144280910492,-0.08708898723125458
lexical_disjoint,consistent_block_raw,68,-0.06174204498529434,-0.08712908625602722
lexical_disjoint,consistent_block_raw,69,-0.061633169651031494,-0.08695878088474274
lexical_disjoint,consistent_block_raw,70,-0.06172626465559006,-0.08708830922842026
lexical_disjoint,consistent_block_raw,71,-0.06151141598820686,-0.08679156005382538
lexical_disjoint,consistent_block_raw,72,-0.061809882521629333,-0.08723225444555283
lexical_disjoint,consistent_block_raw,73,-0.061923686414957047,-0.08733303844928741
lexical_disjoint,consistent_block_raw,74,-0.06169299781322479,-0.08702252060174942
lexical_disjoint,consistent_block_raw,75,-0.061671383678913116,-0.08697827160358429
lexical_disjoint,consistent_block_raw,76,-0.061739757657051086,-0.08704191446304321
lexical_disjoint,consistent_block_raw,77,-0.061603184789419174,-0.08690590411424637
lexical_disjoint,consistent_block_raw,78,-0.06172465905547142,-0.08705740422010422
lexical_disjoint,consistent_block_raw,79,-0.06168745830655098,-0.08702538907527924
lexical_disjoint,consistent_block_raw,80,-0.06164301186800003,-0.08692657202482224
lexical_disjoint,consistent_block_raw,81,-0.06166032329201698,-0.08699876815080643
lexical_disjoint,consistent_block_raw,82,-0.06162139028310776,-0.08695980906486511
lexical_disjoint,consistent_block_raw,83,-0.06155838444828987,-0.0868399441242218
lexical_disjoint,consistent_block_raw,84,-0.06165958568453789,-0.08699103444814682
lexical_disjoint,consistent_block_raw,85,-0.06169337406754494,-0.08702636510133743
lexical_disjoint,consistent_block_raw,86,-0.061768464744091034,-0.08711045980453491
lexical_disjoint,consistent_block_raw,87,-0.061582453548908234,-0.0868651419878006
lexical_disjoint,consistent_block_raw,88,-0.061515502631664276,-0.08681738376617432
lexical_disjoint,consistent_block_raw,89,-0.06181430444121361,-0.0871872827410698
lexical_disjoint,consistent_block_raw,90,-0.0617985799908638,-0.08718156814575195
lexical_disjoint,consistent_block_raw,91,-0.06178533658385277,-0.08714475482702255
lexical_disjoint,consistent_block_raw,92,-0.0616844967007637,-0.08705154061317444
lexical_disjoint,consistent_block_raw,93,-0.06180678308010101,-0.08718018978834152
lexical_disjoint,consistent_block_raw,94,-0.061733588576316833,-0.0871240496635437
lexical_disjoint,consistent_block_raw,95,-0.061613742262125015,-0.08691412955522537
lexical_disjoint,consistent_block_raw,96,-0.061683762818574905,-0.08701998740434647
lexical_disjoint,consistent_block_raw,97,-0.06171530485153198,-0.0870695486664772
lexical_disjoint,consistent_block_raw,98,-0.061643097549676895,-0.08696623891592026
lexical_disjoint,consistent_block_raw,99,-0.061625897884368896,-0.08693642169237137
lexical_disjoint,consistent_block_raw,100,-0.06183180585503578,-0.08720971643924713
lexical_disjoint,consistent_block_raw,101,-0.0616883859038353,-0.08697768300771713
lexical_disjoint,consistent_block_raw,102,-0.061678580939769745,-0.08697894960641861
lexical_disjoint,consistent_block_raw,103,-0.06168472394347191,-0.08701786398887634
lexical_disjoint,consistent_block_raw,104,-0.061656687408685684,-0.08700311928987503
lexical_disjoint,consistent_block_raw,105,-0.06177545711398125,-0.08712161332368851
lexical_disjoint,consistent_block_raw,106,-0.061714839190244675,-0.08702709525823593
lexical_disjoint,consistent_block_raw,107,-0.061649709939956665,-0.08694328367710114
lexical_disjoint,consistent_block_raw,108,-0.06188805028796196,-0.08732110261917114
lexical_disjoint,consistent_block_raw,109,-0.06167773902416229,-0.08701661229133606
lexical_disjoint,consistent_block_raw,110,-0.06199730560183525,-0.08744814246892929
lexical_disjoint,consistent_block_raw,111,-0.0616249144077301,-0.08691584318876266
lexical_disjoint,consistent_block_raw,112,-0.06160670518875122,-0.0869206041097641
lexical_disjoint,consistent_block_raw,113,-0.06178334355354309,-0.08714066445827484
lexical_disjoint,consistent_block_raw,114,-0.061907634139060974,-0.08732588589191437
lexical_disjoint,consistent_block_raw,115,-0.06173652410507202,-0.08709613978862762
lexical_disjoint,consistent_block_raw,116,-0.06168055534362793,-0.08699015527963638
lexical_disjoint,consistent_block_raw,117,-0.06150706857442856,-0.08679956197738647
lexical_disjoint,consistent_block_raw,118,-0.061767470091581345,-0.08714457601308823
lexical_disjoint,consistent_block_raw,119,-0.06159674748778343,-0.08688796311616898
lexical_disjoint,consistent_block_raw,120,-0.061892397701740265,-0.0873117446899414
lexical_disjoint,consistent_block_raw,121,-0.061668336391448975,-0.08704113215208054
lexical_disjoint,consistent_block_raw,122,-0.061531953513622284,-0.08682500571012497
lexical_disjoint,consistent_block_raw,123,-0.06166267395019531,-0.08700216561555862
lexical_disjoint,consistent_block_raw,124,-0.06166500225663185,-0.08699814975261688
lexical_disjoint,consistent_block_raw,125,-0.06186453625559807,-0.08725894242525101
lexical_disjoint,consistent_block_raw,126,-0.06165813282132149,-0.08697018027305603
lexical_disjoint,consistent_block_raw,127,-0.061594508588314056,-0.08686892688274384
lexical_disjoint,consistent_block_raw,128,-0.06156963109970093,-0.08683819323778152
lexical_disjoint,consistent_block_raw,129,-0.06174691766500473,-0.08710670471191406
lexical_disjoint,consistent_block_raw,130,-0.06177162006497383,-0.0871472880244255
lexical_disjoint,consistent_block_raw,131,-0.06168002262711525,-0.08700598776340485
lexical_disjoint,consistent_block_raw,132,-0.061751946806907654,-0.08709888905286789
lexical_disjoint,consistent_block_raw,133,-0.06170950084924698,-0.08705193549394608
lexical_disjoint,consistent_block_raw,134,-0.06156771630048752,-0.08683720976114273
lexical_disjoint,consistent_block_raw,135,-0.061706725507974625,-0.08702026307582855
lexical_disjoint,consistent_block_raw,136,-0.06163400784134865,-0.08694519847631454
lexical_disjoint,consistent_block_raw,137,-0.061779215931892395,-0.08714675903320312
lexical_disjoint,consistent_block_raw,138,-0.06162457913160324,-0.08693711459636688
lexical_disjoint,consistent_block_raw,139,-0.06167648732662201,-0.08696366846561432
lexical_disjoint,consistent_block_raw,140,-0.06185578182339668,-0.08729558438062668
lexical_disjoint,consistent_block_raw,141,-0.061737310141325,-0.08709896355867386
lexical_disjoint,consistent_block_raw,142,-0.06169996038079262,-0.08702144771814346
lexical_disjoint,consistent_block_raw,143,-0.061810001730918884,-0.08718714118003845
lexical_disjoint,consistent_block_raw,144,-0.06176663562655449,-0.08710767328739166
lexical_disjoint,consistent_block_raw,145,-0.06175337731838226,-0.0871158316731453
lexical_disjoint,consistent_block_raw,146,-0.061682507395744324,-0.08702248334884644
lexical_disjoint,consistent_block_raw,147,-0.061861056834459305,-0.08724146336317062
lexical_disjoint,consistent_block_raw,148,-0.06162947788834572,-0.08696746826171875
lexical_disjoint,consistent_block_raw,149,-0.061714135110378265,-0.08709096163511276
lexical_disjoint,consistent_block_raw,150,-0.061720725148916245,-0.08707746863365173
lexical_disjoint,consistent_block_raw,151,-0.06171676144003868,-0.08705458045005798
lexical_disjoint,consistent_block_raw,152,-0.06168495491147041,-0.08701180666685104
lexical_disjoint,consistent_block_raw,153,-0.06174658611416817,-0.08712384849786758
lexical_disjoint,consistent_block_raw,154,-0.06175810098648071,-0.08709735423326492
lexical_disjoint,consistent_block_raw,155,-0.06167471036314964,-0.08703028410673141
lexical_disjoint,consistent_block_raw,156,-0.06157038360834122,-0.08685086667537689
lexical_disjoint,consistent_block_raw,157,-0.06174427270889282,-0.08705046027898788
lexical_disjoint,consistent_block_raw,158,-0.06168161332607269,-0.08701089769601822
lexical_disjoint,consistent_block_raw,159,-0.06158764287829399,-0.08686556667089462
lexical_disjoint,consistent_block_raw,160,-0.061781808733940125,-0.08716978877782822
lexical_disjoint,consistent_block_raw,161,-0.06179536134004593,-0.08719441294670105
lexical_disjoint,consistent_block_raw,162,-0.06168762966990471,-0.08702294528484344
lexical_disjoint,consistent_block_raw,163,-0.06169318035244942,-0.08703618496656418
lexical_disjoint,consistent_block_raw,164,-0.061454758048057556,-0.08668266236782074
lexical_disjoint,consistent_block_raw,165,-0.06170576810836792,-0.08709003031253815
lexical_disjoint,consistent_block_raw,166,-0.06169118359684944,-0.08701874315738678
lexical_disjoint,consistent_block_raw,167,-0.06163454055786133,-0.08695327490568161
lexical_disjoint,consistent_block_raw,168,-0.06179370358586311,-0.08716852217912674
lexical_disjoint,consistent_block_raw,169,-0.061695072799921036,-0.08706264197826385
lexical_disjoint,consistent_block_raw,170,-0.06172223389148712,-0.0870632529258728
lexical_disjoint,consistent_block_raw,171,-0.061673931777477264,-0.08702398091554642
lexical_disjoint,consistent_block_raw,172,-0.06173811852931976,-0.0871124416589737
lexical_disjoint,consistent_block_raw,173,-0.06188995763659477,-0.08730090409517288
lexical_disjoint,consistent_block_raw,174,-0.06167790666222572,-0.08698226511478424
lexical_disjoint,consistent_block_raw,175,-0.06178315728902817,-0.08713404089212418
lexical_disjoint,consistent_block_raw,176,-0.06154944747686386,-0.08680607378482819
lexical_disjoint,consistent_block_raw,177,-0.0617191344499588,-0.08708501607179642
lexical_disjoint,consistent_block_raw,178,-0.06175336614251137,-0.0871051773428917
lexical_disjoint,consistent_block_raw,179,-0.061546824872493744,-0.08680777996778488
lexical_disjoint,consistent_block_raw,180,-0.06167753040790558,-0.08700592815876007
lexical_disjoint,consistent_block_raw,181,-0.06179314851760864,-0.08714929223060608
lexical_disjoint,consistent_block_raw,182,-0.06183435767889023,-0.08722309023141861
lexical_disjoint,consistent_block_raw,183,-0.06158491596579552,-0.08685467392206192
lexical_disjoint,consistent_block_raw,184,-0.06151752173900604,-0.08676642924547195
lexical_disjoint,consistent_block_raw,185,-0.0619170106947422,-0.08732757717370987
lexical_disjoint,consistent_block_raw,186,-0.06163914129137993,-0.08695391565561295
lexical_disjoint,consistent_block_raw,187,-0.061666250228881836,-0.08701805770397186
lexical_disjoint,consistent_block_raw,188,-0.06187184154987335,-0.0872865691781044
lexical_disjoint,consistent_block_raw,189,-0.061619214713573456,-0.08688004314899445
lexical_disjoint,consistent_block_raw,190,-0.06142037361860275,-0.08661691844463348
lexical_disjoint,consistent_block_raw,191,-0.06165086105465889,-0.08692434430122375
lexical_disjoint,consistent_block_raw,192,-0.06178264319896698,-0.08715197443962097
lexical_disjoint,consistent_block_raw,193,-0.06178348511457443,-0.0871640220284462
lexical_disjoint,consistent_block_raw,194,-0.06189441680908203,-0.08728940784931183
lexical_disjoint,consistent_block_raw,195,-0.06165623292326927,-0.08697924017906189
lexical_disjoint,consistent_block_raw,196,-0.06187138333916664,-0.08729255199432373
lexical_disjoint,consistent_block_raw,197,-0.06169520318508148,-0.0870363861322403
lexical_disjoint,consistent_block_raw,198,-0.061486147344112396,-0.08671820908784866
lexical_disjoint,common_rmsnorm,0,-0.20233729481697083,-0.3432849943637848
lexical_disjoint,common_rmsnorm,1,-0.20232152938842773,-0.3432818353176117
lexical_disjoint,common_rmsnorm,2,-0.20251204073429108,-0.34358882904052734
lexical_disjoint,common_rmsnorm,3,-0.2028367668390274,-0.34402284026145935
lexical_disjoint,common_rmsnorm,4,-0.20247572660446167,-0.3434731066226959
lexical_disjoint,common_rmsnorm,5,-0.20239587128162384,-0.343370646238327
lexical_disjoint,common_rmsnorm,6,-0.20260052382946014,-0.34377631545066833
lexical_disjoint,common_rmsnorm,7,-0.20250609517097473,-0.3433237373828888
lexical_disjoint,common_rmsnorm,8,-0.20203867554664612,-0.3426876664161682
lexical_disjoint,common_rmsnorm,9,-0.20241107046604156,-0.34326890110969543
lexical_disjoint,common_rmsnorm,10,-0.2019209861755371,-0.34254446625709534
lexical_disjoint,common_rmsnorm,11,-0.20234012603759766,-0.34324565529823303
lexical_disjoint,common_rmsnorm,12,-0.20233605802059174,-0.3432121276855469
lexical_disjoint,common_rmsnorm,13,-0.2027481645345688,-0.34389612078666687
lexical_disjoint,common_rmsnorm,14,-0.20211510360240936,-0.34289777278900146
lexical_disjoint,common_rmsnorm,15,-0.20228323340415955,-0.34321871399879456
lexical_disjoint,common_rmsnorm,16,-0.20256483554840088,-0.3435957431793213
lexical_disjoint,common_rmsnorm,17,-0.20254471898078918,-0.3436887264251709
lexical_disjoint,common_rmsnorm,18,-0.20227405428886414,-0.3431929647922516
lexical_disjoint,common_rmsnorm,19,-0.20219090580940247,-0.343025803565979
lexical_disjoint,common_rmsnorm,20,-0.20241670310497284,-0.3433377742767334
lexical_disjoint,common_rmsnorm,21,-0.20229069888591766,-0.3433016836643219
lexical_disjoint,common_rmsnorm,22,-0.20292863249778748,-0.3441670536994934
lexical_disjoint,common_rmsnorm,23,-0.20240704715251923,-0.3434170186519623
lexical_disjoint,common_rmsnorm,24,-0.2024764120578766,-0.3435119390487671
lexical_disjoint,common_rmsnorm,25,-0.20286135375499725,-0.3440742492675781
lexical_disjoint,common_rmsnorm,26,-0.20223191380500793,-0.3429904282093048
lexical_disjoint,common_rmsnorm,27,-0.20273754000663757,-0.34379398822784424
lexical_disjoint,common_rmsnorm,28,-0.20240506529808044,-0.34320685267448425
lexical_disjoint,common_rmsnorm,29,-0.20234116911888123,-0.3432368040084839
lexical_disjoint,common_rmsnorm,30,-0.20190463960170746,-0.3424281179904938
lexical_disjoint,common_rmsnorm,31,-0.20218028128147125,-0.3429163992404938
lexical_disjoint,common_rmsnorm,32,-0.20275384187698364,-0.3440033495426178
lexical_disjoint,common_rmsnorm,33,-0.20231574773788452,-0.3431933522224426
lexical_disjoint,common_rmsnorm,34,-0.2022526115179062,-0.3431377410888672
lexical_disjoint,common_rmsnorm,35,-0.20231901109218597,-0.3432382345199585
lexical_disjoint,common_rmsnorm,36,-0.20234033465385437,-0.3432164788246155
lexical_disjoint,common_rmsnorm,37,-0.20283572375774384,-0.34429436922073364
lexical_disjoint,common_rmsnorm,38,-0.2019328624010086,-0.34263789653778076
lexical_disjoint,common_rmsnorm,39,-0.20205721259117126,-0.34283316135406494
lexical_disjoint,common_rmsnorm,40,-0.20221778750419617,-0.34310972690582275
lexical_disjoint,common_rmsnorm,41,-0.2026088386774063,-0.3436940610408783
lexical_disjoint,common_rmsnorm,42,-0.20270542800426483,-0.3439047932624817
lexical_disjoint,common_rmsnorm,43,-0.20298758149147034,-0.34429931640625
lexical_disjoint,common_rmsnorm,44,-0.20266956090927124,-0.3438454270362854
lexical_disjoint,common_rmsnorm,45,-0.2021949142217636,-0.34298139810562134
lexical_disjoint,common_rmsnorm,46,-0.20293472707271576,-0.3442651629447937
lexical_disjoint,common_rmsnorm,47,-0.2021682858467102,-0.3429376482963562
lexical_disjoint,common_rmsnorm,48,-0.2022116631269455,-0.34299394488334656
lexical_disjoint,common_rmsnorm,49,-0.20234836637973785,-0.34310296177864075
lexical_disjoint,common_rmsnorm,50,-0.20208992063999176,-0.3429369628429413
lexical_disjoint,common_rmsnorm,51,-0.2023477852344513,-0.3433060944080353
lexical_disjoint,common_rmsnorm,52,-0.20239105820655823,-0.34328052401542664
lexical_disjoint,common_rmsnorm,53,-0.20245741307735443,-0.3433469235897064
lexical_disjoint,common_rmsnorm,54,-0.2021327018737793,-0.34294500946998596
lexical_disjoint,common_rmsnorm,55,-0.20197394490242004,-0.3428192734718323
lexical_disjoint,common_rmsnorm,56,-0.20217165350914001,-0.34289661049842834
lexical_disjoint,common_rmsnorm,57,-0.20336370170116425,-0.34498563408851624
lexical_disjoint,common_rmsnorm,58,-0.20223544538021088,-0.3430733382701874
lexical_disjoint,common_rmsnorm,59,-0.202384814620018,-0.34329238533973694
lexical_disjoint,common_rmsnorm,60,-0.20221367478370667,-0.34308964014053345
lexical_disjoint,common_rmsnorm,61,-0.20249933004379272,-0.3434557616710663
lexical_disjoint,common_rmsnorm,62,-0.2024584263563156,-0.34356755018234253
lexical_disjoint,common_rmsnorm,63,-0.20228241384029388,-0.3432738780975342
lexical_disjoint,common_rmsnorm,64,-0.20270894467830658,-0.34383368492126465
lexical_disjoint,common_rmsnorm,65,-0.20180965960025787,-0.34236136078834534
lexical_disjoint,common_rmsnorm,66,-0.20225979387760162,-0.34310731291770935
lexical_disjoint,common_rmsnorm,67,-0.2025754153728485,-0.34376242756843567
lexical_disjoint,common_rmsnorm,68,-0.20226313173770905,-0.34308674931526184
lexical_disjoint,common_rmsnorm,69,-0.20251131057739258,-0.34346815943717957
lexical_disjoint,common_rmsnorm,70,-0.20209571719169617,-0.34274226427078247
lexical_disjoint,common_rmsnorm,71,-0.2021877020597458,-0.34306174516677856
lexical_disjoint,common_rmsnorm,72,-0.2024715095758438,-0.3434952199459076
lexical_disjoint,common_rmsnorm,73,-0.20275849103927612,-0.3439154624938965
lexical_disjoint,common_rmsnorm,74,-0.2023967206478119,-0.34331247210502625
lexical_disjoint,common_rmsnorm,75,-0.2026040256023407,-0.34371259808540344
lexical_disjoint,common_rmsnorm,76,-0.20210447907447815,-0.3427954912185669
lexical_disjoint,common_rmsnorm,77,-0.2020324319601059,-0.34283989667892456
lexical_disjoint,common_rmsnorm,78,-0.2020965814590454,-0.34284430742263794
lexical_disjoint,common_rmsnorm,79,-0.20221732556819916,-0.34307771921157837
lexical_disjoint,common_rmsnorm,80,-0.20247745513916016,-0.3434610962867737
lexical_disjoint,common_rmsnorm,81,-0.20210184156894684,-0.3428172767162323
lexical_disjoint,common_rmsnorm,82,-0.20238237082958221,-0.3433035612106323
lexical_disjoint,common_rmsnorm,83,-0.20245933532714844,-0.3436003029346466
lexical_disjoint,common_rmsnorm,84,-0.20209866762161255,-0.342849999666214
lexical_disjoint,common_rmsnorm,85,-0.2022468000650406,-0.3429490029811859
lexical_disjoint,common_rmsnorm,86,-0.2026316374540329,-0.343752920627594
lexical_disjoint,common_rmsnorm,87,-0.2023037075996399,-0.34318453073501587
lexical_disjoint,common_rmsnorm,88,-0.20226214826107025,-0.34302419424057007
lexical_disjoint,common_rmsnorm,89,-0.20211295783519745,-0.3428039252758026
lexical_disjoint,common_rmsnorm,90,-0.20239435136318207,-0.3434198200702667
lexical_disjoint,common_rmsnorm,91,-0.2024085968732834,-0.34321776032447815
lexical_disjoint,common_rmsnorm,92,-0.20263072848320007,-0.3437480628490448
lexical_disjoint,common_rmsnorm,93,-0.202260360121727,-0.3431706726551056
lexical_disjoint,common_rmsnorm,94,-0.20261260867118835,-0.3437511622905731
lexical_disjoint,common_rmsnorm,95,-0.20258210599422455,-0.3435785472393036
lexical_disjoint,common_rmsnorm,96,-0.20264571905136108,-0.3436678946018219
lexical_disjoint,common_rmsnorm,97,-0.20228472352027893,-0.34334906935691833
lexical_disjoint,common_rmsnorm,98,-0.20201434195041656,-0.34260156750679016
lexical_disjoint,common_rmsnorm,99,-0.20265938341617584,-0.3437572121620178
lexical_disjoint,common_rmsnorm,100,-0.20245261490345,-0.3433651030063629
lexical_disjoint,common_rmsnorm,101,-0.2025524377822876,-0.34358757734298706
lexical_disjoint,common_rmsnorm,102,-0.2025294154882431,-0.343478262424469
lexical_disjoint,common_rmsnorm,103,-0.20232009887695312,-0.3431765139102936
lexical_disjoint,common_rmsnorm,104,-0.20270556211471558,-0.3438362777233124
lexical_disjoint,common_rmsnorm,105,-0.20196497440338135,-0.3426051735877991
lexical_disjoint,common_rmsnorm,106,-0.20237372815608978,-0.3433676064014435
lexical_disjoint,common_rmsnorm,107,-0.2023300677537918,-0.3432314991950989
lexical_disjoint,common_rmsnorm,108,-0.20170094072818756,-0.34219688177108765
lexical_disjoint,common_rmsnorm,109,-0.20251092314720154,-0.34359148144721985
lexical_disjoint,common_rmsnorm,110,-0.20254936814308167,-0.3436180055141449
lexical_disjoint,common_rmsnorm,111,-0.20226043462753296,-0.3431289792060852
lexical_disjoint,common_rmsnorm,112,-0.20208266377449036,-0.34278443455696106
lexical_disjoint,common_rmsnorm,113,-0.20238031446933746,-0.3432466387748718
lexical_disjoint,common_rmsnorm,114,-0.20198187232017517,-0.34262561798095703
lexical_disjoint,common_rmsnorm,115,-0.20259340107440948,-0.34370940923690796
lexical_disjoint,common_rmsnorm,116,-0.20269280672073364,-0.34375789761543274
lexical_disjoint,common_rmsnorm,117,-0.20249491930007935,-0.34350740909576416
lexical_disjoint,common_rmsnorm,118,-0.20182718336582184,-0.3424522578716278
lexical_disjoint,common_rmsnorm,119,-0.20253418385982513,-0.3435087203979492
lexical_disjoint,common_rmsnorm,120,-0.20224080979824066,-0.3430325388908386
lexical_disjoint,common_rmsnorm,121,-0.202352374792099,-0.3432023823261261
lexical_disjoint,common_rmsnorm,122,-0.20219317078590393,-0.34295785427093506
lexical_disjoint,common_rmsnorm,123,-0.20206715166568756,-0.3427806496620178
lexical_disjoint,common_rmsnorm,124,-0.20222987234592438,-0.34314364194869995
lexical_disjoint,common_rmsnorm,125,-0.20210246741771698,-0.34277141094207764
lexical_disjoint,common_rmsnorm,126,-0.2020958513021469,-0.34304550290107727
lexical_disjoint,common_rmsnorm,127,-0.2023790031671524,-0.34319403767585754
lexical_disjoint,common_rmsnorm,128,-0.20198270678520203,-0.3426881432533264
lexical_disjoint,common_rmsnorm,129,-0.2027304768562317,-0.34388211369514465
lexical_disjoint,common_rmsnorm,130,-0.20222428441047668,-0.3429699242115021
lexical_disjoint,common_rmsnorm,131,-0.20225901901721954,-0.34308549761772156
lexical_disjoint,common_rmsnorm,132,-0.202216237783432,-0.34299880266189575
lexical_disjoint,common_rmsnorm,133,-0.20225897431373596,-0.34313082695007324
lexical_disjoint,common_rmsnorm,134,-0.20223136246204376,-0.3429601192474365
lexical_disjoint,common_rmsnorm,135,-0.20243683457374573,-0.3433361351490021
lexical_disjoint,common_rmsnorm,136,-0.20242555439472198,-0.34344854950904846
lexical_disjoint,common_rmsnorm,137,-0.2024882286787033,-0.34350958466529846
lexical_disjoint,common_rmsnorm,138,-0.2021118402481079,-0.3430371880531311
lexical_disjoint,common_rmsnorm,139,-0.2023632973432541,-0.34331774711608887
lexical_disjoint,common_rmsnorm,140,-0.2023129016160965,-0.34315621852874756
lexical_disjoint,common_rmsnorm,141,-0.20209425687789917,-0.3428819179534912
lexical_disjoint,common_rmsnorm,142,-0.20278090238571167,-0.34397822618484497
lexical_disjoint,common_rmsnorm,143,-0.20207209885120392,-0.3428958058357239
lexical_disjoint,common_rmsnorm,144,-0.20256315171718597,-0.34359630942344666
lexical_disjoint,common_rmsnorm,145,-0.20230942964553833,-0.34332075715065
lexical_disjoint,common_rmsnorm,146,-0.202241450548172,-0.3430613577365875
lexical_disjoint,common_rmsnorm,147,-0.20244398713111877,-0.34336426854133606
lexical_disjoint,common_rmsnorm,148,-0.20209917426109314,-0.3428237736225128
lexical_disjoint,common_rmsnorm,149,-0.20263797044754028,-0.3436810374259949
lexical_disjoint,common_rmsnorm,150,-0.2029525637626648,-0.3441319465637207
lexical_disjoint,common_rmsnorm,151,-0.2020609825849533,-0.34282946586608887
lexical_disjoint,common_rmsnorm,152,-0.20251810550689697,-0.3435688614845276
lexical_disjoint,common_rmsnorm,153,-0.20228606462478638,-0.3432677388191223
lexical_disjoint,common_rmsnorm,154,-0.20303712785243988,-0.34449562430381775
lexical_disjoint,common_rmsnorm,155,-0.20210041105747223,-0.3429473042488098
lexical_disjoint,common_rmsnorm,156,-0.20242418348789215,-0.34331461787223816
lexical_disjoint,common_rmsnorm,157,-0.20260176062583923,-0.3436211049556732
lexical_disjoint,common_rmsnorm,158,-0.2017388641834259,-0.342216432094574
lexical_disjoint,common_rmsnorm,159,-0.20238913595676422,-0.3432224690914154
lexical_disjoint,common_rmsnorm,160,-0.20222654938697815,-0.3431827127933502
lexical_disjoint,common_rmsnorm,161,-0.20220492780208588,-0.34298181533813477
lexical_disjoint,common_rmsnorm,162,-0.20245593786239624,-0.34342700242996216
lexical_disjoint,common_rmsnorm,163,-0.20246881246566772,-0.3436044156551361
lexical_disjoint,common_rmsnorm,164,-0.202352374792099,-0.34322917461395264
lexical_disjoint,common_rmsnorm,165,-0.20227746665477753,-0.34314894676208496
lexical_disjoint,common_rmsnorm,166,-0.20208023488521576,-0.3427809476852417
lexical_disjoint,common_rmsnorm,167,-0.20242546498775482,-0.343380331993103
lexical_disjoint,common_rmsnorm,168,-0.20199522376060486,-0.3427659571170807
lexical_disjoint,common_rmsnorm,169,-0.2023618370294571,-0.3433617949485779
lexical_disjoint,common_rmsnorm,170,-0.20272639393806458,-0.3436915874481201
lexical_disjoint,common_rmsnorm,171,-0.20292623341083527,-0.34423354268074036
lexical_disjoint,common_rmsnorm,172,-0.20230911672115326,-0.3433344066143036
lexical_disjoint,common_rmsnorm,173,-0.2026529610157013,-0.3436877131462097
lexical_disjoint,common_rmsnorm,174,-0.2026124745607376,-0.34366583824157715
lexical_disjoint,common_rmsnorm,175,-0.20242725312709808,-0.34341660141944885
lexical_disjoint,common_rmsnorm,176,-0.20253504812717438,-0.3436201810836792
lexical_disjoint,common_rmsnorm,177,-0.20242296159267426,-0.3433848023414612
lexical_disjoint,common_rmsnorm,178,-0.20248521864414215,-0.34345343708992004
lexical_disjoint,common_rmsnorm,179,-0.20247918367385864,-0.34338274598121643
lexical_disjoint,common_rmsnorm,180,-0.20234739780426025,-0.3432820737361908
lexical_disjoint,common_rmsnorm,181,-0.20235078036785126,-0.3432798981666565
lexical_disjoint,common_rmsnorm,182,-0.20230664312839508,-0.3430275022983551
lexical_disjoint,common_rmsnorm,183,-0.20261873304843903,-0.34369656443595886
lexical_disjoint,common_rmsnorm,184,-0.20226344466209412,-0.3431466221809387
lexical_disjoint,common_rmsnorm,185,-0.20257055759429932,-0.34368088841438293
lexical_disjoint,common_rmsnorm,186,-0.20206792652606964,-0.342661589384079
lexical_disjoint,common_rmsnorm,187,-0.2021583467721939,-0.3430212438106537
lexical_disjoint,common_rmsnorm,188,-0.2024432122707367,-0.34349626302719116
lexical_disjoint,common_rmsnorm,189,-0.20228922367095947,-0.34307199716567993
lexical_disjoint,common_rmsnorm,190,-0.2022498995065689,-0.34309449791908264
lexical_disjoint,common_rmsnorm,191,-0.2027437537908554,-0.3438442647457123
lexical_disjoint,common_rmsnorm,192,-0.20255093276500702,-0.34354615211486816
lexical_disjoint,common_rmsnorm,193,-0.2023964375257492,-0.3432686924934387
lexical_disjoint,common_rmsnorm,194,-0.20234939455986023,-0.3432098627090454
lexical_disjoint,common_rmsnorm,195,-0.20219875872135162,-0.343089759349823
lexical_disjoint,common_rmsnorm,196,-0.2021501213312149,-0.34295910596847534
lexical_disjoint,common_rmsnorm,197,-0.20253194868564606,-0.34359219670295715
lexical_disjoint,common_rmsnorm,198,-0.20284512639045715,-0.34401869773864746
addition_disjoint,cached_mixed_raw,0,0.06660071760416031,0.08413879573345184
addition_disjoint,cached_mixed_raw,1,0.06652294844388962,0.08402537554502487
addition_disjoint,cached_mixed_raw,2,0.0665748193860054,0.0841057300567627
addition_disjoint,cached_mixed_raw,3,0.06679525971412659,0.08437719941139221
addition_disjoint,cached_mixed_raw,4,0.0668579712510109,0.08452007919549942
addition_disjoint,cached_mixed_raw,5,0.06711623072624207,0.08484745025634766
addition_disjoint,cached_mixed_raw,6,0.06689078360795975,0.08454461395740509
addition_disjoint,cached_mixed_raw,7,0.06689758598804474,0.08453524857759476
addition_disjoint,cached_mixed_raw,8,0.06676788628101349,0.08434609323740005
addition_disjoint,cached_mixed_raw,9,0.0668916404247284,0.08453832566738129
addition_disjoint,cached_mixed_raw,10,0.06681756675243378,0.08447496592998505
addition_disjoint,cached_mixed_raw,11,0.06684473901987076,0.08449231833219528
addition_disjoint,cached_mixed_raw,12,0.06678053736686707,0.0843876525759697
addition_disjoint,cached_mixed_raw,13,0.0667848140001297,0.08440090715885162
addition_disjoint,cached_mixed_raw,14,0.06701809167861938,0.08469749987125397
addition_disjoint,cached_mixed_raw,15,0.06696680933237076,0.0846780389547348
addition_disjoint,cached_mixed_raw,16,0.0665692389011383,0.08408866822719574
addition_disjoint,cached_mixed_raw,17,0.06678633391857147,0.08436465263366699
addition_disjoint,cached_mixed_raw,18,0.06703583896160126,0.08472240716218948
addition_disjoint,cached_mixed_raw,19,0.06679140776395798,0.08438634872436523
addition_disjoint,cached_mixed_raw,20,0.06717642396688461,0.08494484424591064
addition_disjoint,cached_mixed_raw,21,0.06662685424089432,0.08415735512971878
addition_disjoint,cached_mixed_raw,22,0.0668652281165123,0.08451278507709503
addition_disjoint,cached_mixed_raw,23,0.06703200936317444,0.08473864197731018
addition_disjoint,cached_mixed_raw,24,0.06688999384641647,0.08457300812005997
addition_disjoint,cached_mixed_raw,25,0.06671518832445145,0.0843094140291214
addition_disjoint,cached_mixed_raw,26,0.06682448089122772,0.08443424850702286
addition_disjoint,cached_mixed_raw,27,0.06664921343326569,0.08419664204120636
addition_disjoint,cached_mixed_raw,28,0.06681214272975922,0.084439218044281
addition_disjoint,cached_mixed_raw,29,0.06674586236476898,0.0843619555234909
addition_disjoint,cached_mixed_raw,30,0.06712009012699127,0.08488330245018005
addition_disjoint,cached_mixed_raw,31,0.06689955294132233,0.08454930782318115
addition_disjoint,cached_mixed_raw,32,0.0666789785027504,0.08425026386976242
addition_disjoint,cached_mixed_raw,33,0.06673488020896912,0.08433271944522858
addition_disjoint,cached_mixed_raw,34,0.0666949599981308,0.08425985276699066
addition_disjoint,cached_mixed_raw,35,0.06665535271167755,0.08418259024620056
addition_disjoint,cached_mixed_raw,36,0.06664241850376129,0.08420487493276596
addition_disjoint,cached_mixed_raw,37,0.06649657338857651,0.08396245539188385
addition_disjoint,cached_mixed_raw,38,0.0670061707496643,0.08469162881374359
addition_disjoint,cached_mixed_raw,39,0.06671841442584991,0.0843101441860199
addition_disjoint,cached_mixed_raw,40,0.06680750101804733,0.08443363010883331
addition_disjoint,cached_mixed_raw,41,0.06702076643705368,0.08475306630134583
addition_disjoint,cached_mixed_raw,42,0.06682602316141129,0.08445827662944794
addition_disjoint,cached_mixed_raw,43,0.06702358275651932,0.08472705632448196
addition_disjoint,cached_mixed_raw,44,0.06662840396165848,0.08416315913200378
addition_disjoint,cached_mixed_raw,45,0.06665249168872833,0.08424253761768341
addition_disjoint,cached_mixed_raw,46,0.06687223166227341,0.08450716733932495
addition_disjoint,cached_mixed_raw,47,0.06692281365394592,0.08459771424531937
addition_disjoint,cached_mixed_raw,48,0.06670953333377838,0.08427190035581589
addition_disjoint,cached_mixed_raw,49,0.06698941439390182,0.08472950756549835
addition_disjoint,cached_mixed_raw,50,0.0667763352394104,0.08439625799655914
addition_disjoint,cached_mixed_raw,51,0.06714367121458054,0.08490032702684402
addition_disjoint,cached_mixed_raw,52,0.06695418804883957,0.0846298411488533
addition_disjoint,cached_mixed_raw,53,0.06708322465419769,0.0848095715045929
addition_disjoint,cached_mixed_raw,54,0.06662634760141373,0.08420082926750183
addition_disjoint,cached_mixed_raw,55,0.06702058017253876,0.08471601456403732
addition_disjoint,cached_mixed_raw,56,0.06701213866472244,0.08472108095884323
addition_disjoint,cached_mixed_raw,57,0.06673289835453033,0.0843234583735466
addition_disjoint,cached_mixed_raw,58,0.06664391607046127,0.08420473337173462
addition_disjoint,cached_mixed_raw,59,0.06672465056180954,0.08430053293704987
addition_disjoint,cached_mixed_raw,60,0.06718567758798599,0.08495234698057175
addition_disjoint,cached_mixed_raw,61,0.06686367094516754,0.08451534807682037
addition_disjoint,cached_mixed_raw,62,0.06684665381908417,0.08450213074684143
addition_disjoint,cached_mixed_raw,63,0.06707797199487686,0.08480419963598251
addition_disjoint,cached_mixed_raw,64,0.06681379675865173,0.0844341441988945
addition_disjoint,cached_mixed_raw,65,0.06687240302562714,0.08453651517629623
addition_disjoint,cached_mixed_raw,66,0.06641124933958054,0.08387898653745651
addition_disjoint,cached_mixed_raw,67,0.06667274981737137,0.08423338830471039
addition_disjoint,cached_mixed_raw,68,0.06682155281305313,0.08446121960878372
addition_disjoint,cached_mixed_raw,69,0.06669418513774872,0.08430502563714981
addition_disjoint,cached_mixed_raw,70,0.06660987436771393,0.08414967358112335
addition_disjoint,cached_mixed_raw,71,0.06698037683963776,0.08466275781393051
addition_disjoint,cached_mixed_raw,72,0.06698339432477951,0.08465258032083511
addition_disjoint,cached_mixed_raw,73,0.06671580672264099,0.08430443704128265
addition_disjoint,cached_mixed_raw,74,0.06688521057367325,0.08455795049667358
addition_disjoint,cached_mixed_raw,75,0.06683899462223053,0.08450309187173843
addition_disjoint,cached_mixed_raw,76,0.06689992547035217,0.08455847948789597
addition_disjoint,cached_mixed_raw,77,0.06663788855075836,0.08420000970363617
addition_disjoint,cached_mixed_raw,78,0.06708857417106628,0.0848308578133583
addition_disjoint,cached_mixed_raw,79,0.06712108850479126,0.08487431704998016
addition_disjoint,cached_mixed_raw,80,0.06673974543809891,0.08433233946561813
addition_disjoint,cached_mixed_raw,81,0.0667700320482254,0.08438225090503693
addition_disjoint,cached_mixed_raw,82,0.06692899018526077,0.08458514511585236
addition_disjoint,cached_mixed_raw,83,0.06702636927366257,0.08472177386283875
addition_disjoint,cached_mixed_raw,84,0.06672733277082443,0.08430266380310059
addition_disjoint,cached_mixed_raw,85,0.06665469706058502,0.08418119698762894
addition_disjoint,cached_mixed_raw,86,0.06704024970531464,0.08476071804761887
addition_disjoint,cached_mixed_raw,87,0.0668487623333931,0.08451537042856216
addition_disjoint,cached_mixed_raw,88,0.06675400584936142,0.08435826748609543
addition_disjoint,cached_mixed_raw,89,0.06721404939889908,0.08499003946781158
addition_disjoint,cached_mixed_raw,90,0.06694717705249786,0.08464256674051285
addition_disjoint,cached_mixed_raw,91,0.0666147992014885,0.08415114134550095
addition_disjoint,cached_mixed_raw,92,0.06678947061300278,0.08442369848489761
addition_disjoint,cached_mixed_raw,93,0.06689466536045074,0.08455932140350342
addition_disjoint,cached_mixed_raw,94,0.06678210943937302,0.08440392464399338
addition_disjoint,cached_mixed_raw,95,0.0667242482304573,0.08434756845235825
addition_disjoint,cached_mixed_raw,96,0.06679389625787735,0.08444931358098984
addition_disjoint,cached_mixed_raw,97,0.06689953058958054,0.08457455039024353
addition_disjoint,cached_mixed_raw,98,0.06665697693824768,0.08417712152004242
addition_disjoint,cached_mixed_raw,99,0.06687397509813309,0.08451546728610992
addition_disjoint,cached_mixed_raw,100,0.06691400706768036,0.0845654159784317
addition_disjoint,cached_mixed_raw,101,0.06672900170087814,0.08434264361858368
addition_disjoint,cached_mixed_raw,102,0.06701355427503586,0.08471734821796417
addition_disjoint,cached_mixed_raw,103,0.06667152792215347,0.08426635712385178
addition_disjoint,cached_mixed_raw,104,0.06686362624168396,0.08449938148260117
addition_disjoint,cached_mixed_raw,105,0.06665908545255661,0.08423461019992828
addition_disjoint,cached_mixed_raw,106,0.0664992406964302,0.08400416374206543
addition_disjoint,cached_mixed_raw,107,0.06654036790132523,0.08404648303985596
addition_disjoint,cached_mixed_raw,108,0.06682488322257996,0.08446544408798218
addition_disjoint,cached_mixed_raw,109,0.06678404659032822,0.08438702672719955
addition_disjoint,cached_mixed_raw,110,0.06691472977399826,0.08462034165859222
addition_disjoint,cached_mixed_raw,111,0.06712847948074341,0.08488364517688751
addition_disjoint,cached_mixed_raw,112,0.06652752310037613,0.08405344188213348
addition_disjoint,cached_mixed_raw,113,0.06677056849002838,0.08438262343406677
addition_disjoint,cached_mixed_raw,114,0.06684713065624237,0.08450940251350403
addition_disjoint,cached_mixed_raw,115,0.06662280857563019,0.08417479693889618
addition_disjoint,cached_mixed_raw,116,0.06692352890968323,0.08459494262933731
addition_disjoint,cached_mixed_raw,117,0.06666205078363419,0.08421609550714493
addition_disjoint,cached_mixed_raw,118,0.06719207018613815,0.08495603501796722
addition_disjoint,cached_mixed_raw,119,0.06664077192544937,0.08423186838626862
addition_disjoint,cached_mixed_raw,120,0.06693221628665924,0.08461333066225052
addition_disjoint,cached_mixed_raw,121,0.06676191091537476,0.08437593281269073
addition_disjoint,cached_mixed_raw,122,0.06665339320898056,0.08420819044113159
addition_disjoint,cached_mixed_raw,123,0.06692397594451904,0.08458713442087173
addition_disjoint,cached_mixed_raw,124,0.06706112623214722,0.08475720882415771
addition_disjoint,cached_mixed_raw,125,0.06681495904922485,0.0844503864645958
addition_disjoint,cached_mixed_raw,126,0.06692323088645935,0.08460105210542679
addition_disjoint,cached_mixed_raw,127,0.06690005213022232,0.08458758890628815
addition_disjoint,cached_mixed_raw,128,0.06713299453258514,0.0849071517586708
addition_disjoint,cached_mixed_raw,129,0.06656315177679062,0.0840560644865036
addition_disjoint,cached_mixed_raw,130,0.06729491055011749,0.08513402938842773
addition_disjoint,cached_mixed_raw,131,0.0668514221906662,0.08447705209255219
addition_disjoint,cached_mixed_raw,132,0.06693967431783676,0.0846424251794815
addition_disjoint,cached_mixed_raw,133,0.06662481278181076,0.08416547626256943
addition_disjoint,cached_mixed_raw,134,0.06650809198617935,0.08400190621614456
addition_disjoint,cached_mixed_raw,135,0.06707872450351715,0.08479449898004532
addition_disjoint,cached_mixed_raw,136,0.06676093488931656,0.08434639871120453
addition_disjoint,cached_mixed_raw,137,0.06676341593265533,0.08434882014989853
addition_disjoint,cached_mixed_raw,138,0.06702659279108047,0.08473910391330719
addition_disjoint,cached_mixed_raw,139,0.06715119630098343,0.08491730690002441
addition_disjoint,cached_mixed_raw,140,0.06680070608854294,0.08441156148910522
addition_disjoint,cached_mixed_raw,141,0.06693193316459656,0.0846424475312233
addition_disjoint,cached_mixed_raw,142,0.06685297936201096,0.08447854220867157
addition_disjoint,cached_mixed_raw,143,0.06663484871387482,0.08419518172740936
addition_disjoint,cached_mixed_raw,144,0.06673877686262131,0.08434851467609406
addition_disjoint,cached_mixed_raw,145,0.06692510843276978,0.08458666503429413
addition_disjoint,cached_mixed_raw,146,0.0668230727314949,0.08446916192770004
addition_disjoint,cached_mixed_raw,147,0.06679553538560867,0.08438010513782501
addition_disjoint,cached_mixed_raw,148,0.0670175701379776,0.0847456306219101
addition_disjoint,cached_mixed_raw,149,0.06685008853673935,0.08449044078588486
addition_disjoint,cached_mixed_raw,150,0.06684896349906921,0.08450041711330414
addition_disjoint,cached_mixed_raw,151,0.0666683092713356,0.08423460274934769
addition_disjoint,cached_mixed_raw,152,0.06673745065927505,0.08434822410345078
addition_disjoint,cached_mixed_raw,153,0.06690382212400436,0.08453734219074249
addition_disjoint,cached_mixed_raw,154,0.06676148623228073,0.0843484178185463
addition_disjoint,cached_mixed_raw,155,0.06682140380144119,0.08446548134088516
addition_disjoint,cached_mixed_raw,156,0.0668128952383995,0.08443669229745865
addition_disjoint,cached_mixed_raw,157,0.06659816950559616,0.08416683971881866
addition_disjoint,cached_mixed_raw,158,0.06700946390628815,0.08472110331058502
addition_disjoint,cached_mixed_raw,159,0.06679999083280563,0.0844239890575409
addition_disjoint,cached_mixed_raw,160,0.06713642179965973,0.08489909023046494
addition_disjoint,cached_mixed_raw,161,0.06688680499792099,0.08452396839857101
addition_disjoint,cached_mixed_raw,162,0.06724067032337189,0.0850161463022232
addition_disjoint,cached_mixed_raw,163,0.066780224442482,0.08439939469099045
addition_disjoint,cached_mixed_raw,164,0.06702391803264618,0.08473912626504898
addition_disjoint,cached_mixed_raw,165,0.06686613708734512,0.08452603965997696
addition_disjoint,cached_mixed_raw,166,0.06641053408384323,0.08388166129589081
addition_disjoint,cached_mixed_raw,167,0.06690036505460739,0.0845601037144661
addition_disjoint,cached_mixed_raw,168,0.06672962754964828,0.08431629091501236
addition_disjoint,cached_mixed_raw,169,0.06686373800039291,0.08453404158353806
addition_disjoint,cached_mixed_raw,170,0.06679561734199524,0.08440054953098297
addition_disjoint,cached_mixed_raw,171,0.06707528978586197,0.08482281118631363
addition_disjoint,cached_mixed_raw,172,0.0670543983578682,0.08475156873464584
addition_disjoint,cached_mixed_raw,173,0.06673311442136765,0.08427722752094269
addition_disjoint,cached_mixed_raw,174,0.06675433367490768,0.0843726396560669
addition_disjoint,cached_mixed_raw,175,0.06692331284284592,0.08460908383131027
addition_disjoint,cached_mixed_raw,176,0.0667649433016777,0.08434762060642242
addition_disjoint,cached_mixed_raw,177,0.06690997630357742,0.08458887785673141
addition_disjoint,cached_mixed_raw,178,0.06670082360506058,0.08424235880374908
addition_disjoint,cached_mixed_raw,179,0.06691254675388336,0.08460110425949097
addition_disjoint,cached_mixed_raw,180,0.06673493981361389,0.08432241529226303
addition_disjoint,cached_mixed_raw,181,0.06699613481760025,0.08470254391431808
addition_disjoint,cached_mixed_raw,182,0.06691697239875793,0.08456990122795105
addition_disjoint,cached_mixed_raw,183,0.06688600778579712,0.0845160186290741
addition_disjoint,cached_mixed_raw,184,0.0667780265212059,0.08438757807016373
addition_disjoint,cached_mixed_raw,185,0.06686155498027802,0.08450807631015778
addition_disjoint,cached_mixed_raw,186,0.06673521548509598,0.08435509353876114
addition_disjoint,cached_mixed_raw,187,0.06682125478982925,0.08444295823574066
addition_disjoint,cached_mixed_raw,188,0.0670151337981224,0.08469334989786148
addition_disjoint,cached_mixed_raw,189,0.06678218394517899,0.08439595997333527
addition_disjoint,cached_mixed_raw,190,0.06667324900627136,0.08423826098442078
addition_disjoint,cached_mixed_raw,191,0.06689829379320145,0.08456223458051682
addition_disjoint,cached_mixed_raw,192,0.06691210716962814,0.0845562294125557
addition_disjoint,cached_mixed_raw,193,0.06671499460935593,0.08431549370288849
addition_disjoint,cached_mixed_raw,194,0.06674787402153015,0.0843639224767685
addition_disjoint,cached_mixed_raw,195,0.06675790995359421,0.08436769247055054
addition_disjoint,cached_mixed_raw,196,0.0668562576174736,0.0844951868057251
addition_disjoint,cached_mixed_raw,197,0.06654350459575653,0.08405801653862
addition_disjoint,cached_mixed_raw,198,0.06644317507743835,0.08391119539737701
addition_disjoint,reextracted_mixed_raw,0,0.06660019606351852,0.08414735645055771
addition_disjoint,reextracted_mixed_raw,1,0.06725146621465683,0.08509136736392975
addition_disjoint,reextracted_mixed_raw,2,0.06674833595752716,0.08439023047685623
addition_disjoint,reextracted_mixed_raw,3,0.06686349958181381,0.08452138304710388
addition_disjoint,reextracted_mixed_raw,4,0.06687169522047043,0.08452538400888443
addition_disjoint,reextracted_mixed_raw,5,0.06686029583215714,0.08454795926809311
addition_disjoint,reextracted_mixed_raw,6,0.06704844534397125,0.08479852974414825
addition_disjoint,reextracted_mixed_raw,7,0.06716591119766235,0.08492012321949005
addition_disjoint,reextracted_mixed_raw,8,0.06672611832618713,0.08435338735580444
addition_disjoint,reextracted_mixed_raw,9,0.06651531904935837,0.08406402170658112
addition_disjoint,reextracted_mixed_raw,10,0.06690409034490585,0.0846114531159401
addition_disjoint,reextracted_mixed_raw,11,0.06695228070020676,0.0846535786986351
addition_disjoint,reextracted_mixed_raw,12,0.06676365435123444,0.08438388258218765
addition_disjoint,reextracted_mixed_raw,13,0.06662662327289581,0.08419676125049591
addition_disjoint,reextracted_mixed_raw,14,0.06652399897575378,0.08406194299459457
addition_disjoint,reextracted_mixed_raw,15,0.06668423861265182,0.08426079154014587
addition_disjoint,reextracted_mixed_raw,16,0.06669995933771133,0.08432098478078842
addition_disjoint,reextracted_mixed_raw,17,0.06658069044351578,0.08416445553302765
addition_disjoint,reextracted_mixed_raw,18,0.06670696288347244,0.08430534601211548
addition_disjoint,reextracted_mixed_raw,19,0.06672880053520203,0.08437274396419525
addition_disjoint,reextracted_mixed_raw,20,0.06638617813587189,0.083886057138443
addition_disjoint,reextracted_mixed_raw,21,0.0666372999548912,0.08421099185943604
addition_disjoint,reextracted_mixed_raw,22,0.06718426942825317,0.08494959771633148
addition_disjoint,reextracted_mixed_raw,23,0.06665991991758347,0.0842830017209053
addition_disjoint,reextracted_mixed_raw,24,0.06688369065523148,0.08458076417446136
addition_disjoint,reextracted_mixed_raw,25,0.06675514578819275,0.08438614010810852
addition_disjoint,reextracted_mixed_raw,26,0.06653425097465515,0.0840945616364479
addition_disjoint,reextracted_mixed_raw,27,0.06724482774734497,0.08507130295038223
addition_disjoint,reextracted_mixed_raw,28,0.06683171540498734,0.08448555320501328
addition_disjoint,reextracted_mixed_raw,29,0.06648162752389908,0.0840175524353981
addition_disjoint,reextracted_mixed_raw,30,0.06658031791448593,0.084160216152668
addition_disjoint,reextracted_mixed_raw,31,0.06695910543203354,0.08468887209892273
addition_disjoint,reextracted_mixed_raw,32,0.06666027009487152,0.08426797389984131
addition_disjoint,reextracted_mixed_raw,33,0.0667543113231659,0.08437799662351608
addition_disjoint,reextracted_mixed_raw,34,0.06691762804985046,0.08462848514318466
addition_disjoint,reextracted_mixed_raw,35,0.06699789315462112,0.08473284542560577
addition_disjoint,reextracted_mixed_raw,36,0.06671714782714844,0.08433438837528229
addition_disjoint,reextracted_mixed_raw,37,0.06690995395183563,0.08461220562458038
addition_disjoint,reextracted_mixed_raw,38,0.06685621291399002,0.0845201388001442
addition_disjoint,reextracted_mixed_raw,39,0.06679696589708328,0.08443418145179749
addition_disjoint,reextracted_mixed_raw,40,0.06684359908103943,0.08449609577655792
addition_disjoint,reextracted_mixed_raw,41,0.06684053689241409,0.08449863642454147
addition_disjoint,reextracted_mixed_raw,42,0.0671129897236824,0.0849153995513916
addition_disjoint,reextracted_mixed_raw,43,0.06643939018249512,0.08393508195877075
addition_disjoint,reextracted_mixed_raw,44,0.06676682829856873,0.08439449965953827
addition_disjoint,reextracted_mixed_raw,45,0.06690770387649536,0.0846102237701416
addition_disjoint,reextracted_mixed_raw,46,0.06681470572948456,0.08446989208459854
addition_disjoint,reextracted_mixed_raw,47,0.06693051010370255,0.08459633588790894
addition_disjoint,reextracted_mixed_raw,48,0.06695836037397385,0.0846685841679573
addition_disjoint,reextracted_mixed_raw,49,0.06692953407764435,0.08464966714382172
addition_disjoint,reextracted_mixed_raw,50,0.06676552444696426,0.08440124243497849
addition_disjoint,reextracted_mixed_raw,51,0.06667856127023697,0.08425021916627884
addition_disjoint,reextracted_mixed_raw,52,0.06656625121831894,0.08413160592317581
addition_disjoint,reextracted_mixed_raw,53,0.06675570458173752,0.08441703021526337
addition_disjoint,reextracted_mixed_raw,54,0.06674949079751968,0.08438187092542648
addition_disjoint,reextracted_mixed_raw,55,0.0666600689291954,0.08425816893577576
addition_disjoint,reextracted_mixed_raw,56,0.06686636805534363,0.08454384654760361
addition_disjoint,reextracted_mixed_raw,57,0.06697311252355576,0.08471318334341049
addition_disjoint,reextracted_mixed_raw,58,0.06722673773765564,0.0850270614027977
addition_disjoint,reextracted_mixed_raw,59,0.06720557808876038,0.08500262349843979
addition_disjoint,reextracted_mixed_raw,60,0.06679784506559372,0.08444786071777344
addition_disjoint,reextracted_mixed_raw,61,0.06708122789859772,0.08486580103635788
addition_disjoint,reextracted_mixed_raw,62,0.06670056283473969,0.08428327739238739
addition_disjoint,reextracted_mixed_raw,63,0.06675036996603012,0.08438431471586227
addition_disjoint,reextracted_mixed_raw,64,0.06691698729991913,0.08460066467523575
addition_disjoint,reextracted_mixed_raw,65,0.06681088358163834,0.08450058102607727
addition_disjoint,reextracted_mixed_raw,66,0.06683351844549179,0.08448664844036102
addition_disjoint,reextracted_mixed_raw,67,0.06685888022184372,0.08450912684202194
addition_disjoint,reextracted_mixed_raw,68,0.06669671833515167,0.08425265550613403
addition_disjoint,reextracted_mixed_raw,69,0.06673308461904526,0.08438250422477722
addition_disjoint,reextracted_mixed_raw,70,0.0668409988284111,0.08451037853956223
addition_disjoint,reextracted_mixed_raw,71,0.06704609841108322,0.08480382710695267
addition_disjoint,reextracted_mixed_raw,72,0.06678982079029083,0.08442889899015427
addition_disjoint,reextracted_mixed_raw,73,0.06693917512893677,0.08462920039892197
addition_disjoint,reextracted_mixed_raw,74,0.06659019738435745,0.084150031208992
addition_disjoint,reextracted_mixed_raw,75,0.0667601004242897,0.08438600599765778
addition_disjoint,reextracted_mixed_raw,76,0.0664944127202034,0.08400153368711472
addition_disjoint,reextracted_mixed_raw,77,0.06650501489639282,0.08402340114116669
addition_disjoint,reextracted_mixed_raw,78,0.06649424135684967,0.08401579409837723
addition_disjoint,reextracted_mixed_raw,79,0.0668378546833992,0.08451135456562042
addition_disjoint,reextracted_mixed_raw,80,0.06687585264444351,0.08458250761032104
addition_disjoint,reextracted_mixed_raw,81,0.06662088632583618,0.08419693261384964
addition_disjoint,reextracted_mixed_raw,82,0.06645802408456802,0.08398360759019852
addition_disjoint,reextracted_mixed_raw,83,0.06691823154687881,0.08461085706949234
addition_disjoint,reextracted_mixed_raw,84,0.06688056886196136,0.0845450609922409
addition_disjoint,reextracted_mixed_raw,85,0.06698138266801834,0.08471634238958359
addition_disjoint,reextracted_mixed_raw,86,0.06695176661014557,0.08465863764286041
addition_disjoint,reextracted_mixed_raw,87,0.06664009392261505,0.08427579700946808
addition_disjoint,reextracted_mixed_raw,88,0.06682681292295456,0.08448120206594467
addition_disjoint,reextracted_mixed_raw,89,0.06681215018033981,0.08446244150400162
addition_disjoint,reextracted_mixed_raw,90,0.06679877638816833,0.08442714065313339
addition_disjoint,reextracted_mixed_raw,91,0.06656134873628616,0.08410769701004028
addition_disjoint,reextracted_mixed_raw,92,0.06681149452924728,0.08448006212711334
addition_disjoint,reextracted_mixed_raw,93,0.06688399612903595,0.08457127958536148
addition_disjoint,reextracted_mixed_raw,94,0.0669320672750473,0.08462806791067123
addition_disjoint,reextracted_mixed_raw,95,0.06658155471086502,0.08413705229759216
addition_disjoint,reextracted_mixed_raw,96,0.06686616688966751,0.08454716950654984
addition_disjoint,reextracted_mixed_raw,97,0.06711322069168091,0.08488374203443527
addition_disjoint,reextracted_mixed_raw,98,0.06675603985786438,0.08441124856472015
addition_disjoint,reextracted_mixed_raw,99,0.06683942675590515,0.0844968631863594
addition_disjoint,reextracted_mixed_raw,100,0.06700853258371353,0.08475169539451599
addition_disjoint,reextracted_mixed_raw,101,0.06697686016559601,0.08468843996524811
addition_disjoint,reextracted_mixed_raw,102,0.06690404564142227,0.08458930999040604
addition_disjoint,reextracted_mixed_raw,103,0.0670337826013565,0.08478683978319168
addition_disjoint,reextracted_mixed_raw,104,0.06702791154384613,0.08478320389986038
addition_disjoint,reextracted_mixed_raw,105,0.06698885560035706,0.0847272202372551
addition_disjoint,reextracted_mixed_raw,106,0.0668623223900795,0.08454139530658722
addition_disjoint,reextracted_mixed_raw,107,0.06677131354808807,0.08441364765167236
addition_disjoint,reextracted_mixed_raw,108,0.0667416974902153,0.08435337245464325
addition_disjoint,reextracted_mixed_raw,109,0.0669143944978714,0.08462805300951004
addition_disjoint,reextracted_mixed_raw,110,0.06689676642417908,0.08457349240779877
addition_disjoint,reextracted_mixed_raw,111,0.06647506356239319,0.08398899435997009
addition_disjoint,reextracted_mixed_raw,112,0.06683099269866943,0.08448579907417297
addition_disjoint,reextracted_mixed_raw,113,0.06688692420721054,0.08456089347600937
addition_disjoint,reextracted_mixed_raw,114,0.066810242831707,0.08449384570121765
addition_disjoint,reextracted_mixed_raw,115,0.06662557274103165,0.08419575542211533
addition_disjoint,reextracted_mixed_raw,116,0.06670083850622177,0.08431757241487503
addition_disjoint,reextracted_mixed_raw,117,0.06660600006580353,0.08418823033571243
addition_disjoint,reextracted_mixed_raw,118,0.06701067835092545,0.08478116989135742
addition_disjoint,reextracted_mixed_raw,119,0.06652142107486725,0.08403350412845612
addition_disjoint,reextracted_mixed_raw,120,0.06679593771696091,0.08446850627660751
addition_disjoint,reextracted_mixed_raw,121,0.06672245264053345,0.08434345573186874
addition_disjoint,reextracted_mixed_raw,122,0.06650274246931076,0.08403000235557556
addition_disjoint,reextracted_mixed_raw,123,0.06674201041460037,0.08437807857990265
addition_disjoint,reextracted_mixed_raw,124,0.06682191044092178,0.08443117141723633
addition_disjoint,reextracted_mixed_raw,125,0.06674401462078094,0.08435588330030441
addition_disjoint,reextracted_mixed_raw,126,0.06665927171707153,0.08423508703708649
addition_disjoint,reextracted_mixed_raw,127,0.06673374027013779,0.08434684574604034
addition_disjoint,reextracted_mixed_raw,128,0.06682297587394714,0.0844591036438942
addition_disjoint,reextracted_mixed_raw,129,0.0668393075466156,0.08453097194433212
addition_disjoint,reextracted_mixed_raw,130,0.06659988313913345,0.08415596932172775
addition_disjoint,reextracted_mixed_raw,131,0.0671449527144432,0.08493781089782715
addition_disjoint,reextracted_mixed_raw,132,0.0668300911784172,0.08449003845453262
addition_disjoint,reextracted_mixed_raw,133,0.06691945344209671,0.08461350202560425
addition_disjoint,reextracted_mixed_raw,134,0.06689302623271942,0.08457093685865402
addition_disjoint,reextracted_mixed_raw,135,0.06675650924444199,0.08439072221517563
addition_disjoint,reextracted_mixed_raw,136,0.06660986691713333,0.08421623706817627
addition_disjoint,reextracted_mixed_raw,137,0.06688499450683594,0.08455205708742142
addition_disjoint,reextracted_mixed_raw,138,0.06687414646148682,0.08456286787986755
addition_disjoint,reextracted_mixed_raw,139,0.0668412446975708,0.08451331406831741
addition_disjoint,reextracted_mixed_raw,140,0.06693965941667557,0.08463191241025925
addition_disjoint,reextracted_mixed_raw,141,0.06668660044670105,0.0842810869216919
addition_disjoint,reextracted_mixed_raw,142,0.06700395792722702,0.08471875637769699
addition_disjoint,reextracted_mixed_raw,143,0.06649160385131836,0.08398319780826569
addition_disjoint,reextracted_mixed_raw,144,0.0670178160071373,0.08475004881620407
addition_disjoint,reextracted_mixed_raw,145,0.06722242385149002,0.08503089845180511
addition_disjoint,reextracted_mixed_raw,146,0.06695373356342316,0.08465869724750519
addition_disjoint,reextracted_mixed_raw,147,0.06691881269216537,0.08459926396608353
addition_disjoint,reextracted_mixed_raw,148,0.0665726363658905,0.08413442224264145
addition_disjoint,reextracted_mixed_raw,149,0.06697417795658112,0.08472389727830887
addition_disjoint,reextracted_mixed_raw,150,0.0671072006225586,0.08486068993806839
addition_disjoint,reextracted_mixed_raw,151,0.06719686836004257,0.08501847833395004
addition_disjoint,reextracted_mixed_raw,152,0.06660952419042587,0.08418748527765274
addition_disjoint,reextracted_mixed_raw,153,0.06678628921508789,0.08443108946084976
addition_disjoint,reextracted_mixed_raw,154,0.06702043861150742,0.08476806432008743
addition_disjoint,reextracted_mixed_raw,155,0.06655779480934143,0.08409401029348373
addition_disjoint,reextracted_mixed_raw,156,0.0668787881731987,0.08457224071025848
addition_disjoint,reextracted_mixed_raw,157,0.06715287268161774,0.08495324105024338
addition_disjoint,reextracted_mixed_raw,158,0.06674755364656448,0.084351547062397
addition_disjoint,reextracted_mixed_raw,159,0.0667015016078949,0.08432409167289734
addition_disjoint,reextracted_mixed_raw,160,0.06688104569911957,0.08454953134059906
addition_disjoint,reextracted_mixed_raw,161,0.06669287383556366,0.08428730815649033
addition_disjoint,reextracted_mixed_raw,162,0.0667363628745079,0.08436410874128342
addition_disjoint,reextracted_mixed_raw,163,0.06679505109786987,0.08440907299518585
addition_disjoint,reextracted_mixed_raw,164,0.06674211472272873,0.0843534991145134
addition_disjoint,reextracted_mixed_raw,165,0.06671757251024246,0.08431635051965714
addition_disjoint,reextracted_mixed_raw,166,0.0667010173201561,0.08429897576570511
addition_disjoint,reextracted_mixed_raw,167,0.0670807734131813,0.08485700190067291
addition_disjoint,reextracted_mixed_raw,168,0.06668097525835037,0.08429405838251114
addition_disjoint,reextracted_mixed_raw,169,0.06687645614147186,0.08454392105340958
addition_disjoint,reextracted_mixed_raw,170,0.06645158678293228,0.08396321535110474
addition_disjoint,reextracted_mixed_raw,171,0.06685642153024673,0.08452415466308594
addition_disjoint,reextracted_mixed_raw,172,0.06678850203752518,0.0844181701540947
addition_disjoint,reextracted_mixed_raw,173,0.06726930290460587,0.08512406796216965
addition_disjoint,reextracted_mixed_raw,174,0.0671503022313118,0.08491789549589157
addition_disjoint,reextracted_mixed_raw,175,0.06678541749715805,0.08443614095449448
addition_disjoint,reextracted_mixed_raw,176,0.06674639880657196,0.08435513079166412
addition_disjoint,reextracted_mixed_raw,177,0.06686865538358688,0.08452393114566803
addition_disjoint,reextracted_mixed_raw,178,0.06663352996110916,0.08418919891119003
addition_disjoint,reextracted_mixed_raw,179,0.066819928586483,0.08446785062551498
addition_disjoint,reextracted_mixed_raw,180,0.06664195656776428,0.08422024548053741
addition_disjoint,reextracted_mixed_raw,181,0.06680479645729065,0.08445905148983002
addition_disjoint,reextracted_mixed_raw,182,0.06673653423786163,0.08439690619707108
addition_disjoint,reextracted_mixed_raw,183,0.06669367104768753,0.08430955559015274
addition_disjoint,reextracted_mixed_raw,184,0.06696336716413498,0.08469150215387344
addition_disjoint,reextracted_mixed_raw,185,0.0668395385146141,0.08451731503009796
addition_disjoint,reextracted_mixed_raw,186,0.06689565628767014,0.08458500355482101
addition_disjoint,reextracted_mixed_raw,187,0.06662671267986298,0.08418233692646027
addition_disjoint,reextracted_mixed_raw,188,0.0664583370089531,0.08397850394248962
addition_disjoint,reextracted_mixed_raw,189,0.06672069430351257,0.08435027301311493
addition_disjoint,reextracted_mixed_raw,190,0.06669531017541885,0.08427009731531143
addition_disjoint,reextracted_mixed_raw,191,0.06707458198070526,0.08485548198223114
addition_disjoint,reextracted_mixed_raw,192,0.06673847138881683,0.08437380194664001
addition_disjoint,reextracted_mixed_raw,193,0.06691782176494598,0.08465111255645752
addition_disjoint,reextracted_mixed_raw,194,0.06676086783409119,0.08435358852148056
addition_disjoint,reextracted_mixed_raw,195,0.0669887363910675,0.08469633013010025
addition_disjoint,reextracted_mixed_raw,196,0.06687042862176895,0.08454614132642746
addition_disjoint,reextracted_mixed_raw,197,0.06674911826848984,0.08434414863586426
addition_disjoint,reextracted_mixed_raw,198,0.06716457009315491,0.08496861159801483
addition_disjoint,cached_truncated_raw,0,-0.02339259162545204,-0.048186808824539185
addition_disjoint,cached_truncated_raw,1,-0.023556683212518692,-0.04838903993368149
addition_disjoint,cached_truncated_raw,2,-0.023566998541355133,-0.048410773277282715
addition_disjoint,cached_truncated_raw,3,-0.023481884971261024,-0.048312269151210785
addition_disjoint,cached_truncated_raw,4,-0.023364953696727753,-0.0481412298977375
addition_disjoint,cached_truncated_raw,5,-0.023298854008316994,-0.04804860055446625
addition_disjoint,cached_truncated_raw,6,-0.023465115576982498,-0.048274122178554535
addition_disjoint,cached_truncated_raw,7,-0.023513227701187134,-0.04832741245627403
addition_disjoint,cached_truncated_raw,8,-0.023417487740516663,-0.04818551987409592
addition_disjoint,cached_truncated_raw,9,-0.02342209219932556,-0.04822816327214241
addition_disjoint,cached_truncated_raw,10,-0.02358384057879448,-0.04843059182167053
addition_disjoint,cached_truncated_raw,11,-0.02363206259906292,-0.04849153384566307
addition_disjoint,cached_truncated_raw,12,-0.023508146405220032,-0.048339832574129105
addition_disjoint,cached_truncated_raw,13,-0.023464573547244072,-0.04827968403697014
addition_disjoint,cached_truncated_raw,14,-0.023431481793522835,-0.048242662101984024
addition_disjoint,cached_truncated_raw,15,-0.023425959050655365,-0.04821988567709923
addition_disjoint,cached_truncated_raw,16,-0.023461125791072845,-0.04826813191175461
addition_disjoint,cached_truncated_raw,17,-0.023506708443164825,-0.04832669347524643
addition_disjoint,cached_truncated_raw,18,-0.023456478491425514,-0.04825833812355995
addition_disjoint,cached_truncated_raw,19,-0.023491157218813896,-0.0483296774327755
addition_disjoint,cached_truncated_raw,20,-0.023365924134850502,-0.0481375977396965
addition_disjoint,cached_truncated_raw,21,-0.023437349125742912,-0.04824842885136604
addition_disjoint,cached_truncated_raw,22,-0.023443641141057014,-0.04824865609407425
addition_disjoint,cached_truncated_raw,23,-0.02347453683614731,-0.04828310012817383
addition_disjoint,cached_truncated_raw,24,-0.02346571534872055,-0.048291049897670746
addition_disjoint,cached_truncated_raw,25,-0.023513371124863625,-0.048344168812036514
addition_disjoint,cached_truncated_raw,26,-0.023431973531842232,-0.048246532678604126
addition_disjoint,cached_truncated_raw,27,-0.023405903950333595,-0.048196885734796524
addition_disjoint,cached_truncated_raw,28,-0.023507943376898766,-0.048344772309064865
addition_disjoint,cached_truncated_raw,29,-0.02342318184673786,-0.04821426793932915
addition_disjoint,cached_truncated_raw,30,-0.023408949375152588,-0.048176903277635574
addition_disjoint,cached_truncated_raw,31,-0.023433612659573555,-0.04822740703821182
addition_disjoint,cached_truncated_raw,32,-0.023436570540070534,-0.048248276114463806
addition_disjoint,cached_truncated_raw,33,-0.02347157895565033,-0.04828735440969467
addition_disjoint,cached_truncated_raw,34,-0.023458993062376976,-0.04828057065606117
addition_disjoint,cached_truncated_raw,35,-0.02343502826988697,-0.04822388291358948
addition_disjoint,cached_truncated_raw,36,-0.0235384963452816,-0.04838080331683159
addition_disjoint,cached_truncated_raw,37,-0.02345961518585682,-0.048264674842357635
addition_disjoint,cached_truncated_raw,38,-0.02349928952753544,-0.04834498092532158
addition_disjoint,cached_truncated_raw,39,-0.02348957397043705,-0.04830044135451317
addition_disjoint,cached_truncated_raw,40,-0.02353721298277378,-0.048369187861680984
addition_disjoint,cached_truncated_raw,41,-0.023521743714809418,-0.04834345355629921
addition_disjoint,cached_truncated_raw,42,-0.023479700088500977,-0.04830591008067131
addition_disjoint,cached_truncated_raw,43,-0.023488687351346016,-0.048307277262210846
addition_disjoint,cached_truncated_raw,44,-0.023486800491809845,-0.04829644039273262
addition_disjoint,cached_truncated_raw,45,-0.023493900895118713,-0.048308055847883224
addition_disjoint,cached_truncated_raw,46,-0.023531081154942513,-0.04835071414709091
addition_disjoint,cached_truncated_raw,47,-0.023449840024113655,-0.048258572816848755
addition_disjoint,cached_truncated_raw,48,-0.023371832445263863,-0.04814876988530159
addition_disjoint,cached_truncated_raw,49,-0.023320622742176056,-0.04808035492897034
addition_disjoint,cached_truncated_raw,50,-0.02351491153240204,-0.048360053449869156
addition_disjoint,cached_truncated_raw,51,-0.023576434701681137,-0.04841620847582817
addition_disjoint,cached_truncated_raw,52,-0.023481983691453934,-0.048308294266462326
addition_disjoint,cached_truncated_raw,53,-0.02349618822336197,-0.04829546436667442
addition_disjoint,cached_truncated_raw,54,-0.023488758131861687,-0.04829063266515732
addition_disjoint,cached_truncated_raw,55,-0.023347824811935425,-0.0481264553964138
addition_disjoint,cached_truncated_raw,56,-0.023387767374515533,-0.04816398769617081
addition_disjoint,cached_truncated_raw,57,-0.02350330725312233,-0.048314277082681656
addition_disjoint,cached_truncated_raw,58,-0.02336600236594677,-0.04812333360314369
addition_disjoint,cached_truncated_raw,59,-0.02353612333536148,-0.048349954187870026
addition_disjoint,cached_truncated_raw,60,-0.023509152233600616,-0.0483592264354229
addition_disjoint,cached_truncated_raw,61,-0.023413795977830887,-0.04820609837770462
addition_disjoint,cached_truncated_raw,62,-0.0235160980373621,-0.048347167670726776
addition_disjoint,cached_truncated_raw,63,-0.02339295856654644,-0.04817083850502968
addition_disjoint,cached_truncated_raw,64,-0.02348819002509117,-0.04830971360206604
addition_disjoint,cached_truncated_raw,65,-0.02351781167089939,-0.04834044724702835
addition_disjoint,cached_truncated_raw,66,-0.02348451502621174,-0.04833122715353966
addition_disjoint,cached_truncated_raw,67,-0.023380765691399574,-0.04816046357154846
addition_disjoint,cached_truncated_raw,68,-0.023558976128697395,-0.04838510975241661
addition_disjoint,cached_truncated_raw,69,-0.02346269227564335,-0.04827000945806503
addition_disjoint,cached_truncated_raw,70,-0.02352507971227169,-0.04834689572453499
addition_disjoint,cached_truncated_raw,71,-0.023323873057961464,-0.048074960708618164
addition_disjoint,cached_truncated_raw,72,-0.023442009463906288,-0.04823976382613182
addition_disjoint,cached_truncated_raw,73,-0.0235417652875185,-0.048381879925727844
addition_disjoint,cached_truncated_raw,74,-0.023498617112636566,-0.048297155648469925
addition_disjoint,cached_truncated_raw,75,-0.023444371297955513,-0.04825326055288315
addition_disjoint,cached_truncated_raw,76,-0.02354384772479534,-0.04837572202086449
addition_disjoint,cached_truncated_raw,77,-0.023415597155690193,-0.04823755845427513
addition_disjoint,cached_truncated_raw,78,-0.023480910807847977,-0.04827036336064339
addition_disjoint,cached_truncated_raw,79,-0.023359058424830437,-0.048137031495571136
addition_disjoint,cached_truncated_raw,80,-0.023436227813363075,-0.04824216663837433
addition_disjoint,cached_truncated_raw,81,-0.02346639148890972,-0.04826940968632698
addition_disjoint,cached_truncated_raw,82,-0.02354256808757782,-0.04837387055158615
addition_disjoint,cached_truncated_raw,83,-0.02339601330459118,-0.04819118604063988
addition_disjoint,cached_truncated_raw,84,-0.023531924933195114,-0.04836172237992287
addition_disjoint,cached_truncated_raw,85,-0.02348490059375763,-0.04831511899828911
addition_disjoint,cached_truncated_raw,86,-0.02351274900138378,-0.0483250729739666
addition_disjoint,cached_truncated_raw,87,-0.02345266193151474,-0.04824844002723694
addition_disjoint,cached_truncated_raw,88,-0.0233827643096447,-0.04816937446594238
addition_disjoint,cached_truncated_raw,89,-0.02338314615190029,-0.048190269619226456
addition_disjoint,cached_truncated_raw,90,-0.023294277489185333,-0.04804262891411781
addition_disjoint,cached_truncated_raw,91,-0.023490114137530327,-0.04831115901470184
addition_disjoint,cached_truncated_raw,92,-0.02351333014667034,-0.04834272712469101
addition_disjoint,cached_truncated_raw,93,-0.023464908823370934,-0.04826758801937103
addition_disjoint,cached_truncated_raw,94,-0.023537063971161842,-0.048379700630903244
addition_disjoint,cached_truncated_raw,95,-0.023401297628879547,-0.04819142445921898
addition_disjoint,cached_truncated_raw,96,-0.02343050204217434,-0.04823203384876251
addition_disjoint,cached_truncated_raw,97,-0.023484976962208748,-0.04831063374876976
addition_disjoint,cached_truncated_raw,98,-0.02349640429019928,-0.04831724986433983
addition_disjoint,cached_truncated_raw,99,-0.02346707321703434,-0.048282645642757416
addition_disjoint,cached_truncated_raw,100,-0.023441828787326813,-0.04824567958712578
addition_disjoint,cached_truncated_raw,101,-0.023542102426290512,-0.048351772129535675
addition_disjoint,cached_truncated_raw,102,-0.023408040404319763,-0.04820103570818901
addition_disjoint,cached_truncated_raw,103,-0.023461487144231796,-0.048281557857990265
addition_disjoint,cached_truncated_raw,104,-0.023595232516527176,-0.048456188291311264
addition_disjoint,cached_truncated_raw,105,-0.023505276069045067,-0.04832946136593819
addition_disjoint,cached_truncated_raw,106,-0.0234125517308712,-0.04819859191775322
addition_disjoint,cached_truncated_raw,107,-0.023301104083657265,-0.04804893955588341
addition_disjoint,cached_truncated_raw,108,-0.023522600531578064,-0.04836301505565643
addition_disjoint,cached_truncated_raw,109,-0.023494157940149307,-0.04832444339990616
addition_disjoint,cached_truncated_raw,110,-0.023448171094059944,-0.048261236399412155
addition_disjoint,cached_truncated_raw,111,-0.02353537641465664,-0.04836472496390343
addition_disjoint,cached_truncated_raw,112,-0.02338014543056488,-0.04815845191478729
addition_disjoint,cached_truncated_raw,113,-0.02351284585893154,-0.04835233464837074
addition_disjoint,cached_truncated_raw,114,-0.023548811674118042,-0.048369817435741425
addition_disjoint,cached_truncated_raw,115,-0.023469364270567894,-0.04828086495399475
addition_disjoint,cached_truncated_raw,116,-0.02353811077773571,-0.04837455600500107
addition_disjoint,cached_truncated_raw,117,-0.023456759750843048,-0.04827914014458656
addition_disjoint,cached_truncated_raw,118,-0.02341104857623577,-0.04821880906820297
addition_disjoint,cached_truncated_raw,119,-0.023461507633328438,-0.04826166108250618
addition_disjoint,cached_truncated_raw,120,-0.023554496467113495,-0.0483979806303978
addition_disjoint,cached_truncated_raw,121,-0.023494601249694824,-0.048310644924640656
addition_disjoint,cached_truncated_raw,122,-0.023445244878530502,-0.048249393701553345
addition_disjoint,cached_truncated_raw,123,-0.02345685288310051,-0.048263028264045715
addition_disjoint,cached_truncated_raw,124,-0.023518644273281097,-0.048330847173929214
addition_disjoint,cached_truncated_raw,125,-0.02350088767707348,-0.048328232020139694
addition_disjoint,cached_truncated_raw,126,-0.023513726890087128,-0.04834841564297676
addition_disjoint,cached_truncated_raw,127,-0.02355300262570381,-0.04840970039367676
addition_disjoint,cached_truncated_raw,128,-0.023529862985014915,-0.0483555793762207
addition_disjoint,cached_truncated_raw,129,-0.02340717241168022,-0.04819571599364281
addition_disjoint,cached_truncated_raw,130,-0.023438585922122,-0.04821966961026192
addition_disjoint,cached_truncated_raw,131,-0.023508086800575256,-0.04834078624844551
addition_disjoint,cached_truncated_raw,132,-0.023512214422225952,-0.04835072159767151
addition_disjoint,cached_truncated_raw,133,-0.02352728880941868,-0.04836411401629448
addition_disjoint,cached_truncated_raw,134,-0.02352714352309704,-0.04835319146513939
addition_disjoint,cached_truncated_raw,135,-0.023488834500312805,-0.048289503902196884
addition_disjoint,cached_truncated_raw,136,-0.02356996200978756,-0.04842038452625275
addition_disjoint,cached_truncated_raw,137,-0.023440051823854446,-0.048252396285533905
addition_disjoint,cached_truncated_raw,138,-0.023504924029111862,-0.04833117127418518
addition_disjoint,cached_truncated_raw,139,-0.02344832383096218,-0.048248741775751114
addition_disjoint,cached_truncated_raw,140,-0.023450475186109543,-0.04826473072171211
addition_disjoint,cached_truncated_raw,141,-0.02346188575029373,-0.04827425628900528
addition_disjoint,cached_truncated_raw,142,-0.023509440943598747,-0.04832928627729416
addition_disjoint,cached_truncated_raw,143,-0.023455291986465454,-0.048271384090185165
addition_disjoint,cached_truncated_raw,144,-0.0233630184084177,-0.04813029244542122
addition_disjoint,cached_truncated_raw,145,-0.023516954854130745,-0.04835031181573868
addition_disjoint,cached_truncated_raw,146,-0.023439399898052216,-0.04825587570667267
addition_disjoint,cached_truncated_raw,147,-0.023424051702022552,-0.048212334513664246
addition_disjoint,cached_truncated_raw,148,-0.023440850898623466,-0.0482526533305645
addition_disjoint,cached_truncated_raw,149,-0.02346842736005783,-0.048284661024808884
addition_disjoint,cached_truncated_raw,150,-0.023419955745339394,-0.04821604862809181
addition_disjoint,cached_truncated_raw,151,-0.023478955030441284,-0.04829265549778938
addition_disjoint,cached_truncated_raw,152,-0.023455588147044182,-0.04825606942176819
addition_disjoint,cached_truncated_raw,153,-0.023492053151130676,-0.04832543060183525
addition_disjoint,cached_truncated_raw,154,-0.02346711792051792,-0.048270829021930695
addition_disjoint,cached_truncated_raw,155,-0.023405665531754494,-0.04818078130483627
addition_disjoint,cached_truncated_raw,156,-0.023495769128203392,-0.048305682837963104
addition_disjoint,cached_truncated_raw,157,-0.023507848381996155,-0.04833303764462471
addition_disjoint,cached_truncated_raw,158,-0.023464271798729897,-0.04826921597123146
addition_disjoint,cached_truncated_raw,159,-0.02354256622493267,-0.04838983714580536
addition_disjoint,cached_truncated_raw,160,-0.02354622446000576,-0.0483994223177433
addition_disjoint,cached_truncated_raw,161,-0.02346077747642994,-0.04826328530907631
addition_disjoint,cached_truncated_raw,162,-0.023488452658057213,-0.048301272094249725
addition_disjoint,cached_truncated_raw,163,-0.02346363477408886,-0.04827886447310448
addition_disjoint,cached_truncated_raw,164,-0.023426786065101624,-0.04823818802833557
addition_disjoint,cached_truncated_raw,165,-0.023457355797290802,-0.048281047493219376
addition_disjoint,cached_truncated_raw,166,-0.023378577083349228,-0.048166077584028244
addition_disjoint,cached_truncated_raw,167,-0.023324042558670044,-0.04807914048433304
addition_disjoint,cached_truncated_raw,168,-0.023397618904709816,-0.04817391559481621
addition_disjoint,cached_truncated_raw,169,-0.023408563807606697,-0.04820031300187111
addition_disjoint,cached_truncated_raw,170,-0.023450065404176712,-0.048243433237075806
addition_disjoint,cached_truncated_raw,171,-0.02337653562426567,-0.0481325127184391
addition_disjoint,cached_truncated_raw,172,-0.023530298843979836,-0.0483478382229805
addition_disjoint,cached_truncated_raw,173,-0.023479336872696877,-0.0482955165207386
addition_disjoint,cached_truncated_raw,174,-0.023391908034682274,-0.04818052425980568
addition_disjoint,cached_truncated_raw,175,-0.023394526913762093,-0.04816972836852074
addition_disjoint,cached_truncated_raw,176,-0.02357773296535015,-0.048426076769828796
addition_disjoint,cached_truncated_raw,177,-0.02350589632987976,-0.048342105001211166
addition_disjoint,cached_truncated_raw,178,-0.023479880765080452,-0.048288777470588684
addition_disjoint,cached_truncated_raw,179,-0.023484691977500916,-0.04830542206764221
addition_disjoint,cached_truncated_raw,180,-0.02341512031853199,-0.048206161707639694
addition_disjoint,cached_truncated_raw,181,-0.02354368194937706,-0.04838896542787552
addition_disjoint,cached_truncated_raw,182,-0.02348138764500618,-0.0483030267059803
addition_disjoint,cached_truncated_raw,183,-0.02336333692073822,-0.04813485965132713
addition_disjoint,cached_truncated_raw,184,-0.023440077900886536,-0.0482284277677536
addition_disjoint,cached_truncated_raw,185,-0.02354859746992588,-0.04839363694190979
addition_disjoint,cached_truncated_raw,186,-0.02354036644101143,-0.04839057847857475
addition_disjoint,cached_truncated_raw,187,-0.02334977686405182,-0.04810410365462303
addition_disjoint,cached_truncated_raw,188,-0.023462923243641853,-0.048264458775520325
addition_disjoint,cached_truncated_raw,189,-0.023389030247926712,-0.0481700673699379
addition_disjoint,cached_truncated_raw,190,-0.023513106629252434,-0.04835563525557518
addition_disjoint,cached_truncated_raw,191,-0.023450717329978943,-0.048257503658533096
addition_disjoint,cached_truncated_raw,192,-0.02331874705851078,-0.048097893595695496
addition_disjoint,cached_truncated_raw,193,-0.023468725383281708,-0.048280343413352966
addition_disjoint,cached_truncated_raw,194,-0.023551583290100098,-0.048396334052085876
addition_disjoint,cached_truncated_raw,195,-0.02340148389339447,-0.04816799983382225
addition_disjoint,cached_truncated_raw,196,-0.023506460711359978,-0.048328299075365067
addition_disjoint,cached_truncated_raw,197,-0.023457838222384453,-0.048280149698257446
addition_disjoint,cached_truncated_raw,198,-0.02355855330824852,-0.04840605705976486
addition_disjoint,consistent_block_raw,0,-0.03893148899078369,-0.05712731182575226
addition_disjoint,consistent_block_raw,1,-0.03884759917855263,-0.057009413838386536
addition_disjoint,consistent_block_raw,2,-0.0389496274292469,-0.05716104805469513
addition_disjoint,consistent_block_raw,3,-0.038834068924188614,-0.056998226791620255
addition_disjoint,consistent_block_raw,4,-0.038963183760643005,-0.05717311426997185
addition_disjoint,consistent_block_raw,5,-0.038823679089546204,-0.05700651928782463
addition_disjoint,consistent_block_raw,6,-0.038828667253255844,-0.05699950084090233
addition_disjoint,consistent_block_raw,7,-0.03875753656029701,-0.05687087029218674
addition_disjoint,consistent_block_raw,8,-0.038909703493118286,-0.057109054177999496
addition_disjoint,consistent_block_raw,9,-0.03890424966812134,-0.05709174647927284
addition_disjoint,consistent_block_raw,10,-0.03886065259575844,-0.05702865123748779
addition_disjoint,consistent_block_raw,11,-0.038871414959430695,-0.05704353377223015
addition_disjoint,consistent_block_raw,12,-0.03893087059259415,-0.057124339044094086
addition_disjoint,consistent_block_raw,13,-0.03894069790840149,-0.057148177176713943
addition_disjoint,consistent_block_raw,14,-0.03889770060777664,-0.057083889842033386
addition_disjoint,consistent_block_raw,15,-0.038946956396102905,-0.05714789032936096
addition_disjoint,consistent_block_raw,16,-0.038882557302713394,-0.057070426642894745
addition_disjoint,consistent_block_raw,17,-0.03881773352622986,-0.05696960538625717
addition_disjoint,consistent_block_raw,18,-0.038913365453481674,-0.05711275711655617
addition_disjoint,consistent_block_raw,19,-0.038937363773584366,-0.057130638509988785
addition_disjoint,consistent_block_raw,20,-0.038888830691576004,-0.05704869329929352
addition_disjoint,consistent_block_raw,21,-0.038894861936569214,-0.05707423388957977
addition_disjoint,consistent_block_raw,22,-0.039001017808914185,-0.05723273754119873
addition_disjoint,consistent_block_raw,23,-0.03881875053048134,-0.05697829648852348
addition_disjoint,consistent_block_raw,24,-0.03890101984143257,-0.05708284676074982
addition_disjoint,consistent_block_raw,25,-0.03892718255519867,-0.05712013319134712
addition_disjoint,consistent_block_raw,26,-0.038842447102069855,-0.057002197951078415
addition_disjoint,consistent_block_raw,27,-0.03886563330888748,-0.0570346936583519
addition_disjoint,consistent_block_raw,28,-0.03884052112698555,-0.05701625719666481
addition_disjoint,consistent_block_raw,29,-0.0387943834066391,-0.05692911148071289
addition_disjoint,consistent_block_raw,30,-0.03891550749540329,-0.05710044503211975
addition_disjoint,consistent_block_raw,31,-0.03885297849774361,-0.05701712146401405
addition_disjoint,consistent_block_raw,32,-0.03881712630391121,-0.05697588622570038
addition_disjoint,consistent_block_raw,33,-0.03892284259200096,-0.05711984261870384
addition_disjoint,consistent_block_raw,34,-0.038812305778265,-0.056964896619319916
addition_disjoint,consistent_block_raw,35,-0.03879363089799881,-0.05695395544171333
addition_disjoint,consistent_block_raw,36,-0.038826048374176025,-0.05699397251009941
addition_disjoint,consistent_block_raw,37,-0.03891652449965477,-0.05711144581437111
addition_disjoint,consistent_block_raw,38,-0.03883960470557213,-0.056988008320331573
addition_disjoint,consistent_block_raw,39,-0.03886612877249718,-0.057040613144636154
addition_disjoint,consistent_block_raw,40,-0.0388723723590374,-0.05704587325453758
addition_disjoint,consistent_block_raw,41,-0.03887930512428284,-0.05704304948449135
addition_disjoint,consistent_block_raw,42,-0.03872597962617874,-0.05684127286076546
addition_disjoint,consistent_block_raw,43,-0.03888264670968056,-0.05707491934299469
addition_disjoint,consistent_block_raw,44,-0.038803838193416595,-0.05695077031850815
addition_disjoint,consistent_block_raw,45,-0.038851674646139145,-0.057003747671842575
addition_disjoint,consistent_block_raw,46,-0.03881864249706268,-0.05697907507419586
addition_disjoint,consistent_block_raw,47,-0.03890339657664299,-0.05708663910627365
addition_disjoint,consistent_block_raw,48,-0.038806069642305374,-0.05695579573512077
addition_disjoint,consistent_block_raw,49,-0.03887542337179184,-0.05704566091299057
addition_disjoint,consistent_block_raw,50,-0.03888973593711853,-0.05708526074886322
addition_disjoint,consistent_block_raw,51,-0.03880046308040619,-0.05694793164730072
addition_disjoint,consistent_block_raw,52,-0.03883909806609154,-0.05701635405421257
addition_disjoint,consistent_block_raw,53,-0.038744278252124786,-0.05686163529753685
addition_disjoint,consistent_block_raw,54,-0.03893572464585304,-0.05712879076600075
addition_disjoint,consistent_block_raw,55,-0.03904053941369057,-0.05729362368583679
addition_disjoint,consistent_block_raw,56,-0.03888750076293945,-0.05706067383289337
addition_disjoint,consistent_block_raw,57,-0.038821108639240265,-0.05697180703282356
addition_disjoint,consistent_block_raw,58,-0.03884345293045044,-0.05703006312251091
addition_disjoint,consistent_block_raw,59,-0.038862988352775574,-0.0570346862077713
addition_disjoint,consistent_block_raw,60,-0.03885861486196518,-0.057032860815525055
addition_disjoint,consistent_block_raw,61,-0.03880491107702255,-0.05694891884922981
addition_disjoint,consistent_block_raw,62,-0.038898322731256485,-0.057073917239904404
addition_disjoint,consistent_block_raw,63,-0.038827620446681976,-0.05699005722999573
addition_disjoint,consistent_block_raw,64,-0.03895226866006851,-0.05716795474290848
addition_disjoint,consistent_block_raw,65,-0.03889830783009529,-0.05709123611450195
addition_disjoint,consistent_block_raw,66,-0.03883087635040283,-0.05699842795729637
addition_disjoint,consistent_block_raw,67,-0.03887578099966049,-0.05705499276518822
addition_disjoint,consistent_block_raw,68,-0.038873568177223206,-0.05704166367650032
addition_disjoint,consistent_block_raw,69,-0.03883852809667587,-0.05700165033340454
addition_disjoint,consistent_block_raw,70,-0.039012178778648376,-0.057254157960414886
addition_disjoint,consistent_block_raw,71,-0.03887376934289932,-0.05705961957573891
addition_disjoint,consistent_block_raw,72,-0.038890447467565536,-0.05709270015358925
addition_disjoint,consistent_block_raw,73,-0.03882138431072235,-0.05699940025806427
addition_disjoint,consistent_block_raw,74,-0.0389074943959713,-0.05707309767603874
addition_disjoint,consistent_block_raw,75,-0.038853250443935394,-0.057019975036382675
addition_disjoint,consistent_block_raw,76,-0.039052918553352356,-0.05729120224714279
addition_disjoint,consistent_block_raw,77,-0.038853418081998825,-0.057021643966436386
addition_disjoint,consistent_block_raw,78,-0.038886986672878265,-0.05706898868083954
addition_disjoint,consistent_block_raw,79,-0.03883794695138931,-0.05700128898024559
addition_disjoint,consistent_block_raw,80,-0.038881368935108185,-0.05705864354968071
addition_disjoint,consistent_block_raw,81,-0.038867682218551636,-0.05705608054995537
addition_disjoint,consistent_block_raw,82,-0.03890077769756317,-0.05708941072225571
addition_disjoint,consistent_block_raw,83,-0.03882728889584541,-0.05698484554886818
addition_disjoint,consistent_block_raw,84,-0.038871120661497116,-0.057035721838474274
addition_disjoint,consistent_block_raw,85,-0.03889784216880798,-0.057076793164014816
addition_disjoint,consistent_block_raw,86,-0.03877244144678116,-0.056923095136880875
addition_disjoint,consistent_block_raw,87,-0.03893524035811424,-0.0571407824754715
addition_disjoint,consistent_block_raw,88,-0.03886166214942932,-0.05703724920749664
addition_disjoint,consistent_block_raw,89,-0.03880174458026886,-0.05693938955664635
addition_disjoint,consistent_block_raw,90,-0.03885028511285782,-0.05701741203665733
addition_disjoint,consistent_block_raw,91,-0.0388980396091938,-0.05708206072449684
addition_disjoint,consistent_block_raw,92,-0.03886960819363594,-0.05703943595290184
addition_disjoint,consistent_block_raw,93,-0.03882049024105072,-0.05696217715740204
addition_disjoint,consistent_block_raw,94,-0.03892821446061134,-0.057118989527225494
addition_disjoint,consistent_block_raw,95,-0.03878462314605713,-0.05691398307681084
addition_disjoint,consistent_block_raw,96,-0.03895099088549614,-0.05712876468896866
addition_disjoint,consistent_block_raw,97,-0.03881003335118294,-0.0569443516433239
addition_disjoint,consistent_block_raw,98,-0.038688089698553085,-0.05678591504693031
addition_disjoint,consistent_block_raw,99,-0.038986142724752426,-0.057196587324142456
addition_disjoint,consistent_block_raw,100,-0.03877956420183182,-0.05693308264017105
addition_disjoint,consistent_block_raw,101,-0.03893725201487541,-0.057138677686452866
addition_disjoint,consistent_block_raw,102,-0.03878919780254364,-0.056927260011434555
addition_disjoint,consistent_block_raw,103,-0.03869740664958954,-0.0568181537091732
addition_disjoint,consistent_block_raw,104,-0.03896261006593704,-0.05714765936136246
addition_disjoint,consistent_block_raw,105,-0.03894948959350586,-0.05714341253042221
addition_disjoint,consistent_block_raw,106,-0.03887177258729935,-0.057058196514844894
addition_disjoint,consistent_block_raw,107,-0.03882730379700661,-0.05698651447892189
addition_disjoint,consistent_block_raw,108,-0.038913775235414505,-0.05711087957024574
addition_disjoint,consistent_block_raw,109,-0.038909390568733215,-0.057099178433418274
addition_disjoint,consistent_block_raw,110,-0.038805171847343445,-0.05693897232413292
addition_disjoint,consistent_block_raw,111,-0.038864005357027054,-0.057029545307159424
addition_disjoint,consistent_block_raw,112,-0.03881872817873955,-0.05695826932787895
addition_disjoint,consistent_block_raw,113,-0.03883960843086243,-0.05700187385082245
addition_disjoint,consistent_block_raw,114,-0.038903992623090744,-0.05708839371800423
addition_disjoint,consistent_block_raw,115,-0.0387430414557457,-0.056864216923713684
addition_disjoint,consistent_block_raw,116,-0.038751717656850815,-0.05688714236021042
addition_disjoint,consistent_block_raw,117,-0.03890997916460037,-0.05710325390100479
addition_disjoint,consistent_block_raw,118,-0.03890351951122284,-0.057078104466199875
addition_disjoint,consistent_block_raw,119,-0.038850486278533936,-0.05700702220201492
addition_disjoint,consistent_block_raw,120,-0.03878156840801239,-0.05691123753786087
addition_disjoint,consistent_block_raw,121,-0.038803063333034515,-0.05694983899593353
addition_disjoint,consistent_block_raw,122,-0.038904640823602676,-0.057099755853414536
addition_disjoint,consistent_block_raw,123,-0.038804586976766586,-0.05696478113532066
addition_disjoint,consistent_block_raw,124,-0.0388869047164917,-0.05705728754401207
addition_disjoint,consistent_block_raw,125,-0.03886377438902855,-0.05704392492771149
addition_disjoint,consistent_block_raw,126,-0.03892580047249794,-0.05712515115737915
addition_disjoint,consistent_block_raw,127,-0.038999494165182114,-0.05724789947271347
addition_disjoint,consistent_block_raw,128,-0.03881213814020157,-0.05695425719022751
addition_disjoint,consistent_block_raw,129,-0.038807712495326996,-0.05696144327521324
addition_disjoint,consistent_block_raw,130,-0.038880035281181335,-0.05704899877309799
addition_disjoint,consistent_block_raw,131,-0.03886251524090767,-0.05702683702111244
addition_disjoint,consistent_block_raw,132,-0.03878282755613327,-0.05691186338663101
addition_disjoint,consistent_block_raw,133,-0.038842860609292984,-0.05702900514006615
addition_disjoint,consistent_block_raw,134,-0.03892817348241806,-0.05712634325027466
addition_disjoint,consistent_block_raw,135,-0.038915492594242096,-0.057117167860269547
addition_disjoint,consistent_block_raw,136,-0.03889046609401703,-0.05706768110394478
addition_disjoint,consistent_block_raw,137,-0.038905881345272064,-0.0571010448038578
addition_disjoint,consistent_block_raw,138,-0.03905598819255829,-0.057301003485918045
addition_disjoint,consistent_block_raw,139,-0.03885263204574585,-0.05701380968093872
addition_disjoint,consistent_block_raw,140,-0.03875129669904709,-0.05687868595123291
addition_disjoint,consistent_block_raw,141,-0.03888777643442154,-0.05706341192126274
addition_disjoint,consistent_block_raw,142,-0.0388236865401268,-0.056970320641994476
addition_disjoint,consistent_block_raw,143,-0.03886483982205391,-0.057048194110393524
addition_disjoint,consistent_block_raw,144,-0.039034925401210785,-0.05728231742978096
addition_disjoint,consistent_block_raw,145,-0.038850780576467514,-0.057020094245672226
addition_disjoint,consistent_block_raw,146,-0.03876198083162308,-0.056881215423345566
addition_disjoint,consistent_block_raw,147,-0.03893088921904564,-0.05712941661477089
addition_disjoint,consistent_block_raw,148,-0.03889353573322296,-0.057086504995822906
addition_disjoint,consistent_block_raw,149,-0.038904137909412384,-0.057100892066955566
addition_disjoint,consistent_block_raw,150,-0.03885193169116974,-0.057014044374227524
addition_disjoint,consistent_block_raw,151,-0.03883572667837143,-0.0570044107735157
addition_disjoint,consistent_block_raw,152,-0.03886428475379944,-0.057038795202970505
addition_disjoint,consistent_block_raw,153,-0.03886176273226738,-0.0570361353456974
addition_disjoint,consistent_block_raw,154,-0.03899234160780907,-0.057205233722925186
addition_disjoint,consistent_block_raw,155,-0.03891655057668686,-0.057112425565719604
addition_disjoint,consistent_block_raw,156,-0.03873644024133682,-0.05684215947985649
addition_disjoint,consistent_block_raw,157,-0.038694705814123154,-0.05680045112967491
addition_disjoint,consistent_block_raw,158,-0.038901325315237045,-0.057084690779447556
addition_disjoint,consistent_block_raw,159,-0.038948915898799896,-0.05715005099773407
addition_disjoint,consistent_block_raw,160,-0.03880923241376877,-0.05695485323667526
addition_disjoint,consistent_block_raw,161,-0.03889720141887665,-0.05709725618362427
addition_disjoint,consistent_block_raw,162,-0.03899142146110535,-0.0572158545255661
addition_disjoint,consistent_block_raw,163,-0.03878131881356239,-0.05692153796553612
addition_disjoint,consistent_block_raw,164,-0.03888530284166336,-0.05707240849733353
addition_disjoint,consistent_block_raw,165,-0.03891485184431076,-0.05712069571018219
addition_disjoint,consistent_block_raw,166,-0.03889162093400955,-0.05709187313914299
addition_disjoint,consistent_block_raw,167,-0.038811009377241135,-0.05696459859609604
addition_disjoint,consistent_block_raw,168,-0.038888707756996155,-0.05705447867512703
addition_disjoint,consistent_block_raw,169,-0.0388275682926178,-0.056990571320056915
addition_disjoint,consistent_block_raw,170,-0.038869019597768784,-0.057035528123378754
addition_disjoint,consistent_block_raw,171,-0.03884590417146683,-0.05701037496328354
addition_disjoint,consistent_block_raw,172,-0.03880096226930618,-0.05694295093417168
addition_disjoint,consistent_block_raw,173,-0.03888354450464249,-0.057082585990428925
addition_disjoint,consistent_block_raw,174,-0.03879006206989288,-0.056940700858831406
addition_disjoint,consistent_block_raw,175,-0.038847994059324265,-0.05702374875545502
addition_disjoint,consistent_block_raw,176,-0.038845427334308624,-0.05699298903346062
addition_disjoint,consistent_block_raw,177,-0.038841355592012405,-0.057004813104867935
addition_disjoint,consistent_block_raw,178,-0.03875374421477318,-0.056882478296756744
addition_disjoint,consistent_block_raw,179,-0.03883771225810051,-0.056992266327142715
addition_disjoint,consistent_block_raw,180,-0.03890947997570038,-0.057085778564214706
addition_disjoint,consistent_block_raw,181,-0.038763538002967834,-0.056888993829488754
addition_disjoint,consistent_block_raw,182,-0.0388031080365181,-0.056943804025650024
addition_disjoint,consistent_block_raw,183,-0.038769982755184174,-0.056915707886219025
addition_disjoint,consistent_block_raw,184,-0.03880636766552925,-0.05695433169603348
addition_disjoint,consistent_block_raw,185,-0.03887815773487091,-0.05704851448535919
addition_disjoint,consistent_block_raw,186,-0.03893895447254181,-0.057146988809108734
addition_disjoint,consistent_block_raw,187,-0.03888728469610214,-0.05706445872783661
addition_disjoint,consistent_block_raw,188,-0.038835007697343826,-0.05699186399579048
addition_disjoint,consistent_block_raw,189,-0.03900177404284477,-0.05722391977906227
addition_disjoint,consistent_block_raw,190,-0.038864582777023315,-0.05703837051987648
addition_disjoint,consistent_block_raw,191,-0.03882140293717384,-0.05699517950415611
addition_disjoint,consistent_block_raw,192,-0.03875070437788963,-0.05688363313674927
addition_disjoint,consistent_block_raw,193,-0.03884885087609291,-0.05701683461666107
addition_disjoint,consistent_block_raw,194,-0.038943931460380554,-0.05714260786771774
addition_disjoint,consistent_block_raw,195,-0.03894631937146187,-0.05716463923454285
addition_disjoint,consistent_block_raw,196,-0.038820408284664154,-0.05698315426707268
addition_disjoint,consistent_block_raw,197,-0.038959287106990814,-0.057170264422893524
addition_disjoint,consistent_block_raw,198,-0.03883809223771095,-0.05700959265232086
addition_disjoint,common_rmsnorm,0,-0.21760344505310059,-0.36277148127555847
addition_disjoint,common_rmsnorm,1,-0.21754176914691925,-0.3626243770122528
addition_disjoint,common_rmsnorm,2,-0.21728533506393433,-0.3623795807361603
addition_disjoint,common_rmsnorm,3,-0.21755433082580566,-0.36263105273246765
addition_disjoint,common_rmsnorm,4,-0.21754090487957,-0.36280161142349243
addition_disjoint,common_rmsnorm,5,-0.21727213263511658,-0.3623361885547638
addition_disjoint,common_rmsnorm,6,-0.21764391660690308,-0.36278849840164185
addition_disjoint,common_rmsnorm,7,-0.21777057647705078,-0.3629247844219208
addition_disjoint,common_rmsnorm,8,-0.21740400791168213,-0.36252835392951965
addition_disjoint,common_rmsnorm,9,-0.2177174985408783,-0.3630681335926056
addition_disjoint,common_rmsnorm,10,-0.21743206679821014,-0.36241498589515686
addition_disjoint,common_rmsnorm,11,-0.21753233671188354,-0.36266231536865234
addition_disjoint,common_rmsnorm,12,-0.21773919463157654,-0.36289411783218384
addition_disjoint,common_rmsnorm,13,-0.21775192022323608,-0.3629923164844513
addition_disjoint,common_rmsnorm,14,-0.2173599749803543,-0.3623358905315399
addition_disjoint,common_rmsnorm,15,-0.21762526035308838,-0.3627413511276245
addition_disjoint,common_rmsnorm,16,-0.21750202775001526,-0.3626769185066223
addition_disjoint,common_rmsnorm,17,-0.21751520037651062,-0.3627111613750458
addition_disjoint,common_rmsnorm,18,-0.21775183081626892,-0.36310726404190063
addition_disjoint,common_rmsnorm,19,-0.21758155524730682,-0.36276814341545105
addition_disjoint,common_rmsnorm,20,-0.21740436553955078,-0.36247846484184265
addition_disjoint,common_rmsnorm,21,-0.21751059591770172,-0.36265403032302856
addition_disjoint,common_rmsnorm,22,-0.21769751608371735,-0.36289963126182556
addition_disjoint,common_rmsnorm,23,-0.2174103707075119,-0.36247143149375916
addition_disjoint,common_rmsnorm,24,-0.21769969165325165,-0.3630579710006714
addition_disjoint,common_rmsnorm,25,-0.21748775243759155,-0.3625316619873047
addition_disjoint,common_rmsnorm,26,-0.21742825210094452,-0.3625153601169586
addition_disjoint,common_rmsnorm,27,-0.21752873063087463,-0.3626258075237274
addition_disjoint,common_rmsnorm,28,-0.21724896132946014,-0.3622474670410156
addition_disjoint,common_rmsnorm,29,-0.21751117706298828,-0.36275923252105713
addition_disjoint,common_rmsnorm,30,-0.217645063996315,-0.3628903925418854
addition_disjoint,common_rmsnorm,31,-0.2175706923007965,-0.3627772033214569
addition_disjoint,common_rmsnorm,32,-0.21751871705055237,-0.3625957667827606
addition_disjoint,common_rmsnorm,33,-0.2173013687133789,-0.362311989068985
addition_disjoint,common_rmsnorm,34,-0.21738484501838684,-0.3624930679798126
addition_disjoint,common_rmsnorm,35,-0.21744775772094727,-0.3625507950782776
addition_disjoint,common_rmsnorm,36,-0.2172968089580536,-0.36216118931770325
addition_disjoint,common_rmsnorm,37,-0.21763519942760468,-0.36289143562316895
addition_disjoint,common_rmsnorm,38,-0.21740378439426422,-0.3625484108924866
addition_disjoint,common_rmsnorm,39,-0.21784301102161407,-0.3632315695285797
addition_disjoint,common_rmsnorm,40,-0.21743997931480408,-0.362506628036499
addition_disjoint,common_rmsnorm,41,-0.21750640869140625,-0.36266252398490906
addition_disjoint,common_rmsnorm,42,-0.21746574342250824,-0.36263149976730347
addition_disjoint,common_rmsnorm,43,-0.21761247515678406,-0.3628777861595154
addition_disjoint,common_rmsnorm,44,-0.21776510775089264,-0.363070547580719
addition_disjoint,common_rmsnorm,45,-0.21771635115146637,-0.36308810114860535
addition_disjoint,common_rmsnorm,46,-0.21743988990783691,-0.3624637722969055
addition_disjoint,common_rmsnorm,47,-0.21736712753772736,-0.3623805642127991
addition_disjoint,common_rmsnorm,48,-0.21740496158599854,-0.3624407649040222
addition_disjoint,common_rmsnorm,49,-0.2174164056777954,-0.36261093616485596
addition_disjoint,common_rmsnorm,50,-0.21762947738170624,-0.3628523051738739
addition_disjoint,common_rmsnorm,51,-0.21747687458992004,-0.3625727891921997
addition_disjoint,common_rmsnorm,52,-0.2174363136291504,-0.3625086545944214
addition_disjoint,common_rmsnorm,53,-0.21746577322483063,-0.3625822067260742
addition_disjoint,common_rmsnorm,54,-0.2172594517469406,-0.3623560667037964
addition_disjoint,common_rmsnorm,55,-0.21760830283164978,-0.36299464106559753
addition_disjoint,common_rmsnorm,56,-0.2175818383693695,-0.3627808690071106
addition_disjoint,common_rmsnorm,57,-0.21776264905929565,-0.36315011978149414
addition_disjoint,common_rmsnorm,58,-0.21763315796852112,-0.3628978431224823
addition_disjoint,common_rmsnorm,59,-0.21726299822330475,-0.36229512095451355
addition_disjoint,common_rmsnorm,60,-0.21766485273838043,-0.36277347803115845
addition_disjoint,common_rmsnorm,61,-0.21758043766021729,-0.36270463466644287
addition_disjoint,common_rmsnorm,62,-0.21756236255168915,-0.3627263605594635
addition_disjoint,common_rmsnorm,63,-0.21785302460193634,-0.3631281554698944
addition_disjoint,common_rmsnorm,64,-0.21761971712112427,-0.36290213465690613
addition_disjoint,common_rmsnorm,65,-0.2175028771162033,-0.3626808226108551
addition_disjoint,common_rmsnorm,66,-0.2174983024597168,-0.36261698603630066
addition_disjoint,common_rmsnorm,67,-0.21763432025909424,-0.36292514204978943
addition_disjoint,common_rmsnorm,68,-0.21731996536254883,-0.3623102009296417
addition_disjoint,common_rmsnorm,69,-0.21746765077114105,-0.3623972535133362
addition_disjoint,common_rmsnorm,70,-0.21786268055438995,-0.3631705343723297
addition_disjoint,common_rmsnorm,71,-0.21760407090187073,-0.36288318037986755
addition_disjoint,common_rmsnorm,72,-0.21770741045475006,-0.36295589804649353
addition_disjoint,common_rmsnorm,73,-0.21735341846942902,-0.3624018430709839
addition_disjoint,common_rmsnorm,74,-0.2173277586698532,-0.3624228537082672
addition_disjoint,common_rmsnorm,75,-0.21758513152599335,-0.3628474771976471
addition_disjoint,common_rmsnorm,76,-0.21749334037303925,-0.362670361995697
addition_disjoint,common_rmsnorm,77,-0.2174421101808548,-0.3626275062561035
addition_disjoint,common_rmsnorm,78,-0.21760514378547668,-0.362847238779068
addition_disjoint,common_rmsnorm,79,-0.2176106870174408,-0.3629247844219208
addition_disjoint,common_rmsnorm,80,-0.21748018264770508,-0.36260733008384705
addition_disjoint,common_rmsnorm,81,-0.21754774451255798,-0.362836629152298
addition_disjoint,common_rmsnorm,82,-0.21771495044231415,-0.363077312707901
addition_disjoint,common_rmsnorm,83,-0.2173352986574173,-0.36229875683784485
addition_disjoint,common_rmsnorm,84,-0.21756379306316376,-0.3627515137195587
addition_disjoint,common_rmsnorm,85,-0.21740274131298065,-0.36246728897094727
addition_disjoint,common_rmsnorm,86,-0.21773003041744232,-0.36296650767326355
addition_disjoint,common_rmsnorm,87,-0.2178257405757904,-0.363120436668396
addition_disjoint,common_rmsnorm,88,-0.21752655506134033,-0.3627292215824127
addition_disjoint,common_rmsnorm,89,-0.21733011305332184,-0.36235105991363525
addition_disjoint,common_rmsnorm,90,-0.21747644245624542,-0.3626299202442169
addition_disjoint,common_rmsnorm,91,-0.21740908920764923,-0.36250051856040955
addition_disjoint,common_rmsnorm,92,-0.21725600957870483,-0.36216673254966736
addition_disjoint,common_rmsnorm,93,-0.21759262681007385,-0.3626920282840729
addition_disjoint,common_rmsnorm,94,-0.21738602221012115,-0.362440288066864
addition_disjoint,common_rmsnorm,95,-0.21746830642223358,-0.36262500286102295
addition_disjoint,common_rmsnorm,96,-0.21772362291812897,-0.3629773259162903
addition_disjoint,common_rmsnorm,97,-0.21709181368350983,-0.36189842224121094
addition_disjoint,common_rmsnorm,98,-0.21706104278564453,-0.3619959056377411
addition_disjoint,common_rmsnorm,99,-0.21740210056304932,-0.3625263273715973
addition_disjoint,common_rmsnorm,100,-0.21736091375350952,-0.3625067472457886
addition_disjoint,common_rmsnorm,101,-0.2172895222902298,-0.3623862564563751
addition_disjoint,common_rmsnorm,102,-0.21764646470546722,-0.3628552556037903
addition_disjoint,common_rmsnorm,103,-0.21714919805526733,-0.3620653748512268
addition_disjoint,common_rmsnorm,104,-0.21742771565914154,-0.3625037670135498
addition_disjoint,common_rmsnorm,105,-0.2173478603363037,-0.36243388056755066
addition_disjoint,common_rmsnorm,106,-0.21748697757720947,-0.3627355992794037
addition_disjoint,common_rmsnorm,107,-0.21773384511470795,-0.3630111813545227
addition_disjoint,common_rmsnorm,108,-0.21713781356811523,-0.3620735704898834
addition_disjoint,common_rmsnorm,109,-0.2174292802810669,-0.3624991476535797
addition_disjoint,common_rmsnorm,110,-0.2176312953233719,-0.36279141902923584
addition_disjoint,common_rmsnorm,111,-0.21752530336380005,-0.36259254813194275
addition_disjoint,common_rmsnorm,112,-0.21748079359531403,-0.36261022090911865
addition_disjoint,common_rmsnorm,113,-0.2177324742078781,-0.36305415630340576
addition_disjoint,common_rmsnorm,114,-0.21760720014572144,-0.3628254532814026
addition_disjoint,common_rmsnorm,115,-0.21731604635715485,-0.3623828589916229
addition_disjoint,common_rmsnorm,116,-0.21743059158325195,-0.3625045716762543
addition_disjoint,common_rmsnorm,117,-0.21749213337898254,-0.3624717891216278
addition_disjoint,common_rmsnorm,118,-0.2175469696521759,-0.3626989722251892
addition_disjoint,common_rmsnorm,119,-0.2177114486694336,-0.36297696828842163
addition_disjoint,common_rmsnorm,120,-0.21760106086730957,-0.3627854287624359
addition_disjoint,common_rmsnorm,121,-0.21765297651290894,-0.3629559874534607
addition_disjoint,common_rmsnorm,122,-0.2176823914051056,-0.3628803789615631
addition_disjoint,common_rmsnorm,123,-0.21765904128551483,-0.36285167932510376
addition_disjoint,common_rmsnorm,124,-0.21742907166481018,-0.36246317625045776
addition_disjoint,common_rmsnorm,125,-0.21779555082321167,-0.36322540044784546
addition_disjoint,common_rmsnorm,126,-0.21751321852207184,-0.3626282811164856
addition_disjoint,common_rmsnorm,127,-0.2175624519586563,-0.3627260625362396
addition_disjoint,common_rmsnorm,128,-0.21742013096809387,-0.3624153137207031
addition_disjoint,common_rmsnorm,129,-0.21735507249832153,-0.3623952269554138
addition_disjoint,common_rmsnorm,130,-0.21756209433078766,-0.36268144845962524
addition_disjoint,common_rmsnorm,131,-0.21711087226867676,-0.3619149327278137
addition_disjoint,common_rmsnorm,132,-0.2172463834285736,-0.3621567189693451
addition_disjoint,common_rmsnorm,133,-0.2176027148962021,-0.36270904541015625
addition_disjoint,common_rmsnorm,134,-0.21758803725242615,-0.3627965450286865
addition_disjoint,common_rmsnorm,135,-0.2176680862903595,-0.3628852069377899
addition_disjoint,common_rmsnorm,136,-0.21747812628746033,-0.3626260757446289
addition_disjoint,common_rmsnorm,137,-0.21759973466396332,-0.36278992891311646
addition_disjoint,common_rmsnorm,138,-0.21778935194015503,-0.363158255815506
addition_disjoint,common_rmsnorm,139,-0.21762198209762573,-0.36266040802001953
addition_disjoint,common_rmsnorm,140,-0.21761536598205566,-0.3628399074077606
addition_disjoint,common_rmsnorm,141,-0.21752981841564178,-0.36264848709106445
addition_disjoint,common_rmsnorm,142,-0.2174890637397766,-0.3625032305717468
addition_disjoint,common_rmsnorm,143,-0.21744480729103088,-0.3625532388687134
addition_disjoint,common_rmsnorm,144,-0.2173633575439453,-0.3624407649040222
addition_disjoint,common_rmsnorm,145,-0.21751897037029266,-0.36261609196662903
addition_disjoint,common_rmsnorm,146,-0.21761490404605865,-0.3627628982067108
addition_disjoint,common_rmsnorm,147,-0.2174483686685562,-0.3625568151473999
addition_disjoint,common_rmsnorm,148,-0.21737852692604065,-0.36247992515563965
addition_disjoint,common_rmsnorm,149,-0.2171153575181961,-0.36195552349090576
addition_disjoint,common_rmsnorm,150,-0.21728552877902985,-0.3622801899909973
addition_disjoint,common_rmsnorm,151,-0.2175319790840149,-0.36275649070739746
addition_disjoint,common_rmsnorm,152,-0.21760715544223785,-0.36287134885787964
addition_disjoint,common_rmsnorm,153,-0.21736469864845276,-0.36236268281936646
addition_disjoint,common_rmsnorm,154,-0.21727614104747772,-0.3621974587440491
addition_disjoint,common_rmsnorm,155,-0.21746855974197388,-0.3625849187374115
addition_disjoint,common_rmsnorm,156,-0.21761131286621094,-0.36274227499961853
addition_disjoint,common_rmsnorm,157,-0.21779978275299072,-0.3630719482898712
addition_disjoint,common_rmsnorm,158,-0.21753956377506256,-0.36268725991249084
addition_disjoint,common_rmsnorm,159,-0.21744251251220703,-0.3625430762767792
addition_disjoint,common_rmsnorm,160,-0.21758702397346497,-0.3628194332122803
addition_disjoint,common_rmsnorm,161,-0.21734942495822906,-0.3624434769153595
addition_disjoint,common_rmsnorm,162,-0.2174319326877594,-0.36239221692085266
addition_disjoint,common_rmsnorm,163,-0.21743032336235046,-0.3625475764274597
addition_disjoint,common_rmsnorm,164,-0.21736830472946167,-0.3624158203601837
addition_disjoint,common_rmsnorm,165,-0.21759258210659027,-0.3627062439918518
addition_disjoint,common_rmsnorm,166,-0.21748407185077667,-0.3627152144908905
addition_disjoint,common_rmsnorm,167,-0.21758633852005005,-0.36278051137924194
addition_disjoint,common_rmsnorm,168,-0.21754097938537598,-0.3626173734664917
addition_disjoint,common_rmsnorm,169,-0.21749019622802734,-0.3625253140926361
addition_disjoint,common_rmsnorm,170,-0.2174205631017685,-0.3624730408191681
addition_disjoint,common_rmsnorm,171,-0.21744437515735626,-0.36258113384246826
addition_disjoint,common_rmsnorm,172,-0.21752867102622986,-0.362623929977417
addition_disjoint,common_rmsnorm,173,-0.2174466997385025,-0.3625667989253998
addition_disjoint,common_rmsnorm,174,-0.2174641340970993,-0.36265087127685547
addition_disjoint,common_rmsnorm,175,-0.21746473014354706,-0.36259782314300537
addition_disjoint,common_rmsnorm,176,-0.21765322983264923,-0.3628745973110199
addition_disjoint,common_rmsnorm,177,-0.21732348203659058,-0.36220547556877136
addition_disjoint,common_rmsnorm,178,-0.21764887869358063,-0.36283621191978455
addition_disjoint,common_rmsnorm,179,-0.21746309101581573,-0.3625152111053467
addition_disjoint,common_rmsnorm,180,-0.21755729615688324,-0.36269012093544006
addition_disjoint,common_rmsnorm,181,-0.21727891266345978,-0.3622066080570221
addition_disjoint,common_rmsnorm,182,-0.21728800237178802,-0.36233556270599365
addition_disjoint,common_rmsnorm,183,-0.21739260852336884,-0.36244872212409973
addition_disjoint,common_rmsnorm,184,-0.2174614518880844,-0.36261096596717834
addition_disjoint,common_rmsnorm,185,-0.21757476031780243,-0.3627568781375885
addition_disjoint,common_rmsnorm,186,-0.2177857905626297,-0.3631572723388672
addition_disjoint,common_rmsnorm,187,-0.21780484914779663,-0.3630324602127075
addition_disjoint,common_rmsnorm,188,-0.21734292805194855,-0.36239761114120483
addition_disjoint,common_rmsnorm,189,-0.21755802631378174,-0.362783819437027
addition_disjoint,common_rmsnorm,190,-0.21767620742321014,-0.36302244663238525
addition_disjoint,common_rmsnorm,191,-0.2175566852092743,-0.3627301752567291
addition_disjoint,common_rmsnorm,192,-0.21761903166770935,-0.3627994954586029
addition_disjoint,common_rmsnorm,193,-0.21771442890167236,-0.36300987005233765
addition_disjoint,common_rmsnorm,194,-0.21758130192756653,-0.3627988398075104
addition_disjoint,common_rmsnorm,195,-0.21725459396839142,-0.3622110188007355
addition_disjoint,common_rmsnorm,196,-0.21773910522460938,-0.3630397319793701
addition_disjoint,common_rmsnorm,197,-0.2177589386701584,-0.3630414307117462
addition_disjoint,common_rmsnorm,198,-0.21729892492294312,-0.3623199462890625
arithmetic_mixed,cached_mixed_raw,0,0.06718327105045319,0.0848914235830307
arithmetic_mixed,cached_mixed_raw,1,0.06738506257534027,0.0851818099617958
arithmetic_mixed,cached_mixed_raw,2,0.06729697436094284,0.0850440114736557
arithmetic_mixed,cached_mixed_raw,3,0.06696407496929169,0.084575355052948
arithmetic_mixed,cached_mixed_raw,4,0.06725489348173141,0.08500076085329056
arithmetic_mixed,cached_mixed_raw,5,0.06736623495817184,0.08516990393400192
arithmetic_mixed,cached_mixed_raw,6,0.06698355078697205,0.084638811647892
arithmetic_mixed,cached_mixed_raw,7,0.06720246374607086,0.08491962403059006
arithmetic_mixed,cached_mixed_raw,8,0.06678017973899841,0.0843529999256134
arithmetic_mixed,cached_mixed_raw,9,0.06711515784263611,0.08481486141681671
arithmetic_mixed,cached_mixed_raw,10,0.06714998930692673,0.08487725257873535
arithmetic_mixed,cached_mixed_raw,11,0.06722502410411835,0.0849640890955925
arithmetic_mixed,cached_mixed_raw,12,0.06741639971733093,0.08524767309427261
arithmetic_mixed,cached_mixed_raw,13,0.06710530072450638,0.08482052385807037
arithmetic_mixed,cached_mixed_raw,14,0.06697013229131699,0.0845925584435463
arithmetic_mixed,cached_mixed_raw,15,0.06693246215581894,0.08459737151861191
arithmetic_mixed,cached_mixed_raw,16,0.06739063560962677,0.08520222455263138
arithmetic_mixed,cached_mixed_raw,17,0.06726817786693573,0.08504222333431244
arithmetic_mixed,cached_mixed_raw,18,0.06714417040348053,0.08486120402812958
arithmetic_mixed,cached_mixed_raw,19,0.06754066795110703,0.08539018779993057
arithmetic_mixed,cached_mixed_raw,20,0.06716446578502655,0.08488498628139496
arithmetic_mixed,cached_mixed_raw,21,0.06715159118175507,0.08488234132528305
arithmetic_mixed,cached_mixed_raw,22,0.06697140634059906,0.08460384607315063
arithmetic_mixed,cached_mixed_raw,23,0.06728039681911469,0.08503688126802444
arithmetic_mixed,cached_mixed_raw,24,0.06677183508872986,0.08435450494289398
arithmetic_mixed,cached_mixed_raw,25,0.06688421219587326,0.08446259051561356
arithmetic_mixed,cached_mixed_raw,26,0.0670027881860733,0.08463854342699051
arithmetic_mixed,cached_mixed_raw,27,0.06730057299137115,0.08506055921316147
arithmetic_mixed,cached_mixed_raw,28,0.06701159477233887,0.08468996733427048
arithmetic_mixed,cached_mixed_raw,29,0.06725123524665833,0.08500808477401733
arithmetic_mixed,cached_mixed_raw,30,0.0672900602221489,0.08506008982658386
arithmetic_mixed,cached_mixed_raw,31,0.06717635691165924,0.08489391952753067
arithmetic_mixed,cached_mixed_raw,32,0.06703002005815506,0.08465860038995743
arithmetic_mixed,cached_mixed_raw,33,0.06725579500198364,0.08503011614084244
arithmetic_mixed,cached_mixed_raw,34,0.06713628023862839,0.08487064391374588
arithmetic_mixed,cached_mixed_raw,35,0.06689352542161942,0.08451734483242035
arithmetic_mixed,cached_mixed_raw,36,0.0671427845954895,0.08487306535243988
arithmetic_mixed,cached_mixed_raw,37,0.06728648394346237,0.08506233245134354
arithmetic_mixed,cached_mixed_raw,38,0.06698369234800339,0.08461600542068481
arithmetic_mixed,cached_mixed_raw,39,0.06705852597951889,0.08475375920534134
arithmetic_mixed,cached_mixed_raw,40,0.06719814985990524,0.08492311835289001
arithmetic_mixed,cached_mixed_raw,41,0.06728828698396683,0.08504913002252579
arithmetic_mixed,cached_mixed_raw,42,0.0669064074754715,0.08449838310480118
arithmetic_mixed,cached_mixed_raw,43,0.06745578348636627,0.08528508245944977
arithmetic_mixed,cached_mixed_raw,44,0.0671999379992485,0.08491533249616623
arithmetic_mixed,cached_mixed_raw,45,0.06721021234989166,0.08494701236486435
arithmetic_mixed,cached_mixed_raw,46,0.06716133654117584,0.08490213751792908
arithmetic_mixed,cached_mixed_raw,47,0.06702400743961334,0.08468133211135864
arithmetic_mixed,cached_mixed_raw,48,0.06713570654392242,0.08485130965709686
arithmetic_mixed,cached_mixed_raw,49,0.06733356416225433,0.08517026901245117
arithmetic_mixed,cached_mixed_raw,50,0.06737111508846283,0.08518382161855698
arithmetic_mixed,cached_mixed_raw,51,0.06750782579183578,0.08538365364074707
arithmetic_mixed,cached_mixed_raw,52,0.06713702529668808,0.08485455065965652
arithmetic_mixed,cached_mixed_raw,53,0.06713459640741348,0.08484458178281784
arithmetic_mixed,cached_mixed_raw,54,0.06714415550231934,0.08483083546161652
arithmetic_mixed,cached_mixed_raw,55,0.06689460575580597,0.08451317995786667
arithmetic_mixed,cached_mixed_raw,56,0.06719352304935455,0.08494085818529129
arithmetic_mixed,cached_mixed_raw,57,0.06706744432449341,0.08478546142578125
arithmetic_mixed,cached_mixed_raw,58,0.06700032949447632,0.08467723429203033
arithmetic_mixed,cached_mixed_raw,59,0.06717617064714432,0.0849180594086647
arithmetic_mixed,cached_mixed_raw,60,0.06720277667045593,0.08493503928184509
arithmetic_mixed,cached_mixed_raw,61,0.06712032854557037,0.08482794463634491
arithmetic_mixed,cached_mixed_raw,62,0.06696843355894089,0.08463722467422485
arithmetic_mixed,cached_mixed_raw,63,0.06696987897157669,0.08460766822099686
arithmetic_mixed,cached_mixed_raw,64,0.06734329462051392,0.08511597663164139
arithmetic_mixed,cached_mixed_raw,65,0.06717181205749512,0.0848885178565979
arithmetic_mixed,cached_mixed_raw,66,0.06718654930591583,0.08492495119571686
arithmetic_mixed,cached_mixed_raw,67,0.06719282269477844,0.08492392301559448
arithmetic_mixed,cached_mixed_raw,68,0.06724566966295242,0.08500051498413086
arithmetic_mixed,cached_mixed_raw,69,0.06722206622362137,0.08498238772153854
arithmetic_mixed,cached_mixed_raw,70,0.06736980378627777,0.08516114950180054
arithmetic_mixed,cached_mixed_raw,71,0.0670684203505516,0.08476309478282928
arithmetic_mixed,cached_mixed_raw,72,0.06710394471883774,0.08477488905191422
arithmetic_mixed,cached_mixed_raw,73,0.06696963310241699,0.08466144651174545
arithmetic_mixed,cached_mixed_raw,74,0.06710326671600342,0.0848044604063034
arithmetic_mixed,cached_mixed_raw,75,0.06721214205026627,0.08495546132326126
arithmetic_mixed,cached_mixed_raw,76,0.06723391264677048,0.08495275676250458
arithmetic_mixed,cached_mixed_raw,77,0.06731412559747696,0.0850866436958313
arithmetic_mixed,cached_mixed_raw,78,0.06715639680624008,0.08486554026603699
arithmetic_mixed,cached_mixed_raw,79,0.06716009229421616,0.08488433808088303
arithmetic_mixed,cached_mixed_raw,80,0.06708378344774246,0.08476753532886505
arithmetic_mixed,cached_mixed_raw,81,0.0673532634973526,0.08514084666967392
arithmetic_mixed,cached_mixed_raw,82,0.06729379296302795,0.08505654335021973
arithmetic_mixed,cached_mixed_raw,83,0.06699280440807343,0.08462463319301605
arithmetic_mixed,cached_mixed_raw,84,0.06720203906297684,0.08490382134914398
arithmetic_mixed,cached_mixed_raw,85,0.06712930649518967,0.08484867215156555
arithmetic_mixed,cached_mixed_raw,86,0.06711125373840332,0.08483554422855377
arithmetic_mixed,cached_mixed_raw,87,0.06756923347711563,0.08544628322124481
arithmetic_mixed,cached_mixed_raw,88,0.06708887964487076,0.08479997515678406
arithmetic_mixed,cached_mixed_raw,89,0.0668594017624855,0.08445630967617035
arithmetic_mixed,cached_mixed_raw,90,0.06707093864679337,0.08478177338838577
arithmetic_mixed,cached_mixed_raw,91,0.06704176217317581,0.08469434827566147
arithmetic_mixed,cached_mixed_raw,92,0.06735260039567947,0.08516848832368851
arithmetic_mixed,cached_mixed_raw,93,0.06691919267177582,0.08453639596700668
arithmetic_mixed,cached_mixed_raw,94,0.06696820259094238,0.08459750562906265
arithmetic_mixed,cached_mixed_raw,95,0.06706859171390533,0.084770567715168
arithmetic_mixed,cached_mixed_raw,96,0.06753107905387878,0.08539360016584396
arithmetic_mixed,cached_mixed_raw,97,0.06716334074735641,0.08486036956310272
arithmetic_mixed,cached_mixed_raw,98,0.06710751354694366,0.0848030149936676
arithmetic_mixed,cached_mixed_raw,99,0.06700309365987778,0.08462674170732498
arithmetic_mixed,cached_mixed_raw,100,0.06704644113779068,0.08470843732357025
arithmetic_mixed,cached_mixed_raw,101,0.067195363342762,0.08493003994226456
arithmetic_mixed,cached_mixed_raw,102,0.06721802055835724,0.08496472239494324
arithmetic_mixed,cached_mixed_raw,103,0.06731344759464264,0.08509161323308945
arithmetic_mixed,cached_mixed_raw,104,0.06708549708127975,0.08477233350276947
arithmetic_mixed,cached_mixed_raw,105,0.0671374574303627,0.08482226729393005
arithmetic_mixed,cached_mixed_raw,106,0.06690214574337006,0.0845068097114563
arithmetic_mixed,cached_mixed_raw,107,0.06705877184867859,0.08472973853349686
arithmetic_mixed,cached_mixed_raw,108,0.06689751893281937,0.08449535816907883
arithmetic_mixed,cached_mixed_raw,109,0.06685031950473785,0.08445580303668976
arithmetic_mixed,cached_mixed_raw,110,0.06716705858707428,0.0849054753780365
arithmetic_mixed,cached_mixed_raw,111,0.06690652668476105,0.08453712612390518
arithmetic_mixed,cached_mixed_raw,112,0.06726133078336716,0.0850340947508812
arithmetic_mixed,cached_mixed_raw,113,0.06718890368938446,0.08494293689727783
arithmetic_mixed,cached_mixed_raw,114,0.0670376718044281,0.08471254259347916
arithmetic_mixed,cached_mixed_raw,115,0.06723810732364655,0.08500920236110687
arithmetic_mixed,cached_mixed_raw,116,0.0669497698545456,0.08455944806337357
arithmetic_mixed,cached_mixed_raw,117,0.06740470975637436,0.08522728830575943
arithmetic_mixed,cached_mixed_raw,118,0.06695776432752609,0.08461087942123413
arithmetic_mixed,cached_mixed_raw,119,0.06663251668214798,0.08413145691156387
arithmetic_mixed,cached_mixed_raw,120,0.06714127212762833,0.08485281467437744
arithmetic_mixed,cached_mixed_raw,121,0.06694652885198593,0.08459042757749557
arithmetic_mixed,cached_mixed_raw,122,0.06729163974523544,0.08504632860422134
arithmetic_mixed,cached_mixed_raw,123,0.06699243187904358,0.08464418351650238
arithmetic_mixed,cached_mixed_raw,124,0.06720207631587982,0.08493904769420624
arithmetic_mixed,cached_mixed_raw,125,0.06712399423122406,0.08483552187681198
arithmetic_mixed,cached_mixed_raw,126,0.06735343486070633,0.08514763414859772
arithmetic_mixed,cached_mixed_raw,127,0.06726215034723282,0.08504203706979752
arithmetic_mixed,cached_mixed_raw,128,0.0671783834695816,0.08491382002830505
arithmetic_mixed,cached_mixed_raw,129,0.06729166209697723,0.08506691455841064
arithmetic_mixed,cached_mixed_raw,130,0.06698738783597946,0.0846678763628006
arithmetic_mixed,cached_mixed_raw,131,0.06712505966424942,0.08482995629310608
arithmetic_mixed,cached_mixed_raw,132,0.06697895377874374,0.08463387936353683
arithmetic_mixed,cached_mixed_raw,133,0.06746034324169159,0.08531136065721512
arithmetic_mixed,cached_mixed_raw,134,0.06718792021274567,0.08491385728120804
arithmetic_mixed,cached_mixed_raw,135,0.06676047295331955,0.08429280668497086
arithmetic_mixed,cached_mixed_raw,136,0.06743833422660828,0.08524160832166672
arithmetic_mixed,cached_mixed_raw,137,0.06722461432218552,0.08494137972593307
arithmetic_mixed,cached_mixed_raw,138,0.06727977097034454,0.08507499098777771
arithmetic_mixed,cached_mixed_raw,139,0.06706668436527252,0.0847487673163414
arithmetic_mixed,cached_mixed_raw,140,0.06728264689445496,0.08506108820438385
arithmetic_mixed,cached_mixed_raw,141,0.06713186204433441,0.08485470712184906
arithmetic_mixed,cached_mixed_raw,142,0.06689450889825821,0.08449511229991913
arithmetic_mixed,cached_mixed_raw,143,0.06721939146518707,0.08494176715612411
arithmetic_mixed,cached_mixed_raw,144,0.06670685112476349,0.0842491164803505
arithmetic_mixed,cached_mixed_raw,145,0.06699098646640778,0.0846462994813919
arithmetic_mixed,cached_mixed_raw,146,0.06702598184347153,0.08469893038272858
arithmetic_mixed,cached_mixed_raw,147,0.06719335913658142,0.08493992686271667
arithmetic_mixed,cached_mixed_raw,148,0.06709379702806473,0.0847569927573204
arithmetic_mixed,cached_mixed_raw,149,0.06720195710659027,0.08496055006980896
arithmetic_mixed,cached_mixed_raw,150,0.06733648478984833,0.08511117845773697
arithmetic_mixed,cached_mixed_raw,151,0.06693577766418457,0.08457297086715698
arithmetic_mixed,cached_mixed_raw,152,0.06718189269304276,0.08493142575025558
arithmetic_mixed,cached_mixed_raw,153,0.06707155704498291,0.08471057564020157
arithmetic_mixed,cached_mixed_raw,154,0.06707190722227097,0.08474087715148926
arithmetic_mixed,cached_mixed_raw,155,0.06692012399435043,0.08458387851715088
arithmetic_mixed,cached_mixed_raw,156,0.06720500439405441,0.0849267989397049
arithmetic_mixed,cached_mixed_raw,157,0.06714305281639099,0.08484190702438354
arithmetic_mixed,cached_mixed_raw,158,0.06747527420520782,0.08530763536691666
arithmetic_mixed,cached_mixed_raw,159,0.0673128217458725,0.08507684618234634
arithmetic_mixed,cached_mixed_raw,160,0.06705152243375778,0.0847717821598053
arithmetic_mixed,cached_mixed_raw,161,0.0669163167476654,0.0845639705657959
arithmetic_mixed,cached_mixed_raw,162,0.06704091280698776,0.0847102627158165
arithmetic_mixed,cached_mixed_raw,163,0.06697379052639008,0.08461040258407593
arithmetic_mixed,cached_mixed_raw,164,0.06736168265342712,0.08515187352895737
arithmetic_mixed,cached_mixed_raw,165,0.0673261508345604,0.08509919047355652
arithmetic_mixed,cached_mixed_raw,166,0.06713125854730606,0.0848507359623909
arithmetic_mixed,cached_mixed_raw,167,0.06692041456699371,0.08455564826726913
arithmetic_mixed,cached_mixed_raw,168,0.06713416427373886,0.08487914502620697
arithmetic_mixed,cached_mixed_raw,169,0.0670338124036789,0.08469264209270477
arithmetic_mixed,cached_mixed_raw,170,0.0672507956624031,0.08502379804849625
arithmetic_mixed,cached_mixed_raw,171,0.06692039221525192,0.08459216356277466
arithmetic_mixed,cached_mixed_raw,172,0.0673498809337616,0.08516348898410797
arithmetic_mixed,cached_mixed_raw,173,0.06705813109874725,0.08472241461277008
arithmetic_mixed,cached_mixed_raw,174,0.06690517067909241,0.08452623337507248
arithmetic_mixed,cached_mixed_raw,175,0.06729854643344879,0.08508332073688507
arithmetic_mixed,cached_mixed_raw,176,0.06697143614292145,0.08465311676263809
arithmetic_mixed,cached_mixed_raw,177,0.06717365235090256,0.08487334847450256
arithmetic_mixed,cached_mixed_raw,178,0.06713207811117172,0.08486408740282059
arithmetic_mixed,cached_mixed_raw,179,0.06710914522409439,0.08482488989830017
arithmetic_mixed,cached_mixed_raw,180,0.06729212403297424,0.08507078886032104
arithmetic_mixed,cached_mixed_raw,181,0.0672096237540245,0.08493784070014954
arithmetic_mixed,cached_mixed_raw,182,0.06700358539819717,0.08467355370521545
arithmetic_mixed,cached_mixed_raw,183,0.06668458878993988,0.08422835171222687
arithmetic_mixed,cached_mixed_raw,184,0.0668032169342041,0.08441375195980072
arithmetic_mixed,cached_mixed_raw,185,0.06720507144927979,0.08495605736970901
arithmetic_mixed,cached_mixed_raw,186,0.06715630739927292,0.08489622175693512
arithmetic_mixed,cached_mixed_raw,187,0.06682943552732468,0.08442907780408859
arithmetic_mixed,cached_mixed_raw,188,0.06726069003343582,0.08503363281488419
arithmetic_mixed,cached_mixed_raw,189,0.06718509644269943,0.0849112719297409
arithmetic_mixed,cached_mixed_raw,190,0.06707927584648132,0.08478230237960815
arithmetic_mixed,cached_mixed_raw,191,0.06740345805883408,0.08525633811950684
arithmetic_mixed,cached_mixed_raw,192,0.06747469305992126,0.0853048637509346
arithmetic_mixed,cached_mixed_raw,193,0.06706263870000839,0.0847305953502655
arithmetic_mixed,cached_mixed_raw,194,0.06719373911619186,0.08492694050073624
arithmetic_mixed,cached_mixed_raw,195,0.06738018989562988,0.08515467494726181
arithmetic_mixed,cached_mixed_raw,196,0.06692270934581757,0.08455993980169296
arithmetic_mixed,cached_mixed_raw,197,0.06695978343486786,0.08464229851961136
arithmetic_mixed,cached_mixed_raw,198,0.06714565306901932,0.08487673848867416
arithmetic_mixed,reextracted_mixed_raw,0,0.06733590364456177,0.08512727171182632
arithmetic_mixed,reextracted_mixed_raw,1,0.06698505580425262,0.08464627712965012
arithmetic_mixed,reextracted_mixed_raw,2,0.06725431978702545,0.08500605821609497
arithmetic_mixed,reextracted_mixed_raw,3,0.06720943003892899,0.08496025949716568
arithmetic_mixed,reextracted_mixed_raw,4,0.06724593043327332,0.08499044179916382
arithmetic_mixed,reextracted_mixed_raw,5,0.06730398535728455,0.08511785417795181
arithmetic_mixed,reextracted_mixed_raw,6,0.06730908900499344,0.08508366346359253
arithmetic_mixed,reextracted_mixed_raw,7,0.06726066768169403,0.08502016961574554
arithmetic_mixed,reextracted_mixed_raw,8,0.06742870062589645,0.08526884019374847
arithmetic_mixed,reextracted_mixed_raw,9,0.06697585433721542,0.08464803546667099
arithmetic_mixed,reextracted_mixed_raw,10,0.06721450388431549,0.08499612659215927
arithmetic_mixed,reextracted_mixed_raw,11,0.0671747624874115,0.0849350094795227
arithmetic_mixed,reextracted_mixed_raw,12,0.06711365282535553,0.08482003211975098
arithmetic_mixed,reextracted_mixed_raw,13,0.0668560266494751,0.08446948230266571
arithmetic_mixed,reextracted_mixed_raw,14,0.06691642850637436,0.08453621715307236
arithmetic_mixed,reextracted_mixed_raw,15,0.0669461339712143,0.08459829539060593
arithmetic_mixed,reextracted_mixed_raw,16,0.06741794943809509,0.08523355424404144
arithmetic_mixed,reextracted_mixed_raw,17,0.06728622317314148,0.08505453914403915
arithmetic_mixed,reextracted_mixed_raw,18,0.06712948530912399,0.08484754711389542
arithmetic_mixed,reextracted_mixed_raw,19,0.06732388585805893,0.08512593805789948
arithmetic_mixed,reextracted_mixed_raw,20,0.06702469289302826,0.08468838781118393
arithmetic_mixed,reextracted_mixed_raw,21,0.06706447154283524,0.08474235981702805
arithmetic_mixed,reextracted_mixed_raw,22,0.06687235832214355,0.08449926227331161
arithmetic_mixed,reextracted_mixed_raw,23,0.06716418266296387,0.08492350578308105
arithmetic_mixed,reextracted_mixed_raw,24,0.06719516962766647,0.08493855595588684
arithmetic_mixed,reextracted_mixed_raw,25,0.06728076934814453,0.08504462242126465
arithmetic_mixed,reextracted_mixed_raw,26,0.06700455397367477,0.08467482775449753
arithmetic_mixed,reextracted_mixed_raw,27,0.06715117394924164,0.08488849550485611
arithmetic_mixed,reextracted_mixed_raw,28,0.06719478219747543,0.08492787182331085
arithmetic_mixed,reextracted_mixed_raw,29,0.06718950718641281,0.08492778241634369
arithmetic_mixed,reextracted_mixed_raw,30,0.06722600013017654,0.08500117063522339
arithmetic_mixed,reextracted_mixed_raw,31,0.06717511266469955,0.08491327613592148
arithmetic_mixed,reextracted_mixed_raw,32,0.06720555573701859,0.0849299430847168
arithmetic_mixed,reextracted_mixed_raw,33,0.06734919548034668,0.08515547960996628
arithmetic_mixed,reextracted_mixed_raw,34,0.06701070070266724,0.08471420407295227
arithmetic_mixed,reextracted_mixed_raw,35,0.06697878986597061,0.08464598655700684
arithmetic_mixed,reextracted_mixed_raw,36,0.06729106605052948,0.08505015075206757
arithmetic_mixed,reextracted_mixed_raw,37,0.06725776940584183,0.08502030372619629
arithmetic_mixed,reextracted_mixed_raw,38,0.06707236915826797,0.08478564023971558
arithmetic_mixed,reextracted_mixed_raw,39,0.0670238733291626,0.08468224108219147
arithmetic_mixed,reextracted_mixed_raw,40,0.06706336885690689,0.08474984765052795
arithmetic_mixed,reextracted_mixed_raw,41,0.06681717932224274,0.0844321921467781
arithmetic_mixed,reextracted_mixed_raw,42,0.06684638559818268,0.0844147801399231
arithmetic_mixed,reextracted_mixed_raw,43,0.06711458414793015,0.08483736217021942
arithmetic_mixed,reextracted_mixed_raw,44,0.06716658174991608,0.08489401638507843
arithmetic_mixed,reextracted_mixed_raw,45,0.06727724522352219,0.08508248627185822
arithmetic_mixed,reextracted_mixed_raw,46,0.0670265406370163,0.08470329642295837
arithmetic_mixed,reextracted_mixed_raw,47,0.06692032516002655,0.0845877006649971
arithmetic_mixed,reextracted_mixed_raw,48,0.06680800765752792,0.08443392068147659
arithmetic_mixed,reextracted_mixed_raw,49,0.06703512370586395,0.08473445475101471
arithmetic_mixed,reextracted_mixed_raw,50,0.06728988885879517,0.08508863300085068
arithmetic_mixed,reextracted_mixed_raw,51,0.06737815588712692,0.0852150171995163
arithmetic_mixed,reextracted_mixed_raw,52,0.0669296532869339,0.08457730710506439
arithmetic_mixed,reextracted_mixed_raw,53,0.06679517775774002,0.08436153084039688
arithmetic_mixed,reextracted_mixed_raw,54,0.0668153166770935,0.08439577370882034
arithmetic_mixed,reextracted_mixed_raw,55,0.06736689060926437,0.08518815040588379
arithmetic_mixed,reextracted_mixed_raw,56,0.06710886210203171,0.0848119854927063
arithmetic_mixed,reextracted_mixed_raw,57,0.06698987632989883,0.08465038985013962
arithmetic_mixed,reextracted_mixed_raw,58,0.06685597449541092,0.08448472619056702
arithmetic_mixed,reextracted_mixed_raw,59,0.0671631246805191,0.08489737659692764
arithmetic_mixed,reextracted_mixed_raw,60,0.06711992621421814,0.08482147753238678
arithmetic_mixed,reextracted_mixed_raw,61,0.06726858019828796,0.0850362628698349
arithmetic_mixed,reextracted_mixed_raw,62,0.06764314323663712,0.085565485060215
arithmetic_mixed,reextracted_mixed_raw,63,0.06721888482570648,0.08499765396118164
arithmetic_mixed,reextracted_mixed_raw,64,0.06726035475730896,0.08504420518875122
arithmetic_mixed,reextracted_mixed_raw,65,0.06740725785493851,0.08528338372707367
arithmetic_mixed,reextracted_mixed_raw,66,0.06718999147415161,0.08489570021629333
arithmetic_mixed,reextracted_mixed_raw,67,0.06726173311471939,0.08500378578901291
arithmetic_mixed,reextracted_mixed_raw,68,0.06719963252544403,0.0849425196647644
arithmetic_mixed,reextracted_mixed_raw,69,0.06704998016357422,0.08474675565958023
arithmetic_mixed,reextracted_mixed_raw,70,0.06704456359148026,0.08470464497804642
arithmetic_mixed,reextracted_mixed_raw,71,0.06699519604444504,0.08467570692300797
arithmetic_mixed,reextracted_mixed_raw,72,0.0667739063501358,0.08436092734336853
arithmetic_mixed,reextracted_mixed_raw,73,0.06748919934034348,0.08535031229257584
arithmetic_mixed,reextracted_mixed_raw,74,0.06712336093187332,0.08485085517168045
arithmetic_mixed,reextracted_mixed_raw,75,0.06722527742385864,0.08495363593101501
arithmetic_mixed,reextracted_mixed_raw,76,0.06705102324485779,0.08473315089941025
arithmetic_mixed,reextracted_mixed_raw,77,0.06736897677183151,0.08518065512180328
arithmetic_mixed,reextracted_mixed_raw,78,0.06691477447748184,0.08455666899681091
arithmetic_mixed,reextracted_mixed_raw,79,0.06681513041257858,0.08444469422101974
arithmetic_mixed,reextracted_mixed_raw,80,0.06731303781270981,0.08510031551122665
arithmetic_mixed,reextracted_mixed_raw,81,0.0669742226600647,0.08462215214967728
arithmetic_mixed,reextracted_mixed_raw,82,0.06696918606758118,0.08462214469909668
arithmetic_mixed,reextracted_mixed_raw,83,0.06697258353233337,0.08465641736984253
arithmetic_mixed,reextracted_mixed_raw,84,0.06721214205026627,0.08492367714643478
arithmetic_mixed,reextracted_mixed_raw,85,0.0671488493680954,0.08486348390579224
arithmetic_mixed,reextracted_mixed_raw,86,0.06714913994073868,0.08489813655614853
arithmetic_mixed,reextracted_mixed_raw,87,0.0669604167342186,0.08461029082536697
arithmetic_mixed,reextracted_mixed_raw,88,0.06719782203435898,0.08496799319982529
arithmetic_mixed,reextracted_mixed_raw,89,0.06697887927293777,0.08462898433208466
arithmetic_mixed,reextracted_mixed_raw,90,0.06716727465391159,0.08490294218063354
arithmetic_mixed,reextracted_mixed_raw,91,0.06712313741445541,0.08485080301761627
arithmetic_mixed,reextracted_mixed_raw,92,0.06687092036008835,0.08448968827724457
arithmetic_mixed,reextracted_mixed_raw,93,0.06724071502685547,0.08500652760267258
arithmetic_mixed,reextracted_mixed_raw,94,0.06689600646495819,0.08448628336191177
arithmetic_mixed,reextracted_mixed_raw,95,0.0673280879855156,0.08514444530010223
arithmetic_mixed,reextracted_mixed_raw,96,0.06711961328983307,0.08483978360891342
arithmetic_mixed,reextracted_mixed_raw,97,0.0674319639801979,0.08526216447353363
arithmetic_mixed,reextracted_mixed_raw,98,0.06717844307422638,0.08493553847074509
arithmetic_mixed,reextracted_mixed_raw,99,0.06706620752811432,0.0847441554069519
arithmetic_mixed,reextracted_mixed_raw,100,0.06707484275102615,0.08477175980806351
arithmetic_mixed,reextracted_mixed_raw,101,0.06738902628421783,0.08518625795841217
arithmetic_mixed,reextracted_mixed_raw,102,0.06710655242204666,0.08481431752443314
arithmetic_mixed,reextracted_mixed_raw,103,0.06707128882408142,0.08478491008281708
arithmetic_mixed,reextracted_mixed_raw,104,0.06726828217506409,0.085051029920578
arithmetic_mixed,reextracted_mixed_raw,105,0.06752428412437439,0.08542640507221222
arithmetic_mixed,reextracted_mixed_raw,106,0.0673498809337616,0.08514638990163803
arithmetic_mixed,reextracted_mixed_raw,107,0.06714031845331192,0.08486530929803848
arithmetic_mixed,reextracted_mixed_raw,108,0.06689866632223129,0.08450756222009659
arithmetic_mixed,reextracted_mixed_raw,109,0.06718845665454865,0.08492168039083481
arithmetic_mixed,reextracted_mixed_raw,110,0.06720541417598724,0.08500704169273376
arithmetic_mixed,reextracted_mixed_raw,111,0.0672856867313385,0.08504306524991989
arithmetic_mixed,reextracted_mixed_raw,112,0.06703083962202072,0.08472111076116562
arithmetic_mixed,reextracted_mixed_raw,113,0.06697528809309006,0.08462996035814285
arithmetic_mixed,reextracted_mixed_raw,114,0.06740538775920868,0.0852230116724968
arithmetic_mixed,reextracted_mixed_raw,115,0.06736013293266296,0.08517233282327652
arithmetic_mixed,reextracted_mixed_raw,116,0.06697659939527512,0.0846296027302742
arithmetic_mixed,reextracted_mixed_raw,117,0.06716550886631012,0.0848928913474083
arithmetic_mixed,reextracted_mixed_raw,118,0.0671471357345581,0.08491455018520355
arithmetic_mixed,reextracted_mixed_raw,119,0.06702116131782532,0.08469723910093307
arithmetic_mixed,reextracted_mixed_raw,120,0.0670139491558075,0.08468850702047348
arithmetic_mixed,reextracted_mixed_raw,121,0.0669151023030281,0.0845494195818901
arithmetic_mixed,reextracted_mixed_raw,122,0.06712619215250015,0.08485070616006851
arithmetic_mixed,reextracted_mixed_raw,123,0.06733068823814392,0.08513353019952774
arithmetic_mixed,reextracted_mixed_raw,124,0.06687904894351959,0.0845068097114563
arithmetic_mixed,reextracted_mixed_raw,125,0.06711890548467636,0.0848461240530014
arithmetic_mixed,reextracted_mixed_raw,126,0.06734541058540344,0.08513738214969635
arithmetic_mixed,reextracted_mixed_raw,127,0.0671958476305008,0.08495673537254333
arithmetic_mixed,reextracted_mixed_raw,128,0.06730426847934723,0.08510639518499374
arithmetic_mixed,reextracted_mixed_raw,129,0.06716487556695938,0.08489428460597992
arithmetic_mixed,reextracted_mixed_raw,130,0.06740936636924744,0.08523951470851898
arithmetic_mixed,reextracted_mixed_raw,131,0.06722208857536316,0.08500208705663681
arithmetic_mixed,reextracted_mixed_raw,132,0.06716369837522507,0.0849173441529274
arithmetic_mixed,reextracted_mixed_raw,133,0.06717125326395035,0.08490850776433945
arithmetic_mixed,reextracted_mixed_raw,134,0.06724781543016434,0.08498401939868927
arithmetic_mixed,reextracted_mixed_raw,135,0.06711640954017639,0.08486001193523407
arithmetic_mixed,reextracted_mixed_raw,136,0.0673518180847168,0.08513790369033813
arithmetic_mixed,reextracted_mixed_raw,137,0.06696232408285141,0.08460311591625214
arithmetic_mixed,reextracted_mixed_raw,138,0.06743457168340683,0.08528313785791397
arithmetic_mixed,reextracted_mixed_raw,139,0.06717900186777115,0.08490043133497238
arithmetic_mixed,reextracted_mixed_raw,140,0.06718509644269943,0.08491896837949753
arithmetic_mixed,reextracted_mixed_raw,141,0.06712145358324051,0.08483900874853134
arithmetic_mixed,reextracted_mixed_raw,142,0.06710567325353622,0.08482489734888077
arithmetic_mixed,reextracted_mixed_raw,143,0.06732457131147385,0.08510714769363403
arithmetic_mixed,reextracted_mixed_raw,144,0.0669609010219574,0.08460516482591629
arithmetic_mixed,reextracted_mixed_raw,145,0.0669608861207962,0.0845925584435463
arithmetic_mixed,reextracted_mixed_raw,146,0.06708581000566483,0.08477690070867538
arithmetic_mixed,reextracted_mixed_raw,147,0.06712424010038376,0.08482742309570312
arithmetic_mixed,reextracted_mixed_raw,148,0.06738606840372086,0.08521255105733871
arithmetic_mixed,reextracted_mixed_raw,149,0.06722545623779297,0.08497351408004761
arithmetic_mixed,reextracted_mixed_raw,150,0.06714925169944763,0.08487723022699356
arithmetic_mixed,reextracted_mixed_raw,151,0.06731703132390976,0.08513754606246948
arithmetic_mixed,reextracted_mixed_raw,152,0.06701672822237015,0.08467685431241989
arithmetic_mixed,reextracted_mixed_raw,153,0.06712185591459274,0.08485878258943558
arithmetic_mixed,reextracted_mixed_raw,154,0.06725932657718658,0.08503216505050659
arithmetic_mixed,reextracted_mixed_raw,155,0.0671062171459198,0.0848141759634018
arithmetic_mixed,reextracted_mixed_raw,156,0.06707963347434998,0.08479445427656174
arithmetic_mixed,reextracted_mixed_raw,157,0.06712088733911514,0.08487197011709213
arithmetic_mixed,reextracted_mixed_raw,158,0.06730310618877411,0.08507098257541656
arithmetic_mixed,reextracted_mixed_raw,159,0.067103311419487,0.08484447747468948
arithmetic_mixed,reextracted_mixed_raw,160,0.06736814230680466,0.08517234027385712
arithmetic_mixed,reextracted_mixed_raw,161,0.06704927235841751,0.08471716195344925
arithmetic_mixed,reextracted_mixed_raw,162,0.06689857691526413,0.08454420417547226
arithmetic_mixed,reextracted_mixed_raw,163,0.06711242347955704,0.08477664738893509
arithmetic_mixed,reextracted_mixed_raw,164,0.06717710196971893,0.08489566296339035
arithmetic_mixed,reextracted_mixed_raw,165,0.06723730266094208,0.08498914539813995
arithmetic_mixed,reextracted_mixed_raw,166,0.06705201417207718,0.08471868187189102
arithmetic_mixed,reextracted_mixed_raw,167,0.06737211346626282,0.0851757824420929
arithmetic_mixed,reextracted_mixed_raw,168,0.06707212328910828,0.08478043228387833
arithmetic_mixed,reextracted_mixed_raw,169,0.06739541888237,0.08522503077983856
arithmetic_mixed,reextracted_mixed_raw,170,0.06694906204938889,0.08458945900201797
arithmetic_mixed,reextracted_mixed_raw,171,0.0670909658074379,0.0847572311758995
arithmetic_mixed,reextracted_mixed_raw,172,0.06692663580179214,0.08457159996032715
arithmetic_mixed,reextracted_mixed_raw,173,0.0668124109506607,0.0844113677740097
arithmetic_mixed,reextracted_mixed_raw,174,0.06700034439563751,0.08467868715524673
arithmetic_mixed,reextracted_mixed_raw,175,0.06700923293828964,0.08470432460308075
arithmetic_mixed,reextracted_mixed_raw,176,0.0673145055770874,0.08512487262487411
arithmetic_mixed,reextracted_mixed_raw,177,0.06710963696241379,0.08481347560882568
arithmetic_mixed,reextracted_mixed_raw,178,0.06723236292600632,0.08497421443462372
arithmetic_mixed,reextracted_mixed_raw,179,0.06718320399522781,0.0849219337105751
arithmetic_mixed,reextracted_mixed_raw,180,0.06721259653568268,0.08494451642036438
arithmetic_mixed,reextracted_mixed_raw,181,0.06765441596508026,0.08558358252048492
arithmetic_mixed,reextracted_mixed_raw,182,0.06706680357456207,0.08474947512149811
arithmetic_mixed,reextracted_mixed_raw,183,0.06710431724786758,0.08479225635528564
arithmetic_mixed,reextracted_mixed_raw,184,0.06727025657892227,0.08504830300807953
arithmetic_mixed,reextracted_mixed_raw,185,0.0667848289012909,0.0843731164932251
arithmetic_mixed,reextracted_mixed_raw,186,0.06728202849626541,0.08503645658493042
arithmetic_mixed,reextracted_mixed_raw,187,0.0673607885837555,0.08520053327083588
arithmetic_mixed,reextracted_mixed_raw,188,0.06712919473648071,0.08487888425588608
arithmetic_mixed,reextracted_mixed_raw,189,0.06685464829206467,0.0844736248254776
arithmetic_mixed,reextracted_mixed_raw,190,0.06725147366523743,0.08500796556472778
arithmetic_mixed,reextracted_mixed_raw,191,0.06715752929449081,0.08489813655614853
arithmetic_mixed,reextracted_mixed_raw,192,0.06713182479143143,0.08485563844442368
arithmetic_mixed,reextracted_mixed_raw,193,0.0669705867767334,0.0846271738409996
arithmetic_mixed,reextracted_mixed_raw,194,0.06706537306308746,0.08476436883211136
arithmetic_mixed,reextracted_mixed_raw,195,0.06726671755313873,0.08504103869199753
arithmetic_mixed,reextracted_mixed_raw,196,0.06735671311616898,0.08520694822072983
arithmetic_mixed,reextracted_mixed_raw,197,0.06709098070859909,0.08483114093542099
arithmetic_mixed,reextracted_mixed_raw,198,0.06708014011383057,0.0847945362329483
arithmetic_mixed,cached_truncated_raw,0,-0.024637708440423012,-0.04967436566948891
arithmetic_mixed,cached_truncated_raw,1,-0.0247010737657547,-0.04975733533501625
arithmetic_mixed,cached_truncated_raw,2,-0.024662837386131287,-0.04969343915581703
arithmetic_mixed,cached_truncated_raw,3,-0.024537330493330956,-0.04952920228242874
arithmetic_mixed,cached_truncated_raw,4,-0.02476176805794239,-0.0498407818377018
arithmetic_mixed,cached_truncated_raw,5,-0.024669364094734192,-0.04970744252204895
arithmetic_mixed,cached_truncated_raw,6,-0.024570509791374207,-0.049585241824388504
arithmetic_mixed,cached_truncated_raw,7,-0.024687666445970535,-0.049734197556972504
arithmetic_mixed,cached_truncated_raw,8,-0.024669555947184563,-0.049703892320394516
arithmetic_mixed,cached_truncated_raw,9,-0.024603620171546936,-0.04962584003806114
arithmetic_mixed,cached_truncated_raw,10,-0.02463499829173088,-0.04966636002063751
arithmetic_mixed,cached_truncated_raw,11,-0.024683158844709396,-0.049714770168066025
arithmetic_mixed,cached_truncated_raw,12,-0.024590592831373215,-0.04960356652736664
arithmetic_mixed,cached_truncated_raw,13,-0.02457897737622261,-0.049585502594709396
arithmetic_mixed,cached_truncated_raw,14,-0.024694370105862617,-0.0497378446161747
arithmetic_mixed,cached_truncated_raw,15,-0.024493660777807236,-0.049468785524368286
arithmetic_mixed,cached_truncated_raw,16,-0.024583110585808754,-0.04959939792752266
arithmetic_mixed,cached_truncated_raw,17,-0.024650797247886658,-0.04968811944127083
arithmetic_mixed,cached_truncated_raw,18,-0.024642128497362137,-0.049679454416036606
arithmetic_mixed,cached_truncated_raw,19,-0.0246586836874485,-0.04968155175447464
arithmetic_mixed,cached_truncated_raw,20,-0.024600282311439514,-0.04959563538432121
arithmetic_mixed,cached_truncated_raw,21,-0.024729212746024132,-0.049801554530858994
arithmetic_mixed,cached_truncated_raw,22,-0.024616332724690437,-0.04963656887412071
arithmetic_mixed,cached_truncated_raw,23,-0.02475915476679802,-0.04983329772949219
arithmetic_mixed,cached_truncated_raw,24,-0.024541469290852547,-0.04953194782137871
arithmetic_mixed,cached_truncated_raw,25,-0.02457757107913494,-0.04957886040210724
arithmetic_mixed,cached_truncated_raw,26,-0.02461106702685356,-0.04963891953229904
arithmetic_mixed,cached_truncated_raw,27,-0.024687491357326508,-0.049713801592588425
arithmetic_mixed,cached_truncated_raw,28,-0.024690281599760056,-0.04972946643829346
arithmetic_mixed,cached_truncated_raw,29,-0.024591129273176193,-0.049608658999204636
arithmetic_mixed,cached_truncated_raw,30,-0.024676086381077766,-0.049706920981407166
arithmetic_mixed,cached_truncated_raw,31,-0.024580221623182297,-0.0495833121240139
arithmetic_mixed,cached_truncated_raw,32,-0.024680450558662415,-0.04971083253622055
arithmetic_mixed,cached_truncated_raw,33,-0.024647817015647888,-0.04967021942138672
arithmetic_mixed,cached_truncated_raw,34,-0.024553140625357628,-0.04954253137111664
arithmetic_mixed,cached_truncated_raw,35,-0.0246882326900959,-0.049742426723241806
arithmetic_mixed,cached_truncated_raw,36,-0.024597037583589554,-0.04961678758263588
arithmetic_mixed,cached_truncated_raw,37,-0.024599770084023476,-0.04961752891540527
arithmetic_mixed,cached_truncated_raw,38,-0.024650849401950836,-0.049688611179590225
arithmetic_mixed,cached_truncated_raw,39,-0.024527711793780327,-0.04953854903578758
arithmetic_mixed,cached_truncated_raw,40,-0.02460627444088459,-0.04961664602160454
arithmetic_mixed,cached_truncated_raw,41,-0.024684283882379532,-0.04971738159656525
arithmetic_mixed,cached_truncated_raw,42,-0.024691347032785416,-0.04972412437200546
arithmetic_mixed,cached_truncated_raw,43,-0.024741273373365402,-0.04979877173900604
arithmetic_mixed,cached_truncated_raw,44,-0.02461104467511177,-0.049650322645902634
arithmetic_mixed,cached_truncated_raw,45,-0.024658288806676865,-0.0497140996158123
arithmetic_mixed,cached_truncated_raw,46,-0.02465265803039074,-0.049677565693855286
arithmetic_mixed,cached_truncated_raw,47,-0.024742720648646355,-0.04980604350566864
arithmetic_mixed,cached_truncated_raw,48,-0.024647844955325127,-0.049675747752189636
arithmetic_mixed,cached_truncated_raw,49,-0.02461223490536213,-0.049646299332380295
arithmetic_mixed,cached_truncated_raw,50,-0.024671068415045738,-0.049717143177986145
arithmetic_mixed,cached_truncated_raw,51,-0.024640988558530807,-0.049675580114126205
arithmetic_mixed,cached_truncated_raw,52,-0.024671515449881554,-0.0497174970805645
arithmetic_mixed,cached_truncated_raw,53,-0.024732453748583794,-0.049793221056461334
arithmetic_mixed,cached_truncated_raw,54,-0.024636344984173775,-0.049647774547338486
arithmetic_mixed,cached_truncated_raw,55,-0.02472524717450142,-0.04978508874773979
arithmetic_mixed,cached_truncated_raw,56,-0.024631785228848457,-0.04965202137827873
arithmetic_mixed,cached_truncated_raw,57,-0.024678697809576988,-0.04974588006734848
arithmetic_mixed,cached_truncated_raw,58,-0.024709435179829597,-0.04975813254714012
arithmetic_mixed,cached_truncated_raw,59,-0.02470090426504612,-0.04975680634379387
arithmetic_mixed,cached_truncated_raw,60,-0.024819349870085716,-0.049916740506887436
arithmetic_mixed,cached_truncated_raw,61,-0.024679146707057953,-0.04973285645246506
arithmetic_mixed,cached_truncated_raw,62,-0.024704309180378914,-0.0497509203851223
arithmetic_mixed,cached_truncated_raw,63,-0.02465132810175419,-0.04970327392220497
arithmetic_mixed,cached_truncated_raw,64,-0.024727651849389076,-0.049798931926488876
arithmetic_mixed,cached_truncated_raw,65,-0.024573195725679398,-0.049560535699129105
arithmetic_mixed,cached_truncated_raw,66,-0.02455611526966095,-0.04956512898206711
arithmetic_mixed,cached_truncated_raw,67,-0.02472410351037979,-0.04977964982390404
arithmetic_mixed,cached_truncated_raw,68,-0.024742942303419113,-0.04978857934474945
arithmetic_mixed,cached_truncated_raw,69,-0.024591822177171707,-0.049595244228839874
arithmetic_mixed,cached_truncated_raw,70,-0.024557357653975487,-0.04954942315816879
arithmetic_mixed,cached_truncated_raw,71,-0.024670246988534927,-0.04970813915133476
arithmetic_mixed,cached_truncated_raw,72,-0.024848558008670807,-0.04991340637207031
arithmetic_mixed,cached_truncated_raw,73,-0.02464456856250763,-0.049665577709674835
arithmetic_mixed,cached_truncated_raw,74,-0.024782221764326096,-0.04984373226761818
arithmetic_mixed,cached_truncated_raw,75,-0.024571867659687996,-0.04957657307386398
arithmetic_mixed,cached_truncated_raw,76,-0.02466496266424656,-0.0496797077357769
arithmetic_mixed,cached_truncated_raw,77,-0.024622488766908646,-0.049640122801065445
arithmetic_mixed,cached_truncated_raw,78,-0.024692021310329437,-0.04973015561699867
arithmetic_mixed,cached_truncated_raw,79,-0.024640319868922234,-0.04965674877166748
arithmetic_mixed,cached_truncated_raw,80,-0.024685457348823547,-0.04974048584699631
arithmetic_mixed,cached_truncated_raw,81,-0.024569593369960785,-0.0495716892182827
arithmetic_mixed,cached_truncated_raw,82,-0.02471170760691166,-0.049770232290029526
arithmetic_mixed,cached_truncated_raw,83,-0.024691667407751083,-0.04973595589399338
arithmetic_mixed,cached_truncated_raw,84,-0.02465382032096386,-0.04970185086131096
arithmetic_mixed,cached_truncated_raw,85,-0.024605335667729378,-0.04961880296468735
arithmetic_mixed,cached_truncated_raw,86,-0.024606166407465935,-0.04961460083723068
arithmetic_mixed,cached_truncated_raw,87,-0.024638745933771133,-0.04966898262500763
arithmetic_mixed,cached_truncated_raw,88,-0.02463994361460209,-0.049646832048892975
arithmetic_mixed,cached_truncated_raw,89,-0.024616241455078125,-0.04961765557527542
arithmetic_mixed,cached_truncated_raw,90,-0.02469097636640072,-0.04972481727600098
arithmetic_mixed,cached_truncated_raw,91,-0.024583149701356888,-0.049591027200222015
arithmetic_mixed,cached_truncated_raw,92,-0.024711493402719498,-0.04974878951907158
arithmetic_mixed,cached_truncated_raw,93,-0.024655962362885475,-0.04968595132231712
arithmetic_mixed,cached_truncated_raw,94,-0.024737538769841194,-0.04980429634451866
arithmetic_mixed,cached_truncated_raw,95,-0.024637583643198013,-0.04967362806200981
arithmetic_mixed,cached_truncated_raw,96,-0.02469279244542122,-0.04973110929131508
arithmetic_mixed,cached_truncated_raw,97,-0.024588217958807945,-0.04958922788500786
arithmetic_mixed,cached_truncated_raw,98,-0.02467421442270279,-0.04970719292759895
arithmetic_mixed,cached_truncated_raw,99,-0.024647574871778488,-0.04969477280974388
arithmetic_mixed,cached_truncated_raw,100,-0.024705365300178528,-0.0497652143239975
arithmetic_mixed,cached_truncated_raw,101,-0.024621320888400078,-0.049653615802526474
arithmetic_mixed,cached_truncated_raw,102,-0.024613339453935623,-0.0496145561337471
arithmetic_mixed,cached_truncated_raw,103,-0.02465193346142769,-0.04965105652809143
arithmetic_mixed,cached_truncated_raw,104,-0.024813726544380188,-0.04989879950881004
arithmetic_mixed,cached_truncated_raw,105,-0.024642005562782288,-0.0496806874871254
arithmetic_mixed,cached_truncated_raw,106,-0.024669308215379715,-0.04969703033566475
arithmetic_mixed,cached_truncated_raw,107,-0.02466362714767456,-0.04971109703183174
arithmetic_mixed,cached_truncated_raw,108,-0.0247130636125803,-0.049770746380090714
arithmetic_mixed,cached_truncated_raw,109,-0.024685852229595184,-0.04973860830068588
arithmetic_mixed,cached_truncated_raw,110,-0.024677937850356102,-0.049722060561180115
arithmetic_mixed,cached_truncated_raw,111,-0.02471262216567993,-0.049764737486839294
arithmetic_mixed,cached_truncated_raw,112,-0.024601459503173828,-0.049603771418333054
arithmetic_mixed,cached_truncated_raw,113,-0.024742387235164642,-0.049805521965026855
arithmetic_mixed,cached_truncated_raw,114,-0.024746721610426903,-0.049823325127363205
arithmetic_mixed,cached_truncated_raw,115,-0.02460579201579094,-0.049615100026130676
arithmetic_mixed,cached_truncated_raw,116,-0.024711156263947487,-0.04975871741771698
arithmetic_mixed,cached_truncated_raw,117,-0.024611137807369232,-0.04963071644306183
arithmetic_mixed,cached_truncated_raw,118,-0.02461397834122181,-0.04961846023797989
arithmetic_mixed,cached_truncated_raw,119,-0.02459060586988926,-0.0496000237762928
arithmetic_mixed,cached_truncated_raw,120,-0.024598315358161926,-0.04959045350551605
arithmetic_mixed,cached_truncated_raw,121,-0.024703210219740868,-0.049760445952415466
arithmetic_mixed,cached_truncated_raw,122,-0.02472992241382599,-0.04980449378490448
arithmetic_mixed,cached_truncated_raw,123,-0.024694053456187248,-0.049758993089199066
arithmetic_mixed,cached_truncated_raw,124,-0.024708908051252365,-0.049767982214689255
arithmetic_mixed,cached_truncated_raw,125,-0.024512117728590965,-0.04949401319026947
arithmetic_mixed,cached_truncated_raw,126,-0.024646438658237457,-0.04968428239226341
arithmetic_mixed,cached_truncated_raw,127,-0.024583686143159866,-0.04958159103989601
arithmetic_mixed,cached_truncated_raw,128,-0.02462927997112274,-0.04965203255414963
arithmetic_mixed,cached_truncated_raw,129,-0.024749459698796272,-0.049820899963378906
arithmetic_mixed,cached_truncated_raw,130,-0.024749889969825745,-0.04980785772204399
arithmetic_mixed,cached_truncated_raw,131,-0.024608489125967026,-0.04963316395878792
arithmetic_mixed,cached_truncated_raw,132,-0.024581076577305794,-0.04959430173039436
arithmetic_mixed,cached_truncated_raw,133,-0.024617498740553856,-0.04962479695677757
arithmetic_mixed,cached_truncated_raw,134,-0.02470099925994873,-0.04972890391945839
arithmetic_mixed,cached_truncated_raw,135,-0.024607377126812935,-0.049623891711235046
arithmetic_mixed,cached_truncated_raw,136,-0.024642715230584145,-0.049672577530145645
arithmetic_mixed,cached_truncated_raw,137,-0.02470085583627224,-0.04975155368447304
arithmetic_mixed,cached_truncated_raw,138,-0.0247751884162426,-0.049862392246723175
arithmetic_mixed,cached_truncated_raw,139,-0.024750173091888428,-0.04981118068099022
arithmetic_mixed,cached_truncated_raw,140,-0.024584714323282242,-0.049595627933740616
arithmetic_mixed,cached_truncated_raw,141,-0.024657724425196648,-0.04968389496207237
arithmetic_mixed,cached_truncated_raw,142,-0.024608056992292404,-0.04962214082479477
arithmetic_mixed,cached_truncated_raw,143,-0.024585671722888947,-0.04959133639931679
arithmetic_mixed,cached_truncated_raw,144,-0.024606546387076378,-0.049600545316934586
arithmetic_mixed,cached_truncated_raw,145,-0.024687884375452995,-0.049749601632356644
arithmetic_mixed,cached_truncated_raw,146,-0.024566616863012314,-0.04960484430193901
arithmetic_mixed,cached_truncated_raw,147,-0.024726372212171555,-0.04978351294994354
arithmetic_mixed,cached_truncated_raw,148,-0.02459084428846836,-0.049604564905166626
arithmetic_mixed,cached_truncated_raw,149,-0.02469501830637455,-0.04973044991493225
arithmetic_mixed,cached_truncated_raw,150,-0.024672793224453926,-0.04972424358129501
arithmetic_mixed,cached_truncated_raw,151,-0.024753263220191002,-0.04979812726378441
arithmetic_mixed,cached_truncated_raw,152,-0.024642523378133774,-0.04966510459780693
arithmetic_mixed,cached_truncated_raw,153,-0.02466602809727192,-0.0496971495449543
arithmetic_mixed,cached_truncated_raw,154,-0.024752479046583176,-0.04980931431055069
arithmetic_mixed,cached_truncated_raw,155,-0.024697035551071167,-0.049729399383068085
arithmetic_mixed,cached_truncated_raw,156,-0.024650417268276215,-0.049657709896564484
arithmetic_mixed,cached_truncated_raw,157,-0.024516327306628227,-0.04949966073036194
arithmetic_mixed,cached_truncated_raw,158,-0.024693861603736877,-0.049765393137931824
arithmetic_mixed,cached_truncated_raw,159,-0.02455030009150505,-0.049538545310497284
arithmetic_mixed,cached_truncated_raw,160,-0.02457410655915737,-0.049573253840208054
arithmetic_mixed,cached_truncated_raw,161,-0.024622071534395218,-0.04963365197181702
arithmetic_mixed,cached_truncated_raw,162,-0.02475810796022415,-0.04983764514327049
arithmetic_mixed,cached_truncated_raw,163,-0.02460421994328499,-0.04962250217795372
arithmetic_mixed,cached_truncated_raw,164,-0.024775655940175056,-0.04984525963664055
arithmetic_mixed,cached_truncated_raw,165,-0.02468983456492424,-0.04974132031202316
arithmetic_mixed,cached_truncated_raw,166,-0.024786842986941338,-0.04985581338405609
arithmetic_mixed,cached_truncated_raw,167,-0.02486739121377468,-0.049982935190200806
arithmetic_mixed,cached_truncated_raw,168,-0.024807246401906013,-0.04990530014038086
arithmetic_mixed,cached_truncated_raw,169,-0.024606790393590927,-0.04963909089565277
arithmetic_mixed,cached_truncated_raw,170,-0.02460089512169361,-0.04961492866277695
arithmetic_mixed,cached_truncated_raw,171,-0.024754319339990616,-0.04981469735503197
arithmetic_mixed,cached_truncated_raw,172,-0.024662084877490997,-0.049688708037137985
arithmetic_mixed,cached_truncated_raw,173,-0.02466304786503315,-0.04968588054180145
arithmetic_mixed,cached_truncated_raw,174,-0.02462071366608143,-0.049642644822597504
arithmetic_mixed,cached_truncated_raw,175,-0.024650072678923607,-0.0496787391602993
arithmetic_mixed,cached_truncated_raw,176,-0.02470611408352852,-0.04974697530269623
arithmetic_mixed,cached_truncated_raw,177,-0.02464979700744152,-0.04967430606484413
arithmetic_mixed,cached_truncated_raw,178,-0.02462102845311165,-0.04963140934705734
arithmetic_mixed,cached_truncated_raw,179,-0.024728015065193176,-0.04977957531809807
arithmetic_mixed,cached_truncated_raw,180,-0.024547720327973366,-0.049577079713344574
arithmetic_mixed,cached_truncated_raw,181,-0.024575496092438698,-0.04959384724497795
arithmetic_mixed,cached_truncated_raw,182,-0.024568233639001846,-0.04955723136663437
arithmetic_mixed,cached_truncated_raw,183,-0.02462773397564888,-0.04967160150408745
arithmetic_mixed,cached_truncated_raw,184,-0.02472015470266342,-0.04979898780584335
arithmetic_mixed,cached_truncated_raw,185,-0.02472222037613392,-0.049791667610406876
arithmetic_mixed,cached_truncated_raw,186,-0.024651197716593742,-0.04968695342540741
arithmetic_mixed,cached_truncated_raw,187,-0.024555832147598267,-0.049553077667951584
arithmetic_mixed,cached_truncated_raw,188,-0.024699579924345016,-0.049745187163352966
arithmetic_mixed,cached_truncated_raw,189,-0.02462019771337509,-0.04965626820921898
arithmetic_mixed,cached_truncated_raw,190,-0.024624498561024666,-0.04964619502425194
arithmetic_mixed,cached_truncated_raw,191,-0.024628160521388054,-0.04963716119527817
arithmetic_mixed,cached_truncated_raw,192,-0.024642029777169228,-0.04967109486460686
arithmetic_mixed,cached_truncated_raw,193,-0.024782590568065643,-0.049890633672475815
arithmetic_mixed,cached_truncated_raw,194,-0.024675119668245316,-0.049703918397426605
arithmetic_mixed,cached_truncated_raw,195,-0.024644754827022552,-0.049680210649967194
arithmetic_mixed,cached_truncated_raw,196,-0.02469826303422451,-0.04974694177508354
arithmetic_mixed,cached_truncated_raw,197,-0.024632932618260384,-0.04967581853270531
arithmetic_mixed,cached_truncated_raw,198,-0.024721451103687286,-0.04976188763976097
arithmetic_mixed,consistent_block_raw,0,-0.03919537737965584,-0.05765293166041374
arithmetic_mixed,consistent_block_raw,1,-0.039190568029880524,-0.05765262246131897
arithmetic_mixed,consistent_block_raw,2,-0.0391794890165329,-0.057673379778862
arithmetic_mixed,consistent_block_raw,3,-0.03904110938310623,-0.05745821073651314
arithmetic_mixed,consistent_block_raw,4,-0.03898521512746811,-0.05739549174904823
arithmetic_mixed,consistent_block_raw,5,-0.03899001702666283,-0.05738436058163643
arithmetic_mixed,consistent_block_raw,6,-0.039111003279685974,-0.05755914747714996
arithmetic_mixed,consistent_block_raw,7,-0.039122581481933594,-0.05757249891757965
arithmetic_mixed,consistent_block_raw,8,-0.039038751274347305,-0.05745694041252136
arithmetic_mixed,consistent_block_raw,9,-0.03919054567813873,-0.057676464319229126
arithmetic_mixed,consistent_block_raw,10,-0.039130229502916336,-0.057581279426813126
arithmetic_mixed,consistent_block_raw,11,-0.03922667354345322,-0.057706527411937714
arithmetic_mixed,consistent_block_raw,12,-0.03900390490889549,-0.057411350309848785
arithmetic_mixed,consistent_block_raw,13,-0.039060819894075394,-0.057479262351989746
arithmetic_mixed,consistent_block_raw,14,-0.03914380073547363,-0.05757592245936394
arithmetic_mixed,consistent_block_raw,15,-0.03911937400698662,-0.05755667760968208
arithmetic_mixed,consistent_block_raw,16,-0.03901165351271629,-0.05739085003733635
arithmetic_mixed,consistent_block_raw,17,-0.03910873830318451,-0.057546649128198624
arithmetic_mixed,consistent_block_raw,18,-0.039219290018081665,-0.05772142484784126
arithmetic_mixed,consistent_block_raw,19,-0.039224207401275635,-0.057711850851774216
arithmetic_mixed,consistent_block_raw,20,-0.0390629917383194,-0.057483408600091934
arithmetic_mixed,consistent_block_raw,21,-0.03887569531798363,-0.057230908423662186
arithmetic_mixed,consistent_block_raw,22,-0.039041295647621155,-0.057458870112895966
arithmetic_mixed,consistent_block_raw,23,-0.03906653821468353,-0.0574907585978508
arithmetic_mixed,consistent_block_raw,24,-0.03908742591738701,-0.05753618851304054
arithmetic_mixed,consistent_block_raw,25,-0.03912010043859482,-0.05755443871021271
arithmetic_mixed,consistent_block_raw,26,-0.039107147604227066,-0.05755280703306198
arithmetic_mixed,consistent_block_raw,27,-0.03902673348784447,-0.057424891740083694
arithmetic_mixed,consistent_block_raw,28,-0.03919433057308197,-0.057669609785079956
arithmetic_mixed,consistent_block_raw,29,-0.03901015222072601,-0.057416584342718124
arithmetic_mixed,consistent_block_raw,30,-0.039124250411987305,-0.057572100311517715
arithmetic_mixed,consistent_block_raw,31,-0.03907187655568123,-0.057472869753837585
arithmetic_mixed,consistent_block_raw,32,-0.03909275308251381,-0.057511717081069946
arithmetic_mixed,consistent_block_raw,33,-0.039181698113679886,-0.05765647441148758
arithmetic_mixed,consistent_block_raw,34,-0.03892064094543457,-0.05727748945355415
arithmetic_mixed,consistent_block_raw,35,-0.039179954677820206,-0.05763925611972809
arithmetic_mixed,consistent_block_raw,36,-0.0392865389585495,-0.05779190734028816
arithmetic_mixed,consistent_block_raw,37,-0.03900110721588135,-0.05740147456526756
arithmetic_mixed,consistent_block_raw,38,-0.039178259670734406,-0.05764000117778778
arithmetic_mixed,consistent_block_raw,39,-0.039156194776296616,-0.05761409550905228
arithmetic_mixed,consistent_block_raw,40,-0.039084646850824356,-0.05752000957727432
arithmetic_mixed,consistent_block_raw,41,-0.039107248187065125,-0.05755014717578888
arithmetic_mixed,consistent_block_raw,42,-0.03925268352031708,-0.05775127559900284
arithmetic_mixed,consistent_block_raw,43,-0.03903038799762726,-0.057431090623140335
arithmetic_mixed,consistent_block_raw,44,-0.03916499391198158,-0.05763793736696243
arithmetic_mixed,consistent_block_raw,45,-0.03916865959763527,-0.05763211473822594
arithmetic_mixed,consistent_block_raw,46,-0.039156943559646606,-0.05763012543320656
arithmetic_mixed,consistent_block_raw,47,-0.03909694030880928,-0.05752937123179436
arithmetic_mixed,consistent_block_raw,48,-0.0391634963452816,-0.0576331801712513
arithmetic_mixed,consistent_block_raw,49,-0.038911525160074234,-0.05726691335439682
arithmetic_mixed,consistent_block_raw,50,-0.03908751904964447,-0.05750732496380806
arithmetic_mixed,consistent_block_raw,51,-0.03905078023672104,-0.057470954954624176
arithmetic_mixed,consistent_block_raw,52,-0.03903139755129814,-0.05744801089167595
arithmetic_mixed,consistent_block_raw,53,-0.039136894047260284,-0.05759463086724281
arithmetic_mixed,consistent_block_raw,54,-0.03915083035826683,-0.057622287422418594
arithmetic_mixed,consistent_block_raw,55,-0.039105188101530075,-0.05754489451646805
arithmetic_mixed,consistent_block_raw,56,-0.03915955871343613,-0.057603996247053146
arithmetic_mixed,consistent_block_raw,57,-0.03912154212594032,-0.05756719410419464
arithmetic_mixed,consistent_block_raw,58,-0.039038874208927155,-0.05743594840168953
arithmetic_mixed,consistent_block_raw,59,-0.03905322030186653,-0.05745943635702133
arithmetic_mixed,consistent_block_raw,60,-0.0389866903424263,-0.057366445660591125
arithmetic_mixed,consistent_block_raw,61,-0.039152465760707855,-0.05762351676821709
arithmetic_mixed,consistent_block_raw,62,-0.039221711456775665,-0.057706061750650406
arithmetic_mixed,consistent_block_raw,63,-0.03913435339927673,-0.057594723999500275
arithmetic_mixed,consistent_block_raw,64,-0.039079468697309494,-0.057509105652570724
arithmetic_mixed,consistent_block_raw,65,-0.039028916507959366,-0.05745379254221916
arithmetic_mixed,consistent_block_raw,66,-0.0390930213034153,-0.057548221200704575
arithmetic_mixed,consistent_block_raw,67,-0.039284832775592804,-0.05779360979795456
arithmetic_mixed,consistent_block_raw,68,-0.03906458988785744,-0.05748472362756729
arithmetic_mixed,consistent_block_raw,69,-0.03920060396194458,-0.057697128504514694
arithmetic_mixed,consistent_block_raw,70,-0.0391242578625679,-0.05757242441177368
arithmetic_mixed,consistent_block_raw,71,-0.03917718678712845,-0.057645659893751144
arithmetic_mixed,consistent_block_raw,72,-0.03918953984975815,-0.057660315185785294
arithmetic_mixed,consistent_block_raw,73,-0.038854870945215225,-0.05720644071698189
arithmetic_mixed,consistent_block_raw,74,-0.03907490521669388,-0.0575096569955349
arithmetic_mixed,consistent_block_raw,75,-0.03912029042840004,-0.05754787102341652
arithmetic_mixed,consistent_block_raw,76,-0.03920234739780426,-0.057673826813697815
arithmetic_mixed,consistent_block_raw,77,-0.03914227336645126,-0.05760732293128967
arithmetic_mixed,consistent_block_raw,78,-0.03908557444810867,-0.05750603228807449
arithmetic_mixed,consistent_block_raw,79,-0.039162777364254,-0.05762745067477226
arithmetic_mixed,consistent_block_raw,80,-0.039162591099739075,-0.057604409754276276
arithmetic_mixed,consistent_block_raw,81,-0.039131153374910355,-0.05758531019091606
arithmetic_mixed,consistent_block_raw,82,-0.039197180420160294,-0.05768299102783203
arithmetic_mixed,consistent_block_raw,83,-0.03899846598505974,-0.05740058422088623
arithmetic_mixed,consistent_block_raw,84,-0.03898264840245247,-0.057377081364393234
arithmetic_mixed,consistent_block_raw,85,-0.039176423102617264,-0.05765502154827118
arithmetic_mixed,consistent_block_raw,86,-0.03909333795309067,-0.057531263679265976
arithmetic_mixed,consistent_block_raw,87,-0.039204053580760956,-0.05768977478146553
arithmetic_mixed,consistent_block_raw,88,-0.03917530179023743,-0.05763530731201172
arithmetic_mixed,consistent_block_raw,89,-0.03914167359471321,-0.057596515864133835
arithmetic_mixed,consistent_block_raw,90,-0.039071619510650635,-0.0574936680495739
arithmetic_mixed,consistent_block_raw,91,-0.039120227098464966,-0.05758585408329964
arithmetic_mixed,consistent_block_raw,92,-0.03913995996117592,-0.05758698284626007
arithmetic_mixed,consistent_block_raw,93,-0.039216239005327225,-0.05768141523003578
arithmetic_mixed,consistent_block_raw,94,-0.039170000702142715,-0.057641975581645966
arithmetic_mixed,consistent_block_raw,95,-0.03906470164656639,-0.057505492120981216
arithmetic_mixed,consistent_block_raw,96,-0.03913824260234833,-0.05759403482079506
arithmetic_mixed,consistent_block_raw,97,-0.039156801998615265,-0.057614557445049286
arithmetic_mixed,consistent_block_raw,98,-0.03913937881588936,-0.057609062641859055
arithmetic_mixed,consistent_block_raw,99,-0.03914807736873627,-0.05760985612869263
arithmetic_mixed,consistent_block_raw,100,-0.039061494171619415,-0.05749042332172394
arithmetic_mixed,consistent_block_raw,101,-0.03909030929207802,-0.05752728879451752
arithmetic_mixed,consistent_block_raw,102,-0.039098963141441345,-0.057524554431438446
arithmetic_mixed,consistent_block_raw,103,-0.03907740116119385,-0.05751263350248337
arithmetic_mixed,consistent_block_raw,104,-0.03910749778151512,-0.057551756501197815
arithmetic_mixed,consistent_block_raw,105,-0.0391104519367218,-0.05755673721432686
arithmetic_mixed,consistent_block_raw,106,-0.03909264877438545,-0.05752542242407799
arithmetic_mixed,consistent_block_raw,107,-0.0391249842941761,-0.05757175013422966
arithmetic_mixed,consistent_block_raw,108,-0.039106983691453934,-0.05754737928509712
arithmetic_mixed,consistent_block_raw,109,-0.039125315845012665,-0.057586099952459335
arithmetic_mixed,consistent_block_raw,110,-0.03914375230669975,-0.05760069936513901
arithmetic_mixed,consistent_block_raw,111,-0.039155300706624985,-0.05761132761836052
arithmetic_mixed,consistent_block_raw,112,-0.039087120443582535,-0.05751730874180794
arithmetic_mixed,consistent_block_raw,113,-0.03907269611954689,-0.057509973645210266
arithmetic_mixed,consistent_block_raw,114,-0.039045583456754684,-0.05746225267648697
arithmetic_mixed,consistent_block_raw,115,-0.03910522162914276,-0.05755649879574776
arithmetic_mixed,consistent_block_raw,116,-0.039190247654914856,-0.05765983834862709
arithmetic_mixed,consistent_block_raw,117,-0.039118994027376175,-0.057574182748794556
arithmetic_mixed,consistent_block_raw,118,-0.03920706734061241,-0.057698845863342285
arithmetic_mixed,consistent_block_raw,119,-0.03893807530403137,-0.05731635168194771
arithmetic_mixed,consistent_block_raw,120,-0.039023514837026596,-0.05742431432008743
arithmetic_mixed,consistent_block_raw,121,-0.039251212030649185,-0.05774864926934242
arithmetic_mixed,consistent_block_raw,122,-0.03916971758008003,-0.057650163769721985
arithmetic_mixed,consistent_block_raw,123,-0.0390591099858284,-0.05747916176915169
arithmetic_mixed,consistent_block_raw,124,-0.03910842165350914,-0.05753812566399574
arithmetic_mixed,consistent_block_raw,125,-0.039202187210321426,-0.057668231427669525
arithmetic_mixed,consistent_block_raw,126,-0.0392274484038353,-0.057711318135261536
arithmetic_mixed,consistent_block_raw,127,-0.039049290120601654,-0.05746525898575783
arithmetic_mixed,consistent_block_raw,128,-0.0391058549284935,-0.057527415454387665
arithmetic_mixed,consistent_block_raw,129,-0.03914633393287659,-0.05760566145181656
arithmetic_mixed,consistent_block_raw,130,-0.039131708443164825,-0.057547904551029205
arithmetic_mixed,consistent_block_raw,131,-0.03908989578485489,-0.05752352625131607
arithmetic_mixed,consistent_block_raw,132,-0.03911992162466049,-0.057553086429834366
arithmetic_mixed,consistent_block_raw,133,-0.039079807698726654,-0.057527437806129456
arithmetic_mixed,consistent_block_raw,134,-0.03913584724068642,-0.05759987607598305
arithmetic_mixed,consistent_block_raw,135,-0.0391610711812973,-0.057616204023361206
arithmetic_mixed,consistent_block_raw,136,-0.039175376296043396,-0.05762382224202156
arithmetic_mixed,consistent_block_raw,137,-0.03908573463559151,-0.05751711130142212
arithmetic_mixed,consistent_block_raw,138,-0.03899769112467766,-0.05740635097026825
arithmetic_mixed,consistent_block_raw,139,-0.03924748674035072,-0.05771734192967415
arithmetic_mixed,consistent_block_raw,140,-0.03905664384365082,-0.057487908750772476
arithmetic_mixed,consistent_block_raw,141,-0.03894265741109848,-0.05731872096657753
arithmetic_mixed,consistent_block_raw,142,-0.03911552205681801,-0.05753772705793381
arithmetic_mixed,consistent_block_raw,143,-0.03897061198949814,-0.05736784636974335
arithmetic_mixed,consistent_block_raw,144,-0.03910619765520096,-0.057546310126781464
arithmetic_mixed,consistent_block_raw,145,-0.03915617987513542,-0.05762968212366104
arithmetic_mixed,consistent_block_raw,146,-0.03912726789712906,-0.05756773427128792
arithmetic_mixed,consistent_block_raw,147,-0.03909587860107422,-0.05751973018050194
arithmetic_mixed,consistent_block_raw,148,-0.03903564438223839,-0.05744742602109909
arithmetic_mixed,consistent_block_raw,149,-0.03911767154932022,-0.05756578594446182
arithmetic_mixed,consistent_block_raw,150,-0.03917040675878525,-0.057645607739686966
arithmetic_mixed,consistent_block_raw,151,-0.0390949472784996,-0.05753743648529053
arithmetic_mixed,consistent_block_raw,152,-0.03905728459358215,-0.05746416747570038
arithmetic_mixed,consistent_block_raw,153,-0.039170391857624054,-0.05761291831731796
arithmetic_mixed,consistent_block_raw,154,-0.03918425366282463,-0.05765286087989807
arithmetic_mixed,consistent_block_raw,155,-0.03906360641121864,-0.05747620761394501
arithmetic_mixed,consistent_block_raw,156,-0.03910898417234421,-0.057545218616724014
arithmetic_mixed,consistent_block_raw,157,-0.039070531725883484,-0.05748891457915306
arithmetic_mixed,consistent_block_raw,158,-0.039140067994594574,-0.05758737772703171
arithmetic_mixed,consistent_block_raw,159,-0.03909346088767052,-0.05753781646490097
arithmetic_mixed,consistent_block_raw,160,-0.03911576420068741,-0.057577960193157196
arithmetic_mixed,consistent_block_raw,161,-0.03913845494389534,-0.05759219080209732
arithmetic_mixed,consistent_block_raw,162,-0.039072487503290176,-0.05749986693263054
arithmetic_mixed,consistent_block_raw,163,-0.03899981826543808,-0.057395778596401215
arithmetic_mixed,consistent_block_raw,164,-0.03911939635872841,-0.057577893137931824
arithmetic_mixed,consistent_block_raw,165,-0.039180953055620193,-0.057656094431877136
arithmetic_mixed,consistent_block_raw,166,-0.03916507959365845,-0.05761735886335373
arithmetic_mixed,consistent_block_raw,167,-0.03916148841381073,-0.057609256356954575
arithmetic_mixed,consistent_block_raw,168,-0.0392007939517498,-0.05768506973981857
arithmetic_mixed,consistent_block_raw,169,-0.039159927517175674,-0.05762689560651779
arithmetic_mixed,consistent_block_raw,170,-0.039096713066101074,-0.05752569064497948
arithmetic_mixed,consistent_block_raw,171,-0.039091892540454865,-0.05753709003329277
arithmetic_mixed,consistent_block_raw,172,-0.03902824968099594,-0.057446978986263275
arithmetic_mixed,consistent_block_raw,173,-0.03907329589128494,-0.05750708281993866
arithmetic_mixed,consistent_block_raw,174,-0.039116378873586655,-0.05757848173379898
arithmetic_mixed,consistent_block_raw,175,-0.03904686123132706,-0.05747690424323082
arithmetic_mixed,consistent_block_raw,176,-0.03919809311628342,-0.05767853185534477
arithmetic_mixed,consistent_block_raw,177,-0.03914293274283409,-0.05759507417678833
arithmetic_mixed,consistent_block_raw,178,-0.039099860936403275,-0.05754268541932106
arithmetic_mixed,consistent_block_raw,179,-0.03907392919063568,-0.05749338120222092
arithmetic_mixed,consistent_block_raw,180,-0.03905152902007103,-0.05748537555336952
arithmetic_mixed,consistent_block_raw,181,-0.03913186490535736,-0.05759616568684578
arithmetic_mixed,consistent_block_raw,182,-0.039007995277643204,-0.05739209055900574
arithmetic_mixed,consistent_block_raw,183,-0.03915328532457352,-0.05760767683386803
arithmetic_mixed,consistent_block_raw,184,-0.03923899680376053,-0.05775095894932747
arithmetic_mixed,consistent_block_raw,185,-0.03914540633559227,-0.0575995147228241
arithmetic_mixed,consistent_block_raw,186,-0.03909038379788399,-0.057528119534254074
arithmetic_mixed,consistent_block_raw,187,-0.03915515914559364,-0.057621609419584274
arithmetic_mixed,consistent_block_raw,188,-0.039193686097860336,-0.05766326189041138
arithmetic_mixed,consistent_block_raw,189,-0.03908831998705864,-0.05751674622297287
arithmetic_mixed,consistent_block_raw,190,-0.03911317512392998,-0.05756286159157753
arithmetic_mixed,consistent_block_raw,191,-0.03917422145605087,-0.05763041228055954
arithmetic_mixed,consistent_block_raw,192,-0.03920421376824379,-0.05766088888049126
arithmetic_mixed,consistent_block_raw,193,-0.03912458196282387,-0.05756213143467903
arithmetic_mixed,consistent_block_raw,194,-0.03911903500556946,-0.057564493268728256
arithmetic_mixed,consistent_block_raw,195,-0.03907255828380585,-0.05751171335577965
arithmetic_mixed,consistent_block_raw,196,-0.039189618080854416,-0.057659976184368134
arithmetic_mixed,consistent_block_raw,197,-0.03902324289083481,-0.05741272121667862
arithmetic_mixed,consistent_block_raw,198,-0.03903041034936905,-0.05743313953280449
arithmetic_mixed,common_rmsnorm,0,-0.21561092138290405,-0.35950595140457153
arithmetic_mixed,common_rmsnorm,1,-0.21509593725204468,-0.3586425483226776
arithmetic_mixed,common_rmsnorm,2,-0.21525801718235016,-0.3589637875556946
arithmetic_mixed,common_rmsnorm,3,-0.21581296622753143,-0.3598289489746094
arithmetic_mixed,common_rmsnorm,4,-0.21580664813518524,-0.3597622513771057
arithmetic_mixed,common_rmsnorm,5,-0.21599487960338593,-0.3601152002811432
arithmetic_mixed,common_rmsnorm,6,-0.21568162739276886,-0.3596000373363495
arithmetic_mixed,common_rmsnorm,7,-0.21600016951560974,-0.36001673340797424
arithmetic_mixed,common_rmsnorm,8,-0.21558207273483276,-0.35936442017555237
arithmetic_mixed,common_rmsnorm,9,-0.2156723588705063,-0.35962754487991333
arithmetic_mixed,common_rmsnorm,10,-0.21583907306194305,-0.35968565940856934
arithmetic_mixed,common_rmsnorm,11,-0.2157493382692337,-0.35961979627609253
arithmetic_mixed,common_rmsnorm,12,-0.21559393405914307,-0.35944876074790955
arithmetic_mixed,common_rmsnorm,13,-0.21556654572486877,-0.3594139516353607
arithmetic_mixed,common_rmsnorm,14,-0.21577340364456177,-0.3595837950706482
arithmetic_mixed,common_rmsnorm,15,-0.21573489904403687,-0.35979652404785156
arithmetic_mixed,common_rmsnorm,16,-0.21563482284545898,-0.3594312071800232
arithmetic_mixed,common_rmsnorm,17,-0.21534661948680878,-0.3589778542518616
arithmetic_mixed,common_rmsnorm,18,-0.21579265594482422,-0.35976147651672363
arithmetic_mixed,common_rmsnorm,19,-0.21605005860328674,-0.36003783345222473
arithmetic_mixed,common_rmsnorm,20,-0.21579906344413757,-0.3597603738307953
arithmetic_mixed,common_rmsnorm,21,-0.2155994325876236,-0.3595060706138611
arithmetic_mixed,common_rmsnorm,22,-0.2159004658460617,-0.3599196672439575
arithmetic_mixed,common_rmsnorm,23,-0.2160395085811615,-0.360140860080719
arithmetic_mixed,common_rmsnorm,24,-0.2158103734254837,-0.3598254919052124
arithmetic_mixed,common_rmsnorm,25,-0.21546080708503723,-0.3591076731681824
arithmetic_mixed,common_rmsnorm,26,-0.21558426320552826,-0.359511137008667
arithmetic_mixed,common_rmsnorm,27,-0.21583986282348633,-0.35992923378944397
arithmetic_mixed,common_rmsnorm,28,-0.2157994657754898,-0.35985124111175537
arithmetic_mixed,common_rmsnorm,29,-0.2157633751630783,-0.3595883846282959
arithmetic_mixed,common_rmsnorm,30,-0.21581602096557617,-0.35979732871055603
arithmetic_mixed,common_rmsnorm,31,-0.2157329022884369,-0.3597255051136017
arithmetic_mixed,common_rmsnorm,32,-0.21561630070209503,-0.35943078994750977
arithmetic_mixed,common_rmsnorm,33,-0.21539080142974854,-0.3591127395629883
arithmetic_mixed,common_rmsnorm,34,-0.21566423773765564,-0.35952720046043396
arithmetic_mixed,common_rmsnorm,35,-0.21621590852737427,-0.36035242676734924
arithmetic_mixed,common_rmsnorm,36,-0.21561531722545624,-0.35947826504707336
arithmetic_mixed,common_rmsnorm,37,-0.21564239263534546,-0.3593564033508301
arithmetic_mixed,common_rmsnorm,38,-0.21572022140026093,-0.3596855700016022
arithmetic_mixed,common_rmsnorm,39,-0.2154964953660965,-0.35940903425216675
arithmetic_mixed,common_rmsnorm,40,-0.2158845067024231,-0.3598390519618988
arithmetic_mixed,common_rmsnorm,41,-0.21590006351470947,-0.3600012958049774
arithmetic_mixed,common_rmsnorm,42,-0.21573084592819214,-0.359607458114624
arithmetic_mixed,common_rmsnorm,43,-0.21607203781604767,-0.3602319657802582
arithmetic_mixed,common_rmsnorm,44,-0.2160494029521942,-0.3601329028606415
arithmetic_mixed,common_rmsnorm,45,-0.21567951142787933,-0.3594845235347748
arithmetic_mixed,common_rmsnorm,46,-0.21597090363502502,-0.3599436581134796
arithmetic_mixed,common_rmsnorm,47,-0.2158740907907486,-0.3597937226295471
arithmetic_mixed,common_rmsnorm,48,-0.2157764732837677,-0.35979562997817993
arithmetic_mixed,common_rmsnorm,49,-0.21570099890232086,-0.35959523916244507
arithmetic_mixed,common_rmsnorm,50,-0.21569737792015076,-0.35960835218429565
arithmetic_mixed,common_rmsnorm,51,-0.21559184789657593,-0.35941874980926514
arithmetic_mixed,common_rmsnorm,52,-0.21540242433547974,-0.3591325581073761
arithmetic_mixed,common_rmsnorm,53,-0.2155071645975113,-0.35912129282951355
arithmetic_mixed,common_rmsnorm,54,-0.21551096439361572,-0.3593257665634155
arithmetic_mixed,common_rmsnorm,55,-0.21578997373580933,-0.35981911420822144
arithmetic_mixed,common_rmsnorm,56,-0.2156190723180771,-0.3594253659248352
arithmetic_mixed,common_rmsnorm,57,-0.2155487984418869,-0.359375
arithmetic_mixed,common_rmsnorm,58,-0.21561074256896973,-0.3593837022781372
arithmetic_mixed,common_rmsnorm,59,-0.21571891009807587,-0.3596469461917877
arithmetic_mixed,common_rmsnorm,60,-0.21551308035850525,-0.35936102271080017
arithmetic_mixed,common_rmsnorm,61,-0.21569472551345825,-0.3594454526901245
arithmetic_mixed,common_rmsnorm,62,-0.2157616913318634,-0.3598421514034271
arithmetic_mixed,common_rmsnorm,63,-0.21596786379814148,-0.3599729537963867
arithmetic_mixed,common_rmsnorm,64,-0.21576455235481262,-0.35957565903663635
arithmetic_mixed,common_rmsnorm,65,-0.21595147252082825,-0.35999342799186707
arithmetic_mixed,common_rmsnorm,66,-0.21595342457294464,-0.3599447011947632
arithmetic_mixed,common_rmsnorm,67,-0.21568502485752106,-0.35959580540657043
arithmetic_mixed,common_rmsnorm,68,-0.21574930846691132,-0.3596411943435669
arithmetic_mixed,common_rmsnorm,69,-0.2158147245645523,-0.35967642068862915
arithmetic_mixed,common_rmsnorm,70,-0.21562542021274567,-0.359485387802124
arithmetic_mixed,common_rmsnorm,71,-0.2156260460615158,-0.35942524671554565
arithmetic_mixed,common_rmsnorm,72,-0.21579211950302124,-0.35983628034591675
arithmetic_mixed,common_rmsnorm,73,-0.21545399725437164,-0.35916417837142944
arithmetic_mixed,common_rmsnorm,74,-0.21589526534080505,-0.3599669933319092
arithmetic_mixed,common_rmsnorm,75,-0.21578475832939148,-0.35974934697151184
arithmetic_mixed,common_rmsnorm,76,-0.21559186279773712,-0.3593912720680237
arithmetic_mixed,common_rmsnorm,77,-0.21593521535396576,-0.3599235713481903
arithmetic_mixed,common_rmsnorm,78,-0.21582932770252228,-0.3598802387714386
arithmetic_mixed,common_rmsnorm,79,-0.2156241089105606,-0.3595069944858551
arithmetic_mixed,common_rmsnorm,80,-0.21580004692077637,-0.35974258184432983
arithmetic_mixed,common_rmsnorm,81,-0.21560564637184143,-0.3594614863395691
arithmetic_mixed,common_rmsnorm,82,-0.21571950614452362,-0.3597505986690521
arithmetic_mixed,common_rmsnorm,83,-0.21578995883464813,-0.359662801027298
arithmetic_mixed,common_rmsnorm,84,-0.21587644517421722,-0.359933465719223
arithmetic_mixed,common_rmsnorm,85,-0.21562771499156952,-0.35968396067619324
arithmetic_mixed,common_rmsnorm,86,-0.2156459093093872,-0.35935863852500916
arithmetic_mixed,common_rmsnorm,87,-0.2156035602092743,-0.3594517707824707
arithmetic_mixed,common_rmsnorm,88,-0.21574266254901886,-0.3595030903816223
arithmetic_mixed,common_rmsnorm,89,-0.21582117676734924,-0.3598317503929138
arithmetic_mixed,common_rmsnorm,90,-0.21608832478523254,-0.360115647315979
arithmetic_mixed,common_rmsnorm,91,-0.21577206254005432,-0.3596890866756439
arithmetic_mixed,common_rmsnorm,92,-0.21566228568553925,-0.35954803228378296
arithmetic_mixed,common_rmsnorm,93,-0.21543492376804352,-0.3592197000980377
arithmetic_mixed,common_rmsnorm,94,-0.2156052440404892,-0.3593593239784241
arithmetic_mixed,common_rmsnorm,95,-0.21582621335983276,-0.3597392141819
arithmetic_mixed,common_rmsnorm,96,-0.21555165946483612,-0.35939979553222656
arithmetic_mixed,common_rmsnorm,97,-0.2158571481704712,-0.3598965108394623
arithmetic_mixed,common_rmsnorm,98,-0.2156570851802826,-0.3596072793006897
arithmetic_mixed,common_rmsnorm,99,-0.21589139103889465,-0.35990485548973083
arithmetic_mixed,common_rmsnorm,100,-0.21563845872879028,-0.3594593107700348
arithmetic_mixed,common_rmsnorm,101,-0.2158101499080658,-0.35974180698394775
arithmetic_mixed,common_rmsnorm,102,-0.2157488316297531,-0.3597354590892792
arithmetic_mixed,common_rmsnorm,103,-0.21585430204868317,-0.3598535358905792
arithmetic_mixed,common_rmsnorm,104,-0.2156905084848404,-0.3597118854522705
arithmetic_mixed,common_rmsnorm,105,-0.21585030853748322,-0.35997799038887024
arithmetic_mixed,common_rmsnorm,106,-0.21555528044700623,-0.35936033725738525
arithmetic_mixed,common_rmsnorm,107,-0.21536925435066223,-0.359113484621048
arithmetic_mixed,common_rmsnorm,108,-0.2159079909324646,-0.3598354756832123
arithmetic_mixed,common_rmsnorm,109,-0.21581770479679108,-0.35973408818244934
arithmetic_mixed,common_rmsnorm,110,-0.21582671999931335,-0.3598487079143524
arithmetic_mixed,common_rmsnorm,111,-0.21565119922161102,-0.3594694435596466
arithmetic_mixed,common_rmsnorm,112,-0.21595120429992676,-0.3600044846534729
arithmetic_mixed,common_rmsnorm,113,-0.2158356010913849,-0.3598543405532837
arithmetic_mixed,common_rmsnorm,114,-0.2154374122619629,-0.35921528935432434
arithmetic_mixed,common_rmsnorm,115,-0.21544979512691498,-0.359133243560791
arithmetic_mixed,common_rmsnorm,116,-0.21553359925746918,-0.3593786656856537
arithmetic_mixed,common_rmsnorm,117,-0.21583838760852814,-0.3598266541957855
arithmetic_mixed,common_rmsnorm,118,-0.21591691672801971,-0.3600084185600281
arithmetic_mixed,common_rmsnorm,119,-0.2157423496246338,-0.359597772359848
arithmetic_mixed,common_rmsnorm,120,-0.21579425036907196,-0.35978996753692627
arithmetic_mixed,common_rmsnorm,121,-0.21562765538692474,-0.3593847155570984
arithmetic_mixed,common_rmsnorm,122,-0.21575850248336792,-0.3596803843975067
arithmetic_mixed,common_rmsnorm,123,-0.21566203236579895,-0.359599769115448
arithmetic_mixed,common_rmsnorm,124,-0.21577955782413483,-0.35990452766418457
arithmetic_mixed,common_rmsnorm,125,-0.21566404402256012,-0.35948553681373596
arithmetic_mixed,common_rmsnorm,126,-0.2161693572998047,-0.36037662625312805
arithmetic_mixed,common_rmsnorm,127,-0.21549531817436218,-0.35917624831199646
arithmetic_mixed,common_rmsnorm,128,-0.21554043889045715,-0.3593428432941437
arithmetic_mixed,common_rmsnorm,129,-0.21565072238445282,-0.3595224618911743
arithmetic_mixed,common_rmsnorm,130,-0.2155873030424118,-0.3594284951686859
arithmetic_mixed,common_rmsnorm,131,-0.21582011878490448,-0.35984501242637634
arithmetic_mixed,common_rmsnorm,132,-0.2157757729291916,-0.3596295416355133
arithmetic_mixed,common_rmsnorm,133,-0.2157479077577591,-0.3597728908061981
arithmetic_mixed,common_rmsnorm,134,-0.21539223194122314,-0.35913002490997314
arithmetic_mixed,common_rmsnorm,135,-0.21579134464263916,-0.35977494716644287
arithmetic_mixed,common_rmsnorm,136,-0.21563680469989777,-0.35952362418174744
arithmetic_mixed,common_rmsnorm,137,-0.21541602909564972,-0.35920098423957825
arithmetic_mixed,common_rmsnorm,138,-0.21569456160068512,-0.35960644483566284
arithmetic_mixed,common_rmsnorm,139,-0.21541152894496918,-0.3592432737350464
arithmetic_mixed,common_rmsnorm,140,-0.21559584140777588,-0.35948216915130615
arithmetic_mixed,common_rmsnorm,141,-0.21526646614074707,-0.3588441014289856
arithmetic_mixed,common_rmsnorm,142,-0.21601472795009613,-0.3600788712501526
arithmetic_mixed,common_rmsnorm,143,-0.2153659164905548,-0.3590548634529114
arithmetic_mixed,common_rmsnorm,144,-0.2156413495540619,-0.3595632314682007
arithmetic_mixed,common_rmsnorm,145,-0.21574649214744568,-0.359668493270874
arithmetic_mixed,common_rmsnorm,146,-0.21579575538635254,-0.3597877621650696
arithmetic_mixed,common_rmsnorm,147,-0.21569329500198364,-0.3596293330192566
arithmetic_mixed,common_rmsnorm,148,-0.2157338559627533,-0.35957756638526917
arithmetic_mixed,common_rmsnorm,149,-0.2158549278974533,-0.3598894476890564
arithmetic_mixed,common_rmsnorm,150,-0.21582303941249847,-0.3598281443119049
arithmetic_mixed,common_rmsnorm,151,-0.2156682312488556,-0.35964348912239075
arithmetic_mixed,common_rmsnorm,152,-0.21581800282001495,-0.3597456216812134
arithmetic_mixed,common_rmsnorm,153,-0.2155279666185379,-0.35934388637542725
arithmetic_mixed,common_rmsnorm,154,-0.21540237963199615,-0.3592040240764618
arithmetic_mixed,common_rmsnorm,155,-0.215537890791893,-0.35938143730163574
arithmetic_mixed,common_rmsnorm,156,-0.2157456874847412,-0.35967355966567993
arithmetic_mixed,common_rmsnorm,157,-0.21578748524188995,-0.35968494415283203
arithmetic_mixed,common_rmsnorm,158,-0.2157076895236969,-0.35960158705711365
arithmetic_mixed,common_rmsnorm,159,-0.21584202349185944,-0.35980620980262756
arithmetic_mixed,common_rmsnorm,160,-0.21564756333827972,-0.3595454692840576
arithmetic_mixed,common_rmsnorm,161,-0.21539081633090973,-0.35908153653144836
arithmetic_mixed,common_rmsnorm,162,-0.21567977964878082,-0.3596954047679901
arithmetic_mixed,common_rmsnorm,163,-0.2157561480998993,-0.3597865402698517
arithmetic_mixed,common_rmsnorm,164,-0.21582667529582977,-0.359804630279541
arithmetic_mixed,common_rmsnorm,165,-0.21573318541049957,-0.35969969630241394
arithmetic_mixed,common_rmsnorm,166,-0.21553759276866913,-0.3591833710670471
arithmetic_mixed,common_rmsnorm,167,-0.21555590629577637,-0.3593108654022217
arithmetic_mixed,common_rmsnorm,168,-0.21538589894771576,-0.3591785132884979
arithmetic_mixed,common_rmsnorm,169,-0.2157740443944931,-0.35980281233787537
arithmetic_mixed,common_rmsnorm,170,-0.21550901234149933,-0.35932040214538574
arithmetic_mixed,common_rmsnorm,171,-0.21574418246746063,-0.35973891615867615
arithmetic_mixed,common_rmsnorm,172,-0.21561548113822937,-0.3594282567501068
arithmetic_mixed,common_rmsnorm,173,-0.2158433347940445,-0.35980963706970215
arithmetic_mixed,common_rmsnorm,174,-0.21565374732017517,-0.3595097064971924
arithmetic_mixed,common_rmsnorm,175,-0.2157427966594696,-0.3597128689289093
arithmetic_mixed,common_rmsnorm,176,-0.2155485600233078,-0.3592628538608551
arithmetic_mixed,common_rmsnorm,177,-0.2157546430826187,-0.35969823598861694
arithmetic_mixed,common_rmsnorm,178,-0.21582454442977905,-0.35975080728530884
arithmetic_mixed,common_rmsnorm,179,-0.21576346457004547,-0.3595719039440155
arithmetic_mixed,common_rmsnorm,180,-0.21583598852157593,-0.359748512506485
arithmetic_mixed,common_rmsnorm,181,-0.2156287133693695,-0.35952040553092957
arithmetic_mixed,common_rmsnorm,182,-0.21562737226486206,-0.3594614863395691
arithmetic_mixed,common_rmsnorm,183,-0.21574944257736206,-0.35967642068862915
arithmetic_mixed,common_rmsnorm,184,-0.21582980453968048,-0.3598732650279999
arithmetic_mixed,common_rmsnorm,185,-0.21553575992584229,-0.35927048325538635
arithmetic_mixed,common_rmsnorm,186,-0.21585635840892792,-0.3598570227622986
arithmetic_mixed,common_rmsnorm,187,-0.21552839875221252,-0.35937780141830444
arithmetic_mixed,common_rmsnorm,188,-0.21576499938964844,-0.35969802737236023
arithmetic_mixed,common_rmsnorm,189,-0.21579785645008087,-0.35985133051872253
arithmetic_mixed,common_rmsnorm,190,-0.21571405231952667,-0.3596206605434418
arithmetic_mixed,common_rmsnorm,191,-0.21554964780807495,-0.3594045042991638
arithmetic_mixed,common_rmsnorm,192,-0.21577848494052887,-0.35977494716644287
arithmetic_mixed,common_rmsnorm,193,-0.21574176847934723,-0.35965749621391296
arithmetic_mixed,common_rmsnorm,194,-0.21574696898460388,-0.35971882939338684
arithmetic_mixed,common_rmsnorm,195,-0.2157251089811325,-0.3596644997596741
arithmetic_mixed,common_rmsnorm,196,-0.21630144119262695,-0.36065873503685
arithmetic_mixed,common_rmsnorm,197,-0.21552899479866028,-0.35935357213020325
arithmetic_mixed,common_rmsnorm,198,-0.2155718356370926,-0.35937976837158203
