analysis,revision,null_index,final_accuracy,final_macro_f1,evidence_first_mean,evidence_final_mean,evidence_progress_mean,native_mean_prompt_spearman,shuffle_mean,shuffle_q95,shuffle_q99,real_minus_shuffle_mean,empirical_p_upper
within_checkpoint,step0,0,0.03773584905660377,0.028571428571428574,-31446.54654768366,-31446.58618294344,-0.03963525977021069,-0.3105950653120464,-0.08523418643487254,0.030030347011478997,0.06163346087874377,-0.22536087887717385,1.0
within_checkpoint,step143000,0,0.11320754716981132,0.09273182957393485,-31446.541269734254,-31446.54206829687,-0.0007985626106025492,-0.10040902493732681,-0.008972159915556143,0.0555482253595461,0.07008576329331045,-0.09143686502177067,1.0
final_metric_transfer,step0,0,0.16981132075471697,0.07713419037989311,-31446.539580645487,-31446.540210763633,-0.0006301181414866937,-0.03522892202137487,-0.04864451348156323,-0.011333949069798127,-0.003908167304393728,0.013415591460188357,0.37
final_metric_transfer,step143000,0,0.11320754716981132,0.09273182957393485,-31446.541269734254,-31446.54206829687,-0.0007985626106025492,-0.10040902493732681,-0.008972159915556143,0.0555482253595461,0.07008576329331045,-0.09143686502177067,1.0
within_checkpoint,step0,1,0.1509433962264151,0.14038342609771182,-9433.946227418546,-9433.954412665422,-0.008185246878279123,-0.1545058714870035,-0.0723916830263314,-0.029502572898799328,-0.021200686106346546,-0.08211418846067212,1.0
within_checkpoint,step143000,1,0.1509433962264151,0.11904761904761904,-9433.960756204335,-9433.963060625725,-0.0023044213830850702,-0.09024937326824117,-0.03552479538757412,0.022892202137485152,0.03394906979812636,-0.05472457788066706,0.95
final_metric_transfer,step0,1,0.18867924528301888,0.15205320994794677,-9433.961301816436,-9433.963520740523,-0.00221892408277091,-0.0006597176408497275,-0.03236348176313871,0.015608919382504288,0.038532787966750214,0.03170376412228899,0.14
final_metric_transfer,step143000,1,0.1509433962264151,0.11904761904761904,-9433.960756204335,-9433.963060625725,-0.0023044213830850702,-0.09024937326824117,-0.03552479538757412,0.022892202137485152,0.03394906979812636,-0.05472457788066706,0.95
within_checkpoint,step0,2,0.1509433962264151,0.11972789115646257,-9433.965239816158,-9433.97812316812,-0.012883351972904902,-0.23499142367066897,-0.10106740981526571,-0.022997756960021133,-7.652724633865873e-05,-0.13392401385540326,1.0
within_checkpoint,step143000,2,0.11320754716981132,0.10532212885154062,-9433.962997227756,-9433.963064190935,-6.696318398104431e-05,-0.07533975458503762,-0.003783713903782515,0.05515239477503626,0.07263755112811711,-0.07155604068125511,0.97
final_metric_transfer,step0,2,0.1509433962264151,0.08027210884353742,-9433.9617832084,-9433.961900211092,-0.00011700269418960722,0.058319039451114926,-0.002932078403776517,0.036429608127721336,0.03983111228394237,0.06125111785489144,0.02
final_metric_transfer,step143000,2,0.11320754716981132,0.10532212885154062,-9433.962997227756,-9433.963064190935,-6.696318398104431e-05,-0.07533975458503762,-0.003783713903782515,0.05515239477503626,0.07263755112811711,-0.07155604068125511,0.97
within_checkpoint,step0,3,0.2830188679245283,0.28520408163265304,0.0015183192994130065,0.029172319802094983,0.02765400050268198,-0.03430531732418524,-0.016003817032976552,-0.0002506927035228933,0.003831640058055156,-0.01830150029120869,0.98
within_checkpoint,step143000,3,0.09433962264150944,0.09803921568627451,0.0015033751195535744,-0.0023965848007407708,-0.0038999599202943457,-0.06689536878216125,-0.03314448082887191,-0.0010291595197255636,0.015735585169547428,-0.03375088795328934,0.93
final_metric_transfer,step0,3,0.1509433962264151,0.06406926406926407,-1.1207804396996315e-05,0.0015366674118939246,0.0015478752162909211,0.1589919514447816,0.036391091279599,0.134951840612218,0.153397545850376,0.1226008601651826,0.02
final_metric_transfer,step143000,3,0.09433962264150944,0.09803921568627451,0.0015033751195535744,-0.0023965848007407708,-0.0038999599202943457,-0.06689536878216125,-0.03314448082887191,-0.0010291595197255636,0.015735585169547428,-0.03375088795328934,0.93
within_checkpoint,step0,4,0.16981132075471697,0.1426482873851295,56603.77681492891,56603.785975046936,0.009160118041941117,-0.047763557197519464,-0.03166244847205396,0.014606148568412705,0.03776487663280114,-0.016101108725465503,0.71
within_checkpoint,step143000,4,0.1509433962264151,0.14718614718614717,56603.772914583846,56603.7726737031,-0.000240880744117919,-0.03958305845098299,-0.011912234896797505,0.013722126929674075,0.020736244887188286,-0.027670823554185486,0.96
final_metric_transfer,step0,4,0.1320754716981132,0.07006802721088436,56603.77335432768,56603.7731019659,-0.0002523617943556822,0.04406913840876105,-0.011531064704306555,0.04775036284470245,0.05550336455996833,0.0556002031130676,0.09
final_metric_transfer,step143000,4,0.1509433962264151,0.14718614718614717,56603.772914583846,56603.7726737031,-0.000240880744117919,-0.03958305845098299,-0.011912234896797505,0.013722126929674075,0.020736244887188286,-0.027670823554185486,0.96
within_checkpoint,step0,5,0.24528301886792453,0.234093637454982,22012.57893017521,22012.585271328768,0.006341153559048024,-0.09196463913445044,-0.008279123201936238,0.048080221665127314,0.059931389365351556,-0.08368551593251419,1.0
within_checkpoint,step143000,5,0.1509433962264151,0.14285714285714285,22012.57835034948,22012.584232796675,0.005882447193393394,0.03390948673967542,0.033501661288968324,0.08594801424990105,0.10036944187887577,0.0004078254507070972,0.52
final_metric_transfer,step0,5,0.07547169811320754,0.031746031746031744,22012.580173926195,22012.57971081645,-0.00046310973657879385,-0.02203456920438052,-0.038592815608253006,-0.0044992743105950915,0.006845230241456634,0.016558246403872486,0.24
final_metric_transfer,step143000,5,0.1509433962264151,0.14285714285714285,22012.57835034948,22012.584232796675,0.005882447193393394,0.03390948673967542,0.033501661288968324,0.08594801424990105,0.10036944187887577,0.0004078254507070972,0.52
within_checkpoint,step0,6,0.09433962264150944,0.0748299319727891,56603.77463051265,56603.70867204182,-0.06595847081981257,-0.41628183137617103,-0.15413269787197748,-0.021599155561419715,0.01037076131415742,-0.26214913350419355,1.0
within_checkpoint,step143000,6,0.0,0.0,56603.7732421395,56603.7674785662,-0.005763573296026624,-0.5180102915951972,-0.10518298168383933,0.09125214408233272,0.18330122707481175,-0.41282730991135785,1.0
final_metric_transfer,step0,6,0.09433962264150944,0.10966810966810966,56603.77235687589,56603.77218996397,-0.00016691191748939688,-0.03496503496503495,-0.030357673582373415,0.022206095791001454,0.0420688745217047,-0.004607361382661532,0.54
final_metric_transfer,step143000,6,0.0,0.0,56603.7732421395,56603.7674785662,-0.005763573296026624,-0.5180102915951972,-0.10518298168383933,0.09125214408233272,0.18330122707481175,-0.41282730991135785,1.0
within_checkpoint,step0,7,0.07547169811320754,0.06349206349206349,59748.42140599052,59748.389350628495,-0.032055362020511194,-0.34499479068568495,-0.1418329150904785,-0.031133071888798644,-0.009800050527337616,-0.20316187559520646,1.0
within_checkpoint,step143000,7,0.07547169811320754,0.06349206349206349,59748.42753049718,59748.42265938787,-0.00487110932575564,-0.34095538172418544,-0.07723231856301958,0.06993447106915297,0.1076489127155838,-0.26372306316116584,1.0
final_metric_transfer,step0,7,0.1320754716981132,0.044444444444444446,59748.428530624486,59748.426485539785,-0.002045084703516591,-0.0950963179832689,-0.021848015595895526,0.039076657182719056,0.04803477479965141,-0.07324830238737337,0.97
final_metric_transfer,step143000,7,0.07547169811320754,0.06349206349206349,59748.42753049718,59748.42265938787,-0.00487110932575564,-0.34095538172418544,-0.07723231856301958,0.06993447106915297,0.1076489127155838,-0.26372306316116584,1.0
within_checkpoint,step0,8,0.1509433962264151,0.16560632350106033,56603.776327218264,56603.79605449177,0.019727273510229768,-0.02757619738751813,-0.007538107023527264,0.014936007388837567,0.019477503628446982,-0.020038090363990867,0.92
within_checkpoint,step143000,8,0.1509433962264151,0.1285714285714286,56603.773265155665,56603.775267861005,0.002002705319564573,0.061881514711703396,0.0421086441669632,0.07804459691252143,0.0908932576857105,0.019772870544740195,0.23
final_metric_transfer,step0,8,0.1320754716981132,0.0748299319727891,56603.77251306761,56603.774198225336,0.0016851577257613465,0.022958173901570143,0.04778088311535997,0.08435149755904474,0.09078770286317452,-0.024822709213789824,0.88
final_metric_transfer,step143000,8,0.1509433962264151,0.1285714285714286,56603.773265155665,56603.775267861005,0.002002705319564573,0.061881514711703396,0.0421086441669632,0.07804459691252143,0.0908932576857105,0.019772870544740195,0.23
within_checkpoint,step0,9,0.20754716981132076,0.1554621848739496,0.015497322157662823,0.05949340139307346,0.04399607923541064,0.04182609842987202,0.039905587075398395,0.07684391080617496,0.0885948014249901,0.0019205113544736238,0.47
within_checkpoint,step143000,9,0.24528301886792453,0.18779685787358424,0.002411885222452451,0.0028367092696428287,0.00042482404719037766,-0.032458107929806045,-0.04385056529138862,-0.012257553766987736,-0.0032616440163610342,0.011392457361582578,0.31
final_metric_transfer,step0,9,0.11320754716981132,0.05414874980092371,0.00016640900826664194,1.4536098724465124e-05,-0.00015187290954217665,0.062145401768043285,-0.0005397689788770383,0.10121388045916349,0.11638738619870695,0.06268517074692033,0.1
final_metric_transfer,step143000,9,0.24528301886792453,0.18779685787358424,0.002411885222452451,0.0028367092696428287,0.00042482404719037766,-0.032458107929806045,-0.04385056529138862,-0.012257553766987736,-0.0032616440163610342,0.011392457361582578,0.31
within_checkpoint,step0,10,0.11320754716981132,0.12436974789915967,-0.011101952598941566,-0.020481473501113987,-0.009379520904037304,-0.3446364955798919,-0.11053802305946388,0.010938118485288284,0.03050534371289067,-0.23409847252042804,1.0
within_checkpoint,step143000,10,0.11320754716981132,0.16246498599439776,-0.0007107256065642627,-0.003917634082867726,-0.0032069084741904834,-0.39028895632669214,-0.07117220496294252,0.09313893653516292,0.1597704182609842,-0.3191167513637496,1.0
final_metric_transfer,step0,10,0.16981132075471697,0.07376283846872081,0.000425283215129109,0.0030601421433435454,0.0026348589240177194,0.193165325240797,0.07466271102634739,0.14844966354400316,0.1706795091700752,0.1185026142144496,0.01
final_metric_transfer,step143000,10,0.11320754716981132,0.16246498599439776,-0.0007107256065642627,-0.003917634082867726,-0.0032069084741904834,-0.39028895632669214,-0.07117220496294252,0.09313893653516292,0.1597704182609842,-0.3191167513637496,1.0
within_checkpoint,step0,11,0.0,0.0,56603.76559872454,56603.66649278517,-0.09910593933405414,-0.47723974139068487,-0.19991443662112618,-0.056762105818709635,-0.027592030610898634,-0.2773253047695587,1.0
within_checkpoint,step143000,11,0.0,0.0,56603.77439099508,56603.76672447675,-0.007666518338059982,-0.38448344108721466,-0.03286193509178072,0.14413511017284603,0.2198654176012666,-0.35162150599543396,1.0
final_metric_transfer,step0,11,0.1509433962264151,0.07752613240418119,56603.77341698681,56603.772226672016,-0.001190314797086578,-0.10331178255706558,-0.00894550465733999,0.05962528037999733,0.08354928090777147,-0.09436627789972558,1.0
final_metric_transfer,step143000,11,0.0,0.0,56603.77439099508,56603.76672447675,-0.007666518338059982,-0.38448344108721466,-0.03286193509178072,0.14413511017284603,0.2198654176012666,-0.35162150599543396,1.0
within_checkpoint,step0,12,0.20754716981132076,0.15734989648033126,0.0014397275601612804,0.017077404240834662,0.015637676680673382,-0.04156221137353213,-0.03105071029599331,0.007758279456392663,0.012793244491357667,-0.010511501077538822,0.65
within_checkpoint,step143000,12,0.24528301886792453,0.2104050711193568,-0.0005127212489294997,0.0011078219507718906,0.0016205431997013899,0.06979812640189997,0.03929917995098098,0.08045916347803139,0.09055548225359546,0.030498946450918996,0.18
final_metric_transfer,step0,12,0.16981132075471697,0.09925788497217068,0.0014794310493162644,0.0009497605908518391,-0.0005296704584644254,-0.01965958569732155,-0.04015881202845183,-0.005502045124686632,0.009919514447816325,0.020499226331130282,0.23
final_metric_transfer,step143000,12,0.24528301886792453,0.2104050711193568,-0.0005127212489294997,0.0011078219507718906,0.0016205431997013899,0.06979812640189997,0.03929917995098098,0.08045916347803139,0.09055548225359546,0.030498946450918996,0.18
within_checkpoint,step0,13,0.18867924528301888,0.21275510204081632,-0.005407780535891657,0.03733770874456415,0.04274548928045579,-0.1772001583322338,-0.012345382842809944,0.07679113339490698,0.09385143158728057,-0.16485477548942384,1.0
within_checkpoint,step143000,13,0.1320754716981132,0.16071428571428573,-0.00014290022111838335,0.0020084878743262032,0.002151388095444586,0.008048555218366523,-0.01645828918556191,0.030993534767119656,0.044478163346087875,0.024506844403928432,0.24
final_metric_transfer,step0,13,0.18867924528301888,0.1106227106227106,-0.0006573126375649469,0.0006829257838080996,0.001340238421373047,0.13854070457844045,0.03058024498847826,0.12396094471566166,0.14379205699960415,0.10796045958996218,0.03
final_metric_transfer,step143000,13,0.1320754716981132,0.16071428571428573,-0.00014290022111838335,0.0020084878743262032,0.002151388095444586,0.008048555218366523,-0.01645828918556191,0.030993534767119656,0.044478163346087875,0.024506844403928432,0.24
within_checkpoint,step0,14,0.37735849056603776,0.3537958773252891,0.0030465992492142813,0.11778121525837112,0.11473461600915688,0.344372608523552,0.14067845628737566,0.26230373400184714,0.2919567225227602,0.20369415223617635,0.01
within_checkpoint,step143000,14,0.4339622641509434,0.35267399267399263,0.0005562051048533155,0.005376147062495834,0.004819941957642519,0.3251088534107402,0.07085367462725953,0.23580947354532253,0.25722654703786774,0.2542551787834807,0.01
final_metric_transfer,step0,14,0.11320754716981132,0.07282913165266106,-0.0006259354346073807,0.00031521787883187925,0.0009411533134392601,0.06570787702863175,0.03827695079839162,0.0832167832167832,0.10215859612086024,0.027430926230240127,0.21
final_metric_transfer,step143000,14,0.4339622641509434,0.35267399267399263,0.0005562051048533155,0.005376147062495834,0.004819941957642519,0.3251088534107402,0.07085367462725953,0.23580947354532253,0.25722654703786774,0.2542551787834807,0.01
within_checkpoint,step0,15,0.07547169811320754,0.14285714285714285,0.011715939674706898,-0.02843513217360884,-0.04015107184831573,-0.35492809077714743,-0.14138748615592528,-0.016163082200818094,0.008684523024145484,-0.21354060462122215,1.0
within_checkpoint,step143000,15,0.05660377358490566,0.09523809523809523,-0.0018600254349916813,-0.0013953735662275465,0.0004646518687641348,-0.20213748515635308,0.008152510725409524,0.1193693099353477,0.14942604565246057,-0.2102899958817626,1.0
final_metric_transfer,step0,15,0.1320754716981132,0.08775510204081634,-0.0009486191951758121,0.0011105696519569876,0.0020591888471328,0.15740862910674233,0.04040004211530799,0.14152262831508114,0.15184852882966088,0.11700858699143435,0.02
final_metric_transfer,step143000,15,0.05660377358490566,0.09523809523809523,-0.0018600254349916813,-0.0013953735662275465,0.0004646518687641348,-0.20213748515635308,0.008152510725409524,0.1193693099353477,0.14942604565246057,-0.2102899958817626,1.0
within_checkpoint,step0,16,0.1509433962264151,0.14512471655328799,0.002365729779972065,-0.025813764212663223,-0.02817949399263528,-0.22272067555086422,-0.07622737468363541,0.01500197915292253,0.02480538329594925,-0.1464933008672288,1.0
within_checkpoint,step143000,16,0.07547169811320754,0.09523809523809523,-0.0008343816083671081,-0.0021287952305464246,-0.001294413622179317,-0.2597968069666183,-0.07997910227755853,0.020609579100145128,0.0402981923736639,-0.17981770468905975,1.0
final_metric_transfer,step0,16,0.11320754716981132,0.07792207792207792,-0.0034149012953721826,-0.000169141194569191,0.003245760100802992,0.11677002243039981,0.04492477219749948,0.1284470246734397,0.1559440559440559,0.07184525023290034,0.12
final_metric_transfer,step143000,16,0.07547169811320754,0.09523809523809523,-0.0008343816083671081,-0.0021287952305464246,-0.001294413622179317,-0.2597968069666183,-0.07997910227755853,0.020609579100145128,0.0402981923736639,-0.17981770468905975,1.0
within_checkpoint,step0,17,0.33962264150943394,0.2853920515574651,34591.192468311245,34591.284736633075,0.09226832181579474,0.16506135374059902,0.06968484155448133,0.12374983507058977,0.14500593745876764,0.09537651218611769,0.01
within_checkpoint,step143000,17,0.3584905660377358,0.3028571428571429,34591.1958479854,34591.201571295,0.005723309600953444,0.24950521176936274,0.03679491844157367,0.15830584509829784,0.18609051326032452,0.21271029332778907,0.01
final_metric_transfer,step0,17,0.07547169811320754,0.03686635944700461,34591.194352866245,34591.19434160619,-1.1260056069986211e-05,-0.005805515239477504,0.009290690251239138,0.05261907903417331,0.07258213484628578,-0.015096205490716642,0.74
final_metric_transfer,step143000,17,0.3584905660377358,0.3028571428571429,34591.1958479854,34591.201571295,0.005723309600953444,0.24950521176936274,0.03679491844157367,0.15830584509829784,0.18609051326032452,0.21271029332778907,0.01
within_checkpoint,step0,18,0.07547169811320754,0.08888888888888889,56603.76664948174,56603.744301524595,-0.022347957156168864,-0.3281435545586489,-0.0957403564607681,0.04430663675946693,0.06048819105422875,-0.2324031980978808,1.0
within_checkpoint,step143000,18,0.07547169811320754,0.1391941391941392,56603.77306894991,56603.77013039819,-0.0029385517253314067,-0.3797334740730967,-0.06465632709200464,0.13278796675023086,0.17988388969521044,-0.31507714698109207,1.0
final_metric_transfer,step0,18,0.16981132075471697,0.07563025210084033,56603.77416153375,56603.77410707885,-5.445490616883595e-05,0.07019395698640982,0.012530636887412187,0.05698640981659848,0.06754716981132074,0.057663320098997634,0.02
final_metric_transfer,step143000,18,0.07547169811320754,0.1391941391941392,56603.77306894991,56603.77013039819,-0.0029385517253314067,-0.3797334740730967,-0.06465632709200464,0.13278796675023086,0.17988388969521044,-0.31507714698109207,1.0
within_checkpoint,step0,19,0.07547169811320754,0.08123249299719888,-0.008257972994349331,-0.028289909943045893,-0.02003193694427631,-0.28539385143158724,-0.06743513776103827,0.052157276685578534,0.06276289747987841,-0.21795871367054898,1.0
within_checkpoint,step143000,19,0.09433962264150944,0.10476190476190476,-0.0006644581108704314,-0.0012010585068089725,-0.0005366003976679273,-0.1704710383955667,0.023182078070585796,0.1242908035360865,0.1622087346615648,-0.19365311646615252,1.0
final_metric_transfer,step0,19,0.1320754716981132,0.06466934599926928,-0.00037518146702190106,0.00019621560557368946,0.0005713970742904223,0.057923208866605104,0.026969790263100722,0.06660509302018734,0.09156616967937721,0.030953418603504382,0.16
final_metric_transfer,step143000,19,0.09433962264150944,0.10476190476190476,-0.0006644581108704314,-0.0012010585068089725,-0.0005366003976679273,-0.1704710383955667,0.023182078070585796,0.1242908035360865,0.1622087346615648,-0.19365311646615252,1.0
within_checkpoint,step0,20,0.22641509433962265,0.23174603174603173,0.00757835475015512,0.03822613457133766,0.030647779821182553,-0.09090909090909091,-0.05727015504030941,-0.006069402295817394,0.008607995777807038,-0.0336389358687815,0.82
within_checkpoint,step143000,20,0.2830188679245283,0.3321661998132587,-0.0018652582031136124,0.0016944027201665974,0.003559660923280209,0.057131547697585425,0.03237680939224678,0.0942736508774244,0.13414170734925446,0.02475473830533864,0.27
final_metric_transfer,step0,20,0.16981132075471697,0.09748917748917749,-0.0013714257129632962,-0.00014044632072894974,0.0012309793922343464,0.1460614856841272,-0.00844838409160879,0.09981527906056206,0.12360733606016616,0.15450986977573597,0.01
final_metric_transfer,step143000,20,0.2830188679245283,0.3321661998132587,-0.0018652582031136124,0.0016944027201665974,0.003559660923280209,0.057131547697585425,0.03237680939224678,0.0942736508774244,0.13414170734925446,0.02475473830533864,0.27
within_checkpoint,step0,21,0.2641509433962264,0.22653061224489798,-9433.956145837381,-9433.817021214376,0.13912462301010717,0.29317851959361396,0.13708932576857105,0.2405462462066235,0.2745560100277081,0.1560891938250429,0.01
within_checkpoint,step143000,21,0.4716981132075472,0.44353741496598637,-9433.96250679229,-9433.948630430586,0.013876361704376452,0.3863306504815938,0.07186524167656244,0.2638210845758016,0.3168702995118089,0.3144654088050314,0.01
final_metric_transfer,step0,21,0.16981132075471697,0.041474654377880185,-9433.960840257014,-9433.962668878838,-0.001828621825355803,-0.09671460614856839,-0.04031074700028388,-0.003377754321150566,0.0165087742446233,-0.05640385914828451,0.97
final_metric_transfer,step143000,21,0.4716981132075472,0.44353741496598637,-9433.96250679229,-9433.948630430586,0.013876361704376452,0.3863306504815938,0.07186524167656244,0.2638210845758016,0.3168702995118089,0.3144654088050314,0.01
within_checkpoint,step0,22,0.22641509433962265,0.1819394424436441,56603.77616634259,56603.777942700224,0.0017763576131600393,-0.1283810529093548,-0.04016947413173829,0.039517086686898,0.0534001847209394,-0.08821157877761651,0.98
within_checkpoint,step143000,22,0.16981132075471697,0.12842712842712842,56603.77367438868,56603.77529677786,0.001622389158259158,0.09381184852882965,0.055486918265648964,0.10676870299511808,0.12238026124818575,0.038324930263180686,0.16
final_metric_transfer,step0,22,0.1509433962264151,0.08924381346741594,56603.773212680084,56603.77492014209,0.0017074619891022367,0.09090909090909091,0.017355238624535363,0.08617231824778991,0.09196200026388703,0.07355385228455555,0.03
final_metric_transfer,step143000,22,0.16981132075471697,0.12842712842712842,56603.77367438868,56603.77529677786,0.001622389158259158,0.09381184852882965,0.055486918265648964,0.10676870299511808,0.12238026124818575,0.038324930263180686,0.16
within_checkpoint,step0,23,0.2830188679245283,0.2362914862914863,56603.77987659901,56603.90254339018,0.12266679117529658,0.19092228526190785,0.09327341231286344,0.15541628183137618,0.17530544926771344,0.09764887294904441,0.01
within_checkpoint,step143000,23,0.3584905660377358,0.31912611198325486,56603.773425136475,56603.78426557774,0.010840441278949753,0.32022694286845227,0.05523635883841716,0.2058582926507453,0.26444385802876375,0.2649905840300351,0.01
final_metric_transfer,step0,23,0.1320754716981132,0.03333333333333333,56603.77519679301,56603.77340461922,-0.001792173793232504,-0.012138804591634788,0.0015726602347528598,0.02852619079034173,0.037347935083784145,-0.013711464826387647,0.79
final_metric_transfer,step143000,23,0.3584905660377358,0.31912611198325486,56603.773425136475,56603.78426557774,0.010840441278949753,0.32022694286845227,0.05523635883841716,0.2058582926507453,0.26444385802876375,0.2649905840300351,0.01
within_checkpoint,step0,24,0.32075471698113206,0.26303854875283444,0.00038341230536074447,0.04609363909287554,0.04571022678751481,-0.03166644676078639,0.02907155737344417,0.08387650085763287,0.10253859348198968,-0.06073800413423056,0.96
within_checkpoint,step143000,24,0.2830188679245283,0.2139406487232574,0.0009366283324010545,0.00036179831432223163,-0.0005748300180788226,-0.020847077450851053,0.025778300220838817,0.1083256366275234,0.1481171658530149,-0.046625377671689866,0.78
final_metric_transfer,step0,24,0.20754716981132076,0.12811791383219953,-0.0003118826930090826,-0.0011524207620097907,-0.0008405380690007085,-0.11281171658530151,-0.01780304696256669,0.04161498878480006,0.05242644148304526,-0.09500866962273483,1.0
final_metric_transfer,step143000,24,0.2830188679245283,0.2139406487232574,0.0009366283324010545,0.00036179831432223163,-0.0005748300180788226,-0.020847077450851053,0.025778300220838817,0.1083256366275234,0.1481171658530149,-0.046625377671689866,0.78
within_checkpoint,step0,25,0.0,0.0,-0.0033010447213837227,-0.04690885988822711,-0.04360781516684338,-0.40005277741126793,-0.1294499287638224,0.01585961208602716,0.03358490566037707,-0.27060284864744555,1.0
within_checkpoint,step143000,25,0.0,0.0,-0.00033582527128674355,-0.001264568977268674,-0.0009287437059819305,-0.14342261512072835,-0.01581323193673108,0.06681620266525923,0.08282886924396349,-0.12760938318399728,0.99
final_metric_transfer,step0,25,0.1320754716981132,0.11149287301127349,-0.001077421155514,0.0004250845955490544,0.001502505751063054,0.13854070457844042,0.04061195141812638,0.11929014381844566,0.1403351365615516,0.09792875316031405,0.03
final_metric_transfer,step143000,25,0.0,0.0,-0.00033582527128674355,-0.001264568977268674,-0.0009287437059819305,-0.14342261512072835,-0.01581323193673108,0.06681620266525923,0.08282886924396349,-0.12760938318399728,0.99
within_checkpoint,step0,26,0.05660377358490566,0.05042016806722689,-31446.54364277793,-31446.589721695153,-0.046078917221028595,-0.2718036680300831,-0.08274325255457331,0.020913049214936006,0.0522707481198047,-0.18906041547550978,1.0
within_checkpoint,step143000,26,0.018867924528301886,0.01680672268907563,-31446.540713551658,-31446.542281349954,-0.0015677983017868167,-0.24950521176936277,-0.02279557682645161,0.10127985222324844,0.14490302150679507,-0.22670963494291116,1.0
final_metric_transfer,step0,26,0.22641509433962265,0.19258224612915686,-31446.539637087444,-31446.5382652771,0.0013718103433592252,0.05488850771869641,0.03093742544857468,0.07417865153714209,0.08500857632933106,0.023951082270121733,0.2
final_metric_transfer,step143000,26,0.018867924528301886,0.01680672268907563,-31446.540713551658,-31446.542281349954,-0.0015677983017868167,-0.24950521176936277,-0.02279557682645161,0.10127985222324844,0.14490302150679507,-0.22670963494291116,1.0
within_checkpoint,step0,27,0.11320754716981132,0.11190476190476191,-2.8601467030879528e-05,-0.025079875960720525,-0.025051274493689654,-0.31204644412191584,-0.11894642426374843,-0.014909618683203634,0.0016334608787437043,-0.1931000198581674,1.0
within_checkpoint,step143000,27,0.1320754716981132,0.13605442176870747,-0.0007435416545910625,-0.002561055100503481,-0.0018175134459124177,-0.22311650613537407,-0.03337771433826322,0.08817785987597308,0.14514843646919115,-0.18973879179711084,1.0
final_metric_transfer,step0,27,0.11320754716981132,0.04081632653061224,-0.0003745819931171968,0.00023953579270752788,0.0006141177858247245,0.011215199894445173,0.002426961260580472,0.053305185380657066,0.06755508642301093,0.0087882386338647,0.4
final_metric_transfer,step143000,27,0.1320754716981132,0.13605442176870747,-0.0007435416545910625,-0.002561055100503481,-0.0018175134459124177,-0.22311650613537407,-0.03337771433826322,0.08817785987597308,0.14514843646919115,-0.18973879179711084,1.0
within_checkpoint,step0,28,0.07547169811320754,0.03940886699507389,-31446.540425113417,-31446.565174568535,-0.02474945512809757,-0.2440955271143951,-0.06307700304269773,0.04249901042353872,0.05504156221137354,-0.18101852407169738,1.0
within_checkpoint,step143000,28,0.07547169811320754,0.04395604395604396,-31446.539469490046,-31446.543574569125,-0.00410507907841683,-0.16057527378282094,-0.03878606623032009,0.03856709328407442,0.06185512600606931,-0.12178920755250085,0.99
final_metric_transfer,step0,28,0.16981132075471697,0.11094297007340484,-31446.538611356722,-31446.538315817008,0.000295539716257278,0.10687425781765404,0.01332629634516427,0.08276817522100541,0.10084179970972411,0.09354796147248977,0.02
final_metric_transfer,step143000,28,0.07547169811320754,0.04395604395604396,-31446.539469490046,-31446.543574569125,-0.00410507907841683,-0.16057527378282094,-0.03878606623032009,0.03856709328407442,0.06185512600606931,-0.12178920755250085,0.99
within_checkpoint,step0,29,0.05660377358490566,0.05042016806722689,-0.0031329350023560883,-0.08211257472327009,-0.07897963972091396,-0.4983507058978757,-0.18991738202715905,-0.029766459955139223,0.01126269956458624,-0.30843332387071665,1.0
within_checkpoint,step143000,29,0.0,0.0,-0.0008488349269743534,-0.0030423461304704747,-0.0021935112034961214,-0.34476843910806176,-0.035331544765507025,0.12442274706425643,0.16264678717508885,-0.3094368943425547,1.0
final_metric_transfer,step0,29,0.07547169811320754,0.03088803088803089,0.0015823987876432363,-0.0006631340475734112,-0.0022455328352166477,-0.11980472357830849,-0.01920244801891457,0.0409288824383164,0.04716717245019132,-0.10060227555939391,1.0
final_metric_transfer,step143000,29,0.0,0.0,-0.0008488349269743534,-0.0030423461304704747,-0.0021935112034961214,-0.34476843910806176,-0.035331544765507025,0.12442274706425643,0.16264678717508885,-0.3094368943425547,1.0
within_checkpoint,step0,30,0.0,0.0,-0.00017962138291547044,-0.07261705396946261,-0.07243743258654714,-0.5541628183137617,-0.21832922175975353,-0.04942604565246077,0.0076896688217442085,-0.33583359655400813,1.0
within_checkpoint,step143000,30,0.0,0.0,-0.00048220734140643677,-0.004994878614805219,-0.004512671273398784,-0.3194352816994327,-0.035303556744380064,0.12335400448607993,0.1782372344636495,-0.2841317249550526,0.99
final_metric_transfer,step0,30,0.16981132075471697,0.041474654377880185,0.0019422012856038157,-0.0003756412992137665,-0.002317842584817583,-0.018340150415622106,-0.013639495629204034,0.03145533711571445,0.03844306636759467,-0.004700654786418072,0.59
final_metric_transfer,step143000,30,0.0,0.0,-0.00048220734140643677,-0.004994878614805219,-0.004512671273398784,-0.3194352816994327,-0.035303556744380064,0.12335400448607993,0.1782372344636495,-0.2841317249550526,0.99
within_checkpoint,step0,31,0.22641509433962265,0.2087912087912088,-0.0008240488450071541,0.04668734789407206,0.04751139673907921,-0.08417997097242379,-0.004885908831020324,0.043343449003826334,0.05516558912785326,-0.07929406214140346,1.0
within_checkpoint,step143000,31,0.24528301886792453,0.21261487050960737,0.0008031374547520185,0.0024927868959531067,0.0016896494412010881,0.06386066763425255,0.0470078806270916,0.1086027180366803,0.12894313233935875,0.016852787007160946,0.34
final_metric_transfer,step0,31,0.11320754716981132,0.08250244379276638,-0.0018240445422399746,-0.0012521774820717117,0.0005718670601682627,-0.05924264414830452,-0.006053409140887699,0.0399920833883098,0.040942076791133326,-0.05318923500741682,0.97
final_metric_transfer,step143000,31,0.24528301886792453,0.21261487050960737,0.0008031374547520185,0.0024927868959531067,0.0016896494412010881,0.06386066763425255,0.0470078806270916,0.1086027180366803,0.12894313233935875,0.016852787007160946,0.34
within_checkpoint,step0,32,0.11320754716981132,0.10532212885154062,56603.771497794645,56603.76768204793,-0.0038157467149014276,-0.11109645071909222,-0.02184798239686747,0.04071777279324448,0.04662884285525795,-0.08924846832222474,0.99
within_checkpoint,step143000,32,0.11320754716981132,0.08163265306122448,56603.773309019874,56603.775064766654,0.0017557467835132097,0.14461010687425782,0.047580968678738844,0.12611162422483177,0.13727668557857237,0.09702913819551898,0.01
final_metric_transfer,step0,32,0.18867924528301888,0.14034632034632036,56603.772852092654,56603.773908551586,0.0010564589251918497,0.0014513788098693687,0.03829560947914292,0.07365087742446232,0.07648766328011608,-0.03684423066927355,0.92
final_metric_transfer,step143000,32,0.11320754716981132,0.08163265306122448,56603.773309019874,56603.775064766654,0.0017557467835132097,0.14461010687425782,0.047580968678738844,0.12611162422483177,0.13727668557857237,0.09702913819551898,0.01
within_checkpoint,step0,33,0.20754716981132076,0.18095238095238095,0.0049878792462313675,0.03625158145701109,0.03126370221077972,-0.06333289352157277,-0.014088636730146167,0.02460746800369438,0.03721863042617755,-0.049244256791426605,0.96
within_checkpoint,step143000,33,0.3018867924528302,0.2870509607351712,0.00018503521745688806,0.004508753734049141,0.004323718516592254,0.08734661564850242,0.019467667838165267,0.069718960284998,0.09372740467080086,0.06787894781033715,0.04
final_metric_transfer,step0,33,0.1509433962264151,0.0855614973262032,0.0005606404758227741,0.0014183069839202177,0.0008576665080974437,0.08774244623301228,-0.012033516321680987,0.06639398337511543,0.08011874917535276,0.09977596255469326,0.02
final_metric_transfer,step143000,33,0.3018867924528302,0.2870509607351712,0.00018503521745688806,0.004508753734049141,0.004323718516592254,0.08734661564850242,0.019467667838165267,0.069718960284998,0.09372740467080086,0.06787894781033715,0.04
within_checkpoint,step0,34,0.20754716981132076,0.19474969474969475,0.003577767509276731,0.021192549384092776,0.017614781874816045,-0.08101332629634515,-0.032214212317128274,0.010080485552183665,0.025129964375247355,-0.04879911397921688,0.98
within_checkpoint,step143000,34,0.1320754716981132,0.14557823129251699,0.0009361693633171183,-0.0017107388888122465,-0.0026469082521293646,-0.12231165061353741,-0.04178078449090457,0.04092888243831629,0.06482385538989312,-0.08053086612263284,0.97
final_metric_transfer,step0,34,0.16981132075471697,0.046753246753246755,0.0024049357433920207,0.001623375607314641,-0.0007815601360773796,0.08391608391608389,0.06636492914365985,0.11209922153318379,0.11625280379997363,0.01755115477242404,0.3
final_metric_transfer,step143000,34,0.1320754716981132,0.14557823129251699,0.0009361693633171183,-0.0017107388888122465,-0.0026469082521293646,-0.12231165061353741,-0.04178078449090457,0.04092888243831629,0.06482385538989312,-0.08053086612263284,0.97
within_checkpoint,step0,35,0.09433962264150944,0.10216450216450215,-0.008435636909067094,-0.032882869681757965,-0.024447232772690872,-0.38118485288296616,-0.13513282981550562,-0.003377754321150546,0.02705370101596495,-0.24605202306746055,1.0
within_checkpoint,step143000,35,0.05660377358490566,0.06406926406926407,-0.0016085450758831377,-0.002177377361694465,-0.000568832285811327,-0.09816598495843779,0.03252741160116804,0.1269428684523024,0.15751682279984167,-0.13069339655960582,0.98
final_metric_transfer,step0,35,0.09433962264150944,0.046879949318973706,-0.0020244908858091386,-0.0006896968084960649,0.0013347940773130737,0.06755508642301093,0.041307653657567896,0.08361261380129306,0.09426045652460745,0.026247432765443036,0.19
final_metric_transfer,step143000,35,0.05660377358490566,0.06406926406926407,-0.0016085450758831377,-0.002177377361694465,-0.000568832285811327,-0.09816598495843779,0.03252741160116804,0.1269428684523024,0.15751682279984167,-0.13069339655960582,0.98
within_checkpoint,step0,36,0.1320754716981132,0.1288515406162465,56603.7708014161,56603.74924992259,-0.021551493525557526,-0.1775959889167437,-0.0640126026060846,-0.0008180498746536792,0.022245678849452423,-0.11358338631065909,1.0
within_checkpoint,step143000,36,0.11320754716981132,0.1117078410311493,56603.77349382579,56603.77481124185,0.001317416061920642,-0.06597176408497163,0.0383968994603643,0.09915556141971237,0.11879931389365349,-0.10436866354533593,1.0
final_metric_transfer,step0,36,0.16981132075471697,0.08241758241758242,56603.772856499025,56603.77408991306,0.0012334140256900987,-0.04802744425385934,0.020183361521268896,0.07698904868716183,0.1066605093020187,-0.06821080577512824,0.94
final_metric_transfer,step143000,36,0.11320754716981132,0.1117078410311493,56603.77349382579,56603.77481124185,0.001317416061920642,-0.06597176408497163,0.0383968994603643,0.09915556141971237,0.11879931389365349,-0.10436866354533593,1.0
within_checkpoint,step0,37,0.11320754716981132,0.10879120879120878,-9433.973562463427,-9433.991965806757,-0.01840334332502419,-0.1549017020715134,-0.08757718363207213,-0.03385670932840746,-0.015044201081936957,-0.06732451843944127,0.98
within_checkpoint,step143000,37,0.05660377358490566,0.05714285714285715,-9433.963878371938,-9433.966350736231,-0.0024723642994253915,-0.2815674891146589,-0.03992957680779293,0.07739807362448863,0.11587016756828064,-0.24163791230686596,1.0
final_metric_transfer,step0,37,0.1320754716981132,0.06147475712693103,-9433.963255475042,-9433.965029763147,-0.0017742880926897798,-0.11650613537405992,-0.06202945139480302,-0.0073756432246999334,0.010494788230637245,-0.054476683979256896,0.91
final_metric_transfer,step143000,37,0.05660377358490566,0.05714285714285715,-9433.963878371938,-9433.966350736231,-0.0024723642994253915,-0.2815674891146589,-0.03992957680779293,0.07739807362448863,0.11587016756828064,-0.24163791230686596,1.0
within_checkpoint,step0,38,0.33962264150943394,0.31037851037851033,0.0013208221890988814,0.09949060928584312,0.09816978709674427,0.11439503892334078,0.055705491383021395,0.09137089325768571,0.11114395038923337,0.05868954754031939,0.02
within_checkpoint,step143000,38,0.3018867924528302,0.2634920634920635,-0.00011408369062560634,0.0036053312502471687,0.003719414940872776,0.025069270352289195,0.01512819180057602,0.06591898667370362,0.07718960284998012,0.009941078551713176,0.42
final_metric_transfer,step0,38,0.1320754716981132,0.06972789115646258,-0.0019078905060958729,0.0003991628244730192,0.002307053330568892,0.06280511940889298,0.06660615923051601,0.11406518010291594,0.12166776619606799,-0.0038010398216230257,0.61
final_metric_transfer,step143000,38,0.3018867924528302,0.2634920634920635,-0.00011408369062560634,0.0036053312502471687,0.003719414940872776,0.025069270352289195,0.01512819180057602,0.06591898667370362,0.07718960284998012,0.009941078551713176,0.42
within_checkpoint,step0,39,0.018867924528301886,0.02197802197802198,-31446.550638599736,-31446.618247863364,-0.06760926362685205,-0.3463517614461011,-0.14775942563249594,-0.03462198179179313,-0.0289035492809079,-0.19859233581360514,1.0
within_checkpoint,step143000,39,0.018867924528301886,0.025974025974025976,-31446.541520688224,-31446.545641592867,-0.004120904634270057,-0.3274838369177992,-0.05289602716703917,0.09357435017812375,0.14686634120596384,-0.27458780975076,1.0
final_metric_transfer,step0,39,0.05660377358490566,0.017142857142857144,-31446.54291752495,-31446.54022960043,0.002687924525837492,0.1497559044728856,0.06132175428916423,0.1310858952368386,0.1528829660905132,0.08843415018372136,0.03
final_metric_transfer,step143000,39,0.018867924528301886,0.025974025974025976,-31446.541520688224,-31446.545641592867,-0.004120904634270057,-0.3274838369177992,-0.05289602716703917,0.09357435017812375,0.14686634120596384,-0.27458780975076,1.0
within_checkpoint,step0,40,0.1320754716981132,0.09863945578231292,-9433.957828660466,-9433.950007772974,0.007820887494565833,-0.04301359018340149,-0.014877632373344211,0.02016097110436731,0.02874257817654042,-0.02813595781005728,0.95
within_checkpoint,step143000,40,0.05660377358490566,0.05357142857142857,-9433.961112054243,-9433.96134110368,-0.0002290494416467123,0.002506927035228925,-0.017404550852235245,0.03720807494392399,0.05489114658925981,0.019911477887464172,0.3
final_metric_transfer,step0,40,0.1509433962264151,0.08888888888888889,-9433.961170851504,-9433.961914727246,-0.0007438757362784003,-0.010159651669085633,-0.04275370141579404,-0.0016097110436733152,0.00634648370497427,0.03259404974670841,0.11
final_metric_transfer,step143000,40,0.05660377358490566,0.05357142857142857,-9433.961112054243,-9433.96134110368,-0.0002290494416467123,0.002506927035228925,-0.017404550852235245,0.03720807494392399,0.05489114658925981,0.019911477887464172,0.3
within_checkpoint,step0,41,0.1509433962264151,0.14100185528756956,0.001196789749375459,0.021109714204117946,0.019912924454742482,-0.16651273255046842,-0.039160572608257005,0.026296345164269683,0.04372872410608259,-0.1273521599422114,1.0
within_checkpoint,step143000,41,0.22641509433962265,0.18019480519480519,0.0008004275316130555,0.001540078204631414,0.000739650673018358,-0.06478427233144213,-0.021034997021274895,0.030386594537537934,0.03852751022562337,-0.04374927531016723,0.89
final_metric_transfer,step0,41,0.16981132075471697,0.08174603174603175,0.0001479412347625516,8.195569698601122e-05,-6.598553777654047e-05,0.08761050270484233,0.01966091846023235,0.0879007784668162,0.11240269164797465,0.06794958424460998,0.07
final_metric_transfer,step143000,41,0.22641509433962265,0.18019480519480519,0.0008004275316130555,0.001540078204631414,0.000739650673018358,-0.06478427233144213,-0.021034997021274895,0.030386594537537934,0.03852751022562337,-0.04374927531016723,0.89
within_checkpoint,step0,42,0.1320754716981132,0.1251700680272109,-0.0028135013635736555,-0.047284294697281175,-0.044470793333707515,-0.37353212824910936,-0.12464798399618297,-0.006465232880327244,0.029856181554294675,-0.24888414425292638,1.0
within_checkpoint,step143000,42,0.16981132075471697,0.16581632653061223,-0.0011294806742989094,-0.002110923744200136,-0.0009814430699012268,-0.32774772397413904,-0.06145103229151257,0.06631481725821348,0.14673439767779387,-0.2662966916826265,1.0
final_metric_transfer,step0,42,0.24528301886792453,0.18095238095238095,0.0008944770801683874,0.0007509176018711799,-0.00014355947829720753,0.016360997493072984,-0.04898436802381913,0.0048555218366538744,0.016184193165325177,0.06534536551689211,0.02
final_metric_transfer,step143000,42,0.16981132075471697,0.16581632653061223,-0.0011294806742989094,-0.002110923744200136,-0.0009814430699012268,-0.32774772397413904,-0.06145103229151257,0.06631481725821348,0.14673439767779387,-0.2662966916826265,1.0
within_checkpoint,step0,43,0.16981132075471697,0.19047619047619047,-0.003351562174649333,-0.028260240588747508,-0.024908678414098183,-0.18854730175484893,-0.06833208720001173,0.008958965562739125,0.041103047895500684,-0.1202152145548372,1.0
within_checkpoint,step143000,43,0.11320754716981132,0.09523809523809523,-0.00013022755413788742,-0.004178806241613651,-0.0040485786874757635,-0.06768702995118088,0.013394267253615451,0.06110304789550073,0.0723710252012138,-0.08108129720479633,1.0
final_metric_transfer,step0,43,0.1320754716981132,0.08337646652864043,-0.0007432593638383339,-0.00018421330262139373,0.0005590460612169398,-0.11940889299379864,-0.00430482420190825,0.07350573954347539,0.10402163873861985,-0.11510406879189039,0.99
final_metric_transfer,step143000,43,0.11320754716981132,0.09523809523809523,-0.00013022755413788742,-0.004178806241613651,-0.0040485786874757635,-0.06768702995118088,0.013394267253615451,0.06110304789550073,0.0723710252012138,-0.08108129720479633,1.0
within_checkpoint,step0,44,0.3018867924528302,0.2696514012303486,-31446.528536642567,-31446.479943498944,0.048593143623230604,0.0762633592822272,0.02473607962458734,0.079034173373796,0.09568016888771604,0.05152727965763986,0.07
within_checkpoint,step143000,44,0.20754716981132076,0.1862348178137652,-31446.53948245239,-31446.539521241808,-3.8789420208153806e-05,0.1563530808813828,0.0378811202138818,0.11559572502968728,0.143261644016361,0.11847196066750101,0.01
final_metric_transfer,step0,44,0.18867924528301888,0.19863661242971586,-31446.539837073302,-31446.539248245135,0.0005888281696970859,0.16928354664203724,0.012044178424967448,0.11861723182477898,0.14602190262567616,0.1572393682170698,0.01
final_metric_transfer,step143000,44,0.20754716981132076,0.1862348178137652,-31446.53948245239,-31446.539521241808,-3.8789420208153806e-05,0.1563530808813828,0.0378811202138818,0.11559572502968728,0.143261644016361,0.11847196066750101,0.01
within_checkpoint,step0,45,0.07547169811320754,0.06015037593984962,-0.003563552615871296,-0.04590971027354778,-0.04234615765767648,-0.3641641377490434,-0.1422657769141474,0.0008444385802876161,0.0263412059638474,-0.22189836083489597,1.0
within_checkpoint,step143000,45,0.07547169811320754,0.08163265306122448,-0.0006233543965180351,-0.003126700104921781,-0.002503345708403746,-0.41733737960153056,-0.048000788995643195,0.13566433566433564,0.21499142367066892,-0.36933659060588736,1.0
final_metric_transfer,step0,45,0.11320754716981132,0.06284038542103058,0.0006115665411700169,-0.0006323393015711311,-0.0012439058427411477,-0.10252012138804593,-0.03668030083124423,0.00857632933104626,0.017595988916743563,-0.06583982055680171,1.0
final_metric_transfer,step143000,45,0.07547169811320754,0.08163265306122448,-0.0006233543965180351,-0.003126700104921781,-0.002503345708403746,-0.41733737960153056,-0.048000788995643195,0.13566433566433564,0.21499142367066892,-0.36933659060588736,1.0
within_checkpoint,step0,46,0.07547169811320754,0.1010989010989011,47169.80785691085,47169.804465257985,-0.0033916528825327992,-0.11294193630009491,-0.027287102455938364,0.02929109267020407,0.03589473615097065,-0.08565483384415655,1.0
within_checkpoint,step143000,46,0.1509433962264151,0.22857142857142856,47169.81171726431,47169.8135378678,0.0018206035021893776,-0.0015324079014186177,0.03318145586368645,0.09634019285970231,0.11344368157473857,-0.03471386376510507,0.85
final_metric_transfer,step0,46,0.1509433962264151,0.03940886699507389,47169.81133660296,47169.81014229341,-0.0011943095480389965,-0.0211539007313211,-0.013291380580479017,0.023373208909272303,0.03063482807002791,-0.007862520150842083,0.67
final_metric_transfer,step143000,46,0.1509433962264151,0.22857142857142856,47169.81171726431,47169.8135378678,0.0018206035021893776,-0.0015324079014186177,0.03318145586368645,0.09634019285970231,0.11344368157473857,-0.03471386376510507,0.85
within_checkpoint,step0,47,0.07547169811320754,0.049689440993788817,-0.0016500715901777855,-0.06517869663843198,-0.0635286250482542,-0.6182873730043542,-0.228891367827903,-0.01830056735717114,0.017609183269560538,-0.38939600517645123,1.0
within_checkpoint,step143000,47,0.03773584905660377,0.027210884353741496,0.0013266161538806668,-0.005390763322585955,-0.006717379476466624,-0.481461934292123,-0.08318839536678303,0.13632405330518538,0.19555350310067285,-0.39827353892533995,1.0
final_metric_transfer,step0,47,0.1509433962264151,0.11134751773049645,-0.001418349237453313,0.0019505708922831976,0.003368920129736511,0.2894841008048555,0.07148007319533906,0.21707349254519065,0.2362053041298324,0.21800402760951643,0.01
final_metric_transfer,step143000,47,0.03773584905660377,0.027210884353741496,0.0013266161538806668,-0.005390763322585955,-0.006717379476466624,-0.481461934292123,-0.08318839536678303,0.13632405330518538,0.19555350310067285,-0.39827353892533995,1.0
within_checkpoint,step0,48,0.1320754716981132,0.12159863945578231,-9433.96359270189,-9433.97961139727,-0.01601869538413239,-0.15318643620530414,-0.04769158800033585,0.012495052117693613,0.033051853806570775,-0.1054948482049683,1.0
within_checkpoint,step143000,48,0.1509433962264151,0.13605442176870747,-9433.960880853481,-9433.962664522654,-0.001783669173927896,-0.09090909090909091,-0.00024389561267777496,0.07029951180894578,0.08617759598891671,-0.09066519529641313,0.99
final_metric_transfer,step0,48,0.1509433962264151,0.11288998357963875,-9433.962057892299,-9433.963513585693,-0.0014556933982360532,-0.0420899854862119,-0.011644349551725193,0.035242116374191834,0.055141839292782664,-0.03044563593448671,0.83
final_metric_transfer,step143000,48,0.1509433962264151,0.13605442176870747,-9433.960880853481,-9433.962664522654,-0.001783669173927896,-0.09090909090909091,-0.00024389561267777496,0.07029951180894578,0.08617759598891671,-0.09066519529641313,0.99
within_checkpoint,step0,49,0.1509433962264151,0.16054421768707483,-31446.551215924996,-31446.575129364322,-0.023913439330294863,-0.31719224172054367,-0.09930016619553499,0.016453357962791914,0.05455601002770812,-0.21789207552500867,1.0
within_checkpoint,step143000,49,0.1509433962264151,0.17959183673469387,-31446.543360135984,-31446.54179780098,0.0015623349972241857,-0.07151339226810925,0.0007556765704278565,0.060324581079298056,0.07656946826758143,-0.0722690688385371,0.99
final_metric_transfer,step0,49,0.1509433962264151,0.08749815715759987,-31446.540504041513,-31446.540953174343,-0.00044913281811772546,0.11056867660641242,0.03131992840397643,0.11911861723182476,0.12415358226678973,0.07924874820243599,0.1
final_metric_transfer,step143000,49,0.1509433962264151,0.17959183673469387,-31446.543360135984,-31446.54179780098,0.0015623349972241857,-0.07151339226810925,0.0007556765704278565,0.060324581079298056,0.07656946826758143,-0.0722690688385371,0.99
within_checkpoint,step0,50,0.20754716981132076,0.18740829665199413,0.006977135239848232,0.005634780974399438,-0.0013423542654487906,-0.13154769758543347,-0.0406159497068588,0.021836653912125588,0.03387782029291462,-0.09093174787857466,1.0
within_checkpoint,step143000,50,0.16981132075471697,0.14285714285714285,0.0010619185764424218,-0.001892299190277357,-0.002954217766719779,-0.295421559572503,-0.05088355517171983,0.07405990236178915,0.1410766591898667,-0.24453800440078316,1.0
final_metric_transfer,step0,50,0.16981132075471697,0.11980792316926771,-0.00014589078876473563,-0.0012281458435200979,-0.001082255054755362,0.07560364164137748,-0.005244422054027543,0.060786383427892866,0.07493336851827415,0.08084806369540502,0.02
final_metric_transfer,step143000,50,0.16981132075471697,0.14285714285714285,0.0010619185764424218,-0.001892299190277357,-0.002954217766719779,-0.295421559572503,-0.05088355517171983,0.07405990236178915,0.1410766591898667,-0.24453800440078316,1.0
within_checkpoint,step0,51,0.1509433962264151,0.1142857142857143,47169.80154849075,47169.78587072025,-0.015677770494213133,-0.31759092285519397,-0.1216156454093018,-0.017898543626692694,0.0152495819880364,-0.19597527744589216,1.0
within_checkpoint,step143000,51,0.11320754716981132,0.09523809523809523,47169.81155025666,47169.80741312761,-0.004137129050135941,-0.3538843235352555,-0.04546326383392049,0.10874166994068296,0.14867599490480027,-0.30842105970133504,1.0
final_metric_transfer,step0,51,0.16981132075471697,0.1111870585554796,47169.8106855082,47169.81155732978,0.0008718215822253199,0.041637226726591904,-0.0072507036385541105,0.07672366110961651,0.0975514748537551,0.048887930365146014,0.19
final_metric_transfer,step143000,51,0.11320754716981132,0.09523809523809523,47169.81155025666,47169.80741312761,-0.004137129050135941,-0.3538843235352555,-0.04546326383392049,0.10874166994068296,0.14867599490480027,-0.30842105970133504,1.0
within_checkpoint,step0,52,0.18867924528301888,0.17813765182186234,-31446.531535800546,-31446.55161475488,-0.02007895433156733,-0.20530412983243174,-0.07662453803105604,-0.006504815938778219,0.009576461274574467,-0.1286795918013757,1.0
within_checkpoint,step143000,52,0.1509433962264151,0.12197159565580618,-31446.538801180326,-31446.543119975056,-0.004318794729563338,-0.1399920833883098,-0.0360365763453242,0.037155297532656006,0.04858160707217304,-0.10395550704298559,1.0
final_metric_transfer,step0,52,0.1509433962264151,0.09257634257634259,-31446.540019993252,-31446.53963094445,0.0003890488015115892,0.13009631877556407,0.005522969502386312,0.08411399920833876,0.11283282754980867,0.12457334927317776,0.01
final_metric_transfer,step143000,52,0.1509433962264151,0.12197159565580618,-31446.538801180326,-31446.543119975056,-0.004318794729563338,-0.1399920833883098,-0.0360365763453242,0.037155297532656006,0.04858160707217304,-0.10395550704298559,1.0
within_checkpoint,step0,53,0.18867924528301888,0.2403846153846154,0.006608996248312991,0.04625375147863034,0.03964475523031736,-0.016229053964903012,-0.01337960686159657,0.00799577780709855,0.013257685710515886,-0.0028494471033064413,0.6
within_checkpoint,step143000,53,0.18867924528301888,0.18115942028985504,-0.00192333838602834,0.001976188389650248,0.003899526775678588,0.09829792848660775,0.03681490988523578,0.10364164137749042,0.11388309803404142,0.061483018601371967,0.07
final_metric_transfer,step0,53,0.05660377358490566,0.026785714285714284,-0.00041698116210265776,0.0023224075671526524,0.0027393887292553104,0.23604697189602852,0.041943381566023084,0.16842591370893256,0.19636363636363632,0.19410359033000543,0.01
final_metric_transfer,step143000,53,0.18867924528301888,0.18115942028985504,-0.00192333838602834,0.001976188389650248,0.003899526775678588,0.09829792848660775,0.03681490988523578,0.10364164137749042,0.11388309803404142,0.061483018601371967,0.07
within_checkpoint,step0,54,0.11320754716981132,0.1476190476190476,-3.61790390179036e-05,-0.032699300751299426,-0.03266312171228152,-0.4797466684259136,-0.1657530576913081,0.005779126533843493,0.027615780445968807,-0.3139936107346055,1.0
within_checkpoint,step143000,54,0.09433962264150944,0.11224489795918367,-0.00206032862336416,-2.6223694489445152e-05,0.0020341049288747147,-0.09737432378941817,0.03952708240872906,0.13937194880591106,0.18714870035624742,-0.13690140619814722,0.98
final_metric_transfer,step0,54,0.11320754716981132,0.03007518796992481,-0.0008782591446798262,7.965503163820789e-05,0.0009579141763180343,0.10040902493732683,0.04458758318106517,0.1120332497690988,0.13350310067291188,0.05582144175626166,0.15
final_metric_transfer,step143000,54,0.09433962264150944,0.11224489795918367,-0.00206032862336416,-2.6223694489445152e-05,0.0020341049288747147,-0.09737432378941817,0.03952708240872906,0.13937194880591106,0.18714870035624742,-0.13690140619814722,0.98
within_checkpoint,step0,55,0.18867924528301888,0.17791732077446362,0.005884283608051553,0.09168071472624768,0.08579643111819613,0.3891014645731627,0.17053501101528545,0.30114790869507846,0.32627523419976245,0.21856645355787724,0.01
within_checkpoint,step143000,55,0.18867924528301888,0.16912611198325483,0.0005032154233736349,0.005308049095454711,0.004804833672081076,0.32194220873466156,0.06904244983147215,0.22179707085367462,0.26090513260324577,0.2528997589031894,0.01
final_metric_transfer,step0,55,0.1509433962264151,0.06272425249169435,-0.00015815084635633858,0.0019882684220911577,0.0021464192684474965,0.20345692043805252,0.0372613854603563,0.14734133790737555,0.18617759598891673,0.16619553497769624,0.01
final_metric_transfer,step143000,55,0.18867924528301888,0.16912611198325483,0.0005032154233736349,0.005308049095454711,0.004804833672081076,0.32194220873466156,0.06904244983147215,0.22179707085367462,0.26090513260324577,0.2528997589031894,0.01
within_checkpoint,step0,56,0.16981132075471697,0.12414965986394558,-0.004302511819131771,-0.028823780936136172,-0.0245212691170044,-0.2641509433962264,-0.12217970708536748,-0.03732682411927696,-0.03190130624092891,-0.14197123631085895,1.0
within_checkpoint,step143000,56,0.1320754716981132,0.08333333333333334,3.497405349594845e-05,-0.003688813692122666,-0.0037237877456186143,-0.23419976250164928,-0.03671895095565765,0.08977437656682936,0.14819105422879003,-0.19748081154599162,1.0
final_metric_transfer,step0,56,0.1320754716981132,0.10162710852366026,-0.0031559606775697353,-0.001123317066809627,0.0020326436107601076,0.05238158068346747,0.03189301645562366,0.06123499142367066,0.06627523419976246,0.020488564227843807,0.18
final_metric_transfer,step143000,56,0.1320754716981132,0.08333333333333334,3.497405349594845e-05,-0.003688813692122666,-0.0037237877456186143,-0.23419976250164928,-0.03671895095565765,0.08977437656682936,0.14819105422879003,-0.19748081154599162,1.0
within_checkpoint,step0,57,0.20754716981132076,0.15682062298603652,-9433.967994942024,-9433.97241030808,-0.0044153660569957315,-0.17456128776883495,-0.06093525304503006,0.006729119936667103,0.024718300567357132,-0.11362603472380489,1.0
within_checkpoint,step143000,57,0.07547169811320754,0.07653061224489796,-9433.96278859526,-9433.965918139658,-0.003129544406497618,-0.13880459163478032,-0.03215557074905274,0.028710911729779645,0.03226019263755099,-0.10664902088572759,1.0
final_metric_transfer,step0,57,0.09433962264150944,0.06278454757583615,-9433.96449856878,-9433.96545442351,-0.0009558547326150718,-0.09460350969784932,-0.028421169072970102,0.03261644016360997,0.04354664203720803,-0.06618234062487922,0.95
final_metric_transfer,step143000,57,0.07547169811320754,0.07653061224489796,-9433.96278859526,-9433.965918139658,-0.003129544406497618,-0.13880459163478032,-0.03215557074905274,0.028710911729779645,0.03226019263755099,-0.10664902088572759,1.0
within_checkpoint,step0,58,0.03773584905660377,0.03571428571428571,-9433.953923814668,-9434.000347978228,-0.04642416355863248,-0.38989312574218243,-0.15301584255272077,-0.03331574086291074,0.012141443462198098,-0.23687728318946166,1.0
within_checkpoint,step143000,58,0.03773584905660377,0.04081632653061224,-9433.961866589418,-9433.962267881081,-0.00040129166467293607,-0.19804723578308484,-0.010456857798195704,0.10864230109513123,0.14412191582002895,-0.18759037798488915,1.0
final_metric_transfer,step0,58,0.16981132075471697,0.10139301742728915,-9433.96080699334,-9433.961039650083,-0.00023265674039647994,0.07454809341601795,0.0042381860563678745,0.07444253859348197,0.0798759730835202,0.07030990735965008,0.06
final_metric_transfer,step143000,58,0.03773584905660377,0.04081632653061224,-9433.961866589418,-9433.962267881081,-0.00040129166467293607,-0.19804723578308484,-0.010456857798195704,0.10864230109513123,0.14412191582002895,-0.18759037798488915,1.0
within_checkpoint,step0,59,0.18867924528301888,0.20170940170940171,-31446.543852563183,-31446.519985413524,0.023867149640107103,-0.015173505739543482,0.021222916591698757,0.05331837973347407,0.06569468267581473,-0.03639642233124224,0.95
within_checkpoint,step143000,59,0.11320754716981132,0.09013605442176871,-31446.541548770216,-31446.541533989857,1.4780356769175925e-05,0.07362448871882835,-0.012779863551733191,0.03644280248053832,0.049879931389365334,0.08640435227056154,0.01
final_metric_transfer,step0,59,0.05660377358490566,0.03741496598639455,-31446.540694600124,-31446.54125736413,-0.0005627640145826215,-0.09552711439503891,-0.04046401473502674,0.021124158860007913,0.03373532128249109,-0.055063099660012174,0.96
final_metric_transfer,step143000,59,0.11320754716981132,0.09013605442176871,-31446.541548770216,-31446.541533989857,1.4780356769175925e-05,0.07362448871882835,-0.012779863551733191,0.03644280248053832,0.049879931389365334,0.08640435227056154,0.01
within_checkpoint,step0,60,0.07547169811320754,0.08163265306122448,-0.006879886533641353,-0.010234115355630855,-0.0033542288219895046,-0.19263755112811717,-0.0800963854137096,-0.002150679509170078,0.01793112547829527,-0.11254116571440757,1.0
within_checkpoint,step143000,60,0.07547169811320754,0.09157509157509157,0.00011759217320764894,-0.0015765612215609055,-0.0016941533947685541,-0.2243039978889035,-0.0517112009393313,0.03855389893125737,0.0850798258345427,-0.17259279694957222,1.0
final_metric_transfer,step0,60,0.09433962264150944,0.05519480519480519,-0.00309868602376551,-0.0024224778389265473,0.0006762081848389629,-0.08536746272595332,-0.0010235619155001653,0.07844042749703124,0.0902440955271143,-0.08434390081045315,0.99
final_metric_transfer,step143000,60,0.07547169811320754,0.09157509157509157,0.00011759217320764894,-0.0015765612215609055,-0.0016941533947685541,-0.2243039978889035,-0.0517112009393313,0.03855389893125737,0.0850798258345427,-0.17259279694957222,1.0
within_checkpoint,step0,61,0.03773584905660377,0.04395604395604396,0.0024533006727940577,-0.009874772937676713,-0.012328073610470775,-0.17561683599419448,-0.0785130630756703,-0.024910938118485295,-0.014373927958833618,-0.09710377291852418,1.0
within_checkpoint,step143000,61,0.11320754716981132,0.1173469387755102,-0.0003817416685951296,0.0005606158858740994,0.0009423575544692295,-0.13590183401504158,-0.010603461718384532,0.06744953160047497,0.10240664995381973,-0.12529837229665705,1.0
final_metric_transfer,step0,61,0.18867924528301888,0.08558139534883721,0.0011029105480394746,0.0011565855353434062,5.367498730393137e-05,0.04037471962000264,0.01395669320197622,0.06578704314553369,0.07820029027576195,0.026418026418026423,0.28
final_metric_transfer,step143000,61,0.11320754716981132,0.1173469387755102,-0.0003817416685951296,0.0005606158858740994,0.0009423575544692295,-0.13590183401504158,-0.010603461718384532,0.06744953160047497,0.10240664995381973,-0.12529837229665705,1.0
within_checkpoint,step0,62,0.07547169811320754,0.06191950464396285,-0.0014327267345653405,-0.05299821372025369,-0.05156548698568836,-0.3937194880591108,-0.16189470906452041,-0.045111492281303595,0.007058978757091962,-0.23182477899459036,1.0
within_checkpoint,step143000,62,0.018867924528301886,0.01680672268907563,0.0003190822066587529,-0.0009940204273720268,-0.00131310263403078,-0.27734529621322074,-0.039132584587130044,0.08923340810133262,0.13299115978361245,-0.2382127116260907,1.0
final_metric_transfer,step0,62,0.1320754716981132,0.03636363636363636,-0.0014579115806186464,0.000425732394016539,0.0018836439746351852,0.08615912389497296,0.023873782021294882,0.0948673967541892,0.10381580683467474,0.06228534187367808,0.1
final_metric_transfer,step143000,62,0.018867924528301886,0.01680672268907563,0.0003190822066587529,-0.0009940204273720268,-0.00131310263403078,-0.27734529621322074,-0.039132584587130044,0.08923340810133262,0.13299115978361245,-0.2382127116260907,1.0
within_checkpoint,step0,63,0.2830188679245283,0.23333333333333334,-9433.95453885638,-9433.872918378234,0.08162047815129242,0.10964507190922286,0.0567717017116674,0.09592294497954876,0.10328803272199495,0.05287337019755546,0.01
within_checkpoint,step143000,63,0.32075471698113206,0.25510204081632654,-9433.96141356994,-9433.952744873675,0.00866869625903021,0.35915028367858554,0.06031018723986134,0.22905396490302135,0.29294102124290805,0.2988400964387242,0.01
final_metric_transfer,step0,63,0.16981132075471697,0.04285714285714286,-9433.96067180762,-9433.961435241321,-0.0007634337061722738,0.0688745217047104,0.013247663333426626,0.08651537142103179,0.10046444121915814,0.05562685837128377,0.1
final_metric_transfer,step143000,63,0.32075471698113206,0.25510204081632654,-9433.96141356994,-9433.952744873675,0.00866869625903021,0.35915028367858554,0.06031018723986134,0.22905396490302135,0.29294102124290805,0.2988400964387242,0.01
within_checkpoint,step0,64,0.11320754716981132,0.09285714285714286,0.0008092004953312176,0.011689779987758822,0.010880579492427603,-0.14553371157144743,-0.046208222880607094,0.016651273255046836,0.02942868452302409,-0.09932548869084033,1.0
within_checkpoint,step143000,64,0.11320754716981132,0.12872841444270017,0.00036326228179894924,-0.0006232410914900026,-0.000986503373288952,-0.18287373004354146,-0.07178127761318157,0.021031798390288937,0.061913181158464135,-0.1110924524303599,0.93
final_metric_transfer,step0,64,0.05660377358490566,0.02316602316602317,-0.0013675133216712796,-0.0007526413066535675,0.0006148720150177117,0.030742842063596773,0.02751089200488857,0.061195408365219674,0.07186700092360465,0.0032319500587082023,0.46
final_metric_transfer,step143000,64,0.11320754716981132,0.12872841444270017,0.00036326228179894924,-0.0006232410914900026,-0.000986503373288952,-0.18287373004354146,-0.07178127761318157,0.021031798390288937,0.061913181158464135,-0.1110924524303599,0.93
within_checkpoint,step0,65,0.2641509433962264,0.20804988662131518,0.0029023092171140334,0.09139473509668236,0.08849242587956829,0.09341601794431979,0.01902119226304475,0.07431059506531207,0.08341469850903811,0.07439482568127505,0.01
within_checkpoint,step143000,65,0.1509433962264151,0.17726133515607198,-0.0006282240312109626,0.004601312239461437,0.005229536270672399,0.07256894049346879,0.04443031715758988,0.08148832299775695,0.09005145797598627,0.02813862333587891,0.09
final_metric_transfer,step0,65,0.09433962264150944,0.032467532467532464,-2.441522859751947e-05,-0.0016122452463057805,-0.0015878300177082608,-0.15345032326164404,-0.03341902998849826,0.0676474468927299,0.08208206887452164,-0.12003129327314578,0.99
final_metric_transfer,step143000,65,0.1509433962264151,0.17726133515607198,-0.0006282240312109626,0.004601312239461437,0.005229536270672399,0.07256894049346879,0.04443031715758988,0.08148832299775695,0.09005145797598627,0.02813862333587891,0.09
within_checkpoint,step0,66,0.16981132075471697,0.1295238095238095,-0.003075321362729204,-0.006161226133531414,-0.003085904770802208,-0.16347803140255968,-0.06472696352627741,-0.009262435677530026,0.0028077582794563366,-0.09875106787628227,1.0
within_checkpoint,step143000,66,0.1509433962264151,0.14661654135338345,0.0004628628496115398,0.003581622324123804,0.003118759474512264,-0.019131811584641768,0.0057108890728101705,0.08809869375907112,0.10444913576989044,-0.02484270065745194,0.61
final_metric_transfer,step0,66,0.1509433962264151,0.09045918367346939,0.001118553562407575,4.725971023906531e-05,-0.001071293852168509,-0.00026388705633988754,0.00030120441784249635,0.049861459295421545,0.05544530940757352,-0.0005650914741823839,0.52
final_metric_transfer,step143000,66,0.1509433962264151,0.14661654135338345,0.0004628628496115398,0.003581622324123804,0.003118759474512264,-0.019131811584641768,0.0057108890728101705,0.08809869375907112,0.10444913576989044,-0.02484270065745194,0.61
within_checkpoint,step0,67,0.2641509433962264,0.2387218045112782,-9433.958495499015,-9433.91436318663,0.044132312380186355,-0.11426309539517085,-0.0406159497068588,0.021533183797334737,0.036793772265470356,-0.07364714568831204,0.96
within_checkpoint,step143000,67,0.18867924528301888,0.17857142857142858,-9433.962592452244,-9433.963241989277,-0.0006495370233122372,-0.04288164665523156,-0.028582433385177814,0.025623433170602974,0.038801952764216864,-0.014299213270053745,0.6
final_metric_transfer,step0,67,0.1509433962264151,0.06722689075630252,-9433.960932452805,-9433.962143912098,-0.00121145929724586,-0.059770418260984316,-0.03966435698854224,0.018828341469850903,0.03034437260852353,-0.020106061272442077,0.7
final_metric_transfer,step143000,67,0.18867924528301888,0.17857142857142858,-9433.962592452244,-9433.963241989277,-0.0006495370233122372,-0.04288164665523156,-0.028582433385177814,0.025623433170602974,0.038801952764216864,-0.014299213270053745,0.6
within_checkpoint,step0,68,0.22641509433962265,0.23480392156862745,0.004442662775483838,0.04500690237960299,0.04056423960411913,0.20781105686766066,0.08234075815550944,0.16867660641245552,0.17592822272067551,0.1254702987121512,0.01
within_checkpoint,step143000,68,0.24528301886792453,0.24436090225563908,-0.0014882484540300405,0.003801361563862903,0.005289610017892943,0.25016492941021246,0.07056979612725753,0.2113339490697981,0.2509038131679641,0.17959513328295493,0.03
final_metric_transfer,step0,68,0.11320754716981132,0.029055690072639227,-0.0007708445363506833,0.0008763153937020742,0.0016471599300527577,0.03193033381712625,0.028090643871089838,0.07138144873993932,0.0939226810924924,0.0038396899460364092,0.44
final_metric_transfer,step143000,68,0.24528301886792453,0.24436090225563908,-0.0014882484540300405,0.003801361563862903,0.005289610017892943,0.25016492941021246,0.07056979612725753,0.2113339490697981,0.2509038131679641,0.17959513328295493,0.03
within_checkpoint,step0,69,0.1320754716981132,0.12212885154061626,0.008030022796865412,0.0022975100625726047,-0.005732512734292807,-0.23710252012138805,-0.07386038775404127,0.0014777675155033215,0.03666446760786378,-0.16324213236734678,1.0
within_checkpoint,step143000,69,0.16981132075471697,0.15485829959514172,0.0017410744167043926,0.0006044849886308431,-0.0011365894280735494,-0.048027444253859373,0.006220004504738638,0.04968993270880063,0.05591238949729513,-0.054247448758598014,0.98
final_metric_transfer,step0,69,0.18867924528301888,0.13328627893845285,0.0004014533211645074,0.00132012972627545,0.0009186764051109429,0.1431587280643884,0.024253619450875022,0.11064784272331442,0.13503364559968314,0.11890510861351337,0.02
final_metric_transfer,step143000,69,0.16981132075471697,0.15485829959514172,0.0017410744167043926,0.0006044849886308431,-0.0011365894280735494,-0.048027444253859373,0.006220004504738638,0.04968993270880063,0.05591238949729513,-0.054247448758598014,0.98
within_checkpoint,step0,70,0.09433962264150944,0.1090909090909091,0.005102319041652123,-0.03491436823704064,-0.04001668728392666,-0.3963583586225096,-0.16624351444248525,-0.03701015965166912,-0.009584377886264817,-0.23011484418002437,1.0
within_checkpoint,step143000,70,0.05660377358490566,0.05054945054945055,-0.0013840692465289794,-0.0023176616091088987,-0.0009335923692794152,-0.1657210713814487,0.010903333373316218,0.09911597836126133,0.14470774508510356,-0.17662440475476493,1.0
final_metric_transfer,step0,70,0.1509433962264151,0.07756948933419523,0.0005963570591585066,0.0013230635727049674,0.0007267065130326699,0.0981659849584378,0.01784569537571253,0.07822931785195934,0.10525399129172706,0.08032028958272527,0.03
final_metric_transfer,step143000,70,0.05660377358490566,0.05054945054945055,-0.0013840692465289794,-0.0023176616091088987,-0.0009335923692794152,-0.1657210713814487,0.010903333373316218,0.09911597836126133,0.14470774508510356,-0.17662440475476493,1.0
within_checkpoint,step0,71,0.49056603773584906,0.4887755102040816,0.008460900311239023,0.14684478691735525,0.13838388660611622,0.34397677793904213,0.1398508105197642,0.25242116374191836,0.30028235915028373,0.20412596741927794,0.01
within_checkpoint,step143000,71,0.39622641509433965,0.41351386708529564,0.0020410895682004527,0.00786454131765792,0.005823451749457466,0.3375115450587149,0.033251101861736514,0.22165193297268762,0.29468267581475127,0.30426044319697837,0.01
final_metric_transfer,step0,71,0.11320754716981132,0.05341614906832298,0.0016006298234384753,-0.0008075092886250024,-0.0024081391120634767,-0.024409552711439512,-0.02649532666685326,0.025478295289616024,0.04635440031666443,0.002085773955413747,0.53
final_metric_transfer,step143000,71,0.39622641509433965,0.41351386708529564,0.0020410895682004527,0.00786454131765792,0.005823451749457466,0.3375115450587149,0.033251101861736514,0.22165193297268762,0.29468267581475127,0.30426044319697837,0.01
within_checkpoint,step0,72,0.16981132075471697,0.17519990452321282,0.010545843298109854,0.07029964966555738,0.05975380636744752,0.13524211637419184,0.04041203698150525,0.10796938910146457,0.12817258213484625,0.09483007939268659,0.02
within_checkpoint,step143000,72,0.24528301886792453,0.20041862899005755,-0.001651901077573564,0.0034549694785029647,0.005106870556076529,0.13207547169811323,0.07435351003104004,0.11782557065575931,0.12724897743765665,0.05772196166707319,0.01
final_metric_transfer,step0,72,0.09433962264150944,0.047619047619047616,-0.0005306161291395995,-0.001452778746007743,-0.0009221626168681435,-0.07731890750758676,0.008790904159686318,0.07533975458503758,0.08462066235651138,-0.08610981166727308,0.96
final_metric_transfer,step143000,72,0.24528301886792453,0.20041862899005755,-0.001651901077573564,0.0034549694785029647,0.005106870556076529,0.13207547169811323,0.07435351003104004,0.11782557065575931,0.12724897743765665,0.05772196166707319,0.01
within_checkpoint,step0,73,0.2641509433962264,0.22850165707308565,-31446.52772032753,-31446.458041229896,0.06967909763389428,0.1006729119936667,0.034194698002588224,0.08250428816466547,0.09452698245151069,0.06647821399107848,0.02
within_checkpoint,step143000,73,0.2641509433962264,0.23151260504201682,-31446.53970593798,-31446.532936980326,0.006768957661555864,0.14632537274046706,0.01599582045551171,0.10667634252539912,0.13634516426969256,0.13032955228495535,0.01
final_metric_transfer,step0,73,0.1320754716981132,0.08440709617180206,-31446.54119512444,-31446.542457802916,-0.0012626784761955055,-0.049874653648238565,-0.042850993108282984,-0.004301359018340148,0.00365747460087078,-0.007023660539955581,0.61
final_metric_transfer,step143000,73,0.2641509433962264,0.23151260504201682,-31446.53970593798,-31446.532936980326,0.006768957661555864,0.14632537274046706,0.01599582045551171,0.10667634252539912,0.13634516426969256,0.13032955228495535,0.01
within_checkpoint,step0,74,0.18867924528301888,0.1917821309125657,-0.0032108869412031797,0.002124951821091227,0.0053358387622944115,-0.10595065312046445,-0.0673871582962492,-0.029766459955139202,-0.024005805515239474,-0.038563494824215255,0.99
within_checkpoint,step143000,74,0.1509433962264151,0.11253196930946292,-0.00047522065606453223,-0.0006768300096249251,-0.00020160935356039274,-0.17561683599419448,-0.0377398473453362,0.04660245414962389,0.09681752210054093,-0.13787698864885828,1.0
final_metric_transfer,step0,74,0.11320754716981132,0.06909635199108884,0.00047736218794902955,0.0010723833139889042,0.0005950211260398754,0.06320094999340284,0.033929478183337525,0.09220213748515635,0.11254255178783477,0.029271471810065314,0.26
final_metric_transfer,step143000,74,0.1509433962264151,0.11253196930946292,-0.00047522065606453223,-0.0006768300096249251,-0.00020160935356039274,-0.17561683599419448,-0.0377398473453362,0.04660245414962389,0.09681752210054093,-0.13787698864885828,1.0
within_checkpoint,step0,75,0.11320754716981132,0.11729323308270677,0.0037664826775824093,0.04504788031807316,0.041281397640490755,-0.14592954215595724,-0.04514334531487191,0.011267977305713143,0.01884945243435802,-0.10078619684108533,1.0
within_checkpoint,step143000,75,0.11320754716981132,0.16246498599439776,0.0012043007503243451,0.0006749418734181567,-0.0005293588769061888,-0.05607599947222587,0.024087024087024088,0.07865153714210316,0.09502045124686623,-0.08016302355924995,1.0
final_metric_transfer,step0,75,0.1509433962264151,0.03747072599531616,-0.0013282130778395772,-0.001709586309020007,-0.0003813732311804292,0.006069402295817396,-0.011816275967219363,0.04962396094471566,0.0734212956854466,0.01788567826303676,0.34
final_metric_transfer,step143000,75,0.11320754716981132,0.16246498599439776,0.0012043007503243451,0.0006749418734181567,-0.0005293588769061888,-0.05607599947222587,0.024087024087024088,0.07865153714210316,0.09502045124686623,-0.08016302355924995,1.0
within_checkpoint,step0,76,0.1509433962264151,0.15058750773036486,-31446.536687270993,-31446.518843294518,0.017843976470516762,-0.06452038527510229,-0.0005477655563418867,0.048489246602454135,0.07051326032458106,-0.0639726197187604,0.96
within_checkpoint,step143000,76,0.20754716981132076,0.21729323308270673,-31446.54349285729,-31446.536279299205,0.007213558084043917,0.26019263755112815,0.07870498093482657,0.19076395302810395,0.2192531996305581,0.18148765661630156,0.01
final_metric_transfer,step0,76,0.03773584905660377,0.02197802197802198,-31446.5407482781,-31446.541349981566,-0.0006017034558776767,-0.024277609183269575,-0.02725366876310272,0.0010951312838105264,0.0064810661037075805,0.0029760595798331464,0.43
final_metric_transfer,step143000,76,0.20754716981132076,0.21729323308270673,-31446.54349285729,-31446.536279299205,0.007213558084043917,0.26019263755112815,0.07870498093482657,0.19076395302810395,0.2192531996305581,0.18148765661630156,0.01
within_checkpoint,step0,77,0.18867924528301888,0.17012138188608777,0.007610776645873243,0.014545311319401438,0.006934534673528193,0.062145401768043285,0.02850779866217259,0.05760654439899722,0.06605093020187358,0.033637603105870696,0.05
within_checkpoint,step143000,77,0.0,0.0,0.0010791204457675028,-0.0008413631940375698,-0.0019204836398050728,-0.060430135901834006,-0.018174887814681982,0.04055944055944051,0.05516295025728987,-0.042255248087152024,0.83
final_metric_transfer,step0,77,0.1509433962264151,0.06637806637806638,0.0004717662107212793,-0.00019961379898996708,-0.0006713800097112461,0.034569204380525166,-0.00509115431928468,0.046048291331310186,0.05585697321546377,0.03966035869980985,0.14
final_metric_transfer,step143000,77,0.0,0.0,0.0010791204457675028,-0.0008413631940375698,-0.0019204836398050728,-0.060430135901834006,-0.018174887814681982,0.04055944055944051,0.05516295025728987,-0.042255248087152024,0.83
within_checkpoint,step0,78,0.16981132075471697,0.15210186638758066,0.005329983038176631,0.029468689607740624,0.024138706569564,-0.04340942076791133,0.014229909598691762,0.05136561551655891,0.061039715001979106,-0.05763933036660309,0.99
within_checkpoint,step143000,78,0.22641509433962265,0.18219461697722567,0.0002796304342397812,0.0046894709099864545,0.004409840475746673,0.10792980604301357,0.012420017565815167,0.09069798126401896,0.10469718960284997,0.0955097884771984,0.02
final_metric_transfer,step0,78,0.11320754716981132,0.029055690072639227,-0.0005002178011137622,-0.0004137551943179798,8.646260679578223e-05,-0.02309011742974007,0.012036181847502603,0.0614065180102916,0.07435017812376302,-0.03512629927724267,0.85
final_metric_transfer,step143000,78,0.22641509433962265,0.18219461697722567,0.0002796304342397812,0.0046894709099864545,0.004409840475746673,0.10792980604301357,0.012420017565815167,0.09069798126401896,0.10469718960284997,0.0955097884771984,0.02
within_checkpoint,step0,79,0.09433962264150944,0.11904761904761905,56603.77200360517,56603.76320537756,-0.008798227596473345,-0.11795751418392927,-0.04393986040641271,0.006834674759203057,0.012674495316004748,-0.07401765377751657,0.99
within_checkpoint,step143000,79,0.2830188679245283,0.2913165266106442,56603.774245303895,56603.775458955686,0.0012136517904260586,0.03641641377490434,0.008449716854519599,0.08753133658794032,0.10281039715001973,0.02796669692038474,0.37
final_metric_transfer,step0,79,0.1509433962264151,0.06859886811867603,56603.773670310664,56603.77387547002,0.00020515936210630474,5.2369010595526256e-18,-0.01242135032872597,0.03492545190658398,0.04072568940493467,0.012421350328725975,0.41
final_metric_transfer,step143000,79,0.2830188679245283,0.2913165266106442,56603.774245303895,56603.775458955686,0.0012136517904260586,0.03641641377490434,0.008449716854519599,0.08753133658794032,0.10281039715001973,0.02796669692038474,0.37
within_checkpoint,step0,80,0.18867924528301888,0.15476190476190474,-0.0019384966396944496,-0.004412884845996174,-0.002474388206301723,-0.14012402691647974,-0.06748311722582735,-0.01832695606280513,-0.0061934292122971316,-0.07264090969065239,1.0
within_checkpoint,step143000,80,0.1509433962264151,0.16059757236227826,-4.37796702341687e-05,0.0023236002891478457,0.002367379959382015,0.11663807890222982,0.03645506389931776,0.14099485420240135,0.1517007520781105,0.08018301500291206,0.12
final_metric_transfer,step0,80,0.07547169811320754,0.025974025974025976,0.000777410777931611,-0.0009407055876806939,-0.0017181163656123054,-0.036284470246734396,-0.03277663826548904,0.0014381844570523698,0.01196727800501384,-0.0035078319812453587,0.59
final_metric_transfer,step143000,80,0.1509433962264151,0.16059757236227826,-4.37796702341687e-05,0.0023236002891478457,0.002367379959382015,0.11663807890222982,0.03645506389931776,0.14099485420240135,0.1517007520781105,0.08018301500291206,0.12
within_checkpoint,step0,81,0.09433962264150944,0.07808340727595385,0.004761731192551724,-0.039685188095263765,-0.04444691928781548,-0.34938646259400974,-0.13421722169578088,-0.025847737168491886,0.013123103311782517,-0.21516924089822886,1.0
within_checkpoint,step143000,81,0.1320754716981132,0.1267454350161117,0.0006458620696964386,0.0012349427883383923,0.0005890807186419541,0.029027576197387515,0.033745556901646094,0.08386330650481592,0.09469059242644143,-0.004717980704258579,0.61
final_metric_transfer,step0,81,0.18867924528301888,0.11228803716608594,0.0027110567414877144,0.00034840553503241305,-0.002362651206455301,-0.019791529225491485,-0.0289182896387013,0.006689536878216119,0.01282491093811848,0.009126760413209815,0.35
final_metric_transfer,step143000,81,0.1320754716981132,0.1267454350161117,0.0006458620696964386,0.0012349427883383923,0.0005890807186419541,0.029027576197387515,0.033745556901646094,0.08386330650481592,0.09469059242644143,-0.004717980704258579,0.61
within_checkpoint,step0,82,0.03773584905660377,0.04081632653061224,-0.0027254044149235363,-0.043608483473489904,-0.04088307905856636,-0.3285393851431587,-0.1297831194915243,-0.028315081145269875,0.009639794168096003,-0.19875626565163443,1.0
within_checkpoint,step143000,82,0.07547169811320754,0.07142857142857142,-0.0006791912003829422,-0.0025427521706523275,-0.0018635609702693852,-0.2753661432906716,-0.04140227982423522,0.08548621190130617,0.14274178651537142,-0.23396386346643638,1.0
final_metric_transfer,step0,82,0.1320754716981132,0.03508771929824561,1.63062695863808e-05,-0.0007595370302911324,-0.0007758432998775134,-0.06544398997229185,-0.02304347072786181,0.022192901438184438,0.03450323261644017,-0.04240051924443004,0.89
final_metric_transfer,step143000,82,0.07547169811320754,0.07142857142857142,-0.0006791912003829422,-0.0025427521706523275,-0.0018635609702693852,-0.2753661432906716,-0.04140227982423522,0.08548621190130617,0.14274178651537142,-0.23396386346643638,1.0
within_checkpoint,step0,83,0.2830188679245283,0.2448979591836735,-9433.954872054028,-9433.935913105392,0.018958948637605312,-0.03008312442274706,-0.011698992831068303,0.017601266657870426,0.022849980208470774,-0.018384131591678756,0.88
within_checkpoint,step143000,83,0.16981132075471697,0.15420369104579632,-9433.959664433536,-9433.95946705187,0.00019738166268431557,0.08404802744425387,0.013542203936715085,0.06479746668425913,0.07013326296345163,0.07050582350753878,0.01
final_metric_transfer,step0,83,0.07547169811320754,0.02077922077922078,-9433.961954173008,-9433.963414213233,-0.0014600402185980304,-0.14012402691647974,-0.035787349681003194,0.029753265602322197,0.049753265602322204,-0.10433667723547654,1.0
final_metric_transfer,step143000,83,0.16981132075471697,0.15420369104579632,-9433.959664433536,-9433.95946705187,0.00019738166268431557,0.08404802744425387,0.013542203936715085,0.06479746668425913,0.07013326296345163,0.07050582350753878,0.01
within_checkpoint,step0,84,0.03773584905660377,0.03809523809523809,-0.003507238971434716,-0.044611816622052505,-0.04110457765061778,-0.2838105290935479,-0.07418158361554587,0.048172582134846174,0.0778889035492809,-0.20962894547800204,1.0
within_checkpoint,step143000,84,0.03773584905660377,0.03809523809523809,-0.0008578394298808465,-0.0013588007360518677,-0.0005009613061710213,-0.00844438580287636,0.013774104683195591,0.07417865153714209,0.08591107006201346,-0.02221849048607195,0.72
final_metric_transfer,step0,84,0.1509433962264151,0.0878169449598021,0.0002580309724904209,0.0012016650412331764,0.0009436340687427545,0.09684654967673835,0.05603335105908005,0.09820556801688875,0.11847209394379202,0.0408131986176583,0.09
final_metric_transfer,step143000,84,0.03773584905660377,0.03809523809523809,-0.0008578394298808465,-0.0013588007360518677,-0.0005009613061710213,-0.00844438580287636,0.013774104683195591,0.07417865153714209,0.08591107006201346,-0.02221849048607195,0.72
within_checkpoint,step0,85,0.11320754716981132,0.15873015873015875,0.009620631723501328,0.00412718778050715,-0.005493443942994184,-0.2207415226283151,-0.07879427604985068,0.0018735981000131486,0.017981264018999837,-0.14194724657846441,1.0
within_checkpoint,step143000,85,0.11320754716981132,0.1285714285714286,-0.00237474329420831,0.0012344939769581287,0.0036092372711664386,-0.05436073360601663,0.02669524110347438,0.10349650349650344,0.12880854994062543,-0.08105597470949101,0.97
final_metric_transfer,step0,85,0.20754716981132076,0.12783200236616385,-0.0002860607364675781,0.0006073786111608404,0.0008934393476284186,0.0762633592822272,0.006549196943708093,0.057923208866605076,0.07152658662092623,0.06971416233851911,0.01
final_metric_transfer,step143000,85,0.11320754716981132,0.1285714285714286,-0.00237474329420831,0.0012344939769581287,0.0036092372711664386,-0.05436073360601663,0.02669524110347438,0.10349650349650344,0.12880854994062543,-0.08105597470949101,0.97
within_checkpoint,step0,86,0.07547169811320754,0.07619047619047618,56603.7752864151,56603.726426317524,-0.048860097589853914,-0.35611558253067693,-0.12604738505253085,-0.009882570259928754,0.017223908167304246,-0.23006819747814608,1.0
within_checkpoint,step143000,86,0.03773584905660377,0.05194805194805195,56603.77250283678,56603.77280754041,0.0003047036517976583,-0.11914500593745876,0.019265087875722522,0.12911993666710642,0.15072173109908957,-0.13841009381318128,0.98
final_metric_transfer,step0,86,0.16981132075471697,0.06651138716356107,56603.77482584606,56603.77522432211,0.0003984760561273463,0.0738883757751682,-0.00010662103286460119,0.06630162290539648,0.0876500857632933,0.0739949968080328,0.05
final_metric_transfer,step143000,86,0.03773584905660377,0.05194805194805195,56603.77250283678,56603.77280754041,0.0003047036517976583,-0.11914500593745876,0.019265087875722522,0.12911993666710642,0.15072173109908957,-0.13841009381318128,0.98
within_checkpoint,step0,87,0.22641509433962265,0.18156228008444758,12578.609513465377,12578.611529747777,0.0020162823983887897,-0.17825570655759337,-0.06255189445583957,0.01517350573954347,0.019480142499010384,-0.1157038121017538,1.0
within_checkpoint,step143000,87,0.18867924528301888,0.13071895424836602,12578.617531036587,12578.6198891205,0.0023580839063464093,-0.01662488454941284,0.011794951760646441,0.07245019131811585,0.10388705633988649,-0.02841983631005928,0.76
final_metric_transfer,step0,87,0.1509433962264151,0.11244239631336406,12578.617897724636,12578.616476331837,-0.0014213927976584307,-0.012798522232484498,-0.012317394821682988,0.041746932312970005,0.05772529357435019,-0.00048112741080151046,0.48
final_metric_transfer,step143000,87,0.18867924528301888,0.13071895424836602,12578.617531036587,12578.6198891205,0.0023580839063464093,-0.01662488454941284,0.011794951760646441,0.07245019131811585,0.10388705633988649,-0.02841983631005928,0.76
within_checkpoint,step0,88,0.07547169811320754,0.07891156462585035,0.011292495118649465,-0.005713340992416413,-0.017005836111065875,-0.18841535822667896,-0.08925246661095718,-0.03518933896292387,-0.02201081936930997,-0.09916289161572178,1.0
within_checkpoint,step143000,88,0.11320754716981132,0.10410641989589357,0.0014452206045841855,-0.0008966690319449083,-0.0023418896365290935,0.019395698640981666,-0.009370656025887587,0.06828077582794562,0.09119672780050136,0.028766354666869255,0.29
final_metric_transfer,step0,88,0.11320754716981132,0.03428571428571429,3.434832359108944e-05,0.0007025130421181304,0.0006681647185270412,0.08589523683863308,-0.0023843128474346316,0.09637155297532653,0.14383427892861858,0.08827954968606772,0.1
final_metric_transfer,step143000,88,0.11320754716981132,0.10410641989589357,0.0014452206045841855,-0.0008966690319449083,-0.0023418896365290935,0.019395698640981666,-0.009370656025887587,0.06828077582794562,0.09119672780050136,0.028766354666869255,0.29
within_checkpoint,step0,89,0.03773584905660377,0.04395604395604396,0.003113342751330627,-0.05004339812727974,-0.05315674087861036,-0.4224831772001583,-0.15168707793064568,-0.019659585697321548,0.028827022034569112,-0.27079609926951265,1.0
within_checkpoint,step143000,89,0.07547169811320754,0.0836940836940837,0.00023818014618821312,-0.0019404928099951895,-0.0021786729561834024,-0.31719224172054367,-0.058608249002760154,0.07120992215331838,0.12742314289484086,-0.25858399271778354,1.0
final_metric_transfer,step0,89,0.1509433962264151,0.07142857142857142,0.0002825077500969116,3.9431821653571525e-05,-0.00024307592844334,0.06029819237366408,-0.016067789652695313,0.03818445705238154,0.057939042089985474,0.07636598202635939,0.01
final_metric_transfer,step143000,89,0.07547169811320754,0.0836940836940837,0.00023818014618821312,-0.0019404928099951895,-0.0021786729561834024,-0.31719224172054367,-0.058608249002760154,0.07120992215331838,0.12742314289484086,-0.25858399271778354,1.0
within_checkpoint,step0,90,0.4716981132075472,0.37976010917187386,-9433.950246077635,-9433.702430022871,0.24781605476304897,0.5283018867924528,0.22859149617297128,0.4102520121388046,0.4476975854334344,0.29971039061948157,0.01
within_checkpoint,step143000,90,0.5849056603773585,0.5277210884353741,-9433.963073335051,-9433.948330203417,0.014743131639040747,0.5722390816730439,0.08212485056395863,0.36012666578704317,0.45829265074548076,0.4901142311090853,0.01
final_metric_transfer,step0,90,0.16981132075471697,0.04285714285714286,-9433.961033325744,-9433.962702722974,-0.0016693972294340473,-0.17772793244491358,-0.03299521138286146,0.06878216123499141,0.08183401504156218,-0.14473272106205212,1.0
final_metric_transfer,step143000,90,0.5849056603773585,0.5277210884353741,-9433.963073335051,-9433.948330203417,0.014743131639040747,0.5722390816730439,0.08212485056395863,0.36012666578704317,0.45829265074548076,0.4901142311090853,0.01
within_checkpoint,step0,91,0.20754716981132076,0.183526999316473,0.011141345679190673,0.06442699095873834,0.05328564528293412,0.13563794695870168,0.056254589702274094,0.12311650613537405,0.12871882834146975,0.07938335725642759,0.02
within_checkpoint,step143000,91,0.07547169811320754,0.047619047619047616,0.0015221668057724216,0.0018826760832238484,0.0003605092794732715,0.04631217838765009,0.029677964497861576,0.08088138276817518,0.09178519593613929,0.016634213889788512,0.37
final_metric_transfer,step0,91,0.16981132075471697,0.1144877344877345,-0.00012783190633929318,-0.000606087720561469,-0.0004782558144602377,0.0023749835070589758,-0.02997250510115004,0.026085235519197777,0.03498878480010552,0.03234748860820902,0.2
final_metric_transfer,step143000,91,0.07547169811320754,0.047619047619047616,0.0015221668057724216,0.0018826760832238484,0.0003605092794732715,0.04631217838765009,0.029677964497861576,0.08088138276817518,0.09178519593613929,0.016634213889788512,0.37
within_checkpoint,step0,92,0.0,0.0,-9433.958689774105,-9434.04011290416,-0.08142313005273424,-0.5197255574614066,-0.21046991887472166,-0.05825306768702997,-0.019931389365351757,-0.3092556385866849,1.0
within_checkpoint,step143000,92,0.0,0.0,-9433.961597175128,-9433.967053482533,-0.0054563074022079385,-0.1894709064520385,-0.019974117744272112,0.08200290275761969,0.11154505871486993,-0.1694967887077664,1.0
final_metric_transfer,step0,92,0.18867924528301888,0.12008281573498966,-9433.962598786224,-9433.961426854694,0.0011719315309323738,0.11650613537405992,0.0233966528992258,0.09769098825702596,0.15170602981923734,0.09310948247483412,0.03
final_metric_transfer,step143000,92,0.0,0.0,-9433.961597175128,-9433.967053482533,-0.0054563074022079385,-0.1894709064520385,-0.019974117744272112,0.08200290275761969,0.11154505871486993,-0.1694967887077664,1.0
within_checkpoint,step0,93,0.49056603773584906,0.5137844611528822,-9433.944865016827,-9433.795949719844,0.14891529698330266,0.39424726217179057,0.1685758495363984,0.3058450982979285,0.33285129964375243,0.22567141263539217,0.01
within_checkpoint,step143000,93,0.3584905660377358,0.3474568774878372,-9433.9651000865,-9433.952570728954,0.012529357544584062,0.35796279192505603,0.08150378304752232,0.22596648634384475,0.3186119540836521,0.2764590088775337,0.01
final_metric_transfer,step0,93,0.1509433962264151,0.11252501000400159,-9433.962927509821,-9433.96224782649,0.000679683332363534,0.028499802084707742,0.0066371592958213875,0.04472885604961076,0.05488850771869634,0.021862642788886354,0.24
final_metric_transfer,step143000,93,0.3584905660377358,0.3474568774878372,-9433.9651000865,-9433.952570728954,0.012529357544584062,0.35796279192505603,0.08150378304752232,0.22596648634384475,0.3186119540836521,0.2764590088775337,0.01
within_checkpoint,step0,94,0.1320754716981132,0.12436974789915967,3144.661966178408,3144.66320534604,0.0012391676309915852,-0.03270429276739508,-0.0063341456605708005,0.021220268019111064,0.028360285419139725,-0.026370147106824282,0.95
within_checkpoint,step143000,94,0.11320754716981132,0.09795918367346938,3144.6544643016455,3144.654528098319,6.379666969743483e-05,-0.03499856454524588,0.007486189699532061,0.05282874149574235,0.06441158804292979,-0.04248475424477794,0.95
final_metric_transfer,step0,94,0.1320754716981132,0.13585434173669467,3144.653849655903,3144.6546594825945,0.0008098266843310788,0.0834940286422621,0.025770325383691676,0.09608317039845939,0.11476978806957935,0.05772370325857043,0.12
final_metric_transfer,step143000,94,0.11320754716981132,0.09795918367346938,3144.6544643016455,3144.654528098319,6.379666969743483e-05,-0.03499856454524588,0.007486189699532061,0.05282874149574235,0.06441158804292979,-0.04248475424477794,0.95
within_checkpoint,step0,95,0.20754716981132076,0.16785714285714287,-0.00886406063519814,-0.024793559028741894,-0.015929498393543746,-0.33408101332629636,-0.12856897247977864,-0.01807626335928223,-0.0001530544926772637,-0.20551204084651772,1.0
within_checkpoint,step143000,95,0.1509433962264151,0.09937888198757763,7.124479117440546e-05,-0.0022280529020045447,-0.0022992976931789505,-0.10911729779654308,-9.062787793491158e-05,0.07565641905264543,0.09630030347011476,-0.10902666991860817,0.99
final_metric_transfer,step0,95,0.1509433962264151,0.06728509585652442,0.00047493963674920335,-0.002010636116072299,-0.002485575752821503,-0.06729119936667104,-0.029126200652787277,0.0062145401768043266,0.00911729779654307,-0.03816499871388376,0.96
final_metric_transfer,step143000,95,0.1509433962264151,0.09937888198757763,7.124479117440546e-05,-0.0022280529020045447,-0.0022992976931789505,-0.10911729779654308,-9.062787793491158e-05,0.07565641905264543,0.09630030347011476,-0.10902666991860817,0.99
within_checkpoint,step0,96,0.1320754716981132,0.1139122315592904,12578.618166036329,12578.634190443057,0.01602440673017748,-0.10740203193033383,-0.05129404614824854,-0.0043541364296081925,0.01616572107138141,-0.05610798578208529,0.99
within_checkpoint,step143000,96,0.1320754716981132,0.13095238095238096,12578.615280656988,12578.618705546964,0.0034248899741373454,0.03470114790869511,0.012723887509479276,0.05407045784404274,0.06086291067423143,0.021977260399215832,0.23
final_metric_transfer,step0,96,0.07547169811320754,0.053514739229024944,12578.616198729182,12578.61592888416,-0.00026984502057410357,0.05739543475392531,0.011520402601020097,0.05395170866868979,0.06518538065707873,0.04587503215290521,0.03
final_metric_transfer,step143000,96,0.1320754716981132,0.13095238095238096,12578.615280656988,12578.618705546964,0.0034248899741373454,0.03470114790869511,0.012723887509479276,0.05407045784404274,0.06086291067423143,0.021977260399215832,0.23
within_checkpoint,step0,97,0.2641509433962264,0.20496894409937888,-0.0008020852786484368,0.0797146727195541,0.08051675799820253,-0.054228790077846666,-0.011885579638581353,0.03012270748119805,0.0387913972819633,-0.04234321043926531,0.98
within_checkpoint,step143000,97,0.16981132075471697,0.14285714285714285,-0.0001528610509112674,0.00015368870489151207,0.00030654975580278015,-0.21388045916347806,-0.028874308462644657,0.11163741918458894,0.13759071117561672,-0.1850061507008334,0.98
final_metric_transfer,step0,97,0.18867924528301888,0.14870682572545926,9.431057142585825e-05,0.002128333753999652,0.0020340231825737944,0.09763821084575802,0.05599336817175581,0.09229449795487532,0.10489774376566832,0.04164484267400221,0.04
final_metric_transfer,step143000,97,0.16981132075471697,0.14285714285714285,-0.0001528610509112674,0.00015368870489151207,0.00030654975580278015,-0.21388045916347806,-0.028874308462644657,0.11163741918458894,0.13759071117561672,-0.1850061507008334,0.98
within_checkpoint,step0,98,0.41509433962264153,0.3468253968253968,56603.78129217076,56603.936047866904,0.1547556961449961,0.2323525531072701,0.11119374241158118,0.2027576197387518,0.21308088138276812,0.12115881069568891,0.01
within_checkpoint,step143000,98,0.3584905660377358,0.3213250517598344,56603.77395289764,56603.781255244176,0.00730234654592913,0.2262831508114527,0.05396223749568519,0.15604961076659188,0.17576989048687156,0.17232091331576752,0.01
final_metric_transfer,step0,98,0.20754716981132076,0.08756957328385899,56603.77399002182,56603.77664746707,0.002657445240710342,0.21454017680432774,0.09238979050299807,0.1794959757223908,0.20638342789286176,0.12215038630132967,0.02
final_metric_transfer,step143000,98,0.3584905660377358,0.3213250517598344,56603.77395289764,56603.781255244176,0.00730234654592913,0.2262831508114527,0.05396223749568519,0.15604961076659188,0.17576989048687156,0.17232091331576752,0.01
within_checkpoint,step0,99,0.03773584905660377,0.04395604395604396,-18867.927306752128,-18867.95579317677,-0.02848642463324389,-0.3141575405726349,-0.09286825238797794,0.026164401636099704,0.05817126269956456,-0.22128928818465696,1.0
within_checkpoint,step143000,99,0.16981132075471697,0.18484848484848485,-18867.924391457687,-18867.926056444998,-0.0016649873045532255,-0.0865549544794828,0.0024136336314723957,0.07634252539912914,0.092510885341074,-0.0889685881109552,0.98
final_metric_transfer,step0,99,0.11320754716981132,0.07860434496379197,-18867.92543623939,-18867.924893029558,0.0005432098218268911,0.043409420767911336,0.008581660382689543,0.06623565114131148,0.07946430927563003,0.03482776038522179,0.2
final_metric_transfer,step143000,99,0.16981132075471697,0.18484848484848485,-18867.924391457687,-18867.926056444998,-0.0016649873045532255,-0.0865549544794828,0.0024136336314723957,0.07634252539912914,0.092510885341074,-0.0889685881109552,0.98
within_checkpoint,step0,100,0.1320754716981132,0.14285714285714285,0.0025064811470215764,-0.03925665887338959,-0.041763140020411184,-0.21863042617759598,-0.0862190982259593,-0.005304129832431743,0.01726876896688215,-0.13241132795163668,1.0
within_checkpoint,step143000,100,0.09433962264150944,0.10675039246467818,-0.002036200655255833,-0.0027000799284502244,-0.0006638792731943918,-0.36231692835466417,-0.014715035298225694,0.14490038263623167,0.23620266525926897,-0.34760189305643846,1.0
final_metric_transfer,step0,100,0.1509433962264151,0.093278651173388,-0.0006165182171505164,-7.323842741340341e-05,0.0005432797897371133,-0.08127721335268505,-0.016378323410913463,0.05004618023485947,0.06752078110568675,-0.06489888994177159,0.92
final_metric_transfer,step143000,100,0.09433962264150944,0.10675039246467818,-0.002036200655255833,-0.0027000799284502244,-0.0006638792731943918,-0.36231692835466417,-0.014715035298225694,0.14490038263623167,0.23620266525926897,-0.34760189305643846,1.0
within_checkpoint,step0,101,0.18867924528301888,0.14920634920634918,0.0056861892174126715,-0.0016200727166454792,-0.007306261934058151,-0.23829001187491755,-0.11112843702895157,-0.033421295685446634,-0.024771077978625187,-0.12716157484596596,1.0
within_checkpoint,step143000,101,0.1509433962264151,0.1038961038961039,0.0008027292302002582,-0.000495104932447011,-0.0012978341626472705,-0.2144082332761578,-0.02370052284288991,0.07704182609842987,0.11063728724106073,-0.1907077104332679,1.0
final_metric_transfer,step0,101,0.1320754716981132,0.058858325939071275,-9.74254578471815e-05,-0.0013909786000566586,-0.0012935531422094769,-0.06755508642301096,-0.0457270954698056,-0.01556933632405331,-0.005459823195672262,-0.02182799095320536,0.85
final_metric_transfer,step143000,101,0.1509433962264151,0.1038961038961039,0.0008027292302002582,-0.000495104932447011,-0.0012978341626472705,-0.2144082332761578,-0.02370052284288991,0.07704182609842987,0.11063728724106073,-0.1907077104332679,1.0
within_checkpoint,step0,102,0.03773584905660377,0.03571428571428571,0.0034611633562160135,-0.046971390061789846,-0.05043255341800585,-0.4587676474468927,-0.18650817450131343,-0.04826494260456526,-0.005348990632009561,-0.2722594729455793,1.0
within_checkpoint,step143000,102,0.03773584905660377,0.04081632653061224,0.0014003219217050267,-0.005419875676826892,-0.0068201975985319185,-0.40678189734793496,-0.0922205296133255,0.06498218762369705,0.13648766328011602,-0.31456136773460946,1.0
final_metric_transfer,step0,102,0.1320754716981132,0.05284256559766764,-0.0005649911450275831,0.0005035621253516454,0.0010685532703792284,0.17904736772661298,0.03899264448149525,0.15777807098561814,0.18017152658662092,0.14005472324511772,0.03
final_metric_transfer,step143000,102,0.03773584905660377,0.04081632653061224,0.0014003219217050267,-0.005419875676826892,-0.0068201975985319185,-0.40678189734793496,-0.0922205296133255,0.06498218762369705,0.13648766328011602,-0.31456136773460946,1.0
within_checkpoint,step0,103,0.11320754716981132,0.11773752563226247,-0.0005167367772325884,0.004928701750635287,0.005445438527867878,0.0383955666974535,0.020174032180893246,0.049769098825702615,0.05845362184984824,0.01822153451656025,0.19
within_checkpoint,step143000,103,0.24528301886792453,0.1996061582527748,-0.00013197248426541542,0.004340838692461406,0.0044728111767268226,0.2656023222060958,0.07619272284795442,0.20325900514579756,0.23369309935347662,0.1894095993581414,0.01
final_metric_transfer,step0,103,0.11320754716981132,0.0632034632034632,0.0008433560596542158,-0.0010436135347048983,-0.0018869695943591143,-0.05897875709196463,-0.043185516598895676,-0.0063728724106082955,0.007024673439767747,-0.015793240493068954,0.7
final_metric_transfer,step143000,103,0.24528301886792453,0.1996061582527748,-0.00013197248426541542,0.004340838692461406,0.0044728111767268226,0.2656023222060958,0.07619272284795442,0.20325900514579756,0.23369309935347662,0.1894095993581414,0.01
within_checkpoint,step0,104,0.18867924528301888,0.1510989010989011,12578.6215580569,12578.647811683417,0.026253626517097933,-0.019659585697321562,-0.010707417225427517,0.013986013986013976,0.02064652328803268,-0.008952168471894045,0.7
within_checkpoint,step143000,104,0.22641509433962265,0.17094017094017094,12578.616645352562,12578.616814052306,0.0001686997420796251,0.08615912389497296,0.015066884706678874,0.0728987993138936,0.08531468531468528,0.07109223918829409,0.02
final_metric_transfer,step0,104,0.07547169811320754,0.027210884353741496,12578.617171699498,12578.615797270431,-0.001374429061956238,-0.03971500197915293,-0.030525601709135153,0.013748515635308083,0.02574746008708274,-0.00918940027001778,0.64
final_metric_transfer,step143000,104,0.22641509433962265,0.17094017094017094,12578.616645352562,12578.616814052306,0.0001686997420796251,0.08615912389497296,0.015066884706678874,0.0728987993138936,0.08531468531468528,0.07109223918829409,0.02
within_checkpoint,step0,105,0.3018867924528302,0.26623376623376627,0.002487366845457895,0.06246801190873595,0.05998064506395294,-0.00026388705633989437,0.008323104377992885,0.030333817126269955,0.033260324581079276,-0.008586991434332778,0.72
within_checkpoint,step143000,105,0.1320754716981132,0.14285714285714285,0.0013507653146486568,0.0051036638660424336,0.0037528985537080436,0.16901965958569734,0.037406656617634315,0.1408761050270484,0.15307824251220475,0.13161300296806303,0.01
final_metric_transfer,step0,105,0.16981132075471697,0.04591836734693878,0.0013469014137047072,0.0024042321221371924,0.0010573306997902067,0.16611690196595855,0.03635777220682881,0.1247526058846813,0.1427945639266394,0.12975912975912973,0.01
final_metric_transfer,step143000,105,0.1320754716981132,0.14285714285714285,0.0013507653146486568,0.0051036638660424336,0.0037528985537080436,0.16901965958569734,0.037406656617634315,0.1408761050270484,0.15307824251220475,0.13161300296806303,0.01
within_checkpoint,step0,106,0.32075471698113206,0.2958485958485958,0.014542993330303613,0.10556500793249717,0.09102201460219357,0.07454809341601798,0.017327250603408412,0.053476711967278,0.06297928486607732,0.05722084281260957,0.01
within_checkpoint,step143000,106,0.2830188679245283,0.27334267040149396,0.0008563183759315049,0.004297402420669942,0.0034410840447384365,0.014909618683203568,0.009811800549364872,0.057606544398997206,0.06948146193429211,0.005097818133838696,0.53
final_metric_transfer,step0,106,0.1509433962264151,0.07170868347338935,-7.343135348175405e-05,-0.0023064981143406963,-0.0022330667608589424,0.03786779258477372,-0.027741459988458284,0.04149623960944713,0.05100936799050006,0.065609252573232,0.08
final_metric_transfer,step143000,106,0.2830188679245283,0.27334267040149396,0.0008563183759315049,0.004297402420669942,0.0034410840447384365,0.014909618683203568,0.009811800549364872,0.057606544398997206,0.06948146193429211,0.005097818133838696,0.53
within_checkpoint,step0,107,0.22641509433962265,0.1880024737167594,12578.622072699318,12578.672122872593,0.0500501732717872,0.056999604169415484,0.03184103870210217,0.06440163609974928,0.07684654967673833,0.025158565467313314,0.11
within_checkpoint,step143000,107,0.1509433962264151,0.1425465838509317,12578.616618444908,12578.619141660789,0.002523215873513785,0.13233935875445307,0.03894466501670619,0.1117561683599419,0.12638606676342523,0.09339469373774689,0.01
final_metric_transfer,step0,107,0.07547169811320754,0.0565284178187404,12578.617200043987,12578.615409051245,-0.001790992746896781,-0.028895632669217578,-0.02069247695319736,0.02889563266921757,0.04226678981395961,-0.008203155716020219,0.62
final_metric_transfer,step143000,107,0.1509433962264151,0.1425465838509317,12578.616618444908,12578.619141660789,0.002523215873513785,0.13233935875445307,0.03894466501670619,0.1117561683599419,0.12638606676342523,0.09339469373774689,0.01
within_checkpoint,step0,108,0.11320754716981132,0.106265664160401,0.0026791979032454046,0.013219630755578665,0.01054043285233326,-0.20701939569864097,-0.07039387142303094,0.005185380657078722,0.02385802876368912,-0.13662552427561003,1.0
within_checkpoint,step143000,108,0.24528301886792453,0.2109343737494998,4.764830278632069e-05,0.0025402549036424725,0.002492606600856153,0.03852751022562343,0.010410211096317443,0.09832431719224172,0.12250956590579222,0.028117299129305988,0.27
final_metric_transfer,step0,108,0.1509433962264151,0.0652014652014652,0.0005146310553051608,0.0015830134324305394,0.0010683823771253794,0.0695342393455601,0.03465849949554924,0.1118221401240269,0.11799709724238022,0.03487573985001086,0.25
final_metric_transfer,step143000,108,0.24528301886792453,0.2109343737494998,4.764830278632069e-05,0.0025402549036424725,0.002492606600856153,0.03852751022562343,0.010410211096317443,0.09832431719224172,0.12250956590579222,0.028117299129305988,0.27
within_checkpoint,step0,109,0.32075471698113206,0.2816326530612245,56603.77435382765,56603.82894541613,0.054591588490623746,0.18696397941680962,0.05909470746520489,0.1400844438580287,0.16620926243567752,0.12786927195160472,0.01
within_checkpoint,step143000,109,0.11320754716981132,0.10410641989589357,56603.774163648006,56603.77768367083,0.0035200228335795698,0.18102652064916216,0.049028349199875795,0.1683467475920306,0.18948146193429208,0.13199817144928638,0.04
final_metric_transfer,step0,109,0.07547169811320754,0.04081632653061224,56603.773770962194,56603.77201462818,-0.001756333984902467,-0.06636759466948146,-0.03475579118803818,0.013075603641641346,0.018830980340414284,-0.031611803481443275,0.84
final_metric_transfer,step143000,109,0.11320754716981132,0.10410641989589357,56603.774163648006,56603.77768367083,0.0035200228335795698,0.18102652064916216,0.049028349199875795,0.1683467475920306,0.18948146193429208,0.13199817144928638,0.04
within_checkpoint,step0,110,0.1509433962264151,0.17864992150706435,0.006359032139190752,0.032472979806252245,0.026113947667061495,0.07441614988784799,0.019321063917976437,0.05666974534899063,0.069745348990632,0.05509508596987155,0.01
within_checkpoint,step143000,110,0.09433962264150944,0.1142857142857143,0.000557616151114809,0.003476598116663285,0.002918981965548475,0.05726349122575536,0.010933986920264795,0.06675023090117428,0.08016624884549405,0.046329504305490564,0.12
final_metric_transfer,step0,110,0.16981132075471697,0.041474654377880185,0.0017747723663670218,-0.0008649647522922427,-0.0026397371186592643,-0.14936007388837574,-0.019041183706706863,0.05663016229053964,0.06943924000527762,-0.13031889018166887,1.0
final_metric_transfer,step143000,110,0.09433962264150944,0.1142857142857143,0.000557616151114809,0.003476598116663285,0.002918981965548475,0.05726349122575536,0.010933986920264795,0.06675023090117428,0.08016624884549405,0.046329504305490564,0.12
within_checkpoint,step0,111,0.3584905660377358,0.37250233426704016,0.018733264304704317,0.14983468698673158,0.13110142268202726,0.1950125346351761,0.08032428787145769,0.1609842987201478,0.16917799181950116,0.1146882467637184,0.02
within_checkpoint,step143000,111,0.3584905660377358,0.335593886677478,-0.0011967959316543076,0.012937765227810344,0.01413456115946465,0.2607204116638079,0.08988153070485831,0.19741390684786908,0.21207283282754977,0.17083888095894956,0.01
final_metric_transfer,step0,111,0.1320754716981132,0.07209199469261389,0.0008690906172991005,0.00037938824287263035,-0.0004897023744264701,0.00026388705633989437,0.025426450812385627,0.06122179707085366,0.06898007652724632,-0.025162563756045732,0.85
final_metric_transfer,step143000,111,0.3584905660377358,0.335593886677478,-0.0011967959316543076,0.012937765227810344,0.01413456115946465,0.2607204116638079,0.08988153070485831,0.19741390684786908,0.21207283282754977,0.17083888095894956,0.01
within_checkpoint,step0,112,0.03773584905660377,0.04395604395604396,0.003282196148321424,-0.01790088619528785,-0.021183082343609265,-0.19501253463517612,-0.04790749559188668,0.042393455601002765,0.05042089985486204,-0.14710503904328945,1.0
within_checkpoint,step143000,112,0.018867924528301886,0.04081632653061224,-0.0017646480973994483,-0.0013059346218325751,0.0004587134755668736,-0.17522100540968458,-0.010828698650311002,0.09637155297532649,0.13869112020055413,-0.16439230675937358,1.0
final_metric_transfer,step0,112,0.16981132075471697,0.11600118308192842,-0.00023812039074308337,0.0007445539937933437,0.0009826743845364268,0.12283942472621716,0.03953507898619391,0.10854994062541225,0.13556141971236307,0.08330434574002324,0.04
final_metric_transfer,step143000,112,0.018867924528301886,0.04081632653061224,-0.0017646480973994483,-0.0013059346218325751,0.0004587134755668736,-0.17522100540968458,-0.010828698650311002,0.09637155297532649,0.13869112020055413,-0.16439230675937358,1.0
within_checkpoint,step0,113,0.16981132075471697,0.15651260504201683,-9433.952438224467,-9433.974458536137,-0.022020311679330818,-0.28354664203720803,-0.08737726919545101,0.016638078902229837,0.03887320226942862,-0.196169372841757,1.0
within_checkpoint,step143000,113,0.03773584905660377,0.03361344537815126,-9433.961351461627,-9433.963430256379,-0.002078794742776693,-0.1727140783744557,-0.07023660539955565,0.0065443989972291785,0.0311571447420504,-0.10247747297490006,0.99
final_metric_transfer,step0,113,0.1509433962264151,0.03747072599531616,-9433.961420244563,-9433.961805501283,-0.00038525671310248944,0.14870035624752606,0.017339245469605673,0.11075339754585033,0.13707085367462724,0.1313611107779204,0.01
final_metric_transfer,step143000,113,0.03773584905660377,0.03361344537815126,-9433.961351461627,-9433.963430256379,-0.002078794742776693,-0.1727140783744557,-0.07023660539955565,0.0065443989972291785,0.0311571447420504,-0.10247747297490006,0.99
within_checkpoint,step0,114,0.05660377358490566,0.07792207792207792,0.0034139710495699597,-0.030337807088762263,-0.033751778138332224,-0.33619210977701547,-0.1511739642099848,-0.05292254914896428,-0.03014117957514201,-0.18501814556703067,1.0
within_checkpoint,step143000,114,0.09433962264150944,0.12380952380952381,-0.002302646982109365,0.0003383660961383964,0.002641013078247762,-0.16057527378282094,0.03221021402839585,0.14965034965034965,0.18423538725425512,-0.1927854878112168,1.0
final_metric_transfer,step0,114,0.1320754716981132,0.06031746031746032,-0.0003746950966427799,-0.0006817611845918664,-0.00030706608794908664,-0.07745085103575668,-0.00035851322300722085,0.08214804063860662,0.09856445441351099,-0.07709233781274946,0.95
final_metric_transfer,step143000,114,0.09433962264150944,0.12380952380952381,-0.002302646982109365,0.0003383660961383964,0.002641013078247762,-0.16057527378282094,0.03221021402839585,0.14965034965034965,0.18423538725425512,-0.1927854878112168,1.0
within_checkpoint,step0,115,0.1509433962264151,0.12364243943191311,69182.38447510956,69182.3789986586,-0.005476450944248102,-0.1813897380839589,-0.04379945152634164,0.028611953205489444,0.041783357216575376,-0.13759028655761724,1.0
within_checkpoint,step143000,115,0.0,0.0,69182.3903490393,69182.38846911631,-0.0018799229724055229,-0.1578011598785669,-0.029351087071163892,0.05981691178715527,0.07159085725404792,-0.128450072807403,1.0
final_metric_transfer,step0,115,0.24528301886792453,0.1525261324041812,69182.38978623899,69182.3916629765,0.0018767374978366507,0.12626966920922586,0.03840099787971296,0.11160189293834283,0.13077322025019436,0.0878686713295129,0.03
final_metric_transfer,step143000,115,0.0,0.0,69182.3903490393,69182.38846911631,-0.0018799229724055229,-0.1578011598785669,-0.029351087071163892,0.05981691178715527,0.07159085725404792,-0.128450072807403,1.0
within_checkpoint,step0,116,0.07547169811320754,0.06015037593984962,0.002130173866546714,-0.06994266549425494,-0.07207283936080167,-0.48542024013722135,-0.1856405458463778,-0.023842195540308798,0.02354928090777144,-0.29977969429084356,1.0
within_checkpoint,step143000,116,0.07547169811320754,0.06722689075630252,0.0003099651594938284,-0.0034704912724103846,-0.0037804564319042127,-0.25900514579759853,-0.04412511445101496,0.07543211505475653,0.09526850507982572,-0.21488003134658357,1.0
final_metric_transfer,step0,116,0.1509433962264151,0.10857142857142858,-4.597772084180326e-05,-0.000325760194332779,-0.0002797824734909759,-0.01728460219026257,-0.0314558702208788,0.010449927431059465,0.018688481329990726,0.014171268030616229,0.31
final_metric_transfer,step143000,116,0.07547169811320754,0.06722689075630252,0.0003099651594938284,-0.0034704912724103846,-0.0037804564319042127,-0.25900514579759853,-0.04412511445101496,0.07543211505475653,0.09526850507982572,-0.21488003134658357,1.0
within_checkpoint,step0,117,0.18867924528301888,0.1572701807995926,12578.623066930308,12578.649202564886,0.026135634578825815,-0.16479746668425913,-0.02756686804714249,0.04408233276157804,0.07032853938514315,-0.13723059863711665,1.0
within_checkpoint,step143000,117,0.07547169811320754,0.05714285714285715,12578.616007568102,12578.614864947987,-0.0011426201063848163,-0.14408233276157806,-0.016250378171475944,0.07702863174561286,0.09475656419052642,-0.1278319545901021,0.99
final_metric_transfer,step0,117,0.09433962264150944,0.044534412955465584,12578.615686511046,12578.616513075129,0.0008265640797420323,-0.007124950521176935,-0.007678047129162052,0.04025597044464969,0.05756168359941945,0.0005530966079851174,0.48
final_metric_transfer,step143000,117,0.07547169811320754,0.05714285714285715,12578.616007568102,12578.614864947987,-0.0011426201063848163,-0.14408233276157806,-0.016250378171475944,0.07702863174561286,0.09475656419052642,-0.1278319545901021,0.99
within_checkpoint,step0,118,0.0,0.0,-31446.548142986052,-31446.618716573605,-0.0705735875622257,-0.39741390684786904,-0.19105289602716707,-0.05209130492149361,-0.04525926903285396,-0.20636101082070196,1.0
within_checkpoint,step143000,118,0.03773584905660377,0.04395604395604396,-31446.5402713175,-31446.54779891971,-0.007527602215817401,-0.3889695210449927,-0.05214834717407617,0.12402691647974669,0.17248713550600317,-0.33682117387091653,1.0
final_metric_transfer,step0,118,0.07547169811320754,0.02077922077922078,-31446.54384918816,-31446.545384792247,-0.0015356040888192966,-0.15991555614197125,-0.01934638641328178,0.06925715793640319,0.09751154505871486,-0.14056916972868946,0.99
final_metric_transfer,step143000,118,0.03773584905660377,0.04395604395604396,-31446.5402713175,-31446.54779891971,-0.007527602215817401,-0.3889695210449927,-0.05214834717407617,0.12402691647974669,0.17248713550600317,-0.33682117387091653,1.0
within_checkpoint,step0,119,0.03773584905660377,0.04395604395604396,-9433.973615574228,-9434.030708200906,-0.05709262667711,-0.33144214276289746,-0.1264991916792946,-0.009763821084575828,0.04096846549676737,-0.20494295108360286,1.0
within_checkpoint,step143000,119,0.1509433962264151,0.13865546218487396,-9433.962513088176,-9433.963710460088,-0.001197371911254981,-0.21176936271275895,-0.014452481004796612,0.09420767911333947,0.14963187755640578,-0.19731688170796233,1.0
final_metric_transfer,step0,119,0.1320754716981132,0.08548804137039433,-9433.960645895937,-9433.962467190342,-0.0018212944141720601,-0.03272199498614595,-0.020136714819390635,0.048476052249637115,0.06655495447948272,-0.012585280166755312,0.62
final_metric_transfer,step143000,119,0.1509433962264151,0.13865546218487396,-9433.962513088176,-9433.963710460088,-0.001197371911254981,-0.21176936271275895,-0.014452481004796612,0.09420767911333947,0.14963187755640578,-0.19731688170796233,1.0
within_checkpoint,step0,120,0.16981132075471697,0.15306122448979592,56603.77551089745,56603.78879090068,0.013280003224061445,-0.11320754716981132,-0.04613092263178028,0.023156089193825037,0.028914104763161367,-0.06707662453803104,0.97
within_checkpoint,step143000,120,0.16981132075471697,0.16071428571428573,56603.773806939564,56603.7711789562,-0.002627983342426925,-0.21519989444517743,-0.03389082805892411,0.07222588732022693,0.0915740862910674,-0.18130906638625333,1.0
final_metric_transfer,step0,120,0.11320754716981132,0.05477746654217242,56603.773851823375,56603.773163669815,-0.0006881535634926365,-0.010819369309935352,-0.007134279861552588,0.035492809077714724,0.04398205568016888,-0.003685089448382764,0.54
final_metric_transfer,step143000,120,0.16981132075471697,0.16071428571428573,56603.773806939564,56603.7711789562,-0.002627983342426925,-0.21519989444517743,-0.03389082805892411,0.07222588732022693,0.0915740862910674,-0.18130906638625333,1.0
within_checkpoint,step0,121,0.11320754716981132,0.0935672514619883,12578.614865234214,12578.603936991576,-0.010928242649195596,-0.2446233012270748,-0.07040186800049578,0.04662884285525793,0.05848528829660903,-0.17422143322657901,1.0
within_checkpoint,step143000,121,0.07547169811320754,0.06015037593984962,12578.616447249417,12578.612176150918,-0.0042710984956863055,-0.31033117825570655,-0.07247431432680146,0.06963979416809603,0.10417733210186023,-0.2378568639289051,1.0
final_metric_transfer,step0,121,0.16981132075471697,0.0777310924369748,12578.617053573265,12578.617660347394,0.0006067741254440199,0.10383955666974536,0.059426565429995956,0.10844438580287635,0.11367990500065972,0.0444129912397494,0.07
final_metric_transfer,step143000,121,0.07547169811320754,0.06015037593984962,12578.616447249417,12578.612176150918,-0.0042710984956863055,-0.31033117825570655,-0.07247431432680146,0.06963979416809603,0.10417733210186023,-0.2378568639289051,1.0
within_checkpoint,step0,122,0.03773584905660377,0.03809523809523809,-0.000277341095085885,-0.04375377452760866,-0.04347643343252278,-0.37247658002374984,-0.16055661510206964,-0.0592030610898536,-0.02683467475920319,-0.2119199649216802,1.0
within_checkpoint,step143000,122,0.03773584905660377,0.05194805194805195,0.00011935731360494249,-0.006459652277224399,-0.00657900959082934,-0.48607995777807106,-0.076230040209457,0.1282227206755508,0.19394379205699933,-0.40984991756861405,1.0
final_metric_transfer,step0,122,0.2641509433962264,0.1815195924091937,0.0006681431883454282,0.0002560979299774421,-0.00041204525836798596,-0.0051457975986278,-0.030940090974396293,0.015740862910674218,0.024425385934819896,0.025794293375768492,0.2
final_metric_transfer,step143000,122,0.03773584905660377,0.05194805194805195,0.00011935731360494249,-0.006459652277224399,-0.00657900959082934,-0.48607995777807106,-0.076230040209457,0.1282227206755508,0.19394379205699933,-0.40984991756861405,1.0
within_checkpoint,step0,123,0.03773584905660377,0.03571428571428571,-0.004551204111190046,-0.016023738568171693,-0.011472534456981648,-0.12376302942340678,-0.042712385765559004,0.011690196595856968,0.020036944187887557,-0.08105064365784778,0.99
within_checkpoint,step143000,123,0.09433962264150944,0.0892049127343245,-0.0008543690208423208,0.0012129014864221534,0.0020672705072644747,0.09922153318379733,0.008753586798183713,0.0841799709724238,0.10063860667634252,0.09046794638561362,0.03
final_metric_transfer,step0,123,0.1509433962264151,0.095856524427953,-0.0001757062131315546,-0.0010263626902167757,-0.0008506564770852208,-0.0918326956062805,-0.03793176520449248,0.001530544926771338,0.006362316928354656,-0.053900930401788026,0.98
final_metric_transfer,step143000,123,0.09433962264150944,0.0892049127343245,-0.0008543690208423208,0.0012129014864221534,0.0020672705072644747,0.09922153318379733,0.008753586798183713,0.0841799709724238,0.10063860667634252,0.09046794638561362,0.03
within_checkpoint,step0,124,0.1509433962264151,0.1391941391941392,-31446.537157478928,-31446.531655520914,0.005501958005877743,0.00923604697189602,-0.029511369134010645,0.027483836917799178,0.03853542683731364,0.038747416105906665,0.13
within_checkpoint,step143000,124,0.1509433962264151,0.15252416756176151,-31446.54146810433,-31446.541701700582,-0.00023359624340823273,-0.003430531732418522,0.03517427874203174,0.08722786647314949,0.09920042221929008,-0.03860481047445026,0.89
final_metric_transfer,step0,124,0.16981132075471697,0.10760811768876286,-31446.54106690482,-31446.541986959608,-0.0009200547915884335,-0.10819369309935346,-0.03482776038522179,0.027088006333289352,0.034479482781369516,-0.07336593271413167,0.95
final_metric_transfer,step143000,124,0.1509433962264151,0.15252416756176151,-31446.54146810433,-31446.541701700582,-0.00023359624340823273,-0.003430531732418522,0.03517427874203174,0.08722786647314949,0.09920042221929008,-0.03860481047445026,0.89
within_checkpoint,step0,125,0.07547169811320754,0.05442176870748299,0.0028019231807924236,-0.005946698289146302,-0.00874862146993873,-0.2055680168887716,-0.048700489523817135,0.032761578044596916,0.03877556405858277,-0.15686752736495446,1.0
within_checkpoint,step143000,125,0.03773584905660377,0.04081632653061224,-0.00013858397543985084,-0.0021893806976642865,-0.002050796722224436,-0.2971368254387122,-0.032003635777220686,0.10255970444649687,0.13296477107797847,-0.2651331896614915,1.0
final_metric_transfer,step0,125,0.16981132075471697,0.09635854341736695,0.0012464328597479126,0.0019380606926647029,0.0006916278329167905,0.05541628183137616,-0.007816654471886031,0.04893785459823193,0.07722126929674092,0.0632329363032622,0.05
final_metric_transfer,step143000,125,0.03773584905660377,0.04081632653061224,-0.00013858397543985084,-0.0021893806976642865,-0.002050796722224436,-0.2971368254387122,-0.032003635777220686,0.10255970444649687,0.13296477107797847,-0.2651331896614915,1.0
within_checkpoint,step0,126,0.3584905660377358,0.318191632928475,56603.77799776784,56603.823106394884,0.045108627065054314,0.029951180894577108,0.010624785924957449,0.04978229317851959,0.05555086423010951,0.01932639496961966,0.24
within_checkpoint,step143000,126,0.22641509433962265,0.17483793517406962,56603.77377259006,56603.77216103536,-0.0016115547017938854,-0.11558253067687027,-0.0017525832277118724,0.061023881778598715,0.07551655891278523,-0.11382994744915839,1.0
final_metric_transfer,step0,126,0.11320754716981132,0.03498542274052478,56603.7733501055,56603.7739617947,0.0006116892029937554,-0.07402031930333816,-0.009012142802880367,0.04359414170734925,0.05107006201345822,-0.06500817650045779,0.96
final_metric_transfer,step143000,126,0.22641509433962265,0.17483793517406962,56603.77377259006,56603.77216103536,-0.0016115547017938854,-0.11558253067687027,-0.0017525832277118724,0.061023881778598715,0.07551655891278523,-0.11382994744915839,1.0
within_checkpoint,step0,127,0.3018867924528302,0.25170068027210885,0.007183907665829855,0.149224700680876,0.14204079301504619,0.25808154110040904,0.07728692119772737,0.17846681620266522,0.2195355587808418,0.18079461990268167,0.01
within_checkpoint,step143000,127,0.3018867924528302,0.2698412698412698,0.0019313162471866552,0.0037945062728342365,0.0018631900256475824,0.15345032326164404,-0.002688182791098741,0.08403483309143685,0.1205409684654967,0.1561385060527428,0.01
final_metric_transfer,step0,127,0.09433962264150944,0.04346566212691973,-0.0011977983789508617,0.0004573018077059919,0.0016551001866568534,0.18221401240269164,0.03781448206834141,0.15903153450323262,0.1693706293706294,0.1443995303343502,0.01
final_metric_transfer,step143000,127,0.3018867924528302,0.2698412698412698,0.0019313162471866552,0.0037945062728342365,0.0018631900256475824,0.15345032326164404,-0.002688182791098741,0.08403483309143685,0.1205409684654967,0.1561385060527428,0.01
within_checkpoint,step0,128,0.09433962264150944,0.09285714285714286,-9433.954605777868,-9433.980815636,-0.02620985812966796,-0.17482517482517482,-0.06246259934081546,0.016189470906452,0.03271671724501911,-0.11236257548435935,1.0
within_checkpoint,step143000,128,0.07547169811320754,0.08311688311688312,-9433.961498029712,-9433.96311614676,-0.001618117042698318,-0.1467212033249769,-0.021093638589350424,0.056511413115186676,0.06791133394906977,-0.12562756473562647,1.0
final_metric_transfer,step0,128,0.11320754716981132,0.05194805194805195,-9433.961421234822,-9433.962550918244,-0.0011296834183459796,0.0704578440427497,0.011381795258296114,0.08462857896820161,0.11070325900514569,0.059076048784453584,0.13
final_metric_transfer,step143000,128,0.07547169811320754,0.08311688311688312,-9433.961498029712,-9433.96311614676,-0.001618117042698318,-0.1467212033249769,-0.021093638589350424,0.056511413115186676,0.06791133394906977,-0.12562756473562647,1.0
within_checkpoint,step0,129,0.05660377358490566,0.03896103896103896,56603.76922947494,56603.71856195436,-0.05066752058992669,-0.2840744161498879,-0.1263779102544111,-0.051180894577121,-0.024385802876369007,-0.15769650589547676,1.0
within_checkpoint,step143000,129,0.0,0.0,56603.77310668424,56603.76926666811,-0.0038400161208527557,-0.3541364296081277,-0.07654323949349678,0.06957382240401108,0.10144873993930571,-0.2775931901146309,1.0
final_metric_transfer,step0,129,0.11320754716981132,0.06060606060606061,56603.776117739835,56603.77135452846,-0.004763211383477698,-0.15991555614197125,-0.09185401981285343,-0.041878875841139994,-0.019963055812112464,-0.06806153632911782,0.97
final_metric_transfer,step143000,129,0.0,0.0,56603.77310668424,56603.76926666811,-0.0038400161208527557,-0.3541364296081277,-0.07654323949349678,0.06957382240401108,0.10144873993930571,-0.2775931901146309,1.0
within_checkpoint,step0,130,0.07547169811320754,0.07619047619047618,12578.605258960382,12578.576661479738,-0.028597480643816387,-0.2692967409948542,-0.09158879999360274,0.0020979020979020727,0.024855521836653766,-0.17770794100125142,1.0
within_checkpoint,step143000,130,0.11320754716981132,0.10714285714285714,12578.616442412833,12578.614151498712,-0.0022909141319094814,-0.23710252012138802,-0.03268467762464332,0.06863702335400447,0.09808417997097227,-0.20441784249674472,1.0
final_metric_transfer,step0,130,0.1509433962264151,0.06926406926406926,12578.617142303092,12578.616183764749,-0.000958538336397559,-0.006729119936667107,-0.017697758692612895,0.03158728064388439,0.038421955403087474,0.010968638755945788,0.41
final_metric_transfer,step143000,130,0.11320754716981132,0.10714285714285714,12578.616442412833,12578.614151498712,-0.0022909141319094814,-0.23710252012138802,-0.03268467762464332,0.06863702335400447,0.09808417997097227,-0.20441784249674472,1.0
within_checkpoint,step0,131,0.09433962264150944,0.0752648885641213,0.002006281587660208,0.047000676184238074,0.04499439459657784,-0.06676342525399129,-1.9991443662111815e-05,0.04772397413906847,0.0534819897084048,-0.06674343381032917,1.0
within_checkpoint,step143000,131,0.16981132075471697,0.15357142857142855,0.0005209070192539961,0.0044539239709562185,0.0039330169517022215,0.023222060957910007,0.044607574624727295,0.13247130228262305,0.1605805515239477,-0.021385513666817287,0.63
final_metric_transfer,step0,131,0.18867924528301888,0.08074534161490685,0.0016185437353109914,-0.00031143051437360357,-0.0019299742496845945,-0.02163873861987068,-0.038716762558958104,-0.004063860667634253,0.006771341865681478,0.017078023939087424,0.28
final_metric_transfer,step143000,131,0.16981132075471697,0.15357142857142855,0.0005209070192539961,0.0044539239709562185,0.0039330169517022215,0.023222060957910007,0.044607574624727295,0.13247130228262305,0.1605805515239477,-0.021385513666817287,0.63
within_checkpoint,step0,132,0.0,0.0,-0.008288082915799348,-0.12719790213669072,-0.1189098192208914,-0.6911202005541629,-0.2323712117880214,-0.02191582002902759,0.05383295949333659,-0.4587489887661415,1.0
within_checkpoint,step143000,132,0.0,0.0,-2.1283845149266864e-05,-0.005936255119206023,-0.005914971274056756,-0.553503100672912,-0.0775414789136916,0.1707745085103575,0.23922681092492395,-0.47596162175922035,1.0
final_metric_transfer,step0,132,0.1509433962264151,0.0629399585921325,0.002178512150693835,0.0005156415303778742,-0.0016628706203159606,-0.04565246074680035,-0.01850141472782982,0.029225491489642423,0.05426309539517086,-0.027151046018970528,0.77
final_metric_transfer,step143000,132,0.0,0.0,-2.1283845149266864e-05,-0.005936255119206023,-0.005914971274056756,-0.553503100672912,-0.0775414789136916,0.1707745085103575,0.23922681092492395,-0.47596162175922035,1.0
within_checkpoint,step0,133,0.3018867924528302,0.2540184453227931,0.00774826087932249,0.03505141913455587,0.027303158255233367,-0.07692307692307691,-0.017837698798247682,0.022720675550864218,0.04408761050270484,-0.05908537812482923,0.99
within_checkpoint,step143000,133,0.3018867924528302,0.2775224775224775,-0.00054238696272737,0.004718119964638327,0.005260506927365696,0.17495711835334474,0.0519577620778307,0.13125742182345956,0.1643778862646787,0.12299935627551403,0.01
final_metric_transfer,step0,133,0.22641509433962265,0.13997893997893998,0.0013033507040389144,0.001834470046256332,0.0005311193422174173,0.018208206887452165,0.019847505267745404,0.0759466948146193,0.0873993930597704,-0.0016392983802932387,0.52
final_metric_transfer,step143000,133,0.3018867924528302,0.2775224775224775,-0.00054238696272737,0.004718119964638327,0.005260506927365696,0.17495711835334474,0.0519577620778307,0.13125742182345956,0.1643778862646787,0.12299935627551403,0.01
within_checkpoint,step0,134,0.16981132075471697,0.17346938775510207,-0.005080643062020263,0.015539614598134615,0.02062025766015489,-0.2169151603113867,-0.08120257862967983,-0.0017416545718432794,0.010175484892465968,-0.13571258168170686,1.0
within_checkpoint,step143000,134,0.24528301886792453,0.21020408163265308,0.0005540565514618835,0.0006809151699398915,0.00012685861847800848,-0.1274574482121652,-0.01603313781701432,0.06441483045256628,0.0773505739543475,-0.11142431039515088,0.98
final_metric_transfer,step0,134,0.16981132075471697,0.07796964939822083,-0.0003398726767155278,-0.0014447536109094873,-0.0011048809341939597,-0.09394379205699961,-0.05870154240651667,-0.021440823327615797,-0.012249637155297534,-0.03524224965048294,0.95
final_metric_transfer,step143000,134,0.24528301886792453,0.21020408163265308,0.0005540565514618835,0.0006809151699398915,0.00012685861847800848,-0.1274574482121652,-0.01603313781701432,0.06441483045256628,0.0773505739543475,-0.11142431039515088,0.98
within_checkpoint,step0,135,0.16981132075471697,0.19582289055973265,-0.003209887028471868,-0.009769695119485122,-0.006559808091013254,-0.09302018735981002,-0.03562208708006307,-0.004420108193693119,0.008175221005409636,-0.05739810027974695,1.0
within_checkpoint,step143000,135,0.03773584905660377,0.05194805194805195,-0.0021179307726713037,-0.0013837358093469858,0.0007341949633243173,-0.09328407441614989,0.014704373194939233,0.0746404538857369,0.09966750230901164,-0.10798844761108913,0.99
final_metric_transfer,step0,135,0.11320754716981132,0.029055690072639227,-0.00016704425599343845,-0.00035342526929804636,-0.00018638101330460807,0.13986013986013984,0.025663682610509362,0.13298588204248582,0.14872674495316004,0.11419645724963048,0.03
final_metric_transfer,step143000,135,0.03773584905660377,0.05194805194805195,-0.0021179307726713037,-0.0013837358093469858,0.0007341949633243173,-0.09328407441614989,0.014704373194939233,0.0746404538857369,0.09966750230901164,-0.10798844761108913,0.99
within_checkpoint,step0,136,0.07547169811320754,0.06722689075630252,0.007751285795643233,0.008261922131006596,0.0005106363353633653,-0.09196463913445045,-0.05353308783840516,-0.008774244623301236,-0.0013036020583190408,-0.038431551296045294,0.93
within_checkpoint,step143000,136,0.03773584905660377,0.027210884353741496,0.0019346750701947487,-0.0028100992338359436,-0.0047447743040306915,-0.2962132207415226,-0.09566972002649533,0.007586752869771706,0.05104895104895093,-0.2005435007150273,1.0
final_metric_transfer,step0,136,0.1320754716981132,0.07760446075663466,-0.0002458249489701608,-0.0014290942446621218,-0.0011832692956919605,0.03377754321150548,-0.004891239882663553,0.04559968333553239,0.0555772529357435,0.03866878309416903,0.15
final_metric_transfer,step143000,136,0.03773584905660377,0.027210884353741496,0.0019346750701947487,-0.0028100992338359436,-0.0047447743040306915,-0.2962132207415226,-0.09566972002649533,0.007586752869771706,0.05104895104895093,-0.2005435007150273,1.0
within_checkpoint,step0,137,0.07547169811320754,0.08163265306122448,0.0032569006054601795,-0.028374097488140123,-0.031630998093600295,-0.3984694550732286,-0.14992916365129058,-0.02662620398469457,0.013645599683335443,-0.24854029142193804,1.0
within_checkpoint,step143000,137,0.1509433962264151,0.12698412698412698,0.0003555633958438226,-0.0018274077308470108,-0.0021829711266908337,-0.346351761446101,-0.06872525225869994,0.07902097902097902,0.12450719092228514,-0.27762650918740106,1.0
final_metric_transfer,step0,137,0.05660377358490566,0.03333333333333333,-0.0004566827633468933,-0.0012213791026449404,-0.0007646963392980468,-0.02031930333817127,-0.00075967485916028,0.060839160839160834,0.08619870695342394,-0.01955962847901099,0.7
final_metric_transfer,step143000,137,0.1509433962264151,0.12698412698412698,0.0003555633958438226,-0.0018274077308470108,-0.0021829711266908337,-0.346351761446101,-0.06872525225869994,0.07902097902097902,0.12450719092228514,-0.27762650918740106,1.0
within_checkpoint,step0,138,0.1509433962264151,0.14492112634527496,0.0012101937854303213,-4.578214444348836e-05,-0.0012559759298738083,-0.227998416677662,-0.07828116232918976,-0.0016756828077583346,0.015260588468135487,-0.14971725434847222,1.0
within_checkpoint,step143000,138,0.1320754716981132,0.1213032581453634,0.0008483744147291048,-0.0011425622949879793,-0.001990936709717084,-0.21414434621981795,-0.07298876081037317,0.03396226415094335,0.052202137485156334,-0.14115558540944478,0.99
final_metric_transfer,step0,138,0.09433962264150944,0.045907580791301715,-0.0007956808175252592,-0.00048188431767282974,0.0003137964998524291,0.04763161366934953,-0.004316819068105518,0.08416677661960677,0.10083916083916081,0.05194843273745505,0.19
final_metric_transfer,step143000,138,0.1320754716981132,0.1213032581453634,0.0008483744147291048,-0.0011425622949879793,-0.001990936709717084,-0.21414434621981795,-0.07298876081037317,0.03396226415094335,0.052202137485156334,-0.14115558540944478,0.99
within_checkpoint,step0,139,0.1320754716981132,0.11156462585034013,-40880.4920013208,-40880.44538753024,0.04661379056375418,0.17917931125478292,0.053049294901782035,0.13747196200026388,0.16264414830452562,0.1261300163530009,0.01
within_checkpoint,step143000,139,0.2830188679245283,0.28526077097505664,-40880.50296362351,-40880.50019655252,0.0027670709972252294,0.26771341865681486,0.028998255413349754,0.20325900514579756,0.2256287109117297,0.23871516324346512,0.01
final_metric_transfer,step0,139,0.09433962264150944,0.048530416951469584,-40880.50295242918,-40880.502170289954,0.0007821392313597677,-0.00831244227470643,-0.009645205185513933,0.02204776355719752,0.03039715001979152,0.0013327629108075036,0.52
final_metric_transfer,step143000,139,0.2830188679245283,0.28526077097505664,-40880.50296362351,-40880.50019655252,0.0027670709972252294,0.26771341865681486,0.028998255413349754,0.20325900514579756,0.2256287109117297,0.23871516324346512,0.01
within_checkpoint,step0,140,0.2641509433962264,0.25432900432900435,-0.0044743761764654754,0.04704558170978408,0.05151995788624954,-0.0010555482253595597,0.013226339126853707,0.06019263755112808,0.06776619606808285,-0.014281887352213266,0.69
within_checkpoint,step143000,140,0.18867924528301888,0.1859410430839002,0.0013912354413084691,0.004719286881609749,0.0033280514403012805,0.023881778598759736,0.021839985819402625,0.07714738092096583,0.08215595725029687,0.0020417927793571107,0.56
final_metric_transfer,step0,140,0.16981132075471697,0.1004501800720288,-0.0006122405109949007,-0.000957697397922639,-0.0003454568869277384,-0.03522892202137483,0.0233966528992258,0.07157936403219418,0.09384615384615383,-0.05862557492060062,0.98
final_metric_transfer,step143000,140,0.18867924528301888,0.1859410430839002,0.0013912354413084691,0.004719286881609749,0.0033280514403012805,0.023881778598759736,0.021839985819402625,0.07714738092096583,0.08215595725029687,0.0020417927793571107,0.56
within_checkpoint,step0,141,0.1509433962264151,0.130166849348435,-0.004584291003587588,0.006080158565260655,0.010664449568848244,-0.14223512336719882,-0.01519216442029478,0.06403219422087346,0.07431587280643881,-0.12704295894690404,1.0
within_checkpoint,step143000,141,0.03773584905660377,0.03361344537815126,-0.0015467461511156448,0.0007544226940294402,0.0023011688451450843,0.043673307824251224,0.05805648515768585,0.11137353212824908,0.1269164797466684,-0.014383177333434624,0.64
final_metric_transfer,step0,141,0.11320754716981132,0.029055690072639227,0.0016585773503822276,-0.0013849909849184764,-0.0030435683353007034,-0.1655891278532788,-0.07571026267424208,-0.02034569204380531,-0.001662488454941286,-0.08987886517903673,1.0
final_metric_transfer,step143000,141,0.03773584905660377,0.03361344537815126,-0.0015467461511156448,0.0007544226940294402,0.0023011688451450843,0.043673307824251224,0.05805648515768585,0.11137353212824908,0.1269164797466684,-0.014383177333434624,0.64
within_checkpoint,step0,142,0.22641509433962265,0.24024609843937575,0.001561057386599265,0.03252799723673669,0.030966939852791586,-0.015437392795883359,0.00985444896251071,0.052262831508114505,0.05794959757223908,-0.02529184175839407,0.86
within_checkpoint,step143000,142,0.33962264150943394,0.2959183673469387,0.0003797515500703247,0.003996694746855091,0.0036169432000914166,0.15978361261380133,0.05371567635718578,0.1593877820292914,0.17582002902757618,0.10606793625661556,0.06
final_metric_transfer,step0,142,0.1509433962264151,0.06324110671936758,-5.7287571484970595e-05,6.929123986754871e-05,0.0001265788204228444,-0.0009236046971895999,-0.033483002608217016,-0.0012138804591634881,0.014210317983902878,0.03255939791102742,0.06
final_metric_transfer,step143000,142,0.33962264150943394,0.2959183673469387,0.0003797515500703247,0.003996694746855091,0.0036169432000914166,0.15978361261380133,0.05371567635718578,0.1593877820292914,0.17582002902757618,0.10606793625661556,0.06
within_checkpoint,step0,143,0.22641509433962265,0.19092970521541952,56603.77718458516,56603.79686762943,0.019683044265427153,-0.13735321282491092,-0.02862908008705607,0.027153978097374305,0.04680564718300565,-0.10872413273785485,1.0
within_checkpoint,step143000,143,0.22641509433962265,0.20357142857142854,56603.773776671725,56603.7725524292,-0.001224242535774908,-0.0792980604301359,0.018873255579945118,0.07446892729911592,0.0953001715265866,-0.09817131601008103,1.0
final_metric_transfer,step0,143,0.37735849056603776,0.33420868347338933,56603.77250629231,56603.77531775042,0.002811458128685066,0.11228394247262172,0.028677059551845144,0.08082860535690718,0.09378018208206883,0.08360688292077657,0.01
final_metric_transfer,step143000,143,0.22641509433962265,0.20357142857142854,56603.773776671725,56603.7725524292,-0.001224242535774908,-0.0792980604301359,0.018873255579945118,0.07446892729911592,0.0953001715265866,-0.09817131601008103,1.0
within_checkpoint,step0,144,0.03773584905660377,0.03571428571428571,56603.7661133496,56603.74057794752,-0.025535402065849554,-0.24317192241720545,-0.1028346534349965,-0.018432510885341088,-0.013592822272067581,-0.14033726898220894,1.0
within_checkpoint,step143000,144,0.03773584905660377,0.03361344537815126,56603.77270177188,56603.772681840564,-1.9931319904008966e-05,-0.07098561815542948,0.010134329173780288,0.09406254123235253,0.11080881382768148,-0.08111994732920977,0.91
final_metric_transfer,step0,144,0.09433962264150944,0.07503607503607504,56603.773278248824,56603.77295273558,-0.00032551325643000715,-0.038263623169283556,-0.009450621800536038,0.016189470906452025,0.021147908695078498,-0.028813001368747516,0.96
final_metric_transfer,step143000,144,0.03773584905660377,0.03361344537815126,56603.77270177188,56603.772681840564,-1.9931319904008966e-05,-0.07098561815542948,0.010134329173780288,0.09406254123235253,0.11080881382768148,-0.08111994732920977,0.91
within_checkpoint,step0,145,0.24528301886792453,0.1954044775805059,0.00796942405408033,-0.0008267755825259019,-0.008796199636606222,-0.26322733869903686,-0.09630144964621808,-0.00927563003034705,0.029104103443726066,-0.1669258890528188,1.0
within_checkpoint,step143000,145,0.20754716981132076,0.18133569217160547,-5.7706609151827415e-05,-0.0009488276964682464,-0.0008911210873164192,-0.19316532524079694,-0.03375088795328932,0.06192109777015438,0.08049874653648235,-0.15941443728750762,1.0
final_metric_transfer,step0,145,0.18867924528301888,0.12162082224194025,-0.0002993245960153145,0.002698692281178808,0.002998016877194121,0.10661037076131415,0.007387504814606014,0.08638342789286184,0.09906583982055676,0.09922286594670814,0.01
final_metric_transfer,step143000,145,0.20754716981132076,0.18133569217160547,-5.7706609151827415e-05,-0.0009488276964682464,-0.0008911210873164192,-0.19316532524079694,-0.03375088795328932,0.06192109777015438,0.08049874653648235,-0.15941443728750762,1.0
within_checkpoint,step0,146,0.07547169811320754,0.08333333333333333,-31446.53791563218,-31446.568500284808,-0.03058465261838072,-0.3207547169811321,-0.10897602492799749,0.00029027576197384843,0.04964771077978619,-0.21177869205313463,1.0
within_checkpoint,step143000,146,0.16981132075471697,0.14544513457556935,-31446.5432382589,-31446.543133980544,0.00010427835500537765,-0.12824910938118486,-0.0383449217068428,0.018340150415622106,0.039722918590843044,-0.08990418767434206,0.99
final_metric_transfer,step0,146,0.1509433962264151,0.03747072599531616,-31446.54034802552,-31446.539683574556,0.0006644509640466238,0.11360337775432117,-0.012526638598679762,0.07120992215331838,0.10581607072173108,0.12613001635300092,0.01
final_metric_transfer,step143000,146,0.16981132075471697,0.14544513457556935,-31446.5432382589,-31446.543133980544,0.00010427835500537765,-0.12824910938118486,-0.0383449217068428,0.018340150415622106,0.039722918590843044,-0.08990418767434206,0.99
within_checkpoint,step0,147,0.16981132075471697,0.19590935380409064,12578.62825800623,12578.644710380408,0.016452374186702173,-0.24145665655099613,-0.09557109557109557,-0.002652064916215864,0.011117561683599378,-0.14588556097990057,0.99
within_checkpoint,step143000,147,0.22641509433962265,0.21904761904761902,12578.61694725768,12578.618037352446,0.0010900947686602754,-0.09605488850771869,-0.0046899926831316194,0.06865021770682148,0.08710647842723311,-0.09136489582458707,0.99
final_metric_transfer,step0,147,0.03773584905660377,0.017316017316017316,12578.616062532386,12578.614706491193,-0.001356041196021847,0.044728856049610764,-0.00862031050710296,0.04822535954611426,0.05614724897743765,0.05334916655671372,0.09
final_metric_transfer,step143000,147,0.22641509433962265,0.21904761904761902,12578.61694725768,12578.618037352446,0.0010900947686602754,-0.09605488850771869,-0.0046899926831316194,0.06865021770682148,0.08710647842723311,-0.09136489582458707,0.99
within_checkpoint,step0,148,0.1509433962264151,0.15362811791383219,0.0050320847146041806,0.016984817423411052,0.011952732708806882,-0.005937458767647443,0.016442296030632218,0.04480802216651273,0.05013854070457843,-0.02237975479827966,0.95
within_checkpoint,step143000,148,0.16981132075471697,0.17346938775510207,0.0013194126666458547,-0.0009888152882914206,-0.002308227954937275,-0.0040902493732682624,-0.007135612624463395,0.02239081673043935,0.02898007652724632,0.003045363251195132,0.44
final_metric_transfer,step0,148,0.16981132075471697,0.10294117647058823,0.0011685495607329064,-0.0009220265808947093,-0.002090576141627616,-0.029819237366407163,-0.05314791935718179,-0.008272859216255455,-0.002422483177200173,0.02332868199077463,0.22
final_metric_transfer,step143000,148,0.16981132075471697,0.17346938775510207,0.0013194126666458547,-0.0009888152882914206,-0.002308227954937275,-0.0040902493732682624,-0.007135612624463395,0.02239081673043935,0.02898007652724632,0.003045363251195132,0.44
within_checkpoint,step0,149,0.22641509433962265,0.19630895420369107,-0.005899372008429572,0.0018976172254054622,0.0077969892338350345,-0.1494920174165457,-0.031389232075338426,0.0306768702995118,0.04504815938778201,-0.11810278534120727,1.0
within_checkpoint,step143000,149,0.1509433962264151,0.12531328320802004,0.0005277960310233033,0.004543962678558653,0.00401616664753535,-0.0411663807890223,0.0199527935376992,0.10523815806834669,0.13869903681224433,-0.0611191743267215,0.84
final_metric_transfer,step0,149,0.07547169811320754,0.037894736842105266,-0.0013003804170391418,-0.0012983016541056442,2.078762933497391e-06,-0.05211769362712759,0.016476947866313218,0.07383559836390023,0.08222456788494523,-0.06859464149344081,0.97
final_metric_transfer,step143000,149,0.1509433962264151,0.12531328320802004,0.0005277960310233033,0.004543962678558653,0.00401616664753535,-0.0411663807890223,0.0199527935376992,0.10523815806834669,0.13869903681224433,-0.0611191743267215,0.84
within_checkpoint,step0,150,0.09433962264150944,0.08928571428571429,0.004953480711165216,-0.02391712272068379,-0.028870603431849003,-0.32075471698113206,-0.08673354470953099,0.049795487531336585,0.07497295157672514,-0.23402117227160107,1.0
within_checkpoint,step143000,150,0.1320754716981132,0.125,0.0008532232607059827,-0.0009888220597071612,-0.0018420453204131436,-0.14078374455732948,-0.02218517141330178,0.04747328143554554,0.07060298192373664,-0.11859857314402769,1.0
final_metric_transfer,step0,150,0.1509433962264151,0.03747072599531616,0.0009156260487552792,0.0003995779473287715,-0.0005160481014265076,-0.14276289747987864,-0.01758980489683749,0.05273782820952631,0.06855521836653909,-0.12517309258304116,0.99
final_metric_transfer,step143000,150,0.1320754716981132,0.125,0.0008532232607059827,-0.0009888220597071612,-0.0018420453204131436,-0.14078374455732948,-0.02218517141330178,0.04747328143554554,0.07060298192373664,-0.11859857314402769,1.0
within_checkpoint,step0,151,0.0,0.0,-0.007475225738631587,-0.09251916364978938,-0.08504393791115779,-0.6289747987861196,-0.17609129959044195,0.045019131811584547,0.12833883098034038,-0.45288349919567766,1.0
within_checkpoint,step143000,151,0.05660377358490566,0.04285714285714286,-0.0010510252753637408,-0.0031833616120544588,-0.002132336336690718,-0.3369837709460351,-0.0854580906038882,0.03908167304393714,0.10206887452170472,-0.2515256803421469,1.0
final_metric_transfer,step0,151,0.1320754716981132,0.05520061334014822,0.0017391892896603922,0.0010859018620546618,-0.0006532874276057305,0.0671592558385011,0.0187812949390994,0.07278005013854072,0.07956458635703915,0.048377960899401704,0.11
final_metric_transfer,step143000,151,0.05660377358490566,0.04285714285714286,-0.0010510252753637408,-0.0031833616120544588,-0.002132336336690718,-0.3369837709460351,-0.0854580906038882,0.03908167304393714,0.10206887452170472,-0.2515256803421469,1.0
within_checkpoint,step0,152,0.22641509433962265,0.2085658149899636,56603.77780114483,56603.81935712683,0.041555981986280396,0.0606940229581739,0.029331446141051636,0.055666974534899064,0.06521176936271275,0.03136257681712226,0.03
within_checkpoint,step143000,152,0.20754716981132076,0.1955513784461153,56603.77372480134,56603.77374353553,1.873420143425588e-05,-0.10832563662752344,-0.004171547910827499,0.08332233803931913,0.10125082464705101,-0.10415408871669594,0.99
final_metric_transfer,step0,152,0.1509433962264151,0.06722689075630252,56603.773450606095,56603.772486532616,-0.0009640734860242073,-0.12706161762765536,-0.03270600183121623,0.0422879007784668,0.05647183005673565,-0.09435561579643913,0.99
final_metric_transfer,step143000,152,0.20754716981132076,0.1955513784461153,56603.77372480134,56603.77374353553,1.873420143425588e-05,-0.10832563662752344,-0.004171547910827499,0.08332233803931913,0.10125082464705101,-0.10415408871669594,0.99
within_checkpoint,step0,153,0.18867924528301888,0.18095238095238095,-0.0031456768809593532,0.019784764630970085,0.022930441511929436,-0.16321414434621984,-0.03863146573266642,0.04558648898271535,0.07352948937854592,-0.12458267861355342,0.99
within_checkpoint,step143000,153,0.20754716981132076,0.18430692114902641,-0.0020376715153989956,0.0016745553907582306,0.003712226906157226,-0.01649294102124291,0.012114814859240246,0.07351893389629235,0.09343449003826361,-0.028607755880483157,0.77
final_metric_transfer,step0,153,0.1509433962264151,0.09819145049324078,-0.00033497197356102904,-0.0008735715889175605,-0.0005385996153565311,-0.09856181554294763,-0.019919474464929008,0.030096318775564047,0.038933896292386846,-0.07864234107801862,0.99
final_metric_transfer,step143000,153,0.20754716981132076,0.18430692114902641,-0.0020376715153989956,0.0016745553907582306,0.003712226906157226,-0.01649294102124291,0.012114814859240246,0.07351893389629235,0.09343449003826361,-0.028607755880483157,0.77
within_checkpoint,step0,154,0.07547169811320754,0.05194805194805195,12578.614995592943,12578.623581940094,0.008586347155040693,-0.04829133131019925,-0.040945142145828256,-0.010252012138804601,-0.00639662224567886,-0.007346189164370992,0.61
within_checkpoint,step143000,154,0.22641509433962265,0.17879151660664266,12578.616103294738,12578.616519011566,0.00041571683131162533,-0.03865945375379338,-0.012058838816986333,0.030030347011479084,0.03884417469323125,-0.026600614936807043,0.84
final_metric_transfer,step0,154,0.1320754716981132,0.060924369747899165,12578.614477362029,12578.61405866175,-0.000418700283930723,-0.10634648370497429,-0.03550480394391201,0.0343580947354532,0.04855785723710244,-0.07084167976106229,0.93
final_metric_transfer,step143000,154,0.22641509433962265,0.17879151660664266,12578.616103294738,12578.616519011566,0.00041571683131162533,-0.03865945375379338,-0.012058838816986333,0.030030347011479084,0.03884417469323125,-0.026600614936807043,0.84
within_checkpoint,step0,155,0.1320754716981132,0.11600429645542427,-31446.536346027136,-31446.51478131169,0.021564715454035568,-0.07995777807098563,-0.016980732246598452,0.029291463253727397,0.04456788494524342,-0.06297704582438718,1.0
within_checkpoint,step143000,155,0.20754716981132076,0.1454146876141761,-31446.541524193417,-31446.540843194547,0.0006809988709422862,-0.1200686106346484,-0.03469048580540862,0.0073888375775168205,0.036434885868848126,-0.08537812482923977,1.0
final_metric_transfer,step0,155,0.2830188679245283,0.1706959706959707,-31446.539291600646,-31446.53906036095,0.00023123970176074996,0.05699960416941548,-0.009845119622135058,0.06759466948146192,0.09124686634120593,0.06684472379155054,0.09
final_metric_transfer,step143000,155,0.20754716981132076,0.1454146876141761,-31446.541524193417,-31446.540843194547,0.0006809988709422862,-0.1200686106346484,-0.03469048580540862,0.0073888375775168205,0.036434885868848126,-0.08537812482923977,1.0
within_checkpoint,step0,156,0.05660377358490566,0.056049213943950786,-9433.970151338268,-9434.019108500965,-0.04895716270300535,-0.31006729119936666,-0.11712986841631781,-0.005990236178915442,0.02334344900382629,-0.19293742278304885,1.0
within_checkpoint,step143000,156,0.05660377358490566,0.06349206349206349,-9433.962834061194,-9433.962589644529,0.00024441668036119746,-0.09433962264150944,0.015380083990718638,0.09130492149360073,0.10853146853146847,-0.10971970663222808,0.98
final_metric_transfer,step0,156,0.018867924528301886,0.007326007326007326,-9433.96350683308,-9433.965537024793,-0.0020301917048365673,-0.25781765404406914,-0.07109623747702651,0.02119013062409286,0.03993402823591485,-0.18672141656704264,1.0
final_metric_transfer,step143000,156,0.05660377358490566,0.06349206349206349,-9433.962834061194,-9433.962589644529,0.00024441668036119746,-0.09433962264150944,0.015380083990718638,0.09130492149360073,0.10853146853146847,-0.10971970663222808,0.98
within_checkpoint,step0,157,0.3018867924528302,0.30453604366647846,0.014228052199869045,0.06879789877240118,0.05456984657253214,0.04512468663412061,0.028297222122265,0.05545586488982714,0.06388441746932311,0.016827464511855607,0.21
within_checkpoint,step143000,157,0.3018867924528302,0.33106575963718815,0.00012408859164046002,0.0030646232747126084,0.002940534683072149,0.02823591502836787,-0.008471041061092519,0.02847341337907374,0.037910014513788094,0.03670695608946039,0.06
final_metric_transfer,step0,157,0.20754716981132076,0.11880957916763545,0.0016202382321611837,0.0003240363677320021,-0.0012962018644291813,-0.012930465760654423,-0.02279957511518404,0.03682543871223116,0.047766196068082856,0.009869109354529615,0.36
final_metric_transfer,step143000,157,0.3018867924528302,0.33106575963718815,0.00012408859164046002,0.0030646232747126084,0.002940534683072149,0.02823591502836787,-0.008471041061092519,0.02847341337907374,0.037910014513788094,0.03670695608946039,0.06
within_checkpoint,step0,158,0.03773584905660377,0.03361344537815126,0.005461673278175725,-0.06041435566065303,-0.06587602893882874,-0.49399656946826753,-0.18854863451775977,-0.03964903021506795,0.013062409288824227,-0.30544793495050776,1.0
within_checkpoint,step143000,158,0.07547169811320754,0.07142857142857142,-0.00028858055152303214,-0.003699315074560495,-0.003410734523037462,-0.28301886792452835,-0.00513913378407375,0.1362448871882834,0.1671988388969518,-0.2778797341404546,1.0
final_metric_transfer,step0,158,0.1320754716981132,0.07857142857142858,0.001750814202032353,-0.0002335514684206784,-0.0019843656704530313,-0.11822140124026917,-0.07670183827988289,-0.03493864625940098,-0.016582662620398484,-0.04151956296038628,0.94
final_metric_transfer,step143000,158,0.07547169811320754,0.07142857142857142,-0.00028858055152303214,-0.003699315074560495,-0.003410734523037462,-0.28301886792452835,-0.00513913378407375,0.1362448871882834,0.1671988388969518,-0.2778797341404546,1.0
within_checkpoint,step0,159,0.03773584905660377,0.031746031746031744,-0.0007066805273210768,-0.007966807711895514,-0.00726012718457444,-0.10252012138804593,-0.07869831712027253,0.0005937458767646413,0.0322733869903681,-0.023821804267773403,0.71
within_checkpoint,step143000,159,0.11320754716981132,0.09393090569561158,-0.001198290823909807,-2.2432178544992577e-05,0.001175858645364814,0.040638606676342524,0.038175660817170255,0.08303206227734529,0.09222852619079033,0.002462945859172269,0.46
final_metric_transfer,step0,159,0.1320754716981132,0.10470779220779221,0.0001776760467188846,-2.8268948679575236e-05,-0.00020594499539845998,-0.04855521836653913,-0.03563408194626033,0.009882570259928732,0.01991027840084439,-0.012921136420278798,0.68
final_metric_transfer,step143000,159,0.11320754716981132,0.09393090569561158,-0.001198290823909807,-2.2432178544992577e-05,0.001175858645364814,0.040638606676342524,0.038175660817170255,0.08303206227734529,0.09222852619079033,0.002462945859172269,0.46
within_checkpoint,step0,160,0.0,0.0,0.0010316113022792572,-0.10825073015878137,-0.10928234146106063,-0.6698772925188019,-0.2672922655769997,-0.07090645203852765,-0.011302282623037584,-0.4025850269418022,1.0
within_checkpoint,step143000,160,0.0,0.0,0.0007155755503620733,-0.005695984161816818,-0.0064115597121788895,-0.45573294629898414,-0.07023393987373404,0.15174825174825166,0.193067687029951,-0.3854990064252501,1.0
final_metric_transfer,step0,160,0.18867924528301888,0.1302995391705069,0.0009417920626689937,0.0014797826485048297,0.0005379905858358354,0.1360337775432115,0.004796613715996219,0.08502440955271144,0.10273914764480802,0.1312371638272153,0.01
final_metric_transfer,step143000,160,0.0,0.0,0.0007155755503620733,-0.005695984161816818,-0.0064115597121788895,-0.45573294629898414,-0.07023393987373404,0.15174825174825166,0.193067687029951,-0.3854990064252501,1.0
within_checkpoint,step0,161,0.16981132075471697,0.17006802721088435,56603.77028486413,56603.774740628236,0.0044557641256080995,-0.17126269956458634,-0.07346855545826386,-0.013682543871223118,0.008655495447948261,-0.09779414410632248,0.99
within_checkpoint,step143000,161,0.11320754716981132,0.11904761904761904,56603.77392683575,56603.77358071858,-0.00034611716029656726,-0.1438184457052382,-0.033132485962674645,0.03426573426573425,0.05289879931389362,-0.11068595974256354,1.0
final_metric_transfer,step0,161,0.1320754716981132,0.05952380952380952,56603.77500770486,56603.772307684594,-0.002700020268185676,-0.08747855917667235,-0.032668684469713626,-0.00040902493732683363,0.012154637815015143,-0.05480987470695873,0.99
final_metric_transfer,step143000,161,0.11320754716981132,0.11904761904761904,56603.77392683575,56603.77358071858,-0.00034611716029656726,-0.1438184457052382,-0.033132485962674645,0.03426573426573425,0.05289879931389362,-0.11068595974256354,1.0
within_checkpoint,step0,162,0.0,0.0,-0.006272303499555614,-0.0686247893644686,-0.06235248586491299,-0.39556669745348993,-0.14757950263953695,-0.025042881646655236,0.018503760390552827,-0.24798719481395298,1.0
within_checkpoint,step143000,162,0.0,0.0,-0.00030672829926680717,-0.002154370079678996,-0.0018476417804121892,-0.35281699432642816,-0.043673307824251224,0.11050270484232735,0.1593719488059108,-0.30914368650217694,1.0
final_metric_transfer,step0,162,0.1509433962264151,0.11375291375291376,0.0005771540401646702,-0.0006979642613533007,-0.0012751183015179705,-0.034701147908695086,-0.003070685746500498,0.048977437656682936,0.0628631745612877,-0.03163046216219459,0.84
final_metric_transfer,step143000,162,0.0,0.0,-0.00030672829926680717,-0.002154370079678996,-0.0018476417804121892,-0.35281699432642816,-0.043673307824251224,0.11050270484232735,0.1593719488059108,-0.30914368650217694,1.0
within_checkpoint,step0,163,0.18867924528301888,0.16808688387635756,56603.77231063767,56603.820363227205,0.048052589534850865,0.07217310990895898,0.053118598573144035,0.08534107402031929,0.09911861723182476,0.01905451133581494,0.17
within_checkpoint,step143000,163,0.07547169811320754,0.07619047619047618,56603.77342307543,56603.77306905229,-0.00035402312800599856,0.12851299643752478,0.00991442329349705,0.12194220873466154,0.15798126401899978,0.11859857314402773,0.05
final_metric_transfer,step0,163,0.1320754716981132,0.10607012035583464,56603.774243644264,56603.77196739833,-0.0022762459363918778,-0.16347803140255973,-0.05979040970464641,0.012943660113471431,0.02814619342921229,-0.10368762169791332,0.99
final_metric_transfer,step143000,163,0.07547169811320754,0.07619047619047618,56603.77342307543,56603.77306905229,-0.00035402312800599856,0.12851299643752478,0.00991442329349705,0.12194220873466154,0.15798126401899978,0.11859857314402773,0.05
within_checkpoint,step0,164,0.07547169811320754,0.08791208791208792,15723.262126341291,15723.204924000906,-0.0572023403954278,-0.37471962000263886,-0.13325629963708863,-0.01717904736772663,0.027560364164137693,-0.24146332036555024,1.0
within_checkpoint,step143000,164,0.07547169811320754,0.08791208791208792,15723.270181910011,15723.265585131088,-0.004596778920546825,-0.37524739411531866,-0.0877091271602421,0.0888507718696397,0.12432246998284732,-0.28753826695507656,1.0
final_metric_transfer,step0,164,0.11320754716981132,0.05454545454545455,15723.270635815095,15723.26894706018,-0.0016887549155962464,0.04763161366934951,0.002313676413161835,0.04782952896160444,0.05887584113999206,0.04531793725618768,0.07
final_metric_transfer,step143000,164,0.07547169811320754,0.08791208791208792,15723.270181910011,15723.265585131088,-0.004596778920546825,-0.37524739411531866,-0.0877091271602421,0.0888507718696397,0.12432246998284732,-0.28753826695507656,1.0
within_checkpoint,step0,165,0.05660377358490566,0.06746031746031746,-0.007897935048491634,-0.06738907330352913,-0.05949113825503748,-0.40981659849584384,-0.16549450168661148,-0.047829528961604424,0.008257025992874926,-0.24432209680923236,1.0
within_checkpoint,step143000,165,0.1320754716981132,0.12653061224489795,-0.000657019057071576,-0.003140798110994512,-0.002483779053922936,-0.28724106082596645,-0.02900891751663622,0.10113471434226134,0.16005541628183131,-0.25823214330933025,1.0
final_metric_transfer,step0,165,0.20754716981132076,0.16841888270459698,-0.0004458420188595472,4.8593836753324887e-05,0.0004944358556128717,0.0069930069930069965,0.028487807218510474,0.07399393059770418,0.08495052117693626,-0.02149480022550348,0.8
final_metric_transfer,step143000,165,0.1320754716981132,0.12653061224489795,-0.000657019057071576,-0.003140798110994512,-0.002483779053922936,-0.28724106082596645,-0.02900891751663622,0.10113471434226134,0.16005541628183131,-0.25823214330933025,1.0
within_checkpoint,step0,166,0.1320754716981132,0.1098901098901099,12578.627515170514,12578.638906156471,0.011390985966472188,-0.1804987465364824,-0.04970006170692275,0.02860535690724366,0.052415886000791646,-0.13079868482955964,1.0
within_checkpoint,step143000,166,0.1320754716981132,0.11562350692785475,12578.617883736584,12578.616712297493,-0.0011714390954859735,0.002638870563398871,-0.00132609909625347,0.02613801293046576,0.028980076527246316,0.003964969659652341,0.42
final_metric_transfer,step0,166,0.16981132075471697,0.0788831661696937,12578.615952477798,12578.618348142234,0.0023956644278785937,0.24647051062145403,0.040915821361790485,0.17431059506531205,0.19612086027180362,0.20555468925966355,0.01
final_metric_transfer,step143000,166,0.1320754716981132,0.11562350692785475,12578.617883736584,12578.616712297493,-0.0011714390954859735,0.002638870563398871,-0.00132609909625347,0.02613801293046576,0.028980076527246316,0.003964969659652341,0.42
within_checkpoint,step0,167,0.07547169811320754,0.09523809523809523,-0.0075139149218447525,-0.03410150611934336,-0.026587591197498612,-0.2597968069666183,-0.10129531227301382,-0.024040110832563667,-0.0012033249769100322,-0.15850149469360447,1.0
within_checkpoint,step143000,167,0.07547169811320754,0.07142857142857142,-0.00016138753796445456,-0.0024848702811815513,-0.0023234827432170972,-0.22826230373400186,-0.01836547291092746,0.11549017020715133,0.15807626335928215,-0.2098968308230744,1.0
final_metric_transfer,step0,167,0.1509433962264151,0.06984126984126984,0.0011957452465992155,0.00012989075655524943,-0.0010658544900439657,0.02955535031006729,-0.0138287479625387,0.04569204380525134,0.06297136825438707,0.04338409827260599,0.16
final_metric_transfer,step143000,167,0.07547169811320754,0.07142857142857142,-0.00016138753796445456,-0.0024848702811815513,-0.0023234827432170972,-0.22826230373400186,-0.01836547291092746,0.11549017020715133,0.15807626335928215,-0.2098968308230744,1.0
within_checkpoint,step0,168,0.11320754716981132,0.10476190476190476,0.004257501844207392,-0.018895201791688482,-0.023152703635895878,-0.21269296740994853,-0.11728313615106067,-0.06028499802084707,-0.055785723710252096,-0.09540983125888786,1.0
within_checkpoint,step143000,168,0.1509433962264151,0.12063492063492064,-0.00038755942362366565,-2.5383695331804603e-05,0.0003621757282918618,-0.1603113867264811,-0.010376892023547258,0.06990368122443587,0.10115582530676867,-0.14993449470293385,1.0
final_metric_transfer,step0,168,0.16981132075471697,0.07466986794717888,0.0019390516928547393,0.00414131487247767,0.0022022631796229297,0.09407573558516955,0.025947561110511372,0.08848132999076395,0.10885077186963969,0.06812817447465817,0.05
final_metric_transfer,step143000,168,0.1509433962264151,0.12063492063492064,-0.00038755942362366565,-2.5383695331804603e-05,0.0003621757282918618,-0.1603113867264811,-0.010376892023547258,0.06990368122443587,0.10115582530676867,-0.14993449470293385,1.0
within_checkpoint,step0,169,0.09433962264150944,0.12987012987012986,0.0018206109963284597,-0.04979801201752437,-0.051618623013852845,-0.2871091172977966,-0.12881953190701045,-0.05114131151867001,-0.01385934819897089,-0.15828958539078614,1.0
within_checkpoint,step143000,169,0.05660377358490566,0.061224489795918366,0.0018060276242973993,-0.00236736299166244,-0.0041733906159598395,-0.32642828869243967,-0.05871487003562475,0.07676474468927294,0.13180102915951963,-0.2677134186568149,1.0
final_metric_transfer,step0,169,0.16981132075471697,0.09779911964785915,0.00233087830269993,0.0004537571421020703,-0.0018771211605978597,-0.037076131415754054,-0.01415394211277573,0.017825570655759328,0.02516426969257155,-0.022922189302978326,0.86
final_metric_transfer,step143000,169,0.05660377358490566,0.061224489795918366,0.0018060276242973993,-0.00236736299166244,-0.0041733906159598395,-0.32642828869243967,-0.05871487003562475,0.07676474468927294,0.13180102915951963,-0.2677134186568149,1.0
within_checkpoint,step0,170,0.2641509433962264,0.28505612035023803,-9433.951331661727,-9433.882420144042,0.06891151768655338,-0.014645731626863724,-0.0016552915352229238,0.04508510357566961,0.046974534899063204,-0.012990440091640802,0.68
within_checkpoint,step143000,170,0.32075471698113206,0.30082348728965275,-9433.962826184239,-9433.958980359283,0.0038458249534778026,0.09262435677530018,0.01953697150952725,0.07723974139068478,0.08358094735453221,0.07308738526577292,0.02
final_metric_transfer,step0,170,0.1509433962264151,0.09122278687496078,-9433.962707457853,-9433.960582879956,0.002124577895945062,0.14474205040242774,0.0362858030096452,0.11490961868320354,0.1417179047367726,0.10845624739278253,0.02
final_metric_transfer,step143000,170,0.32075471698113206,0.30082348728965275,-9433.962826184239,-9433.958980359283,0.0038458249534778026,0.09262435677530018,0.01953697150952725,0.07723974139068478,0.08358094735453221,0.07308738526577292,0.02
within_checkpoint,step0,171,0.07547169811320754,0.05714285714285715,-0.0009710439355451409,-0.047055528792888324,-0.046084484857343185,-0.47935083784140375,-0.18399458365153046,-0.03867264810661037,-0.008011611030479225,-0.2953562541898733,1.0
within_checkpoint,step143000,171,0.03773584905660377,0.031746031746031744,-0.0002457225798865165,-0.005360948887312229,-0.005115226307425713,-0.40189998680564726,-0.0715027301648228,0.1363900250692702,0.19661169019659586,-0.3303972566408245,1.0
final_metric_transfer,step0,171,0.16981132075471697,0.04945054945054945,0.002198313048156885,0.002869923690085067,0.0006716106419281816,0.13906847869112018,0.06540267432205683,0.12178387650085755,0.14014777675155032,0.07366580436906335,0.03
final_metric_transfer,step143000,171,0.03773584905660377,0.031746031746031744,-0.0002457225798865165,-0.005360948887312229,-0.005115226307425713,-0.40189998680564726,-0.0715027301648228,0.1363900250692702,0.19661169019659586,-0.3303972566408245,1.0
within_checkpoint,step0,172,0.32075471698113206,0.23741496598639453,-0.0004537509412512982,0.04096317451202093,0.041416925453272246,0.07428420635967806,0.06579717214365585,0.1059506531204644,0.11679377226547034,0.008487034216022205,0.39
within_checkpoint,step143000,172,0.24528301886792453,0.21626984126984125,0.0007774782207620537,0.007773370393442918,0.006995892172680864,0.14144346219817916,0.03513562861761833,0.12529357435017807,0.1383269560628051,0.10630783358056084,0.02
final_metric_transfer,step0,172,0.16981132075471697,0.08071498394079038,0.0026126533770249186,-0.0004414158521561668,-0.0030540692291810855,-0.10727008840216387,-0.052249637155297526,-0.009367990500065985,-0.003889695210449945,-0.055020451246866345,0.94
final_metric_transfer,step143000,172,0.24528301886792453,0.21626984126984125,0.0007774782207620537,0.007773370393442918,0.006995892172680864,0.14144346219817916,0.03513562861761833,0.12529357435017807,0.1383269560628051,0.10630783358056084,0.02
within_checkpoint,step0,173,0.1320754716981132,0.11260504201680674,-9433.971682231473,-9433.988157409956,-0.016475178483829095,-0.19158200290275765,-0.060339508023899105,0.013220741522628315,0.03826890091041027,-0.13124249487885853,1.0
within_checkpoint,step143000,173,0.11320754716981132,0.1173469387755102,-9433.965301205311,-9433.961694194113,0.0036070111862903324,0.08497163214144347,0.040501332096529355,0.09082992479218889,0.10867396754189201,0.04447030004491412,0.09
final_metric_transfer,step0,173,0.1509433962264151,0.08442728442728442,-9433.962015574572,-9433.962547921119,-0.0005323465513196562,-0.158200290275762,-0.01548270673485082,0.05746140651801026,0.0832115054756564,-0.14271758354091116,1.0
final_metric_transfer,step143000,173,0.11320754716981132,0.1173469387755102,-9433.965301205311,-9433.961694194113,0.0036070111862903324,0.08497163214144347,0.040501332096529355,0.09082992479218889,0.10867396754189201,0.04447030004491412,0.09
within_checkpoint,step0,174,0.11320754716981132,0.12653061224489795,-0.003958121618227068,0.00786034388726325,0.011818465505490318,-0.07217310990895894,-0.015116196934378755,0.058741258741258746,0.06683467475920295,-0.05705691297458018,0.89
within_checkpoint,step143000,174,0.22641509433962265,0.22055137844611528,-0.0017193374961252293,0.0009340317022366008,0.00265336919836183,0.10344372608523554,0.005135135495341327,0.06412455469059239,0.08114263095395167,0.09830859058989422,0.01
final_metric_transfer,step0,174,0.11320754716981132,0.04395604395604396,-0.0028731548304672446,-0.0029526617013671103,-7.950687089986627e-05,-0.021506795091700753,-0.010783384711343543,0.03125742182345956,0.040387913972819614,-0.01072341038035721,0.67
final_metric_transfer,step143000,174,0.22641509433962265,0.22055137844611528,-0.0017193374961252293,0.0009340317022366008,0.00265336919836183,0.10344372608523554,0.005135135495341327,0.06412455469059239,0.08114263095395167,0.09830859058989422,0.01
within_checkpoint,step0,175,0.0,0.0,-0.005324614028215633,-0.06349471859982764,-0.058170104571611994,-0.4108721467212033,-0.13244864531313932,5.277741126796264e-05,0.05275630030347003,-0.278423501408064,1.0
within_checkpoint,step143000,175,0.0,0.0,0.00024991341468494105,-0.004877193150516297,-0.005127106565201238,-0.2879007784668163,-0.03607922475847004,0.10947354532260183,0.1574666842591371,-0.25182155370834625,1.0
final_metric_transfer,step0,175,0.09433962264150944,0.02915451895043732,-0.0011809162139792579,0.0015308241862870625,0.0027117404002663208,0.16875577252935745,0.07523579907799463,0.1724897743765667,0.1967621058187096,0.09351997345136281,0.08
final_metric_transfer,step143000,175,0.0,0.0,0.00024991341468494105,-0.004877193150516297,-0.005127106565201238,-0.2879007784668163,-0.03607922475847004,0.10947354532260183,0.1574666842591371,-0.25182155370834625,1.0
within_checkpoint,step0,176,0.07547169811320754,0.07256235827664399,-0.0017097766675284254,-0.032888376510393766,-0.031178599837148973,-0.327879667502309,-0.11308360021910621,-0.006227734529621352,0.017683071645335665,-0.2147960672832028,1.0
within_checkpoint,step143000,176,0.0,0.0,0.0006124162065678679,-0.0022040661081227995,-0.0028164823200692384,-0.11624224831772,-0.03149851863402464,0.026890091041034427,0.043723446364955794,-0.08474372968369535,0.99
final_metric_transfer,step0,176,0.16981132075471697,0.10941306755260242,0.0004455798909715627,0.000947721120974195,0.0005021412232818389,0.04710383955666976,0.010188972453123397,0.04259137089325768,0.0487425781765404,0.03691486710354636,0.03
final_metric_transfer,step143000,176,0.0,0.0,0.0006124162065678679,-0.0022040661081227995,-0.0028164823200692384,-0.11624224831772,-0.03149851863402464,0.026890091041034427,0.043723446364955794,-0.08474372968369535,0.99
within_checkpoint,step0,177,0.20754716981132076,0.25,0.012884038051933281,0.10125566259881572,0.08837162454688242,0.32787966750230907,0.12762137805019452,0.24194484760522492,0.27813695738224037,0.20025828945211455,0.01
within_checkpoint,step143000,177,0.22641509433962265,0.22084974340613442,-0.0010673631674658999,0.005064700829053788,0.006132063996519689,0.2231165061353741,0.06963019827513825,0.16403219422087345,0.18195540308747854,0.15348630786023584,0.01
final_metric_transfer,step0,177,0.24528301886792453,0.17448979591836736,0.0011323474762182136,-0.0005715821667043975,-0.0017039296429226108,-0.16202665259269033,-0.03297521993919936,0.047433698377094595,0.05361393323657473,-0.12905143265349098,1.0
final_metric_transfer,step143000,177,0.22641509433962265,0.22084974340613442,-0.0010673631674658999,0.005064700829053788,0.006132063996519689,0.2231165061353741,0.06963019827513825,0.16403219422087345,0.18195540308747854,0.15348630786023584,0.01
within_checkpoint,step0,178,0.20754716981132076,0.1952380952380952,0.001066024570834905,0.05737930035668403,0.05631327579527118,0.13194352816994323,0.0989829686227628,0.16485024409552707,0.18031666446760783,0.032960559547180426,0.21
within_checkpoint,step143000,178,0.33962264150943394,0.3250517598343685,-0.001329531747702362,0.006100473489983371,0.0074300052436741,0.12917271407837444,9.196064084571958e-05,0.07507586752869769,0.10059110700620122,0.12908075343752873,0.02
final_metric_transfer,step0,178,0.09433962264150944,0.060753532182103616,-0.001190910148268138,8.524433824646767e-06,0.0011994345789914467,0.11413115186700092,0.028927618979076957,0.08970840480274442,0.10196068082860535,0.08520353288792396,0.01
final_metric_transfer,step143000,178,0.33962264150943394,0.3250517598343685,-0.001329531747702362,0.006100473489983371,0.0074300052436741,0.12917271407837444,9.196064084571958e-05,0.07507586752869769,0.10059110700620122,0.12908075343752873,0.02
within_checkpoint,step0,179,0.18867924528301888,0.15,0.0017809748242922081,0.049188529639728924,0.04740755481543671,0.022166512732550464,0.007326197720708871,0.044385802876368896,0.052096582662620364,0.014840315011841593,0.25
within_checkpoint,step143000,179,0.18867924528301888,0.15873015873015875,-8.55644989772662e-06,0.003499511148842316,0.003508067598740043,0.14263095395170866,-0.013443579481315332,0.07895500725689396,0.11498878480010546,0.156074533433024,0.01
final_metric_transfer,step0,179,0.05660377358490566,0.02659644502962475,-0.0009777220420631352,-0.0025118926924390206,-0.0015341706503758847,-0.09170075207811057,-0.024378899164490934,0.038039319171394644,0.04335136561551656,-0.06732185291361964,0.98
final_metric_transfer,step143000,179,0.18867924528301888,0.15873015873015875,-8.55644989772662e-06,0.003499511148842316,0.003508067598740043,0.14263095395170866,-0.013443579481315332,0.07895500725689396,0.11498878480010546,0.156074533433024,0.01
within_checkpoint,step0,180,0.1509433962264151,0.14648526077097504,-0.008736263652428593,0.03239480427340972,0.04113106792583831,0.07217310990895898,0.05218966282431119,0.08392927826890093,0.09033117825570652,0.019983447084647783,0.15
within_checkpoint,step143000,180,0.20754716981132076,0.1799628942486085,0.0015055568621498412,0.001845026632176321,0.00033946977002647944,0.11426309539517086,0.011249851730126171,0.08385011215199892,0.11130492149360074,0.10301324366504469,0.02
final_metric_transfer,step0,180,0.07547169811320754,0.05546834118262689,-0.0005515004792399606,-0.0006281852884476891,-7.668480920772901e-05,-0.033249769098825696,0.014331199579913129,0.05261907903417336,0.06087874389761181,-0.04758096867873882,1.0
final_metric_transfer,step143000,180,0.20754716981132076,0.1799628942486085,0.0015055568621498412,0.001845026632176321,0.00033946977002647944,0.11426309539517086,0.011249851730126171,0.08385011215199892,0.11130492149360074,0.10301324366504469,0.02
within_checkpoint,step0,181,0.1509433962264151,0.17063492063492064,0.004612883689504008,-0.008856355429741473,-0.013469239119245482,-0.30769230769230776,-0.14460877411134704,-0.06091832695606286,-0.03148172582134859,-0.16308353358096073,1.0
within_checkpoint,step143000,181,0.1509433962264151,0.17063492063492064,-0.0013270748335592127,-0.0031194410985693325,-0.0017923662650101192,-0.28394247262171796,-0.053750328192866785,0.07202797202797201,0.11269560628051177,-0.23019214442885116,1.0
final_metric_transfer,step0,181,0.11320754716981132,0.07738095238095237,-0.0007674752332799495,0.00026012045065819644,0.0010275956839381462,0.06412455469059244,-0.003799707058712202,0.08516954743369833,0.10960548885077187,0.06792426174930465,0.15
final_metric_transfer,step143000,181,0.1509433962264151,0.17063492063492064,-0.0013270748335592127,-0.0031194410985693325,-0.0017923662650101192,-0.28394247262171796,-0.053750328192866785,0.07202797202797201,0.11269560628051177,-0.23019214442885116,1.0
within_checkpoint,step0,182,0.16981132075471697,0.16832579185520363,12578.605762241978,12578.58978108164,-0.015981160332522285,-0.2545190658398205,-0.1084135989796367,-0.03219422087346617,-0.0023195672252276393,-0.14610546686018377,1.0
within_checkpoint,step143000,182,0.18867924528301888,0.16433239962651727,12578.61569130215,12578.615332717676,-0.0003585844700781616,-0.1997625016492941,-0.05277208021633408,0.03606016624884549,0.07010423538725424,-0.14699042143296,0.98
final_metric_transfer,step0,182,0.16981132075471697,0.09973686444274679,12578.61742999867,12578.615528426288,-0.001901572386285411,-0.14276289747987864,-0.003298588204248581,0.0729779654307956,0.10417469323129694,-0.13946430927563006,1.0
final_metric_transfer,step143000,182,0.18867924528301888,0.16433239962651727,12578.61569130215,12578.615332717676,-0.0003585844700781616,-0.1997625016492941,-0.05277208021633408,0.03606016624884549,0.07010423538725424,-0.14699042143296,0.98
within_checkpoint,step0,183,0.37735849056603776,0.3486790986790987,-31446.531998718543,-31446.40207789486,0.12992082368571717,0.2739147644808022,0.11408583792803347,0.20711175616835997,0.23511545058714867,0.15982892655276876,0.01
within_checkpoint,step143000,183,0.37735849056603776,0.32162223741171114,-31446.540267667307,-31446.53377038698,0.006497280329186905,0.33843514975590455,0.07136812111083123,0.22447552447552435,0.2887478559176672,0.2670670286450733,0.01
final_metric_transfer,step0,183,0.1509433962264151,0.07230607230607232,-31446.54007735392,-31446.541418231158,-0.0013408772355001867,-0.09473545322601928,-0.021609417835832933,0.05440031666446757,0.06654967673835596,-0.07312603539018635,0.98
final_metric_transfer,step143000,183,0.37735849056603776,0.32162223741171114,-31446.540267667307,-31446.53377038698,0.006497280329186905,0.33843514975590455,0.07136812111083123,0.22447552447552435,0.2887478559176672,0.2670670286450733,0.01
within_checkpoint,step0,184,0.1320754716981132,0.12738095238095237,-0.003110040568246093,-0.045400910027774126,-0.042290869459528035,-0.2933104631217838,-0.11281571487403391,-0.010238817785987606,0.003488586884813297,-0.18049474824774991,1.0
within_checkpoint,step143000,184,0.1320754716981132,0.11297852474323064,-4.91881768198427e-05,-0.00530147103148023,-0.005252282854660388,-0.3471434226151207,-0.04769825181488989,0.10401108325636625,0.1806887452170471,-0.2994451708002308,1.0
final_metric_transfer,step0,184,0.09433962264150944,0.07619047619047618,-0.002218269653103748,-0.0019262252233336011,0.0002920444297701473,0.06188151471170338,0.005505643584545814,0.08569732154637806,0.11034701147908683,0.05637587112715757,0.14
final_metric_transfer,step143000,184,0.1320754716981132,0.11297852474323064,-4.91881768198427e-05,-0.00530147103148023,-0.005252282854660388,-0.3471434226151207,-0.04769825181488989,0.10401108325636625,0.1806887452170471,-0.2994451708002308,1.0
within_checkpoint,step0,185,0.09433962264150944,0.08946608946608947,-0.0024101163924541012,-0.022084524684227093,-0.019674408291773,-0.32919910278400843,-0.09248708219548699,0.026481066103707554,0.05927958833619204,-0.23671202058852145,1.0
within_checkpoint,step143000,185,0.1320754716981132,0.13506493506493505,-0.0005905868683344362,-0.0003030517557244792,0.00028753511260995685,-0.1940889299379866,-0.009929083685515934,0.09932708800633325,0.12994590315345023,-0.18415984625247067,1.0
final_metric_transfer,step0,185,0.22641509433962265,0.15939849624060148,0.0007998588143883141,-0.00013105277997858556,-0.0009309115943668994,0.01939569864098165,-0.056285243249222676,-0.0031402559704446597,0.012236442802480502,0.07568094189020433,0.02
final_metric_transfer,step143000,185,0.1320754716981132,0.13506493506493505,-0.0005905868683344362,-0.0003030517557244792,0.00028753511260995685,-0.1940889299379866,-0.009929083685515934,0.09932708800633325,0.12994590315345023,-0.18415984625247067,1.0
within_checkpoint,step0,186,0.20754716981132076,0.21029885638465912,0.007025488688865714,0.04322015015499095,0.03619466146612524,-0.08074943924000529,-0.02603952175135709,0.01746932312970049,0.021174297400712486,-0.054709917488648195,0.98
within_checkpoint,step143000,186,0.1320754716981132,0.13763821318000885,-0.0009280261020021077,0.0024640812308719465,0.0033921073328740535,0.07731890750758678,0.036648314521384846,0.1120464441219158,0.13298588204248576,0.04067059298620194,0.18
final_metric_transfer,step0,186,0.09433962264150944,0.05359361135758651,-0.0006327821424678434,0.0006171940065839758,0.001249976149051819,0.13524211637419187,0.015767917997763628,0.09970972423802607,0.11989444517746399,0.11947419837642824,0.01
final_metric_transfer,step143000,186,0.1320754716981132,0.13763821318000885,-0.0009280261020021077,0.0024640812308719465,0.0033921073328740535,0.07731890750758678,0.036648314521384846,0.1120464441219158,0.13298588204248576,0.04067059298620194,0.18
within_checkpoint,step0,187,0.32075471698113206,0.29580527863319245,-9433.953535178855,-9433.875611111682,0.07792406717556122,0.30452566301622896,0.11347809804070526,0.2308879799445837,0.26226678981395957,0.19104756497552372,0.01
within_checkpoint,step143000,187,0.2641509433962264,0.24829931972789115,-9433.961136880427,-9433.959619740239,0.00151714019706053,0.21005409684654966,0.04317485449560922,0.1496767383559836,0.16204776355719747,0.16687924235094043,0.01
final_metric_transfer,step0,187,0.09433962264150944,0.04477827531417016,-9433.96424052343,-9433.962519342915,0.0017211805126093205,-0.020055416281831377,0.06608638169530108,0.13124422747064254,0.1397625016492941,-0.08614179797713245,0.99
final_metric_transfer,step143000,187,0.2641509433962264,0.24829931972789115,-9433.961136880427,-9433.959619740239,0.00151714019706053,0.21005409684654966,0.04317485449560922,0.1496767383559836,0.16204776355719747,0.16687924235094043,0.01
within_checkpoint,step0,188,0.1320754716981132,0.15277777777777776,56603.76745690275,56603.75528023901,-0.01217666372396681,-0.38619870695342395,-0.11777226013932703,0.016915160311386714,0.04401899986805634,-0.26842644681409694,1.0
within_checkpoint,step143000,188,0.1509433962264151,0.1556122448979592,56603.77442257945,56603.769418792326,-0.0050037871222777894,-0.24792188943132337,-0.035736704690392515,0.0806174957118353,0.11117561683599407,-0.21218518474093084,1.0
final_metric_transfer,step0,188,0.1509433962264151,0.11819291819291819,56603.77411673463,56603.774415623026,0.00029888839142281807,0.005409684654967675,0.023592569047114507,0.048964243303865944,0.060377358490566024,-0.018182884392146832,0.85
final_metric_transfer,step143000,188,0.1509433962264151,0.1556122448979592,56603.77442257945,56603.769418792326,-0.0050037871222777894,-0.24792188943132337,-0.035736704690392515,0.0806174957118353,0.11117561683599407,-0.21218518474093084,1.0
within_checkpoint,step0,189,0.03773584905660377,0.03361344537815126,-0.0016523029585139243,-0.06645027254122618,-0.06479796958271228,-0.32009499934028235,-0.14095300544700204,-0.038791397281963326,-0.02862119013062424,-0.1791419938932803,1.0
within_checkpoint,step143000,189,0.0,0.0,8.441676281093466e-05,-0.006112348438756855,-0.006196765201567789,-0.39992083388309807,-0.04953346634307181,0.12739147644808022,0.18534899063200933,-0.35038736754002625,1.0
final_metric_transfer,step0,189,0.03773584905660377,0.03007518796992481,-0.003025998094444106,-0.0020310535114112195,0.0009949445830328865,-0.04618023485948014,0.007443480856859932,0.09407573558516953,0.12378414038791397,-0.05362371571634007,0.78
final_metric_transfer,step143000,189,0.0,0.0,8.441676281093466e-05,-0.006112348438756855,-0.006196765201567789,-0.39992083388309807,-0.04953346634307181,0.12739147644808022,0.18534899063200933,-0.35038736754002625,1.0
within_checkpoint,step0,190,0.07547169811320754,0.06932773109243698,-9433.961718980203,-9433.952873507655,0.008845472548782981,-0.17429740071249503,-0.07736422144655421,-0.012666578704314568,-0.0018049874653648591,-0.09693317926594082,1.0
within_checkpoint,step143000,190,0.1509433962264151,0.1391660970608339,-9433.962277569477,-9433.962913429586,-0.0006358601074217889,0.012138804591634758,0.020876398234888804,0.050969784932049074,0.06021374851563531,-0.008737593643254046,0.65
final_metric_transfer,step0,190,0.07547169811320754,0.03949673514890906,-9433.963897272615,-9433.963926170329,-2.8897717125010136e-05,-0.018472093943792057,-0.02592623690393844,0.023894972951576714,0.0372107138144874,0.007454142960146383,0.44
final_metric_transfer,step143000,190,0.1509433962264151,0.1391660970608339,-9433.962277569477,-9433.962913429586,-0.0006358601074217889,0.012138804591634758,0.020876398234888804,0.050969784932049074,0.06021374851563531,-0.008737593643254046,0.65
within_checkpoint,step0,191,0.1509433962264151,0.13258636788048553,25157.231876295904,25157.2574815253,0.025605229401853065,-0.07230505343712891,-0.019415690084643774,0.02082068874521703,0.03195936139332362,-0.05288936335248513,0.99
within_checkpoint,step143000,191,0.2641509433962264,0.20531849103277677,25157.232520273676,25157.23460888904,0.0020886153631191513,-0.024673439767779422,-0.0234139788170663,0.02001583322338037,0.029212297136825428,-0.0012594609507131233,0.56
final_metric_transfer,step0,191,0.09433962264150944,0.03692905733722059,25157.23416652156,25157.23273486723,-0.0014316543243301778,0.04169415490170208,-0.03695218446504896,0.021348462857896756,0.04187887584113998,0.07864633936675103,0.03
final_metric_transfer,step143000,191,0.2641509433962264,0.20531849103277677,25157.232520273676,25157.23460888904,0.0020886153631191513,-0.024673439767779422,-0.0234139788170663,0.02001583322338037,0.029212297136825428,-0.0012594609507131233,0.56
within_checkpoint,step0,192,0.11320754716981132,0.1187058555479608,-0.01111416117257617,-0.044418202093950795,-0.03330404092137462,-0.1848528829660905,-0.09546047624949854,-0.008497163214144364,0.0059875973083519905,-0.08939240671659197,0.98
within_checkpoint,step143000,192,0.03773584905660377,0.03361344537815126,-0.0011210824915706304,-0.003564387422519925,-0.002443304930949295,-0.1983111228394247,-0.04169948595334531,0.06697453489906316,0.1074521704710384,-0.1566116368860794,0.99
final_metric_transfer,step0,192,0.1320754716981132,0.03333333333333333,-0.0015680584106496289,-0.0006239505661471944,0.0009441078445024348,-0.06386066763425254,0.01764178265035898,0.08379733474073095,0.09678057791265335,-0.08150245028461152,0.97
final_metric_transfer,step143000,192,0.03773584905660377,0.03361344537815126,-0.0011210824915706304,-0.003564387422519925,-0.002443304930949295,-0.1983111228394247,-0.04169948595334531,0.06697453489906316,0.1074521704710384,-0.1566116368860794,0.99
within_checkpoint,step0,193,0.11320754716981132,0.1302824159967017,-0.0008204874101704157,0.018404898480567172,0.01922538589073759,0.021374851563530806,0.006761106246526488,0.04223512336719881,0.04936799050006597,0.014613745317004318,0.26
within_checkpoint,step143000,193,0.1320754716981132,0.1088911088911089,-0.0009797640281927408,0.000894431616138086,0.0018741956443308265,0.0778466816202665,0.011852260565811169,0.07487795223644278,0.10093416017944311,0.06599442105445534,0.06
final_metric_transfer,step0,193,0.09433962264150944,0.04716117216117216,0.00035477169696651356,-0.0005674144191492918,-0.0009221861161158049,-0.06715925583850112,-0.03809302951670018,0.011545058714870026,0.025971764084971607,-0.029066226321800934,0.8
final_metric_transfer,step143000,193,0.1320754716981132,0.1088911088911089,-0.0009797640281927408,0.000894431616138086,0.0018741956443308265,0.0778466816202665,0.011852260565811169,0.07487795223644278,0.10093416017944311,0.06599442105445534,0.06
within_checkpoint,step0,194,0.18867924528301888,0.17254901960784313,0.0007892727973325924,-0.0164807232633622,-0.017269996060694792,-0.3351365615516559,-0.13101459242111044,-0.019184588995909756,0.018144873993930586,-0.20412196913054545,1.0
within_checkpoint,step143000,194,0.1509433962264151,0.13095238095238096,-0.0012160645558110684,-0.0036354351783584584,-0.0024193706225473905,-0.32220609579100146,-0.04262042512471329,0.12051721863042617,0.15265074548093394,-0.27958567066628814,1.0
final_metric_transfer,step0,194,0.18867924528301888,0.14546947305567995,0.0004928860058163246,0.002159523776195374,0.0016666377703790493,0.13220741522628315,0.02061517670437053,0.09823195672252275,0.11849584377886262,0.11159223852191262,0.01
final_metric_transfer,step143000,194,0.1509433962264151,0.13095238095238096,-0.0012160645558110684,-0.0036354351783584584,-0.0024193706225473905,-0.32220609579100146,-0.04262042512471329,0.12051721863042617,0.15265074548093394,-0.27958567066628814,1.0
within_checkpoint,step0,195,0.1509433962264151,0.12987012987012986,-31446.53027080006,-31446.57534896083,-0.04507816076230058,-0.328011611030479,-0.11298497576370647,0.011611030478954993,0.03129964375247385,-0.21502663526677251,1.0
within_checkpoint,step143000,195,0.11320754716981132,0.09004329004329005,-31446.541309362718,-31446.542437538636,-0.0011281759247831697,-0.042353872542551775,0.003367891875610574,0.06770022430399787,0.0802295817390157,-0.04572176441816235,0.89
final_metric_transfer,step0,195,0.1509433962264151,0.0636766334440753,-31446.540858897417,-31446.53884183034,0.002017067072649333,0.1589919514447816,0.06379269672580136,0.12353872542551786,0.1481145269824515,0.09519925471898023,0.01
final_metric_transfer,step143000,195,0.11320754716981132,0.09004329004329005,-31446.541309362718,-31446.542437538636,-0.0011281759247831697,-0.042353872542551775,0.003367891875610574,0.06770022430399787,0.0802295817390157,-0.04572176441816235,0.89
within_checkpoint,step0,196,0.018867924528301886,0.02040816326530612,0.0018374291921892391,-0.07587116150054765,-0.07770859069273689,-0.5794959757223908,-0.20891325179489847,-0.025715793640321994,0.014936007388837342,-0.37058272392749225,1.0
within_checkpoint,step143000,196,0.018867924528301886,0.025974025974025976,-0.00015355513126054287,-0.003959347775490848,-0.0038057926442303046,-0.4113999208338831,-0.0695342393455601,0.09263755112811706,0.182944979548753,-0.34186568148832297,1.0
final_metric_transfer,step0,196,0.1320754716981132,0.10350877192982455,-0.00119503286105721,0.0018633037677351033,0.003058336628792314,0.22192901438184456,0.06637026019530308,0.16709328407441612,0.18913840876105023,0.15555875418654147,0.01
final_metric_transfer,step143000,196,0.018867924528301886,0.025974025974025976,-0.00015355513126054287,-0.003959347775490848,-0.0038057926442303046,-0.4113999208338831,-0.0695342393455601,0.09263755112811706,0.182944979548753,-0.34186568148832297,1.0
within_checkpoint,step0,197,0.03773584905660377,0.03361344537815126,0.0012607248669824662,-0.011052946987852075,-0.012313671854834549,-0.25610238817785985,-0.08524751406398064,0.014461010687425765,0.027349254519065808,-0.17085487411387923,1.0
within_checkpoint,step143000,197,0.07547169811320754,0.049689440993788817,0.0002694329762264025,0.0004657236960777545,0.0001962907198513514,-0.045256630162290534,-0.010348904002420299,0.04521704710383952,0.0599683335532392,-0.034907726159870235,0.85
final_metric_transfer,step0,197,0.07547169811320754,0.03361344537815126,-0.0018325115234938947,0.001040259633299356,0.0028727711567932517,0.06544398997229187,0.05230161490881902,0.09963055812112416,0.10794563926639397,0.013142375063472843,0.32
final_metric_transfer,step143000,197,0.07547169811320754,0.049689440993788817,0.0002694329762264025,0.0004657236960777545,0.0001962907198513514,-0.045256630162290534,-0.010348904002420299,0.04521704710383952,0.0599683335532392,-0.034907726159870235,0.85
within_checkpoint,step0,198,0.018867924528301886,0.02040816326530612,-9433.963233973633,-9434.018513599229,-0.0552796256001664,-0.3852751022562344,-0.15149116178275698,-0.02675814751286455,-0.0053014909618684485,-0.23378394047347742,1.0
within_checkpoint,step143000,198,0.05660377358490566,0.061224489795918366,-9433.964297287117,-9433.965733569758,-0.0014362826330805542,-0.21863042617759598,-0.022025239864004873,0.09065839820556805,0.10819897084048019,-0.1966051863135911,0.99
final_metric_transfer,step0,198,0.07547169811320754,0.055555555555555546,-9433.96167306797,-9433.963697919125,-0.0020248511499348287,-0.06742314289484101,-0.032220876131682306,-0.000646523288032745,0.013996569468267574,-0.035202266763158706,0.93
final_metric_transfer,step143000,198,0.05660377358490566,0.061224489795918366,-9433.964297287117,-9433.965733569758,-0.0014362826330805542,-0.21863042617759598,-0.022025239864004873,0.09065839820556805,0.10819897084048019,-0.1966051863135911,0.99
