graph_id,condition,mechanism,rel_center_dist,rel_jaccard_dist,rel_weighted_jaccard_dist,rel_composite_dist,spread,entropy,DeltaU,split
0,clean,stable,-1.1920928955078125e-07,0.0,0.0,-5.960464477539063e-08,0.6331972479820251,0.06622203439474106,12.39765453338623,discovery
0,rename,stable,0.06586819887161255,0.4796550835764284,0.4355474271226857,0.26173472711058476,0.5695894360542297,0.02628518082201481,18.293825149536133,discovery
0,permuted,stable,0.00032442808151245117,0.029257450631940962,0.020254011462385813,0.01254007956433792,0.6338646411895752,0.06783567368984222,-1.8956222534179688,discovery
0,redundant,stable,0.0069786906242370605,0.13851251236081108,0.11356409019635494,0.06650849595141003,0.6235936284065247,0.06829772889614105,3.87583065032959,discovery
0,irrelevant,stable,0.007358968257904053,0.10764837555751938,0.10885123716843126,0.05780438731043969,0.6229200959205627,0.06857170164585114,27.459941864013672,discovery
0,paraphrase,stable,0.09168165922164917,0.668386497102905,0.6018353856236993,0.36339630029247566,0.49345481395721436,0.08509513735771179,-22.135974884033203,discovery
0,weak_distractor,stable_shift,0.01469731330871582,0.14534559810175995,0.14485494403320265,0.07989879218809856,0.6212841868400574,0.06868934631347656,13.730175971984863,discovery
0,competition_balanced,competition,0.0028281211853027344,0.10071589964065109,0.07599367084505415,0.045591453214077676,0.6295552849769592,0.0661759302020073,16.721370697021484,discovery
0,direct_conflict,competition,0.002911865711212158,0.10071589964065109,0.09316216245490383,0.04992544837949481,0.6322367191314697,0.061918217688798904,-7.746752738952637,discovery
0,closure_update,closure,0.006884276866912842,0.12011471695156484,0.11358535417242,0.06186715621445263,0.6207802891731262,0.05096825957298279,-31.25619125366211,discovery
0,closure_override,closure,0.004258930683135986,0.165297541742344,0.1375704732184806,0.07784646908177414,0.6387948989868164,0.07171656936407089,-92.94217681884766,discovery
0,exception_override,closure,0.011116087436676025,0.1717447209117262,0.1430768026237309,0.08426342460220229,0.626904308795929,0.07095489650964737,-101.67961120605469,discovery
1,clean,stable,5.960464477539063e-08,0.0,0.0,2.9802322387695312e-08,0.6277973055839539,0.06917185336351395,12.39765453338623,discovery
1,rename,stable,0.06428396701812744,0.47347790538765555,0.43029228495490346,0.2580845310947035,0.5608373284339905,0.02549676038324833,20.694272994995117,discovery
1,permuted,stable,0.0003427267074584961,0.022910057996090916,0.018759840116634674,0.010588837881910645,0.6308820843696594,0.0704958513379097,15.092087745666504,discovery
1,redundant,stable,0.004356741905212402,0.10888789853191139,0.10178767346666939,0.054847263952251396,0.6195826530456543,0.06965768337249756,0.13239574432373047,discovery
1,irrelevant,stable,0.005007803440093994,0.09681129567799829,0.10363686894948199,0.052615942876917066,0.6230103373527527,0.07055222988128662,27.379756927490234,discovery
1,paraphrase,stable,0.0859937071800232,0.6582115876301724,0.5970332881973441,0.35680807254689073,0.4936635494232178,0.08072671294212341,-21.991878509521484,discovery
1,weak_distractor,stable_shift,0.011189818382263184,0.15187515730240353,0.13800698643929066,0.07806544512655514,0.6169418692588806,0.06742119044065475,26.140968322753906,discovery
1,competition_balanced,competition,0.0016202330589294434,0.08819092531184836,0.07557629877495664,0.04175192255116597,0.6267408132553101,0.06861350685358047,22.23223114013672,discovery
1,direct_conflict,competition,0.004194796085357666,0.10354747739577619,0.10147937177601263,0.05335411033562604,0.6217631697654724,0.06473783403635025,4.621622562408447,discovery
1,closure_update,closure,0.0071454644203186035,0.12642968791836084,0.11770652071981358,0.06460678436970291,0.6123126149177551,0.05362767353653908,-23.6788330078125,discovery
1,closure_override,closure,0.0027574896812438965,0.14479025615504604,0.12364228834253455,0.0684868809650171,0.638172447681427,0.06681104749441147,-75.78024291992188,discovery
1,exception_override,closure,0.004850506782531738,0.13387239831439102,0.12781255509706835,0.06784649174413071,0.6288777589797974,0.06675802171230316,-116.66594696044922,discovery
2,clean,stable,-1.1920928955078125e-07,0.0,0.0,-5.960464477539063e-08,0.6319946646690369,0.07027159631252289,12.39765453338623,discovery
2,rename,stable,0.07859021425247192,0.4791014446068761,0.4356756031486223,0.26798936906511056,0.5580610036849976,0.029260827228426933,43.97278594970703,discovery
2,permuted,stable,0.0005148053169250488,0.032309953684444004,0.020866684031744076,0.013551562087509544,0.6332456469535828,0.07305386662483215,36.968502044677734,discovery
2,redundant,stable,0.006537497043609619,0.12101705907826499,0.10541087621572942,0.05987573234530341,0.6229830980300903,0.0709281712770462,18.039569854736328,discovery
2,irrelevant,stable,0.0057721734046936035,0.11432168931387698,0.10026755115638564,0.05653339681991246,0.623735785484314,0.07190931588411331,37.405311584472656,discovery
2,paraphrase,stable,0.09633994102478027,0.666964050433885,0.602892569658122,0.3656341255353919,0.49461984634399414,0.05593067780137062,-40.18965530395508,discovery
2,weak_distractor,stable_shift,0.013405084609985352,0.14323721841225934,0.13697135756430912,0.07675468629913479,0.6225355863571167,0.0695611983537674,52.14046096801758,discovery
2,competition_balanced,competition,0.0026035308837890625,0.08548585735500236,0.0749614609610253,0.041413595020901445,0.6285306215286255,0.06816523522138596,5.672510623931885,discovery
2,direct_conflict,competition,0.004642605781555176,0.09754310948899159,0.0996937976281379,0.05163052967005996,0.6263107061386108,0.06294245272874832,6.6258769035339355,discovery
2,closure_update,closure,0.008301734924316406,0.13194966872726344,0.11670783729614875,0.06631524396801125,0.6148712635040283,0.054096072912216187,14.029064178466797,discovery
2,closure_override,closure,0.0052024126052856445,0.15487616526441517,0.13332210638167663,0.07465077421416577,0.6377496719360352,0.07315702736377716,-45.89870834350586,discovery
2,exception_override,closure,0.0061331987380981445,0.14867378730672565,0.13210817539800568,0.0732620900452319,0.6313713192939758,0.070379339158535,-41.98279571533203,discovery
3,clean,stable,1.1920928955078125e-07,0.0,0.0,5.960464477539063e-08,0.6323832869529724,0.06835706532001495,12.39765453338623,discovery
3,rename,stable,0.08637696504592896,0.4772523487145858,0.4375390012408933,0.2718863200118342,0.5582558512687683,0.036420177668333054,22.532114028930664,discovery
3,permuted,stable,0.00020641088485717773,0.019609727963087575,0.023603060070812698,0.010906402450903657,0.6314814686775208,0.07001722604036331,16.542240142822266,discovery
3,redundant,stable,0.006041049957275391,0.11192336701709549,0.11084452996867455,0.058712499225080206,0.6211259365081787,0.06909913569688797,8.966614723205566,discovery
3,irrelevant,stable,0.006215929985046387,0.1141294106076377,0.10185977178850203,0.05710526059155813,0.6259121894836426,0.0698041021823883,34.78904342651367,discovery
3,paraphrase,stable,0.10674601793289185,0.6666582301208284,0.6042686222055065,0.37110472204802963,0.4943784177303314,0.0445743091404438,-31.12368392944336,discovery
3,weak_distractor,stable_shift,0.013083577156066895,0.1398842508972935,0.13733900980431535,0.07584760375343566,0.6255024075508118,0.06493326276540756,36.462303161621094,discovery
3,competition_balanced,competition,0.0022971630096435547,0.08532470667135839,0.07143059252273887,0.04033740630334609,0.6261441111564636,0.06772208213806152,27.588064193725586,discovery
3,direct_conflict,competition,0.003342270851135254,0.10353454159574726,0.09630795303710382,0.0516317590837804,0.6275936961174011,0.06188599765300751,19.71862030029297,discovery
3,closure_update,closure,0.008097410202026367,0.12889411276073848,0.11731823012626152,0.06560179082276318,0.6187693476676941,0.05246129259467125,9.412944793701172,discovery
3,closure_override,closure,0.005921006202697754,0.1578311999037978,0.14010077484165329,0.07744349678771165,0.6380085349082947,0.07011327147483826,-43.1730842590332,discovery
3,exception_override,closure,0.007200717926025391,0.14003852671120276,0.13636817724340433,0.07270203495166447,0.6266474723815918,0.06948743015527725,-37.646278381347656,discovery
4,clean,stable,4.172325134277344e-07,0.0,0.0,2.086162567138672e-07,0.6299108266830444,0.07026687264442444,12.39765453338623,discovery
4,rename,stable,0.07067680358886719,0.483321877410949,0.43035364322305947,0.2637572819529357,0.5669938325881958,0.023805759847164154,34.64136505126953,discovery
4,permuted,stable,0.0002695918083190918,0.022908173170258173,0.020693238550520743,0.011035148834354275,0.6317496299743652,0.0714242085814476,4.578089237213135,discovery
4,redundant,stable,0.00703805685043335,0.11518446150254802,0.10538784650447208,0.0586621054269717,0.6221765875816345,0.07404858618974686,-5.2837724685668945,discovery
4,irrelevant,stable,0.0064719319343566895,0.09971167730036845,0.09583087257653145,0.05212160343640332,0.619972288608551,0.06847144663333893,38.52887725830078,discovery
4,paraphrase,stable,0.09604966640472412,0.6756936505079594,0.6067132108128541,0.36862654853256543,0.4944065809249878,0.05874311551451683,-24.334545135498047,discovery
4,weak_distractor,stable_shift,0.012482106685638428,0.14587078939561904,0.1314016462488814,0.07555916225394432,0.6200704574584961,0.07449058443307877,52.01776123046875,discovery
4,competition_balanced,competition,0.0010544061660766602,0.061005018350147266,0.06820096713030888,0.032828699453152366,0.6296867728233337,0.06999491155147552,36.400875091552734,discovery
4,direct_conflict,competition,0.002939581871032715,0.0789265675650136,0.08340079231860964,0.042051630906422166,0.627689778804779,0.06619610637426376,26.41413116455078,discovery
4,closure_update,closure,0.0077610015869140625,0.1053438580090017,0.09460268179974507,0.053867135745643724,0.6204358339309692,0.059198763221502304,1.8578872680664062,discovery
4,closure_override,closure,0.005402684211730957,0.15588414953324026,0.1317093853416127,0.07459972582457872,0.6345973014831543,0.07677087932825089,-89.1985855102539,discovery
4,exception_override,closure,0.00935596227645874,0.15155829174886248,0.139922048955607,0.07754806631434674,0.624035120010376,0.0799383595585823,-73.80008697509766,discovery
5,clean,stable,5.960464477539063e-08,0.0,0.0,2.9802322387695312e-08,0.622943103313446,0.07356271892786026,12.39765453338623,discovery
5,rename,stable,0.0523686408996582,0.46249830195063124,0.4197123214282291,0.2467369762945442,0.5665263533592224,0.034870196133852005,12.678013801574707,discovery
5,permuted,stable,0.00043272972106933594,0.023037597877434757,0.02895767548854422,0.013215183202029412,0.6279868483543396,0.07570863515138626,21.364395141601562,discovery
5,redundant,stable,0.004838228225708008,0.1171368415548103,0.10081116253555444,0.05690611513544519,0.6182106137275696,0.07756168395280838,-3.29366397857666,discovery
5,irrelevant,stable,0.004312455654144287,0.09397971792287318,0.09835550522641867,0.05024003361439511,0.6168947815895081,0.07120863348245621,17.88269805908203,discovery
5,paraphrase,stable,0.08697307109832764,0.669739194565411,0.5996555756823689,0.3608352281111088,0.49408578872680664,0.09359785914421082,-30.221824645996094,discovery
5,weak_distractor,stable_shift,0.007966876029968262,0.1256085122811883,0.12074347453994816,0.06557143472026825,0.6154598593711853,0.07371454685926437,23.505149841308594,discovery
5,competition_balanced,competition,0.0011234283447265625,0.07304030654086857,0.06722785940007292,0.035628755657598654,0.6196541786193848,0.07328211516141891,-14.29232120513916,discovery
5,direct_conflict,competition,0.0028001070022583008,0.09410000502202953,0.09101320797453794,0.04767835675027102,0.6193946003913879,0.07068174332380295,-21.894378662109375,discovery
5,closure_update,closure,0.0061980485916137695,0.11453061563812694,0.1075885378615048,0.05862881267071482,0.6138806939125061,0.0642295703291893,-57.811519622802734,discovery
5,closure_override,closure,0.0033190250396728516,0.1499396851974253,0.1237478491949533,0.07008139611793107,0.6317836046218872,0.0776989609003067,-112.06517028808594,discovery
5,exception_override,closure,0.008951365947723389,0.14851495277568683,0.1326304098398512,0.0747620236277462,0.6172922849655151,0.0798756554722786,-105.47760009765625,discovery
6,clean,stable,4.172325134277344e-07,0.0,0.0,2.086162567138672e-07,0.625241219997406,0.07105910032987595,12.39765453338623,discovery
6,rename,stable,0.051266610622406006,0.45729207132131655,0.41283026158106606,0.24316388853679866,0.5648060441017151,0.042585328221321106,14.237183570861816,discovery
6,permuted,stable,0.00018590688705444336,0.016372225457839895,0.022086601174837184,0.009707660101696491,0.6265509128570557,0.0744251236319542,6.038075923919678,discovery
6,redundant,stable,0.0037381649017333984,0.11225469652762277,0.09820939308483068,0.05448510485398006,0.6184845566749573,0.0754535123705864,3.632227897644043,discovery
6,irrelevant,stable,0.0041425228118896484,0.1150771102034206,0.09039172433316756,0.05343847004009186,0.61442631483078,0.07053229957818985,32.601539611816406,discovery
6,paraphrase,stable,0.08401721715927124,0.6656633658068378,0.5997566746892742,0.3583636187036636,0.4910637438297272,0.09012020379304886,-10.64458179473877,discovery
6,weak_distractor,stable_shift,0.008097708225250244,0.12895476007197726,0.1291670954891847,0.06857931800291561,0.6133773326873779,0.07523471862077713,17.87458610534668,discovery
6,competition_balanced,competition,0.0017320513725280762,0.07932487164896296,0.06603289517406197,0.03720546739202027,0.6172160506248474,0.07100657373666763,-9.6765775680542,discovery
6,direct_conflict,competition,0.0028297901153564453,0.10036834202719647,0.09064243634780933,0.04916758965142967,0.6184086203575134,0.06784500926733017,-6.252999305725098,discovery
6,closure_update,closure,0.005609989166259766,0.11463502555705007,0.10947367661978225,0.05883217012733796,0.6129648685455322,0.06007881462574005,-24.659805297851562,discovery
6,closure_override,closure,0.0037024617195129395,0.13549734388183488,0.12613732749261974,0.06725989870337012,0.6282966732978821,0.07799992710351944,-99.51818084716797,discovery
6,exception_override,closure,0.007322490215301514,0.13974183808604046,0.12934375133031217,0.07093264246173892,0.6185452938079834,0.07942874729633331,-107.42132568359375,discovery
7,clean,stable,-1.1920928955078125e-07,0.0,0.0,-5.960464477539063e-08,0.622290313243866,0.0699462890625,12.39765453338623,discovery
7,rename,stable,0.05759561061859131,0.4602996929305405,0.41234262462885574,0.24695838469914472,0.5551679134368896,0.034256499260663986,-1.1875419616699219,discovery
7,permuted,stable,0.0007436871528625488,0.03261691103433584,0.025227256061892356,0.014832885350488323,0.6247420907020569,0.07184472680091858,-14.572039604187012,discovery
7,redundant,stable,0.003830254077911377,0.11735158977722204,0.10075884654873724,0.05644273612044551,0.6171939969062805,0.07316198199987411,7.33669900894165,discovery
7,irrelevant,stable,0.0024189352989196777,0.10511299837737242,0.08982393681470258,0.04994370144747859,0.6178040504455566,0.06650527566671371,23.000797271728516,discovery
7,paraphrase,stable,0.08251231908798218,0.6608340521060985,0.5960404621482494,0.35547478810757804,0.49515390396118164,0.08460813015699387,-30.907020568847656,discovery
7,weak_distractor,stable_shift,0.006551861763000488,0.13453748454423786,0.12814841563135226,0.06894740592539778,0.6167019009590149,0.07029091566801071,4.288274765014648,discovery
7,competition_balanced,competition,0.0011240243911743164,0.08531630375571864,0.062091708713125304,0.03741401531279814,0.6192266941070557,0.0669306144118309,0.717076301574707,discovery
7,direct_conflict,competition,0.001742243766784668,0.09377946762776646,0.09344586446050762,0.04767745490546085,0.6222078800201416,0.06267131865024567,2.6279678344726562,discovery
7,closure_update,closure,0.004168689250946045,0.12820987563513864,0.11165151277373109,0.062049691727690454,0.6146447062492371,0.05750828981399536,-34.19284439086914,discovery
7,closure_override,closure,0.004515528678894043,0.16397983889279466,0.13304597122332618,0.07651421686847723,0.6279695630073547,0.07264209538698196,-119.6960220336914,discovery
7,exception_override,closure,0.0054547786712646484,0.1427367467413263,0.1295186828161503,0.07079124672500148,0.6185490489006042,0.07555105537176132,-136.3545379638672,discovery
8,clean,stable,0.0,0.0,0.0,0.0,0.6343569159507751,0.0687890350818634,12.39765453338623,discovery
8,rename,stable,0.08055341243743896,0.48028985365594956,0.4386979873258048,0.2700236664641581,0.5715723633766174,0.030428022146224976,30.424610137939453,discovery
8,permuted,stable,0.000770270824432373,0.02938129335492079,0.025852791223628824,0.01419365655685359,0.6312839984893799,0.06919406354427338,17.802993774414062,discovery
8,redundant,stable,0.006370067596435547,0.12369263719615187,0.10853805255844484,0.06124270623686695,0.6243515610694885,0.07183413952589035,19.388822555541992,discovery
8,irrelevant,stable,0.008824050426483154,0.1089189433597878,0.11392607486978867,0.060123279770635696,0.6216959357261658,0.07141534239053726,54.190670013427734,discovery
8,paraphrase,stable,0.11522096395492554,0.6813089790077151,0.6120625036881979,0.38095335265144104,0.494366854429245,0.044786836951971054,26.98832130432129,discovery
8,weak_distractor,stable_shift,0.02079904079437256,0.1621256962822556,0.1516127270439066,0.08883412622872683,0.620612621307373,0.06986642628908157,39.791107177734375,discovery
8,competition_balanced,competition,0.002398073673248291,0.07345386146717992,0.07895999245489804,0.039302500317143635,0.6288469433784485,0.06888291239738464,-2.0149154663085938,discovery
8,direct_conflict,competition,0.003912091255187988,0.08826363572561124,0.09464174880399634,0.04768239175999589,0.6287868022918701,0.06688209623098373,-15.983181953430176,discovery
8,closure_update,closure,0.009204506874084473,0.1259381504479543,0.10979064125533267,0.06353445136286398,0.618468701839447,0.05342203378677368,5.219719409942627,discovery
8,closure_override,closure,0.004921436309814453,0.14162754172613,0.130584363684362,0.07051369450753023,0.6381298303604126,0.06875195354223251,-55.17893600463867,discovery
8,exception_override,closure,0.008349061012268066,0.14821826415052441,0.13093256408308152,0.07396223756453552,0.6294389367103577,0.06885956972837448,-43.440574645996094,discovery
9,clean,stable,2.384185791015625e-07,0.0,0.0,1.1920928955078125e-07,0.6324333548545837,0.07028075307607651,12.39765453338623,discovery
9,rename,stable,0.08148890733718872,0.4812885488740488,0.4347039562557159,0.26974257995103557,0.5729119181632996,0.03829919174313545,29.65851593017578,discovery
9,permuted,stable,0.00018358230590820312,0.019421172886519344,0.023279630725546063,0.010766992055970454,0.632049024105072,0.07221298664808273,7.3484954833984375,discovery
9,redundant,stable,0.007037758827209473,0.09692096312973086,0.10572741404121777,0.054180973706341895,0.6235478520393372,0.07252056151628494,11.400359153747559,discovery
9,irrelevant,stable,0.012533485889434814,0.12020961186846624,0.11161296089815542,0.06422238613637282,0.6202862858772278,0.07269208133220673,37.809669494628906,discovery
9,paraphrase,stable,0.12403815984725952,0.6836241102268141,0.614948979038294,0.3866623522399068,0.4962157905101776,0.033167462795972824,19.771390914916992,discovery
9,weak_distractor,stable_shift,0.023782014846801758,0.1731540948591933,0.14985834748214488,0.09264411800873543,0.6186394095420837,0.06864046305418015,42.72389221191406,discovery
9,competition_balanced,competition,0.0041561126708984375,0.07321818803724167,0.07794559445095928,0.039869001957499456,0.627973735332489,0.07116525620222092,15.955904006958008,discovery
9,direct_conflict,competition,0.005144059658050537,0.09426800363239562,0.10119125524997419,0.05143684454961772,0.627751886844635,0.06837353110313416,1.3727588653564453,discovery
9,closure_update,closure,0.011761903762817383,0.14022839532212406,0.11814426536107481,0.07047411705220841,0.6174651980400085,0.05596325173974037,-1.3404979705810547,discovery
9,closure_override,closure,0.005204617977142334,0.14393531729064069,0.12259713039788034,0.06923542091070142,0.6380324959754944,0.06776606291532516,-67.77434539794922,discovery
9,exception_override,closure,0.009028792381286621,0.14827119083753615,0.1302293796455617,0.07413953881141777,0.6288305521011353,0.06808491796255112,-44.04060745239258,discovery
10,clean,stable,1.1920928955078125e-07,0.0,0.0,5.960464477539063e-08,0.6328141093254089,0.0700501948595047,12.39765453338623,discovery
10,rename,stable,0.07205712795257568,0.46958838667144465,0.43093893861192056,0.26116039529712914,0.5707263946533203,0.030459897592663765,85.32705688476562,discovery
10,permuted,stable,0.0003930330276489258,0.029009623651440664,0.023687941052181638,0.013370907689730038,0.6313896179199219,0.07194098830223083,6.75137996673584,discovery
10,redundant,stable,0.005053997039794922,0.10043228164133389,0.0976739182378088,0.05205354848968313,0.623269259929657,0.0725095197558403,8.391515731811523,discovery
10,irrelevant,stable,0.005107402801513672,0.10903923045894415,0.1033158694437134,0.055642476376421224,0.6238618493080139,0.07058129459619522,48.12680435180664,discovery
10,paraphrase,stable,0.10148268938064575,0.676415011130971,0.6081182426558562,0.3718746581370297,0.4949120283126831,0.034406375139951706,20.355234146118164,discovery
10,weak_distractor,stable_shift,0.012619853019714355,0.13623258172878716,0.14416930941230177,0.07641039929512941,0.6198719143867493,0.068374864757061,61.3045539855957,discovery
10,competition_balanced,competition,0.001143038272857666,0.06740819305068302,0.07726624634193635,0.036740128984583675,0.6284791827201843,0.0701451301574707,18.493850708007812,discovery
10,direct_conflict,competition,0.0023035407066345215,0.08585014578118644,0.1002243112593485,0.047670384613450995,0.6306445598602295,0.06583495438098907,24.400142669677734,discovery
10,closure_update,closure,0.00977557897567749,0.1259896336798657,0.11661174501348814,0.06553813416117721,0.6154026389122009,0.053950414061546326,12.525398254394531,discovery
10,closure_override,closure,0.0023442506790161133,0.12830673231131196,0.1255839609325773,0.06464479865048037,0.633873462677002,0.07194042950868607,-73.84434509277344,discovery
10,exception_override,closure,0.0036946535110473633,0.12003284245847479,0.13230477170910226,0.06493173029741794,0.6308174133300781,0.07205451279878616,-65.13057708740234,discovery
11,clean,stable,5.960464477539063e-08,0.0,0.0,2.9802322387695312e-08,0.6304699182510376,0.06714915484189987,12.39765453338623,discovery
11,rename,stable,0.07873177528381348,0.46475210278666645,0.43076304012589217,0.2632446733700464,0.5680126547813416,0.02870156802237034,30.445613861083984,discovery
11,permuted,stable,0.00020051002502441406,0.019609727963087575,0.020851662722608744,0.010215602683936287,0.6299485564231873,0.0674748420715332,-2.3678741455078125,discovery
11,redundant,stable,0.006344854831695557,0.12051144412885251,0.10472424185043916,0.059481348910670695,0.6265227198600769,0.0672355368733406,0.4853096008300781,discovery
11,irrelevant,stable,0.006292998790740967,0.12271956602707101,0.10453468107675301,0.05996006117132649,0.6248674988746643,0.06605403870344162,43.894954681396484,discovery
11,paraphrase,stable,0.10592925548553467,0.6715716304016797,0.6045865234980945,0.3720041662177109,0.4922701418399811,0.05947418883442879,9.59404468536377,discovery
11,weak_distractor,stable_shift,0.014865100383758545,0.16645438896043396,0.14639093886118115,0.08564388214728305,0.6229052543640137,0.06062113121151924,57.66188049316406,discovery
11,competition_balanced,competition,0.001384735107421875,0.082377374701466,0.07677049596211816,0.04047933521960698,0.6269264817237854,0.06673415750265121,18.861116409301758,discovery
11,direct_conflict,competition,0.0036897659301757812,0.10838292255167403,0.09853093066307561,0.0535733462687753,0.6301159858703613,0.060059595853090286,24.299169540405273,discovery
11,closure_update,closure,0.013312339782714844,0.1429638030298096,0.12377354766773951,0.0733405075657447,0.613823413848877,0.050029922276735306,-8.369891166687012,discovery
11,closure_override,closure,0.004803776741027832,0.15913433930452048,0.1359720640069404,0.07617848919837913,0.6341911554336548,0.07076246291399002,-92.61518859863281,discovery
11,exception_override,closure,0.00797659158706665,0.15601818570417858,0.1407055519949486,0.07816923021831512,0.6264498233795166,0.07117823511362076,-77.68449401855469,discovery
12,clean,stable,0.0,0.0,0.0,0.0,0.6333827376365662,0.06873176246881485,12.39765453338623,discovery
12,rename,stable,0.07424396276473999,0.4718167990236467,0.425707873056944,0.2615031494025177,0.5682663321495056,0.03396492823958397,20.329620361328125,discovery
12,permuted,stable,0.0004183053970336914,0.03572868599077095,0.023192475578873606,0.014939443090927984,0.6356693506240845,0.07186108827590942,-8.211689949035645,discovery
12,redundant,stable,0.0065582990646362305,0.12681250066079952,0.10179278877098863,0.06043047189026515,0.6224923729896545,0.06904076039791107,1.97491455078125,discovery
12,irrelevant,stable,0.007188618183135986,0.11127769571854029,0.1152416919433118,0.060224156007031016,0.6199881434440613,0.06943919509649277,41.0688362121582,discovery
12,paraphrase,stable,0.10709834098815918,0.6765523633789003,0.608808444255591,0.3748893724027024,0.49312540888786316,0.06938329339027405,6.267670154571533,discovery
12,weak_distractor,stable_shift,0.015042722225189209,0.15633935208705108,0.14335329506017525,0.08244452289940118,0.6199851632118225,0.0671578124165535,31.408489227294922,discovery
12,competition_balanced,competition,0.0025796890258789062,0.09201113148722617,0.07983765307917035,0.04425204065453858,0.6234522461891174,0.06688664108514786,5.8820905685424805,discovery
12,direct_conflict,competition,0.003427743911743164,0.10637270993398085,0.09561122943952116,0.052209856799247084,0.6269485354423523,0.06261305510997772,-12.970070838928223,discovery
12,closure_update,closure,0.00766521692276001,0.12641097584432714,0.11152942201616389,0.06331770792650276,0.6201156377792358,0.05339369550347328,-14.66405963897705,discovery
12,closure_override,closure,0.005175948143005371,0.15625266975618424,0.13738866894264212,0.07599830874620928,0.6347385048866272,0.06731615215539932,-101.9859848022461,discovery
12,exception_override,closure,0.010107755661010742,0.162922431834991,0.1459616145096626,0.08227488941666877,0.6276673674583435,0.07100445032119751,-98.37920379638672,discovery
13,clean,stable,-1.1920928955078125e-07,0.0,0.0,-5.960464477539063e-08,0.6262477040290833,0.07063444703817368,12.39765453338623,discovery
13,rename,stable,0.06538736820220947,0.46845612355148447,0.4220832399906548,0.25532852498663955,0.5630794167518616,0.03571372851729393,18.764890670776367,discovery
13,permuted,stable,0.0007295012474060059,0.02938129335492079,0.022137286927747968,0.013244395694370192,0.6302807331085205,0.07359569519758224,22.53583526611328,discovery
13,redundant,stable,0.003453075885772705,0.10277300954089819,0.09678111460448813,0.05161506897923293,0.615760862827301,0.07158991694450378,4.9988112449646,discovery
13,irrelevant,stable,0.004858255386352539,0.11126918626137394,0.11446803499703251,0.05886343300777788,0.6221488118171692,0.07009844481945038,32.96723937988281,discovery
13,paraphrase,stable,0.09756511449813843,0.6701088570527554,0.6039783187009165,0.36730435118748717,0.49396514892578125,0.07103487849235535,0.3569774627685547,discovery
13,weak_distractor,stable_shift,0.010511696338653564,0.1452793350962719,0.13585568657551683,0.07553960358727396,0.6163210272789001,0.06520283967256546,37.85659408569336,discovery
13,competition_balanced,competition,0.001713395118713379,0.08849749682301777,0.07760083129115936,0.04238127958790097,0.6199960708618164,0.06821726262569427,3.125088691711426,discovery
13,direct_conflict,competition,0.0027214884757995605,0.1150961571687551,0.10485711756772254,0.05634906292201919,0.622389554977417,0.063336081802845,-12.588480949401855,discovery
13,closure_update,closure,0.006796717643737793,0.12635338144711017,0.11904226243980742,0.0647472697935983,0.6091521382331848,0.05590503290295601,-4.9963178634643555,discovery
13,closure_override,closure,0.002741992473602295,0.14681982173277763,0.1235534346651207,0.06896431033627573,0.6346051096916199,0.06170538067817688,-102.820068359375,discovery
13,exception_override,closure,0.005675196647644043,0.15091212837525203,0.1346343240599327,0.0742242114326182,0.6254041790962219,0.0661405622959137,-95.90646362304688,discovery
14,clean,stable,1.1920928955078125e-07,0.0,0.0,5.960464477539063e-08,0.6298982501029968,0.07227540761232376,12.39765453338623,discovery
14,rename,stable,0.07936406135559082,0.4683661433990781,0.4285794918780036,0.26391843949706584,0.5605753660202026,0.03985060378909111,36.10845184326172,discovery
14,permuted,stable,0.00031512975692749023,0.026145675675505853,0.02668974769661092,0.013366420721492939,0.6308653354644775,0.07692159712314606,34.69570541381836,discovery
14,redundant,stable,0.004422187805175781,0.11500134687563601,0.0978825751420368,0.05543207440700609,0.6219047904014587,0.07288964092731476,17.92002296447754,discovery
14,irrelevant,stable,0.005826830863952637,0.1179335111978852,0.11061534983158339,0.060050630689343465,0.621626079082489,0.07180588692426682,40.89473342895508,discovery
14,paraphrase,stable,0.11132490634918213,0.6732368423309869,0.6072128575592628,0.3757748781471535,0.4934871196746826,0.050689946860075,-1.2470064163208008,discovery
14,weak_distractor,stable_shift,0.013751804828643799,0.153673936791625,0.13548320439537243,0.07916518771107126,0.617432177066803,0.0683036521077156,59.33681106567383,discovery
14,competition_balanced,competition,0.0027008056640625,0.09131258315429058,0.0780487938119313,0.04369074707358672,0.6209633350372314,0.06845428794622421,23.812929153442383,discovery
14,direct_conflict,competition,0.003060638904571533,0.10620728481983355,0.1021790274879314,0.053626897529227,0.6229884624481201,0.06374677270650864,-6.228348731994629,discovery
14,closure_update,closure,0.008423328399658203,0.13108102476216377,0.11814798846431929,0.06651891750644987,0.6103895902633667,0.05820249393582344,-1.9592781066894531,discovery
14,closure_override,closure,0.004867494106292725,0.15759733880639104,0.13373786542912924,0.07526754811202643,0.6345202326774597,0.06919091939926147,-54.45856857299805,discovery
14,exception_override,closure,0.004712879657745361,0.15111811331929736,0.1375473823936374,0.07452281375710637,0.6306032538414001,0.0712980255484581,-34.73799133300781,discovery
15,clean,stable,5.960464477539063e-08,0.0,0.0,2.9802322387695312e-08,0.6338809132575989,0.06649710983037949,12.39765453338623,discovery
15,rename,stable,0.09387755393981934,0.4816809559516191,0.43566484239355285,0.2762752265562026,0.5587913393974304,0.047864168882369995,53.228981018066406,discovery
15,permuted,stable,0.00035458803176879883,0.0324930683113559,0.03325859140241183,0.016615208944326332,0.6331647038459778,0.07160414010286331,21.129722595214844,discovery
15,redundant,stable,0.006052076816558838,0.10579408081621644,0.10411613566798661,0.05550359252933018,0.6209826469421387,0.06769656389951706,17.601293563842773,discovery
15,irrelevant,stable,0.00832432508468628,0.12285285784241173,0.11137304707075513,0.06271863877063485,0.6230072379112244,0.0663570985198021,45.783321380615234,discovery
15,paraphrase,stable,0.1263284683227539,0.6772339260229971,0.6101708585889205,0.38501543031435637,0.491546630859375,0.03614761307835579,7.65999174118042,discovery
15,weak_distractor,stable_shift,0.014083564281463623,0.15076994745792893,0.13656329680906476,0.07887509320748023,0.6237370371818542,0.06042741239070892,49.53701400756836,discovery
15,competition_balanced,competition,0.0021708011627197266,0.09444084953457799,0.07609997304993754,0.043720606227488745,0.6255307793617249,0.06469646841287613,31.589378356933594,discovery
15,direct_conflict,competition,0.003783702850341797,0.11214429231447365,0.10338271795807241,0.055773603993307413,0.6256016492843628,0.058185819536447525,14.253345489501953,discovery
15,closure_update,closure,0.008026182651519775,0.13481713991086852,0.12059648710665682,0.06786649808014122,0.6155378222465515,0.05188756808638573,17.37863540649414,discovery
15,closure_override,closure,0.008790016174316406,0.16332225019167979,0.14643062828840614,0.08183322770717968,0.637138307094574,0.06430456787347794,-46.97280502319336,discovery
15,exception_override,closure,0.009112238883972168,0.15179579791713083,0.14594643934891527,0.07899167875849761,0.6274478435516357,0.06973759084939957,-24.482933044433594,discovery
16,clean,stable,-1.1920928955078125e-07,0.0,0.0,-5.960464477539063e-08,0.6349659562110901,0.06718581169843674,12.39765453338623,discovery
16,rename,stable,0.0730239748954773,0.4759146688164194,0.43397783165913173,0.26398511256662643,0.5703539252281189,0.03283094987273216,55.68977355957031,discovery
16,permuted,stable,0.00032269954681396484,0.029009623651440664,0.0334162897668816,0.01576782812798755,0.6389498114585876,0.06873475760221481,8.9015474319458,discovery
16,redundant,stable,0.006786227226257324,0.12969700510293636,0.10990883416455699,0.063294573430002,0.6253890991210938,0.07090802490711212,2.463092803955078,discovery
16,irrelevant,stable,0.008092045783996582,0.12671293803369277,0.12246926494694799,0.06634157363715848,0.6260047554969788,0.07093511521816254,40.69413757324219,discovery
16,paraphrase,stable,0.11051851511001587,0.6885219512999751,0.6189375982812637,0.38212414495031766,0.48555922508239746,0.071424700319767,5.410479545593262,discovery
16,weak_distractor,stable_shift,0.012609243392944336,0.16979158166497132,0.15666763441433573,0.08791942571629893,0.6243202090263367,0.06843788176774979,53.306068420410156,discovery
16,competition_balanced,competition,0.0018336772918701172,0.09201113148722617,0.0789094675221832,0.0436469883982874,0.6298856139183044,0.0687011107802391,53.35767364501953,discovery
16,direct_conflict,competition,0.00299149751663208,0.09778026288929709,0.09661334002089006,0.05009414948586283,0.6329562067985535,0.06606452167034149,46.78499221801758,discovery
16,closure_update,closure,0.007384538650512695,0.12615831990507775,0.10832064305630196,0.062312010065601275,0.6224526762962341,0.058393772691488266,12.872843742370605,discovery
16,closure_override,closure,0.004069328308105469,0.1390744222129362,0.14201499372174686,0.0723070181377235,0.6358046531677246,0.0764399841427803,-79.2768783569336,discovery
16,exception_override,closure,0.008645772933959961,0.15439034590033396,0.16126180755390307,0.08323592483053924,0.6270899176597595,0.0776982381939888,-75.03911590576172,discovery
17,clean,stable,3.5762786865234375e-07,0.0,0.0,1.7881393432617188e-07,0.6324705481529236,0.070236936211586,12.39765453338623,discovery
17,rename,stable,0.07517224550247192,0.47294589817151544,0.42954834525847796,0.2632096836087343,0.5574226379394531,0.04781798645853996,45.989620208740234,discovery
17,permuted,stable,0.0003981590270996094,0.026145675675505853,0.02350918297967841,0.01261279417734587,0.6322206854820251,0.06991200894117355,27.37161636352539,discovery
17,redundant,stable,0.004878997802734375,0.11764522548836276,0.1003318663190561,0.056933771853221904,0.6206035017967224,0.07335299253463745,4.367440223693848,discovery
17,irrelevant,stable,0.008597970008850098,0.1313370876477672,0.11936655299021581,0.0669748951639208,0.6187021136283875,0.07103873789310455,42.147274017333984,discovery
17,paraphrase,stable,0.1038389801979065,0.6830696826053745,0.6150459982643071,0.37644841031637366,0.48600438237190247,0.09835224598646164,3.7218523025512695,discovery
17,weak_distractor,stable_shift,0.010793864727020264,0.16679667300968537,0.1421166720700735,0.08262526863344985,0.6179834008216858,0.06598765403032303,50.74553680419922,discovery
17,competition_balanced,competition,0.002085745334625244,0.09432398323342905,0.07524978823149786,0.04343631553354435,0.6248690485954285,0.07070135325193405,16.670177459716797,discovery
17,direct_conflict,competition,0.002674281597137451,0.11471438494232267,0.10102780630798802,0.0552726886111464,0.6262298822402954,0.06737815588712692,0.8200864791870117,discovery
17,closure_update,closure,0.006358504295349121,0.1112215263812617,0.11376284091797428,0.05942534397248356,0.6169844269752502,0.06038050726056099,-17.3804931640625,discovery
17,closure_override,closure,0.0034257173538208008,0.14823655025736493,0.12827777999649304,0.07084144124037489,0.6301674246788025,0.07645145803689957,-74.5730209350586,discovery
17,exception_override,closure,0.011067867279052734,0.16311564013011237,0.15266956185090308,0.08448023413478023,0.6184099316596985,0.07761211693286896,-98.08953857421875,discovery
18,clean,stable,2.384185791015625e-07,0.0,0.0,1.1920928955078125e-07,0.6287068724632263,0.06908280402421951,12.39765453338623,discovery
18,rename,stable,0.06726497411727905,0.4634056149401419,0.42301515391707023,0.25523767927294255,0.5578973293304443,0.04968538507819176,18.367820739746094,discovery
18,permuted,stable,0.0003628730773925781,0.026145675675505853,0.024674507306318816,0.012886482284152456,0.6329209208488464,0.07082485407590866,4.9501729011535645,discovery
18,redundant,stable,0.0031030774116516113,0.09771427788445919,0.09890469418655423,0.05070628172357916,0.6214017271995544,0.07264220714569092,2.5326156616210938,discovery
18,irrelevant,stable,0.006342947483062744,0.11780781570870935,0.11621503636810215,0.06167718676073425,0.6192812919616699,0.07217391580343246,24.962318420410156,discovery
18,paraphrase,stable,0.0992041826248169,0.6809199883638828,0.6124988058423118,0.3729567898639571,0.4843274652957916,0.09540963172912598,-6.033465385437012,discovery
18,weak_distractor,stable_shift,0.010289609432220459,0.1561997430691725,0.1503434951448107,0.08178061426960603,0.6194289326667786,0.07025361806154251,11.635570526123047,discovery
18,competition_balanced,competition,0.0014759302139282227,0.08872476733731627,0.0751191288005284,0.04169893914142528,0.6240316033363342,0.07041793316602707,0.11282634735107422,discovery
18,direct_conflict,competition,0.002995908260345459,0.09443133453255648,0.10381074096373999,0.051058473004246846,0.6238021850585938,0.06767360866069794,-7.38845157623291,discovery
18,closure_update,closure,0.005683243274688721,0.11185493103383626,0.1182460449213023,0.060366865626129,0.6154921650886536,0.057239215821027756,-36.0592155456543,discovery
18,closure_override,closure,0.0038143396377563477,0.150579241602807,0.13758377022809787,0.07394792277660439,0.6301345825195312,0.07727698236703873,-99.55059814453125,discovery
18,exception_override,closure,0.007981956005096436,0.15511100088004337,0.15121600048941553,0.08057272834491294,0.6202731728553772,0.0771741047501564,-98.32804870605469,discovery
19,clean,stable,0.0,0.0,0.0,0.0,0.6304351687431335,0.06431648880243301,12.39765453338623,discovery
19,rename,stable,0.07430291175842285,0.46461049081654093,0.4238038949056271,0.25925505230975343,0.5533397793769836,0.0433749258518219,21.544391632080078,discovery
19,permuted,stable,0.0004591941833496094,0.029446005708509193,0.02567065812004099,0.01400876304881235,0.6314709782600403,0.06478094309568405,-0.2393045425415039,discovery
19,redundant,stable,0.004938602447509766,0.11259141255503502,0.10468975482010945,0.056789593067541,0.6224741339683533,0.06817559897899628,11.670120239257812,discovery
19,irrelevant,stable,0.00587916374206543,0.11509615716875488,0.10942990451809764,0.059071097292745844,0.624264657497406,0.06764333695173264,29.703781127929688,discovery
19,paraphrase,stable,0.10187160968780518,0.6778012059287379,0.610245854094849,0.3729475698497993,0.48467516899108887,0.0953802540898323,-11.474242210388184,discovery
19,weak_distractor,stable_shift,0.009314298629760742,0.16291392237782454,0.14754336223852071,0.08227147046896668,0.6215174198150635,0.06211685761809349,19.82970428466797,discovery
19,competition_balanced,competition,0.0017396807670593262,0.08849749682301777,0.07080519933200413,0.04069551442228514,0.6271166801452637,0.06460200995206833,15.774784088134766,discovery
19,direct_conflict,competition,0.003649592399597168,0.11515375156597207,0.10244496299178574,0.05622447483923804,0.6281202435493469,0.05933535471558571,26.164714813232422,discovery
19,closure_update,closure,0.00862729549407959,0.1353086773812754,0.11806592643664926,0.06765729870152096,0.6146159172058105,0.05262460187077522,-7.94010066986084,discovery
19,closure_override,closure,0.005346536636352539,0.1547840085875336,0.13646922028900976,0.07548657553731211,0.6310393214225769,0.07064687460660934,-109.17886352539062,discovery
19,exception_override,closure,0.008864521980285645,0.15505374137412675,0.14716942372566055,0.07998805226508965,0.6223626732826233,0.07388442754745483,-111.26530456542969,discovery
20,clean,stable,-2.384185791015625e-07,0.0,0.0,-1.1920928955078125e-07,0.6342293620109558,0.06680826097726822,12.39765453338623,discovery
20,rename,stable,0.09406518936157227,0.4904060815914919,0.4428230784087971,0.28033988468085835,0.5582347512245178,0.02499541826546192,38.29559326171875,discovery
20,permuted,stable,0.00024706125259399414,0.022910057996090916,0.028172935248378494,0.01289427893741435,0.6327895522117615,0.06789631396532059,18.452077865600586,discovery
20,redundant,stable,0.009608209133148193,0.13151740446957605,0.11608578116083645,0.06670490097417722,0.6227139830589294,0.06794317811727524,17.516977310180664,discovery
20,irrelevant,stable,0.0048323869705200195,0.10827427760608799,0.10508588450110856,0.05575623401205915,0.6299810409545898,0.06605829298496246,42.48149490356445,discovery
20,paraphrase,stable,0.11653172969818115,0.6813325762010671,0.6081515980718404,0.38063690841731745,0.49397778511047363,0.0878247395157814,-13.58838176727295,discovery
20,weak_distractor,stable_shift,0.015615463256835938,0.15058018629437797,0.14938705006471764,0.08279954071819187,0.6250267624855042,0.07109382003545761,42.947166442871094,discovery
20,competition_balanced,competition,0.0026857852935791016,0.07916042866242046,0.0821978609200068,0.041682465042396366,0.6315554976463318,0.06485679000616074,5.793401718139648,discovery
20,direct_conflict,competition,0.0028111934661865234,0.09743270527584258,0.09633977728021426,0.04984871737210747,0.6348333358764648,0.060745883733034134,5.360208034515381,discovery
20,closure_update,closure,0.009915590286254883,0.12228360069939592,0.11631304927044306,0.06460695763558719,0.6209718585014343,0.04881991818547249,14.452901840209961,discovery
20,closure_override,closure,0.007766544818878174,0.15735662978226195,0.14255486949289475,0.07886114722822826,0.6365516781806946,0.07337804138660431,-55.642024993896484,discovery
20,exception_override,closure,0.010102152824401855,0.15155829174886248,0.1386549089384398,0.0776043765840265,0.6292764544487,0.07251118868589401,-33.54728698730469,discovery
21,clean,stable,1.1920928955078125e-07,0.0,0.0,5.960464477539063e-08,0.6372868418693542,0.07103501260280609,12.39765453338623,discovery
21,rename,stable,0.1054069995880127,0.4902101996455809,0.4408803443224102,0.2854761357860041,0.5575506687164307,0.03764761611819267,43.33422088623047,discovery
21,permuted,stable,0.0005061030387878418,0.029316581001332498,0.02431843921995247,0.013661806574715163,0.6337845921516418,0.07466525584459305,32.06161117553711,discovery
21,redundant,stable,0.011742234230041504,0.12066594584098667,0.10948575120218551,0.0634090413758138,0.6260390877723694,0.07351025193929672,21.199710845947266,discovery
21,irrelevant,stable,0.00829780101776123,0.10859644303728766,0.10115266787318655,0.05658617823649917,0.6288909316062927,0.07132776826620102,29.293228149414062,discovery
21,paraphrase,stable,0.12838363647460938,0.6861027417994037,0.6096004911445017,0.388117626473281,0.4934810698032379,0.06992458552122116,-3.6196584701538086,discovery
21,weak_distractor,stable_shift,0.02284395694732666,0.15689394298343806,0.14403521154635301,0.0866542671061111,0.623648464679718,0.07037174701690674,47.70901107788086,discovery
21,competition_balanced,competition,0.002812027931213379,0.0853211510475349,0.07520678299963357,0.04153799747739881,0.6319608092308044,0.07082030922174454,16.708351135253906,discovery
21,direct_conflict,competition,0.005392313003540039,0.10326835576558102,0.10009037857543512,0.053535840087024056,0.6325889825820923,0.06715532392263412,13.415000915527344,discovery
21,closure_update,closure,0.014326214790344238,0.14276875533943023,0.12573766295925015,0.07428971196984221,0.6184271574020386,0.05330650508403778,15.80863094329834,discovery
21,closure_override,closure,0.010714888572692871,0.15938740797084472,0.13352922923869137,0.07858660358873046,0.6363447308540344,0.07110592722892761,-41.16536331176758,discovery
21,exception_override,closure,0.012204527854919434,0.1539872730347981,0.13701603000900475,0.07885308968841043,0.6246587634086609,0.07121846824884415,-26.899681091308594,discovery
22,clean,stable,0.0,0.0,0.0,0.0,0.6349417567253113,0.070405013859272,12.39765453338623,discovery
22,rename,stable,0.08259695768356323,0.47248160932729844,0.4374421601864643,0.2687794212202223,0.5631985068321228,0.025314949452877045,66.75088500976562,discovery
22,permuted,stable,0.0002790093421936035,0.022910057996090916,0.024337764994632916,0.01195146041877776,0.635383665561676,0.07421977072954178,16.97051239013672,discovery
22,redundant,stable,0.008014857769012451,0.121137346177421,0.10253329449295878,0.05992508905210117,0.6259695291519165,0.07080752402544022,-7.351357460021973,discovery
22,irrelevant,stable,0.007027626037597656,0.11499458214363267,0.09944338788837082,0.0571233055267997,0.626403272151947,0.06704897433519363,38.438846588134766,discovery
22,paraphrase,stable,0.10422146320343018,0.6821527727395835,0.6060346621430608,0.37415759032237617,0.49361738562583923,0.06479185819625854,-8.649331092834473,discovery
22,weak_distractor,stable_shift,0.0163077712059021,0.15392620818694214,0.14422892750182814,0.08269266952514362,0.6217617988586426,0.0728759840130806,47.13398361206055,discovery
22,competition_balanced,competition,0.001570582389831543,0.0703420865107448,0.07327963609310151,0.03669072184587735,0.6321963667869568,0.06778352707624435,29.376171112060547,discovery
22,direct_conflict,competition,0.004346191883087158,0.10388526899430317,0.09755010561561217,0.052531939594022414,0.6322473883628845,0.06325992196798325,30.017528533935547,discovery
22,closure_update,closure,0.01323080062866211,0.14356265599836504,0.12137535118400944,0.07284990210992467,0.6156157851219177,0.049920160323381424,1.3672094345092773,discovery
22,closure_override,closure,0.0060225725173950195,0.14550938242116285,0.13280482626925583,0.07258983843130218,0.6346511244773865,0.07468945533037186,-86.76176452636719,discovery
22,exception_override,closure,0.005690574645996094,0.1438303968174489,0.132605608354882,0.07195428861608077,0.6309133172035217,0.07391206175088882,-63.239620208740234,discovery
23,clean,stable,5.960464477539063e-08,0.0,0.0,2.9802322387695312e-08,0.6309933066368103,0.06905497610569,12.39765453338623,discovery
23,rename,stable,0.06983053684234619,0.4690615088725614,0.4321107336671467,0.26020832905610014,0.5595617890357971,0.028429143130779266,40.08323669433594,discovery
23,permuted,stable,0.0002326369285583496,0.02278063328891422,0.024434641025392723,0.01192013704285591,0.6298621296882629,0.07068173587322235,9.913568496704102,discovery
23,redundant,stable,0.005051791667938232,0.10574259758430504,0.10997579959695714,0.05645549512928466,0.6218339800834656,0.06853196769952774,-16.441375732421875,discovery
23,irrelevant,stable,0.0033150315284729004,0.102191790895521,0.10369658489383438,0.05312960971157529,0.625920832157135,0.06366700679063797,28.41120147705078,discovery
23,paraphrase,stable,0.09454607963562012,0.6639584268479937,0.6008930404014978,0.36348590663018293,0.4923160970211029,0.09787831455469131,-8.27065372467041,discovery
23,weak_distractor,stable_shift,0.010416567325592041,0.1530305066011759,0.14675397889282948,0.08015440503629737,0.6224852204322815,0.06543796509504318,38.46285629272461,discovery
23,competition_balanced,competition,0.0011612176895141602,0.07592481098300541,0.0791353714377786,0.03934565444995308,0.6275206208229065,0.06571616977453232,1.9918394088745117,discovery
23,direct_conflict,competition,0.0031293630599975586,0.10249177182358216,0.10561591430552397,0.05359160306227531,0.6268909573554993,0.06044584512710571,-5.180167198181152,discovery
23,closure_update,closure,0.00876617431640625,0.12816790740524897,0.12924532863791038,0.06873639616899296,0.6145023703575134,0.04737652838230133,-9.616599082946777,discovery
23,closure_override,closure,0.005146026611328125,0.1554264026664024,0.14988331662907128,0.07890044312953248,0.6330572962760925,0.07455279678106308,-104.79122924804688,discovery
23,exception_override,closure,0.008116185665130615,0.1540055591416386,0.14774049523454658,0.0794946064266116,0.6251603960990906,0.07413122802972794,-96.26261901855469,discovery
24,clean,stable,-1.1920928955078125e-07,0.0,0.0,-5.960464477539063e-08,0.627903401851654,0.06710705161094666,12.39765453338623,discovery
24,rename,stable,0.08072245121002197,0.4924353981085675,0.4459495203266304,0.27495745521381043,0.5557059645652771,0.04575609043240547,23.514726638793945,discovery
24,permuted,stable,0.00024503469467163086,0.019545015609499283,0.02273451707565677,0.010692400518624828,0.6291709542274475,0.06771405041217804,-7.361950874328613,discovery
24,redundant,stable,0.008324027061462402,0.1353425571029523,0.12226837606455965,0.06856474682260918,0.6171132922172546,0.06799661368131638,2.599079132080078,discovery
24,irrelevant,stable,0.01083362102508545,0.12026403648058193,0.12595270440935658,0.06697099573502735,0.6147618889808655,0.06973670423030853,38.77259063720703,discovery
24,paraphrase,stable,0.11180675029754639,0.6676440348615815,0.6103960273769531,0.37541339070840685,0.48723816871643066,0.09802184253931046,6.114930152893066,discovery
24,weak_distractor,stable_shift,0.015909671783447266,0.16178435969465166,0.1596628315741775,0.08831663370893092,0.6184870600700378,0.06993278115987778,34.265804290771484,discovery
24,competition_balanced,competition,0.004380762577056885,0.10902969849563149,0.08784657919641914,0.0514094507115411,0.6230407357215881,0.06911240518093109,18.233739852905273,discovery
24,direct_conflict,competition,0.004012882709503174,0.11453650344594946,0.1074069429903921,0.05749230296383698,0.6277502775192261,0.0638776570558548,8.26485824584961,discovery
24,closure_update,closure,0.008218467235565186,0.12336730197985091,0.11719728204602842,0.06425037962425242,0.6106102466583252,0.05283112823963165,-12.181164741516113,discovery
24,closure_override,closure,0.009490609169006348,0.17680112132825088,0.15304603529177774,0.08720709373951033,0.6347271800041199,0.07365667074918747,-109.96922302246094,discovery
24,exception_override,closure,0.015916168689727783,0.18285330687892243,0.16114868460380427,0.09395858221554557,0.6241616606712341,0.07488230615854263,-99.11437225341797,discovery
25,clean,stable,-1.1920928955078125e-07,0.0,0.0,-5.960464477539063e-08,0.6253573298454285,0.07000519335269928,12.39765453338623,discovery
25,rename,stable,0.06706124544143677,0.47649758663804576,0.438272187852763,0.2622230663434206,0.5522583723068237,0.04482151195406914,16.974224090576172,discovery
25,permuted,stable,0.00042623281478881836,0.026145675675505853,0.019824301939292188,0.01170561081109392,0.6266819834709167,0.07137962430715561,14.922056198120117,discovery
25,redundant,stable,0.005962729454040527,0.12668754585143782,0.11103675279721992,0.0624124393891847,0.6116698384284973,0.07090571522712708,-3.2455129623413086,discovery
25,irrelevant,stable,0.005934476852416992,0.10619482843760764,0.12010480552760494,0.05954214691751164,0.6148402690887451,0.07104440778493881,23.054664611816406,discovery
25,paraphrase,stable,0.09920477867126465,0.663763610510036,0.6036272660198083,0.3664501084680934,0.48928502202033997,0.09689852595329285,15.115522384643555,discovery
25,weak_distractor,stable_shift,0.012713491916656494,0.15595598113102194,0.1507984005689087,0.0830453413833109,0.6126179695129395,0.0690455511212349,35.92397689819336,discovery
25,competition_balanced,competition,0.002770721912384033,0.0916636963915688,0.08622883936403836,0.045858494895093804,0.6200897097587585,0.07102969288825989,11.367024421691895,discovery
25,direct_conflict,competition,0.0034301280975341797,0.09749372047106675,0.11591722842313423,0.055067801272317335,0.6205782294273376,0.06620495766401291,1.073765754699707,discovery
25,closure_update,closure,0.007699310779571533,0.11818253994293537,0.12438828616860365,0.06449236191767052,0.6032958626747131,0.05684443190693855,-26.828105926513672,discovery
25,closure_override,closure,0.0041588544845581055,0.14941069046377375,0.13001540353819097,0.07193595074277023,0.6306223273277283,0.06525260210037231,-113.8480224609375,discovery
25,exception_override,closure,0.007536053657531738,0.15595020485701694,0.14280363743420066,0.07845648740157027,0.6248950958251953,0.07017636299133301,-115.3549575805664,discovery
26,clean,stable,0.0,0.0,0.0,0.0,0.6274438500404358,0.06916175037622452,12.39765453338623,discovery
26,rename,stable,0.08703422546386719,0.4818162783417791,0.444968511203952,0.27521331011836636,0.547881543636322,0.051267240196466446,21.81635284423828,discovery
26,permuted,stable,0.00020641088485717773,0.016244685576495943,0.019357173608728462,0.00900367023873469,0.6279823780059814,0.07052217423915863,28.663318634033203,discovery
26,redundant,stable,0.008925795555114746,0.12622752632611467,0.11344104606946093,0.06438004087645127,0.6114683747291565,0.07047925144433975,10.203036308288574,discovery
26,irrelevant,stable,0.00842595100402832,0.12026403648058193,0.11574362459467336,0.06321489077082798,0.6144354343414307,0.07070329040288925,35.36767578125,discovery
26,paraphrase,stable,0.11146283149719238,0.6672680089580595,0.6070797891487858,0.3743183652753075,0.4906773865222931,0.08496292680501938,-23.22991180419922,discovery
26,weak_distractor,stable_shift,0.013587534427642822,0.15076994146222356,0.14791637965168125,0.08146534749229761,0.618744432926178,0.06796308606863022,53.781776428222656,discovery
26,competition_balanced,competition,0.003587007522583008,0.09659846280723039,0.08383155801850506,0.046901008967725366,0.618052065372467,0.06930973380804062,25.411792755126953,discovery
26,direct_conflict,competition,0.003950297832489014,0.11187938638919037,0.11061331254777163,0.057598323650485006,0.6207429766654968,0.06299709528684616,5.3000288009643555,discovery
26,closure_update,closure,0.009389102458953857,0.12884118607372674,0.12382171978767875,0.0678602776948283,0.6038947105407715,0.0543634295463562,-3.1284704208374023,discovery
26,closure_override,closure,0.007359206676483154,0.16437963728717397,0.1393925116347372,0.07962264056871937,0.6328011155128479,0.0703667476773262,-69.782470703125,discovery
26,exception_override,closure,0.008360207080841064,0.15254695682870267,0.14268222145772613,0.07798739811202773,0.6255655884742737,0.07206691801548004,-51.91359329223633,discovery
27,clean,stable,-1.1920928955078125e-07,0.0,0.0,-5.960464477539063e-08,0.6304382681846619,0.06633182615041733,12.39765453338623,discovery
27,rename,stable,0.10672140121459961,0.49133283715411247,0.4495845975662994,0.2885900592874028,0.5429590344429016,0.059938762336969376,33.97871780395508,discovery
27,permuted,stable,0.0005095601081848145,0.03261691103433584,0.02741423475233462,0.015262566500760022,0.6294119954109192,0.06772933155298233,21.917938232421875,discovery
27,redundant,stable,0.011583387851715088,0.14073941524921907,0.12188425742153264,0.07144761209354547,0.6165654063224792,0.06688936054706573,12.773423194885254,discovery
27,irrelevant,stable,0.009636282920837402,0.11974899775143244,0.11786141690264262,0.06422074512393747,0.619252622127533,0.0675026997923851,39.65382766723633,discovery
27,paraphrase,stable,0.13351339101791382,0.6692694576779274,0.6106802210680968,0.386744115195463,0.4930180311203003,0.07219106703996658,-1.787644386291504,discovery
27,weak_distractor,stable_shift,0.015889883041381836,0.1614206119274072,0.1522953724109133,0.08637393760527104,0.6241307258605957,0.06185686215758324,46.573307037353516,discovery
27,competition_balanced,competition,0.003110170364379883,0.09159254096672365,0.08168446973384202,0.04487433785733136,0.6236141920089722,0.06727025657892227,27.37435531616211,discovery
27,direct_conflict,competition,0.0043152570724487305,0.10642209895190591,0.1107503638888111,0.05645074424640362,0.6242331862449646,0.060385823249816895,22.099956512451172,discovery
27,closure_update,closure,0.00901859998703003,0.120637299249848,0.12813239342414862,0.06670172316201417,0.6135730743408203,0.053135041147470474,18.185205459594727,discovery
27,closure_override,closure,0.012227118015289307,0.1836436383003871,0.15317336270530602,0.09031780925906793,0.6330279111862183,0.06690387427806854,-50.33855056762695,discovery
27,exception_override,closure,0.01273202896118164,0.17439810456828575,0.15241682717218064,0.08806974741570742,0.6245747208595276,0.07105900347232819,-36.178131103515625,discovery
28,clean,stable,2.980232238769531e-07,0.0,0.0,1.4901161193847656e-07,0.6331565976142883,0.0711725726723671,12.39765453338623,discovery
28,rename,stable,0.0826561450958252,0.4888439938198913,0.4403859869912389,0.27363556775069514,0.5585492253303528,0.023861678317189217,43.536319732666016,discovery
28,permuted,stable,0.00024175643920898438,0.022656790565934393,0.028039991146188492,0.012795073647635213,0.6318758726119995,0.0724143460392952,15.071630477905273,discovery
28,redundant,stable,0.006805300712585449,0.11819841712316836,0.11501385246269091,0.061705717752757544,0.6210653781890869,0.0750233456492424,-2.375659942626953,discovery
28,irrelevant,stable,0.00641554594039917,0.10304437755418139,0.1172744450752955,0.058287478627568806,0.6252315640449524,0.07124727964401245,37.32036209106445,discovery
28,paraphrase,stable,0.11598294973373413,0.6799445752324775,0.6050993766662083,0.3792524628415385,0.49221038818359375,0.04396374523639679,-8.733555793762207,discovery
28,weak_distractor,stable_shift,0.014210760593414307,0.14855204207687167,0.14423723562040214,0.0803026997210256,0.6210435628890991,0.07012858241796494,60.65593338012695,discovery
28,competition_balanced,competition,0.0029419660568237305,0.08285194482300173,0.08210455742722311,0.04271010859096808,0.6263136267662048,0.07168369740247726,55.37247848510742,discovery
28,direct_conflict,competition,0.0031183958053588867,0.09144936167729922,0.09432625602084366,0.048003102327215164,0.6283206343650818,0.06826091557741165,39.918094635009766,discovery
28,closure_update,closure,0.008962273597717285,0.11392100760214652,0.11319484498328769,0.061260099945217195,0.6178582310676575,0.05655192956328392,15.072571754455566,discovery
28,closure_override,closure,0.003783702850341797,0.1425365736452332,0.13698361265522563,0.0717718980002856,0.6365724205970764,0.07493873685598373,-95.8681411743164,discovery
28,exception_override,closure,0.005645871162414551,0.14630334116330557,0.1417081717279861,0.0748258138040302,0.6321700215339661,0.07464318722486496,-77.29289245605469,discovery
29,clean,stable,1.1920928955078125e-07,0.0,0.0,5.960464477539063e-08,0.6290121078491211,0.0739070400595665,12.39765453338623,discovery
29,rename,stable,0.07158893346786499,0.47047347324936517,0.43471527558649137,0.26209165394289663,0.55465167760849,0.031128959730267525,55.75827407836914,discovery
29,permuted,stable,0.0005661249160766602,0.026145675675505853,0.02481480595239416,0.013023182865013333,0.6294661164283752,0.07401172071695328,49.17918014526367,discovery
29,redundant,stable,0.005235433578491211,0.11204365411625206,0.10936401883322466,0.057969635026614785,0.621787965297699,0.07773306220769882,7.128213882446289,discovery
29,irrelevant,stable,0.006773948669433594,0.11498258317050458,0.11309306141718933,0.060405885481640276,0.6191421151161194,0.07212740927934647,36.214298248291016,discovery
29,paraphrase,stable,0.10219097137451172,0.6667917322013348,0.5967140275204648,0.36697192561770575,0.49608537554740906,0.07121558487415314,18.654630661010742,discovery
29,weak_distractor,stable_shift,0.009832799434661865,0.14353107214362104,0.1362240599497787,0.07485518274068087,0.6164844632148743,0.06787203997373581,45.50593566894531,discovery
29,competition_balanced,competition,0.002465665340423584,0.08527214786833237,0.08154269557411309,0.04293654353082316,0.6242979168891907,0.07449577003717422,20.50855255126953,discovery
29,direct_conflict,competition,0.0031655430793762207,0.10866697323453367,0.10314474535304041,0.05453570118658163,0.6252073049545288,0.07153262197971344,12.787901878356934,discovery
29,closure_update,closure,0.007398068904876709,0.13176463685836548,0.1237691092731007,0.0675824709853049,0.6095584630966187,0.06047913059592247,-6.289904594421387,discovery
29,closure_override,closure,0.0038681626319885254,0.13789412828197456,0.1313292948198631,0.06923993709145368,0.6340607404708862,0.0741938129067421,-79.17801666259766,discovery
29,exception_override,closure,0.007094860076904297,0.15179509422647364,0.13815220315398558,0.07603425438356695,0.6249918341636658,0.07385822385549545,-98.46138000488281,discovery
30,clean,stable,5.960464477539063e-08,0.0,0.0,2.9802322387695312e-08,0.6276182532310486,0.07208002358675003,12.39765453338623,discovery
30,rename,stable,0.06710422039031982,0.4648685941584294,0.42586315288530807,0.2562350469560943,0.5550956726074219,0.03833935409784317,20.785680770874023,discovery
30,permuted,stable,0.00033032894134521484,0.026145675675505853,0.022865717027377053,0.012418012646393334,0.6247982978820801,0.0745203047990799,-7.123747825622559,discovery
30,redundant,stable,0.005814969539642334,0.1299059314271861,0.10667916400452926,0.062053758627750005,0.6165762543678284,0.0766446441411972,2.389145851135254,discovery
30,irrelevant,stable,0.0050179362297058105,0.10306446503552191,0.10761635436547567,0.0551791729651023,0.6173330545425415,0.07187643647193909,21.69819450378418,discovery
30,paraphrase,stable,0.09963428974151611,0.6643152925345333,0.5952938674469497,0.3647194348661288,0.4901523292064667,0.08022287487983704,-15.359515190124512,discovery
30,weak_distractor,stable_shift,0.012006938457489014,0.15450937892734773,0.1406354715708873,0.07978968185330326,0.6110354065895081,0.0712880790233612,16.598791122436523,discovery
30,competition_balanced,competition,0.0029013752937316895,0.09450186472980227,0.07980420591623805,0.04502720530837592,0.6224871277809143,0.07298750430345535,0.7599344253540039,discovery
30,direct_conflict,competition,0.0031623244285583496,0.10600339408977455,0.1015928896454309,0.053480233148080536,0.622441291809082,0.07053708285093307,-2.1884899139404297,discovery
30,closure_update,closure,0.009765803813934326,0.12633084607639988,0.12288468254526974,0.06718678406238457,0.6069720387458801,0.058956608176231384,-30.758136749267578,discovery
30,closure_override,closure,0.005030512809753418,0.1450485901850621,0.13765452215815233,0.07319103449068032,0.6301649808883667,0.07628584653139114,-113.69715881347656,discovery
30,exception_override,closure,0.006583571434020996,0.14059455323980918,0.13529939002006397,0.07226527153197879,0.6264583468437195,0.07454991340637207,-114.14002227783203,discovery
31,clean,stable,5.960464477539063e-08,0.0,0.0,2.9802322387695312e-08,0.625531017780304,0.07047293335199356,12.39765453338623,discovery
31,rename,stable,0.07210427522659302,0.4780876669133306,0.4305931584548782,0.2632223439553487,0.548007071018219,0.037410348653793335,19.1092529296875,discovery
31,permuted,stable,0.0005555152893066406,0.03865364916193004,0.03028958119959313,0.017513565235034112,0.6257827281951904,0.07178061455488205,-1.0061016082763672,discovery
31,redundant,stable,0.005028367042541504,0.11813255463612815,0.11029187642517913,0.05962029128659757,0.6158442497253418,0.07325673848390579,2.4522132873535156,discovery
31,irrelevant,stable,0.0044272541999816895,0.10268230585978133,0.10708216492953326,0.05465474479731949,0.6191025376319885,0.06862460821866989,23.430540084838867,discovery
31,paraphrase,stable,0.09604871273040771,0.6601529185045683,0.5937161471637689,0.36149162278228814,0.49464061856269836,0.07478874921798706,-24.13213348388672,discovery
31,weak_distractor,stable_shift,0.009744644165039062,0.15638444863436318,0.1438463483870609,0.07993002133787555,0.6168668866157532,0.06494379788637161,16.66934585571289,discovery
31,competition_balanced,competition,0.0018775463104248047,0.09115622867596052,0.07910975714886959,0.04350526961141993,0.6199381947517395,0.0696348026394844,6.88920783996582,discovery
31,direct_conflict,competition,0.0028345584869384766,0.10659998044827912,0.10437329672389772,0.05416059853651345,0.6204856038093567,0.0659056007862091,11.980968475341797,discovery
31,closure_update,closure,0.008811235427856445,0.12926126567348628,0.12384106233146497,0.06768119971516603,0.609006404876709,0.055638253688812256,-8.361298561096191,discovery
31,closure_override,closure,0.004181087017059326,0.1645357374572295,0.14037734006982328,0.07831881289029285,0.6335821747779846,0.06805180013179779,-116.60384368896484,discovery
31,exception_override,closure,0.0041610002517700195,0.1510852828246062,0.13562739863683326,0.07375867049124488,0.6253817677497864,0.07114337384700775,-144.86309814453125,discovery
32,clean,stable,0.0,0.0,0.0,0.0,0.632005512714386,0.0687846764922142,12.39765453338623,discovery
32,rename,stable,0.10450011491775513,0.48667692927960127,0.44255198969640186,0.2845572872028783,0.5570467114448547,0.02639477513730526,40.70643997192383,discovery
32,permuted,stable,0.0004693269729614258,0.03218241380310005,0.023162465653674857,0.01407088335067444,0.6325846314430237,0.07018818706274033,23.084142684936523,discovery
32,redundant,stable,0.01063770055770874,0.15431433123696847,0.13573817484308537,0.07783197679886783,0.6208356022834778,0.05882987752556801,5.3441267013549805,discovery
32,irrelevant,stable,0.006672382354736328,0.11726061836812962,0.10703466046498866,0.059410010885647735,0.6261005997657776,0.0699823722243309,42.93180465698242,discovery
32,paraphrase,stable,0.12238091230392456,0.6901148330121851,0.6164216325139562,0.3878245725334976,0.4835933744907379,0.0854431614279747,10.30723762512207,discovery
32,weak_distractor,stable_shift,0.01844865083694458,0.1665559639855564,0.14422311413950117,0.08691909494973668,0.6257312297821045,0.06564643234014511,39.922786712646484,discovery
32,competition_balanced,competition,0.002428889274597168,0.09735999486207969,0.08520809201953028,0.046856466357701076,0.6258030533790588,0.06361554563045502,14.185393333435059,discovery
32,direct_conflict,competition,0.005293369293212891,0.12042837292559805,0.10600711366182736,0.0592555562934628,0.6261236667633057,0.059422630816698074,11.498947143554688,discovery
32,closure_update,closure,0.010772466659545898,0.14036069214240243,0.11105740596823666,0.06824075785743272,0.6164334416389465,0.054950546473264694,12.463778495788574,discovery
32,closure_override,closure,0.007416903972625732,0.15492078771699014,0.13540051058492042,0.0762887765617905,0.6356480121612549,0.06597615033388138,-50.79418182373047,discovery
32,exception_override,closure,0.012606918811798096,0.1658797873168073,0.14099460525101648,0.083022057547855,0.6276614665985107,0.06620598584413528,-35.99628829956055,discovery
33,clean,stable,-1.1920928955078125e-07,0.0,0.0,-5.960464477539063e-08,0.6337594389915466,0.06971254199743271,12.39765453338623,discovery
33,rename,stable,0.11775749921798706,0.48111534510522513,0.4448334397135867,0.29036594581369646,0.5524525046348572,0.035939864814281464,52.85773849487305,discovery
33,permuted,stable,0.00042247772216796875,0.02938129335492079,0.02806570148276588,0.014572987570505652,0.6323148608207703,0.07087743282318115,36.693241119384766,discovery
33,redundant,stable,0.01230388879776001,0.1549996221486727,0.13081189790124237,0.07760482441135877,0.6207946538925171,0.07406643778085709,17.73581886291504,discovery
33,irrelevant,stable,0.0089796781539917,0.12098284446528706,0.10768927507891046,0.06165786896304523,0.6239389777183533,0.07206238061189651,26.484539031982422,discovery
33,paraphrase,stable,0.13628381490707397,0.6899300609568035,0.6198570739835665,0.3955886911886295,0.4826149046421051,0.06721103936433792,26.363845825195312,discovery
33,weak_distractor,stable_shift,0.016718506813049316,0.15974113222616537,0.13826212621265555,0.08286006801622989,0.626541256904602,0.0659368708729744,47.424434661865234,discovery
33,competition_balanced,competition,0.002373635768890381,0.10342719029661984,0.07975251658492433,0.04698174460483123,0.6265565752983093,0.06772888451814651,19.530649185180664,discovery
33,direct_conflict,competition,0.007350921630859375,0.121137346177421,0.11016181262294611,0.061500250515521465,0.6255412697792053,0.06460177153348923,12.817168235778809,discovery
33,closure_update,closure,0.014967918395996094,0.14883192334172735,0.11662247186264796,0.07384755799909187,0.6178041100502014,0.05544601380825043,14.154444694519043,discovery
33,closure_override,closure,0.006601214408874512,0.14984873679857913,0.12903559489462912,0.07302169012773932,0.6350855231285095,0.06337371468544006,-46.97325897216797,discovery
33,exception_override,closure,0.01330578327178955,0.17065731392168804,0.14140936876148924,0.0846695623066891,0.6262626647949219,0.06568343937397003,-28.696399688720703,discovery
34,clean,stable,-1.1920928955078125e-07,0.0,0.0,-5.960464477539063e-08,0.6305533051490784,0.06810738146305084,12.39765453338623,discovery
34,rename,stable,0.08631134033203125,0.4682540549512427,0.4381984239079112,0.2697687898808041,0.5585035681724548,0.02329392544925213,84.06868743896484,discovery
34,permuted,stable,0.00037175416946411133,0.035610283717447344,0.026485185803330924,0.015709744464926623,0.6315757036209106,0.07101734727621078,9.152318954467773,discovery
34,redundant,stable,0.006071805953979492,0.12977953316272428,0.11953167786304986,0.06536370573343328,0.6221820712089539,0.07135044783353806,-3.4675188064575195,discovery
34,irrelevant,stable,0.004841804504394531,0.10948448489041607,0.1020266588401938,0.05529868818484973,0.6242836117744446,0.06883379071950912,35.19243621826172,discovery
34,paraphrase,stable,0.10618996620178223,0.6790355534085305,0.6120045310365363,0.3758550042121578,0.48394131660461426,0.07585409283638,20.598655700683594,discovery
34,weak_distractor,stable_shift,0.011987924575805664,0.14788543702008672,0.1397501295122514,0.07790285392098736,0.6210238337516785,0.06425270438194275,47.99418640136719,discovery
34,competition_balanced,competition,0.0013074278831481934,0.07315717284201761,0.07931939953483613,0.038772857035787534,0.6234989166259766,0.06480993330478668,43.42239761352539,discovery
34,direct_conflict,competition,0.0032032132148742676,0.10088706803611858,0.10695545008266905,0.05356223613713404,0.6247700452804565,0.06106340512633324,49.757137298583984,discovery
34,closure_update,closure,0.008270859718322754,0.11486229607134835,0.11327563966140508,0.061169913792349734,0.6163802742958069,0.05602589622139931,0.6341276168823242,discovery
34,closure_override,closure,0.003513813018798828,0.12753670089707947,0.13067850700107364,0.06631070848393769,0.6329639554023743,0.06383682042360306,-81.79096221923828,discovery
34,exception_override,closure,0.005571305751800537,0.14214198586356896,0.1370651737216254,0.07258744277219886,0.6301334500312805,0.06625618040561676,-68.37339782714844,discovery
35,clean,stable,0.0,0.0,0.0,0.0,0.6283091902732849,0.06386380642652512,12.39765453338623,discovery
35,rename,stable,0.09428328275680542,0.47708895234314985,0.4406913766194377,0.27658672361904957,0.5563240051269531,0.030311094596982002,52.42204666137695,discovery
35,permuted,stable,0.0003579258918762207,0.03170784368156443,0.0239035854713584,0.014081820234168818,0.6314458250999451,0.06589064747095108,21.44713592529297,discovery
35,redundant,stable,0.008214771747589111,0.13751535994099218,0.12419111983523623,0.06953400581785166,0.6231391429901123,0.06716930121183395,-7.516385078430176,discovery
35,irrelevant,stable,0.006569862365722656,0.12004628096830539,0.10682023976006716,0.060001561364954464,0.6237185597419739,0.06513240933418274,31.213565826416016,discovery
35,paraphrase,stable,0.11047261953353882,0.6775104626495992,0.6098395433977892,0.3770738112786165,0.48665955662727356,0.09287767857313156,12.914613723754883,discovery
35,weak_distractor,stable_shift,0.012755751609802246,0.1658056560897312,0.1410552863567348,0.08309311141651762,0.625085711479187,0.05431932210922241,49.758270263671875,discovery
35,competition_balanced,competition,0.001354992389678955,0.08560272365615162,0.07864604000597486,0.0417396871103711,0.6237420439720154,0.0615975558757782,7.886468887329102,discovery
35,direct_conflict,competition,0.004595160484313965,0.1211245219112097,0.10826964905094438,0.059646122982695504,0.6246473789215088,0.05488595739006996,7.545422554016113,discovery
35,closure_update,closure,0.011548101902008057,0.14326616621833776,0.12105171258925917,0.07185352065290326,0.6135672330856323,0.04947398602962494,7.108883857727051,discovery
35,closure_override,closure,0.007607877254486084,0.17501700303664658,0.14395502716904363,0.0835469461786656,0.6364613175392151,0.06088213995099068,-86.11524963378906,discovery
35,exception_override,closure,0.012573778629302979,0.17133401650280777,0.15172575365963104,0.08705183185526119,0.6270464062690735,0.06577342748641968,-67.48914337158203,discovery
1000,clean,stable,0.0,0.0,0.0,0.0,0.6362507343292236,0.06846358627080917,12.39765453338623,confirmation
1000,rename,stable,0.06477773189544678,0.4756759657864159,0.435397869951213,0.2601573248821306,0.5819149613380432,0.03404083475470543,57.392127990722656,confirmation
1000,permuted,stable,0.00017076730728149414,0.022721502919522685,0.024268971272158324,0.011833002201561,0.6351647973060608,0.06952247768640518,37.47999954223633,confirmation
1000,redundant,stable,0.007899641990661621,0.12075087324809852,0.09981962064366279,0.05909244446827114,0.6276655197143555,0.07346883416175842,13.267016410827637,confirmation
1000,irrelevant,stable,0.004958152770996094,0.09413464590739418,0.11012273208614021,0.05354342088388164,0.6303216814994812,0.06356092542409897,32.822261810302734,confirmation
1000,paraphrase,stable,0.10857176780700684,0.6712672796293297,0.6076143987461529,0.37400630349737407,0.49401405453681946,0.08319365233182907,-12.94140911102295,confirmation
1000,weak_distractor,stable_shift,0.017418324947357178,0.15074351719453893,0.13728034980947312,0.0807151292246816,0.6235060691833496,0.06145484372973442,46.2321891784668,confirmation
1000,competition_balanced,competition,0.0014604926109313965,0.07328101556499744,0.07397394342916852,0.03754398605400719,0.6326570510864258,0.07061737030744553,51.074459075927734,confirmation
1000,direct_conflict,competition,0.0023331046104431152,0.09754310948899159,0.08801482225379331,0.04755603524091778,0.6349169611930847,0.06562483310699463,43.07157897949219,confirmation
1000,closure_update,closure,0.006749927997589111,0.09702866535155252,0.0983315847285261,0.05221502651881421,0.6224384903907776,0.05818997323513031,7.120054721832275,confirmation
1000,closure_override,closure,0.0042868852615356445,0.12702495875096786,0.1237704798309277,0.06484230227624171,0.6386199593544006,0.07556436210870743,-64.28166961669922,confirmation
1000,exception_override,closure,0.010770976543426514,0.15091362599516245,0.13520312776272203,0.07691467671118438,0.6300700306892395,0.07305680215358734,-98.9319076538086,confirmation
1001,clean,stable,-1.1920928955078125e-07,0.0,0.0,-5.960464477539063e-08,0.6338641047477722,0.06440026313066483,12.39765453338623,confirmation
1001,rename,stable,0.07958924770355225,0.4641952068433002,0.42901995387444725,0.263098414031213,0.5750824213027954,0.03489179536700249,30.59329605102539,confirmation
1001,permuted,stable,0.0003826618194580078,0.029446005708509193,0.023256883379507265,0.013367053181733118,0.6328834891319275,0.06610577553510666,-19.906909942626953,confirmation
1001,redundant,stable,0.003936111927032471,0.10047874624034547,0.09365487913036519,0.0505014623061939,0.6269071698188782,0.06914611905813217,5.785583019256592,confirmation
1001,irrelevant,stable,0.004947483539581299,0.10913375749186027,0.10382216544862377,0.05571272250491166,0.6300868391990662,0.06027914956212044,21.513751983642578,confirmation
1001,paraphrase,stable,0.11760544776916504,0.6634786898743084,0.6049671504448402,0.37591418396436965,0.501650869846344,0.07653629034757614,-17.635639190673828,confirmation
1001,weak_distractor,stable_shift,0.013593196868896484,0.14281884713264137,0.12644061315695365,0.074111463506847,0.6284483671188354,0.054979708045721054,39.21400833129883,confirmation
1001,competition_balanced,competition,0.0014412403106689453,0.08572656637913134,0.07231600409118455,0.040231262772913445,0.6307461261749268,0.06592120975255966,-14.067971229553223,confirmation
1001,direct_conflict,competition,0.0014567971229553223,0.07967915467134234,0.08735597378911475,0.042487180676591935,0.632182240486145,0.057889457792043686,7.964667797088623,confirmation
1001,closure_update,closure,0.0066457390785217285,0.1092411087909877,0.10206755577771665,0.05615003568143695,0.6215934753417969,0.05367264524102211,-6.603508949279785,confirmation
1001,closure_override,closure,0.01067805290222168,0.14887566562949817,0.13740303148065125,0.0769087007286482,0.6356731057167053,0.07272132486104965,-82.6438980102539,confirmation
1001,exception_override,closure,0.011503458023071289,0.15236331622475985,0.14944657058188737,0.08120420071319745,0.6364738345146179,0.07156186550855637,-109.22161102294922,confirmation
1002,clean,stable,2.980232238769531e-07,0.0,0.0,1.4901161193847656e-07,0.6330881714820862,0.07102654874324799,12.39765453338623,confirmation
1002,rename,stable,0.09279763698577881,0.4812176509531285,0.44526648611218156,0.2780198527592169,0.560964047908783,0.03337610140442848,28.980602264404297,confirmation
1002,permuted,stable,0.00016045570373535156,0.013136607778424847,0.023946901927461628,0.009351105278339295,0.6325237154960632,0.07324494421482086,18.983713150024414,confirmation
1002,redundant,stable,0.006489157676696777,0.1088115920606606,0.10445536507081699,0.056561318121217785,0.6207733750343323,0.07352525740861893,-1.6857738494873047,confirmation
1002,irrelevant,stable,0.008586347103118896,0.11936983251472633,0.11424979289548476,0.06269807990411222,0.6200709342956543,0.0673920214176178,32.58533477783203,confirmation
1002,paraphrase,stable,0.112338125705719,0.6732472649726571,0.6085103235428098,0.3766084599817262,0.4862375259399414,0.07961785048246384,-33.260955810546875,confirmation
1002,weak_distractor,stable_shift,0.015550017356872559,0.14095422938129143,0.13475955482105306,0.0767034547290224,0.6223689913749695,0.06751509010791779,40.00971221923828,confirmation
1002,competition_balanced,competition,0.001978933811187744,0.08261808372559498,0.07805434782432863,0.041157574793074775,0.6308384537696838,0.07206549495458603,27.443864822387695,confirmation
1002,direct_conflict,competition,0.0017111897468566895,0.0918942651860769,0.0894224000468733,0.046184761181665895,0.6323586106300354,0.06811624765396118,30.62826919555664,confirmation
1002,closure_update,closure,0.006110012531280518,0.10597085022620789,0.09277770283698017,0.052742144531437274,0.6204752326011658,0.061910416930913925,-29.340045928955078,confirmation
1002,closure_override,closure,0.005438387393951416,0.1530142171829687,0.1394762301522623,0.07584180553078346,0.6345779299736023,0.07508662343025208,-79.1364517211914,confirmation
1002,exception_override,closure,0.007225930690765381,0.1454725613192812,0.13890495891012644,0.0747073454027346,0.6304521560668945,0.0728561207652092,-115.12303161621094,confirmation
1003,clean,stable,5.960464477539063e-08,0.0,0.0,2.9802322387695312e-08,0.6350328326225281,0.06430649757385254,12.39765453338623,confirmation
1003,rename,stable,0.09320175647735596,0.4769328493166459,0.4374248875648853,0.2751903124590608,0.5720717906951904,0.03689544275403023,44.148746490478516,confirmation
1003,permuted,stable,0.00032842159271240234,0.022845345642502513,0.02617667037075533,0.012419714799670661,0.6342044472694397,0.06817276030778885,15.3118896484375,confirmation
1003,redundant,stable,0.007942676544189453,0.11803508622300762,0.10542820251952867,0.0598371604577288,0.6276055574417114,0.07038841396570206,3.5752763748168945,confirmation
1003,irrelevant,stable,0.00739741325378418,0.11253381815781782,0.12215009307936942,0.0623696844361889,0.628561794757843,0.062104154378175735,19.823617935180664,confirmation
1003,paraphrase,stable,0.13199037313461304,0.6788744430238551,0.6169995098825718,0.38996367479391325,0.4869588315486908,0.09266901761293411,19.909496307373047,confirmation
1003,weak_distractor,stable_shift,0.015004158020019531,0.1489083520947897,0.1392190996331203,0.07953394194198726,0.6282543540000916,0.059733033180236816,23.209747314453125,confirmation
1003,competition_balanced,competition,0.0012886524200439453,0.08296881112415078,0.0811991486809377,0.04168631616129409,0.6338591575622559,0.06757102161645889,-4.280106544494629,confirmation
1003,direct_conflict,competition,0.0013732314109802246,0.07979944177049869,0.08780945844984667,0.04258884076057645,0.6359912753105164,0.062108397483825684,-5.712023735046387,confirmation
1003,closure_update,closure,0.005488932132720947,0.11824990035507987,0.09882059320515735,0.05701208945641978,0.6212997436523438,0.056577932089567184,-3.7534799575805664,confirmation
1003,closure_override,closure,0.012681186199188232,0.16325363353730504,0.15881862214559428,0.08685865702031895,0.6323060989379883,0.07718615978956223,-77.59431457519531,confirmation
1003,exception_override,closure,0.012299120426177979,0.16387248759366713,0.1508714117785096,0.08483553505613317,0.6340430974960327,0.07229235023260117,-91.33976745605469,confirmation
1004,clean,stable,0.0,0.0,0.0,0.0,0.6277192234992981,0.06732964515686035,12.39765453338623,confirmation
1004,rename,stable,0.06911295652389526,0.466837674018013,0.4312960913159799,0.25908991959544586,0.5685572624206543,0.04758262261748314,22.515892028808594,confirmation
1004,permuted,stable,0.00040984153747558594,0.02938129335492079,0.02507972449038609,0.013820175230064513,0.6257137060165405,0.07010494917631149,3.1794519424438477,confirmation
1004,redundant,stable,0.008096873760223389,0.12659768652872716,0.10103090420035332,0.060955584562381815,0.6145269274711609,0.07182423025369644,2.285670280456543,confirmation
1004,irrelevant,stable,0.006597042083740234,0.11465090273728318,0.11153358523516588,0.05984464303498238,0.6176210045814514,0.06671281158924103,26.230419158935547,confirmation
1004,paraphrase,stable,0.09732156991958618,0.6754709004270252,0.6044610330748876,0.3686437683352713,0.4889580011367798,0.08347199112176895,-1.755859375,confirmation
1004,weak_distractor,stable_shift,0.012698650360107422,0.14771996194811432,0.13925288576377126,0.0780925371080251,0.619231104850769,0.06759566068649292,42.38395309448242,confirmation
1004,competition_balanced,competition,0.002065002918243408,0.08216988791391877,0.07352533468686306,0.03995630710931716,0.6226275563240051,0.06861948221921921,22.134340286254883,confirmation
1004,direct_conflict,competition,0.0028756260871887207,0.10301016294120358,0.09111010359245408,0.049967879677008775,0.6246296763420105,0.06880594044923782,3.7481212615966797,confirmation
1004,closure_update,closure,0.007601737976074219,0.11103532516396719,0.09902881969197974,0.05631690520202384,0.614634096622467,0.059644993394613266,6.440443515777588,confirmation
1004,closure_override,closure,0.003746509552001953,0.14791249267294682,0.12508705571447631,0.07012314187285676,0.6341476440429688,0.07297372072935104,-76.82115173339844,confirmation
1004,exception_override,closure,0.01039201021194458,0.16845601197568782,0.13653643826031348,0.08144411766497262,0.6205361485481262,0.07177788764238358,-87.08766174316406,confirmation
1005,clean,stable,-2.384185791015625e-07,0.0,0.0,-1.1920928955078125e-07,0.628119945526123,0.06797058135271072,12.39765453338623,confirmation
1005,rename,stable,0.08327186107635498,0.4669696534607327,0.42659737528682296,0.2650276877250664,0.5578939318656921,0.026198051869869232,56.959678649902344,confirmation
1005,permuted,stable,0.000286102294921875,0.022656790565934393,0.030240303074418162,0.013367324557549076,0.6281971335411072,0.06832831352949142,-2.6705379486083984,confirmation
1005,redundant,stable,0.007229506969451904,0.11184760368931113,0.10228901644724198,0.05714890851886423,0.6140429973602295,0.0707884430885315,1.463155746459961,confirmation
1005,irrelevant,stable,0.0064751505851745605,0.10513318695958873,0.10473226022923587,0.05570393708979343,0.6237621903419495,0.062336381524801254,38.06816482543945,confirmation
1005,paraphrase,stable,0.11087292432785034,0.6743883402741002,0.6090902500635995,0.3763061097483501,0.4859504699707031,0.08204542845487595,-28.764575958251953,confirmation
1005,weak_distractor,stable_shift,0.011566102504730225,0.13431152496145637,0.1342127474390994,0.07291411935250405,0.617291271686554,0.06224234774708748,51.69896697998047,confirmation
1005,competition_balanced,competition,0.0010971426963806152,0.08233321881407962,0.07748115965691815,0.04050216596593975,0.6223666071891785,0.06773892790079117,4.11540412902832,confirmation
1005,direct_conflict,competition,0.002237081527709961,0.08826008010178754,0.09363427678306324,0.046592129985067676,0.6228823661804199,0.06316094845533371,22.854026794433594,confirmation
1005,closure_update,closure,0.009332776069641113,0.10851490343549808,0.1045839802897851,0.05794110896614135,0.6113441586494446,0.05759364366531372,-15.85544490814209,confirmation
1005,closure_override,closure,0.007245242595672607,0.14132077737822424,0.14113917411952837,0.07423760917227445,0.6302695870399475,0.07266826927661896,-104.48289489746094,confirmation
1005,exception_override,closure,0.009788274765014648,0.16448767755284344,0.1461610892356845,0.0825563290796393,0.6277275085449219,0.07193417102098465,-131.9927520751953,confirmation
1006,clean,stable,-1.1920928955078125e-07,0.0,0.0,-5.960464477539063e-08,0.6291274428367615,0.07085884362459183,12.39765453338623,confirmation
1006,rename,stable,0.07760930061340332,0.4820859729618854,0.43762746645304174,0.26873301016043344,0.5630651712417603,0.04097333550453186,46.32439041137695,confirmation
1006,permuted,stable,0.0005652308464050293,0.035610283717447344,0.03192208256970375,0.017165706994990287,0.6305113434791565,0.07360653579235077,13.937393188476562,confirmation
1006,redundant,stable,0.004747331142425537,0.10563524628517751,0.10080231170497977,0.05398305506875209,0.6220821738243103,0.07558190077543259,1.426041603088379,confirmation
1006,irrelevant,stable,0.006496429443359375,0.11423098563276002,0.10899973620215553,0.059055895180408574,0.6230315566062927,0.06531968712806702,29.658267974853516,confirmation
1006,paraphrase,stable,0.09388822317123413,0.6675280110189796,0.6012812522415132,0.36414642740074027,0.4934854507446289,0.08365985006093979,-22.825695037841797,confirmation
1006,weak_distractor,stable_shift,0.011656701564788818,0.14800933782627446,0.13456090400004062,0.07647091123897318,0.6192906498908997,0.06625611335039139,45.539146423339844,confirmation
1006,competition_balanced,competition,0.001452326774597168,0.07656737971490735,0.07457512560070911,0.0385117897162027,0.625202476978302,0.07209964841604233,41.47195053100586,confirmation
1006,direct_conflict,competition,0.0029744505882263184,0.10947496988839445,0.08633150365587705,0.050438843680181034,0.626801609992981,0.06936465948820114,28.791015625,confirmation
1006,closure_update,closure,0.006387472152709961,0.10563916979298671,0.09095138330989361,0.05234137435207506,0.6172569394111633,0.06144683435559273,-11.50804615020752,confirmation
1006,closure_override,closure,0.004835069179534912,0.16069959876080453,0.13511581154599572,0.07637138716646752,0.6332297325134277,0.0723486840724945,-88.32587432861328,confirmation
1006,exception_override,closure,0.009020030498504639,0.16528322182402855,0.14018571129086188,0.08087724852797493,0.6245251297950745,0.0737646296620369,-107.28973388671875,confirmation
1007,clean,stable,2.980232238769531e-07,0.0,0.0,1.4901161193847656e-07,0.6349549889564514,0.06441604346036911,12.39765453338623,confirmation
1007,rename,stable,0.0942692756652832,0.4858377648223732,0.4371757681279024,0.2778880210702105,0.5775281190872192,0.04226985201239586,59.505821228027344,confirmation
1007,permuted,stable,0.00031441450119018555,0.029074336005029067,0.029410490441012516,0.014778413862105488,0.6356819272041321,0.06821500509977341,14.736356735229492,confirmation
1007,redundant,stable,0.012509047985076904,0.12919073547624027,0.10072709722804551,0.0637339821686099,0.621825635433197,0.0712907686829567,2.256110191345215,confirmation
1007,irrelevant,stable,0.013293623924255371,0.1263672462293276,0.10984588607486911,0.06570009503817686,0.628720760345459,0.0635121613740921,37.3084716796875,confirmation
1007,paraphrase,stable,0.13278919458389282,0.6781080312287129,0.6074916050952617,0.38779450637294005,0.4959063231945038,0.0775204449892044,-10.707327842712402,confirmation
1007,weak_distractor,stable_shift,0.02136129140853882,0.16483873166338736,0.14140053997503443,0.08724046361387486,0.6283407807350159,0.05934850499033928,37.40204620361328,confirmation
1007,competition_balanced,competition,0.003000915050506592,0.07051996800711813,0.07666267980464136,0.03829611947819317,0.6290196180343628,0.06719294935464859,11.311897277832031,confirmation
1007,direct_conflict,competition,0.002346336841583252,0.0829112167269338,0.08241901458680256,0.04250572624922572,0.6296702027320862,0.06301439553499222,-11.98311710357666,confirmation
1007,closure_update,closure,0.007851660251617432,0.11806896594468486,0.09406269888259045,0.05695874633262754,0.623491644859314,0.0548212043941021,-14.371907234191895,confirmation
1007,closure_override,closure,0.02048027515411377,0.1842545120765472,0.16307650208195257,0.09707289111668183,0.6345219016075134,0.07271700352430344,-84.8862533569336,confirmation
1007,exception_override,closure,0.022323191165924072,0.19007794557293678,0.1621312824008413,0.09921390257640655,0.6307726502418518,0.07144596427679062,-106.1780776977539,confirmation
1008,clean,stable,1.1920928955078125e-07,0.0,0.0,5.960464477539063e-08,0.6266814470291138,0.06750709563493729,12.39765453338623,confirmation
1008,rename,stable,0.08420032262802124,0.4817042441505236,0.4381591242080829,0.27206600340366227,0.5641904473304749,0.03188975527882576,35.17647933959961,confirmation
1008,permuted,stable,0.0007238388061523438,0.04195397919493338,0.03351994923969848,0.019230401511734135,0.6263303756713867,0.07010969519615173,10.019006729125977,confirmation
1008,redundant,stable,0.008227407932281494,0.13432857550504596,0.1127091556875498,0.06587313676428969,0.606380045413971,0.06812041252851486,1.9833192825317383,confirmation
1008,irrelevant,stable,0.011780023574829102,0.1351583523074028,0.11284598233555687,0.06789109544815447,0.6185725331306458,0.06831414997577667,16.075620651245117,confirmation
1008,paraphrase,stable,0.11103254556655884,0.6843770385838466,0.6110257588826733,0.3793669721499094,0.49031755328178406,0.09579393267631531,-26.899429321289062,confirmation
1008,weak_distractor,stable_shift,0.01875889301300049,0.16253010058037998,0.14525684458493526,0.08632618279782905,0.6166019439697266,0.07005767524242401,30.794723510742188,confirmation
1008,competition_balanced,competition,0.0036461353302001953,0.0913685627553239,0.07843329613955097,0.044273532388818815,0.6218796372413635,0.06880807131528854,25.84543228149414,confirmation
1008,direct_conflict,competition,0.006702065467834473,0.11486229607134835,0.09688786149165252,0.05628857212466745,0.6164688467979431,0.06841649115085602,19.50494384765625,confirmation
1008,closure_update,closure,0.011078476905822754,0.14021366316583472,0.10769779654986877,0.06751710338183725,0.6103940606117249,0.06008237600326538,-17.550079345703125,confirmation
1008,closure_override,closure,0.0081520676612854,0.1584719653502148,0.1291796592543646,0.07598893998178755,0.6266892552375793,0.0759567841887474,-80.7867431640625,confirmation
1008,exception_override,closure,0.015096545219421387,0.16387471130430376,0.14548863200118856,0.08488910843608377,0.617550790309906,0.07229868322610855,-103.3107681274414,confirmation
1009,clean,stable,-4.76837158203125e-07,0.0,0.0,-2.384185791015625e-07,0.6252507567405701,0.06539373844861984,12.39765453338623,confirmation
1009,rename,stable,0.07940346002578735,0.46865207169400525,0.4278123070102696,0.2638178246889624,0.5561981797218323,0.03605874255299568,42.694732666015625,confirmation
1009,permuted,stable,0.00037926435470581055,0.032309953684444004,0.02712615242264038,0.015048658704124002,0.624866783618927,0.06889013200998306,0.6140708923339844,confirmation
1009,redundant,stable,0.0072705745697021484,0.11423877430478069,0.10302875535390588,0.057952169699522715,0.6109221577644348,0.0667286142706871,-8.456191062927246,confirmation
1009,irrelevant,stable,0.010599493980407715,0.13354762389109975,0.10665832324693614,0.06535123377471283,0.6170706748962402,0.06511130928993225,7.435941696166992,confirmation
1009,paraphrase,stable,0.10743767023086548,0.6810193610269621,0.6097882230953855,0.37642073114601965,0.49078643321990967,0.10021141916513443,-2.7782745361328125,confirmation
1009,weak_distractor,stable_shift,0.012408554553985596,0.13972541636625457,0.13395007506917123,0.07462315013584925,0.6137530207633972,0.062060073018074036,20.825366973876953,confirmation
1009,competition_balanced,competition,0.002402961254119873,0.08821729962170777,0.07663557666152554,0.04241469969786826,0.6190688014030457,0.06623100489377975,-38.58830261230469,confirmation
1009,direct_conflict,competition,0.005792856216430664,0.10893728754983634,0.09767501903754505,0.05454950475506068,0.6119300723075867,0.061362553387880325,-3.8498544692993164,confirmation
1009,closure_update,closure,0.010688185691833496,0.12525118013919323,0.10973180316274933,0.06408983867140239,0.6046153903007507,0.056646380573511124,9.062816619873047,confirmation
1009,closure_override,closure,0.011610746383666992,0.1526485318538251,0.14030986200276763,0.07904497165598168,0.6242049336433411,0.07694361358880997,-78.54022979736328,confirmation
1009,exception_override,closure,0.012067139148712158,0.16367737399362736,0.14248487487186023,0.08257413179072798,0.6215734481811523,0.0729500874876976,-106.25570678710938,confirmation
1010,clean,stable,5.960464477539063e-08,0.0,0.0,2.9802322387695312e-08,0.6227067112922668,0.06790171563625336,12.39765453338623,confirmation
1010,rename,stable,0.06035882234573364,0.46413193788263174,0.42799975417970415,0.2532123341884508,0.5562049746513367,0.045837435871362686,39.998348236083984,confirmation
1010,permuted,stable,0.00037854909896850586,0.02938129335492079,0.02914754083256821,0.014821483096356503,0.621576189994812,0.0716300681233406,18.830350875854492,confirmation
1010,redundant,stable,0.004635155200958252,0.12574892465573673,0.10602597455706253,0.06026130240367894,0.6067905426025391,0.06838493049144745,-0.2269906997680664,confirmation
1010,irrelevant,stable,0.006345868110656738,0.12347171189877404,0.11150817577987693,0.06191790597499111,0.6119534969329834,0.07293179631233215,26.893434524536133,confirmation
1010,paraphrase,stable,0.08421432971954346,0.6715469136011807,0.6006761485600995,0.3601629304000918,0.49110865592956543,0.1003146544098854,-7.147574424743652,confirmation
1010,weak_distractor,stable_shift,0.008027493953704834,0.15269374766617283,0.1366589302898601,0.07635191646586065,0.6097146272659302,0.0704817995429039,34.1864128112793,confirmation
1010,competition_balanced,competition,0.0021455883979797363,0.08831438219610588,0.07783184767340601,0.04260935166636784,0.6159080266952515,0.06872399151325226,30.57076644897461,confirmation
1010,direct_conflict,competition,0.0028255581855773926,0.10658704464825053,0.09268127598872533,0.05122985925203266,0.6164157390594482,0.06802190095186234,28.51070785522461,confirmation
1010,closure_update,closure,0.005082070827484131,0.11980035478990869,0.09938862774930002,0.05733828104854424,0.6083434224128723,0.06162704527378082,-0.6426553726196289,confirmation
1010,closure_override,closure,0.0031418204307556152,0.15234005756208624,0.12716926138843743,0.07144823995300872,0.6243600249290466,0.07259304821491241,-54.14065170288086,confirmation
1010,exception_override,closure,0.007209718227386475,0.14244775734114656,0.13158311486446328,0.0721125771650957,0.6141498684883118,0.07085348665714264,-77.5626449584961,confirmation
1011,clean,stable,5.960464477539063e-08,0.0,0.0,2.9802322387695312e-08,0.6276684403419495,0.06426751613616943,12.39765453338623,confirmation
1011,rename,stable,0.08972758054733276,0.48453360864531636,0.43546946937256503,0.27486455977813673,0.558269202709198,0.02295191027224064,64.5454330444336,confirmation
1011,permuted,stable,0.0012017488479614258,0.03884590139686228,0.03481265890060081,0.019015514498346486,0.6253885626792908,0.06975536793470383,24.68669891357422,confirmation
1011,redundant,stable,0.010424435138702393,0.13552043859932583,0.1083298595397243,0.06617479210411373,0.6106463074684143,0.06812699884176254,8.737113952636719,confirmation
1011,irrelevant,stable,0.00902789831161499,0.12883105933475802,0.1187091560572836,0.0663990030038179,0.6256030797958374,0.06646754592657089,36.153011322021484,confirmation
1011,paraphrase,stable,0.10965639352798462,0.6845243601698119,0.612305978650451,0.37903578146905803,0.4901355504989624,0.09144952893257141,3.104588508605957,confirmation
1011,weak_distractor,stable_shift,0.018192708492279053,0.1591433991704445,0.14954381024396646,0.08626815659974227,0.6144641041755676,0.0685608983039856,22.89193344116211,confirmation
1011,competition_balanced,competition,0.002701401710510254,0.08831961532664445,0.07658772846751605,0.04257753680379525,0.6222167015075684,0.06716493517160416,4.570671081542969,confirmation
1011,direct_conflict,competition,0.002391517162322998,0.09189755748897543,0.09118790825252587,0.046967125016536826,0.6213350892066956,0.06590981036424637,21.951309204101562,confirmation
1011,closure_update,closure,0.00918436050415039,0.13273750918231142,0.1036872996827638,0.063698382468344,0.6104238033294678,0.05782495439052582,-35.19914245605469,confirmation
1011,closure_override,closure,0.013309836387634277,0.1713584732964929,0.15496107045637408,0.08823480413203388,0.6274651288986206,0.07748281210660934,-89.52165222167969,confirmation
1011,exception_override,closure,0.014780163764953613,0.15908424751130934,0.1468627813802138,0.08387683910535759,0.6221523284912109,0.07289930433034897,-107.3228759765625,confirmation
1012,clean,stable,-3.5762786865234375e-07,0.0,0.0,-1.7881393432617188e-07,0.6311357021331787,0.06759044528007507,12.39765453338623,confirmation
1012,rename,stable,0.07632207870483398,0.4667274980321693,0.4341324244476843,0.26337601997238036,0.5743371844291687,0.04302358627319336,78.50308227539062,confirmation
1012,permuted,stable,0.00029546022415161133,0.022910057996090916,0.027879756373886067,0.012845183704570051,0.6297926306724548,0.07050036638975143,35.40584182739258,confirmation
1012,redundant,stable,0.008485853672027588,0.12571914239256232,0.11485824502065889,0.0643872736893191,0.6238691210746765,0.07482510060071945,11.869256973266602,confirmation
1012,irrelevant,stable,0.008179247379302979,0.10838292255167403,0.1023222723648588,0.0567659224187847,0.6232821345329285,0.06619308143854141,46.42278289794922,confirmation
1012,paraphrase,stable,0.11193013191223145,0.6677129390191832,0.6067854141891047,0.3745896542581877,0.4989492893218994,0.0895049050450325,-18.98253631591797,confirmation
1012,weak_distractor,stable_shift,0.016082406044006348,0.1501532760529546,0.13760173897895,0.07997995677997932,0.6206766963005066,0.05742088332772255,44.79890441894531,confirmation
1012,competition_balanced,competition,0.0015026330947875977,0.07308890486460573,0.07486847001008601,0.03774066026606673,0.6252426505088806,0.06740590929985046,57.767181396484375,confirmation
1012,direct_conflict,competition,0.0017498135566711426,0.08544499377051473,0.09064108461707976,0.044896426375234194,0.6295291781425476,0.06397898495197296,55.31134796142578,confirmation
1012,closure_update,closure,0.009941041469573975,0.11087365579425057,0.10629439494827897,0.05926253342041937,0.619787871837616,0.05981272831559181,14.60331916809082,confirmation
1012,closure_override,closure,0.0064125657081604,0.14399352060231052,0.13152546488538908,0.0720860292260051,0.6335780620574951,0.07304713875055313,-41.03260040283203,confirmation
1012,exception_override,closure,0.01819545030593872,0.17049386146794265,0.15433192474860358,0.09030417170710592,0.622296154499054,0.07261326909065247,-76.41361236572266,confirmation
1013,clean,stable,1.7881393432617188e-07,0.0,0.0,8.940696716308594e-08,0.6312832236289978,0.06518075615167618,12.39765453338623,confirmation
1013,rename,stable,0.08463394641876221,0.47361181634884475,0.4310386825729572,0.26847959793983156,0.5680021643638611,0.03823837265372276,42.2642822265625,confirmation
1013,permuted,stable,0.0003873109817504883,0.029065198397008718,0.024176527906467737,0.013504087066744358,0.6307622790336609,0.06635911017656326,-13.406825065612793,confirmation
1013,redundant,stable,0.005773723125457764,0.122790482063039,0.1067140883482468,0.06026300416555033,0.6257964968681335,0.06846963614225388,6.170691013336182,confirmation
1013,irrelevant,stable,0.005906999111175537,0.11474578069289354,0.09737115461322521,0.055982733382117456,0.6238201260566711,0.06416534632444382,25.345455169677734,confirmation
1013,paraphrase,stable,0.11938059329986572,0.6618143342206271,0.6026335125832527,0.3758022583509028,0.4998079240322113,0.08415534347295761,-22.977581024169922,confirmation
1013,weak_distractor,stable_shift,0.01043623685836792,0.13483410725973954,0.12231092925502762,0.06950437755787575,0.6229113936424255,0.05316518619656563,37.96039962768555,confirmation
1013,competition_balanced,competition,0.0011879205703735352,0.07339458956324785,0.07234220338421338,0.037028158522052074,0.6291669011116028,0.06275105476379395,-6.538287162780762,confirmation
1013,direct_conflict,competition,0.0017633438110351562,0.0916636963915688,0.08834996003373641,0.04588508601184388,0.6301897168159485,0.057957205921411514,23.708654403686523,confirmation
1013,closure_update,closure,0.01068735122680664,0.12079613378088683,0.10806069031842969,0.06255788163823245,0.6166567206382751,0.05623690411448479,-1.5333595275878906,confirmation
1013,closure_override,closure,0.01936054229736328,0.17606733418807974,0.15683832153124666,0.09290668507851324,0.631610631942749,0.06833060830831528,-70.6827163696289,confirmation
1013,exception_override,closure,0.02394324541091919,0.19402413553412357,0.17039069341674296,0.10307532994317622,0.6249272227287292,0.07078005373477936,-94.22098541259766,confirmation
1014,clean,stable,-1.1920928955078125e-07,0.0,0.0,-5.960464477539063e-08,0.6314645409584045,0.06981857866048813,12.39765453338623,confirmation
1014,rename,stable,0.09811973571777344,0.49186734432762413,0.44206864611861085,0.28254386547044547,0.5529354214668274,0.03721987083554268,41.854644775390625,confirmation
1014,permuted,stable,0.00023883581161499023,0.022845345642502513,0.02513920556830962,0.012115555708510528,0.6315156817436218,0.07340671867132187,2.698343276977539,confirmation
1014,redundant,stable,0.010493695735931396,0.14589996309992215,0.1152672776553475,0.07053865805678311,0.6187663674354553,0.07533995062112808,-0.8089580535888672,confirmation
1014,irrelevant,stable,0.012044668197631836,0.13489344638211953,0.11227304569325947,0.06781395711766067,0.6129735112190247,0.06879977136850357,38.77880096435547,confirmation
1014,paraphrase,stable,0.11590325832366943,0.674684732951792,0.6067088994445715,0.3783000372609256,0.4891132116317749,0.07271584123373032,-38.41474151611328,confirmation
1014,weak_distractor,stable_shift,0.015650391578674316,0.15710264340946323,0.13388901596773828,0.08057311063363753,0.6169784069061279,0.06340093910694122,32.521602630615234,confirmation
1014,competition_balanced,competition,0.0032609105110168457,0.11208220154813453,0.08064956473092122,0.04981339682527236,0.6223382949829102,0.06837158650159836,23.969715118408203,confirmation
1014,direct_conflict,competition,0.005085170269012451,0.1239809229056742,0.09377969013348253,0.05698273839429541,0.6231951117515564,0.06407910585403442,32.012962341308594,confirmation
1014,closure_update,closure,0.011468946933746338,0.14035882101882924,0.10167128627118405,0.06624200028937649,0.6105330586433411,0.06235117092728615,-19.852035522460938,confirmation
1014,closure_override,closure,0.007694065570831299,0.1734417413770002,0.15175218359500775,0.08514551402841763,0.6303026080131531,0.07029599696397781,-53.385013580322266,confirmation
1014,exception_override,closure,0.016212403774261475,0.1887718133351104,0.1551134140575271,0.09407750873529011,0.6194165349006653,0.07125771790742874,-101.8720932006836,confirmation
1015,clean,stable,0.0,0.0,0.0,0.0,0.634411096572876,0.06464481353759766,12.39765453338623,confirmation
1015,rename,stable,0.10412329435348511,0.4906953779565346,0.4415560793521798,0.28512451150392115,0.5675130486488342,0.04299558326601982,71.9358901977539,confirmation
1015,permuted,stable,0.00032830238342285156,0.029009623651440664,0.02533078192088889,0.013749252584793814,0.6360625624656677,0.06917532533407211,20.005050659179688,confirmation
1015,redundant,stable,0.01264643669128418,0.1539661290476655,0.12060945263981215,0.0749671137675115,0.6249906420707703,0.07275228947401047,5.98690938949585,confirmation
1015,irrelevant,stable,0.009561538696289062,0.12854606972254023,0.11427336573581737,0.06548562821273393,0.6245890259742737,0.06544371694326401,25.87772560119629,confirmation
1015,paraphrase,stable,0.13669931888580322,0.6785208943776424,0.6149179929707744,0.3917093812800058,0.4892760217189789,0.09636271744966507,35.59420394897461,confirmation
1015,weak_distractor,stable_shift,0.014131903648376465,0.16516353308812992,0.1376694184102124,0.08277418969877381,0.6272918581962585,0.05580425634980202,32.670166015625,confirmation
1015,competition_balanced,competition,0.0014935135841369629,0.0974735688603302,0.07775420466087846,0.04455370017237065,0.628655731678009,0.06549613922834396,-19.119762420654297,confirmation
1015,direct_conflict,competition,0.0012961626052856445,0.08255022060364858,0.08634365212890371,0.042871549485780897,0.6348299980163574,0.061888132244348526,-7.173336982727051,confirmation
1015,closure_update,closure,0.0070667266845703125,0.11452001202209694,0.1019703820792982,0.05765596186763394,0.6187186241149902,0.05703429505228996,11.618326187133789,confirmation
1015,closure_override,closure,0.023013830184936523,0.1967898197419914,0.17800349480047373,0.10520524372808454,0.6284237504005432,0.07444261759519577,-62.340145111083984,confirmation
1015,exception_override,closure,0.025292694568634033,0.19928120381232273,0.1779670019169708,0.1069583987166404,0.6258316040039062,0.07228147983551025,-85.24765014648438,confirmation
1016,clean,stable,2.384185791015625e-07,0.0,0.0,1.1920928955078125e-07,0.628046989440918,0.06733957678079605,12.39765453338623,confirmation
1016,rename,stable,0.07383286952972412,0.48316618941840506,0.44089325953687497,0.26793129700368207,0.5628665685653687,0.042568717151880264,20.534643173217773,confirmation
1016,permuted,stable,0.00023055076599121094,0.02876891462731168,0.02368270095821734,0.01322817927937786,0.6288366913795471,0.06879717111587524,10.807882308959961,confirmation
1016,redundant,stable,0.007215976715087891,0.13140352508466402,0.11835263935846818,0.066047029468327,0.6152680516242981,0.07359954714775085,0.223785400390625,confirmation
1016,irrelevant,stable,0.003250420093536377,0.12665366612976048,0.11329201346954809,0.06161162994659533,0.6240967512130737,0.06731253862380981,12.870275497436523,confirmation
1016,paraphrase,stable,0.10242879390716553,0.6741333718628384,0.6082021853944541,0.3717982862679059,0.4926152527332306,0.08808987587690353,-12.959307670593262,confirmation
1016,weak_distractor,stable_shift,0.01186072826385498,0.1568371368967637,0.13864405040563366,0.07980066095752683,0.6202231049537659,0.06780821830034256,26.34275245666504,confirmation
1016,competition_balanced,competition,0.0018002986907958984,0.09743270527584247,0.07988719470248329,0.04523012433997939,0.6179669499397278,0.06769382208585739,-3.727169990539551,confirmation
1016,direct_conflict,competition,0.0021808743476867676,0.11198438221231999,0.09607056821608972,0.05310417478094581,0.6233633756637573,0.06644033640623093,2.5982322692871094,confirmation
1016,closure_update,closure,0.006536424160003662,0.12881847825182946,0.11357364988169039,0.06386624411338179,0.6116003394126892,0.05828848481178284,-2.704652786254883,confirmation
1016,closure_override,closure,0.0052790045738220215,0.1520362832748533,0.13756869917503078,0.07504074789938203,0.6330928206443787,0.07366735488176346,-82.25251770019531,confirmation
1016,exception_override,closure,0.015996873378753662,0.1776418604085449,0.15767028221877621,0.09182647234620711,0.6209633946418762,0.07364387810230255,-78.44561767578125,confirmation
1017,clean,stable,5.960464477539063e-08,0.0,0.0,2.9802322387695312e-08,0.6298482418060303,0.06824254244565964,12.39765453338623,confirmation
1017,rename,stable,0.09174036979675293,0.4793323523439945,0.4400345727878533,0.2757119161813384,0.5595674514770508,0.02133209817111492,41.012657165527344,confirmation
1017,permuted,stable,0.00016355514526367188,0.016309397930084235,0.02287832440820159,0.009878708157203292,0.6305422186851501,0.06862630695104599,-2.109562873840332,confirmation
1017,redundant,stable,0.008185267448425293,0.1462191212412569,0.12214125678886267,0.07118272823174254,0.6189014911651611,0.07031331211328506,6.024570465087891,confirmation
1017,irrelevant,stable,0.004961669445037842,0.12313827219798956,0.1090761839488863,0.060534448759237885,0.6258395314216614,0.06498496234416962,18.7365665435791,confirmation
1017,paraphrase,stable,0.12649422883987427,0.6768132801552877,0.6143671465138096,0.3860422210872115,0.49274876713752747,0.07721617817878723,-13.376900672912598,confirmation
1017,weak_distractor,stable_shift,0.01032024621963501,0.14789893361312545,0.13187405140443742,0.07510336936420822,0.6231990456581116,0.05906180664896965,15.444276809692383,confirmation
1017,competition_balanced,competition,0.001439809799194336,0.09108836555401412,0.08685453046371572,0.04520562890402963,0.6243281364440918,0.06632702797651291,-14.8772554397583,confirmation
1017,direct_conflict,competition,0.001973867416381836,0.10958195330353648,0.09970751035170855,0.053309299622002176,0.6268368363380432,0.0628042072057724,9.523853302001953,confirmation
1017,closure_update,closure,0.010926604270935059,0.13697804548641956,0.11829397192536328,0.06928130648841324,0.6151782870292664,0.055625542998313904,-10.239222526550293,confirmation
1017,closure_override,closure,0.012087345123291016,0.1596523138961281,0.1552903342032529,0.08477933458649076,0.6315013766288757,0.0733751505613327,-101.43047332763672,confirmation
1017,exception_override,closure,0.016531825065612793,0.17920951500321658,0.16471547806794595,0.09424716080059703,0.6295484900474548,0.07402464747428894,-112.87675476074219,confirmation
1018,clean,stable,1.1920928955078125e-07,0.0,0.0,5.960464477539063e-08,0.6341671347618103,0.07435353845357895,12.39765453338623,confirmation
1018,rename,stable,0.08305412530899048,0.48623056815034293,0.4421897063278376,0.2736321312740404,0.5619826912879944,0.04208885133266449,57.05527114868164,confirmation
1018,permuted,stable,0.0003490447998046875,0.02608096332191756,0.025521168422265927,0.013075055335948216,0.6313478946685791,0.07522981613874435,4.9861273765563965,confirmation
1018,redundant,stable,0.008715033531188965,0.1293043094744908,0.11372682944561607,0.0651153014956212,0.6200287938117981,0.07491861283779144,-1.7687692642211914,confirmation
1018,irrelevant,stable,0.006564438343048096,0.12030596973932106,0.1147976968465052,0.062058135817980614,0.6223042011260986,0.0594436340034008,15.364633560180664,confirmation
1018,paraphrase,stable,0.09852814674377441,0.6620967409042484,0.601561541213729,0.36517864390138155,0.5023776888847351,0.08819331973791122,-6.687546730041504,confirmation
1018,weak_distractor,stable_shift,0.012870490550994873,0.1567975112367952,0.13867427955332845,0.08030319297302835,0.6203127503395081,0.06773003190755844,37.480106353759766,confirmation
1018,competition_balanced,competition,0.0020938515663146973,0.10309550986339866,0.07921877108292918,0.04662549601973931,0.6233698129653931,0.07157521694898605,9.410733222961426,confirmation
1018,direct_conflict,competition,0.00379180908203125,0.11203071831622313,0.09153339117674675,0.052786931914258095,0.623365044593811,0.06755905598402023,21.14035987854004,confirmation
1018,closure_update,closure,0.009068727493286133,0.12876972820307941,0.10284299911536099,0.06243754557625317,0.6140129566192627,0.062474045902490616,9.392290115356445,confirmation
1018,closure_override,closure,0.007219076156616211,0.1772385559234365,0.14293861966904686,0.08365383197642895,0.6362102627754211,0.07375405728816986,-46.047122955322266,confirmation
1018,exception_override,closure,0.015459775924682617,0.17733290602636353,0.15157712448823402,0.0899573955909907,0.62581467628479,0.07605854421854019,-80.46908569335938,confirmation
1019,clean,stable,1.7881393432617188e-07,0.0,0.0,8.940696716308594e-08,0.635939359664917,0.06906174123287201,12.39765453338623,confirmation
1019,rename,stable,0.08811450004577637,0.48354322902584546,0.4408959594619771,0.27516704714484386,0.5772374868392944,0.041930362582206726,69.62388610839844,confirmation
1019,permuted,stable,0.00036984682083129883,0.032309953684444004,0.024898699001841607,0.014487086581987052,0.6376661658287048,0.06978026777505875,35.8470458984375,confirmation
1019,redundant,stable,0.007798254489898682,0.12348087597810131,0.11325391861123058,0.06308282589228231,0.6278396248817444,0.07434650510549545,17.52307891845703,confirmation
1019,irrelevant,stable,0.005679011344909668,0.11182179199197317,0.10959696746581449,0.05819419553690175,0.6293556094169617,0.06489486992359161,26.539833068847656,confirmation
1019,paraphrase,stable,0.13103044033050537,0.6664665337984756,0.6102867928352758,0.38470355182369054,0.5058061480522156,0.07689892500638962,9.760008811950684,confirmation
1019,weak_distractor,stable_shift,0.014572679996490479,0.15431426532730785,0.14025905717553455,0.08092967062395584,0.6314277052879333,0.059540778398513794,42.72296905517578,confirmation
1019,competition_balanced,competition,0.001631617546081543,0.07962156027412526,0.07860583552493405,0.0403726577228056,0.6272026896476746,0.06796679645776749,20.02960205078125,confirmation
1019,direct_conflict,competition,0.0011972784996032715,0.07973842657527441,0.08806523748634876,0.04254955526520743,0.6353046894073486,0.06434772163629532,11.484405517578125,confirmation
1019,closure_update,closure,0.003470122814178467,0.09426800363239562,0.10430198676424274,0.051377559006248824,0.6263064742088318,0.05690696835517883,-13.983576774597168,confirmation
1019,closure_override,closure,0.021831035614013672,0.18765868366253702,0.17775659731421778,0.10226933805119554,0.638245165348053,0.07401707768440247,-55.405399322509766,confirmation
1019,exception_override,closure,0.025297939777374268,0.1946975779712985,0.18094946256757627,0.10656073002340583,0.6299262642860413,0.07360603660345078,-66.77262878417969,confirmation
1020,clean,stable,1.1920928955078125e-07,0.0,0.0,5.960464477539063e-08,0.6307358145713806,0.06744517385959625,12.39765453338623,confirmation
1020,rename,stable,0.07665890455245972,0.4751417570878592,0.4396864856142545,0.2670365129517583,0.5683297514915466,0.032038405537605286,46.28971481323242,confirmation
1020,permuted,stable,0.0005164742469787598,0.038475767665556604,0.026779908901019667,0.016572156265133448,0.6316230297088623,0.0694536343216896,25.111408233642578,confirmation
1020,redundant,stable,0.005238234996795654,0.10857417533943015,0.09891165465452334,0.0544905749968862,0.6177486777305603,0.07071469724178314,12.864495277404785,confirmation
1020,irrelevant,stable,0.00897914171218872,0.11630680760704115,0.10292321034437346,0.059297075343948014,0.6176425814628601,0.06489795446395874,13.973064422607422,confirmation
1020,paraphrase,stable,0.11447262763977051,0.6775641704871673,0.6055739855097837,0.378020852819123,0.48814836144447327,0.08231381326913834,-13.332194328308105,confirmation
1020,weak_distractor,stable_shift,0.013118982315063477,0.15303931125909687,0.138012940429889,0.0793225540797782,0.619096577167511,0.0648636519908905,20.58306121826172,confirmation
1020,competition_balanced,competition,0.0032225847244262695,0.09414416090941569,0.07385585616734902,0.04361129663140431,0.621191143989563,0.06645731627941132,26.221986770629883,confirmation
1020,direct_conflict,competition,0.004611790180206299,0.10885108023784162,0.09693526198777846,0.05375248064650817,0.6216242909431458,0.06304869800806046,44.8503303527832,confirmation
1020,closure_update,closure,0.008725225925445557,0.11980035478990869,0.10913248499557338,0.061595822909093295,0.6132044196128845,0.05238566920161247,-7.394528388977051,confirmation
1020,closure_override,closure,0.004052877426147461,0.15069258719616052,0.12867591555273528,0.07186856440029768,0.635703444480896,0.07287998497486115,-51.86159133911133,confirmation
1020,exception_override,closure,0.009971559047698975,0.15860323253701303,0.1329480404173614,0.0778735977624431,0.6199805736541748,0.06760724633932114,-107.35516357421875,confirmation
1021,clean,stable,0.0,0.0,0.0,0.0,0.6299840807914734,0.06478455662727356,12.39765453338623,confirmation
1021,rename,stable,0.08217042684555054,0.46936395671005793,0.4320855181489244,0.26644758213752084,0.5603845715522766,0.033656515181064606,51.67018127441406,confirmation
1021,permuted,stable,0.00037407875061035156,0.02271780576115867,0.02325458692841209,0.011680137547697866,0.6285898089408875,0.06662777811288834,10.343135833740234,confirmation
1021,redundant,stable,0.006254673004150391,0.10575926426763838,0.095248572502868,0.05337929569470179,0.6196409463882446,0.0675642266869545,6.176044940948486,confirmation
1021,irrelevant,stable,0.005676865577697754,0.11130417806943294,0.09943728537235919,0.05552379864929691,0.6234968304634094,0.062219906598329544,23.851985931396484,confirmation
1021,paraphrase,stable,0.12017935514450073,0.6773307711787977,0.6065616729603538,0.38106278860703824,0.4902660548686981,0.09300073981285095,35.935638427734375,confirmation
1021,weak_distractor,stable_shift,0.012844085693359375,0.15400943854130134,0.13225565868045852,0.07798831715211965,0.6159889101982117,0.05662751570343971,18.26097297668457,confirmation
1021,competition_balanced,competition,0.0014469623565673828,0.08837365410003795,0.07417146547672093,0.04135976107247341,0.6220616698265076,0.06436165422201157,-33.90953826904297,confirmation
1021,direct_conflict,competition,0.0034595131874084473,0.11797077872488482,0.09980546507862254,0.05617381754458106,0.6224311590194702,0.05767420306801796,14.573429107666016,confirmation
1021,closure_update,closure,0.009435474872589111,0.13457643088673965,0.11543264019289501,0.06722000520620322,0.6134464144706726,0.04887866601347923,8.57146167755127,confirmation
1021,closure_override,closure,0.00797271728515625,0.1546672389401652,0.14159602485107714,0.07805217459038871,0.6308251023292542,0.0734625831246376,-73.35208892822266,confirmation
1021,exception_override,closure,0.010230004787445068,0.16167206332828388,0.13984305220217108,0.08049378127633627,0.6222201585769653,0.06747228652238846,-103.76467895507812,confirmation
1022,clean,stable,-2.384185791015625e-07,0.0,0.0,-1.1920928955078125e-07,0.6275261044502258,0.06756449490785599,12.39765453338623,confirmation
1022,rename,stable,0.06835979223251343,0.4691118852017213,0.43101628024958627,0.2592119374790836,0.5574728846549988,0.041197244077920914,38.30003356933594,confirmation
1022,permuted,stable,0.0004267692565917969,0.03242654362523634,0.033123792876639135,0.016600968753764767,0.6301752924919128,0.0692366287112236,14.26294231414795,confirmation
1022,redundant,stable,0.004830777645111084,0.11190358329034444,0.09848233060321154,0.05501186729594454,0.6151251792907715,0.07029522955417633,5.456697463989258,confirmation
1022,irrelevant,stable,0.007407486438751221,0.1137581602363874,0.10677897169097228,0.05883802620121553,0.6148181557655334,0.06536281853914261,25.798152923583984,confirmation
1022,paraphrase,stable,0.08966606855392456,0.6679643028442652,0.5977347177243268,0.3612577894191103,0.49071887135505676,0.09305483847856522,-10.667107582092285,confirmation
1022,weak_distractor,stable_shift,0.007742345333099365,0.14884889069059815,0.13095495409368496,0.07382213386262046,0.6167478561401367,0.06332927942276001,39.16823959350586,confirmation
1022,competition_balanced,competition,0.0017333626747131348,0.08820080819785547,0.07339231205156782,0.04126496139971239,0.6192145943641663,0.06638697534799576,27.230512619018555,confirmation
1022,direct_conflict,competition,0.002498805522918701,0.09991916408791557,0.092731084705583,0.04941196495983399,0.6195498108863831,0.06251033395528793,19.003299713134766,confirmation
1022,closure_update,closure,0.006718635559082031,0.12252117740919044,0.10431462730353547,0.06006826895772249,0.6131888031959534,0.05684250593185425,7.083894729614258,confirmation
1022,closure_override,closure,0.003932297229766846,0.16034848552352632,0.13456922440321317,0.0756955760965683,0.628584623336792,0.07097990065813065,-54.98740768432617,confirmation
1022,exception_override,closure,0.006064116954803467,0.15322597840101926,0.13098258432714138,0.0740841991594419,0.6179692149162292,0.06760971993207932,-83.61630249023438,confirmation
1023,clean,stable,0.0,0.0,0.0,0.0,0.6314361095428467,0.06481944769620895,12.39765453338623,confirmation
1023,rename,stable,0.08870035409927368,0.46583845340393804,0.43968786765184487,0.27073175731358257,0.5670619606971741,0.026790985837578773,70.71006774902344,confirmation
1023,permuted,stable,0.0003795623779296875,0.029074336005029067,0.03679338821074685,0.016656712242908822,0.6310235261917114,0.06746996194124222,32.94429397583008,confirmation
1023,redundant,stable,0.006536245346069336,0.11230312684551247,0.1070725700387768,0.05811204689410698,0.6221417784690857,0.07015407830476761,7.155514717102051,confirmation
1023,irrelevant,stable,0.006267130374908447,0.12027355148260366,0.10970033751485497,0.06062703743681888,0.6277128458023071,0.06075528636574745,29.716175079345703,confirmation
1023,paraphrase,stable,0.119087815284729,0.676194362688949,0.6130099571329135,0.38184498759783014,0.48983898758888245,0.08255121856927872,7.326692581176758,confirmation
1023,weak_distractor,stable_shift,0.01114654541015625,0.1483405067570458,0.14265671351846798,0.07832257777395657,0.6224942803382874,0.060164887458086014,5.610256195068359,confirmation
1023,competition_balanced,competition,0.0012775659561157227,0.07045539718807037,0.07492052668875371,0.03698276394726388,0.6277044415473938,0.06383883208036423,7.131435394287109,confirmation
1023,direct_conflict,competition,0.0013873577117919922,0.09183486478703629,0.09464416838777412,0.0473134371495986,0.6302833557128906,0.05895298346877098,13.792867660522461,confirmation
1023,closure_update,closure,0.0059708356857299805,0.1151876312876493,0.11382086795469337,0.06023754265345066,0.6178379654884338,0.04858887195587158,-6.280732154846191,confirmation
1023,closure_override,closure,0.0107383131980896,0.16047654630395636,0.15815124693181692,0.08502610490798812,0.6302781701087952,0.07542137056589127,-84.71613311767578,confirmation
1023,exception_override,closure,0.011994242668151855,0.15339259289309892,0.14956153505607916,0.08173565332137045,0.6247459650039673,0.06659014523029327,-103.64400482177734,confirmation
