prompt_id,graph_id,entity_id,relation_id,condition,condition_class,mechanism,clean_label,conflict_label,aux_label,text,split,R_L18,dR_L18,R_L19,dR_L19,R_L20,dR_L20,R_L21,dR_L21,R_L22,dR_L22,R_L23,dR_L23,DeltaU
g000_clean,0,0,0,clean,clean,stable,Red,Blue,Green,"You are given a small relation graph.
Fact 1: Ava belongs to Bela.
Fact 2: Bela is located at Red.
Question: Which label is associated with Ava: Red or Blue?
Answer with exactly one word:",discovery,1.483326,0.0,-1.8204613,0.0,14.104668,0.0,19.820663,0.0,17.257015,0.0,67.11359,0.0,12.397655
g000_rename,0,0,0,rename,relation_preserving,stable,Red,Blue,Green,"Consider a tiny mapping network.
Link one: Ava belongs to Bela.
Link two: Bela is located at Red.
Choose the label reached from Ava: Red or Blue.
One word answer:",discovery,4.9528365,3.4695106,6.278143,8.098604,18.3871,4.2824326,19.593185,-0.22747803,14.677841,-2.579174,71.25825,4.144661,18.293825
g000_permuted,0,0,0,permuted,relation_preserving,stable,Red,Blue,Green,"You are given a small relation graph.
Fact 2: Bela is located at Red.
Fact 1: Ava belongs to Bela.
Question: Which label is associated with Ava: Red or Blue?
Answer with exactly one word:",discovery,0.0024924278,-1.4808335,-9.018974,-7.198513,9.146627,-4.95804,14.610817,-5.2098465,12.392067,-4.8649483,57.26168,-9.851906,-1.8956223
g000_redundant,0,0,0,redundant,relation_preserving,stable,Red,Blue,Green,"You are given a small relation graph.
Fact 1: Ava belongs to Bela.
Fact 2: Bela is located at Red.
Repeated confirmation: Ava still goes through Bela.
Repeated confirmation: Bela still points to Red.
Question: Which label is associated with Ava: Red or Blue?
Answer with exactly one word:",discovery,-0.7491107,-2.2324367,-5.2316685,-3.4112072,10.859669,-3.244999,16.488045,-3.3326187,14.554497,-2.7025185,61.445564,-5.668022,3.8758307
g000_irrelevant,0,0,0,irrelevant,relation_preserving,stable,Red,Blue,Green,"You are given a small relation graph.
Fact 1: Ava belongs to Bela.
Fact 2: Bela is located at Red.
Irrelevant fact: Cora is associated with Green.
Question: Which label is associated with Ava: Red or Blue?
Answer with exactly one word:",discovery,2.6351652,1.1518393,1.6426182,3.4630795,21.743412,7.6387444,26.068825,6.2481613,25.823746,8.5667305,74.39464,7.2810516,27.459942
g000_paraphrase,0,0,0,paraphrase,relation_preserving,stable,Red,Blue,Green,"In this example, Ava reaches Bela.
The destination connected to Bela is Red.
Based on those two links, select the label for Ava: Red or Blue.
Answer:",discovery,3.0240355,1.5407095,-11.96392,-10.143458,2.7832165,-11.321451,7.147087,-12.673576,-2.904728,-20.161743,44.419376,-22.69421,-22.135975
g000_weak_distractor,0,0,0,weak_distractor,structure_changing,stable_shift,Red,Blue,Green,"You are given a small relation graph.
Fact 1: Ava belongs to Bela.
Fact 2: Bela is located at Red.
Weak note: some unrelated source mentions Blue, but does not update the graph.
Question: Which label is associated with Ava: Red or Blue?
Answer with exactly one word:",discovery,2.8450794,1.3617535,-5.53319,-3.7127285,17.399397,3.2947292,22.206228,2.3855648,17.888268,0.6312523,66.48881,-0.62477875,13.730176
g000_competition_balanced,0,0,0,competition_balanced,structure_changing,competition,Red,Blue,Green,"You are given a small relation graph.
Fact 1: Ava belongs to Bela.
Fact 2: Bela is located at Red.
Competing fact: Ava is also associated with Blue.
Question: Which label is associated with Ava: Red or Blue?
Answer with exactly one word:",discovery,2.5467434,1.0634174,-2.886259,-1.0657978,17.806969,3.702301,22.10975,2.2890873,19.330048,2.0730324,69.04153,1.9279404,16.72137
g000_direct_conflict,0,0,0,direct_conflict,structure_changing,competition,Red,Blue,Green,"You are given a small relation graph.
Fact 1: Ava belongs to Bela.
Fact 2: Bela is located at Red.
Direct conflicting fact: Ava is located at Blue.
Question: Which label is associated with Ava: Red or Blue?
Answer with exactly one word:",discovery,0.6735325,-0.8097935,-8.412804,-6.5923424,10.92609,-3.1785774,16.018665,-3.8019981,4.217251,-13.039764,50.891296,-16.22229,-7.7467527
g000_closure_update,0,0,0,closure_update,structure_changing,closure,Red,Blue,Green,"You are given a small relation graph.
Fact 1: Ava belongs to Bela.
Old record: Bela is located at Red.
Updated record: Bela is located at Blue, not Red.
Question: Which label is associated with Ava: Red or Blue?
Answer with exactly one word:",discovery,-9.388044,-10.87137,-21.067657,-19.247196,-3.3045158,-17.409184,3.2286263,-16.592037,0.6489105,-16.608105,42.030334,-25.083252,-31.256191
g000_closure_override,0,0,0,closure_override,structure_changing,closure,Red,Blue,Green,"You are given a rule system.
General rule: items that belongs to Bela receive label Red.
Override rule: in this case, items that belongs to Bela receive label Blue.
Fact: Ava belongs to Bela.
Question: Which label applies to Ava: Red or Blue?
Answer with exactly one word:",discovery,-23.620733,-25.10406,-33.473366,-31.652905,-25.217499,-39.322166,-17.679615,-37.50028,-31.445774,-48.70279,1.1241074,-65.98948,-92.94218
g000_exception_override,0,0,0,exception_override,structure_changing,closure,Red,Blue,Green,"You are given a rule system.
General rule: items connected to Bela use label Red.
Exception: Ava is a special case and uses label Blue.
Fact: Ava is connected to Bela.
Question: Which label applies to Ava: Red or Blue?
Answer with exactly one word:",discovery,-23.768614,-25.25194,-39.546303,-37.72584,-28.037558,-42.142227,-20.640854,-40.461517,-32.442383,-49.699398,-6.460449,-73.574036,-101.67961
g001_clean,1,0,1,clean,clean,stable,Green,Yellow,North,"You are given a small relation graph.
Fact 1: Ava is assigned to Bela.
Fact 2: Bela maps to Green.
Question: Which label is associated with Ava: Green or Yellow?
Answer with exactly one word:",discovery,12.862419,0.0,16.6576,0.0,26.423208,0.0,40.733147,0.0,72.493744,0.0,104.3025,0.0,12.397655
g001_rename,1,0,1,rename,relation_preserving,stable,Green,Yellow,North,"Consider a tiny mapping network.
Link one: Ava is assigned to Bela.
Link two: Bela maps to Green.
Choose the label reached from Ava: Green or Yellow.
One word answer:",discovery,9.493373,-3.3690462,23.433083,6.775482,31.477856,5.0546474,41.235744,0.5025978,77.47186,4.978119,108.14811,3.8456116,20.694273
g001_permuted,1,0,1,permuted,relation_preserving,stable,Green,Yellow,North,"You are given a small relation graph.
Fact 2: Bela maps to Green.
Fact 1: Ava is assigned to Bela.
Question: Which label is associated with Ava: Green or Yellow?
Answer with exactly one word:",discovery,14.849627,1.9872074,16.817932,0.16033173,27.741043,1.3178349,41.553505,0.8203583,73.404335,0.9105911,106.03195,1.729454,15.092088
g001_redundant,1,0,1,redundant,relation_preserving,stable,Green,Yellow,North,"You are given a small relation graph.
Fact 1: Ava is assigned to Bela.
Fact 2: Bela maps to Green.
Repeated confirmation: Ava still goes through Bela.
Repeated confirmation: Bela still points to Green.
Question: Which label is associated with Ava: Green or Yellow?
Answer with exactly one word:",discovery,6.1747646,-6.6876545,8.652706,-8.004894,21.705643,-4.7175655,36.924244,-3.8089027,67.56062,-4.9331207,99.975266,-4.3272324,0.13239574
g001_irrelevant,1,0,1,irrelevant,relation_preserving,stable,Green,Yellow,North,"You are given a small relation graph.
Fact 1: Ava is assigned to Bela.
Fact 2: Bela maps to Green.
Irrelevant fact: Cora is associated with North.
Question: Which label is associated with Ava: Green or Yellow?
Answer with exactly one word:",discovery,13.909863,1.0474443,20.156733,3.4991322,33.847744,7.4245358,46.078484,5.345337,81.05615,8.562408,112.3049,8.002403,27.379757
g001_paraphrase,1,0,1,paraphrase,relation_preserving,stable,Green,Yellow,North,"In this example, Ava reaches Bela.
The destination connected to Bela is Green.
Based on those two links, select the label for Ava: Green or Yellow.
Answer:",discovery,2.2345362,-10.627883,-3.1682796,-19.82588,11.726662,-14.696547,29.630493,-11.1026535,55.183346,-17.310398,91.991974,-12.310524,-21.991879
g001_weak_distractor,1,0,1,weak_distractor,structure_changing,stable_shift,Green,Yellow,North,"You are given a small relation graph.
Fact 1: Ava is assigned to Bela.
Fact 2: Bela maps to Green.
Weak note: some unrelated source mentions Yellow, but does not update the graph.
Question: Which label is associated with Ava: Green or Yellow?
Answer with exactly one word:",discovery,13.974903,1.112484,19.551851,2.8942509,34.03795,7.6147404,46.20917,5.4760246,79.600784,7.1070404,111.46275,7.1602554,26.140968
g001_competition_balanced,1,0,1,competition_balanced,structure_changing,competition,Green,Yellow,North,"You are given a small relation graph.
Fact 1: Ava is assigned to Bela.
Fact 2: Bela maps to Green.
Competing fact: Ava is also associated with Yellow.
Question: Which label is associated with Ava: Green or Yellow?
Answer with exactly one word:",discovery,6.5634003,-6.299019,12.537132,-4.120468,29.24553,2.822321,43.42543,2.6922836,82.29582,9.802078,114.74315,10.440651,22.232231
g001_direct_conflict,1,0,1,direct_conflict,structure_changing,competition,Green,Yellow,North,"You are given a small relation graph.
Fact 1: Ava is assigned to Bela.
Fact 2: Bela maps to Green.
Direct conflicting fact: Ava maps to Yellow.
Question: Which label is associated with Ava: Green or Yellow?
Answer with exactly one word:",discovery,4.422542,-8.439877,10.661401,-5.9961996,24.039972,-2.383236,37.70947,-3.0236778,69.645065,-2.8486786,103.644684,-0.657814,4.6216226
g001_closure_update,1,0,1,closure_update,structure_changing,closure,Green,Yellow,North,"You are given a small relation graph.
Fact 1: Ava is assigned to Bela.
Old record: Bela maps to Green.
Updated record: Bela maps to Yellow, not Green.
Question: Which label is associated with Ava: Green or Yellow?
Answer with exactly one word:",discovery,-1.1163573,-13.978777,-5.9597263,-22.617327,8.426764,-17.996445,22.447166,-18.28598,59.921745,-12.571999,95.22435,-9.078148,-23.678833
g001_closure_override,1,0,1,closure_override,structure_changing,closure,Green,Yellow,North,"You are given a rule system.
General rule: items that is assigned to Bela receive label Green.
Override rule: in this case, items that is assigned to Bela receive label Yellow.
Fact: Ava is assigned to Bela.
Question: Which label applies to Ava: Green or Yellow?
Answer with exactly one word:",discovery,-12.924385,-25.786804,-19.894337,-36.551937,-13.5462475,-39.969456,3.6629438,-37.0702,31.203274,-41.29047,68.049835,-36.252663,-75.78024
g001_exception_override,1,0,1,exception_override,structure_changing,closure,Green,Yellow,North,"You are given a rule system.
General rule: items connected to Bela use label Green.
Exception: Ava is a special case and uses label Yellow.
Fact: Ava is connected to Bela.
Question: Which label applies to Ava: Green or Yellow?
Answer with exactly one word:",discovery,-21.441309,-34.303726,-33.32576,-49.98336,-27.506235,-53.929443,-10.303403,-51.03655,10.256405,-62.23734,43.232456,-61.07004,-116.66595
g002_clean,2,0,2,clean,clean,stable,North,South,East,"You are given a small relation graph.
Fact 1: Ava is part of Bela.
Fact 2: Bela points to North.
Question: Which label is associated with Ava: North or South?
Answer with exactly one word:",discovery,10.488707,0.0,3.9237537,0.0,17.214466,0.0,23.014565,0.0,15.343811,0.0,13.337936,0.0,12.397655
g002_rename,2,0,2,rename,relation_preserving,stable,North,South,East,"Consider a tiny mapping network.
Link one: Ava is part of Bela.
Link two: Bela points to North.
Choose the label reached from Ava: North or South.
One word answer:",discovery,10.584469,0.09576225,15.30532,11.381566,29.937685,12.723219,32.338234,9.323669,34.53961,19.1958,31.138954,17.801018,43.972786
g002_permuted,2,0,2,permuted,relation_preserving,stable,North,South,East,"You are given a small relation graph.
Fact 2: Bela points to North.
Fact 1: Ava is part of Bela.
Question: Which label is associated with Ava: North or South?
Answer with exactly one word:",discovery,16.116169,5.6274624,10.255329,6.3315754,26.09713,8.882664,31.942245,8.927681,28.265984,12.922173,28.032883,14.694946,36.968502
g002_redundant,2,0,2,redundant,relation_preserving,stable,North,South,East,"You are given a small relation graph.
Fact 1: Ava is part of Bela.
Fact 2: Bela points to North.
Repeated confirmation: Ava still goes through Bela.
Repeated confirmation: Bela still points to North.
Question: Which label is associated with Ava: North or South?
Answer with exactly one word:",discovery,10.167387,-0.32131958,3.612833,-0.31092072,20.36531,3.1508446,25.434551,2.4199867,18.347397,3.0035858,17.345818,4.007881,18.03957
g002_irrelevant,2,0,2,irrelevant,relation_preserving,stable,North,South,East,"You are given a small relation graph.
Fact 1: Ava is part of Bela.
Fact 2: Bela points to North.
Irrelevant fact: Cora is associated with East.
Question: Which label is associated with Ava: North or South?
Answer with exactly one word:",discovery,16.006176,5.5174694,9.521057,5.5973034,27.298634,10.0841675,33.74869,10.734127,28.791931,13.44812,26.560593,13.222656,37.40531
g002_paraphrase,2,0,2,paraphrase,relation_preserving,stable,North,South,East,"In this example, Ava reaches Bela.
The destination connected to Bela is North.
Based on those two links, select the label for Ava: North or South.
Answer:",discovery,-0.087638855,-10.576345,-8.277666,-12.20142,-3.961935,-21.176401,-1.7721367,-24.786701,-12.352386,-27.696198,-13.561127,-26.899063,-40.189655
g002_weak_distractor,2,0,2,weak_distractor,structure_changing,stable_shift,North,South,East,"You are given a small relation graph.
Fact 1: Ava is part of Bela.
Fact 2: Bela points to North.
Weak note: some unrelated source mentions South, but does not update the graph.
Question: Which label is associated with Ava: North or South?
Answer with exactly one word:",discovery,19.809235,9.320528,18.366348,14.442595,33.85977,16.645306,38.125282,15.110718,34.48842,19.144608,33.735916,20.39798,52.14046
g002_competition_balanced,2,0,2,competition_balanced,structure_changing,competition,North,South,East,"You are given a small relation graph.
Fact 1: Ava is part of Bela.
Fact 2: Bela points to North.
Competing fact: Ava is also associated with South.
Question: Which label is associated with Ava: North or South?
Answer with exactly one word:",discovery,3.717104,-6.7716026,-0.31020927,-4.233963,13.988983,-3.225483,17.856922,-5.1576424,14.306641,-1.0371704,13.33905,0.0011138916,5.6725106
g002_direct_conflict,2,0,2,direct_conflict,structure_changing,competition,North,South,East,"You are given a small relation graph.
Fact 1: Ava is part of Bela.
Fact 2: Bela points to North.
Direct conflicting fact: Ava points to South.
Question: Which label is associated with Ava: North or South?
Answer with exactly one word:",discovery,7.7325535,-2.756153,3.0444565,-0.87929726,17.826988,0.6125221,21.684925,-1.3296394,10.500275,-4.8435364,9.195206,-4.1427307,6.625877
g002_closure_update,2,0,2,closure_update,structure_changing,closure,North,South,East,"You are given a small relation graph.
Fact 1: Ava is part of Bela.
Old record: Bela points to North.
Updated record: Bela points to South, not North.
Question: Which label is associated with Ava: North or South?
Answer with exactly one word:",discovery,9.726466,-0.7622404,3.0845718,-0.8391819,14.434078,-2.7803879,19.052946,-3.9616184,19.674614,4.330803,18.244751,4.9068146,14.029064
g002_closure_override,2,0,2,closure_override,structure_changing,closure,North,South,East,"You are given a rule system.
General rule: items that is part of Bela receive label North.
Override rule: in this case, items that is part of Bela receive label South.
Fact: Ava is part of Bela.
Question: Which label applies to Ava: North or South?
Answer with exactly one word:",discovery,-7.2810383,-17.769745,-13.287001,-17.210754,-12.44331,-29.657776,-7.514576,-30.52914,-8.75856,-24.102371,-10.927475,-24.265411,-45.89871
g002_exception_override,2,0,2,exception_override,structure_changing,closure,North,South,East,"You are given a rule system.
General rule: items connected to Bela use label North.
Exception: Ava is a special case and uses label South.
Fact: Ava is connected to Bela.
Question: Which label applies to Ava: North or South?
Answer with exactly one word:",discovery,-5.517477,-16.006184,-14.679676,-18.60343,-8.143532,-25.357998,-3.7135468,-26.728111,-7.3794403,-22.723251,-10.802597,-24.140533,-41.982796
g003_clean,3,0,3,clean,clean,stable,East,West,Copper,"You are given a small relation graph.
Fact 1: Ava is grouped under Bela.
Fact 2: Bela has label East.
Question: Which label is associated with Ava: East or West?
Answer with exactly one word:",discovery,12.143608,0.0,4.7518215,0.0,8.508183,0.0,9.130894,0.0,11.20076,0.0,2.5656967,0.0,12.397655
g003_rename,3,0,3,rename,relation_preserving,stable,East,West,Copper,"Consider a tiny mapping network.
Link one: Ava is grouped under Bela.
Link two: Bela has label East.
Choose the label reached from Ava: East or West.
One word answer:",discovery,8.958804,-3.184804,6.644451,1.8926296,12.109407,3.601225,13.2070465,4.076153,17.96154,6.7607803,9.7547455,7.189049,22.532114
g003_permuted,3,0,3,permuted,relation_preserving,stable,East,West,Copper,"You are given a small relation graph.
Fact 2: Bela has label East.
Fact 1: Ava is grouped under Bela.
Question: Which label is associated with Ava: East or West?
Answer with exactly one word:",discovery,15.285828,3.1422195,2.145794,-2.6060276,10.110451,1.6022682,11.125153,1.9942589,13.3101425,2.1093826,6.1124496,3.546753,16.54224
g003_redundant,3,0,3,redundant,relation_preserving,stable,East,West,Copper,"You are given a small relation graph.
Fact 1: Ava is grouped under Bela.
Fact 2: Bela has label East.
Repeated confirmation: Ava still goes through Bela.
Repeated confirmation: Bela still points to East.
Question: Which label is associated with Ava: East or West?
Answer with exactly one word:",discovery,12.213243,0.06963444,2.795847,-1.9559746,8.036781,-0.4714012,8.2138405,-0.9170532,8.191521,-3.0092392,1.1953888,-1.3703079,8.966615
g003_irrelevant,3,0,3,irrelevant,relation_preserving,stable,East,West,Copper,"You are given a small relation graph.
Fact 1: Ava is grouped under Bela.
Fact 2: Bela has label East.
Irrelevant fact: Cora is associated with Copper.
Question: Which label is associated with Ava: East or West?
Answer with exactly one word:",discovery,17.554201,5.410593,10.094112,5.342291,17.257725,8.749542,17.833885,8.7029915,22.855042,11.654282,15.287491,12.721794,34.789043
g003_paraphrase,3,0,3,paraphrase,relation_preserving,stable,East,West,Copper,"In this example, Ava reaches Bela.
The destination connected to Bela is East.
Based on those two links, select the label for Ava: East or West.
Answer:",discovery,-0.34394598,-12.487555,-8.418413,-13.170235,-5.0356255,-13.543808,-7.2517776,-16.382671,-11.721878,-22.922638,-22.395523,-24.96122,-31.123684
g003_weak_distractor,3,0,3,weak_distractor,structure_changing,stable_shift,East,West,Copper,"You are given a small relation graph.
Fact 1: Ava is grouped under Bela.
Fact 2: Bela has label East.
Weak note: some unrelated source mentions West, but does not update the graph.
Question: Which label is associated with Ava: East or West?
Answer with exactly one word:",discovery,17.33646,5.192852,11.846689,7.0948677,18.884657,10.376474,18.68782,9.556927,23.38366,12.182899,15.0418625,12.476166,36.462303
g003_competition_balanced,3,0,3,competition_balanced,structure_changing,competition,East,West,Copper,"You are given a small relation graph.
Fact 1: Ava is grouped under Bela.
Fact 2: Bela has label East.
Competing fact: Ava is also associated with West.
Question: Which label is associated with Ava: East or West?
Answer with exactly one word:",discovery,14.173763,2.0301552,8.561533,3.8097115,12.872238,4.3640556,13.279293,4.1483994,20.779938,9.579178,12.669769,10.104073,27.588064
g003_direct_conflict,3,0,3,direct_conflict,structure_changing,competition,East,West,Copper,"You are given a small relation graph.
Fact 1: Ava is grouped under Bela.
Fact 2: Bela has label East.
Direct conflicting fact: Ava has label West.
Question: Which label is associated with Ava: East or West?
Answer with exactly one word:",discovery,12.130875,-0.0127334595,7.6903133,2.9384918,12.750542,4.242359,12.473631,3.3427372,14.979301,3.7785416,5.2694397,2.703743,19.71862
g003_closure_update,3,0,3,closure_update,structure_changing,closure,East,West,Copper,"You are given a small relation graph.
Fact 1: Ava is grouped under Bela.
Old record: Bela has label East.
Updated record: Bela has label West, not East.
Question: Which label is associated with Ava: East or West?
Answer with exactly one word:",discovery,11.163668,-0.9799404,0.8293152,-3.9225063,4.724737,-3.7834454,4.782772,-4.3481216,13.049652,1.8488922,4.132599,1.5669022,9.412945
g003_closure_override,3,0,3,closure_override,structure_changing,closure,East,West,Copper,"You are given a rule system.
General rule: items that is grouped under Bela receive label East.
Override rule: in this case, items that is grouped under Bela receive label West.
Fact: Ava is grouped under Bela.
Question: Which label applies to Ava: East or West?
Answer with exactly one word:",discovery,-1.1376429,-13.281251,-10.710585,-15.462406,-14.867998,-23.37618,-14.198341,-23.329235,-16.056465,-27.257225,-26.686218,-29.251915,-43.173084
g003_exception_override,3,0,3,exception_override,structure_changing,closure,East,West,Copper,"You are given a rule system.
General rule: items connected to Bela use label East.
Exception: Ava is a special case and uses label West.
Fact: Ava is connected to Bela.
Question: Which label applies to Ava: East or West?
Answer with exactly one word:",discovery,3.3461895,-8.797419,-9.767193,-14.519014,-11.180641,-19.688824,-11.58976,-20.720654,-14.253418,-25.454178,-25.12844,-27.694138,-37.64628
g004_clean,4,1,0,clean,clean,stable,Copper,Silver,Gold,"You are given a small relation graph.
Fact 1: Darin belongs to Elo.
Fact 2: Elo is located at Copper.
Question: Which label is associated with Darin: Copper or Silver?
Answer with exactly one word:",discovery,6.229304,0.0,2.7944727,0.0,2.735712,0.0,-4.696844,0.0,9.819229,0.0,-24.848417,0.0,12.397655
g004_rename,4,1,0,rename,relation_preserving,stable,Copper,Silver,Gold,"Consider a tiny mapping network.
Link one: Darin belongs to Elo.
Link two: Elo is located at Copper.
Choose the label reached from Darin: Copper or Silver.
One word answer:",discovery,10.849349,4.620045,13.450944,10.656471,11.359777,8.624065,7.2956495,11.992494,22.830725,13.011496,-19.277199,5.5712185,34.641365
g004_permuted,4,1,0,permuted,relation_preserving,stable,Copper,Silver,Gold,"You are given a small relation graph.
Fact 2: Elo is located at Copper.
Fact 1: Darin belongs to Elo.
Question: Which label is associated with Darin: Copper or Silver?
Answer with exactly one word:",discovery,4.486245,-1.7430587,-2.4682255,-5.262698,-0.49210167,-3.2278137,-7.3408966,-2.6440525,7.8109207,-2.0083084,-29.383593,-4.5351753,4.578089
g004_redundant,4,1,0,redundant,relation_preserving,stable,Copper,Silver,Gold,"You are given a small relation graph.
Fact 1: Darin belongs to Elo.
Fact 2: Elo is located at Copper.
Repeated confirmation: Darin still goes through Elo.
Repeated confirmation: Elo still points to Copper.
Question: Which label is associated with Darin: Copper or Silver?
Answer with exactly one word:",discovery,2.0611415,-4.1681623,-2.7802296,-5.5747023,-6.394541,-9.130253,-12.722531,-8.025687,1.0377121,-8.781517,-31.84486,-6.996443,-5.2837725
g004_irrelevant,4,1,0,irrelevant,relation_preserving,stable,Copper,Silver,Gold,"You are given a small relation graph.
Fact 1: Darin belongs to Elo.
Fact 2: Elo is located at Copper.
Irrelevant fact: Faye is associated with Gold.
Question: Which label is associated with Darin: Copper or Silver?
Answer with exactly one word:",discovery,10.582172,4.3528686,10.0443945,7.249922,16.431149,13.6954365,7.9843025,12.681147,24.319798,14.500568,-15.406906,9.441511,38.528877
g004_paraphrase,4,1,0,paraphrase,relation_preserving,stable,Copper,Silver,Gold,"In this example, Darin reaches Elo.
The destination connected to Elo is Copper.
Based on those two links, select the label for Darin: Copper or Silver.
Answer:",discovery,-2.9539242,-9.183228,-8.998842,-11.793315,-12.077578,-14.81329,-18.18542,-13.488575,-8.228071,-18.0473,-44.927895,-20.079477,-24.334545
g004_weak_distractor,4,1,0,weak_distractor,structure_changing,stable_shift,Copper,Silver,Gold,"You are given a small relation graph.
Fact 1: Darin belongs to Elo.
Fact 2: Elo is located at Copper.
Weak note: some unrelated source mentions Silver, but does not update the graph.
Question: Which label is associated with Darin: Copper or Silver?
Answer with exactly one word:",discovery,12.880891,6.651587,12.982669,10.188196,21.284292,18.54858,11.535699,16.232544,32.821785,23.002556,-7.030796,17.817621,52.01776
g004_competition_balanced,4,1,0,competition_balanced,structure_changing,competition,Copper,Silver,Gold,"You are given a small relation graph.
Fact 1: Darin belongs to Elo.
Fact 2: Elo is located at Copper.
Competing fact: Darin is also associated with Silver.
Question: Which label is associated with Darin: Copper or Silver?
Answer with exactly one word:",discovery,11.274015,5.0447116,6.546977,3.7525043,11.40493,8.669218,1.9629049,6.659749,26.858269,17.03904,-11.595911,13.252506,36.400875
g004_direct_conflict,4,1,0,direct_conflict,structure_changing,competition,Copper,Silver,Gold,"You are given a small relation graph.
Fact 1: Darin belongs to Elo.
Fact 2: Elo is located at Copper.
Direct conflicting fact: Darin is located at Silver.
Question: Which label is associated with Darin: Copper or Silver?
Answer with exactly one word:",discovery,9.383459,3.1541553,8.909468,6.114995,8.062807,5.327095,-1.2695684,3.4272757,19.219307,9.400078,-19.05383,5.794588,26.414131
g004_closure_update,4,1,0,closure_update,structure_changing,closure,Copper,Silver,Gold,"You are given a small relation graph.
Fact 1: Darin belongs to Elo.
Old record: Elo is located at Copper.
Updated record: Elo is located at Silver, not Copper.
Question: Which label is associated with Darin: Copper or Silver?
Answer with exactly one word:",discovery,3.834855,-2.3944488,-10.663114,-13.457586,-4.202221,-6.937933,-11.706442,-7.009598,11.63932,1.8200912,-26.702866,-1.8544483,1.8578873
g004_closure_override,4,1,0,closure_override,structure_changing,closure,Copper,Silver,Gold,"You are given a rule system.
General rule: items that belongs to Elo receive label Copper.
Override rule: in this case, items that belongs to Elo receive label Silver.
Fact: Darin belongs to Elo.
Question: Which label applies to Darin: Copper or Silver?
Answer with exactly one word:",discovery,-14.478613,-20.707916,-28.411434,-31.205906,-40.004612,-42.740326,-45.476006,-40.77916,-46.60933,-56.42856,-72.726036,-47.877617,-89.198586
g004_exception_override,4,1,0,exception_override,structure_changing,closure,Copper,Silver,Gold,"You are given a rule system.
General rule: items connected to Elo use label Copper.
Exception: Darin is a special case and uses label Silver.
Fact: Darin is connected to Elo.
Question: Which label applies to Darin: Copper or Silver?
Answer with exactly one word:",discovery,-12.288024,-18.517328,-27.062449,-29.856922,-32.136917,-34.872627,-37.57145,-32.874603,-36.84599,-46.66522,-66.496,-41.647583,-73.80009
g005_clean,5,1,1,clean,clean,stable,Gold,Iron,Red,"You are given a small relation graph.
Fact 1: Darin is assigned to Elo.
Fact 2: Elo maps to Gold.
Question: Which label is associated with Darin: Gold or Iron?
Answer with exactly one word:",discovery,29.523594,0.0,41.622845,0.0,49.2225,0.0,61.10275,0.0,75.15508,0.0,104.63461,0.0,12.397655
g005_rename,5,1,1,rename,relation_preserving,stable,Gold,Iron,Red,"Consider a tiny mapping network.
Link one: Darin is assigned to Elo.
Link two: Elo maps to Gold.
Choose the label reached from Darin: Gold or Iron.
One word answer:",discovery,28.345387,-1.1782074,44.601845,2.979,48.291664,-0.9308357,56.36553,-4.737221,76.38168,1.2266006,106.838196,2.2035828,12.678014
g005_permuted,5,1,1,permuted,relation_preserving,stable,Gold,Iron,Red,"You are given a small relation graph.
Fact 2: Elo maps to Gold.
Fact 1: Darin is assigned to Elo.
Question: Which label is associated with Darin: Gold or Iron?
Answer with exactly one word:",discovery,30.693386,1.1697922,48.885433,7.2625885,51.7685,2.5460014,64.76546,3.6627083,78.16203,3.0069504,109.125916,4.4913025,21.364395
g005_redundant,5,1,1,redundant,relation_preserving,stable,Gold,Iron,Red,"You are given a small relation graph.
Fact 1: Darin is assigned to Elo.
Fact 2: Elo maps to Gold.
Repeated confirmation: Darin still goes through Elo.
Repeated confirmation: Elo still points to Gold.
Question: Which label is associated with Darin: Gold or Iron?
Answer with exactly one word:",discovery,26.778175,-2.7454185,33.847824,-7.7750206,42.385353,-6.8371468,53.863922,-7.2388268,67.85864,-7.29644,98.4366,-6.1980133,-3.293664
g005_irrelevant,5,1,1,irrelevant,relation_preserving,stable,Gold,Iron,Red,"You are given a small relation graph.
Fact 1: Darin is assigned to Elo.
Fact 2: Elo maps to Gold.
Irrelevant fact: Faye is associated with Red.
Question: Which label is associated with Darin: Gold or Iron?
Answer with exactly one word:",discovery,28.758907,-0.7646866,43.949806,2.3269615,53.67085,4.448349,64.44936,3.3466148,77.54349,2.3884048,105.70001,1.0653992,17.882698
g005_paraphrase,5,1,1,paraphrase,relation_preserving,stable,Gold,Iron,Red,"In this example, Darin reaches Elo.
The destination connected to Elo is Gold.
Based on those two links, select the label for Darin: Gold or Iron.
Answer:",discovery,24.594425,-4.9291687,22.770027,-18.852818,26.315792,-22.906708,39.82189,-21.280857,54.668686,-20.486397,90.59526,-14.039352,-30.221825
g005_weak_distractor,5,1,1,weak_distractor,structure_changing,stable_shift,Gold,Iron,Red,"You are given a small relation graph.
Fact 1: Darin is assigned to Elo.
Fact 2: Elo maps to Gold.
Weak note: some unrelated source mentions Iron, but does not update the graph.
Question: Which label is associated with Darin: Gold or Iron?
Answer with exactly one word:",discovery,29.616598,0.09300423,43.328392,1.7055473,55.69586,6.473362,65.724594,4.6218452,80.95263,5.7975464,110.72092,6.0863037,23.50515
g005_competition_balanced,5,1,1,competition_balanced,structure_changing,competition,Gold,Iron,Red,"You are given a small relation graph.
Fact 1: Darin is assigned to Elo.
Fact 2: Elo maps to Gold.
Competing fact: Darin is also associated with Iron.
Question: Which label is associated with Darin: Gold or Iron?
Answer with exactly one word:",discovery,22.674843,-6.848751,32.136223,-9.486622,39.218216,-10.004284,51.164314,-9.938435,60.318367,-14.836716,91.94822,-12.686394,-14.292321
g005_direct_conflict,5,1,1,direct_conflict,structure_changing,competition,Gold,Iron,Red,"You are given a small relation graph.
Fact 1: Darin is assigned to Elo.
Fact 2: Elo maps to Gold.
Direct conflicting fact: Darin maps to Iron.
Question: Which label is associated with Darin: Gold or Iron?
Answer with exactly one word:",discovery,21.303509,-8.220085,29.833656,-11.789188,37.538425,-11.684074,48.224205,-12.878544,54.862667,-20.292416,88.2176,-16.417015,-21.894379
g005_closure_update,5,1,1,closure_update,structure_changing,closure,Gold,Iron,Red,"You are given a small relation graph.
Fact 1: Darin is assigned to Elo.
Old record: Elo maps to Gold.
Updated record: Elo maps to Iron, not Gold.
Question: Which label is associated with Darin: Gold or Iron?
Answer with exactly one word:",discovery,10.971142,-18.552452,7.4745893,-34.148254,18.654348,-30.568151,32.289062,-28.813686,42.01248,-33.1426,76.93701,-27.697601,-57.81152
g005_closure_override,5,1,1,closure_override,structure_changing,closure,Gold,Iron,Red,"You are given a rule system.
General rule: items that is assigned to Elo receive label Gold.
Override rule: in this case, items that is assigned to Elo receive label Iron.
Fact: Darin is assigned to Elo.
Question: Which label applies to Darin: Gold or Iron?
Answer with exactly one word:",discovery,-0.42786503,-29.951458,0.5593252,-41.06352,1.7316847,-47.490814,15.148136,-45.954613,4.672573,-70.48251,44.23931,-60.3953,-112.06517
g005_exception_override,5,1,1,exception_override,structure_changing,closure,Gold,Iron,Red,"You are given a rule system.
General rule: items connected to Elo use label Gold.
Exception: Darin is a special case and uses label Iron.
Fact: Darin is connected to Elo.
Question: Which label applies to Darin: Gold or Iron?
Answer with exactly one word:",discovery,4.850545,-24.67305,2.0405378,-39.582306,5.865348,-43.35715,19.241177,-41.861572,8.382021,-66.77306,43.788307,-60.846306,-105.4776
g006_clean,6,1,2,clean,clean,stable,Red,Blue,Green,"You are given a small relation graph.
Fact 1: Darin is part of Elo.
Fact 2: Elo points to Red.
Question: Which label is associated with Darin: Red or Blue?
Answer with exactly one word:",discovery,1.7668257,0.0,1.4166927,0.0,13.706415,0.0,19.545258,0.0,22.686306,0.0,72.03643,0.0,12.397655
g006_rename,6,1,2,rename,relation_preserving,stable,Red,Blue,Green,"Consider a tiny mapping network.
Link one: Darin is part of Elo.
Link two: Elo points to Red.
Choose the label reached from Darin: Red or Blue.
One word answer:",discovery,3.2566824,1.4898567,1.7825413,0.36584854,16.9787,3.2722855,18.840546,-0.7047119,19.221333,-3.4649734,76.1723,4.135872,14.237184
g006_permuted,6,1,2,permuted,relation_preserving,stable,Red,Blue,Green,"You are given a small relation graph.
Fact 2: Elo points to Red.
Fact 1: Darin is part of Elo.
Question: Which label is associated with Darin: Red or Blue?
Answer with exactly one word:",discovery,0.4825282,-1.2842975,-0.9150028,-2.3316956,13.118071,-0.5883446,19.186718,-0.35853958,21.023903,-1.6624031,64.08264,-7.9537888,6.038076
g006_redundant,6,1,2,redundant,relation_preserving,stable,Red,Blue,Green,"You are given a small relation graph.
Fact 1: Darin is part of Elo.
Fact 2: Elo points to Red.
Repeated confirmation: Darin still goes through Elo.
Repeated confirmation: Elo still points to Red.
Question: Which label is associated with Darin: Red or Blue?
Answer with exactly one word:",discovery,0.39455986,-1.3722658,0.6446457,-0.77204704,10.154224,-3.5521908,16.874798,-2.6704597,18.06652,-4.6197853,65.48448,-6.5519485,3.632228
g006_irrelevant,6,1,2,irrelevant,relation_preserving,stable,Red,Blue,Green,"You are given a small relation graph.
Fact 1: Darin is part of Elo.
Fact 2: Elo points to Red.
Irrelevant fact: Faye is associated with Green.
Question: Which label is associated with Darin: Red or Blue?
Answer with exactly one word:",discovery,4.7938046,3.026979,8.870337,7.453644,23.496769,9.790354,26.821955,7.276697,33.854282,11.167976,80.87017,8.83374,32.60154
g006_paraphrase,6,1,2,paraphrase,relation_preserving,stable,Red,Blue,Green,"In this example, Darin reaches Elo.
The destination connected to Elo is Red.
Based on those two links, select the label for Darin: Red or Blue.
Answer:",discovery,7.7201834,5.9533577,-3.733818,-5.150511,7.104722,-6.601693,11.832191,-7.713066,6.579483,-16.106823,55.093315,-16.943115,-10.644582
g006_weak_distractor,6,1,2,weak_distractor,structure_changing,stable_shift,Red,Blue,Green,"You are given a small relation graph.
Fact 1: Darin is part of Elo.
Fact 2: Elo points to Red.
Weak note: some unrelated source mentions Blue, but does not update the graph.
Question: Which label is associated with Darin: Red or Blue?
Answer with exactly one word:",discovery,4.615434,2.8486085,4.401387,2.9846945,19.227997,5.5215816,23.429592,3.8843346,24.201696,1.5153904,70.736374,-1.3000565,17.874586
g006_competition_balanced,6,1,2,competition_balanced,structure_changing,competition,Red,Blue,Green,"You are given a small relation graph.
Fact 1: Darin is part of Elo.
Fact 2: Elo points to Red.
Competing fact: Darin is also associated with Blue.
Question: Which label is associated with Darin: Red or Blue?
Answer with exactly one word:",discovery,-0.868515,-2.6353407,-7.0420933,-8.458786,7.014414,-6.6920013,12.007115,-7.538142,12.053444,-10.632862,57.23017,-14.806259,-9.676578
g006_direct_conflict,6,1,2,direct_conflict,structure_changing,competition,Red,Blue,Green,"You are given a small relation graph.
Fact 1: Darin is part of Elo.
Fact 2: Elo points to Red.
Direct conflicting fact: Darin points to Blue.
Question: Which label is associated with Darin: Red or Blue?
Answer with exactly one word:",discovery,0.18368673,-1.583139,-2.2958984,-3.7125912,10.423502,-3.2829132,15.478424,-4.0668335,11.510181,-11.176125,55.602844,-16.433586,-6.2529993
g006_closure_update,6,1,2,closure_update,structure_changing,closure,Red,Blue,Green,"You are given a small relation graph.
Fact 1: Darin is part of Elo.
Old record: Elo points to Red.
Updated record: Elo points to Blue, not Red.
Question: Which label is associated with Darin: Red or Blue?
Answer with exactly one word:",discovery,-4.2720537,-6.0388794,-15.3469,-16.763592,1.3285828,-12.377832,7.6294813,-11.915776,8.351856,-14.33445,46.348255,-25.688175,-24.659805
g006_closure_override,6,1,2,closure_override,structure_changing,closure,Red,Blue,Green,"You are given a rule system.
General rule: items that is part of Elo receive label Red.
Override rule: in this case, items that is part of Elo receive label Blue.
Fact: Darin is part of Elo.
Question: Which label applies to Darin: Red or Blue?
Answer with exactly one word:",discovery,-24.140026,-25.906853,-32.400238,-33.816933,-24.829544,-38.535957,-16.391582,-35.93684,-31.984264,-54.67057,-0.86029816,-72.89673,-99.51818
g006_exception_override,6,1,2,exception_override,structure_changing,closure,Red,Blue,Green,"You are given a rule system.
General rule: items connected to Elo use label Red.
Exception: Darin is a special case and uses label Blue.
Fact: Darin is connected to Elo.
Question: Which label applies to Darin: Red or Blue?
Answer with exactly one word:",discovery,-22.81963,-24.586456,-38.036427,-39.453117,-28.304985,-42.0114,-20.501093,-40.04635,-32.857758,-55.544064,-6.459526,-78.49596,-107.421326
g007_clean,7,1,3,clean,clean,stable,Green,Yellow,North,"You are given a small relation graph.
Fact 1: Darin is grouped under Elo.
Fact 2: Elo has label Green.
Question: Which label is associated with Darin: Green or Yellow?
Answer with exactly one word:",discovery,12.877096,0.0,21.199795,0.0,35.210106,0.0,51.475403,0.0,86.490944,0.0,120.00792,0.0,12.397655
g007_rename,7,1,3,rename,relation_preserving,stable,Green,Yellow,North,"Consider a tiny mapping network.
Link one: Darin is grouped under Elo.
Link two: Elo has label Green.
Choose the label reached from Darin: Green or Yellow.
One word answer:",discovery,9.4309845,-3.4461117,17.69817,-3.501625,31.371798,-3.8383083,43.11052,-8.364883,79.20998,-7.2809677,113.901535,-6.1063843,-1.187542
g007_permuted,7,1,3,permuted,relation_preserving,stable,Green,Yellow,North,"You are given a small relation graph.
Fact 2: Elo has label Green.
Fact 1: Darin is grouped under Elo.
Question: Which label is associated with Darin: Green or Yellow?
Answer with exactly one word:",discovery,10.22048,-2.6566162,11.021727,-10.178068,24.297836,-10.91227,39.58252,-11.892883,72.73014,-13.760803,106.55299,-13.454926,-14.57204
g007_redundant,7,1,3,redundant,relation_preserving,stable,Green,Yellow,North,"You are given a small relation graph.
Fact 1: Darin is grouped under Elo.
Fact 2: Elo has label Green.
Repeated confirmation: Darin still goes through Elo.
Repeated confirmation: Elo still points to Green.
Question: Which label is associated with Darin: Green or Yellow?
Answer with exactly one word:",discovery,7.001295,-5.875801,17.157116,-4.042679,32.359726,-2.85038,48.662277,-2.8131256,86.128876,-0.36206818,120.00554,-0.002380371,7.336699
g007_irrelevant,7,1,3,irrelevant,relation_preserving,stable,Green,Yellow,North,"You are given a small relation graph.
Fact 1: Darin is grouped under Elo.
Fact 2: Elo has label Green.
Irrelevant fact: Faye is associated with North.
Question: Which label is associated with Darin: Green or Yellow?
Answer with exactly one word:",discovery,13.4206505,0.5435543,23.1903,1.9905052,40.78125,5.571144,54.70614,3.2307358,93.04865,6.5577087,125.73602,5.7281036,23.000797
g007_paraphrase,7,1,3,paraphrase,relation_preserving,stable,Green,Yellow,North,"In this example, Darin reaches Elo.
The destination connected to Elo is Green.
Based on those two links, select the label for Darin: Green or Yellow.
Answer:",discovery,5.694922,-7.182174,6.2196827,-14.980112,19.485455,-15.724651,35.587082,-15.888321,63.40986,-23.081085,95.901474,-24.106445,-30.90702
g007_weak_distractor,7,1,3,weak_distractor,structure_changing,stable_shift,Green,Yellow,North,"You are given a small relation graph.
Fact 1: Darin is grouped under Elo.
Fact 2: Elo has label Green.
Weak note: some unrelated source mentions Yellow, but does not update the graph.
Question: Which label is associated with Darin: Green or Yellow?
Answer with exactly one word:",discovery,9.19211,-3.684986,17.641567,-3.5582275,32.092148,-3.117958,47.0797,-4.3957024,83.29085,-3.2000961,117.06318,-2.9447403,4.288275
g007_competition_balanced,7,1,3,competition_balanced,structure_changing,competition,Green,Yellow,North,"You are given a small relation graph.
Fact 1: Darin is grouped under Elo.
Fact 2: Elo has label Green.
Competing fact: Darin is also associated with Yellow.
Question: Which label is associated with Darin: Green or Yellow?
Answer with exactly one word:",discovery,9.223158,-3.6539383,13.425168,-7.7746267,27.796646,-7.41346,43.29805,-8.177353,84.40613,-2.084816,117.960434,-2.0474854,0.7170763
g007_direct_conflict,7,1,3,direct_conflict,structure_changing,competition,Green,Yellow,North,"You are given a small relation graph.
Fact 1: Darin is grouped under Elo.
Fact 2: Elo has label Green.
Direct conflicting fact: Darin has label Yellow.
Question: Which label is associated with Darin: Green or Yellow?
Answer with exactly one word:",discovery,9.717493,-3.159603,14.260658,-6.9391365,31.60693,-3.603176,46.718338,-4.757065,83.053955,-3.4369888,116.68639,-3.3215256,2.6279678
g007_closure_update,7,1,3,closure_update,structure_changing,closure,Green,Yellow,North,"You are given a small relation graph.
Fact 1: Darin is grouped under Elo.
Old record: Elo has label Green.
Updated record: Elo has label Yellow, not Green.
Question: Which label is associated with Darin: Green or Yellow?
Answer with exactly one word:",discovery,5.4129777,-7.4641185,-6.2293873,-27.429182,11.500718,-23.709389,27.172577,-24.302826,68.93258,-17.558365,104.834885,-15.173035,-34.192844
g007_closure_override,7,1,3,closure_override,structure_changing,closure,Green,Yellow,North,"You are given a rule system.
General rule: items that is grouped under Elo receive label Green.
Override rule: in this case, items that is grouped under Elo receive label Yellow.
Fact: Darin is grouped under Elo.
Question: Which label applies to Darin: Green or Yellow?
Answer with exactly one word:",discovery,-17.847214,-30.72431,-22.060188,-43.259983,-18.52158,-53.731686,-2.54457,-54.019974,19.175,-67.31595,54.331833,-65.67609,-119.69602
g007_exception_override,7,1,3,exception_override,structure_changing,closure,Green,Yellow,North,"You are given a rule system.
General rule: items connected to Elo use label Green.
Exception: Darin is a special case and uses label Yellow.
Fact: Darin is connected to Elo.
Question: Which label applies to Darin: Green or Yellow?
Answer with exactly one word:",discovery,-20.477327,-33.354424,-32.658096,-53.85789,-26.294886,-61.50499,-9.435232,-60.910637,13.102213,-73.38873,47.27776,-72.73016,-136.35454
g008_clean,8,2,0,clean,clean,stable,North,South,East,"You are given a small relation graph.
Fact 1: Galen belongs to Hera.
Fact 2: Hera is located at North.
Question: Which label is associated with Galen: North or South?
Answer with exactly one word:",discovery,11.133187,0.0,5.7845573,0.0,18.414433,0.0,23.244038,0.0,17.180885,0.0,15.546715,0.0,12.397655
g008_rename,8,2,0,rename,relation_preserving,stable,North,South,East,"Consider a tiny mapping network.
Link one: Galen belongs to Hera.
Link two: Hera is located at North.
Choose the label reached from Galen: North or South.
One word answer:",discovery,10.222474,-0.9107132,12.793194,7.0086365,27.5979,9.183468,30.1636,6.9195633,27.047966,9.867081,24.155762,8.609047,30.42461
g008_permuted,8,2,0,permuted,relation_preserving,stable,North,South,East,"You are given a small relation graph.
Fact 2: Hera is located at North.
Fact 1: Galen belongs to Hera.
Question: Which label is associated with Galen: North or South?
Answer with exactly one word:",discovery,13.989774,2.8565865,5.539654,-0.24490356,19.829407,1.4149742,24.120178,0.8761406,20.436134,3.255249,19.987946,4.441231,17.802994
g008_redundant,8,2,0,redundant,relation_preserving,stable,North,South,East,"You are given a small relation graph.
Fact 1: Galen belongs to Hera.
Fact 2: Hera is located at North.
Repeated confirmation: Galen still goes through Hera.
Repeated confirmation: Hera still points to North.
Question: Which label is associated with Galen: North or South?
Answer with exactly one word:",discovery,12.072191,0.93900394,5.882551,0.09799385,20.82106,2.4066277,25.284927,2.0408897,21.372513,4.1916275,21.07145,5.5247345,19.388823
g008_irrelevant,8,2,0,irrelevant,relation_preserving,stable,North,South,East,"You are given a small relation graph.
Fact 1: Galen belongs to Hera.
Fact 2: Hera is located at North.
Irrelevant fact: Ivo is associated with East.
Question: Which label is associated with Galen: North or South?
Answer with exactly one word:",discovery,15.885278,4.7520905,12.546783,6.762226,34.48503,16.070599,40.06018,16.816143,40.889267,23.708382,41.46225,25.915535,54.19067
g008_paraphrase,8,2,0,paraphrase,relation_preserving,stable,North,South,East,"In this example, Galen reaches Hera.
The destination connected to Hera is North.
Based on those two links, select the label for Galen: North or South.
Answer:",discovery,13.476235,2.343048,9.648388,3.8638306,22.43909,4.024658,24.981138,1.7371006,26.670479,9.4895935,26.492561,10.945847,26.988321
g008_weak_distractor,8,2,0,weak_distractor,structure_changing,stable_shift,North,South,East,"You are given a small relation graph.
Fact 1: Galen belongs to Hera.
Fact 2: Hera is located at North.
Weak note: some unrelated source mentions South, but does not update the graph.
Question: Which label is associated with Galen: North or South?
Answer with exactly one word:",discovery,15.650699,4.5175114,12.006783,6.222225,28.89933,10.484898,32.142303,8.898266,32.429367,15.248482,32.71003,17.163315,39.791107
g008_competition_balanced,8,2,0,competition_balanced,structure_changing,competition,North,South,East,"You are given a small relation graph.
Fact 1: Galen belongs to Hera.
Fact 2: Hera is located at North.
Competing fact: Galen is also associated with South.
Question: Which label is associated with Galen: North or South?
Answer with exactly one word:",discovery,4.586609,-6.5465784,-0.2963028,-6.08086,11.541893,-6.8725395,15.209122,-8.034916,11.966026,-5.214859,10.90551,-4.641205,-2.0149155
g008_direct_conflict,8,2,0,direct_conflict,structure_changing,competition,North,South,East,"You are given a small relation graph.
Fact 1: Galen belongs to Hera.
Fact 2: Hera is located at North.
Direct conflicting fact: Galen is located at South.
Question: Which label is associated with Galen: North or South?
Answer with exactly one word:",discovery,4.89727,-6.235917,-2.8600368,-8.644594,7.949356,-10.465076,11.905041,-11.338997,2.0954819,-15.085403,0.42384338,-15.122871,-15.983182
g008_closure_update,8,2,0,closure_update,structure_changing,closure,North,South,East,"You are given a small relation graph.
Fact 1: Galen belongs to Hera.
Old record: Hera is located at North.
Updated record: Hera is located at South, not North.
Question: Which label is associated with Galen: North or South?
Answer with exactly one word:",discovery,8.253286,-2.879901,-2.777872,-8.562429,12.137283,-6.277149,17.077543,-6.1664944,18.638977,1.4580917,16.492157,0.9454422,5.2197194
g008_closure_override,8,2,0,closure_override,structure_changing,closure,North,South,East,"You are given a rule system.
General rule: items that belongs to Hera receive label North.
Override rule: in this case, items that belongs to Hera receive label South.
Fact: Galen belongs to Hera.
Question: Which label applies to Galen: North or South?
Answer with exactly one word:",discovery,-10.285715,-21.418903,-16.696566,-22.481123,-15.004078,-33.41851,-9.83577,-33.079807,-10.798439,-27.979324,-13.057831,-28.604546,-55.178936
g008_exception_override,8,2,0,exception_override,structure_changing,closure,North,South,East,"You are given a rule system.
General rule: items connected to Hera use label North.
Exception: Galen is a special case and uses label South.
Fact: Galen is connected to Hera.
Question: Which label applies to Galen: North or South?
Answer with exactly one word:",discovery,-5.6609554,-16.794144,-13.616692,-19.401249,-8.015301,-26.429733,-3.663971,-26.908009,-6.1869965,-23.367882,-8.951996,-24.49871,-43.440575
g009_clean,9,2,1,clean,clean,stable,East,West,Copper,"You are given a small relation graph.
Fact 1: Galen is assigned to Hera.
Fact 2: Hera maps to East.
Question: Which label is associated with Galen: East or West?
Answer with exactly one word:",discovery,14.821322,0.0,7.6878567,0.0,9.478909,0.0,11.511768,0.0,7.7384186,0.0,-3.7180023,0.0,12.397655
g009_rename,9,2,1,rename,relation_preserving,stable,East,West,Copper,"Consider a tiny mapping network.
Link one: Galen is assigned to Hera.
Link two: Hera maps to East.
Choose the label reached from Galen: East or West.
One word answer:",discovery,10.620106,-4.2012167,10.257637,2.5697803,14.951992,5.4730835,17.07214,5.5603714,19.607285,11.868866,9.642456,13.360458,29.658516
g009_permuted,9,2,1,permuted,relation_preserving,stable,East,West,Copper,"You are given a small relation graph.
Fact 2: Hera maps to East.
Fact 1: Galen is assigned to Hera.
Question: Which label is associated with Galen: East or West?
Answer with exactly one word:",discovery,15.032872,0.21154976,2.177185,-5.5106716,5.892502,-3.5864067,7.9176674,-3.594101,6.5877533,-1.1506653,-3.3725586,0.34544373,7.3484955
g009_redundant,9,2,1,redundant,relation_preserving,stable,East,West,Copper,"You are given a small relation graph.
Fact 1: Galen is assigned to Hera.
Fact 2: Hera maps to East.
Repeated confirmation: Galen still goes through Hera.
Repeated confirmation: Hera still points to East.
Question: Which label is associated with Galen: East or West?
Answer with exactly one word:",discovery,14.517707,-0.30361557,6.8288574,-0.85899925,9.317249,-0.16165924,10.174591,-1.3371773,6.340149,-1.3982697,-2.4346619,1.2833405,11.400359
g009_irrelevant,9,2,1,irrelevant,relation_preserving,stable,East,West,Copper,"You are given a small relation graph.
Fact 1: Galen is assigned to Hera.
Fact 2: Hera maps to East.
Irrelevant fact: Ivo is associated with Copper.
Question: Which label is associated with Galen: East or West?
Answer with exactly one word:",discovery,17.554474,2.7331514,11.838457,4.1506004,17.865448,8.386539,19.942163,8.430395,23.442924,15.704506,13.24279,16.960793,37.80967
g009_paraphrase,9,2,1,paraphrase,relation_preserving,stable,East,West,Copper,"In this example, Galen reaches Hera.
The destination connected to Hera is East.
Based on those two links, select the label for Galen: East or West.
Answer:",discovery,11.560598,-3.260724,6.8224907,-0.865366,14.933605,5.4546967,13.131393,1.6196251,12.621117,4.882698,2.1706314,5.8886337,19.77139
g009_weak_distractor,9,2,1,weak_distractor,structure_changing,stable_shift,East,West,Copper,"You are given a small relation graph.
Fact 1: Galen is assigned to Hera.
Fact 2: Hera maps to East.
Weak note: some unrelated source mentions West, but does not update the graph.
Question: Which label is associated with Galen: East or West?
Answer with exactly one word:",discovery,16.832424,2.0111017,13.545614,5.8577576,20.076157,10.597248,21.02435,9.512581,26.246155,18.507736,16.650063,20.368065,42.723892
g009_competition_balanced,9,2,1,competition_balanced,structure_changing,competition,East,West,Copper,"You are given a small relation graph.
Fact 1: Galen is assigned to Hera.
Fact 2: Hera maps to East.
Competing fact: Galen is also associated with West.
Question: Which label is associated with Galen: East or West?
Answer with exactly one word:",discovery,12.864033,-1.9572897,7.6417484,-0.046108246,9.307442,-0.17146683,10.360933,-1.150835,11.286362,3.547943,1.5372086,5.255211,15.955904
g009_direct_conflict,9,2,1,direct_conflict,structure_changing,competition,East,West,Copper,"You are given a small relation graph.
Fact 1: Galen is assigned to Hera.
Fact 2: Hera maps to East.
Direct conflicting fact: Galen maps to West.
Question: Which label is associated with Galen: East or West?
Answer with exactly one word:",discovery,11.957632,-2.8636904,5.3423767,-2.34548,5.234726,-4.2441826,5.8400383,-5.67173,1.7489395,-5.989479,-8.831932,-5.1139297,1.3727589
g009_closure_update,9,2,1,closure_update,structure_changing,closure,East,West,Copper,"You are given a small relation graph.
Fact 1: Galen is assigned to Hera.
Old record: Hera maps to East.
Updated record: Hera maps to West, not East.
Question: Which label is associated with Galen: East or West?
Answer with exactly one word:",discovery,10.01647,-4.8048525,-1.0720863,-8.759943,2.1215668,-7.357342,3.0103683,-8.5014,3.5880737,-4.150345,-6.3781586,-2.6601562,-1.340498
g009_closure_override,9,2,1,closure_override,structure_changing,closure,East,West,Copper,"You are given a rule system.
General rule: items that is assigned to Hera receive label East.
Override rule: in this case, items that is assigned to Hera receive label West.
Fact: Galen is assigned to Hera.
Question: Which label applies to Galen: East or West?
Answer with exactly one word:",discovery,-2.3101397,-17.131462,-14.108509,-21.796366,-22.685263,-32.16417,-22.546463,-34.05823,-33.089775,-40.828194,-46.54242,-42.824417,-67.774345
g009_exception_override,9,2,1,exception_override,structure_changing,closure,East,West,Copper,"You are given a rule system.
General rule: items connected to Hera use label East.
Exception: Galen is a special case and uses label West.
Fact: Galen is connected to Hera.
Question: Which label applies to Galen: East or West?
Answer with exactly one word:",discovery,2.3272753,-12.494047,-8.537781,-16.225637,-13.1264305,-22.60534,-12.924267,-24.436035,-20.277481,-28.0159,-33.51889,-29.800888,-44.040607
g010_clean,10,2,2,clean,clean,stable,Copper,Silver,Gold,"You are given a small relation graph.
Fact 1: Galen is part of Hera.
Fact 2: Hera points to Copper.
Question: Which label is associated with Galen: Copper or Silver?
Answer with exactly one word:",discovery,1.2420886,0.0,-0.6033344,0.0,-12.909,0.0,-18.280169,0.0,-9.62636,0.0,-41.32653,0.0,12.397655
g010_rename,10,2,2,rename,relation_preserving,stable,Copper,Silver,Gold,"Consider a tiny mapping network.
Link one: Galen is part of Hera.
Link two: Hera points to Copper.
Choose the label reached from Galen: Copper or Silver.
One word answer:",discovery,13.77026,12.528172,20.120266,20.7236,20.889532,33.79853,16.39214,34.67231,30.11076,39.73712,-10.659079,30.667452,85.32706
g010_permuted,10,2,2,permuted,relation_preserving,stable,Copper,Silver,Gold,"You are given a small relation graph.
Fact 2: Hera points to Copper.
Fact 1: Galen is part of Hera.
Question: Which label is associated with Galen: Copper or Silver?
Answer with exactly one word:",discovery,0.22900248,-1.0130861,-3.102746,-2.4994116,-15.425742,-2.5167418,-21.184849,-2.9046803,-11.154846,-1.5284863,-44.57105,-3.2445183,6.75138
g010_redundant,10,2,2,redundant,relation_preserving,stable,Copper,Silver,Gold,"You are given a small relation graph.
Fact 1: Galen is part of Hera.
Fact 2: Hera points to Copper.
Repeated confirmation: Galen still goes through Hera.
Repeated confirmation: Hera still points to Copper.
Question: Which label is associated with Galen: Copper or Silver?
Answer with exactly one word:",discovery,-0.7597916,-2.0018802,-1.9454298,-1.3420954,-13.414421,-0.5054207,-19.595911,-1.3157425,-13.3839035,-3.7575436,-42.25467,-0.92813873,8.391516
g010_irrelevant,10,2,2,irrelevant,relation_preserving,stable,Copper,Silver,Gold,"You are given a small relation graph.
Fact 1: Galen is part of Hera.
Fact 2: Hera points to Copper.
Irrelevant fact: Ivo is associated with Gold.
Question: Which label is associated with Galen: Copper or Silver?
Answer with exactly one word:",discovery,8.500458,7.2583694,12.86839,13.4717245,3.1179981,16.026999,-4.311718,13.968451,10.954193,20.580553,-27.34954,13.97699,48.126804
g010_paraphrase,10,2,2,paraphrase,relation_preserving,stable,Copper,Silver,Gold,"In this example, Galen reaches Hera.
The destination connected to Hera is Copper.
Based on those two links, select the label for Galen: Copper or Silver.
Answer:",discovery,1.0217319,-0.2203567,-3.049727,-2.4463925,-6.688143,6.2208576,-12.560513,5.719656,-4.314411,5.311949,-38.706833,2.6196976,20.355234
g010_weak_distractor,10,2,2,weak_distractor,structure_changing,stable_shift,Copper,Silver,Gold,"You are given a small relation graph.
Fact 1: Galen is part of Hera.
Fact 2: Hera points to Copper.
Weak note: some unrelated source mentions Silver, but does not update the graph.
Question: Which label is associated with Galen: Copper or Silver?
Answer with exactly one word:",discovery,9.2764015,8.034313,14.208451,14.811786,10.16793,23.076931,1.0950756,19.375244,17.561337,27.187696,-19.138178,22.188353,61.304554
g010_competition_balanced,10,2,2,competition_balanced,structure_changing,competition,Copper,Silver,Gold,"You are given a small relation graph.
Fact 1: Galen is part of Hera.
Fact 2: Hera points to Copper.
Competing fact: Galen is also associated with Silver.
Question: Which label is associated with Galen: Copper or Silver?
Answer with exactly one word:",discovery,1.984062,0.7419734,-1.9117489,-1.3084145,-9.563735,3.3452654,-17.874804,0.405365,-3.8672829,5.759077,-37.639847,3.6866837,18.49385
g010_direct_conflict,10,2,2,direct_conflict,structure_changing,competition,Copper,Silver,Gold,"You are given a small relation graph.
Fact 1: Galen is part of Hera.
Fact 2: Hera points to Copper.
Direct conflicting fact: Galen points to Silver.
Question: Which label is associated with Galen: Copper or Silver?
Answer with exactly one word:",discovery,2.1710687,0.9289801,-0.10942936,0.49390507,-5.4100046,7.498996,-13.267662,5.0125065,-2.2069683,7.4193916,-35.803143,5.523388,24.400143
g010_closure_update,10,2,2,closure_update,structure_changing,closure,Copper,Silver,Gold,"You are given a small relation graph.
Fact 1: Galen is part of Hera.
Old record: Hera points to Copper.
Updated record: Hera points to Silver, not Copper.
Question: Which label is associated with Galen: Copper or Silver?
Answer with exactly one word:",discovery,-1.2309937,-2.4730823,-12.356211,-11.752876,-9.767809,3.1411915,-17.732403,0.54776573,-5.7395897,3.8867702,-39.21438,2.112152,12.525398
g010_closure_override,10,2,2,closure_override,structure_changing,closure,Copper,Silver,Gold,"You are given a rule system.
General rule: items that is part of Hera receive label Copper.
Override rule: in this case, items that is part of Hera receive label Silver.
Fact: Galen is part of Hera.
Question: Which label applies to Galen: Copper or Silver?
Answer with exactly one word:",discovery,-17.655832,-18.89792,-32.245556,-31.642221,-45.261368,-32.352367,-49.45632,-31.176153,-58.878353,-49.25199,-82.42605,-41.099518,-73.844345
g010_exception_override,10,2,2,exception_override,structure_changing,closure,Copper,Silver,Gold,"You are given a rule system.
General rule: items connected to Hera use label Copper.
Exception: Galen is a special case and uses label Silver.
Fact: Galen is connected to Hera.
Question: Which label applies to Galen: Copper or Silver?
Answer with exactly one word:",discovery,-15.614479,-16.856567,-31.327322,-30.723988,-41.678753,-28.769753,-46.32228,-28.042112,-53.495125,-43.868767,-77.497314,-36.170784,-65.13058
g011_clean,11,2,3,clean,clean,stable,Gold,Iron,Red,"You are given a small relation graph.
Fact 1: Galen is grouped under Hera.
Fact 2: Hera has label Gold.
Question: Which label is associated with Galen: Gold or Iron?
Answer with exactly one word:",discovery,24.352816,0.0,33.734077,0.0,41.1469,0.0,53.95015,0.0,65.10248,0.0,95.3494,0.0,12.397655
g011_rename,11,2,3,rename,relation_preserving,stable,Gold,Iron,Red,"Consider a tiny mapping network.
Link one: Galen is grouped under Hera.
Link two: Hera has label Gold.
Choose the label reached from Galen: Gold or Iron.
One word answer:",discovery,29.566994,5.214178,46.038,12.303921,50.918137,9.771236,60.213913,6.2637634,69.68061,4.5781326,103.29698,7.9475784,30.445614
g011_permuted,11,2,3,permuted,relation_preserving,stable,Gold,Iron,Red,"You are given a small relation graph.
Fact 2: Hera has label Gold.
Fact 1: Galen is grouped under Hera.
Question: Which label is associated with Galen: Gold or Iron?
Answer with exactly one word:",discovery,23.639051,-0.7137642,24.505663,-9.228415,36.293674,-4.8532257,49.393738,-4.5564117,56.16765,-8.93483,89.079834,-6.2695694,-2.3678741
g011_redundant,11,2,3,redundant,relation_preserving,stable,Gold,Iron,Red,"You are given a small relation graph.
Fact 1: Galen is grouped under Hera.
Fact 2: Hera has label Gold.
Repeated confirmation: Galen still goes through Hera.
Repeated confirmation: Hera still points to Gold.
Question: Which label is associated with Galen: Gold or Iron?
Answer with exactly one word:",discovery,22.698698,-1.6541176,30.162037,-3.5720406,37.928406,-3.2184944,50.65384,-3.2963104,58.037167,-7.0653114,87.25297,-8.096436,0.4853096
g011_irrelevant,11,2,3,irrelevant,relation_preserving,stable,Gold,Iron,Red,"You are given a small relation graph.
Fact 1: Galen is grouped under Hera.
Fact 2: Hera has label Gold.
Irrelevant fact: Ivo is associated with Red.
Question: Which label is associated with Galen: Gold or Iron?
Answer with exactly one word:",discovery,28.67078,4.3179646,45.91588,12.181801,57.687565,16.540665,70.57927,16.62912,80.52483,15.422356,105.916855,10.5674515,43.894955
g011_paraphrase,11,2,3,paraphrase,relation_preserving,stable,Gold,Iron,Red,"In this example, Galen reaches Hera.
The destination connected to Hera is Gold.
Based on those two links, select the label for Galen: Gold or Iron.
Answer:",discovery,27.994312,3.6414967,28.232704,-5.5013733,38.226734,-2.920166,53.62889,-0.32125854,65.48539,0.38291168,94.068436,-1.2809677,9.594045
g011_weak_distractor,11,2,3,weak_distractor,structure_changing,stable_shift,Gold,Iron,Red,"You are given a small relation graph.
Fact 1: Galen is grouped under Hera.
Fact 2: Hera has label Gold.
Weak note: some unrelated source mentions Iron, but does not update the graph.
Question: Which label is associated with Galen: Gold or Iron?
Answer with exactly one word:",discovery,29.905102,5.552286,46.86628,13.132202,60.916283,19.769382,72.751656,18.801506,89.4976,24.395119,118.440315,23.090912,57.66188
g011_competition_balanced,11,2,3,competition_balanced,structure_changing,competition,Gold,Iron,Red,"You are given a small relation graph.
Fact 1: Galen is grouped under Hera.
Fact 2: Hera has label Gold.
Competing fact: Galen is also associated with Iron.
Question: Which label is associated with Galen: Gold or Iron?
Answer with exactly one word:",discovery,23.46396,-0.888855,30.993944,-2.7401333,41.28144,0.13454056,54.308464,0.3583145,71.32189,6.2194138,103.5035,8.1540985,18.861116
g011_direct_conflict,11,2,3,direct_conflict,structure_changing,competition,Gold,Iron,Red,"You are given a small relation graph.
Fact 1: Galen is grouped under Hera.
Fact 2: Hera has label Gold.
Direct conflicting fact: Galen has label Iron.
Question: Which label is associated with Galen: Gold or Iron?
Answer with exactly one word:",discovery,25.03987,0.6870537,33.657547,-0.07653046,47.26682,6.119919,58.61429,4.664139,70.46416,5.361679,104.57737,9.227966,24.29917
g011_closure_update,11,2,3,closure_update,structure_changing,closure,Gold,Iron,Red,"You are given a small relation graph.
Fact 1: Galen is grouped under Hera.
Old record: Hera has label Gold.
Updated record: Hera has label Iron, not Gold.
Question: Which label is associated with Galen: Gold or Iron?
Answer with exactly one word:",discovery,18.51905,-5.833765,16.742085,-16.991993,28.921291,-12.225609,42.640076,-11.310074,58.9544,-6.148079,92.73816,-2.6112442,-8.369891
g011_closure_override,11,2,3,closure_override,structure_changing,closure,Gold,Iron,Red,"You are given a rule system.
General rule: items that is grouped under Hera receive label Gold.
Override rule: in this case, items that is grouped under Hera receive label Iron.
Fact: Galen is grouped under Hera.
Question: Which label applies to Galen: Gold or Iron?
Answer with exactly one word:",discovery,0.14311934,-24.209696,-0.6803074,-34.414383,2.5077496,-38.639153,16.083517,-37.86663,4.0797462,-61.02273,43.52991,-51.819492,-92.61519
g011_exception_override,11,2,3,exception_override,structure_changing,closure,Gold,Iron,Red,"You are given a rule system.
General rule: items connected to Hera use label Gold.
Exception: Galen is a special case and uses label Iron.
Fact: Galen is connected to Hera.
Question: Which label applies to Galen: Gold or Iron?
Answer with exactly one word:",discovery,0.94351864,-23.409298,2.3704681,-31.36361,7.282528,-33.864372,21.649246,-32.300903,15.036911,-50.065567,51.360516,-43.988888,-77.684494
g012_clean,12,3,0,clean,clean,stable,Red,Blue,Green,"You are given a small relation graph.
Fact 1: Juno belongs to Kira.
Fact 2: Kira is located at Red.
Question: Which label is associated with Juno: Red or Blue?
Answer with exactly one word:",discovery,0.59758997,0.0,-3.701435,0.0,12.18421,0.0,18.124542,0.0,18.729935,0.0,62.29117,0.0,12.397655
g012_rename,12,3,0,rename,relation_preserving,stable,Red,Blue,Green,"Consider a tiny mapping network.
Link one: Juno belongs to Kira.
Link two: Kira is located at Red.
Choose the label reached from Juno: Red or Blue.
One word answer:",discovery,3.8416858,3.2440958,6.591915,10.29335,18.004873,5.8206635,19.157825,1.0332832,18.585499,-0.14443588,64.46147,2.1703033,20.32962
g012_permuted,12,3,0,permuted,relation_preserving,stable,Red,Blue,Green,"You are given a small relation graph.
Fact 2: Kira is located at Red.
Fact 1: Juno belongs to Kira.
Question: Which label is associated with Juno: Red or Blue?
Answer with exactly one word:",discovery,-3.0062685,-3.6038585,-14.412987,-10.711552,4.260498,-7.923712,9.8052025,-8.31934,10.051128,-8.678806,51.826733,-10.464436,-8.21169
g012_redundant,12,3,0,redundant,relation_preserving,stable,Red,Blue,Green,"You are given a small relation graph.
Fact 1: Juno belongs to Kira.
Fact 2: Kira is located at Red.
Repeated confirmation: Juno still goes through Kira.
Repeated confirmation: Kira still points to Red.
Question: Which label is associated with Juno: Red or Blue?
Answer with exactly one word:",discovery,-1.0824394,-1.6800294,-4.9616604,-1.2602253,8.372995,-3.8112144,13.219003,-4.9055395,14.223591,-4.506344,54.730236,-7.560932,1.9749146
g012_irrelevant,12,3,0,irrelevant,relation_preserving,stable,Red,Blue,Green,"You are given a small relation graph.
Fact 1: Juno belongs to Kira.
Fact 2: Kira is located at Red.
Irrelevant fact: Lio is associated with Green.
Question: Which label is associated with Juno: Red or Blue?
Answer with exactly one word:",discovery,2.9773645,2.3797746,5.2218533,8.923288,25.1156,12.931391,29.201721,11.077179,33.875595,15.14566,77.62146,15.330292,41.068836
g012_paraphrase,12,3,0,paraphrase,relation_preserving,stable,Red,Blue,Green,"In this example, Juno reaches Kira.
The destination connected to Kira is Red.
Based on those two links, select the label for Juno: Red or Blue.
Answer:",discovery,8.133848,7.536258,-2.3620033,1.3394318,11.6389885,-0.5452213,15.91601,-2.2085323,11.753082,-6.9768524,55.34887,-6.942299,6.26767
g012_weak_distractor,12,3,0,weak_distractor,structure_changing,stable_shift,Red,Blue,Green,"You are given a small relation graph.
Fact 1: Juno belongs to Kira.
Fact 2: Kira is located at Red.
Weak note: some unrelated source mentions Blue, but does not update the graph.
Question: Which label is associated with Juno: Red or Blue?
Answer with exactly one word:",discovery,4.061602,3.4640121,5.226143,8.927578,22.312138,10.127928,26.377222,8.25268,25.463455,6.7335205,71.103745,8.812576,31.40849
g012_competition_balanced,12,3,0,competition_balanced,structure_changing,competition,Red,Blue,Green,"You are given a small relation graph.
Fact 1: Juno belongs to Kira.
Fact 2: Kira is located at Red.
Competing fact: Juno is also associated with Blue.
Question: Which label is associated with Juno: Red or Blue?
Answer with exactly one word:",discovery,1.0517344,0.45414448,-3.4861736,0.21526146,11.746164,-0.4380455,16.591232,-1.5333099,13.093254,-5.6366806,56.402477,-5.888691,5.8820906
g012_direct_conflict,12,3,0,direct_conflict,structure_changing,competition,Red,Blue,Green,"You are given a small relation graph.
Fact 1: Juno belongs to Kira.
Fact 2: Kira is located at Red.
Direct conflicting fact: Juno is located at Blue.
Question: Which label is associated with Juno: Red or Blue?
Answer with exactly one word:",discovery,-0.51267433,-1.1102643,-7.8682327,-4.1667976,6.9428368,-5.241373,12.427284,-5.697258,1.6618309,-17.068104,41.54048,-20.750687,-12.970071
g012_closure_update,12,3,0,closure_update,structure_changing,closure,Red,Blue,Green,"You are given a small relation graph.
Fact 1: Juno belongs to Kira.
Old record: Kira is located at Red.
Updated record: Kira is located at Blue, not Red.
Question: Which label is associated with Juno: Red or Blue?
Answer with exactly one word:",discovery,-4.469989,-5.067579,-17.634445,-13.93301,1.2644653,-10.9197445,8.00787,-10.1166725,8.311897,-10.418037,47.424225,-14.866943,-14.66406
g012_closure_override,12,3,0,closure_override,structure_changing,closure,Red,Blue,Green,"You are given a rule system.
General rule: items that belongs to Kira receive label Red.
Override rule: in this case, items that belongs to Kira receive label Blue.
Fact: Juno belongs to Kira.
Question: Which label applies to Juno: Red or Blue?
Answer with exactly one word:",discovery,-25.263641,-25.86123,-37.22056,-33.519123,-30.712994,-42.8972,-23.047295,-41.171837,-36.0813,-54.811234,-8.074997,-70.366165,-101.985985
g012_exception_override,12,3,0,exception_override,structure_changing,closure,Red,Blue,Green,"You are given a rule system.
General rule: items connected to Kira use label Red.
Exception: Juno is a special case and uses label Blue.
Fact: Juno is connected to Kira.
Question: Which label applies to Juno: Red or Blue?
Answer with exactly one word:",discovery,-24.213585,-24.811174,-40.084785,-36.38335,-29.982555,-42.166763,-22.620726,-40.74527,-30.98151,-49.711445,-5.6479797,-67.93915,-98.3792
g013_clean,13,3,1,clean,clean,stable,Green,Yellow,North,"You are given a small relation graph.
Fact 1: Juno is assigned to Kira.
Fact 2: Kira maps to Green.
Question: Which label is associated with Juno: Green or Yellow?
Answer with exactly one word:",discovery,9.044709,0.0,13.336929,0.0,18.533062,0.0,33.360573,0.0,59.37446,0.0,91.98952,0.0,12.397655
g013_rename,13,3,1,rename,relation_preserving,stable,Green,Yellow,North,"Consider a tiny mapping network.
Link one: Juno is assigned to Kira.
Link two: Kira maps to Green.
Choose the label reached from Juno: Green or Yellow.
One word answer:",discovery,5.5347495,-3.5099597,16.130981,2.7940521,21.972729,3.4396667,33.062,-0.29857254,64.6828,5.308342,96.266846,4.2773285,18.76489
g013_permuted,13,3,1,permuted,relation_preserving,stable,Green,Yellow,North,"You are given a small relation graph.
Fact 2: Kira maps to Green.
Fact 1: Juno is assigned to Kira.
Question: Which label is associated with Juno: Green or Yellow?
Answer with exactly one word:",discovery,11.965928,2.9212189,14.026566,0.68963623,22.025114,3.492052,36.007385,2.6468124,65.49675,6.1222916,99.17136,7.181839,22.535835
g013_redundant,13,3,1,redundant,relation_preserving,stable,Green,Yellow,North,"You are given a small relation graph.
Fact 1: Juno is assigned to Kira.
Fact 2: Kira maps to Green.
Repeated confirmation: Juno still goes through Kira.
Repeated confirmation: Kira still points to Green.
Question: Which label is associated with Juno: Green or Yellow?
Answer with exactly one word:",discovery,2.32928,-6.7154293,8.339149,-4.99778,16.533546,-1.9995155,31.149696,-2.2108765,56.69134,-2.683117,89.59955,-2.3899689,4.9988112
g013_irrelevant,13,3,1,irrelevant,relation_preserving,stable,Green,Yellow,North,"You are given a small relation graph.
Fact 1: Juno is assigned to Kira.
Fact 2: Kira maps to Green.
Irrelevant fact: Lio is associated with North.
Question: Which label is associated with Juno: Green or Yellow?
Answer with exactly one word:",discovery,11.912064,2.8673544,19.991415,6.6544857,27.390038,8.856976,39.810593,6.45002,70.17688,10.802422,103.85869,11.869171,32.96724
g013_paraphrase,13,3,1,paraphrase,relation_preserving,stable,Green,Yellow,North,"In this example, Juno reaches Kira.
The destination connected to Kira is Green.
Based on those two links, select the label for Juno: Green or Yellow.
Answer:",discovery,1.5351195,-7.5095897,2.4075174,-10.929412,15.417391,-3.1156712,33.066196,-0.29437637,52.975628,-6.3988304,87.89371,-4.09581,0.35697746
g013_weak_distractor,13,3,1,weak_distractor,structure_changing,stable_shift,Green,Yellow,North,"You are given a small relation graph.
Fact 1: Juno is assigned to Kira.
Fact 2: Kira maps to Green.
Weak note: some unrelated source mentions Yellow, but does not update the graph.
Question: Which label is associated with Juno: Green or Yellow?
Answer with exactly one word:",discovery,12.643816,3.5991068,22.09317,8.756241,31.259182,12.72612,43.317234,9.956661,71.618904,12.244446,104.55931,12.569794,37.856594
g013_competition_balanced,13,3,1,competition_balanced,structure_changing,competition,Green,Yellow,North,"You are given a small relation graph.
Fact 1: Juno is assigned to Kira.
Fact 2: Kira maps to Green.
Competing fact: Juno is also associated with Yellow.
Question: Which label is associated with Juno: Green or Yellow?
Answer with exactly one word:",discovery,0.9911642,-8.053545,5.3415527,-7.9953766,13.153805,-5.379257,28.283442,-5.0771313,57.886173,-1.4882851,92.10637,0.11685181,3.1250887
g013_direct_conflict,13,3,1,direct_conflict,structure_changing,competition,Green,Yellow,North,"You are given a small relation graph.
Fact 1: Juno is assigned to Kira.
Fact 2: Kira maps to Green.
Direct conflicting fact: Juno maps to Yellow.
Question: Which label is associated with Juno: Green or Yellow?
Answer with exactly one word:",discovery,-1.2900753,-10.3347845,0.8877945,-12.449135,9.382608,-9.150454,23.818663,-9.54191,46.628704,-12.745754,82.96036,-9.02916,-12.588481
g013_closure_update,13,3,1,closure_update,structure_changing,closure,Green,Yellow,North,"You are given a small relation graph.
Fact 1: Juno is assigned to Kira.
Old record: Kira maps to Green.
Updated record: Kira maps to Yellow, not Green.
Question: Which label is associated with Juno: Green or Yellow?
Answer with exactly one word:",discovery,-1.3589926,-10.403702,-6.7779617,-20.114891,9.086683,-9.446379,23.79745,-9.563124,55.5776,-3.7968597,94.05113,2.061615,-4.996318
g013_closure_override,13,3,1,closure_override,structure_changing,closure,Green,Yellow,North,"You are given a rule system.
General rule: items that is assigned to Kira receive label Green.
Override rule: in this case, items that is assigned to Kira receive label Yellow.
Fact: Juno is assigned to Kira.
Question: Which label applies to Juno: Green or Yellow?
Answer with exactly one word:",discovery,-21.23217,-30.276878,-30.96352,-44.30045,-30.268635,-48.801697,-12.457676,-45.81825,1.4964027,-57.878056,40.16215,-51.827366,-102.82007
g013_exception_override,13,3,1,exception_override,structure_changing,closure,Green,Yellow,North,"You are given a rule system.
General rule: items connected to Kira use label Green.
Exception: Juno is a special case and uses label Yellow.
Fact: Juno is connected to Kira.
Question: Which label applies to Juno: Green or Yellow?
Answer with exactly one word:",discovery,-19.308487,-28.353195,-31.65511,-44.99204,-27.2084,-45.741463,-9.648819,-43.00939,6.67074,-52.70372,43.539806,-48.44971,-95.90646
g014_clean,14,3,2,clean,clean,stable,North,South,East,"You are given a small relation graph.
Fact 1: Juno is part of Kira.
Fact 2: Kira points to North.
Question: Which label is associated with Juno: North or South?
Answer with exactly one word:",discovery,10.769335,0.0,4.388031,0.0,18.719292,0.0,24.770813,0.0,18.6762,0.0,16.57177,0.0,12.397655
g014_rename,14,3,2,rename,relation_preserving,stable,North,South,East,"Consider a tiny mapping network.
Link one: Juno is part of Kira.
Link two: Kira points to North.
Choose the label reached from Juno: North or South.
One word answer:",discovery,10.699551,-0.069784164,15.930845,11.542814,29.691317,10.972025,31.392754,6.6219406,32.694336,14.018135,27.613739,11.041969,36.10845
g014_permuted,14,3,2,permuted,relation_preserving,stable,North,South,East,"You are given a small relation graph.
Fact 2: Kira points to North.
Fact 1: Juno is part of Kira.
Question: Which label is associated with Juno: North or South?
Answer with exactly one word:",discovery,15.348991,4.5796566,10.917782,6.529751,26.415482,7.69619,32.94536,8.174545,30.462746,11.786545,29.798767,13.226997,34.695705
g014_redundant,14,3,2,redundant,relation_preserving,stable,North,South,East,"You are given a small relation graph.
Fact 1: Juno is part of Kira.
Fact 2: Kira points to North.
Repeated confirmation: Juno still goes through Kira.
Repeated confirmation: Kira still points to North.
Question: Which label is associated with Juno: North or South?
Answer with exactly one word:",discovery,11.375923,0.60658836,5.949211,1.5611801,21.739151,3.0198593,27.64135,2.8705368,20.764412,2.088211,19.419487,2.8477173,17.920023
g014_irrelevant,14,3,2,irrelevant,relation_preserving,stable,North,South,East,"You are given a small relation graph.
Fact 1: Juno is part of Kira.
Fact 2: Kira points to North.
Irrelevant fact: Lio is associated with East.
Question: Which label is associated with Juno: North or South?
Answer with exactly one word:",discovery,15.809406,5.0400715,12.7118225,8.3237915,30.159332,11.440041,36.888664,12.117851,33.17691,14.50071,31.864105,15.2923355,40.894733
g014_paraphrase,14,3,2,paraphrase,relation_preserving,stable,North,South,East,"In this example, Juno reaches Kira.
The destination connected to Kira is North.
Based on those two links, select the label for Juno: North or South.
Answer:",discovery,7.5716286,-3.1977062,1.3180771,-3.069954,13.482346,-5.236946,15.981497,-8.789316,12.732941,-5.94326,10.050858,-6.520912,-1.2470064
g014_weak_distractor,14,3,2,weak_distractor,structure_changing,stable_shift,North,South,East,"You are given a small relation graph.
Fact 1: Juno is part of Kira.
Fact 2: Kira points to North.
Weak note: some unrelated source mentions South, but does not update the graph.
Question: Which label is associated with Juno: North or South?
Answer with exactly one word:",discovery,19.536741,8.767406,23.320303,18.932272,38.4125,19.693207,42.12774,17.356926,41.167824,22.491623,40.86595,24.294182,59.33681
g014_competition_balanced,14,3,2,competition_balanced,structure_changing,competition,North,South,East,"You are given a small relation graph.
Fact 1: Juno is part of Kira.
Fact 2: Kira points to North.
Competing fact: Juno is also associated with South.
Question: Which label is associated with Juno: North or South?
Answer with exactly one word:",discovery,11.6867695,0.9174347,12.216875,7.828844,23.171776,4.452484,27.208652,2.4378395,23.71444,5.0382385,22.954567,6.3827972,23.81293
g014_direct_conflict,14,3,2,direct_conflict,structure_changing,competition,North,South,East,"You are given a small relation graph.
Fact 1: Juno is part of Kira.
Fact 2: Kira points to North.
Direct conflicting fact: Juno points to South.
Question: Which label is associated with Juno: North or South?
Answer with exactly one word:",discovery,6.318638,-4.450697,3.360958,-1.0270729,12.951828,-5.7674637,17.233871,-7.5369415,6.425194,-12.251007,5.344742,-11.227028,-6.2283487
g014_closure_update,14,3,2,closure_update,structure_changing,closure,North,South,East,"You are given a small relation graph.
Fact 1: Juno is part of Kira.
Old record: Kira points to North.
Updated record: Kira points to South, not North.
Question: Which label is associated with Juno: North or South?
Answer with exactly one word:",discovery,6.7311935,-4.0381413,-1.5524921,-5.940523,11.548748,-7.1705437,16.101223,-8.66959,13.4205475,-5.2556534,11.635971,-4.9357986,-1.9592781
g014_closure_override,14,3,2,closure_override,structure_changing,closure,North,South,East,"You are given a rule system.
General rule: items that is part of Kira receive label North.
Override rule: in this case, items that is part of Kira receive label South.
Fact: Juno is part of Kira.
Question: Which label applies to Juno: North or South?
Answer with exactly one word:",discovery,-8.956799,-19.726133,-14.402023,-18.790054,-12.821709,-31.541,-7.1812134,-31.952026,-11.214806,-29.891006,-14.165451,-30.73722,-54.45857
g014_exception_override,14,3,2,exception_override,structure_changing,closure,North,South,East,"You are given a rule system.
General rule: items connected to Kira use label North.
Exception: Juno is a special case and uses label South.
Fact: Juno is connected to Kira.
Question: Which label applies to Juno: North or South?
Answer with exactly one word:",discovery,-5.029112,-15.798447,-12.3694935,-16.757524,-3.7798615,-22.499153,1.2407265,-23.530087,-0.38098145,-19.057182,-3.0764618,-19.648232,-34.73799
g015_clean,15,3,3,clean,clean,stable,East,West,Copper,"You are given a small relation graph.
Fact 1: Juno is grouped under Kira.
Fact 2: Kira has label East.
Question: Which label is associated with Juno: East or West?
Answer with exactly one word:",discovery,11.819548,0.0,1.9567947,0.0,4.0947037,0.0,4.7368317,0.0,2.6145477,0.0,-5.578369,0.0,12.397655
g015_rename,15,3,3,rename,relation_preserving,stable,East,West,Copper,"Consider a tiny mapping network.
Link one: Juno is grouped under Kira.
Link two: Kira has label East.
Choose the label reached from Juno: East or West.
One word answer:",discovery,11.954532,0.13498402,13.7586155,11.801821,19.7577,15.662996,21.775713,17.038881,26.419205,23.804657,17.215874,22.794243,53.22898
g015_permuted,15,3,3,permuted,relation_preserving,stable,East,West,Copper,"You are given a small relation graph.
Fact 2: Kira has label East.
Fact 1: Juno is grouped under Kira.
Question: Which label is associated with Juno: East or West?
Answer with exactly one word:",discovery,13.920926,2.1013784,0.32683945,-1.6299553,7.6815987,3.586895,7.73407,2.9972382,8.529198,5.91465,0.5798187,6.158188,21.129723
g015_redundant,15,3,3,redundant,relation_preserving,stable,East,West,Copper,"You are given a small relation graph.
Fact 1: Juno is grouped under Kira.
Fact 2: Kira has label East.
Repeated confirmation: Juno still goes through Kira.
Repeated confirmation: Kira still points to East.
Question: Which label is associated with Juno: East or West?
Answer with exactly one word:",discovery,12.069064,0.24951649,2.6996841,0.7428894,7.0416718,2.946968,7.1852036,2.448372,4.8151474,2.2005997,-2.4060822,3.172287,17.601294
g015_irrelevant,15,3,3,irrelevant,relation_preserving,stable,East,West,Copper,"You are given a small relation graph.
Fact 1: Juno is grouped under Kira.
Fact 2: Kira has label East.
Irrelevant fact: Lio is associated with Copper.
Question: Which label is associated with Juno: East or West?
Answer with exactly one word:",discovery,18.14502,6.325472,10.314655,8.357861,16.171333,12.07663,16.712723,11.975891,21.794228,19.17968,13.591385,19.169754,45.78332
g015_paraphrase,15,3,3,paraphrase,relation_preserving,stable,East,West,Copper,"In this example, Juno reaches Kira.
The destination connected to Kira is East.
Based on those two links, select the label for Juno: East or West.
Answer:",discovery,7.023223,-4.7963247,-0.63074875,-2.5875435,5.1656055,1.0709019,3.4209747,-1.3158569,0.9606476,-1.6539001,-9.303879,-3.7255096,7.6599917
g015_weak_distractor,15,3,3,weak_distractor,structure_changing,stable_shift,East,West,Copper,"You are given a small relation graph.
Fact 1: Juno is grouped under Kira.
Fact 2: Kira has label East.
Weak note: some unrelated source mentions West, but does not update the graph.
Question: Which label is associated with Juno: East or West?
Answer with exactly one word:",discovery,16.917938,5.0983906,13.430368,11.473574,17.805737,13.711033,17.517765,12.780933,23.467583,20.853035,15.836227,21.414597,49.537014
g015_competition_balanced,15,3,3,competition_balanced,structure_changing,competition,East,West,Copper,"You are given a small relation graph.
Fact 1: Juno is grouped under Kira.
Fact 2: Kira has label East.
Competing fact: Juno is also associated with West.
Question: Which label is associated with Juno: East or West?
Answer with exactly one word:",discovery,14.070293,2.2507458,9.700401,7.7436066,9.065598,4.970894,9.35626,4.6194286,14.225136,11.610588,6.8153305,12.3937,31.589378
g015_direct_conflict,15,3,3,direct_conflict,structure_changing,competition,East,West,Copper,"You are given a small relation graph.
Fact 1: Juno is grouped under Kira.
Fact 2: Kira has label East.
Direct conflicting fact: Juno has label West.
Question: Which label is associated with Juno: East or West?
Answer with exactly one word:",discovery,10.6439905,-1.1755571,6.1266575,4.1698627,5.811184,1.7164803,5.514427,0.7775955,2.5233994,-0.09114838,-6.018158,-0.43978882,14.2533455
g015_closure_update,15,3,3,closure_update,structure_changing,closure,East,West,Copper,"You are given a small relation graph.
Fact 1: Juno is grouped under Kira.
Old record: Kira has label East.
Updated record: Kira has label West, not East.
Question: Which label is associated with Juno: East or West?
Answer with exactly one word:",discovery,11.521288,-0.29825974,0.12781143,-1.8289833,2.4675102,-1.6271935,2.0250874,-2.7117443,9.10144,6.4868927,2.2878876,7.8662567,17.378635
g015_closure_override,15,3,3,closure_override,structure_changing,closure,East,West,Copper,"You are given a rule system.
General rule: items that is grouped under Kira receive label East.
Override rule: in this case, items that is grouped under Kira receive label West.
Fact: Juno is grouped under Kira.
Question: Which label applies to Juno: East or West?
Answer with exactly one word:",discovery,-2.3210516,-14.140599,-12.984476,-14.941271,-18.815592,-22.910295,-18.972538,-23.70937,-27.78115,-30.395699,-39.153168,-33.5748,-46.972805
g015_exception_override,15,3,3,exception_override,structure_changing,closure,East,West,Copper,"You are given a rule system.
General rule: items connected to Kira use label East.
Exception: Juno is a special case and uses label West.
Fact: Juno is connected to Kira.
Question: Which label applies to Juno: East or West?
Answer with exactly one word:",discovery,3.1701412,-8.649406,-8.370985,-10.32778,-10.447903,-14.542606,-11.116646,-15.8534775,-14.819153,-17.4337,-26.171478,-20.59311,-24.482933
g016_clean,16,4,0,clean,clean,stable,Copper,Silver,Gold,"You are given a small relation graph.
Fact 1: Mira belongs to Nero.
Fact 2: Nero is located at Copper.
Question: Which label is associated with Mira: Copper or Silver?
Answer with exactly one word:",discovery,6.1191225,0.0,-0.30714893,0.0,-2.586401,0.0,-9.789941,0.0,0.099494934,0.0,-31.457684,0.0,12.397655
g016_rename,16,4,0,rename,relation_preserving,stable,Copper,Silver,Gold,"Consider a tiny mapping network.
Link one: Mira belongs to Nero.
Link two: Nero is located at Copper.
Choose the label reached from Mira: Copper or Silver.
One word answer:",discovery,13.771509,7.6523867,17.24991,17.55706,16.136631,18.723032,10.38018,20.17012,24.128157,24.028662,-15.8207,15.636984,55.689774
g016_permuted,16,4,0,permuted,relation_preserving,stable,Copper,Silver,Gold,"You are given a small relation graph.
Fact 2: Nero is located at Copper.
Fact 1: Mira belongs to Nero.
Question: Which label is associated with Mira: Copper or Silver?
Answer with exactly one word:",discovery,4.5768743,-1.5422482,-3.0374126,-2.7302637,-5.3131275,-2.7267265,-12.492434,-2.7024927,3.1225586,3.0230637,-34.68799,-3.2303047,8.901547
g016_redundant,16,4,0,redundant,relation_preserving,stable,Copper,Silver,Gold,"You are given a small relation graph.
Fact 1: Mira belongs to Nero.
Fact 2: Nero is located at Copper.
Repeated confirmation: Mira still goes through Nero.
Repeated confirmation: Nero still points to Copper.
Question: Which label is associated with Mira: Copper or Silver?
Answer with exactly one word:",discovery,5.352273,-0.7668495,-2.5469704,-2.2398214,-8.480865,-5.8944635,-14.85104,-5.061099,-6.0160255,-6.1155205,-34.42694,-2.9692574,2.4630928
g016_irrelevant,16,4,0,irrelevant,relation_preserving,stable,Copper,Silver,Gold,"You are given a small relation graph.
Fact 1: Mira belongs to Nero.
Fact 2: Nero is located at Copper.
Irrelevant fact: Orin is associated with Gold.
Question: Which label is associated with Mira: Copper or Silver?
Answer with exactly one word:",discovery,10.274385,4.155263,8.873041,9.18019,12.580276,15.1666765,3.6349506,13.424891,16.554405,16.45491,-22.650871,8.806812,40.694138
g016_paraphrase,16,4,0,paraphrase,relation_preserving,stable,Copper,Silver,Gold,"In this example, Mira reaches Nero.
The destination connected to Nero is Copper.
Based on those two links, select the label for Mira: Copper or Silver.
Answer:",discovery,1.100008,-5.0191145,-5.5157313,-5.2085824,-2.906149,-0.31974792,-9.105425,0.68451595,-3.188055,-3.28755,-36.5457,-5.0880165,5.4104795
g016_weak_distractor,16,4,0,weak_distractor,structure_changing,stable_shift,Copper,Silver,Gold,"You are given a small relation graph.
Fact 1: Mira belongs to Nero.
Fact 2: Nero is located at Copper.
Weak note: some unrelated source mentions Silver, but does not update the graph.
Question: Which label is associated with Mira: Copper or Silver?
Answer with exactly one word:",discovery,12.852543,6.7334204,6.521207,6.828356,17.453163,20.039564,6.7894344,16.579376,25.610405,25.51091,-12.947035,18.510649,53.30607
g016_competition_balanced,16,4,0,competition_balanced,structure_changing,competition,Copper,Silver,Gold,"You are given a small relation graph.
Fact 1: Mira belongs to Nero.
Fact 2: Nero is located at Copper.
Competing fact: Mira is also associated with Silver.
Question: Which label is associated with Mira: Copper or Silver?
Answer with exactly one word:",discovery,12.9885235,6.869401,7.400654,7.707803,14.983441,17.569843,4.4489098,14.238851,27.926548,27.827053,-12.071476,19.386208,53.357674
g016_direct_conflict,16,4,0,direct_conflict,structure_changing,competition,Copper,Silver,Gold,"You are given a small relation graph.
Fact 1: Mira belongs to Nero.
Fact 2: Nero is located at Copper.
Direct conflicting fact: Mira is located at Silver.
Question: Which label is associated with Mira: Copper or Silver?
Answer with exactly one word:",discovery,11.360422,5.2412996,8.04011,8.347259,14.685104,17.271505,3.7851086,13.575049,22.365585,22.26609,-18.303288,13.154396,46.784992
g016_closure_update,16,4,0,closure_update,structure_changing,closure,Copper,Silver,Gold,"You are given a small relation graph.
Fact 1: Mira belongs to Nero.
Old record: Nero is located at Copper.
Updated record: Nero is located at Silver, not Copper.
Question: Which label is associated with Mira: Copper or Silver?
Answer with exactly one word:",discovery,4.775933,-1.3431897,-8.110793,-7.803644,-3.5390368,-0.95263577,-11.832863,-2.042922,6.826706,6.727211,-29.354877,2.102806,12.872844
g016_closure_override,16,4,0,closure_override,structure_changing,closure,Copper,Silver,Gold,"You are given a rule system.
General rule: items that belongs to Nero receive label Copper.
Override rule: in this case, items that belongs to Nero receive label Silver.
Fact: Mira belongs to Nero.
Question: Which label applies to Mira: Copper or Silver?
Answer with exactly one word:",discovery,-17.020157,-23.139278,-30.978521,-30.671371,-43.22896,-40.642555,-48.180218,-38.390278,-47.521244,-47.62074,-71.589745,-40.13206,-79.27688
g016_exception_override,16,4,0,exception_override,structure_changing,closure,Copper,Silver,Gold,"You are given a rule system.
General rule: items connected to Nero use label Copper.
Exception: Mira is a special case and uses label Silver.
Fact: Mira is connected to Nero.
Question: Which label applies to Mira: Copper or Silver?
Answer with exactly one word:",discovery,-14.214492,-20.333614,-29.024721,-28.717571,-37.338905,-34.752502,-43.848045,-34.058105,-47.596954,-47.69645,-73.65508,-42.1974,-75.039116
g017_clean,17,4,1,clean,clean,stable,Gold,Iron,Red,"You are given a small relation graph.
Fact 1: Mira is assigned to Nero.
Fact 2: Nero maps to Gold.
Question: Which label is associated with Mira: Gold or Iron?
Answer with exactly one word:",discovery,28.857565,0.0,36.859398,0.0,41.224472,0.0,53.456215,0.0,57.31765,0.0,82.860214,0.0,12.397655
g017_rename,17,4,1,rename,relation_preserving,stable,Gold,Iron,Red,"Consider a tiny mapping network.
Link one: Mira is assigned to Nero.
Link two: Nero maps to Gold.
Choose the label reached from Mira: Gold or Iron.
One word answer:",discovery,28.28656,-0.57100487,48.946835,12.087437,53.06098,11.83651,60.913654,7.4574394,78.34748,21.02983,104.69905,21.838837,45.98962
g017_permuted,17,4,1,permuted,relation_preserving,stable,Gold,Iron,Red,"You are given a small relation graph.
Fact 2: Nero maps to Gold.
Fact 1: Mira is assigned to Nero.
Question: Which label is associated with Mira: Gold or Iron?
Answer with exactly one word:",discovery,31.588614,2.7310486,39.936047,3.0766487,47.411087,6.186615,58.828133,5.3719177,65.96133,8.643677,91.28525,8.425034,27.371616
g017_redundant,17,4,1,redundant,relation_preserving,stable,Gold,Iron,Red,"You are given a small relation graph.
Fact 1: Mira is assigned to Nero.
Fact 2: Nero maps to Gold.
Repeated confirmation: Mira still goes through Nero.
Repeated confirmation: Nero still points to Gold.
Question: Which label is associated with Mira: Gold or Iron?
Answer with exactly one word:",discovery,26.215729,-2.6418362,32.598698,-4.2607,38.11922,-3.1052513,49.841663,-3.6145515,52.77025,-4.5474014,80.83534,-2.0248718,4.36744
g017_irrelevant,17,4,1,irrelevant,relation_preserving,stable,Gold,Iron,Red,"You are given a small relation graph.
Fact 1: Mira is assigned to Nero.
Fact 2: Nero maps to Gold.
Irrelevant fact: Orin is associated with Red.
Question: Which label is associated with Mira: Gold or Iron?
Answer with exactly one word:",discovery,30.561344,1.7037792,49.284885,12.4254875,54.9183,13.693829,66.40883,12.952614,72.711334,15.393684,96.04028,13.180069,42.147274
g017_paraphrase,17,4,1,paraphrase,relation_preserving,stable,Gold,Iron,Red,"In this example, Mira reaches Nero.
The destination connected to Nero is Gold.
Based on those two links, select the label for Mira: Gold or Iron.
Answer:",discovery,22.586227,-6.2713375,21.622578,-15.23682,34.04857,-7.1759033,47.02614,-6.4300766,58.750458,1.4328079,87.59602,4.7358093,3.7218523
g017_weak_distractor,17,4,1,weak_distractor,structure_changing,stable_shift,Gold,Iron,Red,"You are given a small relation graph.
Fact 1: Mira is assigned to Nero.
Fact 2: Nero maps to Gold.
Weak note: some unrelated source mentions Iron, but does not update the graph.
Question: Which label is associated with Mira: Gold or Iron?
Answer with exactly one word:",discovery,32.1631,3.3055363,45.239655,8.380257,57.10961,15.885139,67.07109,13.614876,78.85768,21.540031,106.358536,23.498322,50.745537
g017_competition_balanced,17,4,1,competition_balanced,structure_changing,competition,Gold,Iron,Red,"You are given a small relation graph.
Fact 1: Mira is assigned to Nero.
Fact 2: Nero maps to Gold.
Competing fact: Mira is also associated with Iron.
Question: Which label is associated with Mira: Gold or Iron?
Answer with exactly one word:",discovery,22.615942,-6.241623,33.384933,-3.4744644,40.883286,-0.34118652,52.933956,-0.52225876,62.017757,4.7001076,92.064354,9.20414,16.670177
g017_direct_conflict,17,4,1,direct_conflict,structure_changing,competition,Gold,Iron,Red,"You are given a small relation graph.
Fact 1: Mira is assigned to Nero.
Fact 2: Nero maps to Gold.
Direct conflicting fact: Mira maps to Iron.
Question: Which label is associated with Mira: Gold or Iron?
Answer with exactly one word:",discovery,19.076143,-9.781422,27.382942,-9.476456,38.41786,-2.806614,48.44668,-5.0095367,50.251495,-7.0661545,83.68352,0.8233032,0.8200865
g017_closure_update,17,4,1,closure_update,structure_changing,closure,Gold,Iron,Red,"You are given a small relation graph.
Fact 1: Mira is assigned to Nero.
Old record: Nero maps to Gold.
Updated record: Nero maps to Iron, not Gold.
Question: Which label is associated with Mira: Gold or Iron?
Answer with exactly one word:",discovery,16.75035,-12.107214,11.551998,-25.3074,23.264526,-17.959946,37.37415,-16.082066,47.378178,-9.939472,82.69345,-0.1667633,-17.380493
g017_closure_override,17,4,1,closure_override,structure_changing,closure,Gold,Iron,Red,"You are given a rule system.
General rule: items that is assigned to Nero receive label Gold.
Override rule: in this case, items that is assigned to Nero receive label Iron.
Fact: Mira is assigned to Nero.
Question: Which label applies to Mira: Gold or Iron?
Answer with exactly one word:",discovery,4.9580135,-23.899551,3.8242645,-33.035133,3.940816,-37.283657,17.432922,-36.023293,8.604664,-48.712986,50.415405,-32.44481,-74.57302
g017_exception_override,17,4,1,exception_override,structure_changing,closure,Gold,Iron,Red,"You are given a rule system.
General rule: items connected to Nero use label Gold.
Exception: Mira is a special case and uses label Iron.
Fact: Mira is connected to Nero.
Question: Which label applies to Mira: Gold or Iron?
Answer with exactly one word:",discovery,0.9424319,-27.915133,-3.771521,-40.63092,-3.767662,-44.992134,10.122852,-43.333363,-3.42107,-60.73872,34.856102,-48.004112,-98.08954
g018_clean,18,4,2,clean,clean,stable,Red,Blue,Green,"You are given a small relation graph.
Fact 1: Mira is part of Nero.
Fact 2: Nero points to Red.
Question: Which label is associated with Mira: Red or Blue?
Answer with exactly one word:",discovery,0.90830135,0.0,0.9764023,0.0,14.646499,0.0,20.03746,0.0,20.756268,0.0,67.84381,0.0,12.397655
g018_rename,18,4,2,rename,relation_preserving,stable,Red,Blue,Green,"Consider a tiny mapping network.
Link one: Mira is part of Nero.
Link two: Nero points to Red.
Choose the label reached from Mira: Red or Blue.
One word answer:",discovery,2.386506,1.4782047,5.4532833,4.476881,19.185326,4.538827,20.623775,0.58631516,19.056347,-1.6999207,73.62974,5.785927,18.36782
g018_permuted,18,4,2,permuted,relation_preserving,stable,Red,Blue,Green,"You are given a small relation graph.
Fact 2: Nero points to Red.
Fact 1: Mira is part of Nero.
Question: Which label is associated with Mira: Red or Blue?
Answer with exactly one word:",discovery,1.5183754,0.61007404,-0.7787533,-1.7551556,11.79022,-2.8562784,16.659233,-3.3782272,17.793724,-2.9625435,61.974678,-5.869133,4.950173
g018_redundant,18,4,2,redundant,relation_preserving,stable,Red,Blue,Green,"You are given a small relation graph.
Fact 1: Mira is part of Nero.
Fact 2: Nero points to Red.
Repeated confirmation: Mira still goes through Nero.
Repeated confirmation: Nero still points to Red.
Question: Which label is associated with Mira: Red or Blue?
Answer with exactly one word:",discovery,-0.03941965,-0.947721,0.32297516,-0.6534271,10.671808,-3.9746904,15.972237,-4.0652237,15.535469,-5.2207985,60.879665,-6.9641457,2.5326157
g018_irrelevant,18,4,2,irrelevant,relation_preserving,stable,Red,Blue,Green,"You are given a small relation graph.
Fact 1: Mira is part of Nero.
Fact 2: Nero points to Red.
Irrelevant fact: Orin is associated with Green.
Question: Which label is associated with Mira: Red or Blue?
Answer with exactly one word:",discovery,2.5586276,1.6503263,5.1938,4.2173977,21.490675,6.8441763,24.583504,4.5460434,28.24871,7.492443,72.5412,4.6973877,24.962318
g018_paraphrase,18,4,2,paraphrase,relation_preserving,stable,Red,Blue,Green,"In this example, Mira reaches Nero.
The destination connected to Nero is Red.
Based on those two links, select the label for Mira: Red or Blue.
Answer:",discovery,5.1566496,4.248348,-5.2076235,-6.184026,10.40971,-4.2367887,13.809824,-6.2276363,8.4546585,-12.301609,54.478806,-13.3650055,-6.0334654
g018_weak_distractor,18,4,2,weak_distractor,structure_changing,stable_shift,Red,Blue,Green,"You are given a small relation graph.
Fact 1: Mira is part of Nero.
Fact 2: Nero points to Red.
Weak note: some unrelated source mentions Blue, but does not update the graph.
Question: Which label is associated with Mira: Red or Blue?
Answer with exactly one word:",discovery,3.6819649,2.7736635,-0.87636566,-1.852768,17.307894,2.661395,21.306374,1.2689133,18.938671,-1.8175964,65.127106,-2.7167053,11.635571
g018_competition_balanced,18,4,2,competition_balanced,structure_changing,competition,Red,Blue,Green,"You are given a small relation graph.
Fact 1: Mira is part of Nero.
Fact 2: Nero points to Red.
Competing fact: Mira is also associated with Blue.
Question: Which label is associated with Mira: Red or Blue?
Answer with exactly one word:",discovery,-0.6387987,-1.5471001,-5.0416756,-6.018078,11.818487,-2.8280115,16.494326,-3.5431347,13.613064,-7.1432037,60.515747,-7.328064,0.11282635
g018_direct_conflict,18,4,2,direct_conflict,structure_changing,competition,Red,Blue,Green,"You are given a small relation graph.
Fact 1: Mira is part of Nero.
Fact 2: Nero points to Red.
Direct conflicting fact: Mira points to Blue.
Question: Which label is associated with Mira: Red or Blue?
Answer with exactly one word:",discovery,-1.8136106,-2.721912,-6.1220684,-7.0984707,11.132568,-3.5139303,15.475763,-4.561697,8.756325,-11.999943,53.260677,-14.583134,-7.3884516
g018_closure_update,18,4,2,closure_update,structure_changing,closure,Red,Blue,Green,"You are given a small relation graph.
Fact 1: Mira is part of Nero.
Old record: Nero points to Red.
Updated record: Nero points to Blue, not Red.
Question: Which label is associated with Mira: Red or Blue?
Answer with exactly one word:",discovery,-9.629614,-10.537915,-19.425667,-20.40207,-1.7311058,-16.377605,4.063555,-15.973906,-1.6199722,-22.37624,38.496277,-29.347534,-36.059216
g018_closure_override,18,4,2,closure_override,structure_changing,closure,Red,Blue,Green,"You are given a rule system.
General rule: items that is part of Nero receive label Red.
Override rule: in this case, items that is part of Nero receive label Blue.
Fact: Mira is part of Nero.
Question: Which label applies to Mira: Red or Blue?
Answer with exactly one word:",discovery,-24.865223,-25.773525,-33.924007,-34.90041,-26.471561,-41.11806,-18.384113,-38.421574,-31.656265,-52.412533,-2.8097916,-70.6536,-99.5506
g018_exception_override,18,4,2,exception_override,structure_changing,closure,Red,Blue,Green,"You are given a rule system.
General rule: items connected to Nero use label Red.
Exception: Mira is a special case and uses label Blue.
Fact: Mira is connected to Nero.
Question: Which label applies to Mira: Red or Blue?
Answer with exactly one word:",discovery,-23.85741,-24.765713,-38.53122,-39.50762,-25.432928,-40.079426,-18.208826,-38.246284,-29.04496,-49.801228,-1.444931,-69.28874,-98.32805
g019_clean,19,4,3,clean,clean,stable,Green,Yellow,North,"You are given a small relation graph.
Fact 1: Mira is grouped under Nero.
Fact 2: Nero has label Green.
Question: Which label is associated with Mira: Green or Yellow?
Answer with exactly one word:",discovery,12.605295,0.0,15.668987,0.0,27.42923,0.0,42.345596,0.0,71.34336,0.0,104.63459,0.0,12.397655
g019_rename,19,4,3,rename,relation_preserving,stable,Green,Yellow,North,"Consider a tiny mapping network.
Link one: Mira is grouped under Nero.
Link two: Nero has label Green.
Choose the label reached from Mira: Green or Yellow.
One word answer:",discovery,12.014949,-0.59034634,20.709755,5.0407677,32.904243,5.4750137,45.41638,3.0707855,75.57486,4.2314987,108.55754,3.9229507,21.544392
g019_permuted,19,4,3,permuted,relation_preserving,stable,Green,Yellow,North,"You are given a small relation graph.
Fact 2: Nero has label Green.
Fact 1: Mira is grouped under Nero.
Question: Which label is associated with Mira: Green or Yellow?
Answer with exactly one word:",discovery,12.039349,-0.5659466,11.877056,-3.7919312,21.9167,-5.5125294,36.67017,-5.6754265,64.20371,-7.1396484,98.49747,-6.137123,-0.23930454
g019_redundant,19,4,3,redundant,relation_preserving,stable,Green,Yellow,North,"You are given a small relation graph.
Fact 1: Mira is grouped under Nero.
Fact 2: Nero has label Green.
Repeated confirmation: Mira still goes through Nero.
Repeated confirmation: Nero still points to Green.
Question: Which label is associated with Mira: Green or Yellow?
Answer with exactly one word:",discovery,8.898535,-3.7067604,14.147146,-1.521841,27.436172,0.006942749,42.45273,0.10713196,71.889786,0.54642487,105.14574,0.51114655,11.67012
g019_irrelevant,19,4,3,irrelevant,relation_preserving,stable,Green,Yellow,North,"You are given a small relation graph.
Fact 1: Mira is grouped under Nero.
Fact 2: Nero has label Green.
Irrelevant fact: Orin is associated with North.
Question: Which label is associated with Mira: Green or Yellow?
Answer with exactly one word:",discovery,15.03174,2.426445,21.09061,5.421623,36.376854,8.947624,49.528267,7.1826706,80.05037,8.707008,112.59708,7.9624863,29.703781
g019_paraphrase,19,4,3,paraphrase,relation_preserving,stable,Green,Yellow,North,"In this example, Mira reaches Nero.
The destination connected to Nero is Green.
Based on those two links, select the label for Mira: Green or Yellow.
Answer:",discovery,2.7938538,-9.811441,2.591961,-13.077026,19.76322,-7.66601,36.36143,-5.984165,58.61358,-12.729782,94.081894,-10.552696,-11.474242
g019_weak_distractor,19,4,3,weak_distractor,structure_changing,stable_shift,Green,Yellow,North,"You are given a small relation graph.
Fact 1: Mira is grouped under Nero.
Fact 2: Nero has label Green.
Weak note: some unrelated source mentions Yellow, but does not update the graph.
Question: Which label is associated with Mira: Green or Yellow?
Answer with exactly one word:",discovery,12.806432,0.20113659,17.254679,1.5856915,31.379047,3.9498177,45.24861,2.9030151,74.59021,3.246849,109.441475,4.806885,19.829704
g019_competition_balanced,19,4,3,competition_balanced,structure_changing,competition,Green,Yellow,North,"You are given a small relation graph.
Fact 1: Mira is grouped under Nero.
Fact 2: Nero has label Green.
Competing fact: Mira is also associated with Yellow.
Question: Which label is associated with Mira: Green or Yellow?
Answer with exactly one word:",discovery,5.768181,-6.8371143,9.2612915,-6.407696,26.174139,-1.2550907,41.626575,-0.71902084,77.839966,6.496605,113.31588,8.68129,15.774784
g019_direct_conflict,19,4,3,direct_conflict,structure_changing,competition,Green,Yellow,North,"You are given a small relation graph.
Fact 1: Mira is grouped under Nero.
Fact 2: Nero has label Green.
Direct conflicting fact: Mira has label Yellow.
Question: Which label is associated with Mira: Green or Yellow?
Answer with exactly one word:",discovery,9.822046,-2.783249,14.18838,-1.480607,32.76774,5.3385086,47.07354,4.7279434,80.637825,9.294464,116.517334,11.882744,26.164715
g019_closure_update,19,4,3,closure_update,structure_changing,closure,Green,Yellow,North,"You are given a small relation graph.
Fact 1: Mira is grouped under Nero.
Old record: Nero has label Green.
Updated record: Nero has label Yellow, not Green.
Question: Which label is associated with Mira: Green or Yellow?
Answer with exactly one word:",discovery,5.498411,-7.106884,-1.7551346,-17.424122,15.997425,-11.431805,30.473328,-11.872269,65.6087,-5.7346573,103.06449,-1.5700989,-7.9401007
g019_closure_override,19,4,3,closure_override,structure_changing,closure,Green,Yellow,North,"You are given a rule system.
General rule: items that is grouped under Nero receive label Green.
Override rule: in this case, items that is grouped under Nero receive label Yellow.
Fact: Mira is grouped under Nero.
Question: Which label applies to Mira: Green or Yellow?
Answer with exactly one word:",discovery,-20.23632,-32.841614,-26.224699,-41.893684,-23.223042,-50.65227,-6.61305,-48.958645,10.274719,-61.06864,46.968155,-57.666435,-109.17886
g019_exception_override,19,4,3,exception_override,structure_changing,closure,Green,Yellow,North,"You are given a rule system.
General rule: items connected to Nero use label Green.
Exception: Mira is a special case and uses label Yellow.
Fact: Mira is connected to Nero.
Question: Which label applies to Mira: Green or Yellow?
Answer with exactly one word:",discovery,-20.706156,-33.31145,-31.654144,-47.32313,-23.282242,-50.71147,-6.0858645,-48.43146,11.180103,-60.163258,45.35405,-59.28054,-111.265305
g020_clean,20,5,0,clean,clean,stable,North,South,East,"You are given a small relation graph.
Fact 1: Pia belongs to Quin.
Fact 2: Quin is located at North.
Question: Which label is associated with Pia: North or South?
Answer with exactly one word:",discovery,10.546543,0.0,3.8192596,0.0,17.246826,0.0,22.778679,0.0,8.972107,0.0,7.576889,0.0,12.397655
g020_rename,20,5,0,rename,relation_preserving,stable,North,South,East,"Consider a tiny mapping network.
Link one: Pia belongs to Quin.
Link two: Quin is located at North.
Choose the label reached from Pia: North or South.
One word answer:",discovery,11.731739,1.1851959,15.496397,11.677137,30.016645,12.769819,32.87626,10.09758,22.509613,13.537506,18.697021,11.120132,38.295593
g020_permuted,20,5,0,permuted,relation_preserving,stable,North,South,East,"You are given a small relation graph.
Fact 2: Quin is located at North.
Fact 1: Pia belongs to Quin.
Question: Which label is associated with Pia: North or South?
Answer with exactly one word:",discovery,12.641129,2.0945854,2.6849194,-1.1343403,16.769554,-0.47727203,22.391102,-0.38757706,14.490013,5.517906,14.372803,6.7959137,18.452078
g020_redundant,20,5,0,redundant,relation_preserving,stable,North,South,East,"You are given a small relation graph.
Fact 1: Pia belongs to Quin.
Fact 2: Quin is located at North.
Repeated confirmation: Pia still goes through Quin.
Repeated confirmation: Quin still points to North.
Question: Which label is associated with Pia: North or South?
Answer with exactly one word:",discovery,10.789732,0.24318886,3.636036,-0.18322372,18.524193,1.2773666,24.61605,1.8373718,12.749245,3.7771378,11.392136,3.8152466,17.516977
g020_irrelevant,20,5,0,irrelevant,relation_preserving,stable,North,South,East,"You are given a small relation graph.
Fact 1: Pia belongs to Quin.
Fact 2: Quin is located at North.
Irrelevant fact: Rhea is associated with East.
Question: Which label is associated with Pia: North or South?
Answer with exactly one word:",discovery,15.662909,5.1163654,10.711063,6.8918037,28.229774,10.982948,34.535957,11.757278,25.736282,16.764175,25.226166,17.649277,42.481495
g020_paraphrase,20,5,0,paraphrase,relation_preserving,stable,North,South,East,"In this example, Pia reaches Quin.
The destination connected to Quin is North.
Based on those two links, select the label for Pia: North or South.
Answer:",discovery,6.13955,-4.406993,-1.9046192,-5.723879,4.821806,-12.42502,7.0383453,-15.740334,-2.440506,-11.412613,-4.3511353,-11.928024,-13.588382
g020_weak_distractor,20,5,0,weak_distractor,structure_changing,stable_shift,North,South,East,"You are given a small relation graph.
Fact 1: Pia belongs to Quin.
Fact 2: Quin is located at North.
Weak note: some unrelated source mentions South, but does not update the graph.
Question: Which label is associated with Pia: North or South?
Answer with exactly one word:",discovery,17.207064,6.6605206,13.19762,9.378361,28.555573,11.308746,32.54806,9.769382,25.333977,16.36187,25.51146,17.93457,42.947166
g020_competition_balanced,20,5,0,competition_balanced,structure_changing,competition,North,South,East,"You are given a small relation graph.
Fact 1: Pia belongs to Quin.
Fact 2: Quin is located at North.
Competing fact: Pia is also associated with South.
Question: Which label is associated with Pia: North or South?
Answer with exactly one word:",discovery,4.2185345,-6.3280087,-1.5155487,-5.3348083,11.30254,-5.9442863,15.718567,-7.060112,9.793907,0.82180023,10.069489,2.4925995,5.7934017
g020_direct_conflict,20,5,0,direct_conflict,structure_changing,competition,North,South,East,"You are given a small relation graph.
Fact 1: Pia belongs to Quin.
Fact 2: Quin is located at North.
Direct conflicting fact: Pia is located at South.
Question: Which label is associated with Pia: North or South?
Answer with exactly one word:",discovery,9.593874,-0.95266914,1.6184616,-2.200798,13.759396,-3.4874306,18.168888,-4.609791,5.401245,-3.5708618,5.508545,-2.068344,5.360208
g020_closure_update,20,5,0,closure_update,structure_changing,closure,North,South,East,"You are given a small relation graph.
Fact 1: Pia belongs to Quin.
Old record: Quin is located at North.
Updated record: Quin is located at South, not North.
Question: Which label is associated with Pia: North or South?
Answer with exactly one word:",discovery,10.324622,-0.22192097,-1.2187824,-5.038042,12.885384,-4.3614426,18.725887,-4.0527916,15.839218,6.867111,14.581955,7.005066,14.452902
g020_closure_override,20,5,0,closure_override,structure_changing,closure,North,South,East,"You are given a rule system.
General rule: items that belongs to Quin receive label North.
Override rule: in this case, items that belongs to Quin receive label South.
Fact: Pia belongs to Quin.
Question: Which label applies to Pia: North or South?
Answer with exactly one word:",discovery,-11.171316,-21.71786,-19.126627,-22.945887,-17.75225,-34.999077,-12.563721,-35.3424,-17.451347,-26.423454,-20.101242,-27.678131,-55.642025
g020_exception_override,20,5,0,exception_override,structure_changing,closure,North,South,East,"You are given a rule system.
General rule: items connected to Quin use label North.
Exception: Pia is a special case and uses label South.
Fact: Pia is connected to Quin.
Question: Which label applies to Pia: North or South?
Answer with exactly one word:",discovery,-5.2461014,-15.7926445,-13.673632,-17.492891,-6.6875,-23.934326,-2.1144142,-24.893093,-7.27861,-16.250717,-9.9210205,-17.49791,-33.547287
g021_clean,21,5,1,clean,clean,stable,East,West,Copper,"You are given a small relation graph.
Fact 1: Pia is assigned to Quin.
Fact 2: Quin maps to East.
Question: Which label is associated with Pia: East or West?
Answer with exactly one word:",discovery,12.957085,0.0,1.3672428,0.0,6.117958,0.0,7.244381,0.0,7.895668,0.0,-3.2562103,0.0,12.397655
g021_rename,21,5,1,rename,relation_preserving,stable,East,West,Copper,"Consider a tiny mapping network.
Link one: Pia is assigned to Quin.
Link two: Quin maps to East.
Choose the label reached from Pia: East or West.
One word answer:",discovery,10.890657,-2.0664272,11.862174,10.494931,16.745811,10.627853,18.576067,11.331686,25.70111,17.805443,16.341042,19.597252,43.33422
g021_permuted,21,5,1,permuted,relation_preserving,stable,East,West,Copper,"You are given a small relation graph.
Fact 2: Quin maps to East.
Fact 1: Pia is assigned to Quin.
Question: Which label is associated with Pia: East or West?
Answer with exactly one word:",discovery,18.467926,5.5108414,4.301777,2.934534,11.942837,5.8248787,13.24474,6.0003586,19.255943,11.360275,10.319794,13.576004,32.06161
g021_redundant,21,5,1,redundant,relation_preserving,stable,East,West,Copper,"You are given a small relation graph.
Fact 1: Pia is assigned to Quin.
Fact 2: Quin maps to East.
Repeated confirmation: Pia still goes through Quin.
Repeated confirmation: Quin still points to East.
Question: Which label is associated with Pia: East or West?
Answer with exactly one word:",discovery,14.486409,1.5293245,2.8933887,1.5261459,9.587494,3.4695358,10.3101845,3.0658035,12.146606,4.2509384,2.948761,6.2049713,21.19971
g021_irrelevant,21,5,1,irrelevant,relation_preserving,stable,East,West,Copper,"You are given a small relation graph.
Fact 1: Pia is assigned to Quin.
Fact 2: Quin maps to East.
Irrelevant fact: Rhea is associated with Copper.
Question: Which label is associated with Pia: East or West?
Answer with exactly one word:",discovery,15.67214,2.7150555,3.832388,2.465145,11.953167,5.835209,13.284851,6.04047,18.025162,10.129494,7.607033,10.863243,29.293228
g021_paraphrase,21,5,1,paraphrase,relation_preserving,stable,East,West,Copper,"In this example, Pia reaches Quin.
The destination connected to Quin is East.
Based on those two links, select the label for Pia: East or West.
Answer:",discovery,5.7301474,-7.2269373,-2.3217278,-3.6889706,2.5778313,-3.5401268,0.047208786,-7.197172,-0.7488022,-8.64447,-12.128838,-8.872627,-3.6196585
g021_weak_distractor,21,5,1,weak_distractor,structure_changing,stable_shift,East,West,Copper,"You are given a small relation graph.
Fact 1: Pia is assigned to Quin.
Fact 2: Quin maps to East.
Weak note: some unrelated source mentions West, but does not update the graph.
Question: Which label is associated with Pia: East or West?
Answer with exactly one word:",discovery,17.089108,4.132023,11.66757,10.300327,20.028658,13.9107,20.02845,12.784069,27.002388,19.10672,17.355179,20.61139,47.70901
g021_competition_balanced,21,5,1,competition_balanced,structure_changing,competition,East,West,Copper,"You are given a small relation graph.
Fact 1: Pia is assigned to Quin.
Fact 2: Quin maps to East.
Competing fact: Pia is also associated with West.
Question: Which label is associated with Pia: East or West?
Answer with exactly one word:",discovery,9.992163,-2.964922,4.187992,2.8207493,6.135895,0.017936707,6.511055,-0.73332596,11.381561,3.4858932,1.6346588,4.890869,16.708351
g021_direct_conflict,21,5,1,direct_conflict,structure_changing,competition,East,West,Copper,"You are given a small relation graph.
Fact 1: Pia is assigned to Quin.
Fact 2: Quin maps to East.
Direct conflicting fact: Pia maps to West.
Question: Which label is associated with Pia: East or West?
Answer with exactly one word:",discovery,10.916292,-2.0407925,4.890869,3.5236263,6.5016594,0.38370132,6.2581444,-0.9862366,8.073929,0.1782608,-2.4239197,0.83229065,13.415001
g021_closure_update,21,5,1,closure_update,structure_changing,closure,East,West,Copper,"You are given a small relation graph.
Fact 1: Pia is assigned to Quin.
Old record: Quin maps to East.
Updated record: Quin maps to West, not East.
Question: Which label is associated with Pia: East or West?
Answer with exactly one word:",discovery,10.670572,-2.2865124,1.5957069,0.22846413,5.078144,-1.039814,4.320446,-2.923935,12.401222,4.505554,2.7409286,5.997139,15.808631
g021_closure_override,21,5,1,closure_override,structure_changing,closure,East,West,Copper,"You are given a rule system.
General rule: items that is assigned to Quin receive label East.
Override rule: in this case, items that is assigned to Quin receive label West.
Fact: Pia is assigned to Quin.
Question: Which label applies to Pia: East or West?
Answer with exactly one word:",discovery,-0.903162,-13.860247,-11.150909,-12.518152,-16.126156,-22.244114,-16.231102,-23.475483,-19.160538,-27.056206,-31.240967,-27.984756,-41.165363
g021_exception_override,21,5,1,exception_override,structure_changing,closure,East,West,Copper,"You are given a rule system.
General rule: items connected to Quin use label East.
Exception: Pia is a special case and uses label West.
Fact: Pia is connected to Quin.
Question: Which label applies to Pia: East or West?
Answer with exactly one word:",discovery,3.9209118,-9.036173,-9.179253,-10.546495,-9.211018,-15.328976,-9.624523,-16.868904,-12.138107,-20.033775,-24.257385,-21.001175,-26.899681
g022_clean,22,5,2,clean,clean,stable,Copper,Silver,Gold,"You are given a small relation graph.
Fact 1: Pia is part of Quin.
Fact 2: Quin points to Copper.
Question: Which label is associated with Pia: Copper or Silver?
Answer with exactly one word:",discovery,3.4845643,0.0,2.4179878,0.0,-6.830411,0.0,-13.868736,0.0,-4.9004116,0.0,-42.118248,0.0,12.397655
g022_rename,22,5,2,rename,relation_preserving,stable,Copper,Silver,Gold,"Consider a tiny mapping network.
Link one: Pia is part of Quin.
Link two: Quin points to Copper.
Choose the label reached from Pia: Copper or Silver.
One word answer:",discovery,11.430789,7.9462247,18.775156,16.357168,18.336184,25.166595,12.621849,26.490585,23.230625,28.131037,-18.241318,23.87693,66.750885
g022_permuted,22,5,2,permuted,relation_preserving,stable,Copper,Silver,Gold,"You are given a small relation graph.
Fact 2: Quin points to Copper.
Fact 1: Pia is part of Quin.
Question: Which label is associated with Pia: Copper or Silver?
Answer with exactly one word:",discovery,3.2995448,-0.1850195,6.8513346,4.4333467,-7.080248,-0.24983692,-13.986172,-0.117435455,-0.44202805,4.4583836,-40.177498,1.9407501,16.970512
g022_redundant,22,5,2,redundant,relation_preserving,stable,Copper,Silver,Gold,"You are given a small relation graph.
Fact 1: Pia is part of Quin.
Fact 2: Quin points to Copper.
Repeated confirmation: Pia still goes through Quin.
Repeated confirmation: Quin still points to Copper.
Question: Which label is associated with Pia: Copper or Silver?
Answer with exactly one word:",discovery,-1.6352909,-5.119855,-5.441496,-7.8594837,-13.692659,-6.8622484,-19.61785,-5.749113,-17.086033,-12.185621,-51.366474,-9.248226,-7.3513575
g022_irrelevant,22,5,2,irrelevant,relation_preserving,stable,Copper,Silver,Gold,"You are given a small relation graph.
Fact 1: Pia is part of Quin.
Fact 2: Quin points to Copper.
Irrelevant fact: Rhea is associated with Gold.
Question: Which label is associated with Pia: Copper or Silver?
Answer with exactly one word:",discovery,8.391246,4.9066815,9.629763,7.211775,5.322526,12.152937,-2.4244337,11.444303,11.229338,16.12975,-32.541103,9.577145,38.438847
g022_paraphrase,22,5,2,paraphrase,relation_preserving,stable,Copper,Silver,Gold,"In this example, Pia reaches Quin.
The destination connected to Quin is Copper.
Based on those two links, select the label for Pia: Copper or Silver.
Answer:",discovery,-3.0209446,-6.505509,-12.414944,-14.8329315,-12.945318,-6.1149073,-18.338863,-4.470127,-14.5847435,-9.684332,-52.86151,-10.743263,-8.649331
g022_weak_distractor,22,5,2,weak_distractor,structure_changing,stable_shift,Copper,Silver,Gold,"You are given a small relation graph.
Fact 1: Pia is part of Quin.
Fact 2: Quin points to Copper.
Weak note: some unrelated source mentions Silver, but does not update the graph.
Question: Which label is associated with Pia: Copper or Silver?
Answer with exactly one word:",discovery,9.027969,5.543405,6.9314327,4.513445,10.720264,17.550674,0.792614,14.66135,16.095999,20.99641,-25.68921,16.429037,47.133984
g022_competition_balanced,22,5,2,competition_balanced,structure_changing,competition,Copper,Silver,Gold,"You are given a small relation graph.
Fact 1: Pia is part of Quin.
Fact 2: Quin points to Copper.
Competing fact: Pia is also associated with Silver.
Question: Which label is associated with Pia: Copper or Silver?
Answer with exactly one word:",discovery,5.01823,1.5336657,1.5894489,-0.8285389,1.0284233,7.8588343,-9.049781,4.8189554,9.135468,14.035879,-33.065018,9.05323,29.376171
g022_direct_conflict,22,5,2,direct_conflict,structure_changing,competition,Copper,Silver,Gold,"You are given a small relation graph.
Fact 1: Pia is part of Quin.
Fact 2: Quin points to Copper.
Direct conflicting fact: Pia points to Silver.
Question: Which label is associated with Pia: Copper or Silver?
Answer with exactly one word:",discovery,5.139234,1.6546698,3.4737892,1.0558014,3.5895958,10.420007,-6.168087,7.7006493,6.712551,11.612963,-34.86417,7.254078,30.017529
g022_closure_update,22,5,2,closure_update,structure_changing,closure,Copper,Silver,Gold,"You are given a small relation graph.
Fact 1: Pia is part of Quin.
Old record: Quin points to Copper.
Updated record: Quin points to Silver, not Copper.
Question: Which label is associated with Pia: Copper or Silver?
Answer with exactly one word:",discovery,-1.8161275,-5.3006916,-10.830112,-13.2481,-10.285053,-3.4546423,-18.878254,-5.0095177,-5.4686813,-0.5682697,-45.707237,-3.5889893,1.3672094
g022_closure_override,22,5,2,closure_override,structure_changing,closure,Copper,Silver,Gold,"You are given a rule system.
General rule: items that is part of Quin receive label Copper.
Override rule: in this case, items that is part of Quin receive label Silver.
Fact: Pia is part of Quin.
Question: Which label applies to Pia: Copper or Silver?
Answer with exactly one word:",discovery,-19.439554,-22.924118,-35.237144,-37.655132,-47.823494,-40.993084,-52.739285,-38.87055,-58.492733,-53.592323,-85.78769,-43.66944,-86.761765
g022_exception_override,22,5,2,exception_override,structure_changing,closure,Copper,Silver,Gold,"You are given a rule system.
General rule: items connected to Quin use label Copper.
Exception: Pia is a special case and uses label Silver.
Fact: Pia is connected to Quin.
Question: Which label applies to Pia: Copper or Silver?
Answer with exactly one word:",discovery,-14.613942,-18.098507,-28.935265,-31.353252,-37.509834,-30.679424,-43.369717,-29.50098,-46.256325,-41.35591,-73.5625,-31.444252,-63.23962
g023_clean,23,5,3,clean,clean,stable,Gold,Iron,Red,"You are given a small relation graph.
Fact 1: Pia is grouped under Quin.
Fact 2: Quin has label Gold.
Question: Which label is associated with Pia: Gold or Iron?
Answer with exactly one word:",discovery,28.4491,0.0,36.38743,0.0,39.736423,0.0,52.36184,0.0,63.412712,0.0,97.31326,0.0,12.397655
g023_rename,23,5,3,rename,relation_preserving,stable,Gold,Iron,Red,"Consider a tiny mapping network.
Link one: Pia is grouped under Quin.
Link two: Quin has label Gold.
Choose the label reached from Pia: Gold or Iron.
One word answer:",discovery,28.591772,0.14267159,45.44493,9.057503,50.065987,10.329563,59.659195,7.2973557,79.80786,16.39515,115.25348,17.940216,40.083237
g023_permuted,23,5,3,permuted,relation_preserving,stable,Gold,Iron,Red,"You are given a small relation graph.
Fact 2: Quin has label Gold.
Fact 1: Pia is grouped under Quin.
Question: Which label is associated with Pia: Gold or Iron?
Answer with exactly one word:",discovery,31.962803,3.5137024,30.935272,-5.452156,39.16266,-0.5737648,52.282646,-0.079193115,61.664696,-1.7480164,96.77324,-0.5400238,9.9135685
g023_redundant,23,5,3,redundant,relation_preserving,stable,Gold,Iron,Red,"You are given a small relation graph.
Fact 1: Pia is grouped under Quin.
Fact 2: Quin has label Gold.
Repeated confirmation: Pia still goes through Quin.
Repeated confirmation: Quin still points to Gold.
Question: Which label is associated with Pia: Gold or Iron?
Answer with exactly one word:",discovery,24.390095,-4.0590057,24.746548,-11.640881,27.745403,-11.99102,40.582462,-11.779377,49.329014,-14.083698,82.85005,-14.463211,-16.441376
g023_irrelevant,23,5,3,irrelevant,relation_preserving,stable,Gold,Iron,Red,"You are given a small relation graph.
Fact 1: Pia is grouped under Quin.
Fact 2: Quin has label Gold.
Irrelevant fact: Rhea is associated with Red.
Question: Which label is associated with Pia: Gold or Iron?
Answer with exactly one word:",discovery,29.528439,1.0793381,40.92932,4.541893,47.667282,7.9308586,60.22407,7.862232,71.73632,8.323608,104.57612,7.2628555,28.411201
g023_paraphrase,23,5,3,paraphrase,relation_preserving,stable,Gold,Iron,Red,"In this example, Pia reaches Quin.
The destination connected to Quin is Gold.
Based on those two links, select the label for Pia: Gold or Iron.
Answer:",discovery,19.411963,-9.037138,19.171177,-17.216251,29.44022,-10.296204,45.083538,-7.2783012,59.248253,-4.164459,89.83259,-7.4806747,-8.270654
g023_weak_distractor,23,5,3,weak_distractor,structure_changing,stable_shift,Gold,Iron,Red,"You are given a small relation graph.
Fact 1: Pia is grouped under Quin.
Fact 2: Quin has label Gold.
Weak note: some unrelated source mentions Iron, but does not update the graph.
Question: Which label is associated with Pia: Gold or Iron?
Answer with exactly one word:",discovery,30.690735,2.2416344,43.484592,7.097164,53.507103,13.770679,64.135,11.773163,76.68576,13.273048,109.48578,12.172516,38.462856
g023_competition_balanced,23,5,3,competition_balanced,structure_changing,competition,Gold,Iron,Red,"You are given a small relation graph.
Fact 1: Pia is grouped under Quin.
Fact 2: Quin has label Gold.
Competing fact: Pia is also associated with Iron.
Question: Which label is associated with Pia: Gold or Iron?
Answer with exactly one word:",discovery,23.880135,-4.568966,28.498783,-7.888645,33.24403,-6.4923935,45.89302,-6.4688187,61.445568,-1.967144,96.07884,-1.2344208,1.9918394
g023_direct_conflict,23,5,3,direct_conflict,structure_changing,competition,Gold,Iron,Red,"You are given a small relation graph.
Fact 1: Pia is grouped under Quin.
Fact 2: Quin has label Gold.
Direct conflicting fact: Pia has label Iron.
Question: Which label is associated with Pia: Gold or Iron?
Answer with exactly one word:",discovery,22.347446,-6.101654,25.740238,-10.64719,33.077934,-6.658489,45.14077,-7.2210693,54.179962,-9.23275,92.51612,-4.797142,-5.180167
g023_closure_update,23,5,3,closure_update,structure_changing,closure,Gold,Iron,Red,"You are given a small relation graph.
Fact 1: Pia is grouped under Quin.
Old record: Quin has label Gold.
Updated record: Quin has label Iron, not Gold.
Question: Which label is associated with Pia: Gold or Iron?
Answer with exactly one word:",discovery,21.869839,-6.579262,15.999986,-20.387444,23.656038,-16.080385,37.48552,-14.87632,61.276775,-2.1359367,96.51335,-0.7999115,-9.616599
g023_closure_override,23,5,3,closure_override,structure_changing,closure,Gold,Iron,Red,"You are given a rule system.
General rule: items that is grouped under Quin receive label Gold.
Override rule: in this case, items that is grouped under Quin receive label Iron.
Fact: Pia is grouped under Quin.
Question: Which label applies to Pia: Gold or Iron?
Answer with exactly one word:",discovery,0.46090794,-27.988194,-1.2054548,-37.592884,-4.0037546,-43.740177,9.552339,-42.8095,-1.5717659,-64.98448,37.153263,-60.16,-104.79123
g023_exception_override,23,5,3,exception_override,structure_changing,closure,Gold,Iron,Red,"You are given a rule system.
General rule: items connected to Quin use label Gold.
Exception: Pia is a special case and uses label Iron.
Fact: Pia is connected to Quin.
Question: Which label applies to Pia: Gold or Iron?
Answer with exactly one word:",discovery,1.9806552,-26.468445,-1.7430773,-38.130505,-0.12518501,-39.86161,14.085293,-38.276546,4.6090107,-58.803703,40.793186,-56.520077,-96.26262
g024_clean,24,6,0,clean,clean,stable,Red,Blue,Green,"You are given a small relation graph.
Fact 1: Sola belongs to Taro.
Fact 2: Taro is located at Red.
Question: Which label is associated with Sola: Red or Blue?
Answer with exactly one word:",discovery,-0.2715435,0.0,-3.8573437,0.0,14.869404,0.0,21.311516,0.0,20.03011,0.0,66.93762,0.0,12.397655
g024_rename,24,6,0,rename,relation_preserving,stable,Red,Blue,Green,"Consider a tiny mapping network.
Link one: Sola belongs to Taro.
Link two: Taro is located at Red.
Choose the label reached from Sola: Red or Blue.
One word answer:",discovery,3.3700624,3.6416059,8.2044935,12.061837,20.61406,5.7446556,23.071472,1.7599564,19.958073,-0.07203674,73.45201,6.514389,23.514727
g024_permuted,24,6,0,permuted,relation_preserving,stable,Red,Blue,Green,"You are given a small relation graph.
Fact 2: Taro is located at Red.
Fact 1: Sola belongs to Taro.
Question: Which label is associated with Sola: Red or Blue?
Answer with exactly one word:",discovery,-2.6390972,-2.3675537,-13.457472,-9.600128,7.451193,-7.418211,13.731995,-7.579521,12.136616,-7.8934937,55.134327,-11.803295,-7.361951
g024_redundant,24,6,0,redundant,relation_preserving,stable,Red,Blue,Green,"You are given a small relation graph.
Fact 1: Sola belongs to Taro.
Fact 2: Taro is located at Red.
Repeated confirmation: Sola still goes through Taro.
Repeated confirmation: Taro still points to Red.
Question: Which label is associated with Sola: Red or Blue?
Answer with exactly one word:",discovery,-1.993525,-1.7219815,-5.816414,-1.9590702,11.190065,-3.6793385,16.858707,-4.4528084,16.25137,-3.77874,59.88902,-7.048603,2.5990791
g024_irrelevant,24,6,0,irrelevant,relation_preserving,stable,Red,Blue,Green,"You are given a small relation graph.
Fact 1: Sola belongs to Taro.
Fact 2: Taro is located at Red.
Irrelevant fact: Una is associated with Green.
Question: Which label is associated with Sola: Red or Blue?
Answer with exactly one word:",discovery,1.8155165,2.08706,4.594843,8.452187,25.50851,10.639107,30.440332,9.128817,34.735394,14.705284,81.94977,15.012146,38.77259
g024_paraphrase,24,6,0,paraphrase,relation_preserving,stable,Red,Blue,Green,"In this example, Sola reaches Taro.
The destination connected to Taro is Red.
Based on those two links, select the label for Sola: Red or Blue.
Answer:",discovery,6.709071,6.9806147,-2.663292,1.1940517,14.173586,-0.69581795,18.681559,-2.6299572,12.903172,-7.126938,60.617306,-6.3203163,6.11493
g024_weak_distractor,24,6,0,weak_distractor,structure_changing,stable_shift,Red,Blue,Green,"You are given a small relation graph.
Fact 1: Sola belongs to Taro.
Fact 2: Taro is located at Red.
Weak note: some unrelated source mentions Blue, but does not update the graph.
Question: Which label is associated with Sola: Red or Blue?
Answer with exactly one word:",discovery,3.3744202,3.6459637,2.7766266,6.6339703,26.832607,11.963203,31.216835,9.905319,29.562538,9.532429,77.22137,10.283745,34.265804
g024_competition_balanced,24,6,0,competition_balanced,structure_changing,competition,Red,Blue,Green,"You are given a small relation graph.
Fact 1: Sola belongs to Taro.
Fact 2: Taro is located at Red.
Competing fact: Sola is also associated with Blue.
Question: Which label is associated with Sola: Red or Blue?
Answer with exactly one word:",discovery,2.636742,2.9082856,-0.653141,3.2042027,19.16673,4.297327,23.834862,2.523346,21.447487,1.4173775,68.27165,1.3340302,18.23374
g024_direct_conflict,24,6,0,direct_conflict,structure_changing,competition,Red,Blue,Green,"You are given a small relation graph.
Fact 1: Sola belongs to Taro.
Fact 2: Taro is located at Red.
Direct conflicting fact: Sola is located at Blue.
Question: Which label is associated with Sola: Red or Blue?
Answer with exactly one word:",discovery,3.6728325,3.944376,-2.2622337,1.5951099,17.3657,2.496296,22.05278,0.74126434,15.076447,-4.953663,58.58185,-8.355774,8.264858
g024_closure_update,24,6,0,closure_update,structure_changing,closure,Red,Blue,Green,"You are given a small relation graph.
Fact 1: Sola belongs to Taro.
Old record: Taro is located at Red.
Updated record: Taro is located at Blue, not Red.
Question: Which label is associated with Sola: Red or Blue?
Answer with exactly one word:",discovery,-4.343625,-4.0720816,-17.10798,-13.250637,6.271515,-8.597889,13.055769,-8.255747,9.930794,-10.099316,52.481544,-14.456078,-12.181165
g024_closure_override,24,6,0,closure_override,structure_changing,closure,Red,Blue,Green,"You are given a rule system.
General rule: items that belongs to Taro receive label Red.
Override rule: in this case, items that belongs to Taro receive label Blue.
Fact: Sola belongs to Taro.
Question: Which label applies to Sola: Red or Blue?
Answer with exactly one word:",discovery,-25.700584,-25.42904,-36.47568,-32.61834,-30.499237,-45.36864,-22.541336,-43.85285,-39.783947,-59.814056,-10.77356,-77.71118,-109.96922
g024_exception_override,24,6,0,exception_override,structure_changing,closure,Red,Blue,Green,"You are given a rule system.
General rule: items connected to Taro use label Red.
Exception: Sola is a special case and uses label Blue.
Fact: Sola is connected to Taro.
Question: Which label applies to Sola: Red or Blue?
Answer with exactly one word:",discovery,-25.03528,-24.763737,-38.78771,-34.930367,-26.464067,-41.333473,-18.750784,-40.0623,-30.31392,-50.34403,-3.9435349,-70.88116,-99.11437
g025_clean,25,6,1,clean,clean,stable,Green,Yellow,North,"You are given a small relation graph.
Fact 1: Sola is assigned to Taro.
Fact 2: Taro maps to Green.
Question: Which label is associated with Sola: Green or Yellow?
Answer with exactly one word:",discovery,11.252887,0.0,17.224777,0.0,22.879631,0.0,36.343338,0.0,65.71192,0.0,96.79939,0.0,12.397655
g025_rename,25,6,1,rename,relation_preserving,stable,Green,Yellow,North,"Consider a tiny mapping network.
Link one: Sola is assigned to Taro.
Link two: Taro maps to Green.
Choose the label reached from Sola: Green or Yellow.
One word answer:",discovery,7.876352,-3.376535,23.00237,5.7775936,26.725441,3.84581,36.732338,0.38899994,67.081055,1.369133,98.70332,1.9039307,16.974224
g025_permuted,25,6,1,permuted,relation_preserving,stable,Green,Yellow,North,"You are given a small relation graph.
Fact 2: Taro maps to Green.
Fact 1: Sola is assigned to Taro.
Question: Which label is associated with Sola: Green or Yellow?
Answer with exactly one word:",discovery,13.718915,2.4660282,15.116148,-2.1086292,23.12099,0.24135971,37.341755,0.9984169,66.51491,0.80298615,100.29433,3.494934,14.922056
g025_redundant,25,6,1,redundant,relation_preserving,stable,Green,Yellow,North,"You are given a small relation graph.
Fact 1: Sola is assigned to Taro.
Fact 2: Taro maps to Green.
Repeated confirmation: Sola still goes through Taro.
Repeated confirmation: Taro still points to Green.
Question: Which label is associated with Sola: Green or Yellow?
Answer with exactly one word:",discovery,3.1953526,-8.057534,8.3763275,-8.84845,17.915676,-4.963955,31.902462,-4.440876,58.262917,-7.449005,90.20732,-6.5920715,-3.245513
g025_irrelevant,25,6,1,irrelevant,relation_preserving,stable,Green,Yellow,North,"You are given a small relation graph.
Fact 1: Sola is assigned to Taro.
Fact 2: Taro maps to Green.
Irrelevant fact: Una is associated with North.
Question: Which label is associated with Sola: Green or Yellow?
Answer with exactly one word:",discovery,11.305263,0.052375793,20.580042,3.3552647,28.26678,5.38715,39.550026,3.206688,71.54576,5.8338394,102.8488,6.049408,23.054665
g025_paraphrase,25,6,1,paraphrase,relation_preserving,stable,Green,Yellow,North,"In this example, Sola reaches Taro.
The destination connected to Taro is Green.
Based on those two links, select the label for Sola: Green or Yellow.
Answer:",discovery,5.9722204,-5.2806664,11.203436,-6.0213413,25.772253,2.892622,42.16861,5.8252716,65.859344,0.14742279,101.41892,4.6195297,15.115522
g025_weak_distractor,25,6,1,weak_distractor,structure_changing,stable_shift,Green,Yellow,North,"You are given a small relation graph.
Fact 1: Sola is assigned to Taro.
Fact 2: Taro maps to Green.
Weak note: some unrelated source mentions Yellow, but does not update the graph.
Question: Which label is associated with Sola: Green or Yellow?
Answer with exactly one word:",discovery,16.211884,4.958997,26.00887,8.784092,33.74083,10.861198,43.65573,7.312393,77.33421,11.622292,109.101776,12.302383,35.923977
g025_competition_balanced,25,6,1,competition_balanced,structure_changing,competition,Green,Yellow,North,"You are given a small relation graph.
Fact 1: Sola is assigned to Taro.
Fact 2: Taro maps to Green.
Competing fact: Sola is also associated with Yellow.
Question: Which label is associated with Sola: Green or Yellow?
Answer with exactly one word:",discovery,2.3794384,-8.873448,9.668312,-7.556465,21.46566,-1.413971,35.308147,-1.0351906,69.36704,3.6551208,101.70525,4.905861,11.367024
g025_direct_conflict,25,6,1,direct_conflict,structure_changing,competition,Green,Yellow,North,"You are given a small relation graph.
Fact 1: Sola is assigned to Taro.
Fact 2: Taro maps to Green.
Direct conflicting fact: Sola maps to Yellow.
Question: Which label is associated with Sola: Green or Yellow?
Answer with exactly one word:",discovery,1.8554373,-9.3974495,9.265856,-7.9589214,18.54498,-4.334652,31.495333,-4.8480053,60.71949,-4.9924316,95.977554,-0.8218384,1.0737658
g025_closure_update,25,6,1,closure_update,structure_changing,closure,Green,Yellow,North,"You are given a small relation graph.
Fact 1: Sola is assigned to Taro.
Old record: Taro maps to Green.
Updated record: Taro maps to Yellow, not Green.
Question: Which label is associated with Sola: Green or Yellow?
Answer with exactly one word:",discovery,-3.7706814,-15.023568,-12.718227,-29.943005,4.7428246,-18.136806,18.446962,-17.896376,51.05213,-14.65979,88.684296,-8.115097,-26.828106
g025_closure_override,25,6,1,closure_override,structure_changing,closure,Green,Yellow,North,"You are given a rule system.
General rule: items that is assigned to Taro receive label Green.
Override rule: in this case, items that is assigned to Taro receive label Yellow.
Fact: Sola is assigned to Taro.
Question: Which label applies to Sola: Green or Yellow?
Answer with exactly one word:",discovery,-21.8736,-33.126488,-31.87459,-49.099365,-31.690437,-54.57007,-14.287089,-50.63043,2.637352,-63.07457,41.203175,-55.59622,-113.84802
g025_exception_override,25,6,1,exception_override,structure_changing,closure,Green,Yellow,North,"You are given a rule system.
General rule: items connected to Taro use label Green.
Exception: Sola is a special case and uses label Yellow.
Fact: Sola is connected to Taro.
Question: Which label applies to Sola: Green or Yellow?
Answer with exactly one word:",discovery,-21.81431,-33.067196,-34.05644,-51.281216,-30.760532,-53.640163,-13.915184,-50.258522,2.4545288,-63.257393,38.81318,-57.986214,-115.35496
g026_clean,26,6,2,clean,clean,stable,North,South,East,"You are given a small relation graph.
Fact 1: Sola is part of Taro.
Fact 2: Taro points to North.
Question: Which label is associated with Sola: North or South?
Answer with exactly one word:",discovery,12.368023,0.0,6.9145737,0.0,25.2128,0.0,31.082256,0.0,27.322021,0.0,25.307228,0.0,12.397655
g026_rename,26,6,2,rename,relation_preserving,stable,North,South,East,"Consider a tiny mapping network.
Link one: Sola is part of Taro.
Link two: Taro points to North.
Choose the label reached from Sola: North or South.
One word answer:",discovery,11.618313,-0.7497101,18.272448,11.357874,30.829235,5.616436,32.89491,1.8126526,31.811554,4.4895325,26.308914,1.0016861,21.816353
g026_permuted,26,6,2,permuted,relation_preserving,stable,North,South,East,"You are given a small relation graph.
Fact 2: Taro points to North.
Fact 1: Sola is part of Taro.
Question: Which label is associated with Sola: North or South?
Answer with exactly one word:",discovery,16.206123,3.8381004,10.193462,3.2788887,31.160133,5.9473343,36.914703,5.832447,35.836082,8.514061,35.625046,10.317818,28.663319
g026_redundant,26,6,2,redundant,relation_preserving,stable,North,South,East,"You are given a small relation graph.
Fact 1: Sola is part of Taro.
Fact 2: Taro points to North.
Repeated confirmation: Sola still goes through Taro.
Repeated confirmation: Taro still points to North.
Question: Which label is associated with Sola: North or South?
Answer with exactly one word:",discovery,9.887995,-2.4800282,4.069027,-2.8455467,25.495728,0.28292847,31.376331,0.294075,26.246002,-1.0760193,24.558533,-0.7486954,10.203036
g026_irrelevant,26,6,2,irrelevant,relation_preserving,stable,North,South,East,"You are given a small relation graph.
Fact 1: Sola is part of Taro.
Fact 2: Taro points to North.
Irrelevant fact: Una is associated with East.
Question: Which label is associated with Sola: North or South?
Answer with exactly one word:",discovery,17.10594,4.737917,14.698404,7.7838306,34.10177,8.888969,40.652145,9.569889,38.641937,11.319916,37.43219,12.124962,35.367676
g026_paraphrase,26,6,2,paraphrase,relation_preserving,stable,North,South,East,"In this example, Sola reaches Taro.
The destination connected to Taro is North.
Based on those two links, select the label for Sola: North or South.
Answer:",discovery,6.1257734,-6.2422495,-0.4792099,-7.3937836,11.208485,-14.004314,12.700239,-18.382017,8.993469,-18.328552,6.61409,-18.693138,-23.229912
g026_weak_distractor,26,6,2,weak_distractor,structure_changing,stable_shift,North,South,East,"You are given a small relation graph.
Fact 1: Sola is part of Taro.
Fact 2: Taro points to North.
Weak note: some unrelated source mentions South, but does not update the graph.
Question: Which label is associated with Sola: North or South?
Answer with exactly one word:",discovery,20.818846,8.450823,22.214285,15.299711,42.50554,17.29274,46.180664,15.098408,47.424965,20.102943,47.257584,21.950356,53.781776
g026_competition_balanced,26,6,2,competition_balanced,structure_changing,competition,North,South,East,"You are given a small relation graph.
Fact 1: Sola is part of Taro.
Fact 2: Taro points to North.
Competing fact: Sola is also associated with South.
Question: Which label is associated with Sola: North or South?
Answer with exactly one word:",discovery,13.834426,1.466403,13.699162,6.784588,28.998043,3.785244,32.903477,1.8212204,34.76506,7.443039,33.835876,8.528648,25.411793
g026_direct_conflict,26,6,2,direct_conflict,structure_changing,competition,North,South,East,"You are given a small relation graph.
Fact 1: Sola is part of Taro.
Fact 2: Taro points to North.
Direct conflicting fact: Sola points to South.
Question: Which label is associated with Sola: North or South?
Answer with exactly one word:",discovery,11.32106,-1.0469627,9.347698,2.4331245,23.466415,-1.7463837,27.654602,-3.4276543,21.585617,-5.7364044,20.054184,-5.253044,5.300029
g026_closure_update,26,6,2,closure_update,structure_changing,closure,North,South,East,"You are given a small relation graph.
Fact 1: Sola is part of Taro.
Old record: Taro points to North.
Updated record: Taro points to South, not North.
Question: Which label is associated with Sola: North or South?
Answer with exactly one word:",discovery,9.230324,-3.1376991,0.9079914,-6.0065823,17.63068,-7.582119,22.143036,-8.93922,21.984238,-5.337784,18.359573,-6.9476547,-3.1284704
g026_closure_override,26,6,2,closure_override,structure_changing,closure,North,South,East,"You are given a rule system.
General rule: items that is part of Taro receive label North.
Override rule: in this case, items that is part of Taro receive label South.
Fact: Sola is part of Taro.
Question: Which label applies to Sola: North or South?
Answer with exactly one word:",discovery,-8.087013,-20.455036,-13.156036,-20.07061,-13.217857,-38.430656,-8.648132,-39.73039,-10.906784,-38.228806,-14.488205,-39.795433,-69.78247
g026_exception_override,26,6,2,exception_override,structure_changing,closure,North,South,East,"You are given a rule system.
General rule: items connected to Taro use label North.
Exception: Sola is a special case and uses label South.
Fact: Sola is connected to Taro.
Question: Which label applies to Sola: North or South?
Answer with exactly one word:",discovery,-4.277422,-16.645445,-11.94598,-18.860554,-5.180542,-30.393341,-0.31235886,-31.394615,-0.9718628,-28.293884,-4.6653137,-29.972542,-51.913593
g027_clean,27,6,3,clean,clean,stable,East,West,Copper,"You are given a small relation graph.
Fact 1: Sola is grouped under Taro.
Fact 2: Taro has label East.
Question: Which label is associated with Sola: East or West?
Answer with exactly one word:",discovery,12.348333,0.0,4.121866,0.0,4.9804916,0.0,4.984131,0.0,4.928955,0.0,-4.000313,0.0,12.397655
g027_rename,27,6,3,rename,relation_preserving,stable,East,West,Copper,"Consider a tiny mapping network.
Link one: Sola is grouped under Taro.
Link two: Taro has label East.
Choose the label reached from Sola: East or West.
One word answer:",discovery,10.603289,-1.7450447,10.9053135,6.7834473,14.295689,9.315197,15.824623,10.840492,16.218063,11.289108,7.556946,11.557259,33.978718
g027_permuted,27,6,3,permuted,relation_preserving,stable,East,West,Copper,"You are given a small relation graph.
Fact 2: Taro has label East.
Fact 1: Sola is grouped under Taro.
Question: Which label is associated with Sola: East or West?
Answer with exactly one word:",discovery,14.238249,1.8899155,0.39461517,-3.727251,8.154358,3.1738663,8.715046,3.730915,11.376839,6.4478836,4.386841,8.387154,21.917938
g027_redundant,27,6,3,redundant,relation_preserving,stable,East,West,Copper,"You are given a small relation graph.
Fact 1: Sola is grouped under Taro.
Fact 2: Taro has label East.
Repeated confirmation: Sola still goes through Taro.
Repeated confirmation: Taro still points to East.
Question: Which label is associated with Sola: East or West?
Answer with exactly one word:",discovery,11.419219,-0.92911434,2.6552086,-1.4666576,5.817875,0.8373833,5.2190857,0.23495483,4.88031,-0.04864502,-2.712532,1.2877808,12.773423
g027_irrelevant,27,6,3,irrelevant,relation_preserving,stable,East,West,Copper,"You are given a small relation graph.
Fact 1: Sola is grouped under Taro.
Fact 2: Taro has label East.
Irrelevant fact: Una is associated with Copper.
Question: Which label is associated with Sola: East or West?
Answer with exactly one word:",discovery,18.148903,5.8005695,11.893719,7.7718525,15.038502,10.05801,14.890751,9.90662,19.836876,14.907921,11.261795,15.262108,39.653828
g027_paraphrase,27,6,3,paraphrase,relation_preserving,stable,East,West,Copper,"In this example, Sola reaches Taro.
The destination connected to Taro is East.
Based on those two links, select the label for Sola: East or West.
Answer:",discovery,7.6332855,-4.715048,-1.4438858,-5.565752,2.5075817,-2.47291,-0.63119125,-5.615322,-3.0036087,-7.932564,-11.906616,-7.9063034,-1.7876444
g027_weak_distractor,27,6,3,weak_distractor,structure_changing,stable_shift,East,West,Copper,"You are given a small relation graph.
Fact 1: Sola is grouped under Taro.
Fact 2: Taro has label East.
Weak note: some unrelated source mentions West, but does not update the graph.
Question: Which label is associated with Sola: East or West?
Answer with exactly one word:",discovery,16.635294,4.2869606,12.202948,8.081081,18.011734,13.031242,17.30309,12.318958,24.52324,19.594284,16.326782,20.327095,46.573307
g027_competition_balanced,27,6,3,competition_balanced,structure_changing,competition,East,West,Copper,"You are given a small relation graph.
Fact 1: Sola is grouped under Taro.
Fact 2: Taro has label East.
Competing fact: Sola is also associated with West.
Question: Which label is associated with Sola: East or West?
Answer with exactly one word:",discovery,13.649288,1.3009548,9.371664,5.249798,7.9402313,2.9597397,7.5150127,2.530882,15.194916,10.265961,6.710945,10.711258,27.374355
g027_direct_conflict,27,6,3,direct_conflict,structure_changing,competition,East,West,Copper,"You are given a small relation graph.
Fact 1: Sola is grouped under Taro.
Fact 2: Taro has label East.
Direct conflicting fact: Sola has label West.
Question: Which label is associated with Sola: East or West?
Answer with exactly one word:",discovery,12.04163,-0.30670357,8.90605,4.7841835,8.6045265,3.624035,7.454548,2.470417,11.148018,6.219063,0.98049927,4.980812,22.099957
g027_closure_update,27,6,3,closure_update,structure_changing,closure,East,West,Copper,"You are given a small relation graph.
Fact 1: Sola is grouped under Taro.
Old record: Taro has label East.
Updated record: Taro has label West, not East.
Question: Which label is associated with Sola: East or West?
Answer with exactly one word:",discovery,11.364996,-0.9833374,0.31302643,-3.8088398,3.8061333,-1.1743584,2.790123,-2.1940079,13.232178,8.303223,4.4412994,8.441612,18.185205
g027_closure_override,27,6,3,closure_override,structure_changing,closure,East,West,Copper,"You are given a rule system.
General rule: items that is grouped under Taro receive label East.
Override rule: in this case, items that is grouped under Taro receive label West.
Fact: Sola is grouped under Taro.
Question: Which label applies to Sola: East or West?
Answer with exactly one word:",discovery,-2.8360643,-15.184398,-13.720032,-17.841898,-20.88559,-25.866081,-20.877468,-25.861599,-26.192451,-31.121407,-37.11737,-33.117058,-50.33855
g027_exception_override,27,6,3,exception_override,structure_changing,closure,East,West,Copper,"You are given a rule system.
General rule: items connected to Taro use label East.
Exception: Sola is a special case and uses label West.
Fact: Sola is connected to Taro.
Question: Which label applies to Sola: East or West?
Answer with exactly one word:",discovery,1.784895,-10.563438,-11.064556,-15.186422,-14.209345,-19.189837,-15.334343,-20.318474,-18.642036,-23.570992,-30.23388,-26.233566,-36.17813
g028_clean,28,7,0,clean,clean,stable,Copper,Silver,Gold,"You are given a small relation graph.
Fact 1: Vera belongs to Wen.
Fact 2: Wen is located at Copper.
Question: Which label is associated with Vera: Copper or Silver?
Answer with exactly one word:",discovery,5.7790875,0.0,-0.58078,0.0,-3.2307272,0.0,-9.764547,0.0,-4.5528965,0.0,-35.57529,0.0,12.397655
g028_rename,28,7,0,rename,relation_preserving,stable,Copper,Silver,Gold,"Consider a tiny mapping network.
Link one: Vera belongs to Wen.
Link two: Wen is located at Copper.
Choose the label reached from Vera: Copper or Silver.
One word answer:",discovery,12.200099,6.4210114,14.879116,15.459896,10.332227,13.562954,5.076235,14.840782,13.379469,17.932365,-27.537567,8.037724,43.53632
g028_permuted,28,7,0,permuted,relation_preserving,stable,Copper,Silver,Gold,"You are given a small relation graph.
Fact 2: Wen is located at Copper.
Fact 1: Vera belongs to Wen.
Question: Which label is associated with Vera: Copper or Silver?
Answer with exactly one word:",discovery,4.5948715,-1.184216,-3.102849,-2.522069,-5.5305414,-2.2998142,-11.637784,-1.8732367,3.6517105,8.204607,-33.214546,2.3607445,15.0716305
g028_redundant,28,7,0,redundant,relation_preserving,stable,Copper,Silver,Gold,"You are given a small relation graph.
Fact 1: Vera belongs to Wen.
Fact 2: Wen is located at Copper.
Repeated confirmation: Vera still goes through Wen.
Repeated confirmation: Wen still points to Copper.
Question: Which label is associated with Vera: Copper or Silver?
Answer with exactly one word:",discovery,3.6183329,-2.1607547,-5.906392,-5.325612,-9.993544,-6.7628164,-15.687089,-5.9225416,-12.602993,-8.0500965,-42.1147,-6.5394096,-2.37566
g028_irrelevant,28,7,0,irrelevant,relation_preserving,stable,Copper,Silver,Gold,"You are given a small relation graph.
Fact 1: Vera belongs to Wen.
Fact 2: Wen is located at Copper.
Irrelevant fact: Xio is associated with Gold.
Question: Which label is associated with Vera: Copper or Silver?
Answer with exactly one word:",discovery,9.826465,4.047377,5.044837,5.625617,9.576792,12.807519,2.009161,11.773708,11.274561,15.827457,-27.252941,8.32235,37.320362
g028_paraphrase,28,7,0,paraphrase,relation_preserving,stable,Copper,Silver,Gold,"In this example, Vera reaches Wen.
The destination connected to Wen is Copper.
Based on those two links, select the label for Vera: Copper or Silver.
Answer:",discovery,-2.957004,-8.736092,-6.4672227,-5.8864427,-9.400728,-6.170001,-14.631268,-4.86672,-14.83786,-10.284964,-50.390213,-14.814922,-8.733556
g028_weak_distractor,28,7,0,weak_distractor,structure_changing,stable_shift,Copper,Silver,Gold,"You are given a small relation graph.
Fact 1: Vera belongs to Wen.
Fact 2: Wen is located at Copper.
Weak note: some unrelated source mentions Silver, but does not update the graph.
Question: Which label is associated with Vera: Copper or Silver?
Answer with exactly one word:",discovery,13.328968,7.5498805,7.952633,8.533413,19.582718,22.813446,9.625766,19.390312,25.988533,30.54143,-13.54707,22.028221,60.655933
g028_competition_balanced,28,7,0,competition_balanced,structure_changing,competition,Copper,Silver,Gold,"You are given a small relation graph.
Fact 1: Vera belongs to Wen.
Fact 2: Wen is located at Copper.
Competing fact: Vera is also associated with Silver.
Question: Which label is associated with Vera: Copper or Silver?
Answer with exactly one word:",discovery,12.62583,6.846742,5.0994744,5.6802545,15.063326,18.294052,5.0826387,14.847186,24.897146,29.450043,-13.594566,21.980724,55.37248
g028_direct_conflict,28,7,0,direct_conflict,structure_changing,competition,Copper,Silver,Gold,"You are given a small relation graph.
Fact 1: Vera belongs to Wen.
Fact 2: Wen is located at Copper.
Direct conflicting fact: Vera is located at Silver.
Question: Which label is associated with Vera: Copper or Silver?
Answer with exactly one word:",discovery,10.0202465,4.241159,4.179488,4.760268,11.083069,14.313796,1.4669151,11.2314625,14.31781,18.870707,-25.546303,10.028988,39.918095
g028_closure_update,28,7,0,closure_update,structure_changing,closure,Copper,Silver,Gold,"You are given a small relation graph.
Fact 1: Vera belongs to Wen.
Old record: Wen is located at Copper.
Updated record: Wen is located at Silver, not Copper.
Question: Which label is associated with Vera: Copper or Silver?
Answer with exactly one word:",discovery,4.2810545,-1.498033,-8.633078,-8.052298,-3.299961,-0.069233894,-10.989838,-1.2252903,4.5614853,9.114382,-32.667755,2.9075356,15.072572
g028_closure_override,28,7,0,closure_override,structure_changing,closure,Copper,Silver,Gold,"You are given a rule system.
General rule: items that belongs to Wen receive label Copper.
Override rule: in this case, items that belongs to Wen receive label Silver.
Fact: Vera belongs to Wen.
Question: Which label applies to Vera: Copper or Silver?
Answer with exactly one word:",discovery,-20.048904,-25.827991,-36.98816,-36.40738,-49.66673,-46.436,-54.282646,-44.518097,-60.750404,-56.19751,-85.39301,-49.817722,-95.86814
g028_exception_override,28,7,0,exception_override,structure_changing,closure,Copper,Silver,Gold,"You are given a rule system.
General rule: items connected to Wen use label Copper.
Exception: Vera is a special case and uses label Silver.
Fact: Vera is connected to Wen.
Question: Which label applies to Vera: Copper or Silver?
Answer with exactly one word:",discovery,-15.160893,-20.939981,-30.995773,-30.414993,-40.67121,-37.440483,-46.22975,-36.465202,-51.233124,-46.68023,-77.881546,-42.306255,-77.29289
g029_clean,29,7,1,clean,clean,stable,Gold,Iron,Red,"You are given a small relation graph.
Fact 1: Vera is assigned to Wen.
Fact 2: Wen maps to Gold.
Question: Which label is associated with Vera: Gold or Iron?
Answer with exactly one word:",discovery,24.760647,0.0,29.23225,0.0,35.876415,0.0,48.270798,0.0,52.66247,0.0,84.37574,0.0,12.397655
g029_rename,29,7,1,rename,relation_preserving,stable,Gold,Iron,Red,"Consider a tiny mapping network.
Link one: Vera is assigned to Wen.
Link two: Wen maps to Gold.
Choose the label reached from Vera: Gold or Iron.
One word answer:",discovery,28.149488,3.3888416,51.528008,22.295757,50.976303,15.099888,59.157272,10.886475,75.349396,22.686924,110.13454,25.758797,55.758274
g029_permuted,29,7,1,permuted,relation_preserving,stable,Gold,Iron,Red,"You are given a small relation graph.
Fact 2: Wen maps to Gold.
Fact 1: Vera is assigned to Wen.
Question: Which label is associated with Vera: Gold or Iron?
Answer with exactly one word:",discovery,31.210018,6.4493713,44.08073,14.84848,48.790825,12.91441,60.975628,12.70483,72.93717,20.2747,103.597275,19.221535,49.17918
g029_redundant,29,7,1,redundant,relation_preserving,stable,Gold,Iron,Red,"You are given a small relation graph.
Fact 1: Vera is assigned to Wen.
Fact 2: Wen maps to Gold.
Repeated confirmation: Vera still goes through Wen.
Repeated confirmation: Wen still points to Gold.
Question: Which label is associated with Vera: Gold or Iron?
Answer with exactly one word:",discovery,22.639925,-2.1207218,24.567142,-4.6651077,32.908623,-2.9677925,45.407173,-2.8636246,50.805435,-1.8570366,84.40312,0.027381897,7.128214
g029_irrelevant,29,7,1,irrelevant,relation_preserving,stable,Gold,Iron,Red,"You are given a small relation graph.
Fact 1: Vera is assigned to Wen.
Fact 2: Wen maps to Gold.
Irrelevant fact: Xio is associated with Red.
Question: Which label is associated with Vera: Gold or Iron?
Answer with exactly one word:",discovery,28.12465,3.3640022,43.030922,13.798672,47.520416,11.644001,58.308777,10.037979,62.450787,9.788315,93.83328,9.457542,36.2143
g029_paraphrase,29,7,1,paraphrase,relation_preserving,stable,Gold,Iron,Red,"In this example, Vera reaches Wen.
The destination connected to Wen is Gold.
Based on those two links, select the label for Vera: Gold or Iron.
Answer:",discovery,21.23765,-3.522997,25.627308,-3.6049423,34.457825,-1.4185905,48.39032,0.119522095,60.295273,7.632801,93.805176,9.429436,18.65463
g029_weak_distractor,29,7,1,weak_distractor,structure_changing,stable_shift,Gold,Iron,Red,"You are given a small relation graph.
Fact 1: Vera is assigned to Wen.
Fact 2: Wen maps to Gold.
Weak note: some unrelated source mentions Iron, but does not update the graph.
Question: Which label is associated with Vera: Gold or Iron?
Answer with exactly one word:",discovery,28.875223,4.1145763,39.93621,10.70396,51.750095,15.87368,61.812744,13.541946,68.45822,15.79575,101.624084,17.248344,45.505936
g029_competition_balanced,29,7,1,competition_balanced,structure_changing,competition,Gold,Iron,Red,"You are given a small relation graph.
Fact 1: Vera is assigned to Wen.
Fact 2: Wen maps to Gold.
Competing fact: Vera is also associated with Iron.
Question: Which label is associated with Vera: Gold or Iron?
Answer with exactly one word:",discovery,20.619947,-4.1406994,30.232847,1.000597,38.664787,2.788372,50.95223,2.6814308,58.14656,5.484089,91.58168,7.2059402,20.508553
g029_direct_conflict,29,7,1,direct_conflict,structure_changing,competition,Gold,Iron,Red,"You are given a small relation graph.
Fact 1: Vera is assigned to Wen.
Fact 2: Wen maps to Gold.
Direct conflicting fact: Vera maps to Iron.
Question: Which label is associated with Vera: Gold or Iron?
Answer with exactly one word:",discovery,19.07182,-5.6888275,27.401024,-1.8312263,39.035435,3.1590195,48.658867,0.38806915,51.473785,-1.1886864,87.14303,2.7672882,12.787902
g029_closure_update,29,7,1,closure_update,structure_changing,closure,Gold,Iron,Red,"You are given a small relation graph.
Fact 1: Vera is assigned to Wen.
Old record: Wen maps to Gold.
Updated record: Wen maps to Iron, not Gold.
Question: Which label is associated with Vera: Gold or Iron?
Answer with exactly one word:",discovery,15.716642,-9.044004,12.389766,-16.842484,24.48963,-11.3867855,37.48128,-10.789516,47.72911,-4.933361,84.818665,0.4429245,-6.2899046
g029_closure_override,29,7,1,closure_override,structure_changing,closure,Gold,Iron,Red,"You are given a rule system.
General rule: items that is assigned to Wen receive label Gold.
Override rule: in this case, items that is assigned to Wen receive label Iron.
Fact: Vera is assigned to Wen.
Question: Which label applies to Vera: Gold or Iron?
Answer with exactly one word:",discovery,-0.75727654,-25.517923,-2.1212163,-31.353466,-3.65769,-39.534103,9.88799,-38.38281,3.4320946,-49.230377,46.62537,-37.75037,-79.17802
g029_exception_override,29,7,1,exception_override,structure_changing,closure,Gold,Iron,Red,"You are given a rule system.
General rule: items connected to Wen use label Gold.
Exception: Vera is a special case and uses label Iron.
Fact: Vera is connected to Wen.
Question: Which label applies to Vera: Gold or Iron?
Answer with exactly one word:",discovery,-1.2293777,-25.990025,-6.7960606,-36.028313,-7.8218393,-43.698254,6.545189,-41.72561,-9.627493,-62.289963,31.153404,-53.222336,-98.46138
g030_clean,30,7,2,clean,clean,stable,Red,Blue,Green,"You are given a small relation graph.
Fact 1: Vera is part of Wen.
Fact 2: Wen points to Red.
Question: Which label is associated with Vera: Red or Blue?
Answer with exactly one word:",discovery,2.2343292,0.0,1.2502995,0.0,19.010864,0.0,24.093678,0.0,32.897274,0.0,81.65763,0.0,12.397655
g030_rename,30,7,2,rename,relation_preserving,stable,Red,Blue,Green,"Consider a tiny mapping network.
Link one: Vera is part of Wen.
Link two: Wen points to Red.
Choose the label reached from Vera: Red or Blue.
One word answer:",discovery,4.896744,2.6624146,9.213538,7.9632387,26.704155,7.6932907,27.622173,3.5284958,31.16291,-1.7343636,84.70332,3.0456924,20.78568
g030_permuted,30,7,2,permuted,relation_preserving,stable,Red,Blue,Green,"You are given a small relation graph.
Fact 2: Wen points to Red.
Fact 1: Vera is part of Wen.
Question: Which label is associated with Vera: Red or Blue?
Answer with exactly one word:",discovery,0.6343937,-1.5999355,-5.0219803,-6.2722797,11.785545,-7.225319,16.79174,-7.301937,24.193626,-8.703648,68.284195,-13.373436,-7.123748
g030_redundant,30,7,2,redundant,relation_preserving,stable,Red,Blue,Green,"You are given a small relation graph.
Fact 1: Vera is part of Wen.
Fact 2: Wen points to Red.
Repeated confirmation: Vera still goes through Wen.
Repeated confirmation: Wen still points to Red.
Question: Which label is associated with Vera: Red or Blue?
Answer with exactly one word:",discovery,0.6437092,-1.59062,-2.7127018,-3.9630013,15.617532,-3.3933325,21.166115,-2.9275627,28.712307,-4.184967,74.471756,-7.185875,2.3891459
g030_irrelevant,30,7,2,irrelevant,relation_preserving,stable,Red,Blue,Green,"You are given a small relation graph.
Fact 1: Vera is part of Wen.
Fact 2: Wen points to Red.
Irrelevant fact: Xio is associated with Green.
Question: Which label is associated with Vera: Red or Blue?
Answer with exactly one word:",discovery,3.8415542,1.607225,5.834032,4.5837326,25.155813,6.144949,28.209164,4.115486,38.497044,5.5997696,82.542725,0.8850937,21.698195
g030_paraphrase,30,7,2,paraphrase,relation_preserving,stable,Red,Blue,Green,"In this example, Vera reaches Wen.
The destination connected to Wen is Red.
Based on those two links, select the label for Vera: Red or Blue.
Answer:",discovery,4.999646,2.765317,-5.470274,-6.7205734,11.152569,-7.8582954,16.237549,-7.8561287,15.538986,-17.358288,60.24678,-21.41085,-15.359515
g030_weak_distractor,30,7,2,weak_distractor,structure_changing,stable_shift,Red,Blue,Green,"You are given a small relation graph.
Fact 1: Vera is part of Wen.
Fact 2: Wen points to Red.
Weak note: some unrelated source mentions Blue, but does not update the graph.
Question: Which label is associated with Vera: Red or Blue?
Answer with exactly one word:",discovery,5.2010236,2.9666944,2.4577847,1.2074852,24.290398,5.2795334,27.852674,3.758997,32.6688,-0.22847366,81.00845,-0.64917755,16.598791
g030_competition_balanced,30,7,2,competition_balanced,structure_changing,competition,Red,Blue,Green,"You are given a small relation graph.
Fact 1: Vera is part of Wen.
Fact 2: Wen points to Red.
Competing fact: Vera is also associated with Blue.
Question: Which label is associated with Vera: Red or Blue?
Answer with exactly one word:",discovery,1.6823406,-0.5519886,-2.7678661,-4.0181656,17.963032,-1.0478325,22.057915,-2.0357628,24.262241,-8.635033,72.81718,-8.840454,0.7599344
g030_direct_conflict,30,7,2,direct_conflict,structure_changing,competition,Red,Blue,Green,"You are given a small relation graph.
Fact 1: Vera is part of Wen.
Fact 2: Wen points to Red.
Direct conflicting fact: Vera points to Blue.
Question: Which label is associated with Vera: Red or Blue?
Answer with exactly one word:",discovery,1.9065285,-0.32780075,-1.5913162,-2.8416157,19.126938,0.11607361,22.493523,-1.6001549,21.16996,-11.727314,68.052246,-13.605385,-2.18849
g030_closure_update,30,7,2,closure_update,structure_changing,closure,Red,Blue,Green,"You are given a small relation graph.
Fact 1: Vera is part of Wen.
Old record: Wen points to Red.
Updated record: Wen points to Blue, not Red.
Question: Which label is associated with Vera: Red or Blue?
Answer with exactly one word:",discovery,-8.399092,-10.633421,-17.223667,-18.473967,6.251484,-12.75938,11.510195,-12.583483,12.709511,-20.187763,53.8174,-27.840229,-30.758137
g030_closure_override,30,7,2,closure_override,structure_changing,closure,Red,Blue,Green,"You are given a rule system.
General rule: items that is part of Wen receive label Red.
Override rule: in this case, items that is part of Wen receive label Blue.
Fact: Vera is part of Wen.
Question: Which label applies to Vera: Red or Blue?
Answer with exactly one word:",discovery,-27.186651,-29.42098,-38.149315,-39.399612,-26.793034,-45.803898,-18.464085,-42.557762,-27.875969,-60.773243,3.0979996,-78.55963,-113.69716
g030_exception_override,30,7,2,exception_override,structure_changing,closure,Red,Blue,Green,"You are given a rule system.
General rule: items connected to Wen use label Red.
Exception: Vera is a special case and uses label Blue.
Fact: Vera is connected to Wen.
Question: Which label applies to Vera: Red or Blue?
Answer with exactly one word:",discovery,-23.774899,-26.009228,-39.795452,-41.045753,-26.341194,-45.35206,-18.790594,-42.88427,-25.772732,-58.670006,-0.38108063,-82.03871,-114.14002
g031_clean,31,7,3,clean,clean,stable,Green,Yellow,North,"You are given a small relation graph.
Fact 1: Vera is grouped under Wen.
Fact 2: Wen has label Green.
Question: Which label is associated with Vera: Green or Yellow?
Answer with exactly one word:",discovery,14.5593605,0.0,18.192623,0.0,32.280926,0.0,47.598743,0.0,77.655235,0.0,109.42847,0.0,12.397655
g031_rename,31,7,3,rename,relation_preserving,stable,Green,Yellow,North,"Consider a tiny mapping network.
Link one: Vera is grouped under Wen.
Link two: Wen has label Green.
Choose the label reached from Vera: Green or Yellow.
One word answer:",discovery,12.397811,-2.1615496,23.877281,5.684658,36.607716,4.32679,50.3853,2.7865562,79.77535,2.1201172,112.09656,2.6680908,19.109253
g031_permuted,31,7,3,permuted,relation_preserving,stable,Green,Yellow,North,"You are given a small relation graph.
Fact 2: Wen has label Green.
Fact 1: Vera is grouped under Wen.
Question: Which label is associated with Vera: Green or Yellow?
Answer with exactly one word:",discovery,13.5749855,-0.984375,12.716509,-5.4761143,26.6675,-5.613426,41.7928,-5.8059425,70.905785,-6.7494507,102.851166,-6.577301,-1.0061016
g031_redundant,31,7,3,redundant,relation_preserving,stable,Green,Yellow,North,"You are given a small relation graph.
Fact 1: Vera is grouped under Wen.
Fact 2: Wen has label Green.
Repeated confirmation: Vera still goes through Wen.
Repeated confirmation: Wen still points to Green.
Question: Which label is associated with Vera: Green or Yellow?
Answer with exactly one word:",discovery,9.05778,-5.50158,11.050934,-7.1416893,27.7459,-4.5350266,43.324062,-4.274681,74.29143,-3.3638077,107.19652,-2.2319489,2.4522133
g031_irrelevant,31,7,3,irrelevant,relation_preserving,stable,Green,Yellow,North,"You are given a small relation graph.
Fact 1: Vera is grouped under Wen.
Fact 2: Wen has label Green.
Irrelevant fact: Xio is associated with North.
Question: Which label is associated with Vera: Green or Yellow?
Answer with exactly one word:",discovery,15.066723,0.50736237,21.510384,3.3177605,39.431915,7.1509895,52.905914,5.307171,82.63916,4.983925,113.907486,4.479019,23.43054
g031_paraphrase,31,7,3,paraphrase,relation_preserving,stable,Green,Yellow,North,"In this example, Vera reaches Wen.
The destination connected to Wen is Green.
Based on those two links, select the label for Vera: Green or Yellow.
Answer:",discovery,2.217435,-12.341926,0.12044716,-18.072176,17.164087,-15.116838,35.166275,-12.432468,58.17486,-19.480377,96.05023,-13.378235,-24.132133
g031_weak_distractor,31,7,3,weak_distractor,structure_changing,stable_shift,Green,Yellow,North,"You are given a small relation graph.
Fact 1: Vera is grouped under Wen.
Fact 2: Wen has label Green.
Weak note: some unrelated source mentions Yellow, but does not update the graph.
Question: Which label is associated with Vera: Green or Yellow?
Answer with exactly one word:",discovery,11.620373,-2.9389877,17.225418,-0.96720505,34.855247,2.5743217,49.00386,1.405117,80.60935,2.9541168,113.57657,4.148102,16.669346
g031_competition_balanced,31,7,3,competition_balanced,structure_changing,competition,Green,Yellow,North,"You are given a small relation graph.
Fact 1: Vera is grouped under Wen.
Fact 2: Wen has label Green.
Competing fact: Vera is also associated with Yellow.
Question: Which label is associated with Vera: Green or Yellow?
Answer with exactly one word:",discovery,7.5917916,-6.967569,9.89168,-8.300943,26.929228,-5.351698,42.874905,-4.723839,79.066414,1.4111786,113.4304,4.00193,6.889208
g031_direct_conflict,31,7,3,direct_conflict,structure_changing,competition,Green,Yellow,North,"You are given a small relation graph.
Fact 1: Vera is grouped under Wen.
Fact 2: Wen has label Green.
Direct conflicting fact: Vera has label Yellow.
Question: Which label is associated with Vera: Green or Yellow?
Answer with exactly one word:",discovery,9.425196,-5.134165,12.616658,-5.575965,31.490704,-0.79022217,46.306858,-1.2918854,79.79042,2.1351852,113.88014,4.4516754,11.980968
g031_closure_update,31,7,3,closure_update,structure_changing,closure,Green,Yellow,North,"You are given a small relation graph.
Fact 1: Vera is grouped under Wen.
Old record: Wen has label Green.
Updated record: Wen has label Yellow, not Green.
Question: Which label is associated with Vera: Green or Yellow?
Answer with exactly one word:",discovery,7.761441,-6.7979193,0.37722588,-17.815397,20.723837,-11.557089,35.17348,-12.425262,72.209404,-5.4458313,107.38472,-2.043747,-8.361299
g031_closure_override,31,7,3,closure_override,structure_changing,closure,Green,Yellow,North,"You are given a rule system.
General rule: items that is grouped under Wen receive label Green.
Override rule: in this case, items that is grouped under Wen receive label Yellow.
Fact: Vera is grouped under Wen.
Question: Which label applies to Vera: Green or Yellow?
Answer with exactly one word:",discovery,-20.464046,-35.023407,-27.204708,-45.39733,-22.982922,-55.263847,-6.362694,-53.961437,13.534058,-64.12118,50.975784,-58.452682,-116.60384
g031_exception_override,31,7,3,exception_override,structure_changing,closure,Green,Yellow,North,"You are given a rule system.
General rule: items connected to Wen use label Green.
Exception: Vera is a special case and uses label Yellow.
Fact: Vera is connected to Wen.
Question: Which label applies to Vera: Green or Yellow?
Answer with exactly one word:",discovery,-23.680199,-38.23956,-36.909443,-55.102066,-33.85493,-66.13586,-16.062202,-63.660946,-1.0614891,-78.71672,34.082638,-75.345825,-144.8631
g032_clean,32,8,0,clean,clean,stable,North,South,East,"You are given a small relation graph.
Fact 1: Yara belongs to Zeno.
Fact 2: Zeno is located at North.
Question: Which label is associated with Yara: North or South?
Answer with exactly one word:",discovery,9.852781,0.0,3.0318203,0.0,16.057022,0.0,21.485062,0.0,11.400604,0.0,10.806038,0.0,12.397655
g032_rename,32,8,0,rename,relation_preserving,stable,North,South,East,"Consider a tiny mapping network.
Link one: Yara belongs to Zeno.
Link two: Zeno is located at North.
Choose the label reached from Yara: North or South.
One word answer:",discovery,11.929501,2.0767193,14.373076,11.341256,30.335075,14.278053,32.0321,10.547039,27.357254,15.95665,22.503052,11.697014,40.70644
g032_permuted,32,8,0,permuted,relation_preserving,stable,North,South,East,"You are given a small relation graph.
Fact 2: Zeno is located at North.
Fact 1: Yara belongs to Zeno.
Question: Which label is associated with Yara: North or South?
Answer with exactly one word:",discovery,11.873085,2.0203037,2.5467873,-0.48503304,18.827095,2.770073,23.98034,2.4952774,19.287369,7.8867645,19.120071,8.3140335,23.084143
g032_redundant,32,8,0,redundant,relation_preserving,stable,North,South,East,"You are given a small relation graph.
Fact 1: Yara belongs to Zeno.
Fact 2: Zeno is located at North.
Repeated confirmation: Yara still goes through Zeno.
Repeated confirmation: Zeno still points to North.
Question: Which label is associated with Yara: North or South?
Answer with exactly one word:",discovery,7.442671,-2.4101105,0.97618484,-2.0556355,13.278446,-2.778576,18.386833,-3.0982285,7.963669,-3.4369354,7.393173,-3.4128647,5.3441267
g032_irrelevant,32,8,0,irrelevant,relation_preserving,stable,North,South,East,"You are given a small relation graph.
Fact 1: Yara belongs to Zeno.
Fact 2: Zeno is located at North.
Irrelevant fact: Nia is associated with East.
Question: Which label is associated with Yara: North or South?
Answer with exactly one word:",discovery,14.917168,5.0643864,9.170589,6.138769,26.715714,10.658691,32.94549,11.46043,29.735184,18.33458,28.74913,17.943092,42.931805
g032_paraphrase,32,8,0,paraphrase,relation_preserving,stable,North,South,East,"In this example, Yara reaches Zeno.
The destination connected to Zeno is North.
Based on those two links, select the label for Yara: North or South.
Answer:",discovery,9.569277,-0.2835045,1.8672867,-1.1645336,15.086449,-0.9705734,17.028812,-4.456249,11.150673,-0.24993134,11.988983,1.1829453,10.307238
g032_weak_distractor,32,8,0,weak_distractor,structure_changing,stable_shift,North,South,East,"You are given a small relation graph.
Fact 1: Yara belongs to Zeno.
Fact 2: Zeno is located at North.
Weak note: some unrelated source mentions South, but does not update the graph.
Question: Which label is associated with Yara: North or South?
Answer with exactly one word:",discovery,16.934242,7.081461,12.497194,9.465374,27.086515,11.029493,30.730337,9.2452755,25.537598,14.136993,25.450882,14.644844,39.922787
g032_competition_balanced,32,8,0,competition_balanced,structure_changing,competition,North,South,East,"You are given a small relation graph.
Fact 1: Yara belongs to Zeno.
Fact 2: Zeno is located at North.
Competing fact: Yara is also associated with South.
Question: Which label is associated with Yara: North or South?
Answer with exactly one word:",discovery,6.175599,-3.6771822,2.360876,-0.6709442,15.023785,-1.0332375,19.094894,-2.3901672,15.13842,3.7378159,15.1719055,4.3658676,14.185393
g032_direct_conflict,32,8,0,direct_conflict,structure_changing,competition,North,South,East,"You are given a small relation graph.
Fact 1: Yara belongs to Zeno.
Fact 2: Zeno is located at North.
Direct conflicting fact: Yara is located at South.
Question: Which label is associated with Yara: North or South?
Answer with exactly one word:",discovery,10.121559,0.26877785,2.7779903,-0.25382996,16.741959,0.6849365,20.4948,-0.9902611,10.632034,-0.76856995,10.076843,-0.72919464,11.498947
g032_closure_update,32,8,0,closure_update,structure_changing,closure,North,South,East,"You are given a small relation graph.
Fact 1: Yara belongs to Zeno.
Old record: Zeno is located at North.
Updated record: Zeno is located at South, not North.
Question: Which label is associated with Yara: North or South?
Answer with exactly one word:",discovery,8.742394,-1.1103868,-2.1318321,-5.1636524,10.704803,-5.3522186,15.842682,-5.6423798,17.814354,6.4137497,16.83007,6.0240326,12.4637785
g032_closure_override,32,8,0,closure_override,structure_changing,closure,North,South,East,"You are given a rule system.
General rule: items that belongs to Zeno receive label North.
Override rule: in this case, items that belongs to Zeno receive label South.
Fact: Yara belongs to Zeno.
Question: Which label applies to Yara: North or South?
Answer with exactly one word:",discovery,-9.971228,-19.824009,-15.924055,-18.955875,-14.96166,-31.018682,-10.291748,-31.77681,-14.779587,-26.180191,-16.901276,-27.707314,-50.79418
g032_exception_override,32,8,0,exception_override,structure_changing,closure,North,South,East,"You are given a rule system.
General rule: items connected to Zeno use label North.
Exception: Yara is a special case and uses label South.
Fact: Yara is connected to Zeno.
Question: Which label applies to Yara: North or South?
Answer with exactly one word:",discovery,-5.2191296,-15.071911,-14.448189,-17.48001,-7.7923183,-23.84934,-3.858139,-25.3432,-7.176773,-18.577377,-9.180389,-19.986427,-35.99629
g033_clean,33,8,1,clean,clean,stable,East,West,Copper,"You are given a small relation graph.
Fact 1: Yara is assigned to Zeno.
Fact 2: Zeno maps to East.
Question: Which label is associated with Yara: East or West?
Answer with exactly one word:",discovery,12.739821,0.0,0.8596821,0.0,5.3916473,0.0,7.3548164,0.0,7.0920258,0.0,-3.8399048,0.0,12.397655
g033_rename,33,8,1,rename,relation_preserving,stable,East,West,Copper,"Consider a tiny mapping network.
Link one: Yara is assigned to Zeno.
Link two: Zeno maps to East.
Choose the label reached from Yara: East or West.
One word answer:",discovery,12.254158,-0.4856634,12.725092,11.86541,20.791338,15.399691,22.283161,14.928345,31.055878,23.963852,20.096611,23.936516,52.85774
g033_permuted,33,8,1,permuted,relation_preserving,stable,East,West,Copper,"You are given a small relation graph.
Fact 2: Zeno maps to East.
Fact 1: Yara is assigned to Zeno.
Question: Which label is associated with Yara: East or West?
Answer with exactly one word:",discovery,18.935472,6.195651,6.564949,5.705267,14.580261,9.188614,16.071655,8.716839,19.97403,12.882004,10.437866,14.277771,36.69324
g033_redundant,33,8,1,redundant,relation_preserving,stable,East,West,Copper,"You are given a small relation graph.
Fact 1: Yara is assigned to Zeno.
Fact 2: Zeno maps to East.
Repeated confirmation: Yara still goes through Zeno.
Repeated confirmation: Zeno still points to East.
Question: Which label is associated with Yara: East or West?
Answer with exactly one word:",discovery,13.199849,0.4600277,1.4303055,0.5706234,8.329201,2.9375534,9.411373,2.0565567,9.253029,2.161003,-0.039398193,3.8005066,17.735819
g033_irrelevant,33,8,1,irrelevant,relation_preserving,stable,East,West,Copper,"You are given a small relation graph.
Fact 1: Yara is assigned to Zeno.
Fact 2: Zeno maps to East.
Irrelevant fact: Nia is associated with Copper.
Question: Which label is associated with Yara: East or West?
Answer with exactly one word:",discovery,15.950916,3.2110949,4.221491,3.3618088,10.388412,4.996765,12.1727295,4.817913,15.108688,8.016663,4.4572754,8.29718,26.484539
g033_paraphrase,33,8,1,paraphrase,relation_preserving,stable,East,West,Copper,"In this example, Yara reaches Zeno.
The destination connected to Zeno is East.
Based on those two links, select the label for Yara: East or West.
Answer:",discovery,12.446966,-0.29285526,3.7669163,2.9072342,14.584084,9.192436,12.790264,5.4354477,14.007912,6.915886,3.3152542,7.155159,26.363846
g033_weak_distractor,33,8,1,weak_distractor,structure_changing,stable_shift,East,West,Copper,"You are given a small relation graph.
Fact 1: Yara is assigned to Zeno.
Fact 2: Zeno maps to East.
Weak note: some unrelated source mentions West, but does not update the graph.
Question: Which label is associated with Yara: East or West?
Answer with exactly one word:",discovery,17.524628,4.7848063,11.576951,10.717269,19.723988,14.33234,19.975449,12.620632,26.057487,18.965462,15.596863,19.436768,47.424435
g033_competition_balanced,33,8,1,competition_balanced,structure_changing,competition,East,West,Copper,"You are given a small relation graph.
Fact 1: Yara is assigned to Zeno.
Fact 2: Zeno maps to East.
Competing fact: Yara is also associated with West.
Question: Which label is associated with Yara: East or West?
Answer with exactly one word:",discovery,11.354699,-1.3851223,4.626377,3.766695,6.56654,1.1748924,7.535076,0.1802597,12.497063,5.405037,1.7375946,5.5774994,19.53065
g033_direct_conflict,33,8,1,direct_conflict,structure_changing,competition,East,West,Copper,"You are given a small relation graph.
Fact 1: Yara is assigned to Zeno.
Fact 2: Zeno maps to East.
Direct conflicting fact: Yara maps to West.
Question: Which label is associated with Yara: East or West?
Answer with exactly one word:",discovery,11.01865,-1.7211714,3.5379887,2.6783066,6.2477493,0.856102,6.7018204,-0.65299606,7.1773148,0.085289,-4.2972565,-0.45735168,12.817168
g033_closure_update,33,8,1,closure_update,structure_changing,closure,East,West,Copper,"You are given a small relation graph.
Fact 1: Yara is assigned to Zeno.
Old record: Zeno maps to East.
Updated record: Zeno maps to West, not East.
Question: Which label is associated with Yara: East or West?
Answer with exactly one word:",discovery,10.322382,-2.4174395,-0.8317337,-1.6914158,4.7962494,-0.59539795,5.0922585,-2.262558,11.099548,4.0075226,-0.12519836,3.7147064,14.154445
g033_closure_override,33,8,1,closure_override,structure_changing,closure,East,West,Copper,"You are given a rule system.
General rule: items that is assigned to Zeno receive label East.
Override rule: in this case, items that is assigned to Zeno receive label West.
Fact: Yara is assigned to Zeno.
Question: Which label applies to Yara: East or West?
Answer with exactly one word:",discovery,-2.0090923,-14.748914,-11.928904,-12.788586,-18.699814,-24.091461,-18.211367,-25.566183,-23.652863,-30.744888,-35.859856,-32.01995,-46.97326
g033_exception_override,33,8,1,exception_override,structure_changing,closure,East,West,Copper,"You are given a rule system.
General rule: items connected to Zeno use label East.
Exception: Yara is a special case and uses label West.
Fact: Yara is connected to Zeno.
Question: Which label applies to Yara: East or West?
Answer with exactly one word:",discovery,3.321599,-9.418222,-10.124575,-10.984257,-11.126318,-16.517965,-11.313845,-18.668661,-13.108597,-20.200623,-25.431274,-21.59137,-28.6964
g034_clean,34,8,2,clean,clean,stable,Copper,Silver,Gold,"You are given a small relation graph.
Fact 1: Yara is part of Zeno.
Fact 2: Zeno points to Copper.
Question: Which label is associated with Yara: Copper or Silver?
Answer with exactly one word:",discovery,1.5175905,0.0,-1.3645325,0.0,-8.221796,0.0,-15.957485,0.0,-5.2221127,0.0,-36.968708,0.0,12.397655
g034_rename,34,8,2,rename,relation_preserving,stable,Copper,Silver,Gold,"Consider a tiny mapping network.
Link one: Yara is part of Zeno.
Link two: Zeno points to Copper.
Choose the label reached from Yara: Copper or Silver.
One word answer:",discovery,13.358268,11.840677,19.715576,21.080109,24.32558,32.54738,17.718615,33.6761,33.09745,38.319565,-5.525158,31.44355,84.06869
g034_permuted,34,8,2,permuted,relation_preserving,stable,Copper,Silver,Gold,"You are given a small relation graph.
Fact 2: Zeno points to Copper.
Fact 1: Yara is part of Zeno.
Question: Which label is associated with Yara: Copper or Silver?
Answer with exactly one word:",discovery,1.3557055,-0.16188502,1.4043083,2.7688408,-10.575844,-2.3540478,-18.595058,-2.6375732,-6.0905495,-0.8684368,-40.29912,-3.3304138,9.152319
g034_redundant,34,8,2,redundant,relation_preserving,stable,Copper,Silver,Gold,"You are given a small relation graph.
Fact 1: Yara is part of Zeno.
Fact 2: Zeno points to Copper.
Repeated confirmation: Yara still goes through Zeno.
Repeated confirmation: Zeno still points to Copper.
Question: Which label is associated with Yara: Copper or Silver?
Answer with exactly one word:",discovery,-2.7148452,-4.2324357,-7.0487194,-5.684187,-13.12954,-4.9077444,-20.191784,-4.2342987,-15.344681,-10.122568,-45.19196,-8.223251,-3.4675188
g034_irrelevant,34,8,2,irrelevant,relation_preserving,stable,Copper,Silver,Gold,"You are given a small relation graph.
Fact 1: Yara is part of Zeno.
Fact 2: Zeno points to Copper.
Irrelevant fact: Nia is associated with Gold.
Question: Which label is associated with Yara: Copper or Silver?
Answer with exactly one word:",discovery,7.3107347,5.793144,7.7278867,9.092419,2.7843332,11.006129,-5.344611,10.612874,8.966866,14.188978,-31.841259,5.127449,35.192436
g034_paraphrase,34,8,2,paraphrase,relation_preserving,stable,Copper,Silver,Gold,"In this example, Yara reaches Zeno.
The destination connected to Zeno is Copper.
Based on those two links, select the label for Yara: Copper or Silver.
Answer:",discovery,1.0911674,-0.42642307,-4.1540837,-2.7895513,-2.9513063,5.2704897,-8.448801,7.508684,-0.6298075,4.592305,-33.43569,3.5330162,20.598656
g034_weak_distractor,34,8,2,weak_distractor,structure_changing,stable_shift,Copper,Silver,Gold,"You are given a small relation graph.
Fact 1: Yara is part of Zeno.
Fact 2: Zeno points to Copper.
Weak note: some unrelated source mentions Silver, but does not update the graph.
Question: Which label is associated with Yara: Copper or Silver?
Answer with exactly one word:",discovery,8.647956,7.1303654,7.757831,9.122364,8.806096,17.027893,-0.8022051,15.15528,15.587715,20.809828,-22.296839,14.671869,47.994186
g034_competition_balanced,34,8,2,competition_balanced,structure_changing,competition,Copper,Silver,Gold,"You are given a small relation graph.
Fact 1: Yara is part of Zeno.
Fact 2: Zeno points to Copper.
Competing fact: Yara is also associated with Silver.
Question: Which label is associated with Yara: Copper or Silver?
Answer with exactly one word:",discovery,5.706544,4.1889534,6.0447035,7.409236,5.530634,13.75243,-5.1453543,10.812131,16.270678,21.49279,-23.663239,13.3054695,43.422398
g034_direct_conflict,34,8,2,direct_conflict,structure_changing,competition,Copper,Silver,Gold,"You are given a small relation graph.
Fact 1: Yara is part of Zeno.
Fact 2: Zeno points to Copper.
Direct conflicting fact: Yara points to Silver.
Question: Which label is associated with Yara: Copper or Silver?
Answer with exactly one word:",discovery,6.75169,5.2340994,9.215332,10.5798645,10.185258,18.407055,-0.58546257,15.372023,16.986603,22.208715,-21.656408,15.3123,49.757137
g034_closure_update,34,8,2,closure_update,structure_changing,closure,Copper,Silver,Gold,"You are given a small relation graph.
Fact 1: Yara is part of Zeno.
Old record: Zeno points to Copper.
Updated record: Zeno points to Silver, not Copper.
Question: Which label is associated with Yara: Copper or Silver?
Answer with exactly one word:",discovery,-3.940094,-5.4576845,-14.8174305,-13.452898,-13.362642,-5.1408463,-21.656359,-5.6988735,-6.359619,-1.1375065,-39.356262,-2.3875542,0.6341276
g034_closure_override,34,8,2,closure_override,structure_changing,closure,Copper,Silver,Gold,"You are given a rule system.
General rule: items that is part of Zeno receive label Copper.
Override rule: in this case, items that is part of Zeno receive label Silver.
Fact: Yara is part of Zeno.
Question: Which label applies to Yara: Copper or Silver?
Answer with exactly one word:",discovery,-17.527924,-19.045513,-32.437443,-31.07291,-44.627052,-36.40526,-49.853767,-33.896282,-58.81221,-53.590096,-84.260826,-47.292118,-81.79096
g034_exception_override,34,8,2,exception_override,structure_changing,closure,Copper,Silver,Gold,"You are given a rule system.
General rule: items connected to Zeno use label Copper.
Exception: Yara is a special case and uses label Silver.
Fact: Yara is connected to Zeno.
Question: Which label applies to Yara: Copper or Silver?
Answer with exactly one word:",discovery,-14.6948805,-16.212471,-30.542032,-29.1775,-39.360508,-31.138712,-45.416702,-29.459217,-49.362755,-44.14064,-77.525696,-40.556988,-68.3734
g035_clean,35,8,3,clean,clean,stable,Gold,Iron,Red,"You are given a small relation graph.
Fact 1: Yara is grouped under Zeno.
Fact 2: Zeno has label Gold.
Question: Which label is associated with Yara: Gold or Iron?
Answer with exactly one word:",discovery,26.790806,0.0,28.581093,0.0,35.39866,0.0,47.89974,0.0,54.694374,0.0,88.08774,0.0,12.397655
g035_rename,35,8,3,rename,relation_preserving,stable,Gold,Iron,Red,"Consider a tiny mapping network.
Link one: Yara is grouped under Zeno.
Link two: Zeno has label Gold.
Choose the label reached from Yara: Gold or Iron.
One word answer:",discovery,27.914253,1.1234474,44.300804,15.719711,50.284706,14.886047,58.81433,10.914593,77.932846,23.238472,112.15635,24.068611,52.422047
g035_permuted,35,8,3,permuted,relation_preserving,stable,Gold,Iron,Red,"You are given a small relation graph.
Fact 2: Zeno has label Gold.
Fact 1: Yara is grouped under Zeno.
Question: Which label is associated with Yara: Gold or Iron?
Answer with exactly one word:",discovery,29.216892,2.4260864,26.4569,-2.1241932,38.845108,3.4464493,52.127716,4.2279778,61.60125,6.9068756,93.23233,5.1445923,21.447136
g035_redundant,35,8,3,redundant,relation_preserving,stable,Gold,Iron,Red,"You are given a small relation graph.
Fact 1: Yara is grouped under Zeno.
Fact 2: Zeno has label Gold.
Repeated confirmation: Yara still goes through Zeno.
Repeated confirmation: Zeno still points to Gold.
Question: Which label is associated with Yara: Gold or Iron?
Answer with exactly one word:",discovery,23.764942,-3.0258636,20.734795,-7.846298,26.395819,-9.00284,39.615143,-8.2845955,45.31147,-9.382904,78.41542,-9.6723175,-7.516385
g035_irrelevant,35,8,3,irrelevant,relation_preserving,stable,Gold,Iron,Red,"You are given a small relation graph.
Fact 1: Yara is grouped under Zeno.
Fact 2: Zeno has label Gold.
Irrelevant fact: Nia is associated with Red.
Question: Which label is associated with Yara: Gold or Iron?
Answer with exactly one word:",discovery,27.891134,1.1003284,33.723164,5.142071,44.33692,8.938263,57.947235,10.047497,65.99841,11.304039,94.97832,6.890579,31.213566
g035_paraphrase,35,8,3,paraphrase,relation_preserving,stable,Gold,Iron,Red,"In this example, Yara reaches Zeno.
The destination connected to Zeno is Gold.
Based on those two links, select the label for Yara: Gold or Iron.
Answer:",discovery,21.264574,-5.526232,21.390858,-7.190235,34.383236,-1.0154228,49.73835,1.8386116,60.640507,5.9461327,89.56006,1.4723206,12.914614
g035_weak_distractor,35,8,3,weak_distractor,structure_changing,stable_shift,Gold,Iron,Red,"You are given a small relation graph.
Fact 1: Yara is grouped under Zeno.
Fact 2: Zeno has label Gold.
Weak note: some unrelated source mentions Iron, but does not update the graph.
Question: Which label is associated with Yara: Gold or Iron?
Answer with exactly one word:",discovery,31.167383,4.3765774,39.678528,11.097435,53.35598,17.957321,63.531044,15.631306,74.15474,19.460365,106.35693,18.269196,49.75827
g035_competition_balanced,35,8,3,competition_balanced,structure_changing,competition,Gold,Iron,Red,"You are given a small relation graph.
Fact 1: Yara is grouped under Zeno.
Fact 2: Zeno has label Gold.
Competing fact: Yara is also associated with Iron.
Question: Which label is associated with Yara: Gold or Iron?
Answer with exactly one word:",discovery,18.81843,-7.972376,19.41962,-9.161472,29.551987,-5.846672,43.130405,-4.769333,58.761673,4.067299,92.78235,4.6946106,7.886469
g035_direct_conflict,35,8,3,direct_conflict,structure_changing,competition,Gold,Iron,Red,"You are given a small relation graph.
Fact 1: Yara is grouped under Zeno.
Fact 2: Zeno has label Gold.
Direct conflicting fact: Yara has label Iron.
Question: Which label is associated with Yara: Gold or Iron?
Answer with exactly one word:",discovery,19.545115,-7.2456913,18.612648,-9.968445,33.027134,-2.3715248,46.31756,-1.58218,54.645844,-0.04853058,91.29671,3.208969,7.5454226
g035_closure_update,35,8,3,closure_update,structure_changing,closure,Gold,Iron,Red,"You are given a small relation graph.
Fact 1: Yara is grouped under Zeno.
Old record: Zeno has label Gold.
Updated record: Zeno has label Iron, not Gold.
Question: Which label is associated with Yara: Gold or Iron?
Answer with exactly one word:",discovery,18.595114,-8.195692,13.635385,-14.945708,25.618244,-9.780415,39.256554,-8.643185,62.597572,7.9031982,97.31012,9.222382,7.108884
g035_closure_override,35,8,3,closure_override,structure_changing,closure,Gold,Iron,Red,"You are given a rule system.
General rule: items that is grouped under Zeno receive label Gold.
Override rule: in this case, items that is grouped under Zeno receive label Iron.
Fact: Yara is grouped under Zeno.
Question: Which label applies to Yara: Gold or Iron?
Answer with exactly one word:",discovery,-0.025600433,-26.816406,-2.1964517,-30.777544,-2.2242117,-37.62287,11.818178,-36.08156,-0.6812706,-55.375645,39.8842,-48.203537,-86.11525
g035_exception_override,35,8,3,exception_override,structure_changing,closure,Gold,Iron,Red,"You are given a rule system.
General rule: items connected to Zeno use label Gold.
Exception: Yara is a special case and uses label Iron.
Fact: Yara is connected to Zeno.
Question: Which label applies to Yara: Gold or Iron?
Answer with exactly one word:",discovery,4.1739717,-22.616835,-0.63167477,-29.212769,4.8189545,-30.579704,19.601128,-28.29861,11.77364,-42.920734,49.464485,-38.623253,-67.48914
confirm_g000_clean,1000,0,0,clean,clean,stable,Circle,Square,Triangle,"You are given a small relation graph.
Fact 1: Alden routes through Bria.
Fact 2: Bria resolves to Circle.
Question: Which label is associated with Alden: Circle or Square?
Answer with exactly one word:",confirmation,5.2417326,0.0,24.025373,0.0,12.255199,0.0,6.3254757,0.0,20.482574,0.0,0.9376793,0.0,12.397655
confirm_g000_rename,1000,0,0,rename,relation_preserving,stable,Circle,Square,Triangle,"Consider a tiny mapping network.
Link one: Alden routes through Bria.
Link two: Bria resolves to Circle.
Choose the label reached from Alden: Circle or Square.
One word answer:",confirmation,11.644004,6.4022713,40.668377,16.643003,28.71963,16.46443,23.958317,17.632841,46.564262,26.081688,22.675688,21.738008,57.392128
confirm_g000_permuted,1000,0,0,permuted,relation_preserving,stable,Circle,Square,Triangle,"You are given a small relation graph.
Fact 2: Bria resolves to Circle.
Fact 1: Alden routes through Bria.
Question: Which label is associated with Alden: Circle or Square?
Answer with exactly one word:",confirmation,7.940588,2.6988554,29.202324,5.1769505,23.045616,10.790417,16.67984,10.354364,34.459206,13.976631,14.97521,14.037531,37.48
confirm_g000_redundant,1000,0,0,redundant,relation_preserving,stable,Circle,Square,Triangle,"You are given a small relation graph.
Fact 1: Alden routes through Bria.
Fact 2: Bria resolves to Circle.
Repeated confirmation: Alden still goes through Bria.
Repeated confirmation: Bria still points to Circle.
Question: Which label is associated with Alden: Circle or Square?
Answer with exactly one word:",confirmation,5.8077016,0.565969,23.556522,-0.4688511,13.0288315,0.77363205,7.8390865,1.5136108,19.63277,-0.8498039,1.7946072,0.8569279,13.267016
confirm_g000_irrelevant,1000,0,0,irrelevant,relation_preserving,stable,Circle,Square,Triangle,"You are given a small relation graph.
Fact 1: Alden routes through Bria.
Fact 2: Bria resolves to Circle.
Irrelevant fact: Celyn is associated with Triangle.
Question: Which label is associated with Alden: Circle or Square?
Answer with exactly one word:",confirmation,9.296085,4.0543528,30.607151,6.5817776,19.98626,7.73106,13.065643,6.7401676,31.248804,10.76623,12.776829,11.839149,32.82226
confirm_g000_paraphrase,1000,0,0,paraphrase,relation_preserving,stable,Circle,Square,Triangle,"In this example, Alden reaches Bria.
The destination connected to Bria is Circle.
Based on those two links, select the label for Alden: Circle or Square.
Answer:",confirmation,-0.4734583,-5.715191,4.062395,-19.962978,2.7707891,-9.48441,-3.0709953,-9.396471,10.932413,-9.550161,-8.932354,-9.870033,-12.941409
confirm_g000_weak_distractor,1000,0,0,weak_distractor,structure_changing,stable_shift,Circle,Square,Triangle,"You are given a small relation graph.
Fact 1: Alden routes through Bria.
Fact 2: Bria resolves to Circle.
Weak note: some unrelated source mentions Square, but does not update the graph.
Question: Which label is associated with Alden: Circle or Square?
Answer with exactly one word:",confirmation,12.6993065,7.457574,32.89424,8.868868,27.224054,14.968855,19.588097,13.262621,40.569633,20.087059,15.985973,15.048294,46.23219
confirm_g000_competition_balanced,1000,0,0,competition_balanced,structure_changing,competition,Circle,Square,Triangle,"You are given a small relation graph.
Fact 1: Alden routes through Bria.
Fact 2: Bria resolves to Circle.
Competing fact: Alden is also associated with Square.
Question: Which label is associated with Alden: Circle or Square?
Answer with exactly one word:",confirmation,12.252789,7.011056,39.30094,15.275568,29.536129,17.28093,19.450405,13.124929,42.41948,21.936905,17.88522,16.94754,51.07446
confirm_g000_direct_conflict,1000,0,0,direct_conflict,structure_changing,competition,Circle,Square,Triangle,"You are given a small relation graph.
Fact 1: Alden routes through Bria.
Fact 2: Bria resolves to Circle.
Direct conflicting fact: Alden resolves to Square.
Question: Which label is associated with Alden: Circle or Square?
Answer with exactly one word:",confirmation,11.516275,6.274543,38.69918,14.673807,28.22934,15.97414,18.549328,12.223852,36.801865,16.31929,10.322464,9.384785,43.07158
confirm_g000_closure_update,1000,0,0,closure_update,structure_changing,closure,Circle,Square,Triangle,"You are given a small relation graph.
Fact 1: Alden routes through Bria.
Old record: Bria resolves to Circle.
Updated record: Bria resolves to Square, not Circle.
Question: Which label is associated with Alden: Circle or Square?
Answer with exactly one word:",confirmation,5.8894796,0.64774704,12.2470875,-11.778286,7.5888567,-4.6663427,1.8512049,-4.474271,24.225368,3.742794,1.3218327,0.38415337,7.1200547
confirm_g000_closure_override,1000,0,0,closure_override,structure_changing,closure,Circle,Square,Triangle,"You are given a rule system.
General rule: items that routes through Bria receive label Circle.
Override rule: in this case, items that routes through Bria receive label Square.
Fact: Alden routes through Bria.
Question: Which label applies to Alden: Circle or Square?
Answer with exactly one word:",confirmation,-9.953256,-15.194988,-6.3555355,-30.380909,-14.75408,-27.00928,-19.396864,-25.72234,-20.664505,-41.14708,-40.394863,-41.332542,-64.28167
confirm_g000_exception_override,1000,0,0,exception_override,structure_changing,closure,Circle,Square,Triangle,"You are given a rule system.
General rule: items connected to Bria use label Circle.
Exception: Alden is a special case and uses label Square.
Fact: Alden is connected to Bria.
Question: Which label applies to Alden: Circle or Square?
Answer with exactly one word:",confirmation,-15.1254015,-20.367134,-22.139559,-46.164932,-29.270323,-41.52552,-33.660286,-39.985764,-37.667767,-58.15034,-56.227962,-57.16564,-98.93191
confirm_g001_clean,1001,0,1,clean,clean,stable,Triangle,Star,River,"You are given a small relation graph.
Fact 1: Alden connects via Bria.
Fact 2: Bria carries label Triangle.
Question: Which label is associated with Alden: Triangle or Star?
Answer with exactly one word:",confirmation,-9.236507,0.0,-18.278461,0.0,-25.897434,0.0,-46.74193,0.0,-62.732628,0.0,-86.57002,0.0,12.397655
confirm_g001_rename,1001,0,1,rename,relation_preserving,stable,Triangle,Star,River,"Consider a tiny mapping network.
Link one: Alden connects via Bria.
Link two: Bria carries label Triangle.
Choose the label reached from Alden: Triangle or Star.
One word answer:",confirmation,-4.392003,4.8445044,-1.040216,17.238245,-11.27577,14.621664,-36.506645,10.235283,-56.18632,6.5463066,-90.21452,-3.6445007,30.593296
confirm_g001_permuted,1001,0,1,permuted,relation_preserving,stable,Triangle,Star,River,"You are given a small relation graph.
Fact 2: Bria carries label Triangle.
Fact 1: Alden connects via Bria.
Question: Which label is associated with Alden: Triangle or Star?
Answer with exactly one word:",confirmation,-12.203329,-2.9668217,-32.638676,-14.360214,-38.96614,-13.0687065,-59.906284,-13.164356,-81.72452,-18.99189,-99.666794,-13.096771,-19.90691
confirm_g001_redundant,1001,0,1,redundant,relation_preserving,stable,Triangle,Star,River,"You are given a small relation graph.
Fact 1: Alden connects via Bria.
Fact 2: Bria carries label Triangle.
Repeated confirmation: Alden still goes through Bria.
Repeated confirmation: Bria still points to Triangle.
Question: Which label is associated with Alden: Triangle or Star?
Answer with exactly one word:",confirmation,-11.8376255,-2.601118,-22.94816,-4.6696987,-28.639635,-2.7422009,-50.012203,-3.270275,-64.43726,-1.7046356,-88.98317,-2.413147,5.785583
confirm_g001_irrelevant,1001,0,1,irrelevant,relation_preserving,stable,Triangle,Star,River,"You are given a small relation graph.
Fact 1: Alden connects via Bria.
Fact 2: Bria carries label Triangle.
Irrelevant fact: Celyn is associated with River.
Question: Which label is associated with Alden: Triangle or Star?
Answer with exactly one word:",confirmation,-6.7021065,2.534401,-15.303209,2.9752522,-20.157944,5.7394905,-42.19567,4.546257,-57.785416,4.947212,-84.74396,1.8260651,21.513752
confirm_g001_paraphrase,1001,0,1,paraphrase,relation_preserving,stable,Triangle,Star,River,"In this example, Alden reaches Bria.
The destination connected to Bria is Triangle.
Based on those two links, select the label for Alden: Triangle or Star.
Answer:",confirmation,-18.21016,-8.973652,-31.12873,-12.850269,-38.8601,-12.962666,-65.68683,-18.9449,-67.80725,-5.074623,-103.35632,-16.7863,-17.63564
confirm_g001_weak_distractor,1001,0,1,weak_distractor,structure_changing,stable_shift,Triangle,Star,River,"You are given a small relation graph.
Fact 1: Alden connects via Bria.
Fact 2: Bria carries label Triangle.
Weak note: some unrelated source mentions Star, but does not update the graph.
Question: Which label is associated with Alden: Triangle or Star?
Answer with exactly one word:",confirmation,-2.6581688,6.5783386,-3.6030564,14.6754055,-9.602723,16.294712,-30.906624,15.835304,-52.736206,9.996422,-81.479195,5.090828,39.21401
confirm_g001_competition_balanced,1001,0,1,competition_balanced,structure_changing,competition,Triangle,Star,River,"You are given a small relation graph.
Fact 1: Alden connects via Bria.
Fact 2: Bria carries label Triangle.
Competing fact: Alden is also associated with Star.
Question: Which label is associated with Alden: Triangle or Star?
Answer with exactly one word:",confirmation,-15.802858,-6.566351,-23.831264,-5.552803,-29.743439,-3.8460045,-50.35843,-3.6165009,-80.54313,-17.810501,-108.1747,-21.604675,-14.067971
confirm_g001_direct_conflict,1001,0,1,direct_conflict,structure_changing,competition,Triangle,Star,River,"You are given a small relation graph.
Fact 1: Alden connects via Bria.
Fact 2: Bria carries label Triangle.
Direct conflicting fact: Alden carries label Star.
Question: Which label is associated with Alden: Triangle or Star?
Answer with exactly one word:",confirmation,-12.335811,-3.0993032,-15.32018,2.9582815,-19.519117,6.378317,-41.880333,4.861595,-67.29422,-4.561592,-99.98709,-13.4170685,7.964668
confirm_g001_closure_update,1001,0,1,closure_update,structure_changing,closure,Triangle,Star,River,"You are given a small relation graph.
Fact 1: Alden connects via Bria.
Old record: Bria carries label Triangle.
Updated record: Bria carries label Star, not Triangle.
Question: Which label is associated with Alden: Triangle or Star?
Answer with exactly one word:",confirmation,-7.7587376,1.4777699,-28.405567,-10.127106,-34.40097,-8.503536,-56.682587,-9.940659,-71.66699,-8.934364,-94.495865,-7.9258423,-6.603509
confirm_g001_closure_override,1001,0,1,closure_override,structure_changing,closure,Triangle,Star,River,"You are given a rule system.
General rule: items that connects via Bria receive label Triangle.
Override rule: in this case, items that connects via Bria receive label Star.
Fact: Alden connects via Bria.
Question: Which label applies to Alden: Triangle or Star?
Answer with exactly one word:",confirmation,-30.54693,-21.310423,-42.985794,-24.707333,-56.892838,-30.995403,-79.497185,-32.755257,-116.9554,-54.22277,-143.22055,-56.650528,-82.6439
confirm_g001_exception_override,1001,0,1,exception_override,structure_changing,closure,Triangle,Star,River,"You are given a rule system.
General rule: items connected to Bria use label Triangle.
Exception: Alden is a special case and uses label Star.
Fact: Alden is connected to Bria.
Question: Which label applies to Alden: Triangle or Star?
Answer with exactly one word:",confirmation,-30.583466,-21.346958,-55.456173,-37.17771,-65.568306,-39.67087,-87.71437,-40.972443,-132.67973,-69.947105,-158.12122,-71.55119,-109.22161
confirm_g002_clean,1002,0,2,clean,clean,stable,River,Mountain,Forest,"You are given a small relation graph.
Fact 1: Alden passes through Bria.
Fact 2: Bria is coded as River.
Question: Which label is associated with Alden: River or Mountain?
Answer with exactly one word:",confirmation,9.580542,0.0,10.35204,0.0,15.972679,0.0,22.905888,0.0,37.697495,0.0,45.157024,0.0,12.397655
confirm_g002_rename,1002,0,2,rename,relation_preserving,stable,River,Mountain,Forest,"Consider a tiny mapping network.
Link one: Alden passes through Bria.
Link two: Bria is coded as River.
Choose the label reached from Alden: River or Mountain.
One word answer:",confirmation,8.763351,-0.8171902,15.777975,5.425935,25.880398,9.907719,32.551517,9.64563,45.854053,8.156559,51.01609,5.859066,28.980602
confirm_g002_permuted,1002,0,2,permuted,relation_preserving,stable,River,Mountain,Forest,"You are given a small relation graph.
Fact 2: Bria is coded as River.
Fact 1: Alden passes through Bria.
Question: Which label is associated with Alden: River or Mountain?
Answer with exactly one word:",confirmation,11.962086,2.381544,9.211384,-1.1406565,17.339783,1.3671036,23.816126,0.91023827,43.783806,6.0863113,49.854805,4.6977806,18.983713
confirm_g002_redundant,1002,0,2,redundant,relation_preserving,stable,River,Mountain,Forest,"You are given a small relation graph.
Fact 1: Alden passes through Bria.
Fact 2: Bria is coded as River.
Repeated confirmation: Alden still goes through Bria.
Repeated confirmation: Bria still points to River.
Question: Which label is associated with Alden: River or Mountain?
Answer with exactly one word:",confirmation,10.43257,0.85202885,5.1441736,-5.2078667,11.574638,-4.398041,19.106289,-3.7995987,27.737816,-9.959679,37.039833,-8.117191,-1.6857738
confirm_g002_irrelevant,1002,0,2,irrelevant,relation_preserving,stable,River,Mountain,Forest,"You are given a small relation graph.
Fact 1: Alden passes through Bria.
Fact 2: Bria is coded as River.
Irrelevant fact: Celyn is associated with Forest.
Question: Which label is associated with Alden: River or Mountain?
Answer with exactly one word:",confirmation,10.053501,0.47295952,12.0365095,1.6844692,25.451183,9.478504,32.731182,9.8252945,50.67867,12.981174,55.291164,10.13414,32.585335
confirm_g002_paraphrase,1002,0,2,paraphrase,relation_preserving,stable,River,Mountain,Forest,"In this example, Alden reaches Bria.
The destination connected to Bria is River.
Based on those two links, select the label for Alden: River or Mountain.
Answer:",confirmation,-5.7602224,-15.340764,-11.849245,-22.201286,0.38250732,-15.590172,9.000486,-13.905401,15.910355,-21.78714,21.710869,-23.446156,-33.260956
confirm_g002_weak_distractor,1002,0,2,weak_distractor,structure_changing,stable_shift,River,Mountain,Forest,"You are given a small relation graph.
Fact 1: Alden passes through Bria.
Fact 2: Bria is coded as River.
Weak note: some unrelated source mentions Mountain, but does not update the graph.
Question: Which label is associated with Alden: River or Mountain?
Answer with exactly one word:",confirmation,10.998668,1.4181261,17.34268,6.9906397,30.63012,14.65744,36.176273,13.270386,52.292027,14.594532,57.606926,12.449902,40.009712
confirm_g002_competition_balanced,1002,0,2,competition_balanced,structure_changing,competition,River,Mountain,Forest,"You are given a small relation graph.
Fact 1: Alden passes through Bria.
Fact 2: Bria is coded as River.
Competing fact: Alden is also associated with Mountain.
Question: Which label is associated with Alden: River or Mountain?
Answer with exactly one word:",confirmation,9.83473,0.25418854,12.765006,2.4129658,24.49095,8.5182705,31.313473,8.407585,46.70795,9.010456,50.69376,5.5367355,27.443865
confirm_g002_direct_conflict,1002,0,2,direct_conflict,structure_changing,competition,River,Mountain,Forest,"You are given a small relation graph.
Fact 1: Alden passes through Bria.
Fact 2: Bria is coded as River.
Direct conflicting fact: Alden is coded as Mountain.
Question: Which label is associated with Alden: River or Mountain?
Answer with exactly one word:",confirmation,10.385022,0.80448055,17.881327,7.5292864,28.141174,12.168495,33.308796,10.402908,45.720165,8.022671,49.943607,4.786583,30.62827
confirm_g002_closure_update,1002,0,2,closure_update,structure_changing,closure,River,Mountain,Forest,"You are given a small relation graph.
Fact 1: Alden passes through Bria.
Old record: Bria is coded as River.
Updated record: Bria is coded as Mountain, not River.
Question: Which label is associated with Alden: River or Mountain?
Answer with exactly one word:",confirmation,3.467764,-6.1127777,-17.064165,-27.416206,1.6195049,-14.353174,9.208214,-13.697674,18.784779,-18.912716,24.78952,-20.367504,-29.340046
confirm_g002_closure_override,1002,0,2,closure_override,structure_changing,closure,River,Mountain,Forest,"You are given a rule system.
General rule: items that passes through Bria receive label River.
Override rule: in this case, items that passes through Bria receive label Mountain.
Fact: Alden passes through Bria.
Question: Which label applies to Alden: River or Mountain?
Answer with exactly one word:",confirmation,-15.1173525,-24.697895,-23.633966,-33.986008,-15.880328,-31.853008,-9.157196,-32.063084,-11.193241,-48.890736,-2.377205,-47.53423,-79.13645
confirm_g002_exception_override,1002,0,2,exception_override,structure_changing,closure,River,Mountain,Forest,"You are given a rule system.
General rule: items connected to Bria use label River.
Exception: Alden is a special case and uses label Mountain.
Fact: Alden is connected to Bria.
Question: Which label applies to Alden: River or Mountain?
Answer with exactly one word:",confirmation,-23.841705,-33.42225,-38.31894,-48.67098,-28.967445,-44.940125,-22.198322,-45.10421,-27.296158,-64.99365,-22.9845,-68.141525,-115.12303
confirm_g003_clean,1003,0,3,clean,clean,stable,Forest,Ocean,Sun,"You are given a small relation graph.
Fact 1: Alden links through Bria.
Fact 2: Bria terminates at Forest.
Question: Which label is associated with Alden: Forest or Ocean?
Answer with exactly one word:",confirmation,13.587642,0.0,15.990938,0.0,30.84833,0.0,44.254356,0.0,57.941776,0.0,60.171677,0.0,12.397655
confirm_g003_rename,1003,0,3,rename,relation_preserving,stable,Forest,Ocean,Sun,"Consider a tiny mapping network.
Link one: Alden links through Bria.
Link two: Bria terminates at Forest.
Choose the label reached from Alden: Forest or Ocean.
One word answer:",confirmation,21.95286,8.365218,28.756874,12.765936,44.80865,13.960321,55.555183,11.300827,75.32234,17.380566,73.23892,13.0672455,44.148746
confirm_g003_permuted,1003,0,3,permuted,relation_preserving,stable,Forest,Ocean,Sun,"You are given a small relation graph.
Fact 2: Bria terminates at Forest.
Fact 1: Alden links through Bria.
Question: Which label is associated with Alden: Forest or Ocean?
Answer with exactly one word:",confirmation,16.372513,2.784871,16.373175,0.38223648,30.144815,-0.7035141,44.04616,-0.20819473,60.358467,2.4166908,62.71637,2.544693,15.31189
confirm_g003_redundant,1003,0,3,redundant,relation_preserving,stable,Forest,Ocean,Sun,"You are given a small relation graph.
Fact 1: Alden links through Bria.
Fact 2: Bria terminates at Forest.
Repeated confirmation: Alden still goes through Bria.
Repeated confirmation: Bria still points to Forest.
Question: Which label is associated with Alden: Forest or Ocean?
Answer with exactly one word:",confirmation,10.271536,-3.3161058,9.307121,-6.683817,28.427427,-2.4209023,42.899086,-1.3552704,53.923435,-4.018341,55.675896,-4.495781,3.5752764
confirm_g003_irrelevant,1003,0,3,irrelevant,relation_preserving,stable,Forest,Ocean,Sun,"You are given a small relation graph.
Fact 1: Alden links through Bria.
Fact 2: Bria terminates at Forest.
Irrelevant fact: Celyn is associated with Sun.
Question: Which label is associated with Alden: Forest or Ocean?
Answer with exactly one word:",confirmation,15.885684,2.2980423,13.616844,-2.374094,34.26751,3.41918,47.50968,3.2553253,64.411354,6.469578,63.55753,3.3858528,19.823618
confirm_g003_paraphrase,1003,0,3,paraphrase,relation_preserving,stable,Forest,Ocean,Sun,"In this example, Alden reaches Bria.
The destination connected to Bria is Forest.
Based on those two links, select the label for Alden: Forest or Ocean.
Answer:",confirmation,13.303627,-0.2840147,13.233778,-2.7571602,32.07856,1.2302303,46.85879,2.604435,66.40485,8.46307,65.30287,5.131195,19.909496
confirm_g003_weak_distractor,1003,0,3,weak_distractor,structure_changing,stable_shift,Forest,Ocean,Sun,"You are given a small relation graph.
Fact 1: Alden links through Bria.
Fact 2: Bria terminates at Forest.
Weak note: some unrelated source mentions Ocean, but does not update the graph.
Question: Which label is associated with Alden: Forest or Ocean?
Answer with exactly one word:",confirmation,16.35942,2.771779,14.373237,-1.6177015,35.039413,4.191084,46.7781,2.5237427,66.30289,8.361111,67.51752,7.3458405,23.209747
confirm_g003_competition_balanced,1003,0,3,competition_balanced,structure_changing,competition,Forest,Ocean,Sun,"You are given a small relation graph.
Fact 1: Alden links through Bria.
Fact 2: Bria terminates at Forest.
Competing fact: Alden is also associated with Ocean.
Question: Which label is associated with Alden: Forest or Ocean?
Answer with exactly one word:",confirmation,8.070547,-5.5170946,10.487111,-5.503827,23.698837,-7.1494923,35.839226,-8.415131,50.192356,-7.74942,53.347256,-6.824421,-4.2801065
confirm_g003_direct_conflict,1003,0,3,direct_conflict,structure_changing,competition,Forest,Ocean,Sun,"You are given a small relation graph.
Fact 1: Alden links through Bria.
Fact 2: Bria terminates at Forest.
Direct conflicting fact: Alden terminates at Ocean.
Question: Which label is associated with Alden: Forest or Ocean?
Answer with exactly one word:",confirmation,11.336841,-2.250801,10.665958,-5.32498,26.577908,-4.270422,39.1538,-5.1005554,45.654293,-12.287483,48.8097,-11.361977,-5.7120237
confirm_g003_closure_update,1003,0,3,closure_update,structure_changing,closure,Forest,Ocean,Sun,"You are given a small relation graph.
Fact 1: Alden links through Bria.
Old record: Bria terminates at Forest.
Updated record: Bria terminates at Ocean, not Forest.
Question: Which label is associated with Alden: Forest or Ocean?
Answer with exactly one word:",confirmation,11.515532,-2.0721102,-2.6146164,-18.605555,19.843674,-11.004656,33.56222,-10.692135,57.909225,-0.03255081,58.436127,-1.7355499,-3.75348
confirm_g003_closure_override,1003,0,3,closure_override,structure_changing,closure,Forest,Ocean,Sun,"You are given a rule system.
General rule: items that links through Bria receive label Forest.
Override rule: in this case, items that links through Bria receive label Ocean.
Fact: Alden links through Bria.
Question: Which label applies to Alden: Forest or Ocean?
Answer with exactly one word:",confirmation,-1.340455,-14.928097,-12.190061,-28.181,-5.4301434,-36.278473,10.063538,-34.19082,6.597889,-51.343887,15.309341,-44.862335,-77.594315
confirm_g003_exception_override,1003,0,3,exception_override,structure_changing,closure,Forest,Ocean,Sun,"You are given a rule system.
General rule: items connected to Bria use label Forest.
Exception: Alden is a special case and uses label Ocean.
Fact: Alden is connected to Bria.
Question: Which label applies to Alden: Forest or Ocean?
Answer with exactly one word:",confirmation,-1.9890795,-15.576721,-17.368828,-33.359764,-10.915887,-41.764217,6.0262833,-38.228073,1.2978973,-56.64388,4.832947,-55.33873,-91.33977
confirm_g004_clean,1004,1,0,clean,clean,stable,Sun,Moon,Cloud,"You are given a small relation graph.
Fact 1: Devon routes through Elara.
Fact 2: Elara resolves to Sun.
Question: Which label is associated with Devon: Sun or Moon?
Answer with exactly one word:",confirmation,15.930886,0.0,14.169855,0.0,21.85421,0.0,19.011646,0.0,38.492508,0.0,55.183605,0.0,12.397655
confirm_g004_rename,1004,1,0,rename,relation_preserving,stable,Sun,Moon,Cloud,"Consider a tiny mapping network.
Link one: Devon routes through Elara.
Link two: Elara resolves to Sun.
Choose the label reached from Devon: Sun or Moon.
One word answer:",confirmation,17.093616,1.1627302,20.706347,6.5364914,24.733551,2.8793411,22.43456,3.4229145,42.960007,4.467499,60.846535,5.6629295,22.515892
confirm_g004_permuted,1004,1,0,permuted,relation_preserving,stable,Sun,Moon,Cloud,"You are given a small relation graph.
Fact 2: Elara resolves to Sun.
Fact 1: Devon routes through Elara.
Question: Which label is associated with Devon: Sun or Moon?
Answer with exactly one word:",confirmation,11.410257,-4.520629,5.3326664,-8.837189,18.171635,-3.6825752,15.959493,-3.0521536,34.981674,-3.5108337,53.600685,-1.5829201,3.179452
confirm_g004_redundant,1004,1,0,redundant,relation_preserving,stable,Sun,Moon,Cloud,"You are given a small relation graph.
Fact 1: Devon routes through Elara.
Fact 2: Elara resolves to Sun.
Repeated confirmation: Devon still goes through Elara.
Repeated confirmation: Elara still points to Sun.
Question: Which label is associated with Devon: Sun or Moon?
Answer with exactly one word:",confirmation,9.899738,-6.031148,7.6701603,-6.499695,20.711792,-1.1424179,18.67709,-0.33455658,32.497982,-5.994526,49.405857,-5.777748,2.2856703
confirm_g004_irrelevant,1004,1,0,irrelevant,relation_preserving,stable,Sun,Moon,Cloud,"You are given a small relation graph.
Fact 1: Devon routes through Elara.
Fact 2: Elara resolves to Sun.
Irrelevant fact: Fintan is associated with Cloud.
Question: Which label is associated with Devon: Sun or Moon?
Answer with exactly one word:",confirmation,19.324623,3.3937368,15.563688,1.3938332,27.731407,5.8771973,25.35962,6.347973,45.934063,7.441555,62.905563,7.721958,26.23042
confirm_g004_paraphrase,1004,1,0,paraphrase,relation_preserving,stable,Sun,Moon,Cloud,"In this example, Devon reaches Elara.
The destination connected to Elara is Sun.
Based on those two links, select the label for Devon: Sun or Moon.
Answer:",confirmation,17.181774,1.2508879,5.4662304,-8.703625,14.758351,-7.0958586,17.14421,-1.8674355,28.679398,-9.81311,49.565285,-5.6183205,-1.7558594
confirm_g004_weak_distractor,1004,1,0,weak_distractor,structure_changing,stable_shift,Sun,Moon,Cloud,"You are given a small relation graph.
Fact 1: Devon routes through Elara.
Fact 2: Elara resolves to Sun.
Weak note: some unrelated source mentions Moon, but does not update the graph.
Question: Which label is associated with Devon: Sun or Moon?
Answer with exactly one word:",confirmation,23.812107,7.881221,20.838606,6.668751,35.479614,13.625404,32.593773,13.582127,54.01033,15.517822,69.38127,14.197666,42.383953
confirm_g004_competition_balanced,1004,1,0,competition_balanced,structure_changing,competition,Sun,Moon,Cloud,"You are given a small relation graph.
Fact 1: Devon routes through Elara.
Fact 2: Elara resolves to Sun.
Competing fact: Devon is also associated with Moon.
Question: Which label is associated with Devon: Sun or Moon?
Answer with exactly one word:",confirmation,16.614576,0.6836901,20.32215,6.152294,26.393253,4.5390434,24.520685,5.509039,42.364067,3.8715591,58.257965,3.07436,22.13434
confirm_g004_direct_conflict,1004,1,0,direct_conflict,structure_changing,competition,Sun,Moon,Cloud,"You are given a small relation graph.
Fact 1: Devon routes through Elara.
Fact 2: Elara resolves to Sun.
Direct conflicting fact: Devon resolves to Moon.
Question: Which label is associated with Devon: Sun or Moon?
Answer with exactly one word:",confirmation,13.522799,-2.4080877,14.239657,0.069802284,21.951471,0.09726143,19.93626,0.92461395,30.50282,-7.989689,46.5236,-8.660004,3.7481213
confirm_g004_closure_update,1004,1,0,closure_update,structure_changing,closure,Sun,Moon,Cloud,"You are given a small relation graph.
Fact 1: Devon routes through Elara.
Old record: Elara resolves to Sun.
Updated record: Elara resolves to Moon, not Sun.
Question: Which label is associated with Devon: Sun or Moon?
Answer with exactly one word:",confirmation,10.472212,-5.4586744,1.2215424,-12.948313,19.92723,-1.9269791,19.688065,0.6764183,38.437214,-0.055294037,55.35205,0.16844559,6.4404435
confirm_g004_closure_override,1004,1,0,closure_override,structure_changing,closure,Sun,Moon,Cloud,"You are given a rule system.
General rule: items that routes through Elara receive label Sun.
Override rule: in this case, items that routes through Elara receive label Moon.
Fact: Devon routes through Elara.
Question: Which label applies to Devon: Sun or Moon?
Answer with exactly one word:",confirmation,-8.485771,-24.416656,-16.658144,-30.828,-6.614811,-28.46902,-4.9372387,-23.948885,-14.643387,-53.135895,5.449642,-49.733963,-76.82115
confirm_g004_exception_override,1004,1,0,exception_override,structure_changing,closure,Sun,Moon,Cloud,"You are given a rule system.
General rule: items connected to Elara use label Sun.
Exception: Devon is a special case and uses label Moon.
Fact: Devon is connected to Elara.
Question: Which label applies to Devon: Sun or Moon?
Answer with exactly one word:",confirmation,-6.675996,-22.606882,-21.669113,-35.838966,-10.396145,-32.250355,-9.348059,-28.359705,-19.498035,-57.990543,-0.9077492,-56.091354,-87.08766
confirm_g005_clean,1005,1,1,clean,clean,stable,Cloud,Stone,Circle,"You are given a small relation graph.
Fact 1: Devon connects via Elara.
Fact 2: Elara carries label Cloud.
Question: Which label is associated with Devon: Cloud or Stone?
Answer with exactly one word:",confirmation,34.76828,0.0,40.21536,0.0,35.077503,0.0,27.864693,0.0,35.130783,0.0,24.914268,0.0,12.397655
confirm_g005_rename,1005,1,1,rename,relation_preserving,stable,Cloud,Stone,Circle,"Consider a tiny mapping network.
Link one: Devon connects via Elara.
Link two: Elara carries label Cloud.
Choose the label reached from Devon: Cloud or Stone.
One word answer:",confirmation,38.00719,3.2389107,50.705315,10.489956,58.40455,23.327045,49.513336,21.648643,59.6828,24.552017,44.196884,19.282616,56.95968
confirm_g005_permuted,1005,1,1,permuted,relation_preserving,stable,Cloud,Stone,Circle,"You are given a small relation graph.
Fact 2: Elara carries label Cloud.
Fact 1: Devon connects via Elara.
Question: Which label is associated with Devon: Cloud or Stone?
Answer with exactly one word:",confirmation,32.07743,-2.6908493,29.088598,-11.1267605,32.296104,-2.7813988,25.519377,-2.345316,26.420761,-8.710022,16.584436,-8.329832,-2.670538
confirm_g005_redundant,1005,1,1,redundant,relation_preserving,stable,Cloud,Stone,Circle,"You are given a small relation graph.
Fact 1: Devon connects via Elara.
Fact 2: Elara carries label Cloud.
Repeated confirmation: Devon still goes through Elara.
Repeated confirmation: Elara still points to Cloud.
Question: Which label is associated with Devon: Cloud or Stone?
Answer with exactly one word:",confirmation,28.116085,-6.652195,32.27849,-7.9368706,30.373774,-4.7037296,23.545683,-4.31901,32.61633,-2.514454,21.070385,-3.8438835,1.4631557
confirm_g005_irrelevant,1005,1,1,irrelevant,relation_preserving,stable,Cloud,Stone,Circle,"You are given a small relation graph.
Fact 1: Devon connects via Elara.
Fact 2: Elara carries label Cloud.
Irrelevant fact: Fintan is associated with Circle.
Question: Which label is associated with Devon: Cloud or Stone?
Answer with exactly one word:",confirmation,38.24305,3.4747696,49.611523,9.396164,47.92743,12.849926,39.287487,11.422794,47.806133,12.67535,35.895576,10.981308,38.068165
confirm_g005_paraphrase,1005,1,1,paraphrase,relation_preserving,stable,Cloud,Stone,Circle,"In this example, Devon reaches Elara.
The destination connected to Elara is Cloud.
Based on those two links, select the label for Devon: Cloud or Stone.
Answer:",confirmation,20.211926,-14.5563545,29.105171,-11.110188,29.266872,-5.810631,18.384287,-9.480406,7.8352127,-27.29557,-2.8597603,-27.774029,-28.764576
confirm_g005_weak_distractor,1005,1,1,weak_distractor,structure_changing,stable_shift,Cloud,Stone,Circle,"You are given a small relation graph.
Fact 1: Devon connects via Elara.
Fact 2: Elara carries label Cloud.
Weak note: some unrelated source mentions Stone, but does not update the graph.
Question: Which label is associated with Devon: Cloud or Stone?
Answer with exactly one word:",confirmation,38.975494,4.2072144,53.515633,13.300274,55.22294,20.145435,46.31742,18.452728,55.218803,20.08802,41.115005,16.200737,51.698967
confirm_g005_competition_balanced,1005,1,1,competition_balanced,structure_changing,competition,Cloud,Stone,Circle,"You are given a small relation graph.
Fact 1: Devon connects via Elara.
Fact 2: Elara carries label Cloud.
Competing fact: Devon is also associated with Stone.
Question: Which label is associated with Devon: Cloud or Stone?
Answer with exactly one word:",confirmation,30.397057,-4.3712234,32.005608,-8.209751,36.129303,1.0517998,29.17,1.3053074,30.467016,-4.663767,18.7915,-6.1227684,4.115404
confirm_g005_direct_conflict,1005,1,1,direct_conflict,structure_changing,competition,Cloud,Stone,Circle,"You are given a small relation graph.
Fact 1: Devon connects via Elara.
Fact 2: Elara carries label Cloud.
Direct conflicting fact: Devon carries label Stone.
Question: Which label is associated with Devon: Cloud or Stone?
Answer with exactly one word:",confirmation,34.638355,-0.12992477,41.32056,1.1052017,48.911392,13.833889,39.640602,11.775909,35.629795,0.499012,24.28251,-0.63175774,22.854027
confirm_g005_closure_update,1005,1,1,closure_update,structure_changing,closure,Cloud,Stone,Circle,"You are given a small relation graph.
Fact 1: Devon connects via Elara.
Old record: Elara carries label Cloud.
Updated record: Elara carries label Stone, not Cloud.
Question: Which label is associated with Devon: Cloud or Stone?
Answer with exactly one word:",confirmation,25.589996,-9.178284,11.255848,-28.95951,23.8344,-11.243103,18.1727,-9.691992,26.78881,-8.341972,17.072971,-7.841297,-15.855445
confirm_g005_closure_override,1005,1,1,closure_override,structure_changing,closure,Cloud,Stone,Circle,"You are given a rule system.
General rule: items that connects via Elara receive label Cloud.
Override rule: in this case, items that connects via Elara receive label Stone.
Fact: Devon connects via Elara.
Question: Which label applies to Devon: Cloud or Stone?
Answer with exactly one word:",confirmation,2.860104,-31.908176,-6.577614,-46.792973,-0.37095833,-35.448463,-4.5513306,-32.416023,-34.269836,-69.40062,-37.00732,-61.92159,-104.482895
confirm_g005_exception_override,1005,1,1,exception_override,structure_changing,closure,Cloud,Stone,Circle,"You are given a rule system.
General rule: items connected to Elara use label Cloud.
Exception: Devon is a special case and uses label Stone.
Fact: Devon is connected to Elara.
Question: Which label applies to Devon: Cloud or Stone?
Answer with exactly one word:",confirmation,0.8427291,-33.925552,-16.463303,-56.67866,-11.672745,-46.750248,-14.278135,-42.14283,-49.355537,-84.48632,-51.97501,-76.88928,-131.99275
confirm_g006_clean,1006,1,2,clean,clean,stable,Circle,Square,Triangle,"You are given a small relation graph.
Fact 1: Devon passes through Elara.
Fact 2: Elara is coded as Circle.
Question: Which label is associated with Devon: Circle or Square?
Answer with exactly one word:",confirmation,4.3432784,0.0,20.926338,0.0,13.351164,0.0,7.9743576,0.0,23.763893,0.0,4.6714745,0.0,12.397655
confirm_g006_rename,1006,1,2,rename,relation_preserving,stable,Circle,Square,Triangle,"Consider a tiny mapping network.
Link one: Devon passes through Elara.
Link two: Elara is coded as Circle.
Choose the label reached from Devon: Circle or Square.
One word answer:",confirmation,7.7101097,3.3668313,31.478554,10.552216,25.673891,12.322727,22.783836,14.809479,41.87164,18.107746,23.476883,18.805408,46.32439
confirm_g006_permuted,1006,1,2,permuted,relation_preserving,stable,Circle,Square,Triangle,"You are given a small relation graph.
Fact 2: Elara is coded as Circle.
Fact 1: Devon passes through Elara.
Question: Which label is associated with Devon: Circle or Square?
Answer with exactly one word:",confirmation,5.656694,1.3134155,16.587536,-4.3388023,12.310382,-1.040782,8.32859,0.3542328,26.010853,2.2469597,8.23579,3.5643158,13.937393
confirm_g006_redundant,1006,1,2,redundant,relation_preserving,stable,Circle,Square,Triangle,"You are given a small relation graph.
Fact 1: Devon passes through Elara.
Fact 2: Elara is coded as Circle.
Repeated confirmation: Devon still goes through Elara.
Repeated confirmation: Elara still points to Circle.
Question: Which label is associated with Devon: Circle or Square?
Answer with exactly one word:",confirmation,4.9527946,0.60951614,17.788963,-3.1373749,9.454145,-3.8970184,5.0589466,-2.915411,17.183788,-6.580105,-3.0707207,-7.742195,1.4260416
confirm_g006_irrelevant,1006,1,2,irrelevant,relation_preserving,stable,Circle,Square,Triangle,"You are given a small relation graph.
Fact 1: Devon passes through Elara.
Fact 2: Elara is coded as Circle.
Irrelevant fact: Fintan is associated with Triangle.
Question: Which label is associated with Devon: Circle or Square?
Answer with exactly one word:",confirmation,7.7736335,3.430355,27.814312,6.887974,20.105312,6.7541485,14.3933935,6.419036,32.563057,8.799164,13.3935795,8.722105,29.658268
confirm_g006_paraphrase,1006,1,2,paraphrase,relation_preserving,stable,Circle,Square,Triangle,"In this example, Devon reaches Elara.
The destination connected to Elara is Circle.
Based on those two links, select the label for Devon: Circle or Square.
Answer:",confirmation,-4.2247133,-8.567991,1.478095,-19.448242,0.55501366,-12.79615,-4.6091433,-12.583501,6.486162,-17.27773,-10.816259,-15.487734,-22.825695
confirm_g006_weak_distractor,1006,1,2,weak_distractor,structure_changing,stable_shift,Circle,Square,Triangle,"You are given a small relation graph.
Fact 1: Devon passes through Elara.
Fact 2: Elara is coded as Circle.
Weak note: some unrelated source mentions Square, but does not update the graph.
Question: Which label is associated with Devon: Circle or Square?
Answer with exactly one word:",confirmation,13.306698,8.963419,37.73288,16.806541,29.799274,16.44811,21.697159,13.722801,39.73152,15.9676285,15.190449,10.518974,45.539146
confirm_g006_competition_balanced,1006,1,2,competition_balanced,structure_changing,competition,Circle,Square,Triangle,"You are given a small relation graph.
Fact 1: Devon passes through Elara.
Fact 2: Elara is coded as Circle.
Competing fact: Devon is also associated with Square.
Question: Which label is associated with Devon: Circle or Square?
Answer with exactly one word:",confirmation,9.0152645,4.671986,35.24672,14.320381,27.322292,13.971128,19.631226,11.656868,39.228962,15.465069,14.723579,10.052105,41.47195
confirm_g006_direct_conflict,1006,1,2,direct_conflict,structure_changing,competition,Circle,Square,Triangle,"You are given a small relation graph.
Fact 1: Devon passes through Elara.
Fact 2: Elara is coded as Circle.
Direct conflicting fact: Devon is coded as Square.
Question: Which label is associated with Devon: Circle or Square?
Answer with exactly one word:",confirmation,7.0111465,2.6678681,34.475986,13.549648,24.371948,11.020784,16.721565,8.747208,31.47641,7.712517,3.642517,-1.0289574,28.791016
confirm_g006_closure_update,1006,1,2,closure_update,structure_changing,closure,Circle,Square,Triangle,"You are given a small relation graph.
Fact 1: Devon passes through Elara.
Old record: Elara is coded as Circle.
Updated record: Elara is coded as Square, not Circle.
Question: Which label is associated with Devon: Circle or Square?
Answer with exactly one word:",confirmation,1.5149751,-2.8283033,4.184578,-16.74176,3.0203037,-10.33086,-2.1768627,-10.15122,16.637589,-7.1263046,-6.9134407,-11.584915,-11.508046
confirm_g006_closure_override,1006,1,2,closure_override,structure_changing,closure,Circle,Square,Triangle,"You are given a rule system.
General rule: items that passes through Elara receive label Circle.
Override rule: in this case, items that passes through Elara receive label Square.
Fact: Devon passes through Elara.
Question: Which label applies to Devon: Circle or Square?
Answer with exactly one word:",confirmation,-14.052481,-18.39576,-15.377083,-36.30342,-21.655552,-35.006714,-26.281015,-34.25537,-31.556452,-55.320343,-51.371593,-56.043068,-88.325874
confirm_g006_exception_override,1006,1,2,exception_override,structure_changing,closure,Circle,Square,Triangle,"You are given a rule system.
General rule: items connected to Elara use label Circle.
Exception: Devon is a special case and uses label Square.
Fact: Devon is connected to Elara.
Question: Which label applies to Devon: Circle or Square?
Answer with exactly one word:",confirmation,-15.313917,-19.657196,-23.532671,-44.459007,-29.940113,-43.291275,-34.174038,-42.148396,-40.859535,-64.62343,-60.686497,-65.35797,-107.289734
confirm_g007_clean,1007,1,3,clean,clean,stable,Triangle,Star,River,"You are given a small relation graph.
Fact 1: Devon links through Elara.
Fact 2: Elara terminates at Triangle.
Question: Which label is associated with Devon: Triangle or Star?
Answer with exactly one word:",confirmation,-15.249495,0.0,-18.896595,0.0,-24.037693,0.0,-49.086338,0.0,-73.594734,0.0,-96.49594,0.0,12.397655
confirm_g007_rename,1007,1,3,rename,relation_preserving,stable,Triangle,Star,River,"Consider a tiny mapping network.
Link one: Devon links through Elara.
Link two: Elara terminates at Triangle.
Choose the label reached from Devon: Triangle or Star.
One word answer:",confirmation,-5.220544,10.028951,5.7850533,24.681648,-5.5126085,18.525085,-30.543816,18.542522,-46.65638,26.938354,-80.57866,15.917282,59.50582
confirm_g007_permuted,1007,1,3,permuted,relation_preserving,stable,Triangle,Star,River,"You are given a small relation graph.
Fact 2: Elara terminates at Triangle.
Fact 1: Devon links through Elara.
Question: Which label is associated with Devon: Triangle or Star?
Answer with exactly one word:",confirmation,-11.627193,3.622301,-24.787764,-5.8911686,-25.638578,-1.6008854,-51.09194,-2.0056038,-70.52083,3.073906,-89.95082,6.5451202,14.736357
confirm_g007_redundant,1007,1,3,redundant,relation_preserving,stable,Triangle,Star,River,"You are given a small relation graph.
Fact 1: Devon links through Elara.
Fact 2: Elara terminates at Triangle.
Repeated confirmation: Devon still goes through Elara.
Repeated confirmation: Elara still points to Triangle.
Question: Which label is associated with Devon: Triangle or Star?
Answer with exactly one word:",confirmation,-19.458923,-4.209429,-24.098387,-5.201792,-29.42868,-5.3909874,-53.380257,-4.2939186,-78.00736,-4.412628,-99.17142,-2.675476,2.2561102
confirm_g007_irrelevant,1007,1,3,irrelevant,relation_preserving,stable,Triangle,Star,River,"You are given a small relation graph.
Fact 1: Devon links through Elara.
Fact 2: Elara terminates at Triangle.
Irrelevant fact: Fintan is associated with River.
Question: Which label is associated with Devon: Triangle or Star?
Answer with exactly one word:",confirmation,-8.467167,6.7823277,-9.9464445,8.9501505,-11.94133,12.096363,-38.10372,10.982616,-60.66287,12.931866,-87.44615,9.049789,37.30847
confirm_g007_paraphrase,1007,1,3,paraphrase,relation_preserving,stable,Triangle,Star,River,"In this example, Devon reaches Elara.
The destination connected to Elara is Triangle.
Based on those two links, select the label for Devon: Triangle or Star.
Answer:",confirmation,-18.500069,-3.250574,-29.830738,-10.934143,-36.94825,-12.910557,-64.59799,-15.511654,-74.91094,-1.3162079,-109.84515,-13.349213,-10.707328
confirm_g007_weak_distractor,1007,1,3,weak_distractor,structure_changing,stable_shift,Triangle,Star,River,"You are given a small relation graph.
Fact 1: Devon links through Elara.
Fact 2: Elara terminates at Triangle.
Weak note: some unrelated source mentions Star, but does not update the graph.
Question: Which label is associated with Devon: Triangle or Star?
Answer with exactly one word:",confirmation,-6.8548574,8.394637,-10.9854965,7.9110985,-11.814071,12.223622,-35.58375,13.502586,-61.069,12.525734,-88.873764,7.622177,37.402046
confirm_g007_competition_balanced,1007,1,3,competition_balanced,structure_changing,competition,Triangle,Star,River,"You are given a small relation graph.
Fact 1: Devon links through Elara.
Fact 2: Elara terminates at Triangle.
Competing fact: Devon is also associated with Star.
Question: Which label is associated with Devon: Triangle or Star?
Answer with exactly one word:",confirmation,-16.328117,-1.0786228,-15.224687,3.6719084,-20.262592,3.7751007,-43.805664,5.280674,-76.67697,-3.0822372,-104.43284,-7.9368973,11.311897
confirm_g007_direct_conflict,1007,1,3,direct_conflict,structure_changing,competition,Triangle,Star,River,"You are given a small relation graph.
Fact 1: Devon links through Elara.
Fact 2: Elara terminates at Triangle.
Direct conflicting fact: Devon terminates at Star.
Question: Which label is associated with Devon: Triangle or Star?
Answer with exactly one word:",confirmation,-18.177076,-2.9275818,-22.190289,-3.2936935,-26.41348,-2.3757877,-48.9336,0.15273666,-93.0168,-19.422066,-119.44214,-22.946198,-11.983117
confirm_g007_closure_update,1007,1,3,closure_update,structure_changing,closure,Triangle,Star,River,"You are given a small relation graph.
Fact 1: Devon links through Elara.
Old record: Elara terminates at Triangle.
Updated record: Elara terminates at Star, not Triangle.
Question: Which label is associated with Devon: Triangle or Star?
Answer with exactly one word:",confirmation,-12.138461,3.1110334,-34.738113,-15.841518,-38.474346,-14.436653,-61.81344,-12.7271,-84.076706,-10.481972,-108.20859,-11.7126465,-14.371907
confirm_g007_closure_override,1007,1,3,closure_override,structure_changing,closure,Triangle,Star,River,"You are given a rule system.
General rule: items that links through Elara receive label Triangle.
Override rule: in this case, items that links through Elara receive label Star.
Fact: Devon links through Elara.
Question: Which label applies to Devon: Triangle or Star?
Answer with exactly one word:",confirmation,-33.080654,-17.83116,-50.187492,-31.290897,-60.892643,-36.85495,-84.24036,-35.15402,-124.933945,-51.33921,-151.16687,-54.67093,-84.88625
confirm_g007_exception_override,1007,1,3,exception_override,structure_changing,closure,Triangle,Star,River,"You are given a rule system.
General rule: items connected to Elara use label Triangle.
Exception: Devon is a special case and uses label Star.
Fact: Devon is connected to Elara.
Question: Which label applies to Devon: Triangle or Star?
Answer with exactly one word:",confirmation,-31.32834,-16.078846,-58.48324,-39.586643,-68.06655,-44.02886,-91.13312,-42.04678,-138.36916,-64.77442,-163.70859,-67.21265,-106.17808
confirm_g008_clean,1008,2,0,clean,clean,stable,River,Mountain,Forest,"You are given a small relation graph.
Fact 1: Greer routes through Halen.
Fact 2: Halen resolves to River.
Question: Which label is associated with Greer: River or Mountain?
Answer with exactly one word:",confirmation,6.9419746,0.0,8.352492,0.0,9.137667,0.0,16.869246,0.0,26.086971,0.0,38.3821,0.0,12.397655
confirm_g008_rename,1008,2,0,rename,relation_preserving,stable,River,Mountain,Forest,"Consider a tiny mapping network.
Link one: Greer routes through Halen.
Link two: Halen resolves to River.
Choose the label reached from Greer: River or Mountain.
One word answer:",confirmation,8.14127,1.199295,15.998747,7.6462545,18.518154,9.380487,26.121853,9.252607,39.17222,13.085247,49.806004,11.423904,35.17648
confirm_g008_permuted,1008,2,0,permuted,relation_preserving,stable,River,Mountain,Forest,"You are given a small relation graph.
Fact 2: Halen resolves to River.
Fact 1: Greer routes through Halen.
Question: Which label is associated with Greer: River or Mountain?
Answer with exactly one word:",confirmation,8.89451,1.9525356,4.3520126,-4.0004797,6.0982685,-3.0393982,13.325836,-3.5434093,28.264816,2.177845,38.402702,0.02060318,10.019007
confirm_g008_redundant,1008,2,0,redundant,relation_preserving,stable,River,Mountain,Forest,"You are given a small relation graph.
Fact 1: Greer routes through Halen.
Fact 2: Halen resolves to River.
Repeated confirmation: Greer still goes through Halen.
Repeated confirmation: Halen still points to River.
Question: Which label is associated with Greer: River or Mountain?
Answer with exactly one word:",confirmation,7.140193,0.19821835,5.073496,-3.2789965,6.4182234,-2.7194433,14.1304455,-2.7388,18.878036,-7.208935,31.558556,-6.8235435,1.9833193
confirm_g008_irrelevant,1008,2,0,irrelevant,relation_preserving,stable,River,Mountain,Forest,"You are given a small relation graph.
Fact 1: Greer routes through Halen.
Fact 2: Halen resolves to River.
Irrelevant fact: Idra is associated with Forest.
Question: Which label is associated with Greer: River or Mountain?
Answer with exactly one word:",confirmation,7.50362,0.5616455,8.297102,-0.055390358,10.397745,1.2600784,17.572628,0.7033825,30.438316,4.351345,39.455948,1.0738487,16.07562
confirm_g008_paraphrase,1008,2,0,paraphrase,relation_preserving,stable,River,Mountain,Forest,"In this example, Greer reaches Halen.
The destination connected to Halen is River.
Based on those two links, select the label for Greer: River or Mountain.
Answer:",confirmation,-5.3469906,-12.288965,-14.590023,-22.942516,-0.35300446,-9.490671,8.285222,-8.584023,7.033512,-19.05346,14.925098,-23.457,-26.89943
confirm_g008_weak_distractor,1008,2,0,weak_distractor,structure_changing,stable_shift,River,Mountain,Forest,"You are given a small relation graph.
Fact 1: Greer routes through Halen.
Fact 2: Halen resolves to River.
Weak note: some unrelated source mentions Mountain, but does not update the graph.
Question: Which label is associated with Greer: River or Mountain?
Answer with exactly one word:",confirmation,7.858405,0.9164305,11.276643,2.9241505,19.596123,10.458456,25.58078,8.7115345,37.81254,11.725567,45.34928,6.967182,30.794724
confirm_g008_competition_balanced,1008,2,0,competition_balanced,structure_changing,competition,River,Mountain,Forest,"You are given a small relation graph.
Fact 1: Greer routes through Halen.
Fact 2: Halen resolves to River.
Competing fact: Greer is also associated with Mountain.
Question: Which label is associated with Greer: River or Mountain?
Answer with exactly one word:",confirmation,6.2387643,-0.70321035,12.763915,4.4114227,15.998735,6.8610687,23.258287,6.389042,35.723866,9.636894,42.120415,3.7383156,25.845432
confirm_g008_direct_conflict,1008,2,0,direct_conflict,structure_changing,competition,River,Mountain,Forest,"You are given a small relation graph.
Fact 1: Greer routes through Halen.
Fact 2: Halen resolves to River.
Direct conflicting fact: Greer resolves to Mountain.
Question: Which label is associated with Greer: River or Mountain?
Answer with exactly one word:",confirmation,6.6118155,-0.3301592,13.551021,5.1985283,17.75469,8.617023,24.607048,7.7378025,27.388287,1.3013153,35.028614,-3.353485,19.504944
confirm_g008_closure_update,1008,2,0,closure_update,structure_changing,closure,River,Mountain,Forest,"You are given a small relation graph.
Fact 1: Greer routes through Halen.
Old record: Halen resolves to River.
Updated record: Halen resolves to Mountain, not River.
Question: Which label is associated with Greer: River or Mountain?
Answer with exactly one word:",confirmation,-1.0571442,-7.999119,-17.321533,-25.674026,-3.1968784,-12.334545,5.1140184,-11.755227,17.324028,-8.762943,27.445122,-10.936977,-17.55008
confirm_g008_closure_override,1008,2,0,closure_override,structure_changing,closure,River,Mountain,Forest,"You are given a rule system.
General rule: items that routes through Halen receive label River.
Override rule: in this case, items that routes through Halen receive label Mountain.
Fact: Greer routes through Halen.
Question: Which label applies to Greer: River or Mountain?
Answer with exactly one word:",confirmation,-19.62032,-26.562294,-30.225428,-38.57792,-23.451134,-32.5888,-15.632664,-32.501907,-20.965866,-47.052837,-9.532593,-47.914692,-80.78674
confirm_g008_exception_override,1008,2,0,exception_override,structure_changing,closure,River,Mountain,Forest,"You are given a rule system.
General rule: items connected to Halen use label River.
Exception: Greer is a special case and uses label Mountain.
Fact: Greer is connected to Halen.
Question: Which label applies to Greer: River or Mountain?
Answer with exactly one word:",confirmation,-22.896267,-29.838242,-38.09509,-46.447582,-30.672602,-39.81027,-23.570469,-40.439713,-31.025902,-57.112873,-25.179707,-63.561806,-103.31077
confirm_g009_clean,1009,2,1,clean,clean,stable,Forest,Ocean,Sun,"You are given a small relation graph.
Fact 1: Greer connects via Halen.
Fact 2: Halen carries label Forest.
Question: Which label is associated with Greer: Forest or Ocean?
Answer with exactly one word:",confirmation,20.749037,0.0,22.430962,0.0,28.616474,0.0,42.075783,0.0,59.981888,0.0,64.516396,0.0,12.397655
confirm_g009_rename,1009,2,1,rename,relation_preserving,stable,Forest,Ocean,Sun,"Consider a tiny mapping network.
Link one: Greer connects via Halen.
Link two: Halen carries label Forest.
Choose the label reached from Greer: Forest or Ocean.
One word answer:",confirmation,23.695774,2.9467373,31.72843,9.297468,46.68186,18.065388,57.10927,15.033485,75.48341,15.501526,75.10952,10.593124,42.694733
confirm_g009_permuted,1009,2,1,permuted,relation_preserving,stable,Forest,Ocean,Sun,"You are given a small relation graph.
Fact 2: Halen carries label Forest.
Fact 1: Greer connects via Halen.
Question: Which label is associated with Greer: Forest or Ocean?
Answer with exactly one word:",confirmation,25.009058,4.260021,14.829181,-7.601781,23.901228,-4.715246,39.21879,-2.8569946,53.03061,-6.9512787,57.50772,-7.0086746,0.6140709
confirm_g009_redundant,1009,2,1,redundant,relation_preserving,stable,Forest,Ocean,Sun,"You are given a small relation graph.
Fact 1: Greer connects via Halen.
Fact 2: Halen carries label Forest.
Repeated confirmation: Greer still goes through Halen.
Repeated confirmation: Halen still points to Forest.
Question: Which label is associated with Greer: Forest or Ocean?
Answer with exactly one word:",confirmation,15.116807,-5.63223,14.400417,-8.030544,21.590708,-7.0257664,35.19564,-6.880142,48.903015,-11.078873,53.31112,-11.2052765,-8.456191
confirm_g009_irrelevant,1009,2,1,irrelevant,relation_preserving,stable,Forest,Ocean,Sun,"You are given a small relation graph.
Fact 1: Greer connects via Halen.
Fact 2: Halen carries label Forest.
Irrelevant fact: Idra is associated with Sun.
Question: Which label is associated with Greer: Forest or Ocean?
Answer with exactly one word:",confirmation,18.958633,-1.7904034,18.400568,-4.0303936,26.217329,-2.3991451,38.12037,-3.9554138,59.781567,-0.2003212,63.299488,-1.2169075,7.4359417
confirm_g009_paraphrase,1009,2,1,paraphrase,relation_preserving,stable,Forest,Ocean,Sun,"In this example, Greer reaches Halen.
The destination connected to Halen is Forest.
Based on those two links, select the label for Greer: Forest or Ocean.
Answer:",confirmation,11.605953,-9.143084,4.204605,-18.226357,28.49018,-0.12629509,42.653305,0.5775223,55.405865,-4.576023,54.859016,-9.657379,-2.7782745
confirm_g009_weak_distractor,1009,2,1,weak_distractor,structure_changing,stable_shift,Forest,Ocean,Sun,"You are given a small relation graph.
Fact 1: Greer connects via Halen.
Fact 2: Halen carries label Forest.
Weak note: some unrelated source mentions Ocean, but does not update the graph.
Question: Which label is associated with Greer: Forest or Ocean?
Answer with exactly one word:",confirmation,19.349358,-1.3996792,25.243301,2.8123398,31.267126,2.650652,42.811234,0.73545074,66.435936,6.454048,70.60143,6.085037,20.825367
confirm_g009_competition_balanced,1009,2,1,competition_balanced,structure_changing,competition,Forest,Ocean,Sun,"You are given a small relation graph.
Fact 1: Greer connects via Halen.
Fact 2: Halen carries label Forest.
Competing fact: Greer is also associated with Ocean.
Question: Which label is associated with Greer: Forest or Ocean?
Answer with exactly one word:",confirmation,10.749717,-9.99932,4.5361767,-17.894785,11.382586,-17.233889,24.485104,-17.59068,31.43709,-28.544798,36.475487,-28.040909,-38.588303
confirm_g009_direct_conflict,1009,2,1,direct_conflict,structure_changing,competition,Forest,Ocean,Sun,"You are given a small relation graph.
Fact 1: Greer connects via Halen.
Fact 2: Halen carries label Forest.
Direct conflicting fact: Greer carries label Ocean.
Question: Which label is associated with Greer: Forest or Ocean?
Answer with exactly one word:",confirmation,16.484293,-4.264744,20.509956,-1.9210052,25.649076,-2.9673977,37.469822,-4.605961,49.304127,-10.677761,52.41432,-12.102074,-3.8498545
confirm_g009_closure_update,1009,2,1,closure_update,structure_changing,closure,Forest,Ocean,Sun,"You are given a small relation graph.
Fact 1: Greer connects via Halen.
Old record: Halen carries label Forest.
Updated record: Halen carries label Ocean, not Forest.
Question: Which label is associated with Greer: Forest or Ocean?
Answer with exactly one word:",confirmation,21.864403,1.115366,8.670965,-13.759996,24.380009,-4.2364655,37.243256,-4.832527,65.318634,5.336746,68.1091,3.5927048,9.062817
confirm_g009_closure_override,1009,2,1,closure_override,structure_changing,closure,Forest,Ocean,Sun,"You are given a rule system.
General rule: items that connects via Halen receive label Forest.
Override rule: in this case, items that connects via Halen receive label Ocean.
Fact: Greer connects via Halen.
Question: Which label applies to Greer: Forest or Ocean?
Answer with exactly one word:",confirmation,-1.9061079,-22.655144,-10.913632,-33.344593,-2.3943443,-31.010818,13.0227165,-29.053066,8.508774,-51.473114,16.511831,-48.004562,-78.54023
confirm_g009_exception_override,1009,2,1,exception_override,structure_changing,closure,Forest,Ocean,Sun,"You are given a rule system.
General rule: items connected to Halen use label Forest.
Exception: Greer is a special case and uses label Ocean.
Fact: Greer is connected to Halen.
Question: Which label applies to Greer: Forest or Ocean?
Answer with exactly one word:",confirmation,-4.5432563,-25.292294,-19.76081,-42.191772,-13.159288,-41.775764,3.7073154,-38.36847,-5.53067,-65.51256,-1.0568085,-65.573204,-106.25571
confirm_g010_clean,1010,2,2,clean,clean,stable,Sun,Moon,Cloud,"You are given a small relation graph.
Fact 1: Greer passes through Halen.
Fact 2: Halen is coded as Sun.
Question: Which label is associated with Greer: Sun or Moon?
Answer with exactly one word:",confirmation,17.304768,0.0,10.534914,0.0,17.475262,0.0,14.136044,0.0,31.702164,0.0,50.898487,0.0,12.397655
confirm_g010_rename,1010,2,2,rename,relation_preserving,stable,Sun,Moon,Cloud,"Consider a tiny mapping network.
Link one: Greer passes through Halen.
Link two: Halen is coded as Sun.
Choose the label reached from Greer: Sun or Moon.
One word answer:",confirmation,23.2127,5.9079323,24.248844,13.71393,29.372543,11.897282,27.059978,12.923935,43.11525,11.413086,62.703247,11.80476,39.99835
confirm_g010_permuted,1010,2,2,permuted,relation_preserving,stable,Sun,Moon,Cloud,"You are given a small relation graph.
Fact 2: Halen is coded as Sun.
Fact 1: Greer passes through Halen.
Question: Which label is associated with Greer: Sun or Moon?
Answer with exactly one word:",confirmation,21.196213,3.8914452,8.9063225,-1.6285915,20.599237,3.1239758,16.892021,2.7559776,35.499733,3.7975693,54.47899,3.5805016,18.83035
confirm_g010_redundant,1010,2,2,redundant,relation_preserving,stable,Sun,Moon,Cloud,"You are given a small relation graph.
Fact 1: Greer passes through Halen.
Fact 2: Halen is coded as Sun.
Repeated confirmation: Greer still goes through Halen.
Repeated confirmation: Halen still points to Sun.
Question: Which label is associated with Greer: Sun or Moon?
Answer with exactly one word:",confirmation,14.263243,-3.041525,7.683296,-2.8516178,13.401767,-4.073495,10.893365,-3.2426786,23.131672,-8.570492,43.68714,-7.2113457,-0.2269907
confirm_g010_irrelevant,1010,2,2,irrelevant,relation_preserving,stable,Sun,Moon,Cloud,"You are given a small relation graph.
Fact 1: Greer passes through Halen.
Fact 2: Halen is coded as Sun.
Irrelevant fact: Idra is associated with Cloud.
Question: Which label is associated with Greer: Sun or Moon?
Answer with exactly one word:",confirmation,22.587803,5.2830353,15.900057,5.365143,22.767788,5.2925262,19.713417,5.5773735,39.181625,7.4794617,57.54194,6.6434517,26.893435
confirm_g010_paraphrase,1010,2,2,paraphrase,relation_preserving,stable,Sun,Moon,Cloud,"In this example, Greer reaches Halen.
The destination connected to Halen is Sun.
Based on those two links, select the label for Greer: Sun or Moon.
Answer:",confirmation,13.19239,-4.112377,1.6847019,-8.850212,9.956079,-7.519183,11.701697,-2.4343462,18.411633,-13.290531,41.389946,-9.508541,-7.1475744
confirm_g010_weak_distractor,1010,2,2,weak_distractor,structure_changing,stable_shift,Sun,Moon,Cloud,"You are given a small relation graph.
Fact 1: Greer passes through Halen.
Fact 2: Halen is coded as Sun.
Weak note: some unrelated source mentions Moon, but does not update the graph.
Question: Which label is associated with Greer: Sun or Moon?
Answer with exactly one word:",confirmation,25.325615,8.020847,23.872995,13.338081,27.242687,9.767426,23.692608,9.556564,40.246418,8.544254,57.81355,6.915062,34.186413
confirm_g010_competition_balanced,1010,2,2,competition_balanced,structure_changing,competition,Sun,Moon,Cloud,"You are given a small relation graph.
Fact 1: Greer passes through Halen.
Fact 2: Halen is coded as Sun.
Competing fact: Greer is also associated with Moon.
Question: Which label is associated with Greer: Sun or Moon?
Answer with exactly one word:",confirmation,17.727638,0.42287064,20.009947,9.475033,24.198357,6.723095,22.401918,8.265875,42.119946,10.417782,58.008774,7.1102867,30.570766
confirm_g010_direct_conflict,1010,2,2,direct_conflict,structure_changing,competition,Sun,Moon,Cloud,"You are given a small relation graph.
Fact 1: Greer passes through Halen.
Fact 2: Halen is coded as Sun.
Direct conflicting fact: Greer is coded as Moon.
Question: Which label is associated with Greer: Sun or Moon?
Answer with exactly one word:",confirmation,21.200403,3.8956356,26.61104,16.076126,25.945055,8.469793,22.661922,8.525879,36.59712,4.8949547,52.1869,1.288414,28.510708
confirm_g010_closure_update,1010,2,2,closure_update,structure_changing,closure,Sun,Moon,Cloud,"You are given a small relation graph.
Fact 1: Greer passes through Halen.
Old record: Halen is coded as Sun.
Updated record: Halen is coded as Moon, not Sun.
Question: Which label is associated with Greer: Sun or Moon?
Answer with exactly one word:",confirmation,14.460888,-2.8438797,4.17861,-6.356304,12.065364,-5.409898,10.428608,-3.7074356,25.270084,-6.4320793,44.328773,-6.5697136,-0.6426554
confirm_g010_closure_override,1010,2,2,closure_override,structure_changing,closure,Sun,Moon,Cloud,"You are given a rule system.
General rule: items that passes through Halen receive label Sun.
Override rule: in this case, items that passes through Halen receive label Moon.
Fact: Greer passes through Halen.
Question: Which label applies to Greer: Sun or Moon?
Answer with exactly one word:",confirmation,-5.5365167,-22.841284,-10.852141,-21.387054,-1.9746418,-19.449903,-0.75441074,-14.890454,-8.579292,-40.281456,11.737366,-39.16112,-54.14065
confirm_g010_exception_override,1010,2,2,exception_override,structure_changing,closure,Sun,Moon,Cloud,"You are given a rule system.
General rule: items connected to Halen use label Sun.
Exception: Greer is a special case and uses label Moon.
Fact: Greer is connected to Halen.
Question: Which label applies to Greer: Sun or Moon?
Answer with exactly one word:",confirmation,-7.0720835,-24.37685,-20.580517,-31.11543,-11.718296,-29.193558,-10.369059,-24.505102,-19.331402,-51.033566,-1.2319717,-52.13046,-77.562645
confirm_g011_clean,1011,2,3,clean,clean,stable,Cloud,Stone,Circle,"You are given a small relation graph.
Fact 1: Greer links through Halen.
Fact 2: Halen terminates at Cloud.
Question: Which label is associated with Greer: Cloud or Stone?
Answer with exactly one word:",confirmation,28.54998,0.0,33.499718,0.0,34.260498,0.0,27.570229,0.0,30.63831,0.0,17.115257,0.0,12.397655
confirm_g011_rename,1011,2,3,rename,relation_preserving,stable,Cloud,Stone,Circle,"Consider a tiny mapping network.
Link one: Greer links through Halen.
Link two: Halen terminates at Cloud.
Choose the label reached from Greer: Cloud or Stone.
One word answer:",confirmation,36.69413,8.14415,50.106567,16.60685,57.891373,23.630875,48.56684,20.996613,58.90732,28.269009,41.670807,24.55555,64.54543
confirm_g011_permuted,1011,2,3,permuted,relation_preserving,stable,Cloud,Stone,Circle,"You are given a small relation graph.
Fact 2: Halen terminates at Cloud.
Fact 1: Greer links through Halen.
Question: Which label is associated with Greer: Cloud or Stone?
Answer with exactly one word:",confirmation,29.308472,0.7584915,38.838905,5.3391876,37.540123,3.279625,29.665339,2.09511,39.044514,8.406204,24.693785,7.5785275,24.686699
confirm_g011_redundant,1011,2,3,redundant,relation_preserving,stable,Cloud,Stone,Circle,"You are given a small relation graph.
Fact 1: Greer links through Halen.
Fact 2: Halen terminates at Cloud.
Repeated confirmation: Greer still goes through Halen.
Repeated confirmation: Halen still points to Cloud.
Question: Which label is associated with Greer: Cloud or Stone?
Answer with exactly one word:",confirmation,23.238823,-5.311157,29.717129,-3.782589,33.051617,-1.2088814,26.625557,-0.94467163,30.335922,-0.30238724,16.662327,-0.45293045,8.737114
confirm_g011_irrelevant,1011,2,3,irrelevant,relation_preserving,stable,Cloud,Stone,Circle,"You are given a small relation graph.
Fact 1: Greer links through Halen.
Fact 2: Halen terminates at Cloud.
Irrelevant fact: Idra is associated with Circle.
Question: Which label is associated with Greer: Cloud or Stone?
Answer with exactly one word:",confirmation,34.532104,5.9821243,40.13304,6.6333237,44.41603,10.155533,35.831585,8.261356,44.55626,13.91795,28.360313,11.245056,36.15301
confirm_g011_paraphrase,1011,2,3,paraphrase,relation_preserving,stable,Cloud,Stone,Circle,"In this example, Greer reaches Halen.
The destination connected to Halen is Cloud.
Based on those two links, select the label for Greer: Cloud or Stone.
Answer:",confirmation,24.378305,-4.1716747,33.762844,0.26312637,37.578728,3.3182297,26.438818,-1.1314106,20.244122,-10.394188,9.235134,-7.880123,3.1045885
confirm_g011_weak_distractor,1011,2,3,weak_distractor,structure_changing,stable_shift,Cloud,Stone,Circle,"You are given a small relation graph.
Fact 1: Greer links through Halen.
Fact 2: Halen terminates at Cloud.
Weak note: some unrelated source mentions Stone, but does not update the graph.
Question: Which label is associated with Greer: Cloud or Stone?
Answer with exactly one word:",confirmation,33.534904,4.9849243,35.651012,2.1512947,42.379078,8.11858,35.096794,7.5265656,33.800846,3.1625366,18.774311,1.6590538,22.891933
confirm_g011_competition_balanced,1011,2,3,competition_balanced,structure_changing,competition,Cloud,Stone,Circle,"You are given a small relation graph.
Fact 1: Greer links through Halen.
Fact 2: Halen terminates at Cloud.
Competing fact: Greer is also associated with Stone.
Question: Which label is associated with Greer: Cloud or Stone?
Answer with exactly one word:",confirmation,20.632004,-7.9179764,27.40345,-6.0962677,34.625412,0.36491394,27.636534,0.06630516,26.160511,-4.4777985,13.318375,-3.7968826,4.570671
confirm_g011_direct_conflict,1011,2,3,direct_conflict,structure_changing,competition,Cloud,Stone,Circle,"You are given a small relation graph.
Fact 1: Greer links through Halen.
Fact 2: Halen terminates at Cloud.
Direct conflicting fact: Greer terminates at Stone.
Question: Which label is associated with Greer: Cloud or Stone?
Answer with exactly one word:",confirmation,33.159283,4.6093025,40.23393,6.734211,49.693787,15.433289,39.44013,11.8699,26.423904,-4.214405,12.442217,-4.6730404,21.95131
confirm_g011_closure_update,1011,2,3,closure_update,structure_changing,closure,Cloud,Stone,Circle,"You are given a small relation graph.
Fact 1: Greer links through Halen.
Old record: Halen terminates at Cloud.
Updated record: Halen terminates at Stone, not Cloud.
Question: Which label is associated with Greer: Cloud or Stone?
Answer with exactly one word:",confirmation,15.720055,-12.829926,-1.9639702,-35.463688,14.583748,-19.67675,10.950972,-16.619257,11.589876,-19.048433,-0.035657883,-17.150915,-35.199142
confirm_g011_closure_override,1011,2,3,closure_override,structure_changing,closure,Cloud,Stone,Circle,"You are given a rule system.
General rule: items that links through Halen receive label Cloud.
Override rule: in this case, items that links through Halen receive label Stone.
Fact: Greer links through Halen.
Question: Which label applies to Greer: Cloud or Stone?
Answer with exactly one word:",confirmation,2.122717,-26.427263,-6.8355074,-40.335224,-1.4401274,-35.700626,-5.88945,-33.45968,-27.19731,-57.835617,-32.74314,-49.8584,-89.52165
confirm_g011_exception_override,1011,2,3,exception_override,structure_changing,closure,Cloud,Stone,Circle,"You are given a rule system.
General rule: items connected to Halen use label Cloud.
Exception: Greer is a special case and uses label Stone.
Fact: Greer is connected to Halen.
Question: Which label applies to Greer: Cloud or Stone?
Answer with exactly one word:",confirmation,0.795351,-27.75463,-12.529699,-46.02942,-7.708679,-41.969177,-10.296799,-37.867027,-38.68467,-69.32298,-43.396465,-60.511723,-107.322876
confirm_g012_clean,1012,3,0,clean,clean,stable,Circle,Square,Triangle,"You are given a small relation graph.
Fact 1: Jarek routes through Kaia.
Fact 2: Kaia resolves to Circle.
Question: Which label is associated with Jarek: Circle or Square?
Answer with exactly one word:",confirmation,2.2851171,0.0,8.910567,0.0,0.79001427,0.0,-5.1226006,0.0,-1.8200569,0.0,-22.609161,0.0,12.397655
confirm_g012_rename,1012,3,0,rename,relation_preserving,stable,Circle,Square,Triangle,"Consider a tiny mapping network.
Link one: Jarek routes through Kaia.
Link two: Kaia resolves to Circle.
Choose the label reached from Jarek: Circle or Square.
One word answer:",confirmation,10.749295,8.464178,36.78432,27.873753,24.113989,23.323975,19.910969,25.03357,34.50615,36.326206,10.859945,33.46911,78.50308
confirm_g012_permuted,1012,3,0,permuted,relation_preserving,stable,Circle,Square,Triangle,"You are given a small relation graph.
Fact 2: Kaia resolves to Circle.
Fact 1: Jarek routes through Kaia.
Question: Which label is associated with Jarek: Circle or Square?
Answer with exactly one word:",confirmation,6.441231,4.1561136,14.675386,5.764819,8.730118,7.9401035,2.667058,7.7896585,12.466444,14.286501,-9.73432,12.874842,35.40584
confirm_g012_redundant,1012,3,0,redundant,relation_preserving,stable,Circle,Square,Triangle,"You are given a small relation graph.
Fact 1: Jarek routes through Kaia.
Fact 2: Kaia resolves to Circle.
Repeated confirmation: Jarek still goes through Kaia.
Repeated confirmation: Kaia still points to Circle.
Question: Which label is associated with Jarek: Circle or Square?
Answer with exactly one word:",confirmation,1.1993127,-1.0858045,7.8203382,-1.090229,1.4551926,0.6651783,-3.1688728,1.9537277,-3.311079,-1.4910221,-22.977047,-0.3678856,11.869257
confirm_g012_irrelevant,1012,3,0,irrelevant,relation_preserving,stable,Circle,Square,Triangle,"You are given a small relation graph.
Fact 1: Jarek routes through Kaia.
Fact 2: Kaia resolves to Circle.
Irrelevant fact: Lucan is associated with Triangle.
Question: Which label is associated with Jarek: Circle or Square?
Answer with exactly one word:",confirmation,8.632153,6.3470354,22.767128,13.856561,12.580308,11.790294,6.308444,11.431045,15.828388,17.648445,-3.5887318,19.02043,46.422783
confirm_g012_paraphrase,1012,3,0,paraphrase,relation_preserving,stable,Circle,Square,Triangle,"In this example, Jarek reaches Kaia.
The destination connected to Kaia is Circle.
Based on those two links, select the label for Jarek: Circle or Square.
Answer:",confirmation,-6.1047764,-8.389894,-8.709757,-17.620323,-11.72759,-12.517604,-18.232914,-13.110313,-14.344566,-12.524509,-36.45299,-13.84383,-18.982536
confirm_g012_weak_distractor,1012,3,0,weak_distractor,structure_changing,stable_shift,Circle,Square,Triangle,"You are given a small relation graph.
Fact 1: Jarek routes through Kaia.
Fact 2: Kaia resolves to Circle.
Weak note: some unrelated source mentions Square, but does not update the graph.
Question: Which label is associated with Jarek: Circle or Square?
Answer with exactly one word:",confirmation,9.188372,6.9032545,20.2705,11.359933,15.0483465,14.258332,8.10327,13.22587,16.35495,18.175007,-9.226181,13.38298,44.798904
confirm_g012_competition_balanced,1012,3,0,competition_balanced,structure_changing,competition,Circle,Square,Triangle,"You are given a small relation graph.
Fact 1: Jarek routes through Kaia.
Fact 2: Kaia resolves to Circle.
Competing fact: Jarek is also associated with Square.
Question: Which label is associated with Jarek: Circle or Square?
Answer with exactly one word:",confirmation,8.360506,6.075389,28.563362,19.652794,19.913681,19.123667,12.012838,17.135439,23.652578,25.472635,-3.0780945,19.531067,57.76718
confirm_g012_direct_conflict,1012,3,0,direct_conflict,structure_changing,competition,Circle,Square,Triangle,"You are given a small relation graph.
Fact 1: Jarek routes through Kaia.
Fact 2: Kaia resolves to Circle.
Direct conflicting fact: Jarek resolves to Square.
Question: Which label is associated with Jarek: Circle or Square?
Answer with exactly one word:",confirmation,8.606735,6.321618,30.8126,21.90203,21.42939,20.639376,13.086344,18.208944,20.403757,22.223814,-8.190498,14.418663,55.311348
confirm_g012_closure_update,1012,3,0,closure_update,structure_changing,closure,Circle,Square,Triangle,"You are given a small relation graph.
Fact 1: Jarek routes through Kaia.
Old record: Kaia resolves to Circle.
Updated record: Kaia resolves to Square, not Circle.
Question: Which label is associated with Jarek: Circle or Square?
Answer with exactly one word:",confirmation,4.753343,2.468226,5.554847,-3.3557205,-0.5151291,-1.3051434,-6.2610455,-1.1384449,3.8705902,5.690647,-20.99847,1.6106911,14.603319
confirm_g012_closure_override,1012,3,0,closure_override,structure_changing,closure,Circle,Square,Triangle,"You are given a rule system.
General rule: items that routes through Kaia receive label Circle.
Override rule: in this case, items that routes through Kaia receive label Square.
Fact: Jarek routes through Kaia.
Question: Which label applies to Jarek: Circle or Square?
Answer with exactly one word:",confirmation,-11.305465,-13.590582,-11.424257,-20.334824,-18.291567,-19.081581,-22.452904,-17.330303,-29.234215,-27.414158,-52.17509,-29.56593,-41.0326
confirm_g012_exception_override,1012,3,0,exception_override,structure_changing,closure,Circle,Square,Triangle,"You are given a rule system.
General rule: items connected to Kaia use label Circle.
Exception: Jarek is a special case and uses label Square.
Fact: Jarek is connected to Kaia.
Question: Which label applies to Jarek: Circle or Square?
Answer with exactly one word:",confirmation,-16.163902,-18.44902,-26.314373,-35.22494,-31.14352,-31.933535,-35.592247,-30.469646,-48.04152,-46.221462,-70.508545,-47.899384,-76.41361
confirm_g013_clean,1013,3,1,clean,clean,stable,Triangle,Star,River,"You are given a small relation graph.
Fact 1: Jarek connects via Kaia.
Fact 2: Kaia carries label Triangle.
Question: Which label is associated with Jarek: Triangle or Star?
Answer with exactly one word:",confirmation,-11.975349,0.0,-25.050005,0.0,-32.60211,0.0,-53.031273,0.0,-73.22536,0.0,-95.238525,0.0,12.397655
confirm_g013_rename,1013,3,1,rename,relation_preserving,stable,Triangle,Star,River,"Consider a tiny mapping network.
Link one: Jarek connects via Kaia.
Link two: Kaia carries label Triangle.
Choose the label reached from Jarek: Triangle or Star.
One word answer:",confirmation,-4.6997395,7.27561,-3.7528715,21.297134,-13.614398,18.987713,-38.696995,14.334278,-60.027245,13.1981125,-93.008575,2.22995,42.264282
confirm_g013_permuted,1013,3,1,permuted,relation_preserving,stable,Triangle,Star,River,"You are given a small relation graph.
Fact 2: Kaia carries label Triangle.
Fact 1: Jarek connects via Kaia.
Question: Which label is associated with Jarek: Triangle or Star?
Answer with exactly one word:",confirmation,-15.091198,-3.1158485,-38.617157,-13.567152,-42.45608,-9.85397,-64.35265,-11.321381,-86.110916,-12.885559,-106.17502,-10.936493,-13.406825
confirm_g013_redundant,1013,3,1,redundant,relation_preserving,stable,Triangle,Star,River,"You are given a small relation graph.
Fact 1: Jarek connects via Kaia.
Fact 2: Kaia carries label Triangle.
Repeated confirmation: Jarek still goes through Kaia.
Repeated confirmation: Kaia still points to Triangle.
Question: Which label is associated with Jarek: Triangle or Star?
Answer with exactly one word:",confirmation,-15.044269,-3.0689192,-30.449455,-5.3994503,-34.92442,-2.3223076,-55.658348,-2.6270752,-74.98197,-1.7566147,-96.99383,-1.7553024,6.170691
confirm_g013_irrelevant,1013,3,1,irrelevant,relation_preserving,stable,Triangle,Star,River,"You are given a small relation graph.
Fact 1: Jarek connects via Kaia.
Fact 2: Kaia carries label Triangle.
Irrelevant fact: Lucan is associated with River.
Question: Which label is associated with Jarek: Triangle or Star?
Answer with exactly one word:",confirmation,-7.6744785,4.300871,-20.445568,4.604437,-25.313278,7.2888336,-47.56907,5.462204,-67.26457,5.960785,-90.68001,4.5585175,25.345455
confirm_g013_paraphrase,1013,3,1,paraphrase,relation_preserving,stable,Triangle,Star,River,"In this example, Jarek reaches Kaia.
The destination connected to Kaia is Triangle.
Based on those two links, select the label for Jarek: Triangle or Star.
Answer:",confirmation,-20.75137,-8.77602,-39.267937,-14.217932,-46.78225,-14.180138,-73.86658,-20.835304,-83.42087,-10.195511,-114.11307,-18.874542,-22.977581
confirm_g013_weak_distractor,1013,3,1,weak_distractor,structure_changing,stable_shift,Triangle,Star,River,"You are given a small relation graph.
Fact 1: Jarek connects via Kaia.
Fact 2: Kaia carries label Triangle.
Weak note: some unrelated source mentions Star, but does not update the graph.
Question: Which label is associated with Jarek: Triangle or Star?
Answer with exactly one word:",confirmation,-3.3105278,8.664822,-10.138506,14.911499,-15.507501,17.094612,-37.35005,15.681221,-66.27646,6.9488983,-91.09537,4.143158,37.9604
confirm_g013_competition_balanced,1013,3,1,competition_balanced,structure_changing,competition,Triangle,Star,River,"You are given a small relation graph.
Fact 1: Jarek connects via Kaia.
Fact 2: Kaia carries label Triangle.
Competing fact: Jarek is also associated with Star.
Question: Which label is associated with Jarek: Triangle or Star?
Answer with exactly one word:",confirmation,-18.051487,-6.0761375,-27.108124,-2.0581188,-31.357391,1.2447205,-52.14775,0.88352203,-87.83053,-14.605171,-115.279785,-20.04126,-6.538287
confirm_g013_direct_conflict,1013,3,1,direct_conflict,structure_changing,competition,Triangle,Star,River,"You are given a small relation graph.
Fact 1: Jarek connects via Kaia.
Fact 2: Kaia carries label Triangle.
Direct conflicting fact: Jarek carries label Star.
Question: Which label is associated with Jarek: Triangle or Star?
Answer with exactly one word:",confirmation,-11.303656,0.6716938,-16.36625,8.683756,-19.101543,13.500568,-41.839165,11.192108,-69.76279,3.4625702,-101.733955,-6.49543,23.708654
confirm_g013_closure_update,1013,3,1,closure_update,structure_changing,closure,Triangle,Star,River,"You are given a small relation graph.
Fact 1: Jarek connects via Kaia.
Old record: Kaia carries label Triangle.
Updated record: Kaia carries label Star, not Triangle.
Question: Which label is associated with Jarek: Triangle or Star?
Answer with exactly one word:",confirmation,-10.079812,1.8955374,-32.850094,-7.800089,-37.8272,-5.22509,-59.868435,-6.837162,-79.66898,-6.4436264,-102.40294,-7.1644135,-1.5333595
confirm_g013_closure_override,1013,3,1,closure_override,structure_changing,closure,Triangle,Star,River,"You are given a rule system.
General rule: items that connects via Kaia receive label Triangle.
Override rule: in this case, items that connects via Kaia receive label Star.
Fact: Jarek connects via Kaia.
Question: Which label applies to Jarek: Triangle or Star?
Answer with exactly one word:",confirmation,-31.318222,-19.342873,-46.633797,-21.583792,-58.45159,-25.84948,-81.13291,-28.101639,-119.649666,-46.42431,-146.83496,-51.596436,-70.68272
confirm_g013_exception_override,1013,3,1,exception_override,structure_changing,closure,Triangle,Star,River,"You are given a rule system.
General rule: items connected to Kaia use label Triangle.
Exception: Jarek is a special case and uses label Star.
Fact: Jarek is connected to Kaia.
Question: Which label applies to Jarek: Triangle or Star?
Answer with exactly one word:",confirmation,-32.575104,-20.599754,-59.30464,-34.25464,-66.01617,-33.414055,-88.42024,-35.38897,-132.477,-59.251648,-159.64545,-64.40692,-94.220985
confirm_g014_clean,1014,3,2,clean,clean,stable,River,Mountain,Forest,"You are given a small relation graph.
Fact 1: Jarek passes through Kaia.
Fact 2: Kaia is coded as River.
Question: Which label is associated with Jarek: River or Mountain?
Answer with exactly one word:",confirmation,8.073126,0.0,3.1674604,0.0,4.4663506,0.0,12.672054,0.0,24.641094,0.0,31.711071,0.0,12.397655
confirm_g014_rename,1014,3,2,rename,relation_preserving,stable,River,Mountain,Forest,"Consider a tiny mapping network.
Link one: Jarek passes through Kaia.
Link two: Kaia is coded as River.
Choose the label reached from Jarek: River or Mountain.
One word answer:",confirmation,7.5875254,-0.48560047,12.590359,9.422898,21.249552,16.783201,27.763191,15.091137,39.04222,14.401127,44.127445,12.416374,41.854645
confirm_g014_permuted,1014,3,2,permuted,relation_preserving,stable,River,Mountain,Forest,"You are given a small relation graph.
Fact 2: Kaia is coded as River.
Fact 1: Jarek passes through Kaia.
Question: Which label is associated with Jarek: River or Mountain?
Answer with exactly one word:",confirmation,9.995647,1.9225216,-6.7789955,-9.946456,1.7120991,-2.7542515,8.985239,-3.6868153,21.25151,-3.3895836,26.779934,-4.931137,2.6983433
confirm_g014_redundant,1014,3,2,redundant,relation_preserving,stable,River,Mountain,Forest,"You are given a small relation graph.
Fact 1: Jarek passes through Kaia.
Fact 2: Kaia is coded as River.
Repeated confirmation: Jarek still goes through Kaia.
Repeated confirmation: Kaia still points to River.
Question: Which label is associated with Jarek: River or Mountain?
Answer with exactly one word:",confirmation,7.0485635,-1.0245624,-4.1821365,-7.349597,1.417903,-3.0484476,10.42871,-2.2433443,15.98341,-8.657684,23.939064,-7.772007,-0.80895805
confirm_g014_irrelevant,1014,3,2,irrelevant,relation_preserving,stable,River,Mountain,Forest,"You are given a small relation graph.
Fact 1: Jarek passes through Kaia.
Fact 2: Kaia is coded as River.
Irrelevant fact: Lucan is associated with Forest.
Question: Which label is associated with Jarek: River or Mountain?
Answer with exactly one word:",confirmation,9.707628,1.6345024,8.34352,5.1760597,15.659346,11.192995,22.902184,10.230129,41.049995,16.408901,46.06894,14.357868,38.7788
confirm_g014_paraphrase,1014,3,2,paraphrase,relation_preserving,stable,River,Mountain,Forest,"In this example, Jarek reaches Kaia.
The destination connected to Kaia is River.
Based on those two links, select the label for Jarek: River or Mountain.
Answer:",confirmation,-11.753025,-19.82615,-23.264782,-26.432243,-12.502732,-16.969082,-3.3802938,-16.05235,1.4283333,-23.21276,7.006462,-24.704609,-38.41474
confirm_g014_weak_distractor,1014,3,2,weak_distractor,structure_changing,stable_shift,River,Mountain,Forest,"You are given a small relation graph.
Fact 1: Jarek passes through Kaia.
Fact 2: Kaia is coded as River.
Weak note: some unrelated source mentions Mountain, but does not update the graph.
Question: Which label is associated with Jarek: River or Mountain?
Answer with exactly one word:",confirmation,9.094423,1.0212975,6.0525236,2.8850632,15.760744,11.294394,22.302172,9.630117,35.785564,11.14447,41.258224,9.547153,32.521603
confirm_g014_competition_balanced,1014,3,2,competition_balanced,structure_changing,competition,River,Mountain,Forest,"You are given a small relation graph.
Fact 1: Jarek passes through Kaia.
Fact 2: Kaia is coded as River.
Competing fact: Jarek is also associated with Mountain.
Question: Which label is associated with Jarek: River or Mountain?
Answer with exactly one word:",confirmation,5.947833,-2.1252928,3.6055193,0.43805885,13.094599,8.628248,20.779774,8.107719,31.82769,7.186596,34.72963,3.0185585,23.969715
confirm_g014_direct_conflict,1014,3,2,direct_conflict,structure_changing,competition,River,Mountain,Forest,"You are given a small relation graph.
Fact 1: Jarek passes through Kaia.
Fact 2: Kaia is coded as River.
Direct conflicting fact: Jarek is coded as Mountain.
Question: Which label is associated with Jarek: River or Mountain?
Answer with exactly one word:",confirmation,8.272267,0.1991415,9.830455,6.6629944,18.408268,13.941917,24.575039,11.902985,33.83139,9.190296,36.305847,4.594776,32.012962
confirm_g014_closure_update,1014,3,2,closure_update,structure_changing,closure,River,Mountain,Forest,"You are given a small relation graph.
Fact 1: Jarek passes through Kaia.
Old record: Kaia is coded as River.
Updated record: Kaia is coded as Mountain, not River.
Question: Which label is associated with Jarek: River or Mountain?
Answer with exactly one word:",confirmation,-2.2456303,-10.318756,-22.702377,-25.869839,-6.136715,-10.6030655,2.7986116,-9.873443,12.729176,-11.911919,17.76054,-13.950531,-19.852036
confirm_g014_closure_override,1014,3,2,closure_override,structure_changing,closure,River,Mountain,Forest,"You are given a rule system.
General rule: items that passes through Kaia receive label River.
Override rule: in this case, items that passes through Kaia receive label Mountain.
Fact: Jarek passes through Kaia.
Question: Which label applies to Jarek: River or Mountain?
Answer with exactly one word:",confirmation,-16.617493,-24.690619,-24.678028,-27.84549,-17.663162,-22.129513,-9.474558,-22.146612,-8.929104,-33.570198,-0.12792206,-31.838993,-53.385014
confirm_g014_exception_override,1014,3,2,exception_override,structure_changing,closure,River,Mountain,Forest,"You are given a rule system.
General rule: items connected to Kaia use label River.
Exception: Jarek is a special case and uses label Mountain.
Fact: Jarek is connected to Kaia.
Question: Which label applies to Jarek: River or Mountain?
Answer with exactly one word:",confirmation,-24.82844,-32.901566,-41.276497,-44.44396,-33.16709,-37.633442,-25.375881,-38.047935,-35.661495,-60.30259,-29.364838,-61.07591,-101.87209
confirm_g015_clean,1015,3,3,clean,clean,stable,Forest,Ocean,Sun,"You are given a small relation graph.
Fact 1: Jarek links through Kaia.
Fact 2: Kaia terminates at Forest.
Question: Which label is associated with Jarek: Forest or Ocean?
Answer with exactly one word:",confirmation,12.387646,0.0,6.089241,0.0,17.643854,0.0,32.38948,0.0,42.560898,0.0,46.164978,0.0,12.397655
confirm_g015_rename,1015,3,3,rename,relation_preserving,stable,Forest,Ocean,Sun,"Consider a tiny mapping network.
Link one: Jarek links through Kaia.
Link two: Kaia terminates at Forest.
Choose the label reached from Jarek: Forest or Ocean.
One word answer:",confirmation,22.35075,9.963104,29.311138,23.221897,42.97701,25.333155,54.003708,21.614227,76.03323,33.472336,73.03921,26.87423,71.93589
confirm_g015_permuted,1015,3,3,permuted,relation_preserving,stable,Forest,Ocean,Sun,"You are given a small relation graph.
Fact 2: Kaia terminates at Forest.
Fact 1: Jarek links through Kaia.
Question: Which label is associated with Jarek: Forest or Ocean?
Answer with exactly one word:",confirmation,15.060564,2.6729183,7.0547037,0.9654627,18.849552,1.205698,34.142406,1.7529259,48.144604,5.583706,51.363987,5.199009,20.00505
confirm_g015_redundant,1015,3,3,redundant,relation_preserving,stable,Forest,Ocean,Sun,"You are given a small relation graph.
Fact 1: Jarek links through Kaia.
Fact 2: Kaia terminates at Forest.
Repeated confirmation: Jarek still goes through Kaia.
Repeated confirmation: Kaia still points to Forest.
Question: Which label is associated with Jarek: Forest or Ocean?
Answer with exactly one word:",confirmation,9.848672,-2.5389738,1.6620922,-4.427149,16.720804,-0.9230499,32.422554,0.033073425,38.888416,-3.6724815,41.99726,-4.167717,5.9869094
confirm_g015_irrelevant,1015,3,3,irrelevant,relation_preserving,stable,Forest,Ocean,Sun,"You are given a small relation graph.
Fact 1: Jarek links through Kaia.
Fact 2: Kaia terminates at Forest.
Irrelevant fact: Lucan is associated with Sun.
Question: Which label is associated with Jarek: Forest or Ocean?
Answer with exactly one word:",confirmation,14.174843,1.7871971,7.361168,1.2719269,22.85268,5.208826,37.145798,4.756317,52.052605,9.491707,53.635002,7.470024,25.877726
confirm_g015_paraphrase,1015,3,3,paraphrase,relation_preserving,stable,Forest,Ocean,Sun,"In this example, Jarek reaches Kaia.
The destination connected to Kaia is Forest.
Based on those two links, select the label for Jarek: Forest or Ocean.
Answer:",confirmation,13.800036,1.4123907,8.240875,2.1516342,27.931786,10.287931,42.16531,9.775829,58.093315,15.532417,58.302567,12.1375885,35.594204
confirm_g015_weak_distractor,1015,3,3,weak_distractor,structure_changing,stable_shift,Forest,Ocean,Sun,"You are given a small relation graph.
Fact 1: Jarek links through Kaia.
Fact 2: Kaia terminates at Forest.
Weak note: some unrelated source mentions Ocean, but does not update the graph.
Question: Which label is associated with Jarek: Forest or Ocean?
Answer with exactly one word:",confirmation,15.189353,2.8017073,7.84124,1.7519989,26.434015,8.790161,39.477226,7.0877457,55.640377,13.079479,57.944996,11.780018,32.670166
confirm_g015_competition_balanced,1015,3,3,competition_balanced,structure_changing,competition,Forest,Ocean,Sun,"You are given a small relation graph.
Fact 1: Jarek links through Kaia.
Fact 2: Kaia terminates at Forest.
Competing fact: Jarek is also associated with Ocean.
Question: Which label is associated with Jarek: Forest or Ocean?
Answer with exactly one word:",confirmation,1.8905916,-10.497054,-1.2582226,-7.3474636,6.0491085,-11.594746,20.23252,-12.156961,24.72884,-17.832058,30.167381,-15.997597,-19.119762
confirm_g015_direct_conflict,1015,3,3,direct_conflict,structure_changing,competition,Forest,Ocean,Sun,"You are given a small relation graph.
Fact 1: Jarek links through Kaia.
Fact 2: Kaia terminates at Forest.
Direct conflicting fact: Jarek terminates at Ocean.
Question: Which label is associated with Jarek: Forest or Ocean?
Answer with exactly one word:",confirmation,6.4511957,-5.93645,1.0380745,-5.0511665,12.917086,-4.7267685,27.950495,-4.438986,29.461147,-13.0997505,34.021683,-12.143295,-7.173337
confirm_g015_closure_update,1015,3,3,closure_update,structure_changing,closure,Forest,Ocean,Sun,"You are given a small relation graph.
Fact 1: Jarek links through Kaia.
Old record: Kaia terminates at Forest.
Updated record: Kaia terminates at Ocean, not Forest.
Question: Which label is associated with Jarek: Forest or Ocean?
Answer with exactly one word:",confirmation,11.188173,-1.1994724,-5.9179325,-12.007174,14.068228,-3.5756264,28.472958,-3.916523,49.9941,7.433201,51.27472,5.109741,11.618326
confirm_g015_closure_override,1015,3,3,closure_override,structure_changing,closure,Forest,Ocean,Sun,"You are given a rule system.
General rule: items that links through Kaia receive label Forest.
Override rule: in this case, items that links through Kaia receive label Ocean.
Fact: Jarek links through Kaia.
Question: Which label applies to Jarek: Forest or Ocean?
Answer with exactly one word:",confirmation,-3.3690815,-15.756727,-14.940203,-21.029444,-9.847965,-27.49182,6.449051,-25.94043,-1.3821945,-43.943092,6.1561756,-40.008804,-62.340145
confirm_g015_exception_override,1015,3,3,exception_override,structure_changing,closure,Forest,Ocean,Sun,"You are given a rule system.
General rule: items connected to Kaia use label Forest.
Exception: Jarek is a special case and uses label Ocean.
Fact: Jarek is connected to Kaia.
Question: Which label applies to Jarek: Forest or Ocean?
Answer with exactly one word:",confirmation,-2.6587129,-15.046358,-19.778633,-25.867874,-18.119747,-35.763603,-0.8124676,-33.20195,-14.593193,-57.15409,-10.41526,-56.58024,-85.24765
confirm_g016_clean,1016,4,0,clean,clean,stable,Sun,Moon,Cloud,"You are given a small relation graph.
Fact 1: Maelis routes through Noam.
Fact 2: Noam resolves to Sun.
Question: Which label is associated with Maelis: Sun or Moon?
Answer with exactly one word:",confirmation,15.21401,0.0,13.214811,0.0,22.751436,0.0,20.033121,0.0,38.21886,0.0,57.618607,0.0,12.397655
confirm_g016_rename,1016,4,0,rename,relation_preserving,stable,Sun,Moon,Cloud,"Consider a tiny mapping network.
Link one: Maelis routes through Noam.
Link two: Noam resolves to Sun.
Choose the label reached from Maelis: Sun or Moon.
One word answer:",confirmation,19.409496,4.195486,21.919779,8.7049675,25.711245,2.9598083,23.489347,3.4562263,39.059387,0.8405266,60.26766,2.6490517,20.534643
confirm_g016_permuted,1016,4,0,permuted,relation_preserving,stable,Sun,Moon,Cloud,"You are given a small relation graph.
Fact 2: Noam resolves to Sun.
Fact 1: Maelis routes through Noam.
Question: Which label is associated with Maelis: Sun or Moon?
Answer with exactly one word:",confirmation,13.373806,-1.8402042,6.178776,-7.0360355,21.9298,-0.8216362,19.367441,-0.66567993,39.627186,1.4083252,59.603725,1.9851189,10.807882
confirm_g016_redundant,1016,4,0,redundant,relation_preserving,stable,Sun,Moon,Cloud,"You are given a small relation graph.
Fact 1: Maelis routes through Noam.
Fact 2: Noam resolves to Sun.
Repeated confirmation: Maelis still goes through Noam.
Repeated confirmation: Noam still points to Sun.
Question: Which label is associated with Maelis: Sun or Moon?
Answer with exactly one word:",confirmation,10.894414,-4.3195963,7.1375866,-6.0772247,19.851254,-2.9001827,18.706322,-1.3267994,30.729248,-7.4896126,50.458916,-7.159691,0.2237854
confirm_g016_irrelevant,1016,4,0,irrelevant,relation_preserving,stable,Sun,Moon,Cloud,"You are given a small relation graph.
Fact 1: Maelis routes through Noam.
Fact 2: Noam resolves to Sun.
Irrelevant fact: Odel is associated with Cloud.
Question: Which label is associated with Maelis: Sun or Moon?
Answer with exactly one word:",confirmation,16.725367,1.5113564,11.437244,-1.7775669,21.98044,-0.7709961,20.616238,0.58311653,39.196873,0.9780121,58.23996,0.62135315,12.8702755
confirm_g016_paraphrase,1016,4,0,paraphrase,relation_preserving,stable,Sun,Moon,Cloud,"In this example, Maelis reaches Noam.
The destination connected to Noam is Sun.
Based on those two links, select the label for Maelis: Sun or Moon.
Answer:",confirmation,10.814528,-4.399482,0.6603308,-12.554481,10.877668,-11.873768,12.308428,-7.7246933,23.900536,-14.318325,47.775055,-9.843552,-12.959308
confirm_g016_weak_distractor,1016,4,0,weak_distractor,structure_changing,stable_shift,Sun,Moon,Cloud,"You are given a small relation graph.
Fact 1: Maelis routes through Noam.
Fact 2: Noam resolves to Sun.
Weak note: some unrelated source mentions Moon, but does not update the graph.
Question: Which label is associated with Maelis: Sun or Moon?
Answer with exactly one word:",confirmation,20.288004,5.0739937,16.824116,3.6093044,29.264732,6.513296,26.96901,6.9358883,44.910774,6.6919136,63.20947,5.5908623,26.342752
confirm_g016_competition_balanced,1016,4,0,competition_balanced,structure_changing,competition,Sun,Moon,Cloud,"You are given a small relation graph.
Fact 1: Maelis routes through Noam.
Fact 2: Noam resolves to Sun.
Competing fact: Maelis is also associated with Moon.
Question: Which label is associated with Maelis: Sun or Moon?
Answer with exactly one word:",confirmation,8.368269,-6.8457413,7.4913864,-5.723425,15.391995,-7.359441,14.5184765,-5.5146446,31.433792,-6.7850685,49.5891,-8.029507,-3.72717
confirm_g016_direct_conflict,1016,4,0,direct_conflict,structure_changing,competition,Sun,Moon,Cloud,"You are given a small relation graph.
Fact 1: Maelis routes through Noam.
Fact 2: Noam resolves to Sun.
Direct conflicting fact: Maelis resolves to Moon.
Question: Which label is associated with Maelis: Sun or Moon?
Answer with exactly one word:",confirmation,11.453987,-3.760023,11.828909,-1.3859024,19.810678,-2.9407578,18.361773,-1.6713486,33.02187,-5.196991,49.802425,-7.816181,2.5982323
confirm_g016_closure_update,1016,4,0,closure_update,structure_changing,closure,Sun,Moon,Cloud,"You are given a small relation graph.
Fact 1: Maelis routes through Noam.
Old record: Noam resolves to Sun.
Updated record: Noam resolves to Moon, not Sun.
Question: Which label is associated with Maelis: Sun or Moon?
Answer with exactly one word:",confirmation,9.14698,-6.06703,-0.13112259,-13.345934,16.83975,-5.911686,16.989895,-3.0432262,32.48502,-5.733841,52.125774,-5.492832,-2.7046528
confirm_g016_closure_override,1016,4,0,closure_override,structure_changing,closure,Sun,Moon,Cloud,"You are given a rule system.
General rule: items that routes through Noam receive label Sun.
Override rule: in this case, items that routes through Noam receive label Moon.
Fact: Maelis routes through Noam.
Question: Which label applies to Maelis: Sun or Moon?
Answer with exactly one word:",confirmation,-10.1374035,-25.351414,-18.112026,-31.326838,-9.292565,-32.044003,-6.9941826,-27.027304,-16.320538,-54.5394,4.575268,-53.04334,-82.25252
confirm_g016_exception_override,1016,4,0,exception_override,structure_changing,closure,Sun,Moon,Cloud,"You are given a rule system.
General rule: items connected to Noam use label Sun.
Exception: Maelis is a special case and uses label Moon.
Fact: Maelis is connected to Noam.
Question: Which label applies to Maelis: Sun or Moon?
Answer with exactly one word:",confirmation,-7.429904,-22.643913,-20.450056,-33.664867,-9.414931,-32.166367,-7.2725744,-27.305695,-11.5239105,-49.74277,7.8604393,-49.758167,-78.44562
confirm_g017_clean,1017,4,1,clean,clean,stable,Cloud,Stone,Circle,"You are given a small relation graph.
Fact 1: Maelis connects via Noam.
Fact 2: Noam carries label Cloud.
Question: Which label is associated with Maelis: Cloud or Stone?
Answer with exactly one word:",confirmation,35.465775,0.0,36.678604,0.0,33.910164,0.0,26.940918,0.0,33.966064,0.0,25.622417,0.0,12.397655
confirm_g017_rename,1017,4,1,rename,relation_preserving,stable,Cloud,Stone,Circle,"Consider a tiny mapping network.
Link one: Maelis connects via Noam.
Link two: Noam carries label Cloud.
Choose the label reached from Maelis: Cloud or Stone.
One word answer:",confirmation,36.43889,0.973114,48.12246,11.443855,48.316956,14.406792,40.53442,13.593502,48.830574,14.86451,37.015327,11.39291,41.012657
confirm_g017_permuted,1017,4,1,permuted,relation_preserving,stable,Cloud,Stone,Circle,"You are given a small relation graph.
Fact 2: Noam carries label Cloud.
Fact 1: Maelis connects via Noam.
Question: Which label is associated with Maelis: Cloud or Stone?
Answer with exactly one word:",confirmation,32.85583,-2.6099434,25.891222,-10.787382,28.366133,-5.544031,22.310455,-4.6304626,27.179337,-6.786728,20.123266,-5.499151,-2.1095629
confirm_g017_redundant,1017,4,1,redundant,relation_preserving,stable,Cloud,Stone,Circle,"You are given a small relation graph.
Fact 1: Maelis connects via Noam.
Fact 2: Noam carries label Cloud.
Repeated confirmation: Maelis still goes through Noam.
Repeated confirmation: Noam still points to Cloud.
Question: Which label is associated with Maelis: Cloud or Stone?
Answer with exactly one word:",confirmation,30.748602,-4.7171726,30.749275,-5.929329,31.113853,-2.7963104,25.641876,-1.2990417,32.487022,-1.479042,23.722626,-1.8997917,6.0245705
confirm_g017_irrelevant,1017,4,1,irrelevant,relation_preserving,stable,Cloud,Stone,Circle,"You are given a small relation graph.
Fact 1: Maelis connects via Noam.
Fact 2: Noam carries label Cloud.
Irrelevant fact: Odel is associated with Circle.
Question: Which label is associated with Maelis: Cloud or Stone?
Answer with exactly one word:",confirmation,38.45163,2.985855,39.366493,2.687889,38.324936,4.414772,30.686083,3.7451649,35.759037,1.7929726,26.8465,1.224083,18.736567
confirm_g017_paraphrase,1017,4,1,paraphrase,relation_preserving,stable,Cloud,Stone,Circle,"In this example, Maelis reaches Noam.
The destination connected to Noam is Cloud.
Based on those two links, select the label for Maelis: Cloud or Stone.
Answer:",confirmation,22.53584,-12.929935,31.245522,-5.4330826,33.964806,0.054641724,22.584373,-4.3565445,14.796406,-19.169659,6.8287354,-18.793682,-13.376901
confirm_g017_weak_distractor,1017,4,1,weak_distractor,structure_changing,stable_shift,Cloud,Stone,Circle,"You are given a small relation graph.
Fact 1: Maelis connects via Noam.
Fact 2: Noam carries label Cloud.
Weak note: some unrelated source mentions Stone, but does not update the graph.
Question: Which label is associated with Maelis: Cloud or Stone?
Answer with exactly one word:",confirmation,37.96627,2.500496,36.253475,-0.42512894,36.456795,2.5466309,30.45781,3.5168915,34.220093,0.25402832,25.846485,0.22406769,15.444277
confirm_g017_competition_balanced,1017,4,1,competition_balanced,structure_changing,competition,Cloud,Stone,Circle,"You are given a small relation graph.
Fact 1: Maelis connects via Noam.
Fact 2: Noam carries label Cloud.
Competing fact: Maelis is also associated with Stone.
Question: Which label is associated with Maelis: Cloud or Stone?
Answer with exactly one word:",confirmation,26.019337,-9.446438,20.07303,-16.605574,23.62311,-10.287054,19.00844,-7.932478,21.306175,-12.659889,14.041191,-11.581226,-14.877255
confirm_g017_direct_conflict,1017,4,1,direct_conflict,structure_changing,competition,Cloud,Stone,Circle,"You are given a small relation graph.
Fact 1: Maelis connects via Noam.
Fact 2: Noam carries label Cloud.
Direct conflicting fact: Maelis carries label Stone.
Question: Which label is associated with Maelis: Cloud or Stone?
Answer with exactly one word:",confirmation,31.703018,-3.7627563,28.735437,-7.9431667,36.763775,2.853611,29.435818,2.4948997,31.977898,-1.9881668,24.612158,-1.0102596,9.523853
confirm_g017_closure_update,1017,4,1,closure_update,structure_changing,closure,Cloud,Stone,Circle,"You are given a small relation graph.
Fact 1: Maelis connects via Noam.
Old record: Noam carries label Cloud.
Updated record: Noam carries label Stone, not Cloud.
Question: Which label is associated with Maelis: Cloud or Stone?
Answer with exactly one word:",confirmation,29.032127,-6.433647,15.10407,-21.574535,24.65977,-9.250395,19.767174,-7.173744,26.015207,-7.950857,18.910187,-6.7122307,-10.239223
confirm_g017_closure_override,1017,4,1,closure_override,structure_changing,closure,Cloud,Stone,Circle,"You are given a rule system.
General rule: items that connects via Noam receive label Cloud.
Override rule: in this case, items that connects via Noam receive label Stone.
Fact: Maelis connects via Noam.
Question: Which label applies to Maelis: Cloud or Stone?
Answer with exactly one word:",confirmation,2.9826941,-32.48308,-6.2263303,-42.904934,-1.7018986,-35.61206,-5.443577,-32.384495,-34.496964,-68.46303,-33.450016,-59.072433,-101.43047
confirm_g017_exception_override,1017,4,1,exception_override,structure_changing,closure,Cloud,Stone,Circle,"You are given a rule system.
General rule: items connected to Noam use label Cloud.
Exception: Maelis is a special case and uses label Stone.
Fact: Maelis is connected to Noam.
Question: Which label applies to Maelis: Cloud or Stone?
Answer with exactly one word:",confirmation,2.2677832,-33.19799,-11.571825,-48.250427,-7.509633,-41.419796,-9.817722,-36.75864,-38.69151,-72.65758,-39.898907,-65.521324,-112.876755
confirm_g018_clean,1018,4,2,clean,clean,stable,Circle,Square,Triangle,"You are given a small relation graph.
Fact 1: Maelis passes through Noam.
Fact 2: Noam is coded as Circle.
Question: Which label is associated with Maelis: Circle or Square?
Answer with exactly one word:",confirmation,3.3789544,0.0,10.762617,0.0,5.899765,0.0,-0.7814064,0.0,10.293293,0.0,-1.9036865,0.0,12.397655
confirm_g018_rename,1018,4,2,rename,relation_preserving,stable,Circle,Square,Triangle,"Consider a tiny mapping network.
Link one: Maelis passes through Noam.
Link two: Noam is coded as Circle.
Choose the label reached from Maelis: Circle or Square.
One word answer:",confirmation,5.668115,2.2891607,28.171782,17.409164,22.583843,16.684078,18.04017,18.821577,35.533882,25.24059,20.205845,22.109531,57.05527
confirm_g018_permuted,1018,4,2,permuted,relation_preserving,stable,Circle,Square,Triangle,"You are given a small relation graph.
Fact 2: Noam is coded as Circle.
Fact 1: Maelis passes through Noam.
Question: Which label is associated with Maelis: Circle or Square?
Answer with exactly one word:",confirmation,4.2178097,0.83885527,4.796585,-5.966032,0.99874115,-4.901024,-4.543276,-3.7618694,9.136827,-1.1564655,-4.9678802,-3.0641937,4.9861274
confirm_g018_redundant,1018,4,2,redundant,relation_preserving,stable,Circle,Square,Triangle,"You are given a small relation graph.
Fact 1: Maelis passes through Noam.
Fact 2: Noam is coded as Circle.
Repeated confirmation: Maelis still goes through Noam.
Repeated confirmation: Noam still points to Circle.
Question: Which label is associated with Maelis: Circle or Square?
Answer with exactly one word:",confirmation,2.5773501,-0.8016043,6.2696075,-4.4930096,0.13202381,-5.767741,-5.910757,-5.1293507,2.357975,-7.935318,-9.883247,-7.979561,-1.7687693
confirm_g018_irrelevant,1018,4,2,irrelevant,relation_preserving,stable,Circle,Square,Triangle,"You are given a small relation graph.
Fact 1: Maelis passes through Noam.
Fact 2: Noam is coded as Circle.
Irrelevant fact: Odel is associated with Triangle.
Question: Which label is associated with Maelis: Circle or Square?
Answer with exactly one word:",confirmation,5.617916,2.2389617,13.796109,3.033492,6.9624386,1.0626736,0.15382957,0.935236,11.291084,0.9977913,-1.5852661,0.3184204,15.364634
confirm_g018_paraphrase,1018,4,2,paraphrase,relation_preserving,stable,Circle,Square,Triangle,"In this example, Maelis reaches Noam.
The destination connected to Noam is Circle.
Based on those two links, select the label for Maelis: Circle or Square.
Answer:",confirmation,-1.2411914,-4.620146,-1.0160303,-11.778647,-0.42097378,-6.320739,-8.659309,-7.877903,3.4281769,-6.865116,-11.695988,-9.792301,-6.6875467
confirm_g018_weak_distractor,1018,4,2,weak_distractor,structure_changing,stable_shift,Circle,Square,Triangle,"You are given a small relation graph.
Fact 1: Maelis passes through Noam.
Fact 2: Noam is coded as Circle.
Weak note: some unrelated source mentions Square, but does not update the graph.
Question: Which label is associated with Maelis: Circle or Square?
Answer with exactly one word:",confirmation,9.566214,6.187259,24.194563,13.431946,17.526186,11.626421,9.490438,10.271845,23.416183,13.12289,5.545437,7.4491234,37.480106
confirm_g018_competition_balanced,1018,4,2,competition_balanced,structure_changing,competition,Circle,Square,Triangle,"You are given a small relation graph.
Fact 1: Maelis passes through Noam.
Fact 2: Noam is coded as Circle.
Competing fact: Maelis is also associated with Square.
Question: Which label is associated with Maelis: Circle or Square?
Answer with exactly one word:",confirmation,-1.2711213,-4.650076,14.160124,3.3975067,7.811475,1.9117098,0.17248535,0.95389175,8.971342,-1.3219509,-8.872482,-6.968796,9.410733
confirm_g018_direct_conflict,1018,4,2,direct_conflict,structure_changing,competition,Circle,Square,Triangle,"You are given a small relation graph.
Fact 1: Maelis passes through Noam.
Fact 2: Noam is coded as Circle.
Direct conflicting fact: Maelis is coded as Square.
Question: Which label is associated with Maelis: Circle or Square?
Answer with exactly one word:",confirmation,3.2226653,-0.1562891,20.46751,9.704893,13.259263,7.359498,4.6462364,5.427643,15.488487,5.1951942,-6.230072,-4.3263855,21.14036
confirm_g018_closure_update,1018,4,2,closure_update,structure_changing,closure,Circle,Square,Triangle,"You are given a small relation graph.
Fact 1: Maelis passes through Noam.
Old record: Noam is coded as Circle.
Updated record: Noam is coded as Square, not Circle.
Question: Which label is associated with Maelis: Circle or Square?
Answer with exactly one word:",confirmation,4.310129,0.93117476,5.6875105,-5.0751066,3.2939253,-2.6058397,-2.9666748,-2.1852684,13.340408,3.0471153,-4.219532,-2.3158455,9.39229
confirm_g018_closure_override,1018,4,2,closure_override,structure_changing,closure,Circle,Square,Triangle,"You are given a rule system.
General rule: items that passes through Noam receive label Circle.
Override rule: in this case, items that passes through Noam receive label Square.
Fact: Maelis passes through Noam.
Question: Which label applies to Maelis: Circle or Square?
Answer with exactly one word:",confirmation,-10.906054,-14.285007,-6.678133,-17.44075,-14.578413,-20.478178,-19.726538,-18.945131,-21.07408,-31.367373,-36.543205,-34.63952,-46.047123
confirm_g018_exception_override,1018,4,2,exception_override,structure_changing,closure,Circle,Square,Triangle,"You are given a rule system.
General rule: items connected to Noam use label Circle.
Exception: Maelis is a special case and uses label Square.
Fact: Maelis is connected to Noam.
Question: Which label applies to Maelis: Circle or Square?
Answer with exactly one word:",confirmation,-15.286176,-18.66513,-24.75956,-35.52218,-27.391247,-33.29101,-32.122425,-31.341019,-37.82188,-48.115173,-53.799545,-51.89586,-80.469086
confirm_g019_clean,1019,4,3,clean,clean,stable,Triangle,Star,River,"You are given a small relation graph.
Fact 1: Maelis links through Noam.
Fact 2: Noam terminates at Triangle.
Question: Which label is associated with Maelis: Triangle or Star?
Answer with exactly one word:",confirmation,-17.415106,0.0,-28.999615,0.0,-33.650288,0.0,-57.610657,0.0,-85.36394,0.0,-106.65789,0.0,12.397655
confirm_g019_rename,1019,4,3,rename,relation_preserving,stable,Triangle,Star,River,"Consider a tiny mapping network.
Link one: Maelis links through Noam.
Link two: Noam terminates at Triangle.
Choose the label reached from Maelis: Triangle or Star.
One word answer:",confirmation,-4.9050694,12.510036,4.328719,33.328335,-9.014693,24.635593,-33.055496,24.55516,-56.015762,29.348175,-89.46663,17.191261,69.623886
confirm_g019_permuted,1019,4,3,permuted,relation_preserving,stable,Triangle,Star,River,"You are given a small relation graph.
Fact 2: Noam terminates at Triangle.
Fact 1: Maelis links through Noam.
Question: Which label is associated with Maelis: Triangle or Star?
Answer with exactly one word:",confirmation,-8.238205,9.176901,-24.140352,4.8592625,-25.837452,7.8128357,-51.350365,6.260292,-69.774185,15.589752,-94.52803,12.12986,35.847046
confirm_g019_redundant,1019,4,3,redundant,relation_preserving,stable,Triangle,Star,River,"You are given a small relation graph.
Fact 1: Maelis links through Noam.
Fact 2: Noam terminates at Triangle.
Repeated confirmation: Maelis still goes through Noam.
Repeated confirmation: Noam still points to Triangle.
Question: Which label is associated with Maelis: Triangle or Star?
Answer with exactly one word:",confirmation,-19.589474,-2.174368,-29.368692,-0.36907768,-32.0993,1.5509872,-55.75745,1.8532066,-80.68872,4.6752167,-102.811554,3.8463364,17.523079
confirm_g019_irrelevant,1019,4,3,irrelevant,relation_preserving,stable,Triangle,Star,River,"You are given a small relation graph.
Fact 1: Maelis links through Noam.
Fact 2: Noam terminates at Triangle.
Irrelevant fact: Odel is associated with River.
Question: Which label is associated with Maelis: Triangle or Star?
Answer with exactly one word:",confirmation,-11.979895,5.435211,-26.883877,2.115738,-28.174294,5.475994,-52.856934,4.753723,-76.821304,8.542633,-99.25387,7.404022,26.539833
confirm_g019_paraphrase,1019,4,3,paraphrase,relation_preserving,stable,Triangle,Star,River,"In this example, Maelis reaches Noam.
The destination connected to Noam is Triangle.
Based on those two links, select the label for Maelis: Triangle or Star.
Answer:",confirmation,-15.985262,1.4298439,-34.31569,-5.3160744,-39.2353,-5.5850105,-67.79396,-10.183304,-74.23204,11.131897,-108.0278,-1.3699112,9.760009
confirm_g019_weak_distractor,1019,4,3,weak_distractor,structure_changing,stable_shift,Triangle,Star,River,"You are given a small relation graph.
Fact 1: Maelis links through Noam.
Fact 2: Noam terminates at Triangle.
Weak note: some unrelated source mentions Star, but does not update the graph.
Question: Which label is associated with Maelis: Triangle or Star?
Answer with exactly one word:",confirmation,-7.0077724,10.407333,-18.935436,10.064178,-20.884235,12.766052,-42.868626,14.742031,-68.67388,16.690056,-96.450516,10.207375,42.72297
confirm_g019_competition_balanced,1019,4,3,competition_balanced,structure_changing,competition,Triangle,Star,River,"You are given a small relation graph.
Fact 1: Maelis links through Noam.
Fact 2: Noam terminates at Triangle.
Competing fact: Maelis is also associated with Star.
Question: Which label is associated with Maelis: Triangle or Star?
Answer with exactly one word:",confirmation,-18.340258,-0.9251518,-23.708378,5.291237,-27.936996,5.713291,-50.693428,6.9172287,-79.74212,5.6218185,-110.208084,-3.5501938,20.029602
confirm_g019_direct_conflict,1019,4,3,direct_conflict,structure_changing,competition,Triangle,Star,River,"You are given a small relation graph.
Fact 1: Maelis links through Noam.
Fact 2: Noam terminates at Triangle.
Direct conflicting fact: Maelis terminates at Star.
Question: Which label is associated with Maelis: Triangle or Star?
Answer with exactly one word:",confirmation,-15.528432,1.8866739,-24.255743,4.7438717,-30.207994,3.4422932,-52.44323,5.167427,-86.43753,-1.0735931,-117.88736,-11.229469,11.4844055
confirm_g019_closure_update,1019,4,3,closure_update,structure_changing,closure,Triangle,Star,River,"You are given a small relation graph.
Fact 1: Maelis links through Noam.
Old record: Noam terminates at Triangle.
Updated record: Noam terminates at Star, not Triangle.
Question: Which label is associated with Maelis: Triangle or Star?
Answer with exactly one word:",confirmation,-19.422253,-2.0071468,-41.256077,-12.256462,-45.82589,-12.175602,-68.09762,-10.486961,-96.82448,-11.460541,-120.26213,-13.60424,-13.983577
confirm_g019_closure_override,1019,4,3,closure_override,structure_changing,closure,Triangle,Star,River,"You are given a rule system.
General rule: items that links through Noam receive label Triangle.
Override rule: in this case, items that links through Noam receive label Star.
Fact: Maelis links through Noam.
Question: Which label applies to Maelis: Triangle or Star?
Answer with exactly one word:",confirmation,-31.915665,-14.500559,-46.477455,-17.47784,-58.510544,-24.860256,-81.133514,-23.522858,-121.32743,-35.963493,-147.9006,-41.242714,-55.4054
confirm_g019_exception_override,1019,4,3,exception_override,structure_changing,closure,Triangle,Star,River,"You are given a rule system.
General rule: items connected to Noam use label Triangle.
Exception: Maelis is a special case and uses label Star.
Fact: Maelis is connected to Noam.
Question: Which label applies to Maelis: Triangle or Star?
Answer with exactly one word:",confirmation,-30.94646,-13.531355,-54.51648,-25.516865,-63.192528,-29.54224,-85.67084,-28.06018,-126.47536,-41.11142,-152.97845,-46.320564,-66.77263
confirm_g020_clean,1020,5,0,clean,clean,stable,River,Mountain,Forest,"You are given a small relation graph.
Fact 1: Priya routes through Ronan.
Fact 2: Ronan resolves to River.
Question: Which label is associated with Priya: River or Mountain?
Answer with exactly one word:",confirmation,7.544209,0.0,4.0512657,0.0,6.761938,0.0,15.063517,0.0,23.56937,0.0,30.028717,0.0,12.397655
confirm_g020_rename,1020,5,0,rename,relation_preserving,stable,River,Mountain,Forest,"Consider a tiny mapping network.
Link one: Priya routes through Ronan.
Link two: Ronan resolves to River.
Choose the label reached from Priya: River or Mountain.
One word answer:",confirmation,8.227129,0.68292,17.329021,13.277756,19.699715,12.937777,27.286316,12.222799,42.315025,18.745655,48.966614,18.937897,46.289715
confirm_g020_permuted,1020,5,0,permuted,relation_preserving,stable,River,Mountain,Forest,"You are given a small relation graph.
Fact 2: Ronan resolves to River.
Fact 1: Priya routes through Ronan.
Question: Which label is associated with Priya: River or Mountain?
Answer with exactly one word:",confirmation,10.085537,2.541328,7.5255623,3.4742966,11.041521,4.279583,18.401508,3.3379917,32.796745,9.227375,36.32708,6.2983627,25.111408
confirm_g020_redundant,1020,5,0,redundant,relation_preserving,stable,River,Mountain,Forest,"You are given a small relation graph.
Fact 1: Priya routes through Ronan.
Fact 2: Ronan resolves to River.
Repeated confirmation: Priya still goes through Ronan.
Repeated confirmation: Ronan still points to River.
Question: Which label is associated with Priya: River or Mountain?
Answer with exactly one word:",confirmation,8.622614,1.0784049,3.0252476,-1.0260181,8.338142,1.5762043,16.05706,0.9935436,22.820648,-0.7487221,29.895588,-0.13312912,12.864495
confirm_g020_irrelevant,1020,5,0,irrelevant,relation_preserving,stable,River,Mountain,Forest,"You are given a small relation graph.
Fact 1: Priya routes through Ronan.
Fact 2: Ronan resolves to River.
Irrelevant fact: Selene is associated with Forest.
Question: Which label is associated with Priya: River or Mountain?
Answer with exactly one word:",confirmation,8.282097,0.73788786,4.541277,0.49001122,7.88027,1.1183319,15.390139,0.326622,25.422985,1.8536148,29.474361,-0.5543556,13.973064
confirm_g020_paraphrase,1020,5,0,paraphrase,relation_preserving,stable,River,Mountain,Forest,"In this example, Priya reaches Ronan.
The destination connected to Ronan is River.
Based on those two links, select the label for Priya: River or Mountain.
Answer:",confirmation,-7.740613,-15.284822,-16.412851,-20.464117,0.37049103,-6.391447,9.1625595,-5.900957,13.815834,-9.753536,18.905598,-11.123119,-13.332194
confirm_g020_weak_distractor,1020,5,0,weak_distractor,structure_changing,stable_shift,River,Mountain,Forest,"You are given a small relation graph.
Fact 1: Priya routes through Ronan.
Fact 2: Ronan resolves to River.
Weak note: some unrelated source mentions Mountain, but does not update the graph.
Question: Which label is associated with Priya: River or Mountain?
Answer with exactly one word:",confirmation,7.04016,-0.5040488,0.6919365,-3.3593292,13.547104,6.785166,20.046852,4.9833355,29.958115,6.3887444,32.832108,2.8033905,20.583061
confirm_g020_competition_balanced,1020,5,0,competition_balanced,structure_changing,competition,River,Mountain,Forest,"You are given a small relation graph.
Fact 1: Priya routes through Ronan.
Fact 2: Ronan resolves to River.
Competing fact: Priya is also associated with Mountain.
Question: Which label is associated with Priya: River or Mountain?
Answer with exactly one word:",confirmation,5.2143774,-2.3298316,5.473666,1.4224005,12.842247,6.080309,19.93782,4.874304,35.372253,11.802883,36.72375,6.695034,26.221987
confirm_g020_direct_conflict,1020,5,0,direct_conflict,structure_changing,competition,River,Mountain,Forest,"You are given a small relation graph.
Fact 1: Priya routes through Ronan.
Fact 2: Ronan resolves to River.
Direct conflicting fact: Priya resolves to Mountain.
Question: Which label is associated with Priya: River or Mountain?
Answer with exactly one word:",confirmation,8.384982,0.8407731,15.236355,11.185089,21.406567,14.644629,28.466702,13.403185,42.024048,18.454678,45.488777,15.46006,44.85033
confirm_g020_closure_update,1020,5,0,closure_update,structure_changing,closure,River,Mountain,Forest,"You are given a small relation graph.
Fact 1: Priya routes through Ronan.
Old record: Ronan resolves to River.
Updated record: Ronan resolves to Mountain, not River.
Question: Which label is associated with Priya: River or Mountain?
Answer with exactly one word:",confirmation,0.9931836,-6.5510254,-17.111164,-21.16243,-1.2528191,-8.014757,7.4376383,-7.6258783,19.658875,-3.9104958,23.953869,-6.074848,-7.3945284
confirm_g020_closure_override,1020,5,0,closure_override,structure_changing,closure,River,Mountain,Forest,"You are given a rule system.
General rule: items that routes through Ronan receive label River.
Override rule: in this case, items that routes through Ronan receive label Mountain.
Fact: Priya routes through Ronan.
Question: Which label applies to Priya: River or Mountain?
Answer with exactly one word:",confirmation,-17.114769,-24.658978,-25.866232,-29.917498,-16.40932,-23.171259,-9.304934,-24.36845,-6.9646416,-30.534012,1.9517059,-28.077011,-51.86159
confirm_g020_exception_override,1020,5,0,exception_override,structure_changing,closure,River,Mountain,Forest,"You are given a rule system.
General rule: items connected to Ronan use label River.
Exception: Priya is a special case and uses label Mountain.
Fact: Priya is connected to Ronan.
Question: Which label applies to Priya: River or Mountain?
Answer with exactly one word:",confirmation,-26.856125,-34.400333,-44.39603,-48.447296,-33.8722,-40.63414,-27.6972,-42.76072,-37.361237,-60.930607,-31.944038,-61.972755,-107.35516
confirm_g021_clean,1021,5,1,clean,clean,stable,Forest,Ocean,Sun,"You are given a small relation graph.
Fact 1: Priya connects via Ronan.
Fact 2: Ronan carries label Forest.
Question: Which label is associated with Priya: Forest or Ocean?
Answer with exactly one word:",confirmation,20.79155,0.0,14.173712,0.0,19.379507,0.0,32.795284,0.0,47.3067,0.0,52.458744,0.0,12.397655
confirm_g021_rename,1021,5,1,rename,relation_preserving,stable,Forest,Ocean,Sun,"Consider a tiny mapping network.
Link one: Priya connects via Ronan.
Link two: Ronan carries label Forest.
Choose the label reached from Priya: Forest or Ocean.
One word answer:",confirmation,22.259968,1.4684181,26.869001,12.69529,38.841026,19.46152,48.942932,16.147648,69.50035,22.19365,70.33243,17.873684,51.67018
confirm_g021_permuted,1021,5,1,permuted,relation_preserving,stable,Forest,Ocean,Sun,"You are given a small relation graph.
Fact 2: Ronan carries label Forest.
Fact 1: Priya connects via Ronan.
Question: Which label is associated with Priya: Forest or Ocean?
Answer with exactly one word:",confirmation,23.856453,3.0649033,9.297366,-4.8763456,18.329584,-1.049923,33.26824,0.4729576,46.26786,-1.0388412,51.823986,-0.634758,10.343136
confirm_g021_redundant,1021,5,1,redundant,relation_preserving,stable,Forest,Ocean,Sun,"You are given a small relation graph.
Fact 1: Priya connects via Ronan.
Fact 2: Ronan carries label Forest.
Repeated confirmation: Priya still goes through Ronan.
Repeated confirmation: Ronan still points to Forest.
Question: Which label is associated with Priya: Forest or Ocean?
Answer with exactly one word:",confirmation,17.341099,-3.450451,9.746756,-4.426956,18.529438,-0.85006905,31.908024,-0.88726044,44.20071,-3.1059914,49.117023,-3.3417206,6.176045
confirm_g021_irrelevant,1021,5,1,irrelevant,relation_preserving,stable,Forest,Ocean,Sun,"You are given a small relation graph.
Fact 1: Priya connects via Ronan.
Fact 2: Ronan carries label Forest.
Irrelevant fact: Selene is associated with Sun.
Question: Which label is associated with Priya: Forest or Ocean?
Answer with exactly one word:",confirmation,20.582495,-0.20905495,14.445937,0.27222538,24.839327,5.45982,37.34069,4.5454063,55.821484,8.514782,58.413208,5.954464,23.851986
confirm_g021_paraphrase,1021,5,1,paraphrase,relation_preserving,stable,Forest,Ocean,Sun,"In this example, Priya reaches Ronan.
The destination connected to Ronan is Forest.
Based on those two links, select the label for Priya: Forest or Ocean.
Answer:",confirmation,13.696698,-7.0948515,12.126249,-2.0474625,35.830956,16.451448,50.06649,17.271206,61.976505,14.669804,61.91956,9.460815,35.93564
confirm_g021_weak_distractor,1021,5,1,weak_distractor,structure_changing,stable_shift,Forest,Ocean,Sun,"You are given a small relation graph.
Fact 1: Priya connects via Ronan.
Fact 2: Ronan carries label Forest.
Weak note: some unrelated source mentions Ocean, but does not update the graph.
Question: Which label is associated with Priya: Forest or Ocean?
Answer with exactly one word:",confirmation,19.39299,-1.3985596,10.633339,-3.5403728,22.622896,3.2433891,34.776566,1.9812813,52.167862,4.8611603,57.844624,5.3858795,18.260973
confirm_g021_competition_balanced,1021,5,1,competition_balanced,structure_changing,competition,Forest,Ocean,Sun,"You are given a small relation graph.
Fact 1: Priya connects via Ronan.
Fact 2: Ronan carries label Forest.
Competing fact: Priya is also associated with Ocean.
Question: Which label is associated with Priya: Forest or Ocean?
Answer with exactly one word:",confirmation,5.412874,-15.378675,-7.0095787,-21.18329,4.623165,-14.756342,18.478436,-14.316849,22.264492,-25.04221,30.021717,-22.437027,-33.90954
confirm_g021_direct_conflict,1021,5,1,direct_conflict,structure_changing,competition,Forest,Ocean,Sun,"You are given a small relation graph.
Fact 1: Priya connects via Ronan.
Fact 2: Ronan carries label Forest.
Direct conflicting fact: Priya carries label Ocean.
Question: Which label is associated with Priya: Forest or Ocean?
Answer with exactly one word:",confirmation,16.686506,-4.1050434,13.3141365,-0.8595753,23.07789,3.6983833,35.245598,2.4503136,48.775955,1.4692535,52.74892,0.2901764,14.573429
confirm_g021_closure_update,1021,5,1,closure_update,structure_changing,closure,Forest,Ocean,Sun,"You are given a small relation graph.
Fact 1: Priya connects via Ronan.
Old record: Ronan carries label Forest.
Updated record: Ronan carries label Ocean, not Forest.
Question: Which label is associated with Priya: Forest or Ocean?
Answer with exactly one word:",confirmation,17.766151,-3.0253983,0.94417,-13.229542,16.678606,-2.700901,30.185131,-2.6101532,50.734486,3.427784,55.532265,3.0735207,8.571462
confirm_g021_closure_override,1021,5,1,closure_override,structure_changing,closure,Forest,Ocean,Sun,"You are given a rule system.
General rule: items that connects via Ronan receive label Forest.
Override rule: in this case, items that connects via Ronan receive label Ocean.
Fact: Priya connects via Ronan.
Question: Which label applies to Priya: Forest or Ocean?
Answer with exactly one word:",confirmation,-3.6496887,-24.441238,-13.615967,-27.789679,-9.676368,-29.055874,6.127529,-26.667755,-3.339161,-50.645863,7.558693,-44.90005,-73.35209
confirm_g021_exception_override,1021,5,1,exception_override,structure_changing,closure,Forest,Ocean,Sun,"You are given a rule system.
General rule: items connected to Ronan use label Forest.
Exception: Priya is a special case and uses label Ocean.
Fact: Priya is connected to Ronan.
Question: Which label applies to Priya: Forest or Ocean?
Answer with exactly one word:",confirmation,-3.0337124,-23.825262,-23.18121,-37.35492,-19.579346,-38.958855,-3.4866657,-36.28195,-19.04548,-66.35218,-14.984266,-67.44301,-103.76468
confirm_g022_clean,1022,5,2,clean,clean,stable,Sun,Moon,Cloud,"You are given a small relation graph.
Fact 1: Priya passes through Ronan.
Fact 2: Ronan is coded as Sun.
Question: Which label is associated with Priya: Sun or Moon?
Answer with exactly one word:",confirmation,15.673092,0.0,5.9956303,0.0,20.248362,0.0,18.229979,0.0,38.187763,0.0,58.64808,0.0,12.397655
confirm_g022_rename,1022,5,2,rename,relation_preserving,stable,Sun,Moon,Cloud,"Consider a tiny mapping network.
Link one: Priya passes through Ronan.
Link two: Ronan is coded as Sun.
Choose the label reached from Priya: Sun or Moon.
One word answer:",confirmation,23.421356,7.7482643,23.974949,17.979319,29.112148,8.863787,28.65911,10.429131,47.81185,9.624088,69.67763,11.029549,38.300034
confirm_g022_permuted,1022,5,2,permuted,relation_preserving,stable,Sun,Moon,Cloud,"You are given a small relation graph.
Fact 2: Ronan is coded as Sun.
Fact 1: Priya passes through Ronan.
Question: Which label is associated with Priya: Sun or Moon?
Answer with exactly one word:",confirmation,20.002354,4.329262,6.355463,0.35983276,20.965214,0.7168522,18.555439,0.32546043,39.215385,1.0276222,58.363464,-0.28461456,14.262942
confirm_g022_redundant,1022,5,2,redundant,relation_preserving,stable,Sun,Moon,Cloud,"You are given a small relation graph.
Fact 1: Priya passes through Ronan.
Fact 2: Ronan is coded as Sun.
Repeated confirmation: Priya still goes through Ronan.
Repeated confirmation: Ronan still points to Sun.
Question: Which label is associated with Priya: Sun or Moon?
Answer with exactly one word:",confirmation,15.194674,-0.47841835,4.6052227,-1.3904076,18.210949,-2.0374126,16.529697,-1.7002811,33.345543,-4.8422203,53.96692,-4.68116,5.4566975
confirm_g022_irrelevant,1022,5,2,irrelevant,relation_preserving,stable,Sun,Moon,Cloud,"You are given a small relation graph.
Fact 1: Priya passes through Ronan.
Fact 2: Ronan is coded as Sun.
Irrelevant fact: Selene is associated with Cloud.
Question: Which label is associated with Priya: Sun or Moon?
Answer with exactly one word:",confirmation,20.95066,5.277569,11.235815,5.240185,25.079187,4.830826,22.542067,4.312088,45.3741,7.1863365,64.85301,6.204933,25.798153
confirm_g022_paraphrase,1022,5,2,paraphrase,relation_preserving,stable,Sun,Moon,Cloud,"In this example, Priya reaches Ronan.
The destination connected to Ronan is Sun.
Based on those two links, select the label for Priya: Sun or Moon.
Answer:",confirmation,11.378555,-4.2945366,-2.594633,-8.590263,8.489006,-11.759356,9.898033,-8.331945,25.63926,-12.548504,49.25402,-9.394058,-10.667108
confirm_g022_weak_distractor,1022,5,2,weak_distractor,structure_changing,stable_shift,Sun,Moon,Cloud,"You are given a small relation graph.
Fact 1: Priya passes through Ronan.
Fact 2: Ronan is coded as Sun.
Weak note: some unrelated source mentions Moon, but does not update the graph.
Question: Which label is associated with Priya: Sun or Moon?
Answer with exactly one word:",confirmation,24.563332,8.89024,19.554302,13.558672,31.149569,10.901207,28.034758,9.804779,50.970917,12.783154,69.43143,10.783348,39.16824
confirm_g022_competition_balanced,1022,5,2,competition_balanced,structure_changing,competition,Sun,Moon,Cloud,"You are given a small relation graph.
Fact 1: Priya passes through Ronan.
Fact 2: Ronan is coded as Sun.
Competing fact: Priya is also associated with Moon.
Question: Which label is associated with Priya: Sun or Moon?
Answer with exactly one word:",confirmation,15.7494,0.07630825,12.964823,6.9691925,24.812439,4.5640774,23.471992,5.242014,47.95357,9.765808,65.66345,7.015373,27.230513
confirm_g022_direct_conflict,1022,5,2,direct_conflict,structure_changing,competition,Sun,Moon,Cloud,"You are given a small relation graph.
Fact 1: Priya passes through Ronan.
Fact 2: Ronan is coded as Sun.
Direct conflicting fact: Priya is coded as Moon.
Question: Which label is associated with Priya: Sun or Moon?
Answer with exactly one word:",confirmation,15.673081,-1.04904175e-05,14.386837,8.391207,25.336872,5.0885105,22.535,4.3050213,39.618973,1.4312096,57.37055,-1.2775307,19.0033
confirm_g022_closure_update,1022,5,2,closure_update,structure_changing,closure,Sun,Moon,Cloud,"You are given a small relation graph.
Fact 1: Priya passes through Ronan.
Old record: Ronan is coded as Sun.
Updated record: Ronan is coded as Moon, not Sun.
Question: Which label is associated with Priya: Sun or Moon?
Answer with exactly one word:",confirmation,13.301363,-2.371729,1.1584301,-4.8372,17.16836,-3.0800018,16.070807,-2.159172,37.02034,-1.1674232,57.67112,-0.9769592,7.0838947
confirm_g022_closure_override,1022,5,2,closure_override,structure_changing,closure,Sun,Moon,Cloud,"You are given a rule system.
General rule: items that passes through Ronan receive label Sun.
Override rule: in this case, items that passes through Ronan receive label Moon.
Fact: Priya passes through Ronan.
Question: Which label applies to Priya: Sun or Moon?
Answer with exactly one word:",confirmation,-7.9575253,-23.630617,-13.937118,-19.932747,-1.3915977,-21.63996,0.020142555,-18.209835,-2.5477219,-40.735485,21.931496,-36.716583,-54.987408
confirm_g022_exception_override,1022,5,2,exception_override,structure_changing,closure,Sun,Moon,Cloud,"You are given a rule system.
General rule: items connected to Ronan use label Sun.
Exception: Priya is a special case and uses label Moon.
Fact: Priya is connected to Ronan.
Question: Which label applies to Priya: Sun or Moon?
Answer with exactly one word:",confirmation,-9.179596,-24.852688,-24.889381,-30.885012,-13.000468,-33.24883,-11.874153,-30.104132,-14.841137,-53.0289,4.205162,-54.442917,-83.6163
confirm_g023_clean,1023,5,3,clean,clean,stable,Cloud,Stone,Circle,"You are given a small relation graph.
Fact 1: Priya links through Ronan.
Fact 2: Ronan terminates at Cloud.
Question: Which label is associated with Priya: Cloud or Stone?
Answer with exactly one word:",confirmation,28.816923,0.0,28.886015,0.0,29.006811,0.0,23.94998,0.0,21.8485,0.0,5.319706,0.0,12.397655
confirm_g023_rename,1023,5,3,rename,relation_preserving,stable,Cloud,Stone,Circle,"Consider a tiny mapping network.
Link one: Priya links through Ronan.
Link two: Ronan terminates at Cloud.
Choose the label reached from Priya: Cloud or Stone.
One word answer:",confirmation,36.078316,7.2613926,51.52185,22.635836,52.88917,23.88236,44.65441,20.704432,54.33883,32.49033,34.159782,28.840076,70.71007
confirm_g023_permuted,1023,5,3,permuted,relation_preserving,stable,Cloud,Stone,Circle,"You are given a small relation graph.
Fact 2: Ronan terminates at Cloud.
Fact 1: Priya links through Ronan.
Question: Which label is associated with Priya: Cloud or Stone?
Answer with exactly one word:",confirmation,30.884388,2.0674648,36.61546,7.7294445,39.224483,10.217672,31.443552,7.493572,32.160866,10.3123665,15.409945,10.090239,32.944294
confirm_g023_redundant,1023,5,3,redundant,relation_preserving,stable,Cloud,Stone,Circle,"You are given a small relation graph.
Fact 1: Priya links through Ronan.
Fact 2: Ronan terminates at Cloud.
Repeated confirmation: Priya still goes through Ronan.
Repeated confirmation: Ronan still points to Cloud.
Question: Which label is associated with Priya: Cloud or Stone?
Answer with exactly one word:",confirmation,23.816765,-5.0001583,22.469402,-6.4166126,26.068216,-2.9385948,21.613646,-2.3363342,22.723114,0.8746147,4.5969105,-0.7227955,7.1555147
confirm_g023_irrelevant,1023,5,3,irrelevant,relation_preserving,stable,Cloud,Stone,Circle,"You are given a small relation graph.
Fact 1: Priya links through Ronan.
Fact 2: Ronan terminates at Cloud.
Irrelevant fact: Selene is associated with Circle.
Question: Which label is associated with Priya: Cloud or Stone?
Answer with exactly one word:",confirmation,33.413002,4.596079,31.513504,2.627489,36.236084,7.229273,29.130983,5.1810036,33.275627,11.427128,14.338234,9.018528,29.716175
confirm_g023_paraphrase,1023,5,3,paraphrase,relation_preserving,stable,Cloud,Stone,Circle,"In this example, Priya reaches Ronan.
The destination connected to Ronan is Cloud.
Based on those two links, select the label for Priya: Cloud or Stone.
Answer:",confirmation,24.910137,-3.906786,27.0288,-1.8572159,33.84753,4.840719,22.650139,-1.2998409,15.889248,-5.9592514,1.4092484,-3.9104576,7.3266926
confirm_g023_weak_distractor,1023,5,3,weak_distractor,structure_changing,stable_shift,Cloud,Stone,Circle,"You are given a small relation graph.
Fact 1: Priya links through Ronan.
Fact 2: Ronan terminates at Cloud.
Weak note: some unrelated source mentions Stone, but does not update the graph.
Question: Which label is associated with Priya: Cloud or Stone?
Answer with exactly one word:",confirmation,25.39898,-3.417944,15.596127,-13.289888,28.888504,-0.11830711,24.727226,0.7772465,20.19898,-1.649519,3.306324,-2.013382,5.610256
confirm_g023_competition_balanced,1023,5,3,competition_balanced,structure_changing,competition,Cloud,Stone,Circle,"You are given a small relation graph.
Fact 1: Priya links through Ronan.
Fact 2: Ronan terminates at Cloud.
Competing fact: Priya is also associated with Stone.
Question: Which label is associated with Priya: Cloud or Stone?
Answer with exactly one word:",confirmation,18.724516,-10.092407,14.35828,-14.527735,28.204784,-0.80202675,23.25805,-0.69192886,24.226147,2.3776474,7.5327797,2.2130737,7.1314354
confirm_g023_direct_conflict,1023,5,3,direct_conflict,structure_changing,competition,Cloud,Stone,Circle,"You are given a small relation graph.
Fact 1: Priya links through Ronan.
Fact 2: Ronan terminates at Cloud.
Direct conflicting fact: Priya terminates at Stone.
Question: Which label is associated with Priya: Cloud or Stone?
Answer with exactly one word:",confirmation,24.840899,-3.9760246,19.832264,-9.053751,38.4168,9.40999,32.513824,8.563845,19.89998,-1.9485188,3.6230698,-1.6966362,13.792868
confirm_g023_closure_update,1023,5,3,closure_update,structure_changing,closure,Cloud,Stone,Circle,"You are given a small relation graph.
Fact 1: Priya links through Ronan.
Old record: Ronan terminates at Cloud.
Updated record: Ronan terminates at Stone, not Cloud.
Question: Which label is associated with Priya: Cloud or Stone?
Answer with exactly one word:",confirmation,20.80568,-8.011244,1.067625,-27.81839,17.027473,-11.979338,14.446204,-9.503776,21.693748,-0.15475082,7.157831,1.8381252,-6.280732
confirm_g023_closure_override,1023,5,3,closure_override,structure_changing,closure,Cloud,Stone,Circle,"You are given a rule system.
General rule: items that links through Ronan receive label Cloud.
Override rule: in this case, items that links through Ronan receive label Stone.
Fact: Priya links through Ronan.
Question: Which label applies to Priya: Cloud or Stone?
Answer with exactly one word:",confirmation,1.066174,-27.75075,-10.000403,-38.886417,-4.9844227,-33.991234,-8.877289,-32.82727,-34.28295,-56.13145,-39.076202,-44.39591,-84.71613
confirm_g023_exception_override,1023,5,3,exception_override,structure_changing,closure,Cloud,Stone,Circle,"You are given a rule system.
General rule: items connected to Ronan use label Cloud.
Exception: Priya is a special case and uses label Stone.
Fact: Priya is connected to Ronan.
Question: Which label applies to Priya: Cloud or Stone?
Answer with exactly one word:",confirmation,1.1088977,-27.708025,-17.474104,-46.36012,-10.812382,-39.81919,-14.088648,-38.038628,-45.346733,-67.19524,-51.52873,-56.848434,-103.644005
