prompt_id,graph_id,entity_id,relation_id,condition,mechanism,mechanism_id,clean_label,conflict_label,clean_token_id,conflict_token_id,text,R_L18,R_L19,R_L20,R_L21,R_L22,R_L23,final_clean_logit,final_conflict_logit,pair_choice,dR_L18,dR_L19,dR_L20,dR_L21,dR_L22,dR_L23,DeltaU,D_B_proxy,R_final_margin
g000_clean,0,0,0,clean,stable,0,Red,Blue,4075,7640,"You are given a small relation graph.
Fact 1: Ava belongs to Bela.
Fact 2: Bela is located at Red.
Question: Which label is associated with Ava: Red or Blue?
Answer with exactly one word:",1.447506,-1.859499,14.076269,19.785088,17.23455,67.07984,15.734375,13.5,clean,0.0,0.0,0.0,0.0,0.0,0.0,14.033369,0.0,2.234375
g000_redundant,0,0,0,redundant,stable,0,Red,Blue,4075,7640,"You are given a small relation graph.
Fact 1: Ava belongs to Bela.
Fact 2: Bela is located at Red.
Confirmation: Ava still goes through Bela.
Confirmation: Bela still points to Red.
Question: Which label is associated with Ava: Red or Blue?
Answer with exactly one word:",-1.4407825,-7.814535,8.977104,14.592825,12.126057,58.944733,15.5,13.5390625,clean,-2.8882885,-5.955036,-5.099165,-5.1922626,-5.108494,-8.135109,0.5456867,2.8882885,1.9609375
g000_irrelevant,0,0,0,irrelevant,stable,0,Red,Blue,4075,7640,"You are given a small relation graph.
Fact 1: Ava belongs to Bela.
Fact 2: Bela is located at Red.
Irrelevant fact: Cora is associated with Green.
Question: Which label is associated with Ava: Red or Blue?
Answer with exactly one word:",2.6047516,1.591444,21.695553,26.031712,25.762516,74.291916,15.671875,13.0625,clean,1.1572456,3.450943,7.6192837,6.246624,8.527966,7.2120743,29.01543,1.1572456,2.609375
g000_paraphrase,0,0,0,paraphrase,stable,0,Red,Blue,4075,7640,"In this example, Ava reaches Bela.
The destination connected to Bela is Red.
Based on those two links, select the label for Ava: Red or Blue.
Answer:",3.0369978,-11.958269,2.787775,7.140836,-2.8271484,44.518932,15.875,15.1015625,clean,1.5894918,-10.09877,-11.288494,-12.644252,-20.061699,-22.56091,-20.18765,1.5894918,0.7734375
g000_weak_distractor,0,0,0,weak_distractor,competition,1,Red,Blue,4075,7640,"You are given a small relation graph.
Fact 1: Ava belongs to Bela.
Fact 2: Bela is located at Red.
Weak note: some unrelated source mentions Blue, but does not update the graph.
Question: Which label is associated with Ava: Red or Blue?
Answer with exactly one word:",2.8450794,-5.53319,17.399397,22.206228,17.888268,66.48881,15.6328125,13.6171875,clean,1.3975735,-3.6736908,3.3231277,2.4211407,0.65371704,-0.59103394,15.502171,0.59103394,2.015625
g000_competition_balanced,0,0,0,competition_balanced,competition,1,Red,Blue,4075,7640,"You are given a small relation graph.
Fact 1: Ava belongs to Bela.
Fact 2: Bela is located at Red.
Competing fact: Ava is also associated with Blue.
Question: Which label is associated with Ava: Red or Blue?
Answer with exactly one word:",2.5467434,-2.886259,17.806969,22.10975,19.330048,69.04153,15.421875,13.40625,clean,1.0992374,-1.0267601,3.7306995,2.3246632,2.0954971,1.9616852,18.461432,1.0267601,2.015625
g000_direct_conflict,0,0,0,direct_conflict,competition,1,Red,Blue,4075,7640,"You are given a small relation graph.
Fact 1: Ava belongs to Bela.
Fact 2: Bela is located at Red.
Direct conflicting fact: Ava is located at Blue.
Question: Which label is associated with Ava: Red or Blue?
Answer with exactly one word:",0.5885596,-8.527294,10.820793,15.929947,4.164814,50.82318,15.21875,14.1953125,clean,-0.8589463,-6.667795,-3.255476,-3.8551407,-13.0697365,-16.25666,-6.107565,0.8589463,1.0234375
g000_closure_update,0,0,0,closure_update,closure,2,Red,Blue,4075,7640,"You are given a small relation graph.
Fact 1: Ava belongs to Bela.
Old record: Bela is located at Red.
Updated record: Bela is located at Blue, not Red.
Question: Which label is associated with Ava: Red or Blue?
Answer with exactly one word:",-9.356861,-21.019283,-3.2737179,3.2430725,0.68904877,42.099304,14.78125,13.921875,clean,-10.804367,-19.159784,-17.349987,-16.542015,-16.545502,-24.980537,-29.478731,10.804367,0.859375
g000_closure_override,0,0,0,closure_override,closure,2,Red,Blue,4075,7640,"You are given a rule system.
General rule: items that belongs to Bela receive label Red.
Override rule: in this case, items that belongs to Bela receive label Blue.
Fact: Ava belongs to Bela.
Question: Which label applies to Ava: Red or Blue?
Answer with exactly one word:",-23.619877,-33.459427,-25.212612,-17.687984,-31.408005,1.1363449,13.90625,15.953125,conflict,-25.067383,-31.599928,-39.28888,-37.473072,-48.642555,-65.9435,-91.22327,25.067383,-2.046875
g000_exception_override,0,0,0,exception_override,closure,2,Red,Blue,4075,7640,"You are given a rule system.
General rule: items connected to Bela use label Red.
Exception: Ava is a special case and uses label Blue.
Fact: Ava is connected to Bela.
Question: Which label applies to Ava: Red or Blue?
Answer with exactly one word:",-23.757557,-39.546997,-28.021004,-20.623638,-32.444023,-6.491905,13.40625,16.171875,conflict,-25.205063,-37.6875,-42.097275,-40.408726,-49.678574,-73.57175,-99.975685,25.205063,-2.765625
g001_clean,1,0,1,clean,stable,0,Green,Yellow,6724,21730,"You are given a small relation graph.
Fact 1: Ava is assigned to Bela.
Fact 2: Bela maps to Green.
Question: Which label is associated with Ava: Green or Yellow?
Answer with exactly one word:",12.865961,16.648722,26.409811,40.714775,72.45707,104.26138,16.1875,13.6875,clean,0.0,0.0,0.0,0.0,0.0,0.0,14.033369,0.0,2.5
g001_redundant,1,0,1,redundant,stable,0,Green,Yellow,6724,21730,"You are given a small relation graph.
Fact 1: Ava is assigned to Bela.
Fact 2: Bela maps to Green.
Confirmation: Ava still goes through Bela.
Confirmation: Bela still points to Green.
Question: Which label is associated with Ava: Green or Yellow?
Answer with exactly one word:",6.2950087,6.9176407,18.196451,32.649967,62.96994,94.684235,15.90625,13.7421875,clean,-6.5709524,-9.731081,-8.21336,-8.064808,-9.487129,-9.577148,-6.8949623,6.5709524,2.1640625
g001_irrelevant,1,0,1,irrelevant,stable,0,Green,Yellow,6724,21730,"You are given a small relation graph.
Fact 1: Ava is assigned to Bela.
Fact 2: Bela maps to Green.
Irrelevant fact: Cora is associated with North.
Question: Which label is associated with Ava: Green or Yellow?
Answer with exactly one word:",13.909863,20.156733,33.847744,46.078484,81.05615,112.3049,16.0625,13.0078125,clean,1.0439024,3.5080109,7.437933,5.3637085,8.599083,8.043518,29.0466,1.0439024,3.0546875
g001_paraphrase,1,0,1,paraphrase,stable,0,Green,Yellow,6724,21730,"In this example, Ava reaches Bela.
The destination connected to Bela is Green.
Based on those two links, select the label for Ava: Green or Yellow.
Answer:",2.2345362,-3.1682796,11.726662,29.630493,55.183346,91.991974,16.171875,14.9921875,clean,-10.631425,-19.817001,-14.683149,-11.084282,-17.273724,-12.269409,-20.28644,10.631425,1.1796875
g001_weak_distractor,1,0,1,weak_distractor,competition,1,Green,Yellow,6724,21730,"You are given a small relation graph.
Fact 1: Ava is assigned to Bela.
Fact 2: Bela maps to Green.
Weak note: some unrelated source mentions Yellow, but does not update the graph.
Question: Which label is associated with Ava: Green or Yellow?
Answer with exactly one word:",13.974903,19.551851,34.03795,46.20917,79.600784,111.46275,15.640625,12.5078125,clean,1.108942,2.9031296,7.6281376,5.494396,7.143715,7.2013702,27.827898,1.108942,3.1328125
g001_competition_balanced,1,0,1,competition_balanced,competition,1,Green,Yellow,6724,21730,"You are given a small relation graph.
Fact 1: Ava is assigned to Bela.
Fact 2: Bela maps to Green.
Competing fact: Ava is also associated with Yellow.
Question: Which label is associated with Ava: Green or Yellow?
Answer with exactly one word:",6.5634003,12.537132,29.24553,43.42543,82.29582,114.74315,15.671875,12.4609375,clean,-6.302561,-4.1115894,2.8357182,2.7106552,9.838753,10.481766,23.803864,2.7106552,3.2109375
g001_direct_conflict,1,0,1,direct_conflict,competition,1,Green,Yellow,6724,21730,"You are given a small relation graph.
Fact 1: Ava is assigned to Bela.
Fact 2: Bela maps to Green.
Direct conflicting fact: Ava maps to Yellow.
Question: Which label is associated with Ava: Green or Yellow?
Answer with exactly one word:",4.422542,10.661401,24.039972,37.70947,69.645065,103.644684,15.3203125,13.078125,clean,-8.4434185,-5.987321,-2.3698387,-3.0053062,-2.812004,-0.6166992,6.246495,0.6166992,2.2421875
g001_closure_update,1,0,1,closure_update,closure,2,Green,Yellow,6724,21730,"You are given a small relation graph.
Fact 1: Ava is assigned to Bela.
Old record: Bela maps to Green.
Updated record: Bela maps to Yellow, not Green.
Question: Which label is associated with Ava: Green or Yellow?
Answer with exactly one word:",-1.1163573,-5.9597263,8.426764,22.447166,59.921745,95.22435,15.1640625,13.65625,clean,-13.982319,-22.608448,-17.983047,-18.267609,-12.535324,-9.037033,-22.106607,9.037033,1.5078125
g001_closure_override,1,0,1,closure_override,closure,2,Green,Yellow,6724,21730,"You are given a rule system.
General rule: items that is assigned to Bela receive label Green.
Override rule: in this case, items that is assigned to Bela receive label Yellow.
Fact: Ava is assigned to Bela.
Question: Which label applies to Ava: Green or Yellow?
Answer with exactly one word:",-12.924385,-19.894337,-13.5462475,3.6629438,31.203274,68.049835,14.953125,15.53125,conflict,-25.790346,-36.54306,-39.95606,-37.05183,-41.253796,-36.211548,-74.19906,25.790346,-0.578125
g001_exception_override,1,0,1,exception_override,closure,2,Green,Yellow,6724,21730,"You are given a rule system.
General rule: items connected to Bela use label Green.
Exception: Ava is a special case and uses label Yellow.
Fact: Ava is connected to Bela.
Question: Which label applies to Ava: Green or Yellow?
Answer with exactly one word:",-21.441309,-33.32576,-27.506235,-10.303403,10.256405,43.232456,13.296875,15.8515625,conflict,-34.30727,-49.97448,-53.916046,-51.018177,-62.200665,-61.028927,-115.045456,34.30727,-2.5546875
g002_clean,2,0,2,clean,stable,0,North,South,4612,4316,"You are given a small relation graph.
Fact 1: Ava is part of Bela.
Fact 2: Bela points to North.
Question: Which label is associated with Ava: North or South?
Answer with exactly one word:",10.435898,3.8722649,17.142357,22.926857,15.237328,13.227921,15.4375,14.7421875,clean,0.0,0.0,0.0,0.0,0.0,0.0,14.033369,0.0,0.6953125
g002_redundant,2,0,2,redundant,stable,0,North,South,4612,4316,"You are given a small relation graph.
Fact 1: Ava is part of Bela.
Fact 2: Bela points to North.
Confirmation: Ava still goes through Bela.
Confirmation: Bela still points to North.
Question: Which label is associated with Ava: North or South?
Answer with exactly one word:",10.975382,3.369213,20.739262,26.338303,19.314194,18.96788,15.46875,14.4140625,clean,0.539484,-0.50305176,3.5969048,3.4114456,4.076866,5.7399597,21.8074,0.50305176,1.0546875
g002_irrelevant,2,0,2,irrelevant,stable,0,North,South,4612,4316,"You are given a small relation graph.
Fact 1: Ava is part of Bela.
Fact 2: Bela points to North.
Irrelevant fact: Cora is associated with East.
Question: Which label is associated with Ava: North or South?
Answer with exactly one word:",16.00461,9.508621,27.212788,33.65689,28.669144,26.4618,15.8359375,14.125,clean,5.568712,5.6363564,10.070431,10.730034,13.431816,13.233879,39.067276,5.568712,1.7109375
g002_paraphrase,2,0,2,paraphrase,stable,0,North,South,4612,4316,"In this example, Ava reaches Bela.
The destination connected to Bela is North.
Based on those two links, select the label for Ava: North or South.
Answer:",-0.08075714,-8.271271,-3.9429417,-1.7649536,-12.3858185,-13.620331,14.5546875,15.421875,conflict,-10.516655,-12.143536,-21.085299,-24.69181,-27.623146,-26.848251,-38.415382,10.516655,-0.8671875
g002_weak_distractor,2,0,2,weak_distractor,competition,1,North,South,4612,4316,"You are given a small relation graph.
Fact 1: Ava is part of Bela.
Fact 2: Bela points to North.
Weak note: some unrelated source mentions South, but does not update the graph.
Question: Which label is associated with Ava: North or South?
Answer with exactly one word:",19.809235,18.366348,33.85977,38.125282,34.48842,33.735916,15.765625,13.234375,clean,9.373337,14.494083,16.717415,15.198425,19.251091,20.507996,53.986595,9.373337,2.53125
g002_competition_balanced,2,0,2,competition_balanced,competition,1,North,South,4612,4316,"You are given a small relation graph.
Fact 1: Ava is part of Bela.
Fact 2: Bela points to North.
Competing fact: Ava is also associated with South.
Question: Which label is associated with Ava: North or South?
Answer with exactly one word:",3.717104,-0.31020927,13.988983,17.856922,14.306641,13.33905,15.3671875,14.953125,clean,-6.718794,-4.182474,-3.1533737,-5.069935,-0.93068695,0.11112976,7.419408,0.11112976,0.4140625
g002_direct_conflict,2,0,2,direct_conflict,competition,1,North,South,4612,4316,"You are given a small relation graph.
Fact 1: Ava is part of Bela.
Fact 2: Bela points to North.
Direct conflicting fact: Ava points to South.
Question: Which label is associated with Ava: North or South?
Answer with exactly one word:",7.7799187,3.137989,17.91977,21.782291,10.5607605,9.273956,15.1015625,14.96875,clean,-2.6559792,-0.7342758,0.7774124,-1.1445656,-4.676567,-3.9539642,8.672279,0.7342758,0.1328125
g002_closure_update,2,0,2,closure_update,closure,2,North,South,4612,4316,"You are given a small relation graph.
Fact 1: Ava is part of Bela.
Old record: Bela points to North.
Updated record: Bela points to South, not North.
Question: Which label is associated with Ava: North or South?
Answer with exactly one word:",9.7621,3.1246185,14.424206,19.041965,19.702377,18.290573,15.296875,14.359375,clean,-0.6737976,-0.74764633,-2.718151,-3.8848915,4.4650497,5.0626526,15.82835,0.6737976,0.9375
g002_closure_override,2,0,2,closure_override,closure,2,North,South,4612,4316,"You are given a rule system.
General rule: items that is part of Bela receive label North.
Override rule: in this case, items that is part of Bela receive label South.
Fact: Ava is part of Bela.
Question: Which label applies to Ava: North or South?
Answer with exactly one word:",-7.2810383,-13.287001,-12.44331,-7.514576,-8.75856,-10.927475,14.1875,16.109375,conflict,-17.716936,-17.159266,-29.585667,-30.441433,-23.995888,-24.155396,-44.26027,17.159266,-1.921875
g002_exception_override,2,0,2,exception_override,closure,2,North,South,4612,4316,"You are given a rule system.
General rule: items connected to Bela use label North.
Exception: Ava is a special case and uses label South.
Fact: Ava is connected to Bela.
Question: Which label applies to Ava: North or South?
Answer with exactly one word:",-5.517477,-14.679676,-8.143532,-3.7135468,-7.3794403,-10.802597,14.09375,16.09375,conflict,-15.953375,-18.55194,-25.285889,-26.640404,-22.616768,-24.030518,-40.28444,15.953375,-2.0
g003_clean,3,0,3,clean,stable,0,East,West,5571,4589,"You are given a small relation graph.
Fact 1: Ava is grouped under Bela.
Fact 2: Bela has label East.
Question: Which label is associated with Ava: East or West?
Answer with exactly one word:",12.166421,4.746109,8.505066,9.12492,11.193634,2.5746994,16.515625,14.3984375,clean,0.0,0.0,0.0,0.0,0.0,0.0,14.033369,0.0,2.1171875
g003_redundant,3,0,3,redundant,stable,0,East,West,5571,4589,"You are given a small relation graph.
Fact 1: Ava is grouped under Bela.
Fact 2: Bela has label East.
Confirmation: Ava still goes through Bela.
Confirmation: Bela still points to East.
Question: Which label is associated with Ava: East or West?
Answer with exactly one word:",12.678675,1.2104111,6.088711,6.2782135,5.7895203,-1.3607483,16.3125,14.3828125,clean,0.51225376,-3.535698,-2.4163551,-2.8467064,-5.404114,-3.9354477,6.1386414,0.51225376,1.9296875
g003_irrelevant,3,0,3,irrelevant,stable,0,East,West,5571,4589,"You are given a small relation graph.
Fact 1: Ava is grouped under Bela.
Fact 2: Bela has label East.
Irrelevant fact: Cora is associated with Copper.
Question: Which label is associated with Ava: East or West?
Answer with exactly one word:",17.554201,10.094112,17.257725,17.833885,22.855042,15.287491,16.9375,13.75,clean,5.38778,5.3480034,8.752659,8.708965,11.661407,12.712791,36.43284,5.3480034,3.1875
g003_paraphrase,3,0,3,paraphrase,stable,0,East,West,5571,4589,"In this example, Ava reaches Bela.
The destination connected to Bela is East.
Based on those two links, select the label for Ava: East or West.
Answer:",-0.34394598,-8.418413,-5.0356255,-7.2517776,-11.721878,-22.395523,15.28125,15.4375,conflict,-12.510366,-13.164522,-13.540691,-16.376698,-22.915512,-24.970222,-29.489119,12.510366,-0.15625
g003_weak_distractor,3,0,3,weak_distractor,competition,1,East,West,5571,4589,"You are given a small relation graph.
Fact 1: Ava is grouped under Bela.
Fact 2: Bela has label East.
Weak note: some unrelated source mentions West, but does not update the graph.
Question: Which label is associated with Ava: East or West?
Answer with exactly one word:",17.33646,11.846689,18.884657,18.68782,23.38366,15.0418625,16.609375,13.3125,clean,5.170039,7.10058,10.379591,9.562901,12.190025,12.467163,38.103905,5.170039,3.296875
g003_competition_balanced,3,0,3,competition_balanced,competition,1,East,West,5571,4589,"You are given a small relation graph.
Fact 1: Ava is grouped under Bela.
Fact 2: Bela has label East.
Competing fact: Ava is also associated with West.
Question: Which label is associated with Ava: East or West?
Answer with exactly one word:",14.173763,8.561533,12.872238,13.279293,20.779938,12.669769,16.5,13.53125,clean,2.0073423,3.815424,4.3671722,4.154373,9.586304,10.09507,29.173666,2.0073423,2.96875
g003_direct_conflict,3,0,3,direct_conflict,competition,1,East,West,5571,4589,"You are given a small relation graph.
Fact 1: Ava is grouped under Bela.
Fact 2: Bela has label East.
Direct conflicting fact: Ava has label West.
Question: Which label is associated with Ava: East or West?
Answer with exactly one word:",12.130875,7.6903133,12.750542,12.473631,14.979301,5.2694397,16.296875,14.046875,clean,-0.035546303,2.9442043,4.245476,3.348711,3.7856674,2.6947403,21.343363,0.035546303,2.25
g003_closure_update,3,0,3,closure_update,closure,2,East,West,5571,4589,"You are given a small relation graph.
Fact 1: Ava is grouped under Bela.
Old record: Bela has label East.
Updated record: Bela has label West, not East.
Question: Which label is associated with Ava: East or West?
Answer with exactly one word:",11.163668,0.8293152,4.724737,4.782772,13.049652,4.132599,16.125,13.75,clean,-1.0027533,-3.9167938,-3.7803288,-4.342148,1.8560181,1.5578995,10.9910755,1.0027533,2.375
g003_closure_override,3,0,3,closure_override,closure,2,East,West,5571,4589,"You are given a rule system.
General rule: items that is grouped under Bela receive label East.
Override rule: in this case, items that is grouped under Bela receive label West.
Fact: Ava is grouped under Bela.
Question: Which label applies to Ava: East or West?
Answer with exactly one word:",-1.1376429,-10.710585,-14.867998,-14.198341,-16.056465,-26.686218,15.1328125,15.734375,conflict,-13.304064,-15.456694,-23.373064,-23.323261,-27.2501,-29.260918,-41.5849,13.304064,-0.6015625
g003_exception_override,3,0,3,exception_override,closure,2,East,West,5571,4589,"You are given a rule system.
General rule: items connected to Bela use label East.
Exception: Ava is a special case and uses label West.
Fact: Ava is connected to Bela.
Question: Which label applies to Ava: East or West?
Answer with exactly one word:",3.3461895,-9.767193,-11.180641,-11.58976,-14.253418,-25.12844,15.234375,15.7734375,conflict,-8.820231,-14.513302,-19.685707,-20.71468,-25.447052,-27.70314,-35.997353,8.820231,-0.5390625
g004_clean,4,0,4,clean,stable,0,Copper,Silver,38315,15934,"You are given a small relation graph.
Fact 1: Ava routes through Bela.
Fact 2: Bela ends at Copper.
Question: Which label is associated with Ava: Copper or Silver?
Answer with exactly one word:",0.0065300465,-0.09747887,-10.2607355,-17.202036,-11.05563,-43.3408,16.40625,14.4765625,clean,0.0,0.0,0.0,0.0,0.0,0.0,14.033369,0.0,1.9296875
g004_redundant,4,0,4,redundant,stable,0,Copper,Silver,38315,15934,"You are given a small relation graph.
Fact 1: Ava routes through Bela.
Fact 2: Bela ends at Copper.
Confirmation: Ava still goes through Bela.
Confirmation: Bela still points to Copper.
Question: Which label is associated with Ava: Copper or Silver?
Answer with exactly one word:",-1.8716524,-8.047552,-15.96834,-21.650011,-20.3604,-50.773594,15.671875,14.46875,clean,-1.8781824,-7.9500732,-5.7076044,-4.447975,-9.3047695,-7.4327927,-1.5954132,1.8781824,1.203125
g004_irrelevant,4,0,4,irrelevant,stable,0,Copper,Silver,38315,15934,"You are given a small relation graph.
Fact 1: Ava routes through Bela.
Fact 2: Bela ends at Copper.
Irrelevant fact: Cora is associated with Gold.
Question: Which label is associated with Ava: Copper or Silver?
Answer with exactly one word:",6.323635,5.520447,0.29436302,-7.434437,6.967224,-33.110596,16.765625,13.9921875,clean,6.3171053,5.6179256,10.555099,9.767599,18.022854,10.230206,39.84052,5.6179256,2.7734375
g004_paraphrase,4,0,4,paraphrase,stable,0,Copper,Silver,38315,15934,"In this example, Ava reaches Bela.
The destination connected to Bela is Copper.
Based on those two links, select the label for Ava: Copper or Silver.
Answer:",-4.9762926,-16.430836,-18.539497,-23.563343,-15.969624,-51.928688,16.59375,15.28125,clean,-4.9828224,-16.333357,-8.278762,-6.361307,-4.913994,-8.587887,-5.2304974,4.913994,1.3125
g004_weak_distractor,4,0,4,weak_distractor,competition,1,Copper,Silver,38315,15934,"You are given a small relation graph.
Fact 1: Ava routes through Bela.
Fact 2: Bela ends at Copper.
Weak note: some unrelated source mentions Silver, but does not update the graph.
Question: Which label is associated with Ava: Copper or Silver?
Answer with exactly one word:",7.366316,0.52123356,2.532421,-5.681737,9.3378105,-29.589325,16.03125,13.484375,clean,7.359786,0.6187124,12.793157,11.520299,20.39344,13.751476,43.0521,0.6187124,2.546875
g004_competition_balanced,4,0,4,competition_balanced,competition,1,Copper,Silver,38315,15934,"You are given a small relation graph.
Fact 1: Ava routes through Bela.
Fact 2: Bela ends at Copper.
Competing fact: Ava is also associated with Silver.
Question: Which label is associated with Ava: Copper or Silver?
Answer with exactly one word:",10.877609,10.394499,10.390152,-0.9361172,22.380564,-19.988834,16.125,12.75,clean,10.871079,10.491978,20.650887,16.265919,33.436195,23.351967,63.682816,10.491978,3.375
g004_direct_conflict,4,0,4,direct_conflict,competition,1,Copper,Silver,38315,15934,"You are given a small relation graph.
Fact 1: Ava routes through Bela.
Fact 2: Bela ends at Copper.
Direct conflicting fact: Ava ends at Silver.
Question: Which label is associated with Ava: Copper or Silver?
Answer with exactly one word:",5.4800377,6.5467114,5.2891254,-4.9107246,7.7605057,-33.08967,15.8359375,13.40625,clean,5.473508,6.6441903,15.549861,12.291311,18.816135,10.251133,43.44471,5.473508,2.4296875
g004_closure_update,4,0,4,closure_update,closure,2,Copper,Silver,38315,15934,"You are given a small relation graph.
Fact 1: Ava routes through Bela.
Old record: Bela ends at Copper.
Updated record: Bela ends at Silver, not Copper.
Question: Which label is associated with Ava: Copper or Silver?
Answer with exactly one word:",-0.3805995,-10.586409,-13.279548,-20.528873,-0.6577072,-35.03103,15.5703125,13.0859375,clean,-0.38712955,-10.48893,-3.0188122,-3.3268375,10.3979225,8.3097725,17.46078,0.38712955,2.484375
g004_closure_override,4,0,4,closure_override,closure,2,Copper,Silver,38315,15934,"You are given a rule system.
General rule: items that routes through Bela receive label Copper.
Override rule: in this case, items that routes through Bela receive label Silver.
Fact: Ava routes through Bela.
Question: Which label applies to Ava: Copper or Silver?
Answer with exactly one word:",-14.447445,-26.80964,-37.261787,-42.35976,-37.27685,-62.507805,15.921875,15.734375,clean,-14.453975,-26.712162,-27.001053,-25.157724,-26.221222,-19.167004,-42.07113,14.453975,0.1875
g004_exception_override,4,0,4,exception_override,closure,2,Copper,Silver,38315,15934,"You are given a rule system.
General rule: items connected to Bela use label Copper.
Exception: Ava is a special case and uses label Silver.
Fact: Ava is connected to Bela.
Question: Which label applies to Ava: Copper or Silver?
Answer with exactly one word:",-13.636686,-29.443842,-38.479607,-45.109665,-47.577396,-73.73869,15.28125,16.015625,conflict,-13.643216,-29.346363,-28.218872,-27.907629,-36.521767,-30.397892,-55.27063,13.643216,-0.734375
g005_clean,5,0,5,clean,stable,0,Gold,Iron,6863,17186,"You are given a small relation graph.
Fact 1: Ava is linked with Bela.
Fact 2: Bela resolves to Gold.
Question: Which label is associated with Ava: Gold or Iron?
Answer with exactly one word:",20.158134,20.965422,30.874973,42.567123,49.752914,78.437195,15.5859375,13.875,clean,0.0,0.0,0.0,0.0,0.0,0.0,14.033369,0.0,1.7109375
g005_redundant,5,0,5,redundant,stable,0,Gold,Iron,6863,17186,"You are given a small relation graph.
Fact 1: Ava is linked with Bela.
Fact 2: Bela resolves to Gold.
Confirmation: Ava still goes through Bela.
Confirmation: Bela still points to Gold.
Question: Which label is associated with Ava: Gold or Iron?
Answer with exactly one word:",17.742077,12.487411,26.362946,37.284943,39.76299,68.875305,15.0703125,14.0703125,clean,-2.4160576,-8.478011,-4.5120277,-5.282181,-9.989925,-9.56189,-3.1603088,2.4160576,1.0
g005_irrelevant,5,0,5,irrelevant,stable,0,Gold,Iron,6863,17186,"You are given a small relation graph.
Fact 1: Ava is linked with Bela.
Fact 2: Bela resolves to Gold.
Irrelevant fact: Cora is associated with Red.
Question: Which label is associated with Ava: Gold or Iron?
Answer with exactly one word:",27.39732,37.75719,48.27982,58.984085,71.38666,97.32088,15.9375,12.859375,clean,7.2391853,16.791769,17.404846,16.416962,21.633743,18.883682,55.386337,7.2391853,3.078125
g005_paraphrase,5,0,5,paraphrase,stable,0,Gold,Iron,6863,17186,"In this example, Ava reaches Bela.
The destination connected to Bela is Gold.
Based on those two links, select the label for Ava: Gold or Iron.
Answer:",20.536377,17.888649,28.67445,43.72863,56.622345,85.09632,16.609375,14.6015625,clean,0.3782425,-3.0767727,-2.2005234,1.1615067,6.8694305,6.6591263,19.536346,0.3782425,2.0078125
g005_weak_distractor,5,0,5,weak_distractor,competition,1,Gold,Iron,6863,17186,"You are given a small relation graph.
Fact 1: Ava is linked with Bela.
Fact 2: Bela resolves to Gold.
Weak note: some unrelated source mentions Iron, but does not update the graph.
Question: Which label is associated with Ava: Gold or Iron?
Answer with exactly one word:",26.714518,34.063606,50.59808,60.648853,69.55714,98.75729,15.7734375,13.0,clean,6.556383,13.098185,19.723106,18.08173,19.804222,20.320099,55.440666,6.556383,2.7734375
g005_competition_balanced,5,0,5,competition_balanced,competition,1,Gold,Iron,6863,17186,"You are given a small relation graph.
Fact 1: Ava is linked with Bela.
Fact 2: Bela resolves to Gold.
Competing fact: Ava is also associated with Iron.
Question: Which label is associated with Ava: Gold or Iron?
Answer with exactly one word:",15.678375,23.103806,32.968826,44.19866,53.63374,84.01276,15.46875,13.796875,clean,-4.479759,2.1383839,2.093853,1.6315384,3.880825,5.5755615,20.018864,1.6315384,1.671875
g005_direct_conflict,5,0,5,direct_conflict,competition,1,Gold,Iron,6863,17186,"You are given a small relation graph.
Fact 1: Ava is linked with Bela.
Fact 2: Bela resolves to Gold.
Direct conflicting fact: Ava resolves to Iron.
Question: Which label is associated with Ava: Gold or Iron?
Answer with exactly one word:",12.208754,20.16378,32.856888,42.7015,45.55668,76.74646,15.1484375,13.625,clean,-7.949381,-0.80164146,1.9819145,0.13437653,-4.1962357,-1.6907349,9.835079,0.13437653,1.5234375
g005_closure_update,5,0,5,closure_update,closure,2,Gold,Iron,6863,17186,"You are given a small relation graph.
Fact 1: Ava is linked with Bela.
Old record: Bela resolves to Gold.
Updated record: Bela resolves to Iron, not Gold.
Question: Which label is associated with Ava: Gold or Iron?
Answer with exactly one word:",12.438736,10.396395,23.193329,35.314762,50.95474,83.56692,15.3671875,13.4921875,clean,-7.7193985,-10.569027,-7.6816444,-7.2523613,1.2018242,5.1297226,6.018162,1.2018242,1.875
g005_closure_override,5,0,5,closure_override,closure,2,Gold,Iron,6863,17186,"You are given a rule system.
General rule: items that is linked with Bela receive label Gold.
Override rule: in this case, items that is linked with Bela receive label Iron.
Fact: Ava is linked with Bela.
Question: Which label applies to Ava: Gold or Iron?
Answer with exactly one word:",9.113261,10.189745,15.091191,28.011715,33.44874,71.413956,15.765625,15.1171875,clean,-11.044873,-10.775677,-15.783782,-14.5554085,-16.304176,-7.023239,-16.07467,7.023239,0.6484375
g005_exception_override,5,0,5,exception_override,closure,2,Gold,Iron,6863,17186,"You are given a rule system.
General rule: items connected to Bela use label Gold.
Exception: Ava is a special case and uses label Iron.
Fact: Ava is connected to Bela.
Question: Which label applies to Ava: Gold or Iron?
Answer with exactly one word:",0.15952873,-4.40628,-0.3077116,13.101132,4.937868,41.412533,13.9921875,15.8515625,conflict,-19.998606,-25.371702,-31.182686,-29.465992,-44.81505,-37.024662,-64.836075,19.998606,-1.859375
g006_clean,6,1,0,clean,stable,0,Red,Blue,4075,7640,"You are given a small relation graph.
Fact 1: Darin belongs to Elo.
Fact 2: Elo is located at Red.
Question: Which label is associated with Darin: Red or Blue?
Answer with exactly one word:",2.1694193,0.609745,17.35358,23.329273,24.359032,69.68993,15.53125,12.859375,clean,0.0,0.0,0.0,0.0,0.0,0.0,14.033369,0.0,2.671875
g006_redundant,6,1,0,redundant,stable,0,Red,Blue,4075,7640,"You are given a small relation graph.
Fact 1: Darin belongs to Elo.
Fact 2: Elo is located at Red.
Confirmation: Darin still goes through Elo.
Confirmation: Elo still points to Red.
Question: Which label is associated with Darin: Red or Blue?
Answer with exactly one word:",0.64860344,-1.8246727,10.524125,16.137236,17.310963,60.66622,15.296875,13.015625,clean,-1.5208158,-2.4344177,-6.8294554,-7.1920376,-7.048069,-9.023712,-0.92314816,1.5208158,2.28125
g006_irrelevant,6,1,0,irrelevant,stable,0,Red,Blue,4075,7640,"You are given a small relation graph.
Fact 1: Darin belongs to Elo.
Fact 2: Elo is located at Red.
Irrelevant fact: Faye is associated with Green.
Question: Which label is associated with Darin: Red or Blue?
Answer with exactly one word:",3.934132,6.0203476,26.676802,30.559772,36.369404,80.99477,15.5703125,12.0390625,clean,1.7647128,5.4106026,9.323221,7.2304993,12.010372,11.304832,34.734173,1.7647128,3.53125
g006_paraphrase,6,1,0,paraphrase,stable,0,Red,Blue,4075,7640,"In this example, Darin reaches Elo.
The destination connected to Elo is Red.
Based on those two links, select the label for Darin: Red or Blue.
Answer:",7.741454,-3.7273293,7.1192055,11.860779,6.569622,55.06753,15.71875,14.4765625,clean,5.572035,-4.3370743,-10.234375,-11.468494,-17.78941,-14.622402,-11.292549,4.3370743,1.2421875
g006_weak_distractor,6,1,0,weak_distractor,competition,1,Red,Blue,4075,7640,"You are given a small relation graph.
Fact 1: Darin belongs to Elo.
Fact 2: Elo is located at Red.
Weak note: some unrelated source mentions Blue, but does not update the graph.
Question: Which label is associated with Darin: Red or Blue?
Answer with exactly one word:",4.7703867,5.3651066,24.171993,28.542519,29.445942,73.78894,15.421875,12.9375,clean,2.6009674,4.7553616,6.818413,5.2132454,5.0869102,4.0990067,25.70768,2.6009674,2.484375
g006_competition_balanced,6,1,0,competition_balanced,competition,1,Red,Blue,4075,7640,"You are given a small relation graph.
Fact 1: Darin belongs to Elo.
Fact 2: Elo is located at Red.
Competing fact: Darin is also associated with Blue.
Question: Which label is associated with Darin: Red or Blue?
Answer with exactly one word:",3.0894425,-0.7701359,16.54969,21.474535,20.121445,64.110016,15.234375,13.53125,clean,0.9200232,-1.3798809,-0.8038902,-1.8547382,-4.237587,-5.579918,7.741383,0.8038902,1.703125
g006_direct_conflict,6,1,0,direct_conflict,competition,1,Red,Blue,4075,7640,"You are given a small relation graph.
Fact 1: Darin belongs to Elo.
Fact 2: Elo is located at Red.
Direct conflicting fact: Darin is located at Blue.
Question: Which label is associated with Darin: Red or Blue?
Answer with exactly one word:",2.4122295,-4.051552,11.819681,17.767948,9.646099,50.261726,14.953125,14.09375,clean,0.24281025,-4.661297,-5.5338993,-5.561325,-14.712933,-19.428207,-9.258589,0.24281025,0.859375
g006_closure_update,6,1,0,closure_update,closure,2,Red,Blue,4075,7640,"You are given a small relation graph.
Fact 1: Darin belongs to Elo.
Old record: Elo is located at Red.
Updated record: Elo is located at Blue, not Red.
Question: Which label is associated with Darin: Red or Blue?
Answer with exactly one word:",-0.9762902,-13.439529,4.490059,11.403236,13.171116,50.730392,15.0859375,13.8984375,clean,-3.1457095,-14.049274,-12.863522,-11.926037,-11.187916,-18.959541,-16.606897,3.1457095,1.1875
g006_closure_override,6,1,0,closure_override,closure,2,Red,Blue,4075,7640,"You are given a rule system.
General rule: items that belongs to Elo receive label Red.
Override rule: in this case, items that belongs to Elo receive label Blue.
Fact: Darin belongs to Elo.
Question: Which label applies to Darin: Red or Blue?
Answer with exactly one word:",-24.692005,-34.665073,-27.213535,-18.501562,-35.336388,-4.485504,14.0546875,16.75,conflict,-26.861423,-35.27482,-44.567116,-41.830833,-59.69542,-74.17544,-106.51397,26.861423,-2.6953125
g006_exception_override,6,1,0,exception_override,closure,2,Red,Blue,4075,7640,"You are given a rule system.
General rule: items connected to Elo use label Red.
Exception: Darin is a special case and uses label Blue.
Fact: Darin is connected to Elo.
Question: Which label applies to Darin: Red or Blue?
Answer with exactly one word:",-22.81963,-38.036427,-28.304985,-20.501093,-32.857758,-6.459526,13.59375,16.515625,conflict,-24.989048,-38.64617,-45.658566,-43.830368,-57.21679,-76.14946,-108.17874,24.989048,-2.921875
g007_clean,7,1,1,clean,stable,0,Green,Yellow,6724,21730,"You are given a small relation graph.
Fact 1: Darin is assigned to Elo.
Fact 2: Elo maps to Green.
Question: Which label is associated with Darin: Green or Yellow?
Answer with exactly one word:",8.191286,13.9638815,26.914646,41.90442,73.94154,106.77066,15.875,12.2109375,clean,0.0,0.0,0.0,0.0,0.0,0.0,14.033369,0.0,3.6640625
g007_redundant,7,1,1,redundant,stable,0,Green,Yellow,6724,21730,"You are given a small relation graph.
Fact 1: Darin is assigned to Elo.
Fact 2: Elo maps to Green.
Confirmation: Darin still goes through Elo.
Confirmation: Elo still points to Green.
Question: Which label is associated with Darin: Green or Yellow?
Answer with exactly one word:",3.7238498,9.348808,22.511742,36.19642,70.64732,103.21198,15.8046875,12.03125,clean,-4.4674363,-4.615073,-4.4029045,-5.708,-3.29422,-3.5586777,3.9596853,3.29422,3.7734375
g007_irrelevant,7,1,1,irrelevant,stable,0,Green,Yellow,6724,21730,"You are given a small relation graph.
Fact 1: Darin is assigned to Elo.
Fact 2: Elo maps to Green.
Irrelevant fact: Faye is associated with North.
Question: Which label is associated with Darin: Green or Yellow?
Answer with exactly one word:",9.246487,17.838327,32.646904,45.061195,82.45056,114.21253,15.8203125,11.453125,clean,1.0552006,3.874446,5.732258,3.1567764,8.509018,7.4418716,27.24556,1.0552006,4.3671875
g007_paraphrase,7,1,1,paraphrase,stable,0,Green,Yellow,6724,21730,"In this example, Darin reaches Elo.
The destination connected to Elo is Green.
Based on those two links, select the label for Darin: Green or Yellow.
Answer:",5.694922,6.2196827,19.485455,35.587082,63.40986,95.901474,16.015625,13.6171875,clean,-2.496364,-7.744199,-7.4291916,-6.317337,-10.531685,-10.869186,-5.488947,2.496364,2.3984375
g007_weak_distractor,7,1,1,weak_distractor,competition,1,Green,Yellow,6724,21730,"You are given a small relation graph.
Fact 1: Darin is assigned to Elo.
Fact 2: Elo maps to Green.
Weak note: some unrelated source mentions Yellow, but does not update the graph.
Question: Which label is associated with Darin: Green or Yellow?
Answer with exactly one word:",7.556247,15.10596,31.640898,44.195366,78.73805,111.33941,15.421875,11.3359375,clean,-0.63503885,1.1420784,4.7262516,2.290947,4.796509,4.5687485,21.866447,0.63503885,4.0859375
g007_competition_balanced,7,1,1,competition_balanced,competition,1,Green,Yellow,6724,21730,"You are given a small relation graph.
Fact 1: Darin is assigned to Elo.
Fact 2: Elo maps to Green.
Competing fact: Darin is also associated with Yellow.
Question: Which label is associated with Darin: Green or Yellow?
Answer with exactly one word:",2.6969414,5.135992,19.892328,34.144882,67.94903,100.47737,15.1875,12.640625,clean,-5.4943447,-8.827889,-7.022318,-7.7595367,-5.9925156,-6.293289,-2.2992668,5.4943447,2.546875
g007_direct_conflict,7,1,1,direct_conflict,competition,1,Green,Yellow,6724,21730,"You are given a small relation graph.
Fact 1: Darin is assigned to Elo.
Fact 2: Elo maps to Green.
Direct conflicting fact: Darin maps to Yellow.
Question: Which label is associated with Darin: Green or Yellow?
Answer with exactly one word:",3.4384136,7.167921,20.692215,34.279976,65.2775,98.9267,15.0,12.546875,clean,-4.7528725,-6.7959604,-6.222431,-7.624443,-8.664047,-7.8439636,-3.2242947,4.7528725,2.453125
g007_closure_update,7,1,1,closure_update,closure,2,Green,Yellow,6724,21730,"You are given a small relation graph.
Fact 1: Darin is assigned to Elo.
Old record: Elo maps to Green.
Updated record: Elo maps to Yellow, not Green.
Question: Which label is associated with Darin: Green or Yellow?
Answer with exactly one word:",-3.4895887,-10.571087,4.5144844,18.644247,56.38526,91.50858,14.84375,12.8984375,clean,-11.680875,-24.53497,-22.400162,-23.260172,-17.556282,-15.262077,-31.708872,11.680875,1.9453125
g007_closure_override,7,1,1,closure_override,closure,2,Green,Yellow,6724,21730,"You are given a rule system.
General rule: items that is assigned to Elo receive label Green.
Override rule: in this case, items that is assigned to Elo receive label Yellow.
Fact: Darin is assigned to Elo.
Question: Which label applies to Darin: Green or Yellow?
Answer with exactly one word:",-21.015034,-26.758627,-25.47213,-9.1026,10.6671715,45.348103,13.640625,15.1484375,conflict,-29.20632,-40.722507,-52.386776,-51.00702,-63.274372,-61.422558,-110.96061,29.20632,-1.5078125
g007_exception_override,7,1,1,exception_override,closure,2,Green,Yellow,6724,21730,"You are given a rule system.
General rule: items connected to Elo use label Green.
Exception: Darin is a special case and uses label Yellow.
Fact: Darin is connected to Elo.
Question: Which label applies to Darin: Green or Yellow?
Answer with exactly one word:",-20.477327,-32.658096,-26.294886,-9.435232,13.102213,47.27776,13.7578125,15.40625,conflict,-28.668613,-46.62198,-53.209534,-51.339653,-60.839333,-59.4929,-111.020355,28.668613,-1.6484375
g008_clean,8,1,2,clean,stable,0,North,South,4612,4316,"You are given a small relation graph.
Fact 1: Darin is part of Elo.
Fact 2: Elo points to North.
Question: Which label is associated with Darin: North or South?
Answer with exactly one word:",13.626186,9.182718,21.091106,25.66156,22.056274,20.214775,15.8046875,14.2109375,clean,0.0,0.0,0.0,0.0,0.0,0.0,14.033369,0.0,1.59375
g008_redundant,8,1,2,redundant,stable,0,North,South,4612,4316,"You are given a small relation graph.
Fact 1: Darin is part of Elo.
Fact 2: Elo points to North.
Confirmation: Darin still goes through Elo.
Confirmation: Elo still points to North.
Question: Which label is associated with Darin: North or South?
Answer with exactly one word:",13.000616,8.551285,21.04345,25.074238,21.74002,22.064758,15.71875,13.890625,clean,-0.6255703,-0.6314335,-0.047657013,-0.58732224,-0.31625366,1.8499832,14.217662,0.047657013,1.828125
g008_irrelevant,8,1,2,irrelevant,stable,0,North,South,4612,4316,"You are given a small relation graph.
Fact 1: Darin is part of Elo.
Fact 2: Elo points to North.
Irrelevant fact: Faye is associated with East.
Question: Which label is associated with Darin: North or South?
Answer with exactly one word:",17.637722,16.431993,35.634506,40.442627,40.72267,38.481934,16.1875,13.03125,clean,4.0115356,7.249275,14.5434,14.781067,18.666397,18.267159,47.889633,4.0115356,3.15625
g008_paraphrase,8,1,2,paraphrase,stable,0,North,South,4612,4316,"In this example, Darin reaches Elo.
The destination connected to Elo is North.
Based on those two links, select the label for Darin: North or South.
Answer:",10.219538,6.0289307,12.182753,14.311014,5.5336914,2.2917328,14.9453125,14.5546875,clean,-3.4066486,-3.1537876,-8.908354,-11.350546,-16.522583,-17.923042,-13.415129,3.1537876,0.390625
g008_weak_distractor,8,1,2,weak_distractor,competition,1,North,South,4612,4316,"You are given a small relation graph.
Fact 1: Darin is part of Elo.
Fact 2: Elo points to North.
Weak note: some unrelated source mentions South, but does not update the graph.
Question: Which label is associated with Darin: North or South?
Answer with exactly one word:",17.69467,17.619062,34.475044,37.48404,38.98239,37.576828,16.015625,13.2421875,clean,4.0684834,8.436344,13.383938,11.822479,16.926117,17.362053,45.307755,4.0684834,2.7734375
g008_competition_balanced,8,1,2,competition_balanced,competition,1,North,South,4612,4316,"You are given a small relation graph.
Fact 1: Darin is part of Elo.
Fact 2: Elo points to North.
Competing fact: Darin is also associated with South.
Question: Which label is associated with Darin: North or South?
Answer with exactly one word:",8.63259,8.439487,20.34762,23.457302,23.465591,21.544434,15.484375,14.359375,clean,-4.993596,-0.7432308,-0.7434864,-2.204258,1.409317,1.3296585,12.864122,0.7432308,1.125
g008_direct_conflict,8,1,2,direct_conflict,competition,1,North,South,4612,4316,"You are given a small relation graph.
Fact 1: Darin is part of Elo.
Fact 2: Elo points to North.
Direct conflicting fact: Darin points to South.
Question: Which label is associated with Darin: North or South?
Answer with exactly one word:",9.895109,8.943876,19.366508,22.045025,16.293945,13.731155,15.1484375,14.890625,clean,-3.7310772,-0.23884201,-1.7245979,-3.6165352,-5.762329,-6.4836197,4.74454,0.23884201,0.2578125
g008_closure_update,8,1,2,closure_update,closure,2,North,South,4612,4316,"You are given a small relation graph.
Fact 1: Darin is part of Elo.
Old record: Elo points to North.
Updated record: Elo points to South, not North.
Question: Which label is associated with Darin: North or South?
Answer with exactly one word:",6.4631615,-1.8562813,9.373863,13.379318,13.440521,11.136337,15.0859375,14.9453125,clean,-7.163025,-11.039,-11.717243,-12.282242,-8.615753,-9.078438,-9.865585,7.163025,0.140625
g008_closure_override,8,1,2,closure_override,closure,2,North,South,4612,4316,"You are given a rule system.
General rule: items that is part of Elo receive label North.
Override rule: in this case, items that is part of Elo receive label South.
Fact: Darin is part of Elo.
Question: Which label applies to Darin: North or South?
Answer with exactly one word:",-5.0970325,-9.95413,-6.6587067,-1.9604492,-6.6635056,-8.28302,14.484375,16.28125,conflict,-18.723219,-19.136848,-27.749813,-27.62201,-28.71978,-28.497795,-47.87696,18.723219,-1.796875
g008_exception_override,8,1,2,exception_override,closure,2,North,South,4612,4316,"You are given a rule system.
General rule: items connected to Elo use label North.
Exception: Darin is a special case and uses label South.
Fact: Darin is connected to Elo.
Question: Which label applies to Darin: North or South?
Answer with exactly one word:",-5.6386223,-15.409134,-9.404602,-5.4523315,-11.625824,-14.132645,13.84375,16.125,conflict,-19.264809,-24.591852,-30.495708,-31.113892,-33.6821,-34.34742,-57.784378,19.264809,-2.28125
g009_clean,9,1,3,clean,stable,0,East,West,5571,4589,"You are given a small relation graph.
Fact 1: Darin is grouped under Elo.
Fact 2: Elo has label East.
Question: Which label is associated with Darin: East or West?
Answer with exactly one word:",17.812702,15.077938,20.495583,22.05568,30.067123,19.362267,17.0625,13.0,clean,0.0,0.0,0.0,0.0,0.0,0.0,14.033369,0.0,4.0625
g009_redundant,9,1,3,redundant,stable,0,East,West,5571,4589,"You are given a small relation graph.
Fact 1: Darin is grouped under Elo.
Fact 2: Elo has label East.
Confirmation: Darin still goes through Elo.
Confirmation: Elo still points to East.
Question: Which label is associated with Darin: East or West?
Answer with exactly one word:",17.240131,12.075012,18.796223,18.760036,26.414223,16.602158,16.671875,12.75,clean,-0.5725708,-3.0029259,-1.6993599,-3.2956429,-3.6529007,-2.760109,7.6683006,0.5725708,3.921875
g009_irrelevant,9,1,3,irrelevant,stable,0,East,West,5571,4589,"You are given a small relation graph.
Fact 1: Darin is grouped under Elo.
Fact 2: Elo has label East.
Irrelevant fact: Faye is associated with Copper.
Question: Which label is associated with Darin: East or West?
Answer with exactly one word:",20.648188,17.388304,25.733929,26.894062,38.666695,29.059189,17.15625,12.2578125,clean,2.8354855,2.3103657,5.238346,4.8383827,8.599571,9.696922,28.797169,2.3103657,4.8984375
g009_paraphrase,9,1,3,paraphrase,stable,0,East,West,5571,4589,"In this example, Darin reaches Elo.
The destination connected to Elo is East.
Based on those two links, select the label for Darin: East or West.
Answer:",7.8245287,5.2044086,9.300604,8.153358,11.3276825,-0.84199524,16.125,13.890625,clean,-9.9881735,-9.873529,-11.194979,-13.902321,-18.73944,-20.204262,-21.351347,9.873529,2.234375
g009_weak_distractor,9,1,3,weak_distractor,competition,1,East,West,5571,4589,"You are given a small relation graph.
Fact 1: Darin is grouped under Elo.
Fact 2: Elo has label East.
Weak note: some unrelated source mentions West, but does not update the graph.
Question: Which label is associated with Darin: East or West?
Answer with exactly one word:",19.696695,19.376083,25.793299,25.6727,38.7062,28.361862,16.75,11.7421875,clean,1.8839931,4.2981453,5.297716,3.6170216,8.639076,8.999596,28.437134,1.8839931,5.0078125
g009_competition_balanced,9,1,3,competition_balanced,competition,1,East,West,5571,4589,"You are given a small relation graph.
Fact 1: Darin is grouped under Elo.
Fact 2: Elo has label East.
Competing fact: Darin is also associated with West.
Question: Which label is associated with Darin: East or West?
Answer with exactly one word:",15.806038,11.493056,13.208641,13.52573,25.00879,14.038124,16.53125,13.0,clean,-2.0066643,-3.5848818,-7.2869415,-8.529949,-5.0583344,-5.3241425,0.7692385,2.0066643,3.53125
g009_direct_conflict,9,1,3,direct_conflict,competition,1,East,West,5571,4589,"You are given a small relation graph.
Fact 1: Darin is grouped under Elo.
Fact 2: Elo has label East.
Direct conflicting fact: Darin has label West.
Question: Which label is associated with Darin: East or West?
Answer with exactly one word:",14.510626,12.577473,15.904755,15.422966,24.93956,12.418259,16.515625,13.0859375,clean,-3.3020763,-2.5004654,-4.590828,-6.6327133,-5.1275635,-6.944008,1.8218842,2.5004654,3.4296875
g009_closure_update,9,1,3,closure_update,closure,2,East,West,5571,4589,"You are given a small relation graph.
Fact 1: Darin is grouped under Elo.
Old record: Elo has label East.
Updated record: Elo has label West, not East.
Question: Which label is associated with Darin: East or West?
Answer with exactly one word:",10.677845,-1.0498123,4.8801155,4.7465897,16.270905,5.1253357,16.25,13.375,clean,-7.134857,-16.12775,-15.615467,-17.30909,-13.796219,-14.236931,-20.358526,7.134857,2.875
g009_closure_override,9,1,3,closure_override,closure,2,East,West,5571,4589,"You are given a rule system.
General rule: items that is grouped under Elo receive label East.
Override rule: in this case, items that is grouped under Elo receive label West.
Fact: Darin is grouped under Elo.
Question: Which label applies to Darin: East or West?
Answer with exactly one word:",-0.5248318,-7.8008976,-9.740906,-9.651318,-13.737289,-25.971977,15.8359375,15.6171875,clean,-18.337534,-22.878836,-30.236488,-31.706997,-43.804413,-45.334244,-67.86409,18.337534,0.21875
g009_exception_override,9,1,3,exception_override,closure,2,East,West,5571,4589,"You are given a rule system.
General rule: items connected to Elo use label East.
Exception: Darin is a special case and uses label West.
Fact: Darin is connected to Elo.
Question: Which label applies to Darin: East or West?
Answer with exactly one word:",2.622386,-7.709303,-9.95611,-10.544445,-13.981438,-27.49327,15.6875,15.6171875,clean,-15.190316,-22.787241,-30.451693,-32.600124,-44.04856,-46.855537,-68.45319,15.190316,0.0703125
g010_clean,10,1,4,clean,stable,0,Copper,Silver,38315,15934,"You are given a small relation graph.
Fact 1: Darin routes through Elo.
Fact 2: Elo ends at Copper.
Question: Which label is associated with Darin: Copper or Silver?
Answer with exactly one word:",0.93946314,-0.69057846,-7.9973507,-14.406248,-4.474123,-39.826843,16.515625,13.7578125,clean,0.0,0.0,0.0,0.0,0.0,0.0,14.033369,0.0,2.7578125
g010_redundant,10,1,4,redundant,stable,0,Copper,Silver,38315,15934,"You are given a small relation graph.
Fact 1: Darin routes through Elo.
Fact 2: Elo ends at Copper.
Confirmation: Darin still goes through Elo.
Confirmation: Elo still points to Copper.
Question: Which label is associated with Darin: Copper or Silver?
Answer with exactly one word:",-1.3806353,-6.4944077,-14.0479765,-19.058094,-13.792292,-46.488586,16.03125,13.90625,clean,-2.3200984,-5.803829,-6.050626,-4.651846,-9.318169,-6.661743,-0.8294058,2.3200984,2.125
g010_irrelevant,10,1,4,irrelevant,stable,0,Copper,Silver,38315,15934,"You are given a small relation graph.
Fact 1: Darin routes through Elo.
Fact 2: Elo ends at Copper.
Irrelevant fact: Faye is associated with Gold.
Question: Which label is associated with Darin: Copper or Silver?
Answer with exactly one word:",8.390863,6.345648,5.100012,-2.191969,13.167721,-26.8858,16.84375,12.9921875,clean,7.4514003,7.0362263,13.0973625,12.214279,17.641844,12.941044,43.765434,7.0362263,3.8515625
g010_paraphrase,10,1,4,paraphrase,stable,0,Copper,Silver,38315,15934,"In this example, Darin reaches Elo.
The destination connected to Elo is Copper.
Based on those two links, select the label for Darin: Copper or Silver.
Answer:",-2.9539242,-8.998842,-12.077578,-18.18542,-8.228071,-44.927895,16.171875,13.984375,clean,-3.8933873,-8.308264,-4.080227,-3.779171,-3.7539482,-5.1010513,2.7552605,3.7539482,2.1875
g010_weak_distractor,10,1,4,weak_distractor,competition,1,Copper,Silver,38315,15934,"You are given a small relation graph.
Fact 1: Darin routes through Elo.
Fact 2: Elo ends at Copper.
Weak note: some unrelated source mentions Silver, but does not update the graph.
Question: Which label is associated with Darin: Copper or Silver?
Answer with exactly one word:",8.231812,2.5133276,6.4349976,-1.4846401,15.822283,-23.441067,16.0,12.7265625,clean,7.2923484,3.203906,14.432348,12.921608,20.296406,16.385777,46.404503,3.203906,3.2734375
g010_competition_balanced,10,1,4,competition_balanced,competition,1,Copper,Silver,38315,15934,"You are given a small relation graph.
Fact 1: Darin routes through Elo.
Fact 2: Elo ends at Copper.
Competing fact: Darin is also associated with Silver.
Question: Which label is associated with Darin: Copper or Silver?
Answer with exactly one word:",11.904535,10.610938,11.222656,1.532402,27.102955,-13.924923,16.25,12.390625,clean,10.965073,11.301517,19.220007,15.93865,31.577078,25.90192,63.613266,10.965073,3.859375
g010_direct_conflict,10,1,4,direct_conflict,competition,1,Copper,Silver,38315,15934,"You are given a small relation graph.
Fact 1: Darin routes through Elo.
Fact 2: Elo ends at Copper.
Direct conflicting fact: Darin ends at Silver.
Question: Which label is associated with Darin: Copper or Silver?
Answer with exactly one word:",10.526506,9.398542,7.397357,-1.6435308,17.815401,-22.891712,15.984375,12.828125,clean,9.587044,10.089121,15.394708,12.762717,22.289524,16.935131,50.803535,9.587044,3.15625
g010_closure_update,10,1,4,closure_update,closure,2,Copper,Silver,38315,15934,"You are given a small relation graph.
Fact 1: Darin routes through Elo.
Old record: Elo ends at Copper.
Updated record: Elo ends at Silver, not Copper.
Question: Which label is associated with Darin: Copper or Silver?
Answer with exactly one word:",1.1710593,-11.433519,-7.1486998,-14.076314,8.361708,-28.947254,15.8515625,12.5546875,clean,0.23159611,-10.742941,0.84865093,0.32993412,12.835831,10.879589,23.095333,0.23159611,3.296875
g010_closure_override,10,1,4,closure_override,closure,2,Copper,Silver,38315,15934,"You are given a rule system.
General rule: items that routes through Elo receive label Copper.
Override rule: in this case, items that routes through Elo receive label Silver.
Fact: Darin routes through Elo.
Question: Which label applies to Darin: Copper or Silver?
Answer with exactly one word:",-14.59951,-26.722466,-36.272316,-41.473618,-42.02343,-69.86605,15.5703125,15.953125,conflict,-15.538973,-26.031887,-28.274965,-27.06737,-37.54931,-30.039207,-54.64991,15.538973,-0.3828125
g010_exception_override,10,1,4,exception_override,closure,2,Copper,Silver,38315,15934,"You are given a rule system.
General rule: items connected to Elo use label Copper.
Exception: Darin is a special case and uses label Silver.
Fact: Darin is connected to Elo.
Question: Which label applies to Darin: Copper or Silver?
Answer with exactly one word:",-12.292068,-27.033897,-32.097435,-37.542137,-36.82007,-66.463394,15.75,15.921875,conflict,-13.231531,-26.343319,-24.100084,-23.13589,-32.345947,-26.63655,-46.589584,13.231531,-0.171875
g011_clean,11,1,5,clean,stable,0,Gold,Iron,6863,17186,"You are given a small relation graph.
Fact 1: Darin is linked with Elo.
Fact 2: Elo resolves to Gold.
Question: Which label is associated with Darin: Gold or Iron?
Answer with exactly one word:",26.423828,35.93313,43.513283,55.122265,66.05589,96.38468,16.15625,12.9453125,clean,0.0,0.0,0.0,0.0,0.0,0.0,14.033369,0.0,3.2109375
g011_redundant,11,1,5,redundant,stable,0,Gold,Iron,6863,17186,"You are given a small relation graph.
Fact 1: Darin is linked with Elo.
Fact 2: Elo resolves to Gold.
Confirmation: Darin still goes through Elo.
Confirmation: Elo still points to Gold.
Question: Which label is associated with Darin: Gold or Iron?
Answer with exactly one word:",23.095066,26.324287,36.583,47.70966,57.713154,88.42032,16.03125,13.15625,clean,-3.328762,-9.608841,-6.9302826,-7.4126053,-8.342739,-7.964363,-3.9251862,3.328762,2.875
g011_irrelevant,11,1,5,irrelevant,stable,0,Gold,Iron,6863,17186,"You are given a small relation graph.
Fact 1: Darin is linked with Elo.
Fact 2: Elo resolves to Gold.
Irrelevant fact: Faye is associated with Red.
Question: Which label is associated with Darin: Gold or Iron?
Answer with exactly one word:",27.865604,40.139053,50.968594,61.628387,71.04094,100.95611,16.28125,12.8671875,clean,1.4417763,4.205925,7.455311,6.5061226,4.9850464,4.5714264,26.223076,1.4417763,3.4140625
g011_paraphrase,11,1,5,paraphrase,stable,0,Gold,Iron,6863,17186,"In this example, Darin reaches Elo.
The destination connected to Elo is Gold.
Based on those two links, select the label for Darin: Gold or Iron.
Answer:",24.594425,22.770027,26.315792,39.82189,54.668686,90.59526,16.5625,14.109375,clean,-1.8294029,-13.163101,-17.19749,-15.300373,-11.387207,-5.789421,-12.504276,1.8294029,2.453125
g011_weak_distractor,11,1,5,weak_distractor,competition,1,Gold,Iron,6863,17186,"You are given a small relation graph.
Fact 1: Darin is linked with Elo.
Fact 2: Elo resolves to Gold.
Weak note: some unrelated source mentions Iron, but does not update the graph.
Question: Which label is associated with Darin: Gold or Iron?
Answer with exactly one word:",28.313347,39.62554,52.8226,63.497223,74.193405,105.20653,15.953125,12.765625,clean,1.8895187,3.6924133,9.309319,8.374958,8.137512,8.821846,31.420145,1.8895187,3.1875
g011_competition_balanced,11,1,5,competition_balanced,competition,1,Gold,Iron,6863,17186,"You are given a small relation graph.
Fact 1: Darin is linked with Elo.
Fact 2: Elo resolves to Gold.
Competing fact: Darin is also associated with Iron.
Question: Which label is associated with Darin: Gold or Iron?
Answer with exactly one word:",24.604828,35.122566,40.398804,51.55835,61.739376,93.84883,15.8046875,13.5390625,clean,-1.8190002,-0.81056213,-3.114479,-3.5639153,-4.316517,-2.5358505,7.1902695,0.81056213,2.265625
g011_direct_conflict,11,1,5,direct_conflict,competition,1,Gold,Iron,6863,17186,"You are given a small relation graph.
Fact 1: Darin is linked with Elo.
Fact 2: Elo resolves to Gold.
Direct conflicting fact: Darin resolves to Iron.
Question: Which label is associated with Darin: Gold or Iron?
Answer with exactly one word:",19.575365,29.352463,38.084602,48.377064,53.328453,85.73279,15.640625,13.5078125,clean,-6.848463,-6.5806656,-5.4286804,-6.745201,-12.72744,-10.651894,-6.448616,5.4286804,2.1328125
g011_closure_update,11,1,5,closure_update,closure,2,Gold,Iron,6863,17186,"You are given a small relation graph.
Fact 1: Darin is linked with Elo.
Old record: Elo resolves to Gold.
Updated record: Elo resolves to Iron, not Gold.
Question: Which label is associated with Darin: Gold or Iron?
Answer with exactly one word:",10.693971,7.833454,18.248955,30.89351,36.9461,71.37944,15.40625,14.484375,clean,-15.729857,-28.099674,-25.264328,-24.228754,-29.109795,-25.005241,-46.177254,15.729857,0.921875
g011_closure_override,11,1,5,closure_override,closure,2,Gold,Iron,6863,17186,"You are given a rule system.
General rule: items that is linked with Elo receive label Gold.
Override rule: in this case, items that is linked with Elo receive label Iron.
Fact: Darin is linked with Elo.
Question: Which label applies to Darin: Gold or Iron?
Answer with exactly one word:",1.4325256,2.1410933,5.9140396,19.276371,12.570387,50.55586,14.734375,16.0625,conflict,-24.991302,-33.792034,-37.599243,-35.845894,-53.485504,-45.828823,-82.7638,24.991302,-1.328125
g011_exception_override,11,1,5,exception_override,closure,2,Gold,Iron,6863,17186,"You are given a rule system.
General rule: items connected to Elo use label Gold.
Exception: Darin is a special case and uses label Iron.
Fact: Darin is connected to Elo.
Question: Which label applies to Darin: Gold or Iron?
Answer with exactly one word:",4.850545,2.0405378,5.865348,19.241177,8.382021,43.788307,14.6484375,16.46875,conflict,-21.573284,-33.89259,-37.647934,-35.88109,-57.673874,-52.596375,-87.619835,21.573284,-1.8203125
g012_clean,12,2,0,clean,stable,0,Red,Blue,4075,7640,"You are given a small relation graph.
Fact 1: Galen belongs to Hera.
Fact 2: Hera is located at Red.
Question: Which label is associated with Galen: Red or Blue?
Answer with exactly one word:",1.4169436,-1.5606575,15.82741,22.222786,22.49827,67.46597,15.53125,13.0859375,clean,0.0,0.0,0.0,0.0,0.0,0.0,14.033369,0.0,2.4453125
g012_redundant,12,2,0,redundant,stable,0,Red,Blue,4075,7640,"You are given a small relation graph.
Fact 1: Galen belongs to Hera.
Fact 2: Hera is located at Red.
Confirmation: Galen still goes through Hera.
Confirmation: Hera still points to Red.
Question: Which label is associated with Galen: Red or Blue?
Answer with exactly one word:",0.047789574,-4.567816,12.343355,18.072891,19.8469,64.22009,15.4375,12.9609375,clean,-1.369154,-3.0071583,-3.4840546,-4.1498947,-2.651369,-3.2458801,6.671354,1.369154,2.4765625
g012_irrelevant,12,2,0,irrelevant,stable,0,Red,Blue,4075,7640,"You are given a small relation graph.
Fact 1: Galen belongs to Hera.
Fact 2: Hera is located at Red.
Irrelevant fact: Ivo is associated with Green.
Question: Which label is associated with Galen: Red or Blue?
Answer with exactly one word:",2.5947351,5.9889803,27.484983,32.076714,38.73907,83.982864,15.75,12.015625,clean,1.1777916,7.549638,11.657574,9.853928,16.2408,16.516891,42.092102,1.1777916,3.734375
g012_paraphrase,12,2,0,paraphrase,stable,0,Red,Blue,4075,7640,"In this example, Galen reaches Hera.
The destination connected to Hera is Red.
Based on those two links, select the label for Galen: Red or Blue.
Answer:",10.52536,-0.1381321,12.543592,16.385576,15.873547,64.444565,15.984375,14.0703125,clean,9.108417,1.4225254,-3.2838173,-5.8372097,-6.6247234,-3.021408,8.045636,1.4225254,1.9140625
g012_weak_distractor,12,2,0,weak_distractor,competition,1,Red,Blue,4075,7640,"You are given a small relation graph.
Fact 1: Galen belongs to Hera.
Fact 2: Hera is located at Red.
Weak note: some unrelated source mentions Blue, but does not update the graph.
Question: Which label is associated with Galen: Red or Blue?
Answer with exactly one word:",4.086519,2.9324703,23.87579,29.169613,29.959064,74.85358,15.453125,12.703125,clean,2.6695752,4.493128,8.04838,6.946827,7.4607944,7.3876038,29.705172,2.6695752,2.75
g012_competition_balanced,12,2,0,competition_balanced,competition,1,Red,Blue,4075,7640,"You are given a small relation graph.
Fact 1: Galen belongs to Hera.
Fact 2: Hera is located at Red.
Competing fact: Galen is also associated with Blue.
Question: Which label is associated with Galen: Red or Blue?
Answer with exactly one word:",2.7038996,-1.5169811,17.28045,22.298643,19.089428,62.80365,15.265625,13.5234375,clean,1.2869561,0.043676376,1.4530411,0.07585716,-3.408842,-4.662323,10.867469,0.043676376,1.7421875
g012_direct_conflict,12,2,0,direct_conflict,competition,1,Red,Blue,4075,7640,"You are given a small relation graph.
Fact 1: Galen belongs to Hera.
Fact 2: Hera is located at Red.
Direct conflicting fact: Galen is located at Blue.
Question: Which label is associated with Galen: Red or Blue?
Answer with exactly one word:",1.5384884,-3.6248302,13.170582,18.864946,6.7508163,46.70505,15.1015625,14.21875,clean,0.12154484,-2.0641727,-2.656828,-3.3578396,-15.747454,-20.760921,-7.588516,0.12154484,0.8828125
g012_closure_update,12,2,0,closure_update,closure,2,Red,Blue,4075,7640,"You are given a small relation graph.
Fact 1: Galen belongs to Hera.
Old record: Hera is located at Red.
Updated record: Hera is located at Blue, not Red.
Question: Which label is associated with Galen: Red or Blue?
Answer with exactly one word:",-2.7476382,-15.444785,6.147587,13.841118,14.891102,54.639236,15.234375,13.6015625,clean,-4.164582,-13.884128,-9.679823,-8.381668,-7.607168,-12.826736,-9.139498,4.164582,1.6328125
g012_closure_override,12,2,0,closure_override,closure,2,Red,Blue,4075,7640,"You are given a rule system.
General rule: items that belongs to Hera receive label Red.
Override rule: in this case, items that belongs to Hera receive label Blue.
Fact: Galen belongs to Hera.
Question: Which label applies to Galen: Red or Blue?
Answer with exactly one word:",-23.803883,-34.40629,-24.832846,-16.615286,-30.3527,-1.4544144,14.0859375,16.34375,conflict,-25.220825,-32.84563,-40.660255,-38.838074,-52.850967,-68.92039,-96.41461,25.220825,-2.2578125
g012_exception_override,12,2,0,exception_override,closure,2,Red,Blue,4075,7640,"You are given a rule system.
General rule: items connected to Hera use label Red.
Exception: Galen is a special case and uses label Blue.
Fact: Galen is connected to Hera.
Question: Which label applies to Galen: Red or Blue?
Answer with exactly one word:",-22.110968,-35.447346,-22.928719,-15.398063,-25.730228,0.5161133,13.96875,16.140625,conflict,-23.527912,-33.88669,-38.756126,-37.62085,-48.2285,-66.94986,-91.76157,23.527912,-2.171875
g013_clean,13,2,1,clean,stable,0,Green,Yellow,6724,21730,"You are given a small relation graph.
Fact 1: Galen is assigned to Hera.
Fact 2: Hera maps to Green.
Question: Which label is associated with Galen: Green or Yellow?
Answer with exactly one word:",9.385183,13.937893,26.603588,42.109867,74.50224,107.4892,15.7734375,12.6171875,clean,0.0,0.0,0.0,0.0,0.0,0.0,14.033369,0.0,3.15625
g013_redundant,13,2,1,redundant,stable,0,Green,Yellow,6724,21730,"You are given a small relation graph.
Fact 1: Galen is assigned to Hera.
Fact 2: Hera maps to Green.
Confirmation: Galen still goes through Hera.
Confirmation: Hera still points to Green.
Question: Which label is associated with Galen: Green or Yellow?
Answer with exactly one word:",4.6965547,9.140783,22.293087,37.088974,69.59236,103.521774,15.484375,12.375,clean,-4.6886287,-4.7971096,-4.310501,-5.020893,-4.9098816,-3.9674225,3.132533,3.9674225,3.109375
g013_irrelevant,13,2,1,irrelevant,stable,0,Green,Yellow,6724,21730,"You are given a small relation graph.
Fact 1: Galen is assigned to Hera.
Fact 2: Hera maps to Green.
Irrelevant fact: Ivo is associated with North.
Question: Which label is associated with Galen: Green or Yellow?
Answer with exactly one word:",9.159618,17.077915,34.79748,47.98654,85.72424,118.98003,15.96875,11.6640625,clean,-0.22556496,3.1400223,8.193893,5.8766747,11.222,11.490829,32.23445,0.22556496,4.3046875
g013_paraphrase,13,2,1,paraphrase,stable,0,Green,Yellow,6724,21730,"In this example, Galen reaches Hera.
The destination connected to Hera is Green.
Based on those two links, select the label for Galen: Green or Yellow.
Answer:",6.282266,5.232958,15.551945,34.008453,60.259926,95.65137,15.875,13.65625,clean,-3.1029172,-8.704935,-11.051643,-8.101414,-14.242317,-11.83783,-10.50609,3.1029172,2.21875
g013_weak_distractor,13,2,1,weak_distractor,competition,1,Green,Yellow,6724,21730,"You are given a small relation graph.
Fact 1: Galen is assigned to Hera.
Fact 2: Hera maps to Green.
Weak note: some unrelated source mentions Yellow, but does not update the graph.
Question: Which label is associated with Galen: Green or Yellow?
Answer with exactly one word:",6.890194,11.2863,27.025772,41.521694,76.84441,111.69603,15.171875,11.7890625,clean,-2.4949894,-2.6515932,0.422184,-0.5881729,2.3421707,4.206833,15.868974,0.422184,3.3828125
g013_competition_balanced,13,2,1,competition_balanced,competition,1,Green,Yellow,6724,21730,"You are given a small relation graph.
Fact 1: Galen is assigned to Hera.
Fact 2: Hera maps to Green.
Competing fact: Galen is also associated with Yellow.
Question: Which label is associated with Galen: Green or Yellow?
Answer with exactly one word:",0.48556328,2.340541,16.748596,31.863949,64.87732,99.664505,15.1484375,12.921875,clean,-8.89962,-11.597352,-9.854992,-10.245918,-9.624924,-7.824692,-8.747814,7.824692,2.2265625
g013_direct_conflict,13,2,1,direct_conflict,competition,1,Green,Yellow,6724,21730,"You are given a small relation graph.
Fact 1: Galen is assigned to Hera.
Fact 2: Hera maps to Green.
Direct conflicting fact: Galen maps to Yellow.
Question: Which label is associated with Galen: Green or Yellow?
Answer with exactly one word:",0.25031447,0.65652275,14.209844,28.54982,56.658573,93.12573,14.828125,13.3359375,clean,-9.134869,-13.28137,-12.393744,-13.560047,-17.84367,-14.363464,-19.194387,9.134869,1.4921875
g013_closure_update,13,2,1,closure_update,closure,2,Green,Yellow,6724,21730,"You are given a small relation graph.
Fact 1: Galen is assigned to Hera.
Old record: Hera maps to Green.
Updated record: Hera maps to Yellow, not Green.
Question: Which label is associated with Galen: Green or Yellow?
Answer with exactly one word:",-3.1444192,-11.142007,6.0035486,21.570572,58.551125,96.91382,15.1015625,13.2109375,clean,-12.529602,-25.079899,-20.60004,-20.539295,-15.951118,-10.575378,-27.06544,10.575378,1.890625
g013_closure_override,13,2,1,closure_override,closure,2,Green,Yellow,6724,21730,"You are given a rule system.
General rule: items that is assigned to Hera receive label Green.
Override rule: in this case, items that is assigned to Hera receive label Yellow.
Fact: Galen is assigned to Hera.
Question: Which label applies to Galen: Green or Yellow?
Answer with exactly one word:",-24.253853,-33.50201,-32.05741,-14.889127,3.3262157,39.994045,13.296875,15.6875,conflict,-33.639038,-47.439903,-58.661,-56.998993,-71.176025,-67.49515,-126.20865,33.639038,-2.390625
g013_exception_override,13,2,1,exception_override,closure,2,Green,Yellow,6724,21730,"You are given a rule system.
General rule: items connected to Hera use label Green.
Exception: Galen is a special case and uses label Yellow.
Fact: Galen is connected to Hera.
Question: Which label applies to Galen: Green or Yellow?
Answer with exactly one word:",-20.999187,-32.53219,-24.556906,-7.7519403,15.556532,52.77683,13.7890625,15.453125,conflict,-30.38437,-46.47008,-51.160492,-49.86181,-58.94571,-54.712368,-106.5404,30.38437,-1.6640625
g014_clean,14,2,2,clean,stable,0,North,South,4612,4316,"You are given a small relation graph.
Fact 1: Galen is part of Hera.
Fact 2: Hera points to North.
Question: Which label is associated with Galen: North or South?
Answer with exactly one word:",10.240524,4.0173187,15.969658,21.374779,16.66082,15.212448,15.53125,14.71875,clean,0.0,0.0,0.0,0.0,0.0,0.0,14.033369,0.0,0.8125
g014_redundant,14,2,2,redundant,stable,0,North,South,4612,4316,"You are given a small relation graph.
Fact 1: Galen is part of Hera.
Fact 2: Hera points to North.
Confirmation: Galen still goes through Hera.
Confirmation: Hera still points to North.
Question: Which label is associated with Galen: North or South?
Answer with exactly one word:",12.913612,6.120682,21.976841,26.787788,23.02436,24.007904,15.71875,14.2734375,clean,2.673088,2.103363,6.007183,5.4130096,6.3635406,8.795456,27.644604,2.103363,1.4453125
g014_irrelevant,14,2,2,irrelevant,stable,0,North,South,4612,4316,"You are given a small relation graph.
Fact 1: Galen is part of Hera.
Fact 2: Hera points to North.
Irrelevant fact: Ivo is associated with East.
Question: Which label is associated with Galen: North or South?
Answer with exactly one word:",17.089764,13.59164,33.430443,39.65818,37.949356,37.668808,16.34375,13.65625,clean,6.8492393,9.574322,17.460785,18.283401,21.288536,22.45636,55.34379,6.8492393,2.6875
g014_paraphrase,14,2,2,paraphrase,stable,0,North,South,4612,4316,"In this example, Galen reaches Hera.
The destination connected to Hera is North.
Based on those two links, select the label for Galen: North or South.
Answer:",13.420305,9.579199,22.32748,24.869442,26.511429,26.325684,15.96875,13.375,clean,3.179781,5.56188,6.3578224,3.4946632,9.850609,11.113235,31.227383,3.179781,2.59375
g014_weak_distractor,14,2,2,weak_distractor,competition,1,North,South,4612,4316,"You are given a small relation graph.
Fact 1: Galen is part of Hera.
Fact 2: Hera points to North.
Weak note: some unrelated source mentions South, but does not update the graph.
Question: Which label is associated with Galen: North or South?
Answer with exactly one word:",17.049543,16.753956,31.15881,34.4677,35.09413,35.03334,15.765625,13.296875,clean,6.809019,12.736637,15.189152,13.092922,18.433311,19.820892,50.602478,6.809019,2.46875
g014_competition_balanced,14,2,2,competition_balanced,competition,1,North,South,4612,4316,"You are given a small relation graph.
Fact 1: Galen is part of Hera.
Fact 2: Hera points to North.
Competing fact: Galen is also associated with South.
Question: Which label is associated with Galen: North or South?
Answer with exactly one word:",3.4789581,0.28357315,12.102932,15.905785,12.568764,11.093613,14.953125,14.9765625,conflict,-6.761566,-3.7337456,-3.866726,-5.468994,-4.0920563,-4.1188354,3.3479004,3.7337456,-0.0234375
g014_direct_conflict,14,2,2,direct_conflict,competition,1,North,South,4612,4316,"You are given a small relation graph.
Fact 1: Galen is part of Hera.
Fact 2: Hera points to North.
Direct conflicting fact: Galen points to South.
Question: Which label is associated with Galen: North or South?
Answer with exactly one word:",5.9876823,1.0749512,12.140858,15.926369,7.806679,6.0123596,14.7890625,15.1171875,conflict,-4.252842,-2.9423676,-3.8288002,-5.44841,-8.854141,-9.2000885,-0.7961178,2.9423676,-0.328125
g014_closure_update,14,2,2,closure_update,closure,2,North,South,4612,4316,"You are given a small relation graph.
Fact 1: Galen is part of Hera.
Old record: Hera points to North.
Updated record: Hera points to South, not North.
Question: Which label is associated with Galen: North or South?
Answer with exactly one word:",7.8236313,-0.536705,12.924583,17.488213,19.001312,16.11647,15.3203125,14.703125,clean,-2.416893,-4.5540237,-3.0450745,-3.8865662,2.3404922,0.9040222,10.85178,0.9040222,0.6171875
g014_closure_override,14,2,2,closure_override,closure,2,North,South,4612,4316,"You are given a rule system.
General rule: items that is part of Hera receive label North.
Override rule: in this case, items that is part of Hera receive label South.
Fact: Galen is part of Hera.
Question: Which label applies to Galen: North or South?
Answer with exactly one word:",-8.690704,-14.453897,-12.744965,-7.682968,-8.395195,-10.782639,14.25,16.34375,conflict,-18.931229,-18.471216,-28.714622,-29.057747,-25.056015,-25.995087,-45.53955,18.471216,-2.09375
g014_exception_override,14,2,2,exception_override,closure,2,North,South,4612,4316,"You are given a rule system.
General rule: items connected to Hera use label North.
Exception: Galen is a special case and uses label South.
Fact: Galen is connected to Hera.
Question: Which label applies to Galen: North or South?
Answer with exactly one word:",-5.658537,-13.598515,-8.009834,-3.655548,-6.171318,-8.953552,14.09375,15.921875,conflict,-15.899061,-17.615833,-23.979492,-25.030327,-22.832138,-24.166,-38.972427,15.899061,-1.828125
g015_clean,15,2,3,clean,stable,0,East,West,5571,4589,"You are given a small relation graph.
Fact 1: Galen is grouped under Hera.
Fact 2: Hera has label East.
Question: Which label is associated with Galen: East or West?
Answer with exactly one word:",12.277693,3.9429226,6.7748146,8.770264,7.299431,-3.254448,16.09375,14.890625,clean,0.0,0.0,0.0,0.0,0.0,0.0,14.033369,0.0,1.203125
g015_redundant,15,2,3,redundant,stable,0,East,West,5571,4589,"You are given a small relation graph.
Fact 1: Galen is grouped under Hera.
Fact 2: Hera has label East.
Confirmation: Galen still goes through Hera.
Confirmation: Hera still points to East.
Question: Which label is associated with Galen: East or West?
Answer with exactly one word:",13.725147,2.6908112,6.3574524,6.858818,2.0443878,-6.7382812,15.9375,14.84375,clean,1.4474545,-1.2521114,-0.4173622,-1.9114456,-5.255043,-3.4838333,8.596943,0.4173622,1.09375
g015_irrelevant,15,2,3,irrelevant,stable,0,East,West,5571,4589,"You are given a small relation graph.
Fact 1: Galen is grouped under Hera.
Fact 2: Hera has label East.
Irrelevant fact: Ivo is associated with Copper.
Question: Which label is associated with Galen: East or West?
Answer with exactly one word:",17.578629,10.939074,17.984108,19.802948,24.758926,15.085014,16.921875,13.9921875,clean,5.3009357,6.996151,11.209293,11.032684,17.459496,18.339462,44.681328,5.3009357,2.9296875
g015_paraphrase,15,2,3,paraphrase,stable,0,East,West,5571,4589,"In this example, Galen reaches Hera.
The destination connected to Hera is East.
Based on those two links, select the label for Galen: East or West.
Answer:",11.560598,6.8224907,14.933605,13.131393,12.621117,2.1706314,15.921875,14.25,clean,-0.7170944,2.879568,8.158791,4.3611298,5.321686,5.4250793,25.346802,0.7170944,1.671875
g015_weak_distractor,15,2,3,weak_distractor,competition,1,East,West,5571,4589,"You are given a small relation graph.
Fact 1: Galen is grouped under Hera.
Fact 2: Hera has label East.
Weak note: some unrelated source mentions West, but does not update the graph.
Question: Which label is associated with Galen: East or West?
Answer with exactly one word:",16.557455,12.903159,16.333815,17.230167,22.411903,12.980209,16.046875,13.328125,clean,4.2797623,8.960237,9.559,8.459904,15.112473,16.234657,41.136868,4.2797623,2.71875
g015_competition_balanced,15,2,3,competition_balanced,competition,1,East,West,5571,4589,"You are given a small relation graph.
Fact 1: Galen is grouped under Hera.
Fact 2: Hera has label East.
Competing fact: Galen is also associated with West.
Question: Which label is associated with Galen: East or West?
Answer with exactly one word:",13.51332,7.2886486,7.5516586,8.487053,10.66214,1.2789383,15.765625,14.2578125,clean,1.2356272,3.345726,0.776844,-0.28321075,3.362709,4.533386,19.63345,0.28321075,1.5078125
g015_direct_conflict,15,2,3,direct_conflict,competition,1,East,West,5571,4589,"You are given a small relation graph.
Fact 1: Galen is grouped under Hera.
Fact 2: Hera has label East.
Direct conflicting fact: Galen has label West.
Question: Which label is associated with Galen: East or West?
Answer with exactly one word:",13.39514,7.508518,8.714161,8.875469,7.386139,-3.1382751,15.765625,14.5859375,clean,1.1174469,3.5655956,1.9393463,0.105205536,0.08670807,0.11617279,16.39878,0.08670807,1.1796875
g015_closure_update,15,2,3,closure_update,closure,2,East,West,5571,4589,"You are given a small relation graph.
Fact 1: Galen is grouped under Hera.
Old record: Hera has label East.
Updated record: Hera has label West, not East.
Question: Which label is associated with Galen: East or West?
Answer with exactly one word:",10.95396,-1.0238209,1.9865303,2.8304825,6.250931,-3.8084183,15.6875,14.4609375,clean,-1.3237324,-4.9667435,-4.7882843,-5.939781,-1.0485001,-0.55397034,6.984245,0.55397034,1.2265625
g015_closure_override,15,2,3,closure_override,closure,2,East,West,5571,4589,"You are given a rule system.
General rule: items that is grouped under Hera receive label East.
Override rule: in this case, items that is grouped under Hera receive label West.
Fact: Galen is grouped under Hera.
Question: Which label applies to Galen: East or West?
Answer with exactly one word:",-2.4799576,-13.710005,-20.67336,-20.239357,-30.314285,-43.539352,13.7734375,16.484375,conflict,-14.75765,-17.652927,-27.448175,-29.00962,-37.613716,-40.284904,-57.418304,14.75765,-2.7109375
g015_exception_override,15,2,3,exception_override,closure,2,East,West,5571,4589,"You are given a rule system.
General rule: items connected to Hera use label East.
Exception: Galen is a special case and uses label West.
Fact: Galen is connected to Hera.
Question: Which label applies to Galen: East or West?
Answer with exactly one word:",2.3272753,-8.537781,-13.1264305,-12.924267,-20.277481,-33.51889,14.34375,16.140625,conflict,-9.9504175,-12.480703,-19.901245,-21.69453,-27.576912,-30.264442,-38.450096,9.9504175,-1.796875
g016_clean,16,2,4,clean,stable,0,Copper,Silver,38315,15934,"You are given a small relation graph.
Fact 1: Galen routes through Hera.
Fact 2: Hera ends at Copper.
Question: Which label is associated with Galen: Copper or Silver?
Answer with exactly one word:",4.906074,4.5332136,-5.916856,-11.558222,-3.8582344,-36.72487,16.125,13.28125,clean,0.0,0.0,0.0,0.0,0.0,0.0,14.033369,0.0,2.84375
g016_redundant,16,2,4,redundant,stable,0,Copper,Silver,38315,15934,"You are given a small relation graph.
Fact 1: Galen routes through Hera.
Fact 2: Hera ends at Copper.
Confirmation: Galen still goes through Hera.
Confirmation: Hera still points to Copper.
Question: Which label is associated with Galen: Copper or Silver?
Answer with exactly one word:",2.5090625,0.20804882,-11.195556,-16.26445,-11.297096,-40.488182,15.7890625,13.3984375,clean,-2.3970115,-4.325165,-5.2787,-4.7062283,-7.438862,-3.7633133,2.3628626,2.3970115,2.390625
g016_irrelevant,16,2,4,irrelevant,stable,0,Copper,Silver,38315,15934,"You are given a small relation graph.
Fact 1: Galen routes through Hera.
Fact 2: Hera ends at Copper.
Irrelevant fact: Ivo is associated with Gold.
Question: Which label is associated with Galen: Copper or Silver?
Answer with exactly one word:",11.070416,13.30608,5.6668997,-1.5854559,12.034954,-26.461098,16.65625,12.8828125,clean,6.1643424,8.772866,11.5837555,9.972766,15.893188,10.263771,40.282417,6.1643424,3.7734375
g016_paraphrase,16,2,4,paraphrase,stable,0,Copper,Silver,38315,15934,"In this example, Galen reaches Hera.
The destination connected to Hera is Copper.
Based on those two links, select the label for Galen: Copper or Silver.
Answer:",1.0217319,-3.049727,-6.688143,-12.560513,-4.314411,-38.706833,16.671875,14.0078125,clean,-3.8843422,-7.5829406,-0.77128696,-1.0022907,-0.45617676,-1.9819641,8.709237,0.45617676,2.6640625
g016_weak_distractor,16,2,4,weak_distractor,competition,1,Copper,Silver,38315,15934,"You are given a small relation graph.
Fact 1: Galen routes through Hera.
Fact 2: Hera ends at Copper.
Weak note: some unrelated source mentions Silver, but does not update the graph.
Question: Which label is associated with Galen: Copper or Silver?
Answer with exactly one word:",8.725674,4.920715,6.718395,-0.97752666,8.505991,-26.851778,15.765625,12.578125,clean,3.8195996,0.38750124,12.635251,10.580695,12.364225,9.873091,35.69236,0.38750124,3.1875
g016_competition_balanced,16,2,4,competition_balanced,competition,1,Copper,Silver,38315,15934,"You are given a small relation graph.
Fact 1: Galen routes through Hera.
Fact 2: Hera ends at Copper.
Competing fact: Galen is also associated with Silver.
Question: Which label is associated with Galen: Copper or Silver?
Answer with exactly one word:",6.9173126,3.6338472,-1.5279722,-10.35746,4.8690968,-30.375202,15.8203125,13.296875,clean,2.0112386,-0.8993664,4.3888836,1.2007618,8.727331,6.3496666,24.133417,0.8993664,2.5234375
g016_direct_conflict,16,2,4,direct_conflict,competition,1,Copper,Silver,38315,15934,"You are given a small relation graph.
Fact 1: Galen routes through Hera.
Fact 2: Hera ends at Copper.
Direct conflicting fact: Galen ends at Silver.
Question: Which label is associated with Galen: Copper or Silver?
Answer with exactly one word:",4.3813486,0.47435665,-5.3740435,-12.618969,-7.334263,-40.64049,15.5703125,13.5625,clean,-0.52472544,-4.058857,0.54281235,-1.0607471,-3.4760284,-3.9156227,8.636102,0.52472544,2.0078125
g016_closure_update,16,2,4,closure_update,closure,2,Copper,Silver,38315,15934,"You are given a small relation graph.
Fact 1: Galen routes through Hera.
Old record: Hera ends at Copper.
Updated record: Hera ends at Silver, not Copper.
Question: Which label is associated with Galen: Copper or Silver?
Answer with exactly one word:",-2.1450236,-13.852777,-10.629157,-17.392954,-7.7359123,-39.27921,15.875,13.3984375,clean,-7.051098,-18.38599,-4.7123013,-5.834732,-3.877678,-2.5543404,-1.0948019,2.5543404,2.4765625
g016_closure_override,16,2,4,closure_override,closure,2,Copper,Silver,38315,15934,"You are given a rule system.
General rule: items that routes through Hera receive label Copper.
Override rule: in this case, items that routes through Hera receive label Silver.
Fact: Galen routes through Hera.
Question: Which label applies to Galen: Copper or Silver?
Answer with exactly one word:",-17.526138,-31.33934,-43.282623,-47.353752,-54.56081,-77.912445,14.9140625,15.984375,conflict,-22.432213,-35.872555,-37.36577,-35.795532,-50.702576,-41.187576,-78.96549,22.432213,-1.0703125
g016_exception_override,16,2,4,exception_override,closure,2,Copper,Silver,38315,15934,"You are given a rule system.
General rule: items connected to Hera use label Copper.
Exception: Galen is a special case and uses label Silver.
Fact: Galen is connected to Hera.
Question: Which label applies to Galen: Copper or Silver?
Answer with exactly one word:",-15.614479,-31.327322,-41.678753,-46.32228,-53.495125,-77.497314,14.734375,15.8046875,conflict,-20.520554,-35.860535,-35.761898,-34.76406,-49.63689,-40.772446,-76.70656,20.520554,-1.0703125
g017_clean,17,2,5,clean,stable,0,Gold,Iron,6863,17186,"You are given a small relation graph.
Fact 1: Galen is linked with Hera.
Fact 2: Hera resolves to Gold.
Question: Which label is associated with Galen: Gold or Iron?
Answer with exactly one word:",24.152641,30.486153,40.731873,53.104874,59.06358,87.04031,15.3515625,12.8671875,clean,0.0,0.0,0.0,0.0,0.0,0.0,14.033369,0.0,2.484375
g017_redundant,17,2,5,redundant,stable,0,Gold,Iron,6863,17186,"You are given a small relation graph.
Fact 1: Galen is linked with Hera.
Fact 2: Hera resolves to Gold.
Confirmation: Galen still goes through Hera.
Confirmation: Hera still points to Gold.
Question: Which label is associated with Galen: Gold or Iron?
Answer with exactly one word:",23.182697,29.654678,39.80529,51.140095,56.705032,85.83155,15.1015625,12.8203125,clean,-0.969944,-0.8314743,-0.92658234,-1.9647789,-2.3585472,-1.2087631,10.575464,0.8314743,2.28125
g017_irrelevant,17,2,5,irrelevant,stable,0,Gold,Iron,6863,17186,"You are given a small relation graph.
Fact 1: Galen is linked with Hera.
Fact 2: Hera resolves to Gold.
Irrelevant fact: Ivo is associated with Red.
Question: Which label is associated with Galen: Gold or Iron?
Answer with exactly one word:",29.345997,46.09433,60.576954,72.48099,80.897026,104.8383,15.765625,12.171875,clean,5.1933556,15.608177,19.845081,19.376114,21.833447,17.797989,56.24637,5.1933556,3.59375
g017_paraphrase,17,2,5,paraphrase,stable,0,Gold,Iron,6863,17186,"In this example, Galen reaches Hera.
The destination connected to Hera is Gold.
Based on those two links, select the label for Galen: Gold or Iron.
Answer:",27.994312,28.232704,38.226734,53.62889,65.48539,94.068436,16.1875,13.5703125,clean,3.841671,-2.2534485,-2.5051384,0.52401733,6.42181,7.028122,20.18503,0.52401733,2.6171875
g017_weak_distractor,17,2,5,weak_distractor,competition,1,Gold,Iron,6863,17186,"You are given a small relation graph.
Fact 1: Galen is linked with Hera.
Fact 2: Hera resolves to Gold.
Weak note: some unrelated source mentions Iron, but does not update the graph.
Question: Which label is associated with Galen: Gold or Iron?
Answer with exactly one word:",30.127619,44.491665,60.74169,72.37938,84.89255,112.64463,15.53125,11.6484375,clean,5.9749775,14.005512,20.009819,19.274506,25.828968,25.604317,61.934555,5.9749775,3.8828125
g017_competition_balanced,17,2,5,competition_balanced,competition,1,Gold,Iron,6863,17186,"You are given a small relation graph.
Fact 1: Galen is linked with Hera.
Fact 2: Hera resolves to Gold.
Competing fact: Galen is also associated with Iron.
Question: Which label is associated with Galen: Gold or Iron?
Answer with exactly one word:",18.154232,24.991375,36.43956,49.82834,55.516335,86.39437,15.234375,13.359375,clean,-5.9984093,-5.4947777,-4.2923126,-3.276535,-3.547245,-0.6459427,5.6825724,0.6459427,1.875
g017_direct_conflict,17,2,5,direct_conflict,competition,1,Gold,Iron,6863,17186,"You are given a small relation graph.
Fact 1: Galen is linked with Hera.
Fact 2: Hera resolves to Gold.
Direct conflicting fact: Galen resolves to Iron.
Question: Which label is associated with Galen: Gold or Iron?
Answer with exactly one word:",18.280802,23.889612,38.669243,50.120197,54.08465,84.490555,15.171875,13.2109375,clean,-5.8718395,-6.5965405,-2.0626297,-2.9846764,-4.9789314,-2.549759,4.6889143,2.0626297,1.9609375
g017_closure_update,17,2,5,closure_update,closure,2,Gold,Iron,6863,17186,"You are given a small relation graph.
Fact 1: Galen is linked with Hera.
Old record: Hera resolves to Gold.
Updated record: Hera resolves to Iron, not Gold.
Question: Which label is associated with Galen: Gold or Iron?
Answer with exactly one word:",11.454372,8.731696,23.116947,36.352226,43.015404,75.63139,15.3984375,14.4140625,clean,-12.698269,-21.754456,-17.614925,-16.752647,-16.048176,-11.40892,-23.772131,11.40892,0.984375
g017_closure_override,17,2,5,closure_override,closure,2,Gold,Iron,6863,17186,"You are given a rule system.
General rule: items that is linked with Hera receive label Gold.
Override rule: in this case, items that is linked with Hera receive label Iron.
Fact: Galen is linked with Hera.
Question: Which label applies to Galen: Gold or Iron?
Answer with exactly one word:",0.21865082,1.4736433,4.767745,18.498566,8.66518,49.40778,14.875,16.0625,conflict,-23.93399,-29.012508,-35.964127,-34.606308,-50.3984,-37.632534,-74.0522,23.93399,-1.1875
g017_exception_override,17,2,5,exception_override,closure,2,Gold,Iron,6863,17186,"You are given a rule system.
General rule: items connected to Hera use label Gold.
Exception: Galen is a special case and uses label Iron.
Fact: Galen is connected to Hera.
Question: Which label applies to Galen: Gold or Iron?
Answer with exactly one word:",0.94351864,2.3704681,7.282528,21.649246,15.036911,51.360516,14.671875,15.8359375,conflict,-23.209122,-28.115685,-33.449345,-31.455627,-44.02667,-35.6798,-67.10015,23.209122,-1.1640625
g018_clean,18,3,0,clean,stable,0,Red,Blue,4075,7640,"You are given a small relation graph.
Fact 1: Juno belongs to Kira.
Fact 2: Kira is located at Red.
Question: Which label is associated with Juno: Red or Blue?
Answer with exactly one word:",0.6033559,-3.6894207,12.162941,18.123163,18.714996,62.249935,15.6015625,13.921875,clean,0.0,0.0,0.0,0.0,0.0,0.0,14.033369,0.0,1.6796875
g018_redundant,18,3,0,redundant,stable,0,Red,Blue,4075,7640,"You are given a small relation graph.
Fact 1: Juno belongs to Kira.
Fact 2: Kira is located at Red.
Confirmation: Juno still goes through Kira.
Confirmation: Kira still points to Red.
Question: Which label is associated with Juno: Red or Blue?
Answer with exactly one word:",-1.2809501,-5.5530205,7.4998875,11.764667,13.564499,54.86879,15.234375,13.7109375,clean,-1.884306,-1.8635998,-4.6630535,-6.3584967,-5.1504974,-7.3811455,2.1982908,1.8635998,1.5234375
g018_irrelevant,18,3,0,irrelevant,stable,0,Red,Blue,4075,7640,"You are given a small relation graph.
Fact 1: Juno belongs to Kira.
Fact 2: Kira is located at Red.
Irrelevant fact: Lio is associated with Green.
Question: Which label is associated with Juno: Red or Blue?
Answer with exactly one word:",2.983191,5.254507,25.068272,29.148922,33.830906,77.569496,15.703125,12.90625,clean,2.3798351,8.943928,12.905331,11.025759,15.11591,15.319561,42.6185,2.3798351,2.796875
g018_paraphrase,18,3,0,paraphrase,stable,0,Red,Blue,4075,7640,"In this example, Juno reaches Kira.
The destination connected to Kira is Red.
Based on those two links, select the label for Juno: Red or Blue.
Answer:",8.14985,-2.335926,11.6779175,15.94129,11.77475,55.35524,15.75,14.5234375,clean,7.546494,1.3534946,-0.4850235,-2.1818733,-6.9402466,-6.8946953,8.118813,0.4850235,1.2265625
g018_weak_distractor,18,3,0,weak_distractor,competition,1,Red,Blue,4075,7640,"You are given a small relation graph.
Fact 1: Juno belongs to Kira.
Fact 2: Kira is located at Red.
Weak note: some unrelated source mentions Blue, but does not update the graph.
Question: Which label is associated with Juno: Red or Blue?
Answer with exactly one word:",4.061602,5.226143,22.312138,26.377222,25.463455,71.103745,15.640625,13.59375,clean,3.4582462,8.915564,10.149197,8.254059,6.748459,8.853809,33.10025,3.4582462,2.046875
g018_competition_balanced,18,3,0,competition_balanced,competition,1,Red,Blue,4075,7640,"You are given a small relation graph.
Fact 1: Juno belongs to Kira.
Fact 2: Kira is located at Red.
Competing fact: Juno is also associated with Blue.
Question: Which label is associated with Juno: Red or Blue?
Answer with exactly one word:",1.0517344,-3.4861736,11.746164,16.591232,13.093254,56.402477,15.28125,14.109375,clean,0.44837856,0.20324707,-0.41677666,-1.5319309,-5.6217422,-5.847458,7.601278,0.20324707,1.171875
g018_direct_conflict,18,3,0,direct_conflict,competition,1,Red,Blue,4075,7640,"You are given a small relation graph.
Fact 1: Juno belongs to Kira.
Fact 2: Kira is located at Red.
Direct conflicting fact: Juno is located at Blue.
Question: Which label is associated with Juno: Red or Blue?
Answer with exactly one word:",-0.57092285,-7.938648,6.8799686,12.373119,1.540245,41.415947,15.0703125,14.734375,clean,-1.1742787,-4.2492275,-5.2829723,-5.750044,-17.174751,-20.833988,-11.381411,1.1742787,0.3359375
g018_closure_update,18,3,0,closure_update,closure,2,Red,Blue,4075,7640,"You are given a small relation graph.
Fact 1: Juno belongs to Kira.
Old record: Kira is located at Red.
Updated record: Kira is located at Blue, not Red.
Question: Which label is associated with Juno: Red or Blue?
Answer with exactly one word:",-4.387489,-17.591639,1.3065891,8.063093,8.399147,47.497723,15.1875,14.3359375,clean,-4.9908447,-13.902218,-10.856352,-10.06007,-10.315849,-14.752213,-12.831734,4.9908447,0.8515625
g018_closure_override,18,3,0,closure_override,closure,2,Red,Blue,4075,7640,"You are given a rule system.
General rule: items that belongs to Kira receive label Red.
Override rule: in this case, items that belongs to Kira receive label Blue.
Fact: Juno belongs to Kira.
Question: Which label applies to Juno: Red or Blue?
Answer with exactly one word:",-25.263287,-37.254974,-30.744421,-23.06662,-36.14805,-8.14653,13.921875,16.6875,conflict,-25.866642,-33.56555,-42.907364,-41.18978,-54.863045,-70.39647,-100.41934,25.866642,-2.765625
g018_exception_override,18,3,0,exception_override,closure,2,Red,Blue,4075,7640,"You are given a rule system.
General rule: items connected to Kira use label Red.
Exception: Juno is a special case and uses label Blue.
Fact: Juno is connected to Kira.
Question: Which label applies to Juno: Red or Blue?
Answer with exactly one word:",-24.269228,-40.12124,-29.993162,-22.620316,-30.940842,-5.580971,13.734375,16.34375,conflict,-24.872583,-36.431816,-42.156105,-40.743477,-49.655838,-67.8309,-96.70206,24.872583,-2.609375
g019_clean,19,3,1,clean,stable,0,Green,Yellow,6724,21730,"You are given a small relation graph.
Fact 1: Juno is assigned to Kira.
Fact 2: Kira maps to Green.
Question: Which label is associated with Juno: Green or Yellow?
Answer with exactly one word:",9.023541,13.304821,18.478098,33.328026,59.36737,91.99608,15.53125,14.0,clean,0.0,0.0,0.0,0.0,0.0,0.0,14.033369,0.0,1.53125
g019_redundant,19,3,1,redundant,stable,0,Green,Yellow,6724,21730,"You are given a small relation graph.
Fact 1: Juno is assigned to Kira.
Fact 2: Kira maps to Green.
Confirmation: Juno still goes through Kira.
Confirmation: Kira still points to Green.
Question: Which label is associated with Juno: Green or Yellow?
Answer with exactly one word:",2.6362166,7.258993,13.780905,28.07448,54.217033,86.75625,15.296875,13.6953125,clean,-6.387325,-6.045828,-4.697193,-5.2535458,-5.150337,-5.23983,1.3129759,4.697193,1.6015625
g019_irrelevant,19,3,1,irrelevant,stable,0,Green,Yellow,6724,21730,"You are given a small relation graph.
Fact 1: Juno is assigned to Kira.
Fact 2: Kira maps to Green.
Irrelevant fact: Lio is associated with North.
Question: Which label is associated with Juno: Green or Yellow?
Answer with exactly one word:",11.912064,19.991415,27.390038,39.810593,70.17688,103.85869,15.53125,13.2109375,clean,2.8885221,6.686594,8.91194,6.482567,10.809509,11.86261,34.623146,2.8885221,2.3203125
g019_paraphrase,19,3,1,paraphrase,stable,0,Green,Yellow,6724,21730,"In this example, Juno reaches Kira.
The destination connected to Kira is Green.
Based on those two links, select the label for Juno: Green or Yellow.
Answer:",1.5351195,2.4075174,15.417391,33.066196,52.975628,87.89371,15.515625,13.9921875,clean,-7.488422,-10.897304,-3.060707,-0.26182938,-6.3917427,-4.102371,2.0652237,0.26182938,1.5234375
g019_weak_distractor,19,3,1,weak_distractor,competition,1,Green,Yellow,6724,21730,"You are given a small relation graph.
Fact 1: Juno is assigned to Kira.
Fact 2: Kira maps to Green.
Weak note: some unrelated source mentions Yellow, but does not update the graph.
Question: Which label is associated with Juno: Green or Yellow?
Answer with exactly one word:",12.643816,22.09317,31.259182,43.317234,71.618904,104.55931,15.046875,12.515625,clean,3.6202745,8.788349,12.781084,9.989208,12.2515335,12.563232,39.537846,3.6202745,2.53125
g019_competition_balanced,19,3,1,competition_balanced,competition,1,Green,Yellow,6724,21730,"You are given a small relation graph.
Fact 1: Juno is assigned to Kira.
Fact 2: Kira maps to Green.
Competing fact: Juno is also associated with Yellow.
Question: Which label is associated with Juno: Green or Yellow?
Answer with exactly one word:",0.9911642,5.3415527,13.153805,28.283442,57.886173,92.10637,14.9921875,13.609375,clean,-8.032377,-7.9632683,-5.324293,-5.0445843,-1.4811974,0.11029053,4.719121,0.11029053,1.3828125
g019_direct_conflict,19,3,1,direct_conflict,competition,1,Green,Yellow,6724,21730,"You are given a small relation graph.
Fact 1: Juno is assigned to Kira.
Fact 2: Kira maps to Green.
Direct conflicting fact: Juno maps to Yellow.
Question: Which label is associated with Juno: Green or Yellow?
Answer with exactly one word:",-1.2900753,0.8877945,9.382608,23.818663,46.628704,82.96036,14.5859375,13.984375,clean,-10.313617,-12.4170265,-9.0954895,-9.509363,-12.738667,-9.035721,-10.929306,9.035721,0.6015625
g019_closure_update,19,3,1,closure_update,closure,2,Green,Yellow,6724,21730,"You are given a small relation graph.
Fact 1: Juno is assigned to Kira.
Old record: Kira maps to Green.
Updated record: Kira maps to Yellow, not Green.
Question: Which label is associated with Juno: Green or Yellow?
Answer with exactly one word:",-1.3589926,-6.7779617,9.086683,23.79745,55.5776,94.05113,15.0625,13.7421875,clean,-10.382534,-20.082783,-9.391415,-9.530577,-3.789772,2.0550537,-3.3962536,2.0550537,1.3203125
g019_closure_override,19,3,1,closure_override,closure,2,Green,Yellow,6724,21730,"You are given a rule system.
General rule: items that is assigned to Kira receive label Green.
Override rule: in this case, items that is assigned to Kira receive label Yellow.
Fact: Juno is assigned to Kira.
Question: Which label applies to Juno: Green or Yellow?
Answer with exactly one word:",-21.23217,-30.96352,-30.268635,-12.457676,1.4964027,40.16215,13.3359375,15.921875,conflict,-30.25571,-44.26834,-48.746735,-45.7857,-57.870968,-51.833927,-101.18037,30.25571,-2.5859375
g019_exception_override,19,3,1,exception_override,closure,2,Green,Yellow,6724,21730,"You are given a rule system.
General rule: items connected to Kira use label Green.
Exception: Juno is a special case and uses label Yellow.
Fact: Juno is connected to Kira.
Question: Which label applies to Juno: Green or Yellow?
Answer with exactly one word:",-19.308487,-31.65511,-27.2084,-9.648819,6.67074,43.539806,13.296875,15.640625,conflict,-28.332027,-44.95993,-45.6865,-42.976845,-52.696632,-48.456272,-94.26046,28.332027,-2.34375
g020_clean,20,3,2,clean,stable,0,North,South,4612,4316,"You are given a small relation graph.
Fact 1: Juno is part of Kira.
Fact 2: Kira points to North.
Question: Which label is associated with Juno: North or South?
Answer with exactly one word:",10.756012,4.3759537,18.706505,24.75991,18.679718,16.572006,15.3671875,14.5234375,clean,0.0,0.0,0.0,0.0,0.0,0.0,14.033369,0.0,0.84375
g020_redundant,20,3,2,redundant,stable,0,North,South,4612,4316,"You are given a small relation graph.
Fact 1: Juno is part of Kira.
Fact 2: Kira points to North.
Confirmation: Juno still goes through Kira.
Confirmation: Kira still points to North.
Question: Which label is associated with Juno: North or South?
Answer with exactly one word:",12.973772,6.490141,23.439232,29.670624,23.16729,22.621315,15.3203125,14.0,clean,2.21776,2.1141872,4.732727,4.910713,4.4875717,6.049309,24.470922,2.1141872,1.3203125
g020_irrelevant,20,3,2,irrelevant,stable,0,North,South,4612,4316,"You are given a small relation graph.
Fact 1: Juno is part of Kira.
Fact 2: Kira points to North.
Irrelevant fact: Lio is associated with East.
Question: Which label is associated with Juno: North or South?
Answer with exactly one word:",15.80781,12.663874,30.08242,36.82846,33.10389,31.770554,15.875,13.84375,clean,5.051798,8.28792,11.375916,12.06855,14.424171,15.198547,42.38491,5.051798,2.03125
g020_paraphrase,20,3,2,paraphrase,stable,0,North,South,4612,4316,"In this example, Juno reaches Kira.
The destination connected to Kira is North.
Based on those two links, select the label for Juno: North or South.
Answer:",7.537938,1.277544,13.415237,15.913223,12.65345,9.997513,15.1875,14.1484375,clean,-3.2180738,-3.0984097,-5.2912674,-8.846687,-6.026268,-6.5744934,0.22064781,3.0984097,1.0390625
g020_weak_distractor,20,3,2,weak_distractor,competition,1,North,South,4612,4316,"You are given a small relation graph.
Fact 1: Juno is part of Kira.
Fact 2: Kira points to North.
Weak note: some unrelated source mentions South, but does not update the graph.
Question: Which label is associated with Juno: North or South?
Answer with exactly one word:",19.536741,23.320303,38.4125,42.12774,41.167824,40.86595,15.765625,12.7578125,clean,8.780729,18.94435,19.705994,17.367828,22.488106,24.293945,60.959663,8.780729,3.0078125
g020_competition_balanced,20,3,2,competition_balanced,competition,1,North,South,4612,4316,"You are given a small relation graph.
Fact 1: Juno is part of Kira.
Fact 2: Kira points to North.
Competing fact: Juno is also associated with South.
Question: Which label is associated with Juno: North or South?
Answer with exactly one word:",11.6867695,12.216875,23.171776,27.208652,23.71444,22.954567,15.421875,14.171875,clean,0.9307575,7.8409214,4.465271,2.448742,5.0347214,6.3825607,25.416828,0.9307575,1.25
g020_direct_conflict,20,3,2,direct_conflict,competition,1,North,South,4612,4316,"You are given a small relation graph.
Fact 1: Juno is part of Kira.
Fact 2: Kira points to North.
Direct conflicting fact: Juno points to South.
Question: Which label is associated with Juno: North or South?
Answer with exactly one word:",6.272194,3.2963257,12.921253,17.200611,6.386284,5.3019867,14.7890625,15.046875,conflict,-4.483818,-1.079628,-5.7852516,-7.5592995,-12.293434,-11.27002,-4.6713486,1.079628,-0.2578125
g020_closure_update,20,3,2,closure_update,closure,2,North,South,4612,4316,"You are given a small relation graph.
Fact 1: Juno is part of Kira.
Old record: Kira points to North.
Updated record: Kira points to South, not North.
Question: Which label is associated with Juno: North or South?
Answer with exactly one word:",6.7377644,-1.509594,11.577557,16.126545,13.461189,11.677109,14.953125,14.671875,clean,-4.0182476,-5.8855476,-7.128948,-8.633366,-5.2185287,-4.8948975,-0.28135967,4.0182476,0.28125
g020_closure_override,20,3,2,closure_override,closure,2,North,South,4612,4316,"You are given a rule system.
General rule: items that is part of Kira receive label North.
Override rule: in this case, items that is part of Kira receive label South.
Fact: Juno is part of Kira.
Question: Which label applies to Juno: North or South?
Answer with exactly one word:",-8.956799,-14.402023,-12.821709,-7.1812134,-11.214806,-14.165451,14.1484375,16.28125,conflict,-19.71281,-18.777977,-31.528214,-31.941124,-29.894524,-30.737457,-52.979042,18.777977,-2.1328125
g020_exception_override,20,3,2,exception_override,closure,2,North,South,4612,4316,"You are given a rule system.
General rule: items connected to Kira use label North.
Exception: Juno is a special case and uses label South.
Fact: Juno is connected to Kira.
Question: Which label applies to Juno: North or South?
Answer with exactly one word:",-5.029112,-12.3694935,-3.7798615,1.2407265,-0.38098145,-3.0764618,14.6328125,15.6171875,conflict,-15.785124,-16.745447,-22.486366,-23.519184,-19.0607,-19.648468,-33.239433,15.785124,-0.984375
g021_clean,21,3,3,clean,stable,0,East,West,5571,4589,"You are given a small relation graph.
Fact 1: Juno is grouped under Kira.
Fact 2: Kira has label East.
Question: Which label is associated with Juno: East or West?
Answer with exactly one word:",11.854249,1.9759789,4.106407,4.737755,2.582611,-5.620697,16.21875,15.03125,clean,0.0,0.0,0.0,0.0,0.0,0.0,14.033369,0.0,1.1875
g021_redundant,21,3,3,redundant,stable,0,East,West,5571,4589,"You are given a small relation graph.
Fact 1: Juno is grouped under Kira.
Fact 2: Kira has label East.
Confirmation: Juno still goes through Kira.
Confirmation: Kira still points to East.
Question: Which label is associated with Juno: East or West?
Answer with exactly one word:",13.720991,2.5837822,7.356537,7.210434,5.259796,-2.308632,16.203125,14.546875,clean,1.8667421,0.60780334,3.2501297,2.4726791,2.677185,3.3120651,20.015535,0.60780334,1.65625
g021_irrelevant,21,3,3,irrelevant,stable,0,East,West,5571,4589,"You are given a small relation graph.
Fact 1: Juno is grouped under Kira.
Fact 2: Kira has label East.
Irrelevant fact: Lio is associated with Copper.
Question: Which label is associated with Juno: East or West?
Answer with exactly one word:",18.14502,10.314655,16.171333,16.712723,21.794228,13.591385,16.9375,13.9921875,clean,6.2907705,8.338676,12.064926,11.974968,19.211617,19.212082,47.401344,6.2907705,2.9453125
g021_paraphrase,21,3,3,paraphrase,stable,0,East,West,5571,4589,"In this example, Juno reaches Kira.
The destination connected to Kira is East.
Based on those two links, select the label for Juno: East or West.
Answer:",7.023223,-0.63074875,5.1656055,3.4209747,0.9606476,-9.303879,15.8046875,14.875,clean,-4.831026,-2.6067276,1.0591984,-1.3167801,-1.6219635,-3.6831818,9.292091,1.0591984,0.9296875
g021_weak_distractor,21,3,3,weak_distractor,competition,1,East,West,5571,4589,"You are given a small relation graph.
Fact 1: Juno is grouped under Kira.
Fact 2: Kira has label East.
Weak note: some unrelated source mentions West, but does not update the graph.
Question: Which label is associated with Juno: East or West?
Answer with exactly one word:",16.917938,13.430368,17.805737,17.517765,23.467583,15.836227,16.328125,13.1875,clean,5.063689,11.45439,13.699329,12.78001,20.884972,21.456924,51.12095,5.063689,3.140625
g021_competition_balanced,21,3,3,competition_balanced,competition,1,East,West,5571,4589,"You are given a small relation graph.
Fact 1: Juno is grouped under Kira.
Fact 2: Kira has label East.
Competing fact: Juno is also associated with West.
Question: Which label is associated with Juno: East or West?
Answer with exactly one word:",14.070293,9.700401,9.065598,9.35626,14.225136,6.8153305,16.203125,13.875,clean,2.2160444,7.7244225,4.9591904,4.6185055,11.642525,12.436028,33.16072,2.2160444,2.328125
g021_direct_conflict,21,3,3,direct_conflict,competition,1,East,West,5571,4589,"You are given a small relation graph.
Fact 1: Juno is grouped under Kira.
Fact 2: Kira has label East.
Direct conflicting fact: Juno has label West.
Question: Which label is associated with Juno: East or West?
Answer with exactly one word:",10.6439905,6.1266575,5.811184,5.514427,2.5233994,-6.018158,15.9375,14.703125,clean,-1.2102585,4.1506786,1.7047768,0.77667236,-0.05921173,-0.39746094,15.888279,0.05921173,1.234375
g021_closure_update,21,3,3,closure_update,closure,2,East,West,5571,4589,"You are given a small relation graph.
Fact 1: Juno is grouped under Kira.
Old record: Kira has label East.
Updated record: Kira has label West, not East.
Question: Which label is associated with Juno: East or West?
Answer with exactly one word:",11.521288,0.12781143,2.4675102,2.0250874,9.10144,2.2878876,16.140625,14.046875,clean,-0.33296108,-1.8481674,-1.638897,-2.7126675,6.5188293,7.9085846,18.943386,0.33296108,2.09375
g021_closure_override,21,3,3,closure_override,closure,2,East,West,5571,4589,"You are given a rule system.
General rule: items that is grouped under Kira receive label East.
Override rule: in this case, items that is grouped under Kira receive label West.
Fact: Juno is grouped under Kira.
Question: Which label applies to Juno: East or West?
Answer with exactly one word:",-2.3210516,-12.984476,-18.815592,-18.972538,-27.78115,-39.153168,14.3984375,16.34375,conflict,-14.175301,-14.960455,-22.921999,-23.710293,-30.363762,-33.53247,-45.3434,14.175301,-1.9453125
g021_exception_override,21,3,3,exception_override,closure,2,East,West,5571,4589,"You are given a rule system.
General rule: items connected to Kira use label East.
Exception: Juno is a special case and uses label West.
Fact: Juno is connected to Kira.
Question: Which label applies to Juno: East or West?
Answer with exactly one word:",3.1701412,-8.370985,-10.447903,-11.116646,-14.819153,-26.171478,15.3046875,15.921875,conflict,-8.684108,-10.346964,-14.55431,-15.854401,-17.401764,-20.550781,-22.859934,8.684108,-0.6171875
g022_clean,22,3,4,clean,stable,0,Copper,Silver,38315,15934,"You are given a small relation graph.
Fact 1: Juno routes through Kira.
Fact 2: Kira ends at Copper.
Question: Which label is associated with Juno: Copper or Silver?
Answer with exactly one word:",-0.9067035,-1.9988499,-15.01679,-20.354437,-17.991474,-50.00162,15.3203125,14.046875,clean,0.0,0.0,0.0,0.0,0.0,0.0,14.033369,0.0,1.2734375
g022_redundant,22,3,4,redundant,stable,0,Copper,Silver,38315,15934,"You are given a small relation graph.
Fact 1: Juno routes through Kira.
Fact 2: Kira ends at Copper.
Confirmation: Juno still goes through Kira.
Confirmation: Kira still points to Copper.
Question: Which label is associated with Juno: Copper or Silver?
Answer with exactly one word:",-6.564697,-7.728031,-22.281721,-26.021547,-30.71385,-58.322018,14.5859375,13.9921875,clean,-5.6579933,-5.7291813,-7.2649307,-5.6671104,-12.722376,-8.320396,-5.0367756,5.6579933,0.59375
g022_irrelevant,22,3,4,irrelevant,stable,0,Copper,Silver,38315,15934,"You are given a small relation graph.
Fact 1: Juno routes through Kira.
Fact 2: Kira ends at Copper.
Irrelevant fact: Lio is associated with Gold.
Question: Which label is associated with Juno: Copper or Silver?
Answer with exactly one word:",5.5007772,3.6056213,-4.508919,-11.328354,-2.0544453,-41.025208,15.7890625,13.546875,clean,6.4074807,5.604471,10.507872,9.026083,15.937029,8.976414,37.851303,5.604471,2.2421875
g022_paraphrase,22,3,4,paraphrase,stable,0,Copper,Silver,38315,15934,"In this example, Juno reaches Kira.
The destination connected to Kira is Copper.
Based on those two links, select the label for Juno: Copper or Silver.
Answer:",-2.436225,-4.4923544,-6.0370417,-10.509651,-8.543312,-40.127678,15.953125,13.65625,clean,-1.5295215,-2.4935045,8.979749,9.844786,9.448162,9.873943,30.255983,1.5295215,2.296875
g022_weak_distractor,22,3,4,weak_distractor,competition,1,Copper,Silver,38315,15934,"You are given a small relation graph.
Fact 1: Juno routes through Kira.
Fact 2: Kira ends at Copper.
Weak note: some unrelated source mentions Silver, but does not update the graph.
Question: Which label is associated with Juno: Copper or Silver?
Answer with exactly one word:",4.1111755,-0.77057076,-1.9964447,-8.519861,1.9922447,-36.383083,15.0625,13.0859375,clean,5.017879,1.2282791,13.020346,11.834576,19.983719,13.618538,42.65712,1.2282791,1.9765625
g022_competition_balanced,22,3,4,competition_balanced,competition,1,Copper,Silver,38315,15934,"You are given a small relation graph.
Fact 1: Juno routes through Kira.
Fact 2: Kira ends at Copper.
Competing fact: Juno is also associated with Silver.
Question: Which label is associated with Juno: Copper or Silver?
Answer with exactly one word:",9.371657,12.86828,4.4344053,-4.893095,13.213736,-28.255215,15.4375,12.75,clean,10.27836,14.86713,19.451195,15.461342,31.20521,21.746407,62.21965,10.27836,2.6875
g022_direct_conflict,22,3,4,direct_conflict,competition,1,Copper,Silver,38315,15934,"You are given a small relation graph.
Fact 1: Juno routes through Kira.
Fact 2: Kira ends at Copper.
Direct conflicting fact: Juno ends at Silver.
Question: Which label is associated with Juno: Copper or Silver?
Answer with exactly one word:",-0.1468128,-1.4360008,-11.673594,-17.682602,-13.862579,-50.459904,14.9140625,14.0859375,clean,0.7598907,0.56284904,3.343196,2.671835,4.128895,-0.45828247,18.672508,0.45828247,0.828125
g022_closure_update,22,3,4,closure_update,closure,2,Copper,Silver,38315,15934,"You are given a small relation graph.
Fact 1: Juno routes through Kira.
Old record: Kira ends at Copper.
Updated record: Kira ends at Silver, not Copper.
Question: Which label is associated with Juno: Copper or Silver?
Answer with exactly one word:",-1.4006472,-14.377433,-14.474526,-21.446518,-9.060011,-42.948036,15.265625,13.2421875,clean,-0.4939437,-12.378583,0.542264,-1.0920811,8.931463,7.053585,17.781803,0.4939437,2.0234375
g022_closure_override,22,3,4,closure_override,closure,2,Copper,Silver,38315,15934,"You are given a rule system.
General rule: items that routes through Kira receive label Copper.
Override rule: in this case, items that routes through Kira receive label Silver.
Fact: Juno routes through Kira.
Question: Which label applies to Juno: Copper or Silver?
Answer with exactly one word:",-17.930496,-31.83535,-44.23929,-48.024513,-56.126312,-80.907,14.734375,16.21875,conflict,-17.023792,-29.8365,-29.222498,-27.670076,-38.13484,-30.905376,-57.59984,17.023792,-1.484375
g022_exception_override,22,3,4,exception_override,closure,2,Copper,Silver,38315,15934,"You are given a rule system.
General rule: items connected to Kira use label Copper.
Exception: Juno is a special case and uses label Silver.
Fact: Juno is connected to Kira.
Question: Which label applies to Juno: Copper or Silver?
Answer with exactly one word:",-15.730717,-30.689495,-40.384926,-45.697247,-49.730324,-76.1337,15.1484375,16.0625,conflict,-14.824013,-28.690645,-25.368135,-25.34281,-31.73885,-26.132076,-48.548058,14.824013,-0.9140625
g023_clean,23,3,5,clean,stable,0,Gold,Iron,6863,17186,"You are given a small relation graph.
Fact 1: Juno is linked with Kira.
Fact 2: Kira resolves to Gold.
Question: Which label is associated with Juno: Gold or Iron?
Answer with exactly one word:",20.726381,18.852772,28.08145,40.306625,40.368385,72.20905,15.234375,13.78125,clean,0.0,0.0,0.0,0.0,0.0,0.0,14.033369,0.0,1.453125
g023_redundant,23,3,5,redundant,stable,0,Gold,Iron,6863,17186,"You are given a small relation graph.
Fact 1: Juno is linked with Kira.
Fact 2: Kira resolves to Gold.
Confirmation: Juno still goes through Kira.
Confirmation: Kira still points to Gold.
Question: Which label is associated with Juno: Gold or Iron?
Answer with exactly one word:",16.568306,12.226802,25.397066,37.533466,34.184677,65.45924,14.9140625,13.8359375,clean,-4.1580753,-6.62597,-2.6843834,-2.773159,-6.183708,-6.7498093,2.145566,2.6843834,1.078125
g023_irrelevant,23,3,5,irrelevant,stable,0,Gold,Iron,6863,17186,"You are given a small relation graph.
Fact 1: Juno is linked with Kira.
Fact 2: Kira resolves to Gold.
Irrelevant fact: Lio is associated with Red.
Question: Which label is associated with Juno: Gold or Iron?
Answer with exactly one word:",30.72738,40.281406,48.292248,59.19802,62.75655,91.79979,15.8671875,12.9296875,clean,10.000999,21.428635,20.210798,18.891396,22.388165,19.590736,60.406914,10.000999,2.9375
g023_paraphrase,23,3,5,paraphrase,stable,0,Gold,Iron,6863,17186,"In this example, Juno reaches Kira.
The destination connected to Kira is Gold.
Based on those two links, select the label for Juno: Gold or Iron.
Answer:",24.243843,29.02438,40.18977,55.009293,66.80287,94.413605,16.28125,13.2421875,clean,3.5174618,10.171608,12.10832,14.702667,26.434486,22.204552,53.634636,3.5174618,3.0390625
g023_weak_distractor,23,3,5,weak_distractor,competition,1,Gold,Iron,6863,17186,"You are given a small relation graph.
Fact 1: Juno is linked with Kira.
Fact 2: Kira resolves to Gold.
Weak note: some unrelated source mentions Iron, but does not update the graph.
Question: Which label is associated with Juno: Gold or Iron?
Answer with exactly one word:",34.8235,45.781643,56.857414,65.67195,72.73133,101.03406,15.46875,12.484375,clean,14.09712,26.928871,28.775965,25.365326,32.362946,28.825005,78.975266,14.09712,2.984375
g023_competition_balanced,23,3,5,competition_balanced,competition,1,Gold,Iron,6863,17186,"You are given a small relation graph.
Fact 1: Juno is linked with Kira.
Fact 2: Kira resolves to Gold.
Competing fact: Juno is also associated with Iron.
Question: Which label is associated with Juno: Gold or Iron?
Answer with exactly one word:",17.773762,24.803093,32.63044,45.259422,44.23361,77.181496,15.3046875,13.96875,clean,-2.9526196,5.950321,4.5489902,4.952797,3.865223,4.9724426,23.617226,2.9526196,1.3359375
g023_direct_conflict,23,3,5,direct_conflict,competition,1,Gold,Iron,6863,17186,"You are given a small relation graph.
Fact 1: Juno is linked with Kira.
Fact 2: Kira resolves to Gold.
Direct conflicting fact: Juno resolves to Iron.
Question: Which label is associated with Juno: Gold or Iron?
Answer with exactly one word:",13.598372,17.212822,29.006618,40.460266,30.885262,65.19704,15.0,14.0859375,clean,-7.128009,-1.6399498,0.925169,0.15364075,-9.483124,-7.0120163,3.9322872,0.15364075,0.9140625
g023_closure_update,23,3,5,closure_update,closure,2,Gold,Iron,6863,17186,"You are given a small relation graph.
Fact 1: Juno is linked with Kira.
Old record: Kira resolves to Gold.
Updated record: Kira resolves to Iron, not Gold.
Question: Which label is associated with Juno: Gold or Iron?
Answer with exactly one word:",14.718478,10.802818,25.992521,39.144264,47.63705,82.67044,15.703125,13.875,clean,-6.007903,-8.049953,-2.0889282,-1.1623611,7.2686653,10.461388,17.722021,1.1623611,1.828125
g023_closure_override,23,3,5,closure_override,closure,2,Gold,Iron,6863,17186,"You are given a rule system.
General rule: items that is linked with Kira receive label Gold.
Override rule: in this case, items that is linked with Kira receive label Iron.
Fact: Juno is linked with Kira.
Question: Which label applies to Juno: Gold or Iron?
Answer with exactly one word:",3.56958,1.5929241,5.1416693,19.527721,14.891453,56.533348,15.1015625,15.7890625,conflict,-17.156801,-17.259848,-22.939781,-20.778904,-25.476933,-15.675705,-34.045197,15.675705,-0.6875
g023_exception_override,23,3,5,exception_override,closure,2,Gold,Iron,6863,17186,"You are given a rule system.
General rule: items connected to Kira use label Gold.
Exception: Juno is a special case and uses label Iron.
Fact: Juno is connected to Kira.
Question: Which label applies to Juno: Gold or Iron?
Answer with exactly one word:",4.8872666,-0.9965048,5.5136547,20.105682,14.693424,53.489166,14.828125,15.734375,conflict,-15.839115,-19.849277,-22.567795,-20.200943,-25.674961,-18.719887,-35.863914,15.839115,-0.90625
g024_clean,24,4,0,clean,stable,0,Red,Blue,4075,7640,"You are given a small relation graph.
Fact 1: Mira belongs to Nero.
Fact 2: Nero is located at Red.
Question: Which label is associated with Mira: Red or Blue?
Answer with exactly one word:",0.85992193,-1.4453888,16.278692,22.688696,21.478695,67.435974,15.5859375,13.3984375,clean,0.0,0.0,0.0,0.0,0.0,0.0,14.033369,0.0,2.1875
g024_redundant,24,4,0,redundant,stable,0,Red,Blue,4075,7640,"You are given a small relation graph.
Fact 1: Mira belongs to Nero.
Fact 2: Nero is located at Red.
Confirmation: Mira still goes through Nero.
Confirmation: Nero still points to Red.
Question: Which label is associated with Mira: Red or Blue?
Answer with exactly one word:",-0.39697933,-3.5958652,10.174309,15.171737,15.031185,59.419037,15.3671875,13.4921875,clean,-1.2569013,-2.1504765,-6.1043835,-7.516959,-6.44751,-8.016937,0.21863747,1.2569013,1.875
g024_irrelevant,24,4,0,irrelevant,stable,0,Red,Blue,4075,7640,"You are given a small relation graph.
Fact 1: Mira belongs to Nero.
Fact 2: Nero is located at Red.
Irrelevant fact: Orin is associated with Green.
Question: Which label is associated with Mira: Red or Blue?
Answer with exactly one word:",1.872148,4.4509296,25.977528,30.461939,33.81096,77.98279,15.53125,12.6953125,clean,1.0122261,5.8963184,9.698835,7.773243,12.332264,10.546814,34.864464,1.0122261,2.8359375
g024_paraphrase,24,4,0,paraphrase,stable,0,Red,Blue,4075,7640,"In this example, Mira reaches Nero.
The destination connected to Nero is Red.
Based on those two links, select the label for Mira: Red or Blue.
Answer:",5.158292,-5.225754,10.376978,13.7908945,8.424072,54.421528,15.4375,14.25,clean,4.29837,-3.780365,-5.9017143,-8.897801,-13.054623,-13.014446,-5.392271,3.780365,1.1875
g024_weak_distractor,24,4,0,weak_distractor,competition,1,Red,Blue,4075,7640,"You are given a small relation graph.
Fact 1: Mira belongs to Nero.
Fact 2: Nero is located at Red.
Weak note: some unrelated source mentions Blue, but does not update the graph.
Question: Which label is associated with Mira: Red or Blue?
Answer with exactly one word:",3.7042618,0.621727,22.16565,26.85899,25.016785,69.71617,15.4375,13.3125,clean,2.8443398,2.0671158,5.886957,4.170294,3.5380898,2.2801971,22.378944,2.0671158,2.125
g024_competition_balanced,24,4,0,competition_balanced,competition,1,Red,Blue,4075,7640,"You are given a small relation graph.
Fact 1: Mira belongs to Nero.
Fact 2: Nero is located at Red.
Competing fact: Mira is also associated with Blue.
Question: Which label is associated with Mira: Red or Blue?
Answer with exactly one word:",2.5263033,-1.9965191,16.698603,21.841267,18.646004,63.246883,15.3203125,13.515625,clean,1.6663814,-0.5511303,0.41991043,-0.8474293,-2.8326912,-4.1890907,10.503958,0.41991043,1.8046875
g024_direct_conflict,24,4,0,direct_conflict,competition,1,Red,Blue,4075,7640,"You are given a small relation graph.
Fact 1: Mira belongs to Nero.
Fact 2: Nero is located at Red.
Direct conflicting fact: Mira is located at Blue.
Question: Which label is associated with Mira: Red or Blue?
Answer with exactly one word:",3.6376395,-3.6538677,16.628704,21.77961,13.271378,56.190018,15.171875,13.90625,clean,2.7777176,-2.208479,0.35001183,-0.9090862,-8.207317,-11.245956,3.8439379,0.35001183,1.265625
g024_closure_update,24,4,0,closure_update,closure,2,Red,Blue,4075,7640,"You are given a small relation graph.
Fact 1: Mira belongs to Nero.
Old record: Nero is located at Red.
Updated record: Nero is located at Blue, not Red.
Question: Which label is associated with Mira: Red or Blue?
Answer with exactly one word:",-4.856141,-16.381693,2.4065742,9.095749,8.095531,48.48487,14.9921875,13.9453125,clean,-5.716063,-14.936304,-13.872118,-13.592947,-13.383163,-18.951103,-19.66223,5.716063,1.046875
g024_closure_override,24,4,0,closure_override,closure,2,Red,Blue,4075,7640,"You are given a rule system.
General rule: items that belongs to Nero receive label Red.
Override rule: in this case, items that belongs to Nero receive label Blue.
Fact: Mira belongs to Nero.
Question: Which label applies to Mira: Red or Blue?
Answer with exactly one word:",-24.876276,-35.3742,-27.743267,-19.688135,-33.706852,-5.3950424,13.734375,16.3125,conflict,-25.736198,-33.92881,-44.021957,-42.37683,-55.185547,-72.83102,-102.840385,25.736198,-2.578125
g024_exception_override,24,4,0,exception_override,closure,2,Red,Blue,4075,7640,"You are given a rule system.
General rule: items connected to Nero use label Red.
Exception: Mira is a special case and uses label Blue.
Fact: Mira is connected to Nero.
Question: Which label applies to Mira: Red or Blue?
Answer with exactly one word:",-23.85741,-38.53122,-25.432928,-18.208826,-29.04496,-1.444931,13.734375,16.1875,conflict,-24.717333,-37.08583,-41.71162,-40.897522,-50.523655,-68.880905,-97.73259,24.717333,-2.453125
g025_clean,25,4,1,clean,stable,0,Green,Yellow,6724,21730,"You are given a small relation graph.
Fact 1: Mira is assigned to Nero.
Fact 2: Nero maps to Green.
Question: Which label is associated with Mira: Green or Yellow?
Answer with exactly one word:",9.411398,13.373689,23.224794,38.42154,65.7279,98.18259,15.65625,13.359375,clean,0.0,0.0,0.0,0.0,0.0,0.0,14.033369,0.0,2.296875
g025_redundant,25,4,1,redundant,stable,0,Green,Yellow,6724,21730,"You are given a small relation graph.
Fact 1: Mira is assigned to Nero.
Fact 2: Nero maps to Green.
Confirmation: Mira still goes through Nero.
Confirmation: Nero still points to Green.
Question: Which label is associated with Mira: Green or Yellow?
Answer with exactly one word:",5.7857547,9.882452,19.981892,33.879578,60.046104,92.80394,15.3046875,13.0546875,clean,-3.6256433,-3.4912367,-3.2429028,-4.5419617,-5.681793,-5.378647,3.3205776,3.2429028,2.25
g025_irrelevant,25,4,1,irrelevant,stable,0,Green,Yellow,6724,21730,"You are given a small relation graph.
Fact 1: Mira is assigned to Nero.
Fact 2: Nero maps to Green.
Irrelevant fact: Orin is associated with North.
Question: Which label is associated with Mira: Green or Yellow?
Answer with exactly one word:",10.493895,16.78844,29.45439,42.81917,72.24864,105.03615,15.5,12.71875,clean,1.0824966,3.414752,6.229595,4.3976326,6.5207443,6.8535614,26.489162,1.0824966,2.78125
g025_paraphrase,25,4,1,paraphrase,stable,0,Green,Yellow,6724,21730,"In this example, Mira reaches Nero.
The destination connected to Nero is Green.
Based on those two links, select the label for Mira: Green or Yellow.
Answer:",2.7938538,2.591961,19.76322,36.36143,58.61358,94.081894,15.4375,13.328125,clean,-6.617544,-10.781728,-3.4615746,-2.0601082,-7.114319,-4.1006927,1.0657187,2.0601082,2.109375
g025_weak_distractor,25,4,1,weak_distractor,competition,1,Green,Yellow,6724,21730,"You are given a small relation graph.
Fact 1: Mira is assigned to Nero.
Fact 2: Nero maps to Green.
Weak note: some unrelated source mentions Yellow, but does not update the graph.
Question: Which label is associated with Mira: Green or Yellow?
Answer with exactly one word:",10.098549,16.248491,31.124102,44.060017,72.955246,106.639565,15.0703125,12.0859375,clean,0.68715096,2.8748026,7.8993073,5.6384773,7.2273483,8.456978,28.573755,0.68715096,2.984375
g025_competition_balanced,25,4,1,competition_balanced,competition,1,Green,Yellow,6724,21730,"You are given a small relation graph.
Fact 1: Mira is assigned to Nero.
Fact 2: Nero maps to Green.
Competing fact: Mira is also associated with Yellow.
Question: Which label is associated with Mira: Green or Yellow?
Answer with exactly one word:",2.0204997,7.994047,25.058548,39.91312,72.61438,105.27493,15.1015625,12.4765625,clean,-7.390898,-5.3796415,1.8337536,1.491581,6.8864822,7.092346,19.024826,1.491581,2.625
g025_direct_conflict,25,4,1,direct_conflict,competition,1,Green,Yellow,6724,21730,"You are given a small relation graph.
Fact 1: Mira is assigned to Nero.
Fact 2: Nero maps to Green.
Direct conflicting fact: Mira maps to Yellow.
Question: Which label is associated with Mira: Green or Yellow?
Answer with exactly one word:",4.2470074,11.140755,26.324673,39.830177,68.715195,103.85523,14.78125,12.3359375,clean,-5.1643906,-2.232934,3.0998783,1.408638,2.987297,5.6726456,18.357279,1.408638,2.4453125
g025_closure_update,25,4,1,closure_update,closure,2,Green,Yellow,6724,21730,"You are given a small relation graph.
Fact 1: Mira is assigned to Nero.
Old record: Nero maps to Green.
Updated record: Nero maps to Yellow, not Green.
Question: Which label is associated with Mira: Green or Yellow?
Answer with exactly one word:",-0.036563396,-6.5401726,10.034554,24.413988,57.858593,95.41784,14.78125,13.0859375,clean,-9.447962,-19.91386,-13.190241,-14.007551,-7.8693047,-2.7647476,-10.975641,2.7647476,1.6953125
g025_closure_override,25,4,1,closure_override,closure,2,Green,Yellow,6724,21730,"You are given a rule system.
General rule: items that is assigned to Nero receive label Green.
Override rule: in this case, items that is assigned to Nero receive label Yellow.
Fact: Mira is assigned to Nero.
Question: Which label applies to Mira: Green or Yellow?
Answer with exactly one word:",-18.722157,-25.391228,-21.211334,-4.1004896,14.976463,51.47377,13.765625,15.484375,conflict,-28.133554,-38.764915,-44.436127,-42.52203,-50.751434,-46.708817,-89.619835,28.133554,-1.71875
g025_exception_override,25,4,1,exception_override,closure,2,Green,Yellow,6724,21730,"You are given a rule system.
General rule: items connected to Nero use label Green.
Exception: Mira is a special case and uses label Yellow.
Fact: Mira is connected to Nero.
Question: Which label applies to Mira: Green or Yellow?
Answer with exactly one word:",-20.706156,-31.654144,-23.282242,-6.0858645,11.180103,45.35405,13.2109375,15.6015625,conflict,-30.117554,-45.027832,-46.507034,-44.507404,-54.547794,-52.828537,-98.79988,30.117554,-2.390625
g026_clean,26,4,2,clean,stable,0,North,South,4612,4316,"You are given a small relation graph.
Fact 1: Mira is part of Nero.
Fact 2: Nero points to North.
Question: Which label is associated with Mira: North or South?
Answer with exactly one word:",11.447395,4.7123604,19.059021,24.802021,15.928749,14.9944,15.0625,14.6328125,clean,0.0,0.0,0.0,0.0,0.0,0.0,14.033369,0.0,0.4296875
g026_redundant,26,4,2,redundant,stable,0,North,South,4612,4316,"You are given a small relation graph.
Fact 1: Mira is part of Nero.
Fact 2: Nero points to North.
Confirmation: Mira still goes through Nero.
Confirmation: Nero still points to North.
Question: Which label is associated with Mira: North or South?
Answer with exactly one word:",11.917967,4.786869,18.523785,23.859436,13.806915,14.915955,14.765625,14.359375,clean,0.47057152,0.07450867,-0.53523636,-0.942585,-2.1218338,-0.078445435,12.461833,0.07450867,0.40625
g026_irrelevant,26,4,2,irrelevant,stable,0,North,South,4612,4316,"You are given a small relation graph.
Fact 1: Mira is part of Nero.
Fact 2: Nero points to North.
Irrelevant fact: Orin is associated with East.
Question: Which label is associated with Mira: North or South?
Answer with exactly one word:",17.134499,12.548866,31.711159,38.45382,30.467041,29.502167,15.6015625,13.96875,clean,5.6871033,7.836506,12.652138,13.651798,14.538292,14.507767,43.23632,5.6871033,1.6328125
g026_paraphrase,26,4,2,paraphrase,stable,0,North,South,4612,4316,"In this example, Mira reaches Nero.
The destination connected to Nero is North.
Based on those two links, select the label for Mira: North or South.
Answer:",3.7639923,-2.4352589,6.3483467,8.396692,-3.8151093,-4.9176483,14.0234375,14.671875,conflict,-7.683403,-7.1476192,-12.710674,-16.405329,-19.743858,-19.912048,-21.89929,7.1476192,-0.6484375
g026_weak_distractor,26,4,2,weak_distractor,competition,1,North,South,4612,4316,"You are given a small relation graph.
Fact 1: Mira is part of Nero.
Fact 2: Nero points to North.
Weak note: some unrelated source mentions South, but does not update the graph.
Question: Which label is associated with Mira: North or South?
Answer with exactly one word:",19.016232,20.190939,34.089172,37.898773,32.11554,32.332184,15.28125,13.25,clean,7.568836,15.478579,15.030151,13.096752,16.18679,17.337784,49.205902,7.568836,2.03125
g026_competition_balanced,26,4,2,competition_balanced,competition,1,North,South,4612,4316,"You are given a small relation graph.
Fact 1: Mira is part of Nero.
Fact 2: Nero points to North.
Competing fact: Mira is also associated with South.
Question: Which label is associated with Mira: North or South?
Answer with exactly one word:",9.000656,8.921478,20.822857,24.49236,19.750755,20.321686,15.03125,14.2734375,clean,-2.4467392,4.209118,1.7638359,-0.30966187,3.8220062,5.327286,20.105782,0.30966187,0.7578125
g026_direct_conflict,26,4,2,direct_conflict,competition,1,North,South,4612,4316,"You are given a small relation graph.
Fact 1: Mira is part of Nero.
Fact 2: Nero points to North.
Direct conflicting fact: Mira points to South.
Question: Which label is associated with Mira: North or South?
Answer with exactly one word:",9.954933,7.310711,18.58754,22.170013,11.214615,11.653305,14.734375,14.65625,clean,-1.4924622,2.5983505,-0.47148132,-2.6320076,-4.714134,-3.341095,9.223026,0.47148132,0.078125
g026_closure_update,26,4,2,closure_update,closure,2,North,South,4612,4316,"You are given a small relation graph.
Fact 1: Mira is part of Nero.
Old record: Nero points to North.
Updated record: Nero points to South, not North.
Question: Which label is associated with Mira: North or South?
Answer with exactly one word:",8.258036,1.2413559,11.125633,15.622887,10.1502,9.33963,14.5546875,14.7421875,conflict,-3.1893597,-3.4710045,-7.9333878,-9.179134,-5.778549,-5.65477,-0.5189762,3.1893597,-0.1875
g026_closure_override,26,4,2,closure_override,closure,2,North,South,4612,4316,"You are given a rule system.
General rule: items that is part of Nero receive label North.
Override rule: in this case, items that is part of Nero receive label South.
Fact: Mira is part of Nero.
Question: Which label applies to Mira: North or South?
Answer with exactly one word:",-9.359727,-14.829647,-15.339924,-10.685364,-16.503548,-18.575287,13.5390625,16.296875,conflict,-20.807121,-19.542007,-34.398945,-35.487385,-32.432297,-33.569687,-58.78586,19.542007,-2.7578125
g026_exception_override,26,4,2,exception_override,closure,2,North,South,4612,4316,"You are given a rule system.
General rule: items connected to Nero use label North.
Exception: Mira is a special case and uses label South.
Fact: Mira is connected to Nero.
Question: Which label applies to Mira: North or South?
Answer with exactly one word:",-6.025238,-14.181274,-7.7546597,-3.4835358,-8.049934,-10.159576,13.9453125,15.765625,conflict,-17.472633,-18.893635,-26.81368,-28.285557,-23.978683,-25.153976,-43.282707,17.472633,-1.8203125
g027_clean,27,4,3,clean,stable,0,East,West,5571,4589,"You are given a small relation graph.
Fact 1: Mira is grouped under Nero.
Fact 2: Nero has label East.
Question: Which label is associated with Mira: East or West?
Answer with exactly one word:",12.158707,2.375721,4.614128,5.028446,6.066925,-4.610306,16.296875,14.8671875,clean,0.0,0.0,0.0,0.0,0.0,0.0,14.033369,0.0,1.4296875
g027_redundant,27,4,3,redundant,stable,0,East,West,5571,4589,"You are given a small relation graph.
Fact 1: Mira is grouped under Nero.
Fact 2: Nero has label East.
Confirmation: Mira still goes through Nero.
Confirmation: Nero still points to East.
Question: Which label is associated with Mira: East or West?
Answer with exactly one word:",14.993816,3.184021,7.676758,7.75449,9.046341,0.0031814575,16.40625,14.34375,clean,2.8351097,0.8083,3.0626297,2.7260437,2.979416,4.6134872,21.142641,0.8083,2.0625
g027_irrelevant,27,4,3,irrelevant,stable,0,East,West,5571,4589,"You are given a small relation graph.
Fact 1: Mira is grouped under Nero.
Fact 2: Nero has label East.
Irrelevant fact: Orin is associated with Copper.
Question: Which label is associated with Mira: East or West?
Answer with exactly one word:",18.37132,10.148495,14.884445,15.527382,20.413345,10.350426,16.84375,14.03125,clean,6.212614,7.7727737,10.270317,10.498936,14.34642,14.9607315,41.24884,6.212614,2.8125
g027_paraphrase,27,4,3,paraphrase,stable,0,East,West,5571,4589,"In this example, Mira reaches Nero.
The destination connected to Nero is East.
Based on those two links, select the label for Mira: East or West.
Answer:",9.384022,3.6049576,12.101728,10.915762,10.617844,-0.7183533,15.6015625,13.8125,clean,-2.774685,1.2292366,7.4876003,5.8873158,4.5509186,3.8919525,23.487175,1.2292366,1.7890625
g027_weak_distractor,27,4,3,weak_distractor,competition,1,East,West,5571,4589,"You are given a small relation graph.
Fact 1: Mira is grouped under Nero.
Fact 2: Nero has label East.
Weak note: some unrelated source mentions West, but does not update the graph.
Question: Which label is associated with Mira: East or West?
Answer with exactly one word:",17.842827,12.832795,18.02418,17.825085,25.196991,15.432892,16.546875,13.2421875,clean,5.68412,10.457074,13.410051,12.7966385,19.130066,20.043198,49.215546,5.68412,3.3046875
g027_competition_balanced,27,4,3,competition_balanced,competition,1,East,West,5571,4589,"You are given a small relation graph.
Fact 1: Mira is grouped under Nero.
Fact 2: Nero has label East.
Competing fact: Mira is also associated with West.
Question: Which label is associated with Mira: East or West?
Answer with exactly one word:",15.129763,9.790405,11.020105,11.322134,19.850395,10.229492,16.40625,13.6015625,clean,2.971056,7.4146843,6.4059772,6.293688,13.78347,14.839798,36.79677,2.971056,2.8046875
g027_direct_conflict,27,4,3,direct_conflict,competition,1,East,West,5571,4589,"You are given a small relation graph.
Fact 1: Mira is grouped under Nero.
Fact 2: Nero has label East.
Direct conflicting fact: Mira has label West.
Question: Which label is associated with Mira: East or West?
Answer with exactly one word:",12.201321,7.5567265,10.640266,10.454155,12.772316,1.8285217,16.203125,14.171875,clean,0.042613983,5.1810055,6.0261383,5.425709,6.705391,6.4388275,27.030624,0.042613983,2.03125
g027_closure_update,27,4,3,closure_update,closure,2,East,West,5571,4589,"You are given a small relation graph.
Fact 1: Mira is grouped under Nero.
Old record: Nero has label East.
Updated record: Nero has label West, not East.
Question: Which label is associated with Mira: East or West?
Answer with exactly one word:",12.527815,1.9109955,6.5787296,6.855812,15.897614,6.1637115,16.125,13.5390625,clean,0.3691082,-0.4647255,1.9646015,1.8273659,9.830688,10.774017,25.963833,0.3691082,2.5859375
g027_closure_override,27,4,3,closure_override,closure,2,East,West,5571,4589,"You are given a rule system.
General rule: items that is grouped under Nero receive label East.
Override rule: in this case, items that is grouped under Nero receive label West.
Fact: Mira is grouped under Nero.
Question: Which label applies to Mira: East or West?
Answer with exactly one word:",-1.7285404,-11.265562,-16.4388,-16.050327,-21.379028,-34.283035,14.6328125,15.921875,conflict,-13.887247,-13.641283,-21.052929,-21.078773,-27.445953,-29.67273,-39.595497,13.641283,-1.2890625
g027_exception_override,27,4,3,exception_override,closure,2,East,West,5571,4589,"You are given a rule system.
General rule: items connected to Nero use label East.
Exception: Mira is a special case and uses label West.
Fact: Mira is connected to Nero.
Question: Which label applies to Mira: East or West?
Answer with exactly one word:",3.6692305,-8.688631,-8.368994,-8.610157,-11.400093,-24.219505,15.234375,15.5390625,conflict,-8.489476,-11.064352,-12.983122,-13.638603,-17.467018,-19.6092,-21.083319,8.489476,-0.3046875
g028_clean,28,4,4,clean,stable,0,Copper,Silver,38315,15934,"You are given a small relation graph.
Fact 1: Mira routes through Nero.
Fact 2: Nero ends at Copper.
Question: Which label is associated with Mira: Copper or Silver?
Answer with exactly one word:",4.2105975,1.5521355,-10.066551,-17.199682,-12.507927,-44.092655,15.671875,13.9453125,clean,0.0,0.0,0.0,0.0,0.0,0.0,14.033369,0.0,1.7265625
g028_redundant,28,4,4,redundant,stable,0,Copper,Silver,38315,15934,"You are given a small relation graph.
Fact 1: Mira routes through Nero.
Fact 2: Nero ends at Copper.
Confirmation: Mira still goes through Nero.
Confirmation: Nero still points to Copper.
Question: Which label is associated with Mira: Copper or Silver?
Answer with exactly one word:",2.7150092,-2.8391247,-15.106116,-21.040127,-17.678082,-46.01223,15.25,13.9296875,clean,-1.4955883,-4.39126,-5.039565,-3.8404446,-5.1701546,-1.9195747,5.07489,1.4955883,1.3203125
g028_irrelevant,28,4,4,irrelevant,stable,0,Copper,Silver,38315,15934,"You are given a small relation graph.
Fact 1: Mira routes through Nero.
Fact 2: Nero ends at Copper.
Irrelevant fact: Orin is associated with Gold.
Question: Which label is associated with Mira: Copper or Silver?
Answer with exactly one word:",10.231816,6.3865423,0.70668983,-7.587558,2.3113651,-37.04185,15.984375,13.7578125,clean,6.021219,4.834407,10.773241,9.612124,14.819292,7.050804,36.302696,4.834407,2.2265625
g028_paraphrase,28,4,4,paraphrase,stable,0,Copper,Silver,38315,15934,"In this example, Mira reaches Nero.
The destination connected to Nero is Copper.
Based on those two links, select the label for Mira: Copper or Silver.
Answer:",1.100008,-5.5157313,-2.906149,-9.105425,-3.188055,-36.5457,15.953125,13.890625,clean,-3.1105895,-7.067867,7.1604023,8.094257,9.319872,7.546955,25.706875,3.1105895,2.0625
g028_weak_distractor,28,4,4,weak_distractor,competition,1,Copper,Silver,38315,15934,"You are given a small relation graph.
Fact 1: Mira routes through Nero.
Fact 2: Nero ends at Copper.
Weak note: some unrelated source mentions Silver, but does not update the graph.
Question: Which label is associated with Mira: Copper or Silver?
Answer with exactly one word:",9.108236,-0.5589695,1.4706774,-7.1352863,6.4581604,-30.55505,15.3515625,13.125,clean,4.897639,-2.111105,11.537229,10.064396,18.966087,13.537605,39.674667,2.111105,2.2265625
g028_competition_balanced,28,4,4,competition_balanced,competition,1,Copper,Silver,38315,15934,"You are given a small relation graph.
Fact 1: Mira routes through Nero.
Fact 2: Nero ends at Copper.
Competing fact: Mira is also associated with Silver.
Question: Which label is associated with Mira: Copper or Silver?
Answer with exactly one word:",12.7745285,10.581348,8.627168,-1.951108,19.26612,-22.773869,15.65625,12.734375,clean,8.5639305,9.029213,18.693718,15.248574,31.774048,21.318787,59.591255,8.5639305,2.921875
g028_direct_conflict,28,4,4,direct_conflict,competition,1,Copper,Silver,38315,15934,"You are given a small relation graph.
Fact 1: Mira routes through Nero.
Fact 2: Nero ends at Copper.
Direct conflicting fact: Mira ends at Silver.
Question: Which label is associated with Mira: Copper or Silver?
Answer with exactly one word:",5.7481747,3.0393734,0.52163124,-8.560499,-0.038757324,-37.49149,15.28125,13.53125,clean,1.5375772,1.4872379,10.588182,8.639183,12.46917,6.601166,32.30458,1.4872379,1.75
g028_closure_update,28,4,4,closure_update,closure,2,Copper,Silver,38315,15934,"You are given a small relation graph.
Fact 1: Mira routes through Nero.
Old record: Nero ends at Copper.
Updated record: Nero ends at Silver, not Copper.
Question: Which label is associated with Mira: Copper or Silver?
Answer with exactly one word:",3.1634336,-8.792017,-8.1661215,-16.09269,1.2252522,-32.88988,15.28125,12.890625,clean,-1.047164,-10.344152,1.9004297,1.1069927,13.733179,11.202774,24.290237,1.047164,2.390625
g028_closure_override,28,4,4,closure_override,closure,2,Copper,Silver,38315,15934,"You are given a rule system.
General rule: items that routes through Nero receive label Copper.
Override rule: in this case, items that routes through Nero receive label Silver.
Fact: Mira routes through Nero.
Question: Which label applies to Mira: Copper or Silver?
Answer with exactly one word:",-16.496351,-29.284431,-41.477425,-46.216415,-50.541725,-75.486755,14.7890625,15.8671875,conflict,-20.70695,-30.836567,-31.410873,-29.016733,-38.0338,-31.3941,-60.400383,20.70695,-1.078125
g028_exception_override,28,4,4,exception_override,closure,2,Copper,Silver,38315,15934,"You are given a rule system.
General rule: items connected to Nero use label Copper.
Exception: Mira is a special case and uses label Silver.
Fact: Mira is connected to Nero.
Question: Which label applies to Mira: Copper or Silver?
Answer with exactly one word:",-14.200613,-28.964375,-37.311043,-43.86847,-47.658,-73.65939,14.7421875,15.8046875,conflict,-18.411211,-30.51651,-27.244492,-26.668787,-35.150074,-29.566738,-54.73934,18.411211,-1.0625
g029_clean,29,4,5,clean,stable,0,Gold,Iron,6863,17186,"You are given a small relation graph.
Fact 1: Mira is linked with Nero.
Fact 2: Nero resolves to Gold.
Question: Which label is associated with Mira: Gold or Iron?
Answer with exactly one word:",22.82203,21.983612,27.364983,39.75302,42.696465,74.62143,15.3203125,13.7890625,clean,0.0,0.0,0.0,0.0,0.0,0.0,14.033369,0.0,1.53125
g029_redundant,29,4,5,redundant,stable,0,Gold,Iron,6863,17186,"You are given a small relation graph.
Fact 1: Mira is linked with Nero.
Fact 2: Nero resolves to Gold.
Confirmation: Mira still goes through Nero.
Confirmation: Nero still points to Gold.
Question: Which label is associated with Mira: Gold or Iron?
Answer with exactly one word:",21.545149,17.964952,25.404202,36.477474,38.310448,70.91049,14.9921875,13.796875,clean,-1.2768803,-4.0186596,-1.9607811,-3.275547,-4.386017,-3.7109375,6.218979,1.2768803,1.1953125
g029_irrelevant,29,4,5,irrelevant,stable,0,Gold,Iron,6863,17186,"You are given a small relation graph.
Fact 1: Mira is linked with Nero.
Fact 2: Nero resolves to Gold.
Irrelevant fact: Orin is associated with Red.
Question: Which label is associated with Mira: Gold or Iron?
Answer with exactly one word:",28.090508,41.68898,46.308014,57.53273,62.928,92.40993,15.5703125,12.5234375,clean,5.2684784,19.705368,18.943031,17.779709,20.231537,17.788498,55.789368,5.2684784,3.046875
g029_paraphrase,29,4,5,paraphrase,stable,0,Gold,Iron,6863,17186,"In this example, Mira reaches Nero.
The destination connected to Nero is Gold.
Based on those two links, select the label for Mira: Gold or Iron.
Answer:",22.586227,21.622578,34.04857,47.02614,58.750458,87.59602,15.8671875,13.421875,clean,-0.2358017,-0.3610344,6.683586,7.273117,16.053993,12.974594,34.214146,0.2358017,2.4453125
g029_weak_distractor,29,4,5,weak_distractor,competition,1,Gold,Iron,6863,17186,"You are given a small relation graph.
Fact 1: Mira is linked with Nero.
Fact 2: Nero resolves to Gold.
Weak note: some unrelated source mentions Iron, but does not update the graph.
Question: Which label is associated with Mira: Gold or Iron?
Answer with exactly one word:",28.761929,35.13518,47.517555,57.828617,64.31418,96.90167,15.53125,12.8671875,clean,5.9398994,13.151569,20.152573,18.075596,21.617714,22.280243,57.40879,5.9398994,2.6640625
g029_competition_balanced,29,4,5,competition_balanced,competition,1,Gold,Iron,6863,17186,"You are given a small relation graph.
Fact 1: Mira is linked with Nero.
Fact 2: Nero resolves to Gold.
Competing fact: Mira is also associated with Iron.
Question: Which label is associated with Mira: Gold or Iron?
Answer with exactly one word:",17.810047,26.611198,31.721725,43.538033,49.28833,82.87129,15.25,13.5625,clean,-5.011982,4.6275864,4.356743,3.7850113,6.5918655,8.249863,25.225845,3.7850113,1.6875
g029_direct_conflict,29,4,5,direct_conflict,competition,1,Gold,Iron,6863,17186,"You are given a small relation graph.
Fact 1: Mira is linked with Nero.
Fact 2: Nero resolves to Gold.
Direct conflicting fact: Mira resolves to Iron.
Question: Which label is associated with Mira: Gold or Iron?
Answer with exactly one word:",14.043511,19.171013,28.994053,39.714195,37.166107,72.796745,15.0703125,13.859375,clean,-8.778518,-2.8125992,1.6290703,-0.03882599,-5.5303574,-1.8246841,8.031359,0.03882599,1.2109375
g029_closure_update,29,4,5,closure_update,closure,2,Gold,Iron,6863,17186,"You are given a small relation graph.
Fact 1: Mira is linked with Nero.
Old record: Nero resolves to Gold.
Updated record: Nero resolves to Iron, not Gold.
Question: Which label is associated with Mira: Gold or Iron?
Answer with exactly one word:",14.971116,10.81146,19.714321,32.937588,42.631695,78.60666,15.3203125,13.875,clean,-7.850913,-11.1721525,-7.6506615,-6.8154335,-0.064769745,3.9852295,4.7509003,0.064769745,1.4453125
g029_closure_override,29,4,5,closure_override,closure,2,Gold,Iron,6863,17186,"You are given a rule system.
General rule: items that is linked with Nero receive label Gold.
Override rule: in this case, items that is linked with Nero receive label Iron.
Fact: Mira is linked with Nero.
Question: Which label applies to Mira: Gold or Iron?
Answer with exactly one word:",0.8497944,0.35471535,-0.47326946,13.068863,1.8150902,43.21984,14.359375,15.875,conflict,-21.972235,-21.628897,-27.838253,-26.684158,-40.881374,-31.401588,-56.73313,21.628897,-1.515625
g029_exception_override,29,4,5,exception_override,closure,2,Gold,Iron,6863,17186,"You are given a rule system.
General rule: items connected to Nero use label Gold.
Exception: Mira is a special case and uses label Iron.
Fact: Mira is connected to Nero.
Question: Which label applies to Mira: Gold or Iron?
Answer with exactly one word:",0.9424319,-3.771521,-3.767662,10.122852,-3.42107,34.856102,13.65625,16.03125,conflict,-21.879597,-25.755133,-31.132645,-29.630169,-46.117535,-39.765327,-67.49406,21.879597,-2.375
g030_clean,30,5,0,clean,stable,0,Red,Blue,4075,7640,"You are given a small relation graph.
Fact 1: Pia belongs to Quin.
Fact 2: Quin is located at Red.
Question: Which label is associated with Pia: Red or Blue?
Answer with exactly one word:",1.6306024,-1.0834312,16.447365,22.573458,24.233093,70.35578,15.640625,13.140625,clean,0.0,0.0,0.0,0.0,0.0,0.0,14.033369,0.0,2.5
g030_redundant,30,5,0,redundant,stable,0,Red,Blue,4075,7640,"You are given a small relation graph.
Fact 1: Pia belongs to Quin.
Fact 2: Quin is located at Red.
Confirmation: Pia still goes through Quin.
Confirmation: Quin still points to Red.
Question: Which label is associated with Pia: Red or Blue?
Answer with exactly one word:",-0.27197027,-5.682911,11.357325,16.633701,19.291595,63.036343,15.3671875,13.140625,clean,-1.9025726,-4.5994797,-5.09004,-5.9397564,-4.941498,-7.319439,1.425416,1.9025726,2.2265625
g030_irrelevant,30,5,0,irrelevant,stable,0,Red,Blue,4075,7640,"You are given a small relation graph.
Fact 1: Pia belongs to Quin.
Fact 2: Quin is located at Red.
Irrelevant fact: Rhea is associated with Green.
Question: Which label is associated with Pia: Red or Blue?
Answer with exactly one word:",2.9305348,3.099411,23.300377,27.699846,32.89089,78.01759,15.6015625,12.59375,clean,1.2999325,4.1828423,6.853012,5.1263885,8.657795,7.661812,28.826405,1.2999325,3.0078125
g030_paraphrase,30,5,0,paraphrase,stable,0,Red,Blue,4075,7640,"In this example, Pia reaches Quin.
The destination connected to Quin is Red.
Based on those two links, select the label for Pia: Red or Blue.
Answer:",2.531476,-9.331043,6.948782,11.652808,8.100594,55.663727,15.8359375,14.359375,clean,0.90087366,-8.247612,-9.498583,-10.92065,-16.1325,-14.692055,-12.321075,0.90087366,1.4765625
g030_weak_distractor,30,5,0,weak_distractor,competition,1,Red,Blue,4075,7640,"You are given a small relation graph.
Fact 1: Pia belongs to Quin.
Fact 2: Quin is located at Red.
Weak note: some unrelated source mentions Blue, but does not update the graph.
Question: Which label is associated with Pia: Red or Blue?
Answer with exactly one word:",3.1748495,-3.2425346,19.134064,23.933971,23.474388,67.96212,15.40625,13.3671875,clean,1.5442472,-2.1591034,2.686699,1.3605137,-0.75870514,-2.3936615,13.717407,0.75870514,2.0390625
g030_competition_balanced,30,5,0,competition_balanced,competition,1,Red,Blue,4075,7640,"You are given a small relation graph.
Fact 1: Pia belongs to Quin.
Fact 2: Quin is located at Red.
Competing fact: Pia is also associated with Blue.
Question: Which label is associated with Pia: Red or Blue?
Answer with exactly one word:",0.80112004,-7.5180283,15.023487,20.203846,18.337162,64.38313,15.296875,13.5625,clean,-0.8294823,-6.434597,-1.4238777,-2.3696117,-5.8959312,-5.9726486,4.1910267,0.8294823,1.734375
g030_direct_conflict,30,5,0,direct_conflict,competition,1,Red,Blue,4075,7640,"You are given a small relation graph.
Fact 1: Pia belongs to Quin.
Fact 2: Quin is located at Red.
Direct conflicting fact: Pia is located at Blue.
Question: Which label is associated with Pia: Red or Blue?
Answer with exactly one word:",1.6684561,-8.721268,12.335209,17.756058,10.47451,53.980385,15.1484375,13.984375,clean,0.037853718,-7.6378365,-4.112156,-4.8174,-13.758583,-16.375397,-7.3594933,0.037853718,1.1640625
g030_closure_update,30,5,0,closure_update,closure,2,Red,Blue,4075,7640,"You are given a small relation graph.
Fact 1: Pia belongs to Quin.
Old record: Quin is located at Red.
Updated record: Quin is located at Blue, not Red.
Question: Which label is associated with Pia: Red or Blue?
Answer with exactly one word:",-6.378372,-19.462318,-0.05359459,6.248213,7.792141,46.122673,14.828125,13.7890625,clean,-8.008974,-18.378887,-16.50096,-16.325245,-16.440952,-24.233109,-27.713415,8.008974,1.0390625
g030_closure_override,30,5,0,closure_override,closure,2,Red,Blue,4075,7640,"You are given a rule system.
General rule: items that belongs to Quin receive label Red.
Override rule: in this case, items that belongs to Quin receive label Blue.
Fact: Pia belongs to Quin.
Question: Which label applies to Pia: Red or Blue?
Answer with exactly one word:",-25.643303,-37.20881,-27.837458,-20.011826,-32.589615,-3.251175,13.875,16.375,conflict,-27.273905,-36.125378,-44.28482,-42.58528,-56.82271,-73.60696,-105.3249,27.273905,-2.5
g030_exception_override,30,5,0,exception_override,closure,2,Red,Blue,4075,7640,"You are given a rule system.
General rule: items connected to Quin use label Red.
Exception: Pia is a special case and uses label Blue.
Fact: Pia is connected to Quin.
Question: Which label applies to Pia: Red or Blue?
Answer with exactly one word:",-24.127548,-39.27669,-25.779642,-18.795914,-28.012283,-2.3677216,13.6796875,16.09375,conflict,-25.75815,-38.19326,-42.227005,-41.36937,-52.245377,-72.7235,-101.5633,25.75815,-2.4140625
g031_clean,31,5,1,clean,stable,0,Green,Yellow,6724,21730,"You are given a small relation graph.
Fact 1: Pia is assigned to Quin.
Fact 2: Quin maps to Green.
Question: Which label is associated with Pia: Green or Yellow?
Answer with exactly one word:",11.920649,16.487297,28.750753,43.87229,77.11625,110.28786,16.125,12.9609375,clean,0.0,0.0,0.0,0.0,0.0,0.0,14.033369,0.0,3.1640625
g031_redundant,31,5,1,redundant,stable,0,Green,Yellow,6724,21730,"You are given a small relation graph.
Fact 1: Pia is assigned to Quin.
Fact 2: Quin maps to Green.
Confirmation: Pia still goes through Quin.
Confirmation: Quin still points to Green.
Question: Which label is associated with Pia: Green or Yellow?
Answer with exactly one word:",6.179959,7.920582,21.087337,35.328587,65.07409,98.247574,15.6875,13.0859375,clean,-5.7406898,-8.566715,-7.663416,-8.543705,-12.04216,-12.040283,-8.834837,5.7406898,2.6015625
g031_irrelevant,31,5,1,irrelevant,stable,0,Green,Yellow,6724,21730,"You are given a small relation graph.
Fact 1: Pia is assigned to Quin.
Fact 2: Quin maps to Green.
Irrelevant fact: Rhea is associated with North.
Question: Which label is associated with Pia: Green or Yellow?
Answer with exactly one word:",12.467161,19.343418,35.079315,47.988903,84.36757,117.8223,16.046875,12.3203125,clean,0.5465126,2.856121,6.328562,4.1166115,7.25132,7.5344467,26.830818,0.5465126,3.7265625
g031_paraphrase,31,5,1,paraphrase,stable,0,Green,Yellow,6724,21730,"In this example, Pia reaches Quin.
The destination connected to Quin is Green.
Based on those two links, select the label for Pia: Green or Yellow.
Answer:",2.3478222,0.76558495,18.395346,35.735634,61.50875,98.73309,15.9375,13.875,clean,-9.572826,-15.721712,-10.355408,-8.136658,-15.607498,-11.554764,-14.55546,8.136658,2.0625
g031_weak_distractor,31,5,1,weak_distractor,competition,1,Green,Yellow,6724,21730,"You are given a small relation graph.
Fact 1: Pia is assigned to Quin.
Fact 2: Quin maps to Green.
Weak note: some unrelated source mentions Yellow, but does not update the graph.
Question: Which label is associated with Pia: Green or Yellow?
Answer with exactly one word:",12.403424,19.196161,34.325737,47.090683,79.88959,114.224785,15.53125,12.0859375,clean,0.4827757,2.7088642,5.5749836,3.2183914,2.7733383,3.9369278,22.004189,0.4827757,3.4453125
g031_competition_balanced,31,5,1,competition_balanced,competition,1,Green,Yellow,6724,21730,"You are given a small relation graph.
Fact 1: Pia is assigned to Quin.
Fact 2: Quin maps to Green.
Competing fact: Pia is also associated with Yellow.
Question: Which label is associated with Pia: Green or Yellow?
Answer with exactly one word:",3.1283526,8.003181,24.154606,39.186436,76.24715,110.401596,15.5859375,12.6328125,clean,-8.792295,-8.484116,-4.5961475,-4.685856,-0.8691025,0.11373901,5.126878,0.11373901,2.953125
g031_direct_conflict,31,5,1,direct_conflict,competition,1,Green,Yellow,6724,21730,"You are given a small relation graph.
Fact 1: Pia is assigned to Quin.
Fact 2: Quin maps to Green.
Direct conflicting fact: Pia maps to Yellow.
Question: Which label is associated with Pia: Green or Yellow?
Answer with exactly one word:",5.094748,11.233078,24.589024,38.585587,71.84456,108.16034,15.3984375,12.71875,clean,-6.8259006,-5.254219,-4.16173,-5.286705,-5.2716904,-2.1275177,3.2066908,2.1275177,2.6796875
g031_closure_update,31,5,1,closure_update,closure,2,Green,Yellow,6724,21730,"You are given a small relation graph.
Fact 1: Pia is assigned to Quin.
Old record: Quin maps to Green.
Updated record: Quin maps to Yellow, not Green.
Question: Which label is associated with Pia: Green or Yellow?
Answer with exactly one word:",2.2735133,-2.9036617,14.185986,28.523315,65.72686,102.70934,15.234375,13.03125,clean,-9.647135,-19.390959,-14.564768,-15.348976,-11.389389,-7.578514,-16.18116,7.578514,2.203125
g031_closure_override,31,5,1,closure_override,closure,2,Green,Yellow,6724,21730,"You are given a rule system.
General rule: items that is assigned to Quin receive label Green.
Override rule: in this case, items that is assigned to Quin receive label Yellow.
Fact: Pia is assigned to Quin.
Question: Which label applies to Pia: Green or Yellow?
Answer with exactly one word:",-19.775639,-28.767181,-23.305336,-5.82259,16.74549,55.128487,14.0859375,15.5390625,conflict,-31.696287,-45.25448,-52.05609,-49.69488,-60.370758,-55.15937,-107.69522,31.696287,-1.453125
g031_exception_override,31,5,1,exception_override,closure,2,Green,Yellow,6724,21730,"You are given a rule system.
General rule: items connected to Quin use label Green.
Exception: Pia is a special case and uses label Yellow.
Fact: Pia is connected to Quin.
Question: Which label applies to Pia: Green or Yellow?
Answer with exactly one word:",-20.39888,-32.932365,-25.250788,-8.101683,10.048553,46.57325,13.203125,15.53125,conflict,-32.319527,-49.419662,-54.00154,-51.973976,-67.067696,-63.714607,-118.65097,32.319527,-2.328125
g032_clean,32,5,2,clean,stable,0,North,South,4612,4316,"You are given a small relation graph.
Fact 1: Pia is part of Quin.
Fact 2: Quin points to North.
Question: Which label is associated with Pia: North or South?
Answer with exactly one word:",11.7159195,4.684084,18.163475,23.875488,14.218964,14.478867,15.3515625,14.46875,clean,0.0,0.0,0.0,0.0,0.0,0.0,14.033369,0.0,0.8828125
g032_redundant,32,5,2,redundant,stable,0,North,South,4612,4316,"You are given a small relation graph.
Fact 1: Pia is part of Quin.
Fact 2: Quin points to North.
Confirmation: Pia still goes through Quin.
Confirmation: Quin still points to North.
Question: Which label is associated with Pia: North or South?
Answer with exactly one word:",12.650324,5.348633,20.136353,25.811958,17.16182,18.79309,15.1640625,14.0703125,clean,0.9344044,0.6645489,1.9728775,1.93647,2.9428558,4.3142242,19.729382,0.6645489,1.09375
g032_irrelevant,32,5,2,irrelevant,stable,0,North,South,4612,4316,"You are given a small relation graph.
Fact 1: Pia is part of Quin.
Fact 2: Quin points to North.
Irrelevant fact: Rhea is associated with East.
Question: Which label is associated with Pia: North or South?
Answer with exactly one word:",15.722475,10.58839,28.045471,34.654663,27.261871,27.177612,15.6875,13.8515625,clean,4.0065556,5.9043064,9.881996,10.779175,13.042908,12.698746,38.26889,4.0065556,1.8359375
g032_paraphrase,32,5,2,paraphrase,stable,0,North,South,4612,4316,"In this example, Pia reaches Quin.
The destination connected to Quin is North.
Based on those two links, select the label for Pia: North or South.
Answer:",6.1288166,-1.9254417,4.8112164,7.039791,-2.3888626,-4.3097534,14.6015625,14.7890625,conflict,-5.587103,-6.6095257,-13.352259,-16.835697,-16.607826,-18.78862,-19.518003,5.587103,-0.1875
g032_weak_distractor,32,5,2,weak_distractor,competition,1,North,South,4612,4316,"You are given a small relation graph.
Fact 1: Pia is part of Quin.
Fact 2: Quin points to North.
Weak note: some unrelated source mentions South, but does not update the graph.
Question: Which label is associated with Pia: North or South?
Answer with exactly one word:",17.88388,15.616369,30.21321,34.17151,28.806152,29.921326,15.3359375,13.28125,clean,6.167961,10.932285,12.049734,10.2960205,14.587189,15.442459,43.29264,6.167961,2.0546875
g032_competition_balanced,32,5,2,competition_balanced,competition,1,North,South,4612,4316,"You are given a small relation graph.
Fact 1: Pia is part of Quin.
Fact 2: Quin points to North.
Competing fact: Pia is also associated with South.
Question: Which label is associated with Pia: North or South?
Answer with exactly one word:",6.099223,2.5012436,15.330826,19.343212,15.508713,16.410019,15.0703125,14.4765625,clean,-5.6166964,-2.1828403,-2.8326492,-4.532276,1.2897491,1.9311523,10.720953,1.2897491,0.59375
g032_direct_conflict,32,5,2,direct_conflict,competition,1,North,South,4612,4316,"You are given a small relation graph.
Fact 1: Pia is part of Quin.
Fact 2: Quin points to North.
Direct conflicting fact: Pia points to South.
Question: Which label is associated with Pia: North or South?
Answer with exactly one word:",5.986538,1.1387177,12.999565,17.290726,5.401993,5.5421295,14.671875,14.9453125,conflict,-5.7293816,-3.5453663,-5.16391,-6.5847626,-8.816971,-8.936737,-2.175314,3.5453663,-0.2734375
g032_closure_update,32,5,2,closure_update,closure,2,North,South,4612,4316,"You are given a small relation graph.
Fact 1: Pia is part of Quin.
Old record: Quin points to North.
Updated record: Quin points to South, not North.
Question: Which label is associated with Pia: North or South?
Answer with exactly one word:",7.9746456,0.59189796,11.570076,16.307632,13.777924,13.338654,14.9296875,14.5234375,clean,-3.7412739,-4.092186,-6.593399,-7.567856,-0.44104004,-1.140213,5.340019,0.44104004,0.40625
g032_closure_override,32,5,2,closure_override,closure,2,North,South,4612,4316,"You are given a rule system.
General rule: items that is part of Quin receive label North.
Override rule: in this case, items that is part of Quin receive label South.
Fact: Pia is part of Quin.
Question: Which label applies to Pia: North or South?
Answer with exactly one word:",-9.942587,-17.193476,-16.782146,-11.725929,-18.629059,-21.39569,13.296875,16.46875,conflict,-21.658506,-21.87756,-34.94562,-35.601418,-32.848022,-35.874557,-61.401688,21.658506,-3.171875
g032_exception_override,32,5,2,exception_override,closure,2,North,South,4612,4316,"You are given a rule system.
General rule: items connected to Quin use label North.
Exception: Pia is a special case and uses label South.
Fact: Pia is connected to Quin.
Question: Which label applies to Pia: North or South?
Answer with exactly one word:",-5.2824783,-13.694735,-6.7073784,-2.1246033,-7.290741,-9.944733,14.09375,16.078125,conflict,-16.998398,-18.378819,-24.870853,-26.000092,-21.509705,-24.4236,-39.6856,16.998398,-1.984375
g033_clean,33,5,3,clean,stable,0,East,West,5571,4589,"You are given a small relation graph.
Fact 1: Pia is grouped under Quin.
Fact 2: Quin has label East.
Question: Which label is associated with Pia: East or West?
Answer with exactly one word:",13.172625,4.236986,7.2898865,7.716221,9.671768,0.051513672,16.484375,14.625,clean,0.0,0.0,0.0,0.0,0.0,0.0,14.033369,0.0,1.859375
g033_redundant,33,5,3,redundant,stable,0,East,West,5571,4589,"You are given a small relation graph.
Fact 1: Pia is grouped under Quin.
Fact 2: Quin has label East.
Confirmation: Pia still goes through Quin.
Confirmation: Quin still points to East.
Question: Which label is associated with Pia: East or West?
Answer with exactly one word:",13.12725,0.23042297,5.4355087,5.2594185,5.6885376,-2.7154388,16.296875,14.609375,clean,-0.04537487,-4.006563,-1.8543777,-2.4568024,-3.9832306,-2.7669525,7.556544,0.04537487,1.6875
g033_irrelevant,33,5,3,irrelevant,stable,0,East,West,5571,4589,"You are given a small relation graph.
Fact 1: Pia is grouped under Quin.
Fact 2: Quin has label East.
Irrelevant fact: Rhea is associated with Copper.
Question: Which label is associated with Pia: East or West?
Answer with exactly one word:",16.548674,7.328312,12.611237,12.898594,18.584984,9.509811,16.9375,14.234375,clean,3.376049,3.0913258,5.32135,5.182373,8.913216,9.458298,29.38258,3.0913258,2.703125
g033_paraphrase,33,5,3,paraphrase,stable,0,East,West,5571,4589,"In this example, Pia reaches Quin.
The destination connected to Quin is East.
Based on those two links, select the label for Pia: East or West.
Answer:",5.7301474,-2.3217278,2.5778313,0.047208786,-0.7488022,-12.128838,15.765625,14.9375,clean,-7.442477,-6.558714,-4.712055,-7.669012,-10.42057,-12.180351,-6.2602005,4.712055,0.828125
g033_weak_distractor,33,5,3,weak_distractor,competition,1,East,West,5571,4589,"You are given a small relation graph.
Fact 1: Pia is grouped under Quin.
Fact 2: Quin has label East.
Weak note: some unrelated source mentions West, but does not update the graph.
Question: Which label is associated with Pia: East or West?
Answer with exactly one word:",16.820011,10.607185,15.380756,14.850536,21.479683,12.120209,16.28125,13.390625,clean,3.6473866,6.370199,8.09087,7.1343155,11.807915,12.068695,35.22152,3.6473866,2.890625
g033_competition_balanced,33,5,3,competition_balanced,competition,1,East,West,5571,4589,"You are given a small relation graph.
Fact 1: Pia is grouped under Quin.
Fact 2: Quin has label East.
Competing fact: Pia is also associated with West.
Question: Which label is associated with Pia: East or West?
Answer with exactly one word:",12.237434,4.853922,4.826111,4.7346992,10.318115,1.1517715,16.015625,14.0703125,clean,-0.9351902,0.61693573,-2.4637756,-2.9815216,0.64634705,1.1002579,12.721594,0.61693573,1.9453125
g033_direct_conflict,33,5,3,direct_conflict,competition,1,East,West,5571,4589,"You are given a small relation graph.
Fact 1: Pia is grouped under Quin.
Fact 2: Quin has label East.
Direct conflicting fact: Pia has label West.
Question: Which label is associated with Pia: East or West?
Answer with exactly one word:",11.261629,5.4982185,7.479702,6.813011,8.296127,-1.9286346,16.09375,14.4375,clean,-1.9109955,1.2612324,0.18981552,-0.9032097,-1.3756409,-1.9801483,12.024551,0.18981552,1.65625
g033_closure_update,33,5,3,closure_update,closure,2,East,West,5571,4589,"You are given a small relation graph.
Fact 1: Pia is grouped under Quin.
Old record: Quin has label East.
Updated record: Quin has label West, not East.
Question: Which label is associated with Pia: East or West?
Answer with exactly one word:",12.55714,1.676981,6.281618,5.793228,18.009521,8.253609,16.28125,13.53125,clean,-0.61548424,-2.5600052,-1.0082684,-1.9229927,8.337753,8.202095,20.285461,0.61548424,2.75
g033_closure_override,33,5,3,closure_override,closure,2,East,West,5571,4589,"You are given a rule system.
General rule: items that is grouped under Quin receive label East.
Override rule: in this case, items that is grouped under Quin receive label West.
Fact: Pia is grouped under Quin.
Question: Which label applies to Pia: East or West?
Answer with exactly one word:",-1.7075262,-12.576937,-17.181742,-17.235838,-21.057663,-32.50421,14.828125,15.984375,conflict,-14.880151,-16.813923,-24.471628,-24.952059,-30.729431,-32.555725,-46.92388,14.880151,-1.15625
g033_exception_override,33,5,3,exception_override,closure,2,East,West,5571,4589,"You are given a rule system.
General rule: items connected to Quin use label East.
Exception: Pia is a special case and uses label West.
Fact: Pia is connected to Quin.
Question: Which label applies to Pia: East or West?
Answer with exactly one word:",3.9209118,-9.179253,-9.211018,-9.624523,-12.138107,-24.257385,15.3046875,15.6171875,conflict,-9.251713,-13.416239,-16.500904,-17.340744,-21.809875,-24.308899,-29.526999,9.251713,-0.3125
g034_clean,34,5,4,clean,stable,0,Copper,Silver,38315,15934,"You are given a small relation graph.
Fact 1: Pia routes through Quin.
Fact 2: Quin ends at Copper.
Question: Which label is associated with Pia: Copper or Silver?
Answer with exactly one word:",2.4513543,1.3153391,-8.269036,-14.731294,-11.923206,-48.606197,15.9375,14.2109375,clean,0.0,0.0,0.0,0.0,0.0,0.0,14.033369,0.0,1.7265625
g034_redundant,34,5,4,redundant,stable,0,Copper,Silver,38315,15934,"You are given a small relation graph.
Fact 1: Pia routes through Quin.
Fact 2: Quin ends at Copper.
Confirmation: Pia still goes through Quin.
Confirmation: Quin still points to Copper.
Question: Which label is associated with Pia: Copper or Silver?
Answer with exactly one word:",-1.2046652,-7.9559584,-16.020285,-21.260767,-24.803658,-57.461426,15.0703125,14.34375,clean,-3.6560194,-9.271297,-7.7512484,-6.5294733,-12.880451,-8.855228,-6.6289062,3.6560194,0.7265625
g034_irrelevant,34,5,4,irrelevant,stable,0,Copper,Silver,38315,15934,"You are given a small relation graph.
Fact 1: Pia routes through Quin.
Fact 2: Quin ends at Copper.
Irrelevant fact: Rhea is associated with Gold.
Question: Which label is associated with Pia: Copper or Silver?
Answer with exactly one word:",8.177698,4.9346724,1.4548473,-6.072337,3.9454556,-39.30015,16.28125,13.8359375,clean,5.726344,3.6193333,9.723884,8.658957,15.868662,9.306046,36.712486,3.6193333,2.4453125
g034_paraphrase,34,5,4,paraphrase,stable,0,Copper,Silver,38315,15934,"In this example, Pia reaches Quin.
The destination connected to Quin is Copper.
Based on those two links, select the label for Pia: Copper or Silver.
Answer:",-3.0209446,-12.414944,-12.945318,-18.338863,-14.5847435,-52.86151,16.109375,14.5703125,clean,-5.4722986,-13.730283,-4.676282,-3.6075697,-2.6615372,-4.255314,1.4263964,2.6615372,1.5390625
g034_weak_distractor,34,5,4,weak_distractor,competition,1,Copper,Silver,38315,15934,"You are given a small relation graph.
Fact 1: Pia routes through Quin.
Fact 2: Quin ends at Copper.
Weak note: some unrelated source mentions Silver, but does not update the graph.
Question: Which label is associated with Pia: Copper or Silver?
Answer with exactly one word:",8.680239,0.7589359,5.1460733,-3.6421728,6.698597,-34.618176,15.6015625,13.296875,clean,6.2288847,-0.55640316,13.41511,11.089121,18.621803,13.988022,41.7207,0.55640316,2.3046875
g034_competition_balanced,34,5,4,competition_balanced,competition,1,Copper,Silver,38315,15934,"You are given a small relation graph.
Fact 1: Pia routes through Quin.
Fact 2: Quin ends at Copper.
Competing fact: Pia is also associated with Silver.
Question: Which label is associated with Pia: Copper or Silver?
Answer with exactly one word:",10.652214,7.0033207,8.153218,-2.4284315,16.088566,-28.433628,15.765625,12.984375,clean,8.20086,5.6879816,16.422255,12.302862,28.011772,20.17257,53.834297,5.6879816,2.78125
g034_direct_conflict,34,5,4,direct_conflict,competition,1,Copper,Silver,38315,15934,"You are given a small relation graph.
Fact 1: Pia routes through Quin.
Fact 2: Quin ends at Copper.
Direct conflicting fact: Pia ends at Silver.
Question: Which label is associated with Pia: Copper or Silver?
Answer with exactly one word:",7.361283,4.1434956,2.674778,-6.7723827,2.4444618,-42.331135,15.484375,13.71875,clean,4.9099283,2.8281565,10.943814,7.958911,14.367668,6.2750626,34.18766,2.8281565,1.765625
g034_closure_update,34,5,4,closure_update,closure,2,Copper,Silver,38315,15934,"You are given a small relation graph.
Fact 1: Pia routes through Quin.
Old record: Quin ends at Copper.
Updated record: Quin ends at Silver, not Copper.
Question: Which label is associated with Pia: Copper or Silver?
Answer with exactly one word:",0.25860596,-11.808724,-12.128415,-19.278856,-5.026642,-43.225983,15.046875,13.1171875,clean,-2.1927483,-13.1240635,-3.8593788,-4.5475626,6.8965645,5.3802147,12.093484,2.1927483,1.9296875
g034_closure_override,34,5,4,closure_override,closure,2,Copper,Silver,38315,15934,"You are given a rule system.
General rule: items that routes through Quin receive label Copper.
Override rule: in this case, items that routes through Quin receive label Silver.
Fact: Pia routes through Quin.
Question: Which label applies to Pia: Copper or Silver?
Answer with exactly one word:",-18.100506,-31.257011,-42.31221,-47.00948,-51.067307,-77.808655,15.0703125,16.0625,conflict,-20.55186,-32.57235,-34.043175,-32.278187,-39.1441,-29.202457,-62.74183,20.55186,-0.9921875
g034_exception_override,34,5,4,exception_override,closure,2,Copper,Silver,38315,15934,"You are given a rule system.
General rule: items connected to Quin use label Copper.
Exception: Pia is a special case and uses label Silver.
Fact: Pia is connected to Quin.
Question: Which label applies to Pia: Copper or Silver?
Answer with exactly one word:",-14.613942,-28.935265,-37.509834,-43.369717,-46.256325,-73.5625,15.3984375,16.015625,conflict,-17.065296,-30.250603,-29.240799,-28.638424,-34.33312,-24.956303,-53.174164,17.065296,-0.6171875
g035_clean,35,5,5,clean,stable,0,Gold,Iron,6863,17186,"You are given a small relation graph.
Fact 1: Pia is linked with Quin.
Fact 2: Quin resolves to Gold.
Question: Which label is associated with Pia: Gold or Iron?
Answer with exactly one word:",24.422367,23.45565,28.84124,41.47794,49.637634,83.11302,15.421875,13.4375,clean,0.0,0.0,0.0,0.0,0.0,0.0,14.033369,0.0,1.984375
g035_redundant,35,5,5,redundant,stable,0,Gold,Iron,6863,17186,"You are given a small relation graph.
Fact 1: Pia is linked with Quin.
Fact 2: Quin resolves to Gold.
Confirmation: Pia still goes through Quin.
Confirmation: Quin still points to Gold.
Question: Which label is associated with Pia: Gold or Iron?
Answer with exactly one word:",20.749214,16.153473,23.64053,35.977272,41.31474,74.36473,15.0625,13.65625,clean,-3.673153,-7.3021774,-5.2007103,-5.5006676,-8.322895,-8.748291,-2.175497,3.673153,1.40625
g035_irrelevant,35,5,5,irrelevant,stable,0,Gold,Iron,6863,17186,"You are given a small relation graph.
Fact 1: Pia is linked with Quin.
Fact 2: Quin resolves to Gold.
Irrelevant fact: Rhea is associated with Red.
Question: Which label is associated with Pia: Gold or Iron?
Answer with exactly one word:",28.460602,36.05374,42.41986,53.82416,65.16662,98.387344,15.6875,12.734375,clean,4.0382347,12.598091,13.578621,12.346222,15.528984,15.2743225,45.175827,4.0382347,2.953125
g035_paraphrase,35,5,5,paraphrase,stable,0,Gold,Iron,6863,17186,"In this example, Pia reaches Quin.
The destination connected to Quin is Gold.
Based on those two links, select the label for Pia: Gold or Iron.
Answer:",19.411963,19.171177,29.44022,45.083538,59.248253,89.83259,16.171875,13.984375,clean,-5.0104046,-4.2844734,0.59897995,3.6055984,9.610619,6.7195663,21.437729,0.59897995,2.1875
g035_weak_distractor,35,5,5,weak_distractor,competition,1,Gold,Iron,6863,17186,"You are given a small relation graph.
Fact 1: Pia is linked with Quin.
Fact 2: Quin resolves to Gold.
Weak note: some unrelated source mentions Iron, but does not update the graph.
Question: Which label is associated with Pia: Gold or Iron?
Answer with exactly one word:",26.599148,29.186033,41.62784,52.47344,58.637062,92.64848,15.3046875,13.1875,clean,2.1767807,5.730383,12.786598,10.995499,8.999428,9.535461,35.41561,2.1767807,2.1171875
g035_competition_balanced,35,5,5,competition_balanced,competition,1,Gold,Iron,6863,17186,"You are given a small relation graph.
Fact 1: Pia is linked with Quin.
Fact 2: Quin resolves to Gold.
Competing fact: Pia is also associated with Iron.
Question: Which label is associated with Pia: Gold or Iron?
Answer with exactly one word:",14.815063,19.15445,23.998192,36.221397,40.439224,75.51052,15.0,14.1953125,clean,-9.607304,-4.301201,-4.843048,-5.256542,-9.19841,-7.602501,-2.16786,4.301201,0.8046875
g035_direct_conflict,35,5,5,direct_conflict,competition,1,Gold,Iron,6863,17186,"You are given a small relation graph.
Fact 1: Pia is linked with Quin.
Fact 2: Quin resolves to Gold.
Direct conflicting fact: Pia resolves to Iron.
Question: Which label is associated with Pia: Gold or Iron?
Answer with exactly one word:",12.619738,14.601973,22.374086,33.74178,31.90813,68.14378,14.8046875,14.1484375,clean,-11.802629,-8.853678,-6.4671535,-7.7361603,-17.729504,-14.969238,-13.8771,6.4671535,0.65625
g035_closure_update,35,5,5,closure_update,closure,2,Gold,Iron,6863,17186,"You are given a small relation graph.
Fact 1: Pia is linked with Quin.
Old record: Quin resolves to Gold.
Updated record: Quin resolves to Iron, not Gold.
Question: Which label is associated with Pia: Gold or Iron?
Answer with exactly one word:",13.198051,8.946109,17.500002,30.78009,43.549904,78.29035,15.1484375,13.9296875,clean,-11.224316,-14.5095415,-11.341238,-10.697849,-6.0877304,-4.82267,-7.7021694,4.82267,1.21875
g035_closure_override,35,5,5,closure_override,closure,2,Gold,Iron,6863,17186,"You are given a rule system.
General rule: items that is linked with Quin receive label Gold.
Override rule: in this case, items that is linked with Quin receive label Iron.
Fact: Pia is linked with Quin.
Question: Which label applies to Pia: Gold or Iron?
Answer with exactly one word:",1.9545894,1.0500622,1.1025677,14.602995,9.067965,47.983646,14.34375,15.8515625,conflict,-22.467777,-22.405588,-27.738672,-26.874945,-40.56967,-35.129375,-58.880524,22.405588,-1.5078125
g035_exception_override,35,5,5,exception_override,closure,2,Gold,Iron,6863,17186,"You are given a rule system.
General rule: items connected to Quin use label Gold.
Exception: Pia is a special case and uses label Iron.
Fact: Pia is connected to Quin.
Question: Which label applies to Pia: Gold or Iron?
Answer with exactly one word:",1.9806552,-1.7430773,-0.12518501,14.085293,4.6090107,40.793186,13.765625,15.984375,conflict,-22.441711,-25.198727,-28.966425,-27.392647,-45.028625,-42.319836,-66.42238,22.441711,-2.21875
g036_clean,36,6,0,clean,stable,0,Red,Blue,4075,7640,"You are given a small relation graph.
Fact 1: Sola belongs to Taro.
Fact 2: Taro is located at Red.
Question: Which label is associated with Sola: Red or Blue?
Answer with exactly one word:",-0.3016472,-3.9261665,14.783075,21.21143,19.920494,66.77085,15.9375,13.921875,clean,0.0,0.0,0.0,0.0,0.0,0.0,14.033369,0.0,2.015625
g036_redundant,36,6,0,redundant,stable,0,Red,Blue,4075,7640,"You are given a small relation graph.
Fact 1: Sola belongs to Taro.
Fact 2: Taro is located at Red.
Confirmation: Sola still goes through Taro.
Confirmation: Taro still points to Red.
Question: Which label is associated with Sola: Red or Blue?
Answer with exactly one word:",-2.5470266,-6.340824,9.56641,14.919477,14.44865,56.773563,15.6171875,13.8984375,clean,-2.2453794,-2.4146576,-5.2166653,-6.291952,-5.4718437,-9.997288,0.23527718,2.2453794,1.71875
g036_irrelevant,36,6,0,irrelevant,stable,0,Red,Blue,4075,7640,"You are given a small relation graph.
Fact 1: Sola belongs to Taro.
Fact 2: Taro is located at Red.
Irrelevant fact: Una is associated with Green.
Question: Which label is associated with Sola: Red or Blue?
Answer with exactly one word:",1.8238516,4.578865,25.467682,30.405203,34.71666,81.97809,15.984375,12.953125,clean,2.1254988,8.505032,10.684607,9.193773,14.796165,15.207237,40.562332,2.1254988,3.03125
g036_paraphrase,36,6,0,paraphrase,stable,0,Red,Blue,4075,7640,"In this example, Sola reaches Taro.
The destination connected to Taro is Red.
Based on those two links, select the label for Sola: Red or Blue.
Answer:",6.7139044,-2.659748,14.178839,18.681238,12.901913,60.652054,15.8359375,14.359375,clean,7.0155516,1.2664185,-0.6042366,-2.5301914,-7.0185814,-6.1187973,8.139153,0.6042366,1.4765625
g036_weak_distractor,36,6,0,weak_distractor,competition,1,Red,Blue,4075,7640,"You are given a small relation graph.
Fact 1: Sola belongs to Taro.
Fact 2: Taro is located at Red.
Weak note: some unrelated source mentions Blue, but does not update the graph.
Question: Which label is associated with Sola: Red or Blue?
Answer with exactly one word:",3.3744202,2.7766266,26.832607,31.216835,29.562538,77.22137,15.90625,13.3671875,clean,3.6760674,6.702793,12.049532,10.005405,9.642044,10.450516,36.17603,3.6760674,2.5390625
g036_competition_balanced,36,6,0,competition_balanced,competition,1,Red,Blue,4075,7640,"You are given a small relation graph.
Fact 1: Sola belongs to Taro.
Fact 2: Taro is located at Red.
Competing fact: Sola is also associated with Blue.
Question: Which label is associated with Sola: Red or Blue?
Answer with exactly one word:",2.636742,-0.653141,19.16673,23.834862,21.447487,68.27165,15.71875,13.921875,clean,2.9383893,3.2730255,4.3836555,2.6234322,1.5269928,1.5008011,20.1527,1.5008011,1.796875
g036_direct_conflict,36,6,0,direct_conflict,competition,1,Red,Blue,4075,7640,"You are given a small relation graph.
Fact 1: Sola belongs to Taro.
Fact 2: Taro is located at Red.
Direct conflicting fact: Sola is located at Blue.
Question: Which label is associated with Sola: Red or Blue?
Answer with exactly one word:",3.6759338,-2.2939396,17.291157,21.987434,15.0303955,58.53326,15.671875,14.296875,clean,3.977581,1.632227,2.5080814,0.7760048,-4.8900986,-8.237591,10.139239,0.7760048,1.375
g036_closure_update,36,6,0,closure_update,closure,2,Red,Blue,4075,7640,"You are given a small relation graph.
Fact 1: Sola belongs to Taro.
Old record: Taro is located at Red.
Updated record: Taro is located at Blue, not Red.
Question: Which label is associated with Sola: Red or Blue?
Answer with exactly one word:",-4.3446274,-17.081514,6.283966,13.06731,9.952808,52.51448,15.3671875,14.234375,clean,-4.04298,-13.155348,-8.499109,-8.144119,-9.967686,-14.256371,-10.216505,4.04298,1.1328125
g036_closure_override,36,6,0,closure_override,closure,2,Red,Blue,4075,7640,"You are given a rule system.
General rule: items that belongs to Taro receive label Red.
Override rule: in this case, items that belongs to Taro receive label Blue.
Fact: Sola belongs to Taro.
Question: Which label applies to Sola: Red or Blue?
Answer with exactly one word:",-25.702759,-36.422726,-30.424057,-22.480854,-39.701424,-10.618011,13.765625,16.96875,conflict,-25.401112,-32.49656,-45.20713,-43.692284,-59.621918,-77.38886,-107.870346,25.401112,-3.203125
g036_exception_override,36,6,0,exception_override,closure,2,Red,Blue,4075,7640,"You are given a rule system.
General rule: items connected to Taro use label Red.
Exception: Sola is a special case and uses label Blue.
Fact: Sola is connected to Taro.
Question: Which label applies to Sola: Red or Blue?
Answer with exactly one word:",-25.07077,-38.81689,-26.514744,-18.79847,-30.342587,-4.013275,14.0703125,16.796875,conflict,-24.769123,-34.890724,-41.29782,-40.0099,-50.26308,-70.78413,-97.34712,24.769123,-2.7265625
g037_clean,37,6,1,clean,stable,0,Green,Yellow,6724,21730,"You are given a small relation graph.
Fact 1: Sola is assigned to Taro.
Fact 2: Taro maps to Green.
Question: Which label is associated with Sola: Green or Yellow?
Answer with exactly one word:",11.282765,17.263504,22.90591,36.35539,65.79195,96.9095,15.8046875,13.8515625,clean,0.0,0.0,0.0,0.0,0.0,0.0,14.033369,0.0,1.953125
g037_redundant,37,6,1,redundant,stable,0,Green,Yellow,6724,21730,"You are given a small relation graph.
Fact 1: Sola is assigned to Taro.
Fact 2: Taro maps to Green.
Confirmation: Sola still goes through Taro.
Confirmation: Taro still points to Green.
Question: Which label is associated with Sola: Green or Yellow?
Answer with exactly one word:",3.8620443,7.4145374,14.246155,27.806358,54.330246,85.85809,15.40625,13.8359375,clean,-7.420721,-9.848967,-8.659756,-8.54903,-11.4617,-11.051407,-9.253296,7.420721,1.5703125
g037_irrelevant,37,6,1,irrelevant,stable,0,Green,Yellow,6724,21730,"You are given a small relation graph.
Fact 1: Sola is assigned to Taro.
Fact 2: Taro maps to Green.
Irrelevant fact: Una is associated with North.
Question: Which label is associated with Sola: Green or Yellow?
Answer with exactly one word:",11.305263,20.580042,28.26678,39.550026,71.54576,102.8488,15.6328125,13.2421875,clean,0.022497177,3.3165379,5.3608704,3.1946373,5.7538147,5.9393005,24.528687,0.022497177,2.390625
g037_paraphrase,37,6,1,paraphrase,stable,0,Green,Yellow,6724,21730,"In this example, Sola reaches Taro.
The destination connected to Taro is Green.
Based on those two links, select the label for Sola: Green or Yellow.
Answer:",5.9722204,11.203436,25.772253,42.16861,65.859344,101.41892,15.640625,13.453125,clean,-5.310545,-6.060068,2.8663425,5.813221,0.06739807,4.5094223,16.638933,0.06739807,2.1875
g037_weak_distractor,37,6,1,weak_distractor,competition,1,Green,Yellow,6724,21730,"You are given a small relation graph.
Fact 1: Sola is assigned to Taro.
Fact 2: Taro maps to Green.
Weak note: some unrelated source mentions Yellow, but does not update the graph.
Question: Which label is associated with Sola: Green or Yellow?
Answer with exactly one word:",16.211884,26.00887,33.74083,43.65573,77.33421,109.101776,15.25,12.25,clean,4.929118,8.745365,10.834919,7.3003426,11.542267,12.192276,37.416405,4.929118,3.0
g037_competition_balanced,37,6,1,competition_balanced,competition,1,Green,Yellow,6724,21730,"You are given a small relation graph.
Fact 1: Sola is assigned to Taro.
Fact 2: Taro maps to Green.
Competing fact: Sola is also associated with Yellow.
Question: Which label is associated with Sola: Green or Yellow?
Answer with exactly one word:",2.3794384,9.668312,21.46566,35.308147,69.36704,101.70525,15.3671875,13.3359375,clean,-8.903327,-7.595192,-1.4402504,-1.0472412,3.5750961,4.7957535,12.760206,1.0472412,2.03125
g037_direct_conflict,37,6,1,direct_conflict,competition,1,Green,Yellow,6724,21730,"You are given a small relation graph.
Fact 1: Sola is assigned to Taro.
Fact 2: Taro maps to Green.
Direct conflicting fact: Sola maps to Yellow.
Question: Which label is associated with Sola: Green or Yellow?
Answer with exactly one word:",1.8554373,9.265856,18.54498,31.495333,60.71949,95.977554,15.1171875,13.5703125,clean,-9.427328,-7.9976482,-4.3609314,-4.860056,-5.0724564,-0.9319458,2.5104675,0.9319458,1.546875
g037_closure_update,37,6,1,closure_update,closure,2,Green,Yellow,6724,21730,"You are given a small relation graph.
Fact 1: Sola is assigned to Taro.
Old record: Taro maps to Green.
Updated record: Taro maps to Yellow, not Green.
Question: Which label is associated with Sola: Green or Yellow?
Answer with exactly one word:",-3.7706814,-12.718227,4.7428246,18.446962,51.05213,88.684296,14.84375,13.859375,clean,-15.053447,-29.981731,-18.163086,-17.908426,-14.739815,-8.225204,-25.395666,8.225204,0.984375
g037_closure_override,37,6,1,closure_override,closure,2,Green,Yellow,6724,21730,"You are given a rule system.
General rule: items that is assigned to Taro receive label Green.
Override rule: in this case, items that is assigned to Taro receive label Yellow.
Fact: Sola is assigned to Taro.
Question: Which label applies to Sola: Green or Yellow?
Answer with exactly one word:",-21.8736,-31.87459,-31.690437,-14.287089,2.637352,41.203175,13.53125,16.0625,conflict,-33.156364,-49.138092,-54.596348,-50.64248,-63.154594,-55.706326,-112.40516,33.156364,-2.53125
g037_exception_override,37,6,1,exception_override,closure,2,Green,Yellow,6724,21730,"You are given a rule system.
General rule: items connected to Taro use label Green.
Exception: Sola is a special case and uses label Yellow.
Fact: Sola is connected to Taro.
Question: Which label applies to Sola: Green or Yellow?
Answer with exactly one word:",-21.81431,-34.05644,-30.760532,-13.915184,2.4545288,38.81318,13.078125,16.046875,conflict,-33.097076,-51.319942,-53.666443,-50.270573,-63.337418,-58.09632,-113.88841,33.097076,-2.96875
g038_clean,38,6,2,clean,stable,0,North,South,4612,4316,"You are given a small relation graph.
Fact 1: Sola is part of Taro.
Fact 2: Taro points to North.
Question: Which label is associated with Sola: North or South?
Answer with exactly one word:",12.378357,6.895582,25.217667,31.077126,27.267456,25.234413,15.984375,14.5234375,clean,0.0,0.0,0.0,0.0,0.0,0.0,14.033369,0.0,1.4609375
g038_redundant,38,6,2,redundant,stable,0,North,South,4612,4316,"You are given a small relation graph.
Fact 1: Sola is part of Taro.
Fact 2: Taro points to North.
Confirmation: Sola still goes through Taro.
Confirmation: Taro still points to North.
Question: Which label is associated with Sola: North or South?
Answer with exactly one word:",11.791449,4.3213387,26.867496,33.035313,28.885704,28.01007,15.71875,14.21875,clean,-0.58690834,-2.5742435,1.6498299,1.9581871,1.618248,2.7756577,16.742126,0.58690834,1.5
g038_irrelevant,38,6,2,irrelevant,stable,0,North,South,4612,4316,"You are given a small relation graph.
Fact 1: Sola is part of Taro.
Fact 2: Taro points to North.
Irrelevant fact: Una is associated with East.
Question: Which label is associated with Sola: North or South?
Answer with exactly one word:",17.119226,14.674749,34.061386,40.610573,38.58354,37.355194,16.25,13.90625,clean,4.7408695,7.779167,8.8437195,9.533447,11.316086,12.120781,36.964634,4.7408695,2.34375
g038_paraphrase,38,6,2,paraphrase,stable,0,North,South,4612,4316,"In this example, Sola reaches Taro.
The destination connected to Taro is North.
Based on those two links, select the label for Sola: North or South.
Answer:",6.13208,-0.45064926,11.199661,12.686068,8.919998,6.5568237,15.1640625,14.359375,clean,-6.246277,-7.3462315,-14.018005,-18.391058,-18.347458,-18.67759,-21.618528,6.246277,0.8046875
g038_weak_distractor,38,6,2,weak_distractor,competition,1,North,South,4612,4316,"You are given a small relation graph.
Fact 1: Sola is part of Taro.
Fact 2: Taro points to North.
Weak note: some unrelated source mentions South, but does not update the graph.
Question: Which label is associated with Sola: North or South?
Answer with exactly one word:",20.818846,22.214285,42.50554,46.180664,47.424965,47.257584,16.203125,12.859375,clean,8.440489,15.318703,17.287872,15.1035385,20.157509,22.02317,55.471954,8.440489,3.34375
g038_competition_balanced,38,6,2,competition_balanced,competition,1,North,South,4612,4316,"You are given a small relation graph.
Fact 1: Sola is part of Taro.
Fact 2: Taro points to North.
Competing fact: Sola is also associated with South.
Question: Which label is associated with Sola: North or South?
Answer with exactly one word:",13.834426,13.699162,28.998043,32.903477,34.76506,33.835876,16.03125,13.96875,clean,1.456069,6.8035793,3.7803764,1.8263512,7.4976044,8.601463,27.04876,1.456069,2.0625
g038_direct_conflict,38,6,2,direct_conflict,competition,1,North,South,4612,4316,"You are given a small relation graph.
Fact 1: Sola is part of Taro.
Fact 2: Taro points to North.
Direct conflicting fact: Sola points to South.
Question: Which label is associated with Sola: North or South?
Answer with exactly one word:",11.28891,9.246662,23.377625,27.566212,21.489311,19.95073,15.5703125,14.671875,clean,-1.089447,2.35108,-1.8400421,-3.5109138,-5.778145,-5.283684,6.7953706,1.089447,0.8984375
g038_closure_update,38,6,2,closure_update,closure,2,North,South,4612,4316,"You are given a small relation graph.
Fact 1: Sola is part of Taro.
Old record: Taro points to North.
Updated record: Taro points to South, not North.
Question: Which label is associated with Sola: North or South?
Answer with exactly one word:",9.280937,0.9673519,17.733322,22.245686,22.144913,18.52208,15.4375,14.71875,clean,-3.0974197,-5.9282303,-7.4843445,-8.83144,-5.1225433,-6.7123337,-1.1881227,3.0974197,0.71875
g038_closure_override,38,6,2,closure_override,closure,2,North,South,4612,4316,"You are given a rule system.
General rule: items that is part of Taro receive label North.
Override rule: in this case, items that is part of Taro receive label South.
Fact: Sola is part of Taro.
Question: Which label applies to Sola: North or South?
Answer with exactly one word:",-8.087013,-13.156036,-13.217857,-8.648132,-10.906784,-14.488205,14.2109375,16.515625,conflict,-20.46537,-20.051619,-38.435524,-39.725258,-38.17424,-39.72262,-68.24774,20.051619,-2.3046875
g038_exception_override,38,6,2,exception_override,closure,2,North,South,4612,4316,"You are given a rule system.
General rule: items connected to Taro use label North.
Exception: Sola is a special case and uses label South.
Fact: Sola is connected to Taro.
Question: Which label applies to Sola: North or South?
Answer with exactly one word:",-4.277422,-11.94598,-5.180542,-0.31235886,-0.9718628,-4.6653137,14.9140625,16.09375,conflict,-16.655779,-18.841562,-30.398209,-31.389484,-28.239319,-29.899727,-50.35263,16.655779,-1.1796875
g039_clean,39,6,3,clean,stable,0,East,West,5571,4589,"You are given a small relation graph.
Fact 1: Sola is grouped under Taro.
Fact 2: Taro has label East.
Question: Which label is associated with Sola: East or West?
Answer with exactly one word:",12.393372,4.1804695,5.0511017,5.0517464,4.9774704,-3.9318848,16.40625,15.1328125,clean,0.0,0.0,0.0,0.0,0.0,0.0,14.033369,0.0,1.2734375
g039_redundant,39,6,3,redundant,stable,0,East,West,5571,4589,"You are given a small relation graph.
Fact 1: Sola is grouped under Taro.
Fact 2: Taro has label East.
Confirmation: Sola still goes through Taro.
Confirmation: Taro still points to East.
Question: Which label is associated with Sola: East or West?
Answer with exactly one word:",12.506439,1.1022301,4.244835,3.4189758,2.8949127,-4.704872,16.40625,15.0703125,clean,0.11306763,-3.0782394,-0.8062668,-1.6327705,-2.0825577,-0.77298737,10.631048,0.11306763,1.3359375
g039_irrelevant,39,6,3,irrelevant,stable,0,East,West,5571,4589,"You are given a small relation graph.
Fact 1: Sola is grouped under Taro.
Fact 2: Taro has label East.
Irrelevant fact: Una is associated with Copper.
Question: Which label is associated with Sola: East or West?
Answer with exactly one word:",18.148903,11.893719,15.038502,14.890751,19.836876,11.261795,16.8125,14.1953125,clean,5.7555313,7.713249,9.9874,9.8390045,14.8594055,15.19368,41.12674,5.7555313,2.6171875
g039_paraphrase,39,6,3,paraphrase,stable,0,East,West,5571,4589,"In this example, Sola reaches Taro.
The destination connected to Taro is East.
Based on those two links, select the label for Sola: East or West.
Answer:",7.6332855,-1.4438858,2.5075817,-0.63119125,-3.0036087,-11.906616,15.90625,15.1875,clean,-4.760086,-5.6243553,-2.54352,-5.6829376,-7.981079,-7.9747314,-0.28522205,2.54352,0.71875
g039_weak_distractor,39,6,3,weak_distractor,competition,1,East,West,5571,4589,"You are given a small relation graph.
Fact 1: Sola is grouped under Taro.
Fact 2: Taro has label East.
Weak note: some unrelated source mentions West, but does not update the graph.
Question: Which label is associated with Sola: East or West?
Answer with exactly one word:",16.635294,12.202948,18.011734,17.30309,24.52324,16.326782,16.59375,13.4375,clean,4.2419224,8.022478,12.960632,12.251343,19.545769,20.258667,48.00949,4.2419224,3.15625
g039_competition_balanced,39,6,3,competition_balanced,competition,1,East,West,5571,4589,"You are given a small relation graph.
Fact 1: Sola is grouped under Taro.
Fact 2: Taro has label East.
Competing fact: Sola is also associated with West.
Question: Which label is associated with Sola: East or West?
Answer with exactly one word:",13.649288,9.371664,7.9402313,7.5150127,15.194916,6.710945,16.40625,14.234375,clean,1.2559166,5.1911945,2.8891296,2.4632664,10.217445,10.64283,28.775997,1.2559166,2.171875
g039_direct_conflict,39,6,3,direct_conflict,competition,1,East,West,5571,4589,"You are given a small relation graph.
Fact 1: Sola is grouped under Taro.
Fact 2: Taro has label East.
Direct conflicting fact: Sola has label West.
Question: Which label is associated with Sola: East or West?
Answer with exactly one word:",12.04163,8.90605,8.6045265,7.454548,11.148018,0.98049927,16.34375,14.671875,clean,-0.3517418,4.72558,3.5534248,2.4028015,6.1705475,4.912384,23.533957,0.3517418,1.671875
g039_closure_update,39,6,3,closure_update,closure,2,East,West,5571,4589,"You are given a small relation graph.
Fact 1: Sola is grouped under Taro.
Old record: Taro has label East.
Updated record: Taro has label West, not East.
Question: Which label is associated with Sola: East or West?
Answer with exactly one word:",11.364996,0.31302643,3.8061333,2.790123,13.232178,4.4412994,16.28125,14.09375,clean,-1.0283756,-3.867443,-1.2449684,-2.2616234,8.254707,8.373184,19.578003,1.0283756,2.1875
g039_closure_override,39,6,3,closure_override,closure,2,East,West,5571,4589,"You are given a rule system.
General rule: items that is grouped under Taro receive label East.
Override rule: in this case, items that is grouped under Taro receive label West.
Fact: Sola is grouped under Taro.
Question: Which label applies to Sola: East or West?
Answer with exactly one word:",-2.8360643,-13.720032,-20.88559,-20.877468,-26.192451,-37.11737,14.7109375,16.34375,conflict,-15.229436,-17.900501,-25.936691,-25.929214,-31.169922,-33.185486,-48.891296,15.229436,-1.6328125
g039_exception_override,39,6,3,exception_override,closure,2,East,West,5571,4589,"You are given a rule system.
General rule: items connected to Taro use label East.
Exception: Sola is a special case and uses label West.
Fact: Sola is connected to Taro.
Question: Which label applies to Sola: East or West?
Answer with exactly one word:",1.784895,-11.064556,-14.209345,-15.334343,-18.642036,-30.23388,15.3671875,16.46875,conflict,-10.608477,-15.245026,-19.260447,-20.38609,-23.619507,-26.301994,-34.702812,10.608477,-1.1015625
g040_clean,40,6,4,clean,stable,0,Copper,Silver,38315,15934,"You are given a small relation graph.
Fact 1: Sola routes through Taro.
Fact 2: Taro ends at Copper.
Question: Which label is associated with Sola: Copper or Silver?
Answer with exactly one word:",2.3273787,4.6936045,-11.7051,-17.82609,-9.969147,-46.3818,16.09375,14.171875,clean,0.0,0.0,0.0,0.0,0.0,0.0,14.033369,0.0,1.921875
g040_redundant,40,6,4,redundant,stable,0,Copper,Silver,38315,15934,"You are given a small relation graph.
Fact 1: Sola routes through Taro.
Fact 2: Taro ends at Copper.
Confirmation: Sola still goes through Taro.
Confirmation: Taro still points to Copper.
Question: Which label is associated with Sola: Copper or Silver?
Answer with exactly one word:",-4.9725494,-5.4911127,-22.797516,-27.756939,-27.205355,-56.473125,15.21875,14.3125,clean,-7.299928,-10.184717,-11.092416,-9.930849,-17.236208,-10.091324,-13.3093815,7.299928,0.90625
g040_irrelevant,40,6,4,irrelevant,stable,0,Copper,Silver,38315,15934,"You are given a small relation graph.
Fact 1: Sola routes through Taro.
Fact 2: Taro ends at Copper.
Irrelevant fact: Una is associated with Gold.
Question: Which label is associated with Sola: Copper or Silver?
Answer with exactly one word:",6.8602943,9.811948,-2.388485,-9.465853,3.18956,-39.069283,16.265625,13.59375,clean,4.5329156,5.1183434,9.316615,8.360237,13.158707,7.312519,34.256424,4.5329156,2.671875
g040_paraphrase,40,6,4,paraphrase,stable,0,Copper,Silver,38315,15934,"In this example, Sola reaches Taro.
The destination connected to Taro is Copper.
Based on those two links, select the label for Sola: Copper or Silver.
Answer:",-2.4200249,-7.7958384,-9.680513,-15.178442,-12.406057,-50.042908,15.8203125,13.984375,clean,-4.7474036,-12.489443,2.0245867,2.6476479,-2.4369106,-3.661106,7.636029,2.0245867,1.8359375
g040_weak_distractor,40,6,4,weak_distractor,competition,1,Copper,Silver,38315,15934,"You are given a small relation graph.
Fact 1: Sola routes through Taro.
Fact 2: Taro ends at Copper.
Weak note: some unrelated source mentions Silver, but does not update the graph.
Question: Which label is associated with Sola: Copper or Silver?
Answer with exactly one word:",7.205119,3.881441,4.526128,-3.667303,12.156403,-30.28526,15.671875,12.9375,clean,4.8777404,-0.81216335,16.231228,14.158787,22.12555,16.096542,46.54248,0.81216335,2.734375
g040_competition_balanced,40,6,4,competition_balanced,competition,1,Copper,Silver,38315,15934,"You are given a small relation graph.
Fact 1: Sola routes through Taro.
Fact 2: Taro ends at Copper.
Competing fact: Sola is also associated with Silver.
Question: Which label is associated with Sola: Copper or Silver?
Answer with exactly one word:",11.979332,16.558737,13.188556,2.009966,22.839983,-19.999,16.078125,12.4375,clean,9.651953,11.865132,24.893656,19.836056,32.809128,26.382801,68.23521,9.651953,3.640625
g040_direct_conflict,40,6,4,direct_conflict,competition,1,Copper,Silver,38315,15934,"You are given a small relation graph.
Fact 1: Sola routes through Taro.
Fact 2: Taro ends at Copper.
Direct conflicting fact: Sola ends at Silver.
Question: Which label is associated with Sola: Copper or Silver?
Answer with exactly one word:",3.956604,2.9622116,-2.2652025,-10.791597,-2.8397026,-44.305965,15.5,13.84375,clean,1.6292253,-1.7313929,9.439898,7.0344925,7.129444,2.0758362,25.159435,1.6292253,1.65625
g040_closure_update,40,6,4,closure_update,closure,2,Copper,Silver,38315,15934,"You are given a small relation graph.
Fact 1: Sola routes through Taro.
Old record: Taro ends at Copper.
Updated record: Taro ends at Silver, not Copper.
Question: Which label is associated with Sola: Copper or Silver?
Answer with exactly one word:",-4.087183,-18.118876,-12.767701,-19.370121,-4.5558624,-41.558163,15.46875,13.453125,clean,-6.4145617,-22.81248,-1.0626011,-1.5440311,5.4132843,4.823639,9.25774,1.0626011,2.015625
g040_closure_override,40,6,4,closure_override,closure,2,Copper,Silver,38315,15934,"You are given a rule system.
General rule: items that routes through Taro receive label Copper.
Override rule: in this case, items that routes through Taro receive label Silver.
Fact: Sola routes through Taro.
Question: Which label applies to Sola: Copper or Silver?
Answer with exactly one word:",-18.501549,-33.678104,-44.97366,-49.40216,-54.240738,-80.17334,14.828125,16.203125,conflict,-20.828928,-38.371708,-33.26856,-31.57607,-44.27159,-33.79154,-69.04114,20.828928,-1.375
g040_exception_override,40,6,4,exception_override,closure,2,Copper,Silver,38315,15934,"You are given a rule system.
General rule: items connected to Taro use label Copper.
Exception: Sola is a special case and uses label Silver.
Fact: Sola is connected to Taro.
Question: Which label applies to Sola: Copper or Silver?
Answer with exactly one word:",-15.504595,-31.127533,-40.233826,-46.19835,-46.2679,-73.31305,15.5703125,16.140625,conflict,-17.831974,-35.821136,-28.528725,-28.37226,-36.29875,-26.931248,-56.775246,17.831974,-0.5703125
g041_clean,41,6,5,clean,stable,0,Gold,Iron,6863,17186,"You are given a small relation graph.
Fact 1: Sola is linked with Taro.
Fact 2: Taro resolves to Gold.
Question: Which label is associated with Sola: Gold or Iron?
Answer with exactly one word:",21.450571,20.999865,31.46829,43.566425,49.217857,78.3589,15.5703125,13.828125,clean,0.0,0.0,0.0,0.0,0.0,0.0,14.033369,0.0,1.7421875
g041_redundant,41,6,5,redundant,stable,0,Gold,Iron,6863,17186,"You are given a small relation graph.
Fact 1: Sola is linked with Taro.
Fact 2: Taro resolves to Gold.
Confirmation: Sola still goes through Taro.
Confirmation: Taro still points to Gold.
Question: Which label is associated with Sola: Gold or Iron?
Answer with exactly one word:",19.977215,15.585588,29.034626,41.077442,43.933456,71.96239,15.234375,13.703125,clean,-1.4733562,-5.414276,-2.4336643,-2.4889832,-5.284401,-6.396515,4.006879,1.4733562,1.53125
g041_irrelevant,41,6,5,irrelevant,stable,0,Gold,Iron,6863,17186,"You are given a small relation graph.
Fact 1: Sola is linked with Taro.
Fact 2: Taro resolves to Gold.
Irrelevant fact: Una is associated with Red.
Question: Which label is associated with Sola: Gold or Iron?
Answer with exactly one word:",26.476986,40.31717,47.916122,59.309395,70.8784,96.03531,15.9375,12.734375,clean,5.026415,19.317305,16.447832,15.7429695,21.660545,17.676407,54.442993,5.026415,3.203125
g041_paraphrase,41,6,5,paraphrase,stable,0,Gold,Iron,6863,17186,"In this example, Sola reaches Taro.
The destination connected to Taro is Gold.
Based on those two links, select the label for Sola: Gold or Iron.
Answer:",23.43763,29.24427,41.243225,55.22046,70.886444,100.44954,16.421875,12.984375,clean,1.9870586,8.244406,9.774935,11.654034,21.668587,22.090637,48.026466,1.9870586,3.4375
g041_weak_distractor,41,6,5,weak_distractor,competition,1,Gold,Iron,6863,17186,"You are given a small relation graph.
Fact 1: Sola is linked with Taro.
Fact 2: Taro resolves to Gold.
Weak note: some unrelated source mentions Iron, but does not update the graph.
Question: Which label is associated with Sola: Gold or Iron?
Answer with exactly one word:",31.033405,41.621178,54.274696,63.15939,71.9873,100.46883,15.671875,12.75,clean,9.582834,20.621313,22.806406,19.592964,22.76944,22.109924,62.8713,9.582834,2.921875
g041_competition_balanced,41,6,5,competition_balanced,competition,1,Gold,Iron,6863,17186,"You are given a small relation graph.
Fact 1: Sola is linked with Taro.
Fact 2: Taro resolves to Gold.
Competing fact: Sola is also associated with Iron.
Question: Which label is associated with Sola: Gold or Iron?
Answer with exactly one word:",15.571192,26.156513,33.757465,45.95478,51.316914,82.710205,15.65625,13.953125,clean,-5.8793793,5.1566486,2.289175,2.3883553,2.0990562,4.351303,19.537695,2.0990562,1.703125
g041_direct_conflict,41,6,5,direct_conflict,competition,1,Gold,Iron,6863,17186,"You are given a small relation graph.
Fact 1: Sola is linked with Taro.
Fact 2: Taro resolves to Gold.
Direct conflicting fact: Sola resolves to Iron.
Question: Which label is associated with Sola: Gold or Iron?
Answer with exactly one word:",13.055209,22.86369,33.535004,44.473026,40.98986,73.369125,15.53125,14.046875,clean,-8.395362,1.8638248,2.0667133,0.90660095,-8.227997,-4.9897766,7.2210073,0.90660095,1.484375
g041_closure_update,41,6,5,closure_update,closure,2,Gold,Iron,6863,17186,"You are given a small relation graph.
Fact 1: Sola is linked with Taro.
Old record: Taro resolves to Gold.
Updated record: Taro resolves to Iron, not Gold.
Question: Which label is associated with Sola: Gold or Iron?
Answer with exactly one word:",13.9594,8.632578,25.42563,38.655193,53.33451,86.76151,15.90625,13.765625,clean,-7.491171,-12.367287,-6.0426598,-4.911232,4.1166534,8.402611,10.222788,4.1166534,2.140625
g041_closure_override,41,6,5,closure_override,closure,2,Gold,Iron,6863,17186,"You are given a rule system.
General rule: items that is linked with Taro receive label Gold.
Override rule: in this case, items that is linked with Taro receive label Iron.
Fact: Sola is linked with Taro.
Question: Which label applies to Sola: Gold or Iron?
Answer with exactly one word:",0.03666687,0.5670347,4.1720266,18.423248,11.770588,51.95876,15.171875,15.96875,conflict,-21.413904,-20.43283,-27.296265,-25.143177,-37.44727,-26.400143,-51.095306,20.43283,-0.796875
g041_exception_override,41,6,5,exception_override,closure,2,Gold,Iron,6863,17186,"You are given a rule system.
General rule: items connected to Taro use label Gold.
Exception: Sola is a special case and uses label Iron.
Fact: Sola is connected to Taro.
Question: Which label applies to Sola: Gold or Iron?
Answer with exactly one word:",-0.2759118,-2.13558,3.1512413,17.71358,9.885162,47.834633,15.03125,16.34375,conflict,-21.726482,-23.135445,-28.317049,-25.852846,-39.332695,-30.52427,-55.809036,21.726482,-1.3125
g042_clean,42,7,0,clean,stable,0,Red,Blue,4075,7640,"You are given a small relation graph.
Fact 1: Vera belongs to Wen.
Fact 2: Wen is located at Red.
Question: Which label is associated with Vera: Red or Blue?
Answer with exactly one word:",1.636251,-0.5533047,16.723349,22.857327,25.997711,73.35484,15.9375,13.3984375,clean,0.0,0.0,0.0,0.0,0.0,0.0,14.033369,0.0,2.5390625
g042_redundant,42,7,0,redundant,stable,0,Red,Blue,4075,7640,"You are given a small relation graph.
Fact 1: Vera belongs to Wen.
Fact 2: Wen is located at Red.
Confirmation: Vera still goes through Wen.
Confirmation: Wen still points to Red.
Question: Which label is associated with Vera: Red or Blue?
Answer with exactly one word:",0.6025882,-4.091446,13.462999,18.89736,23.918716,68.127304,15.6015625,13.1875,clean,-1.0336628,-3.5381413,-3.2603493,-3.9599667,-2.0789948,-5.227539,6.0189066,1.0336628,2.4140625
g042_irrelevant,42,7,0,irrelevant,stable,0,Red,Blue,4075,7640,"You are given a small relation graph.
Fact 1: Vera belongs to Wen.
Fact 2: Wen is located at Red.
Irrelevant fact: Xio is associated with Green.
Question: Which label is associated with Vera: Red or Blue?
Answer with exactly one word:",2.5296311,2.9346237,24.650955,29.278189,35.903934,80.48259,15.8046875,12.7578125,clean,0.89338017,3.4879284,7.9276066,6.420862,9.906223,7.1277466,29.816154,0.89338017,3.046875
g042_paraphrase,42,7,0,paraphrase,stable,0,Red,Blue,4075,7640,"In this example, Vera reaches Wen.
The destination connected to Wen is Red.
Based on those two links, select the label for Vera: Red or Blue.
Answer:",5.0163307,-5.4389133,11.18943,16.27011,15.553268,60.25213,15.8359375,14.1171875,clean,3.3800797,-4.8856087,-5.5339184,-6.5872173,-10.444443,-13.102715,-3.629551,3.3800797,1.71875
g042_weak_distractor,42,7,0,weak_distractor,competition,1,Red,Blue,4075,7640,"You are given a small relation graph.
Fact 1: Vera belongs to Wen.
Fact 2: Wen is located at Red.
Weak note: some unrelated source mentions Blue, but does not update the graph.
Question: Which label is associated with Vera: Red or Blue?
Answer with exactly one word:",3.485715,-0.11815071,21.864841,26.685768,28.56092,76.79668,15.703125,13.4296875,clean,1.8494639,0.43515396,5.141493,3.8284416,2.5632095,3.4418335,21.276196,0.43515396,2.2734375
g042_competition_balanced,42,7,0,competition_balanced,competition,1,Red,Blue,4075,7640,"You are given a small relation graph.
Fact 1: Vera belongs to Wen.
Fact 2: Wen is located at Red.
Competing fact: Vera is also associated with Blue.
Question: Which label is associated with Vera: Red or Blue?
Answer with exactly one word:",2.7352762,-4.5745564,18.567673,23.880247,23.341976,71.656235,15.53125,13.5546875,clean,1.0990252,-4.0212517,1.8443241,1.0229206,-2.655735,-1.6986084,11.922769,1.0229206,1.9765625
g042_direct_conflict,42,7,0,direct_conflict,competition,1,Red,Blue,4075,7640,"You are given a small relation graph.
Fact 1: Vera belongs to Wen.
Fact 2: Wen is located at Red.
Direct conflicting fact: Vera is located at Blue.
Question: Which label is associated with Vera: Red or Blue?
Answer with exactly one word:",2.898614,-7.0069065,15.114964,20.660967,15.594116,61.903954,15.40625,14.03125,clean,1.262363,-6.453602,-1.6083851,-2.1963596,-10.403595,-11.45089,-0.41919327,1.262363,1.375
g042_closure_update,42,7,0,closure_update,closure,2,Red,Blue,4075,7640,"You are given a small relation graph.
Fact 1: Vera belongs to Wen.
Old record: Wen is located at Red.
Updated record: Wen is located at Blue, not Red.
Question: Which label is associated with Vera: Red or Blue?
Answer with exactly one word:",-5.4647202,-16.25906,4.536106,10.601885,12.402843,54.172997,15.0703125,13.90625,clean,-7.100971,-15.705755,-12.1872425,-12.255442,-13.594868,-19.181847,-19.23578,7.100971,1.1640625
g042_closure_override,42,7,0,closure_override,closure,2,Red,Blue,4075,7640,"You are given a rule system.
General rule: items that belongs to Wen receive label Red.
Override rule: in this case, items that belongs to Wen receive label Blue.
Fact: Vera belongs to Wen.
Question: Which label applies to Vera: Red or Blue?
Answer with exactly one word:",-27.786629,-39.61848,-29.098618,-20.46648,-31.37149,-0.63768005,13.9296875,16.296875,conflict,-29.42288,-39.065178,-45.821968,-43.323807,-57.3692,-73.99252,-108.17538,29.42288,-2.3671875
g042_exception_override,42,7,0,exception_override,closure,2,Red,Blue,4075,7640,"You are given a rule system.
General rule: items connected to Wen use label Red.
Exception: Vera is a special case and uses label Blue.
Fact: Vera is connected to Wen.
Question: Which label applies to Vera: Red or Blue?
Answer with exactly one word:",-23.774899,-39.795452,-26.341194,-18.790594,-25.772732,-0.38108063,13.421875,15.875,conflict,-25.41115,-39.24215,-43.064545,-41.64792,-51.770443,-73.73592,-102.55827,25.41115,-2.453125
g043_clean,43,7,1,clean,stable,0,Green,Yellow,6724,21730,"You are given a small relation graph.
Fact 1: Vera is assigned to Wen.
Fact 2: Wen maps to Green.
Question: Which label is associated with Vera: Green or Yellow?
Answer with exactly one word:",10.424603,13.950993,27.11686,42.507217,72.09947,103.19597,16.25,13.6796875,clean,0.0,0.0,0.0,0.0,0.0,0.0,14.033369,0.0,2.5703125
g043_redundant,43,7,1,redundant,stable,0,Green,Yellow,6724,21730,"You are given a small relation graph.
Fact 1: Vera is assigned to Wen.
Fact 2: Wen maps to Green.
Confirmation: Vera still goes through Wen.
Confirmation: Wen still points to Green.
Question: Which label is associated with Vera: Green or Yellow?
Answer with exactly one word:",5.789303,7.8864555,22.521742,36.83227,65.25642,96.986885,15.7734375,13.3671875,clean,-4.6353006,-6.064537,-4.5951176,-5.674946,-6.8430557,-6.2090836,0.23413754,4.5951176,2.40625
g043_irrelevant,43,7,1,irrelevant,stable,0,Green,Yellow,6724,21730,"You are given a small relation graph.
Fact 1: Vera is assigned to Wen.
Fact 2: Wen maps to Green.
Irrelevant fact: Xio is associated with North.
Question: Which label is associated with Vera: Green or Yellow?
Answer with exactly one word:",11.340168,17.568533,34.34675,47.651043,78.01335,108.795,15.953125,13.0625,clean,0.91556454,3.6175404,7.229889,5.1438255,5.9138794,5.5990295,26.275528,0.91556454,2.890625
g043_paraphrase,43,7,1,paraphrase,stable,0,Green,Yellow,6724,21730,"In this example, Vera reaches Wen.
The destination connected to Wen is Green.
Based on those two links, select the label for Vera: Green or Yellow.
Answer:",2.217435,0.12044716,17.164087,35.166275,58.17486,96.05023,15.984375,14.234375,clean,-8.207169,-13.830545,-9.952772,-7.3409424,-13.924614,-7.1457367,-10.043501,7.1457367,1.75
g043_weak_distractor,43,7,1,weak_distractor,competition,1,Green,Yellow,6724,21730,"You are given a small relation graph.
Fact 1: Vera is assigned to Wen.
Fact 2: Wen maps to Green.
Weak note: some unrelated source mentions Yellow, but does not update the graph.
Question: Which label is associated with Vera: Green or Yellow?
Answer with exactly one word:",12.464295,19.917362,37.79939,50.534348,80.40361,113.06279,15.765625,12.453125,clean,2.039692,5.9663696,10.682529,8.02713,8.304138,9.866821,33.24479,2.039692,3.3125
g043_competition_balanced,43,7,1,competition_balanced,competition,1,Green,Yellow,6724,21730,"You are given a small relation graph.
Fact 1: Vera is assigned to Wen.
Fact 2: Wen maps to Green.
Competing fact: Vera is also associated with Yellow.
Question: Which label is associated with Vera: Green or Yellow?
Answer with exactly one word:",3.4768305,6.210041,24.09525,39.563744,71.85185,104.57738,15.6015625,13.2109375,clean,-6.947773,-7.7409515,-3.0216103,-2.9434738,-0.24761963,1.3814087,8.08786,0.24761963,2.390625
g043_direct_conflict,43,7,1,direct_conflict,competition,1,Green,Yellow,6724,21730,"You are given a small relation graph.
Fact 1: Vera is assigned to Wen.
Fact 2: Wen maps to Green.
Direct conflicting fact: Vera maps to Yellow.
Question: Which label is associated with Vera: Green or Yellow?
Answer with exactly one word:",4.393649,9.409306,25.6676,39.652794,68.85888,103.81812,15.3671875,13.296875,clean,-6.0309544,-4.541687,-1.4492588,-2.8544235,-3.240593,0.62215424,8.126468,0.62215424,2.0703125
g043_closure_update,43,7,1,closure_update,closure,2,Green,Yellow,6724,21730,"You are given a small relation graph.
Fact 1: Vera is assigned to Wen.
Old record: Wen maps to Green.
Updated record: Wen maps to Yellow, not Green.
Question: Which label is associated with Vera: Green or Yellow?
Answer with exactly one word:",-1.0184155,-6.906393,13.111779,27.74774,60.479164,95.76128,15.1484375,13.6484375,clean,-11.443019,-20.857386,-14.00508,-14.759478,-11.620308,-7.4346924,-16.652985,7.4346924,1.5
g043_closure_override,43,7,1,closure_override,closure,2,Green,Yellow,6724,21730,"You are given a rule system.
General rule: items that is assigned to Wen receive label Green.
Override rule: in this case, items that is assigned to Wen receive label Yellow.
Fact: Vera is assigned to Wen.
Question: Which label applies to Vera: Green or Yellow?
Answer with exactly one word:",-23.143208,-32.125015,-29.271105,-11.942982,8.690786,46.296383,13.7109375,15.6328125,conflict,-33.56781,-46.076008,-56.387962,-54.4502,-63.408684,-56.899586,-114.4716,33.56781,-1.921875
g043_exception_override,43,7,1,exception_override,closure,2,Green,Yellow,6724,21730,"You are given a rule system.
General rule: items connected to Wen use label Green.
Exception: Vera is a special case and uses label Yellow.
Fact: Vera is connected to Wen.
Question: Which label applies to Vera: Green or Yellow?
Answer with exactly one word:",-23.680199,-36.909443,-33.85493,-16.062202,-1.0614891,34.082638,12.4375,15.6015625,conflict,-34.1048,-50.860435,-60.97179,-58.56942,-73.160965,-69.11333,-130.833,34.1048,-3.1640625
g044_clean,44,7,2,clean,stable,0,North,South,4612,4316,"You are given a small relation graph.
Fact 1: Vera is part of Wen.
Fact 2: Wen points to North.
Question: Which label is associated with Vera: North or South?
Answer with exactly one word:",10.599779,3.9558773,18.780224,24.412312,16.938324,16.847397,15.5390625,14.625,clean,0.0,0.0,0.0,0.0,0.0,0.0,14.033369,0.0,0.9140625
g044_redundant,44,7,2,redundant,stable,0,North,South,4612,4316,"You are given a small relation graph.
Fact 1: Vera is part of Wen.
Fact 2: Wen points to North.
Confirmation: Vera still goes through Wen.
Confirmation: Wen still points to North.
Question: Which label is associated with Vera: North or South?
Answer with exactly one word:",11.856497,4.272087,22.072578,27.513512,22.967659,25.825218,15.640625,14.046875,clean,1.2567177,0.3162098,3.2923546,3.1012,6.029335,8.977821,24.632187,0.3162098,1.59375
g044_irrelevant,44,7,2,irrelevant,stable,0,North,South,4612,4316,"You are given a small relation graph.
Fact 1: Vera is part of Wen.
Fact 2: Wen points to North.
Irrelevant fact: Xio is associated with East.
Question: Which label is associated with Vera: North or South?
Answer with exactly one word:",16.360397,11.567923,31.437344,38.78527,33.496323,33.163254,15.953125,13.6953125,clean,5.760618,7.6120453,12.65712,14.372959,16.557999,16.315857,45.40948,5.760618,2.2578125
g044_paraphrase,44,7,2,paraphrase,stable,0,North,South,4612,4316,"In this example, Vera reaches Wen.
The destination connected to Wen is North.
Based on those two links, select the label for Vera: North or South.
Answer:",7.005658,0.27678108,9.826954,11.444477,8.270309,6.364929,15.1875,14.234375,clean,-3.594121,-3.6790962,-8.95327,-12.967834,-8.668015,-10.482468,-6.51556,3.594121,0.953125
g044_weak_distractor,44,7,2,weak_distractor,competition,1,North,South,4612,4316,"You are given a small relation graph.
Fact 1: Vera is part of Wen.
Fact 2: Wen points to North.
Weak note: some unrelated source mentions South, but does not update the graph.
Question: Which label is associated with Vera: North or South?
Answer with exactly one word:",18.83975,18.163769,34.42188,38.53739,35.408897,36.457253,15.953125,13.3359375,clean,8.239971,14.207891,15.641655,14.12508,18.470573,19.609856,51.914917,8.239971,2.6171875
g044_competition_balanced,44,7,2,competition_balanced,competition,1,North,South,4612,4316,"You are given a small relation graph.
Fact 1: Vera is part of Wen.
Fact 2: Wen points to North.
Competing fact: Vera is also associated with South.
Question: Which label is associated with Vera: North or South?
Answer with exactly one word:",8.955439,7.767845,22.919153,26.888987,25.660263,26.753365,15.71875,14.2109375,clean,-1.6443405,3.8119678,4.1389294,2.476675,8.721939,9.905968,27.048523,1.6443405,1.5078125
g044_direct_conflict,44,7,2,direct_conflict,competition,1,North,South,4612,4316,"You are given a small relation graph.
Fact 1: Vera is part of Wen.
Fact 2: Wen points to North.
Direct conflicting fact: Vera points to South.
Question: Which label is associated with Vera: North or South?
Answer with exactly one word:",10.065729,7.6182632,21.5458,25.432213,17.04493,17.422104,15.3203125,14.65625,clean,-0.53405,3.662386,2.7655754,1.0199013,0.10660553,0.57470703,16.996387,0.10660553,0.6640625
g044_closure_update,44,7,2,closure_update,closure,2,North,South,4612,4316,"You are given a small relation graph.
Fact 1: Vera is part of Wen.
Old record: Wen points to North.
Updated record: Wen points to South, not North.
Question: Which label is associated with Vera: North or South?
Answer with exactly one word:",6.247616,-0.8162708,12.785164,17.215637,16.985939,16.339722,15.25,14.6484375,clean,-4.3521633,-4.772148,-5.99506,-7.1966743,0.04761505,-0.5076752,5.940136,0.04761505,0.6015625
g044_closure_override,44,7,2,closure_override,closure,2,North,South,4612,4316,"You are given a rule system.
General rule: items that is part of Wen receive label North.
Override rule: in this case, items that is part of Wen receive label South.
Fact: Vera is part of Wen.
Question: Which label applies to Vera: North or South?
Answer with exactly one word:",-8.934784,-14.989716,-13.137772,-8.299271,-11.084976,-12.76506,14.0,16.375,conflict,-19.534563,-18.945593,-31.917995,-32.711582,-28.0233,-29.612457,-51.93647,18.945593,-2.375
g044_exception_override,44,7,2,exception_override,closure,2,North,South,4612,4316,"You are given a rule system.
General rule: items connected to Wen use label North.
Exception: Vera is a special case and uses label South.
Fact: Vera is connected to Wen.
Question: Which label applies to Vera: North or South?
Answer with exactly one word:",-5.6222496,-15.3302,-8.491081,-4.002552,-7.5784683,-10.091309,13.96875,15.984375,conflict,-16.222029,-19.286077,-27.271305,-28.414864,-24.516792,-26.938705,-44.547127,16.222029,-2.015625
g045_clean,45,7,3,clean,stable,0,East,West,5571,4589,"You are given a small relation graph.
Fact 1: Vera is grouped under Wen.
Fact 2: Wen has label East.
Question: Which label is associated with Vera: East or West?
Answer with exactly one word:",13.352332,4.207943,9.229885,9.880131,14.756477,5.6113815,16.53125,14.3984375,clean,0.0,0.0,0.0,0.0,0.0,0.0,14.033369,0.0,2.1328125
g045_redundant,45,7,3,redundant,stable,0,East,West,5571,4589,"You are given a small relation graph.
Fact 1: Vera is grouped under Wen.
Fact 2: Wen has label East.
Confirmation: Vera still goes through Wen.
Confirmation: Wen still points to East.
Question: Which label is associated with Vera: East or West?
Answer with exactly one word:",13.207352,-0.32222366,6.139591,5.9679565,10.532219,3.222763,16.28125,14.171875,clean,-0.14498043,-4.5301666,-3.090294,-3.9121742,-4.2242584,-2.3886185,6.352263,0.14498043,2.109375
g045_irrelevant,45,7,3,irrelevant,stable,0,East,West,5571,4589,"You are given a small relation graph.
Fact 1: Vera is grouped under Wen.
Fact 2: Wen has label East.
Irrelevant fact: Xio is associated with Copper.
Question: Which label is associated with Vera: East or West?
Answer with exactly one word:",17.61938,9.587788,15.706276,16.39426,24.505669,15.2307205,16.953125,14.0078125,clean,4.267049,5.3798447,6.476391,6.5141296,9.749191,9.619339,31.839474,4.267049,2.9453125
g045_paraphrase,45,7,3,paraphrase,stable,0,East,West,5571,4589,"In this example, Vera reaches Wen.
The destination connected to Wen is East.
Based on those two links, select the label for Vera: East or West.
Answer:",6.888042,-2.372343,0.6209583,-1.9532089,-0.16454315,-10.928192,15.6015625,14.65625,clean,-6.46429,-6.580286,-8.608927,-11.83334,-14.9210205,-16.539574,-13.786867,6.46429,0.9453125
g045_weak_distractor,45,7,3,weak_distractor,competition,1,East,West,5571,4589,"You are given a small relation graph.
Fact 1: Vera is grouped under Wen.
Fact 2: Wen has label East.
Weak note: some unrelated source mentions West, but does not update the graph.
Question: Which label is associated with Vera: East or West?
Answer with exactly one word:",18.29694,12.740791,18.76501,18.16454,28.743034,19.541367,16.75,13.328125,clean,4.9446077,8.532848,9.535126,8.284409,13.986557,13.929985,39.324753,4.9446077,3.421875
g045_competition_balanced,45,7,3,competition_balanced,competition,1,East,West,5571,4589,"You are given a small relation graph.
Fact 1: Vera is grouped under Wen.
Fact 2: Wen has label East.
Competing fact: Vera is also associated with West.
Question: Which label is associated with Vera: East or West?
Answer with exactly one word:",14.516125,8.042316,8.949371,8.714561,19.33796,10.640854,16.453125,13.8515625,clean,1.1637926,3.8343735,-0.28051376,-1.1655693,4.581482,5.0294724,19.863424,0.28051376,2.6015625
g045_direct_conflict,45,7,3,direct_conflict,competition,1,East,West,5571,4589,"You are given a small relation graph.
Fact 1: Vera is grouped under Wen.
Fact 2: Wen has label East.
Direct conflicting fact: Vera has label West.
Question: Which label is associated with Vera: East or West?
Answer with exactly one word:",13.722256,9.554914,11.721088,10.877434,18.23909,8.779144,16.421875,14.0,clean,0.3699236,5.3469715,2.4912033,0.997303,3.4826126,3.1677628,20.662748,0.3699236,2.421875
g045_closure_update,45,7,3,closure_update,closure,2,East,West,5571,4589,"You are given a small relation graph.
Fact 1: Vera is grouped under Wen.
Old record: Wen has label East.
Updated record: Wen has label West, not East.
Question: Which label is associated with Vera: East or West?
Answer with exactly one word:",11.598147,1.2355785,6.427019,5.859146,21.885788,13.338928,16.109375,13.15625,clean,-1.7541847,-2.9723644,-2.802866,-4.0209846,7.1293106,7.7275467,17.472143,1.7541847,2.953125
g045_closure_override,45,7,3,closure_override,closure,2,East,West,5571,4589,"You are given a rule system.
General rule: items that is grouped under Wen receive label East.
Override rule: in this case, items that is grouped under Wen receive label West.
Fact: Vera is grouped under Wen.
Question: Which label applies to Vera: East or West?
Answer with exactly one word:",-1.8620758,-11.565708,-15.442736,-15.760887,-15.289368,-25.775131,15.03125,15.71875,conflict,-15.214408,-15.773651,-24.67262,-25.641018,-30.045845,-31.386513,-46.0716,15.214408,-0.6875
g045_exception_override,45,7,3,exception_override,closure,2,East,West,5571,4589,"You are given a rule system.
General rule: items connected to Wen use label East.
Exception: Vera is a special case and uses label West.
Fact: Vera is connected to Wen.
Question: Which label applies to Vera: East or West?
Answer with exactly one word:",4.371607,-7.7331142,-9.010948,-9.609131,-8.8190155,-19.590164,15.25,15.3515625,conflict,-8.980725,-11.941057,-18.240833,-19.489262,-23.575493,-25.201546,-31.892546,8.980725,-0.1015625
g046_clean,46,7,4,clean,stable,0,Copper,Silver,38315,15934,"You are given a small relation graph.
Fact 1: Vera routes through Wen.
Fact 2: Wen ends at Copper.
Question: Which label is associated with Vera: Copper or Silver?
Answer with exactly one word:",1.3049755,0.26242256,-8.298362,-14.866192,-13.808783,-47.073853,16.5625,14.46875,clean,0.0,0.0,0.0,0.0,0.0,0.0,14.033369,0.0,2.09375
g046_redundant,46,7,4,redundant,stable,0,Copper,Silver,38315,15934,"You are given a small relation graph.
Fact 1: Vera routes through Wen.
Fact 2: Wen ends at Copper.
Confirmation: Vera still goes through Wen.
Confirmation: Wen still points to Copper.
Question: Which label is associated with Vera: Copper or Silver?
Answer with exactly one word:",-2.141363,-3.5236368,-16.685116,-22.093987,-25.65171,-54.805862,15.6171875,14.2734375,clean,-3.4463384,-3.7860594,-8.386754,-7.2277946,-11.842928,-7.73201,-4.22575,3.4463384,1.34375
g046_irrelevant,46,7,4,irrelevant,stable,0,Copper,Silver,38315,15934,"You are given a small relation graph.
Fact 1: Vera routes through Wen.
Fact 2: Wen ends at Copper.
Irrelevant fact: Xio is associated with Gold.
Question: Which label is associated with Vera: Copper or Silver?
Answer with exactly one word:",6.9305725,5.1491623,3.5526628,-4.4288893,2.1256218,-38.39574,16.734375,13.96875,clean,5.625597,4.8867397,11.851025,10.437303,15.934404,8.678112,38.392227,4.8867397,2.765625
g046_paraphrase,46,7,4,paraphrase,stable,0,Copper,Silver,38315,15934,"In this example, Vera reaches Wen.
The destination connected to Wen is Copper.
Based on those two links, select the label for Vera: Copper or Silver.
Answer:",-2.957004,-6.4672227,-9.400728,-14.631268,-14.83786,-50.390213,16.671875,14.65625,clean,-4.2619796,-6.7296453,-1.1023664,0.23492432,-1.0290775,-3.3163605,8.281126,0.23492432,2.015625
g046_weak_distractor,46,7,4,weak_distractor,competition,1,Copper,Silver,38315,15934,"You are given a small relation graph.
Fact 1: Vera routes through Wen.
Fact 2: Wen ends at Copper.
Weak note: some unrelated source mentions Silver, but does not update the graph.
Question: Which label is associated with Vera: Copper or Silver?
Answer with exactly one word:",8.223036,4.430828,9.763928,0.73019505,10.342957,-29.950802,16.125,13.296875,clean,6.9180603,4.1684055,18.06229,15.596387,24.15174,17.12305,51.50659,4.1684055,2.828125
g046_competition_balanced,46,7,4,competition_balanced,competition,1,Copper,Silver,38315,15934,"You are given a small relation graph.
Fact 1: Vera routes through Wen.
Fact 2: Wen ends at Copper.
Competing fact: Vera is also associated with Silver.
Question: Which label is associated with Vera: Copper or Silver?
Answer with exactly one word:",12.41987,13.317849,14.8544,3.85847,22.475912,-21.079727,16.25,12.6796875,clean,11.114895,13.055427,23.152761,18.724663,36.284695,25.994125,69.363464,11.114895,3.5703125
g046_direct_conflict,46,7,4,direct_conflict,competition,1,Copper,Silver,38315,15934,"You are given a small relation graph.
Fact 1: Vera routes through Wen.
Fact 2: Wen ends at Copper.
Direct conflicting fact: Vera ends at Silver.
Question: Which label is associated with Vera: Copper or Silver?
Answer with exactly one word:",6.1523156,4.1615076,5.288022,-3.9328318,3.4378815,-38.495457,16.0,13.84375,clean,4.84734,3.899085,13.586384,10.93336,17.246664,8.578396,39.41327,3.899085,2.15625
g046_closure_update,46,7,4,closure_update,closure,2,Copper,Silver,38315,15934,"You are given a small relation graph.
Fact 1: Vera routes through Wen.
Old record: Wen ends at Copper.
Updated record: Wen ends at Silver, not Copper.
Question: Which label is associated with Vera: Copper or Silver?
Answer with exactly one word:",-1.5027564,-12.842611,-9.5003195,-16.162046,-2.3206978,-39.11719,15.875,13.4296875,clean,-2.8077319,-13.105034,-1.2019577,-1.2958546,11.488085,7.956661,17.968721,1.2019577,2.4453125
g046_closure_override,46,7,4,closure_override,closure,2,Copper,Silver,38315,15934,"You are given a rule system.
General rule: items that routes through Wen receive label Copper.
Override rule: in this case, items that routes through Wen receive label Silver.
Fact: Vera routes through Wen.
Question: Which label applies to Vera: Copper or Silver?
Answer with exactly one word:",-18.207676,-31.811438,-41.716286,-46.53864,-50.214653,-75.012825,15.40625,16.203125,conflict,-19.512651,-32.07386,-33.417923,-31.672447,-36.40587,-27.938972,-59.81581,19.512651,-0.796875
g046_exception_override,46,7,4,exception_override,closure,2,Copper,Silver,38315,15934,"You are given a rule system.
General rule: items connected to Wen use label Copper.
Exception: Vera is a special case and uses label Silver.
Fact: Vera is connected to Wen.
Question: Which label applies to Vera: Copper or Silver?
Answer with exactly one word:",-15.203089,-31.01829,-40.738907,-46.30653,-51.326588,-77.97623,15.1875,16.109375,conflict,-16.508064,-31.280712,-32.440544,-31.440338,-37.517807,-30.902374,-60.449226,16.508064,-0.921875
g047_clean,47,7,5,clean,stable,0,Gold,Iron,6863,17186,"You are given a small relation graph.
Fact 1: Vera is linked with Wen.
Fact 2: Wen resolves to Gold.
Question: Which label is associated with Vera: Gold or Iron?
Answer with exactly one word:",20.048435,17.670502,24.845552,36.55937,39.007835,75.228485,16.0625,14.59375,clean,0.0,0.0,0.0,0.0,0.0,0.0,14.033369,0.0,1.46875
g047_redundant,47,7,5,redundant,stable,0,Gold,Iron,6863,17186,"You are given a small relation graph.
Fact 1: Vera is linked with Wen.
Fact 2: Wen resolves to Gold.
Confirmation: Vera still goes through Wen.
Confirmation: Wen still points to Gold.
Question: Which label is associated with Vera: Gold or Iron?
Answer with exactly one word:",19.004927,13.921007,23.963959,35.120323,38.49443,73.93967,15.640625,14.2578125,clean,-1.0435085,-3.7494946,-0.8815937,-1.439045,-0.51340485,-1.2888184,10.721422,0.51340485,1.3828125
g047_irrelevant,47,7,5,irrelevant,stable,0,Gold,Iron,6863,17186,"You are given a small relation graph.
Fact 1: Vera is linked with Wen.
Fact 2: Wen resolves to Gold.
Irrelevant fact: Xio is associated with Red.
Question: Which label is associated with Vera: Gold or Iron?
Answer with exactly one word:",28.12778,38.642803,42.85368,52.970833,59.03588,93.38919,16.28125,13.5625,clean,8.079346,20.972301,18.008127,16.411465,20.028046,18.160706,56.011543,8.079346,2.71875
g047_paraphrase,47,7,5,paraphrase,stable,0,Gold,Iron,6863,17186,"In this example, Vera reaches Wen.
The destination connected to Wen is Gold.
Based on those two links, select the label for Vera: Gold or Iron.
Answer:",21.23765,25.627308,34.457825,48.39032,60.295273,93.805176,16.78125,14.1484375,clean,1.1892147,7.956806,9.612272,11.830952,21.287437,18.57669,45.765358,1.1892147,2.6328125
g047_weak_distractor,47,7,5,weak_distractor,competition,1,Gold,Iron,6863,17186,"You are given a small relation graph.
Fact 1: Vera is linked with Wen.
Fact 2: Wen resolves to Gold.
Weak note: some unrelated source mentions Iron, but does not update the graph.
Question: Which label is associated with Vera: Gold or Iron?
Answer with exactly one word:",27.633287,32.492516,45.990505,55.43005,59.020744,94.899,16.0625,13.6875,clean,7.584852,14.822014,21.144953,18.870682,20.012909,19.670517,56.90986,7.584852,2.375
g047_competition_balanced,47,7,5,competition_balanced,competition,1,Gold,Iron,6863,17186,"You are given a small relation graph.
Fact 1: Vera is linked with Wen.
Fact 2: Wen resolves to Gold.
Competing fact: Vera is also associated with Iron.
Question: Which label is associated with Vera: Gold or Iron?
Answer with exactly one word:",18.040527,25.345562,30.947975,42.579826,48.081497,83.476776,15.8671875,14.25,clean,-2.0079079,7.6750603,6.1024227,6.020458,9.073662,8.248291,29.762627,2.0079079,1.6171875
g047_direct_conflict,47,7,5,direct_conflict,competition,1,Gold,Iron,6863,17186,"You are given a small relation graph.
Fact 1: Vera is linked with Wen.
Fact 2: Wen resolves to Gold.
Direct conflicting fact: Vera resolves to Iron.
Question: Which label is associated with Vera: Gold or Iron?
Answer with exactly one word:",16.857414,24.414593,34.324688,44.099197,45.968925,82.190994,15.7890625,13.953125,clean,-3.191021,6.744091,9.4791355,7.5398293,6.96109,6.962509,29.451542,3.191021,1.8359375
g047_closure_update,47,7,5,closure_update,closure,2,Gold,Iron,6863,17186,"You are given a small relation graph.
Fact 1: Vera is linked with Wen.
Old record: Wen resolves to Gold.
Updated record: Wen resolves to Iron, not Gold.
Question: Which label is associated with Vera: Gold or Iron?
Answer with exactly one word:",13.762996,9.662127,20.429785,32.522434,39.987152,78.375046,15.8203125,14.6484375,clean,-6.2854395,-8.008375,-4.4157677,-4.036934,0.9793167,3.1465607,8.66913,0.9793167,1.171875
g047_closure_override,47,7,5,closure_override,closure,2,Gold,Iron,6863,17186,"You are given a rule system.
General rule: items that is linked with Wen receive label Gold.
Override rule: in this case, items that is linked with Wen receive label Iron.
Fact: Vera is linked with Wen.
Question: Which label applies to Vera: Gold or Iron?
Answer with exactly one word:",3.5226235,2.2535896,4.178193,17.548363,15.147974,58.527576,15.3203125,15.984375,conflict,-16.525812,-15.416912,-20.667358,-19.011005,-23.859861,-16.700909,-31.372644,15.416912,-0.6640625
g047_exception_override,47,7,5,exception_override,closure,2,Gold,Iron,6863,17186,"You are given a rule system.
General rule: items connected to Wen use label Gold.
Exception: Vera is a special case and uses label Iron.
Fact: Vera is connected to Wen.
Question: Which label applies to Vera: Gold or Iron?
Answer with exactly one word:",-1.2293777,-6.7960606,-7.8218393,6.545189,-9.627493,31.153404,13.3828125,16.34375,conflict,-21.277813,-24.466562,-32.667393,-30.01418,-48.63533,-44.07508,-71.19116,21.277813,-2.9609375
g048_clean,48,8,0,clean,stable,0,Red,Blue,4075,7640,"You are given a small relation graph.
Fact 1: Yara belongs to Zeno.
Fact 2: Zeno is located at Red.
Question: Which label is associated with Yara: Red or Blue?
Answer with exactly one word:",3.1023707,-0.63074875,17.201149,23.026005,21.680367,62.015244,15.5703125,13.46875,clean,0.0,0.0,0.0,0.0,0.0,0.0,14.033369,0.0,2.1015625
g048_redundant,48,8,0,redundant,stable,0,Red,Blue,4075,7640,"You are given a small relation graph.
Fact 1: Yara belongs to Zeno.
Fact 2: Zeno is located at Red.
Confirmation: Yara still goes through Zeno.
Confirmation: Zeno still points to Red.
Question: Which label is associated with Yara: Red or Blue?
Answer with exactly one word:",0.9554281,-5.0144596,11.69006,16.630192,15.843578,53.683056,15.1640625,13.46875,clean,-2.1469426,-4.383711,-5.5110893,-6.395813,-5.836788,-8.332188,0.11754608,2.1469426,1.6953125
g048_irrelevant,48,8,0,irrelevant,stable,0,Red,Blue,4075,7640,"You are given a small relation graph.
Fact 1: Yara belongs to Zeno.
Fact 2: Zeno is located at Red.
Irrelevant fact: Nia is associated with Green.
Question: Which label is associated with Yara: Red or Blue?
Answer with exactly one word:",4.7821913,3.8733501,26.205795,31.09873,32.707443,73.595184,15.7734375,12.9296875,clean,1.6798205,4.504099,9.004646,8.072725,11.027077,11.579941,34.26184,1.6798205,2.84375
g048_paraphrase,48,8,0,paraphrase,stable,0,Red,Blue,4075,7640,"In this example, Yara reaches Zeno.
The destination connected to Zeno is Red.
Based on those two links, select the label for Yara: Red or Blue.
Answer:",8.061334,-1.8037262,14.376051,18.527033,12.380726,53.557587,15.71875,14.484375,clean,4.958963,-1.1729774,-2.825098,-4.498972,-9.299641,-8.457657,2.8338814,1.1729774,1.234375
g048_weak_distractor,48,8,0,weak_distractor,competition,1,Red,Blue,4075,7640,"You are given a small relation graph.
Fact 1: Yara belongs to Zeno.
Fact 2: Zeno is located at Red.
Weak note: some unrelated source mentions Blue, but does not update the graph.
Question: Which label is associated with Yara: Red or Blue?
Answer with exactly one word:",5.579229,-0.6653156,20.927422,25.40208,20.77132,59.728428,15.3203125,13.828125,clean,2.4768581,-0.03456688,3.7262726,2.3760757,-0.9090462,-2.2868156,15.4321,0.03456688,1.4921875
g048_competition_balanced,48,8,0,competition_balanced,competition,1,Red,Blue,4075,7640,"You are given a small relation graph.
Fact 1: Yara belongs to Zeno.
Fact 2: Zeno is located at Red.
Competing fact: Yara is also associated with Blue.
Question: Which label is associated with Yara: Red or Blue?
Answer with exactly one word:",0.67342377,-7.098917,14.5323715,19.85313,15.167423,54.871384,15.296875,14.0234375,clean,-2.428947,-6.4681683,-2.6687775,-3.1728745,-6.5129433,-7.14386,2.074934,2.428947,1.2734375
g048_direct_conflict,48,8,0,direct_conflict,competition,1,Red,Blue,4075,7640,"You are given a small relation graph.
Fact 1: Yara belongs to Zeno.
Fact 2: Zeno is located at Red.
Direct conflicting fact: Yara is located at Blue.
Question: Which label is associated with Yara: Red or Blue?
Answer with exactly one word:",3.7604008,-6.423704,15.836599,20.94901,11.8594055,50.19821,15.0625,14.1875,clean,0.65803003,-5.7929554,-1.3645496,-2.076994,-9.820961,-11.817032,-0.08670044,0.65803003,0.875
g048_closure_update,48,8,0,closure_update,closure,2,Red,Blue,4075,7640,"You are given a small relation graph.
Fact 1: Yara belongs to Zeno.
Old record: Zeno is located at Red.
Updated record: Zeno is located at Blue, not Red.
Question: Which label is associated with Yara: Red or Blue?
Answer with exactly one word:",-3.236085,-16.146366,2.0252514,8.817806,7.3393593,41.528797,14.703125,14.0,clean,-6.3384557,-15.515617,-15.175898,-14.208199,-14.341007,-20.486446,-22.041407,6.3384557,0.703125
g048_closure_override,48,8,0,closure_override,closure,2,Red,Blue,4075,7640,"You are given a rule system.
General rule: items that belongs to Zeno receive label Red.
Override rule: in this case, items that belongs to Zeno receive label Blue.
Fact: Yara belongs to Zeno.
Question: Which label applies to Yara: Red or Blue?
Answer with exactly one word:",-25.458199,-36.02275,-27.705305,-19.682926,-34.740746,-8.352417,13.625,16.546875,conflict,-28.56057,-35.392002,-44.906456,-42.70893,-56.421112,-70.36766,-103.82765,28.56057,-2.921875
g048_exception_override,48,8,0,exception_override,closure,2,Red,Blue,4075,7640,"You are given a rule system.
General rule: items connected to Zeno use label Red.
Exception: Yara is a special case and uses label Blue.
Fact: Yara is connected to Zeno.
Question: Which label applies to Yara: Red or Blue?
Answer with exactly one word:",-23.059307,-38.640457,-24.441898,-17.38148,-27.146854,-4.2248993,13.375,16.109375,conflict,-26.161678,-38.00971,-41.643047,-40.407486,-48.82722,-66.24014,-95.93885,26.161678,-2.734375
g049_clean,49,8,1,clean,stable,0,Green,Yellow,6724,21730,"You are given a small relation graph.
Fact 1: Yara is assigned to Zeno.
Fact 2: Zeno maps to Green.
Question: Which label is associated with Yara: Green or Yellow?
Answer with exactly one word:",12.113333,15.303663,25.737247,40.47341,69.95034,100.224266,15.65625,13.5078125,clean,0.0,0.0,0.0,0.0,0.0,0.0,14.033369,0.0,2.1484375
g049_redundant,49,8,1,redundant,stable,0,Green,Yellow,6724,21730,"You are given a small relation graph.
Fact 1: Yara is assigned to Zeno.
Fact 2: Zeno maps to Green.
Confirmation: Yara still goes through Zeno.
Confirmation: Zeno still points to Green.
Question: Which label is associated with Yara: Green or Yellow?
Answer with exactly one word:",4.3878403,6.0386295,17.336782,31.650425,55.32302,85.447815,15.1015625,13.578125,clean,-7.7254925,-9.265034,-8.400465,-8.822987,-14.627319,-14.776451,-12.635073,7.7254925,1.5234375
g049_irrelevant,49,8,1,irrelevant,stable,0,Green,Yellow,6724,21730,"You are given a small relation graph.
Fact 1: Yara is assigned to Zeno.
Fact 2: Zeno maps to Green.
Irrelevant fact: Nia is associated with North.
Question: Which label is associated with Yara: Green or Yellow?
Answer with exactly one word:",11.948482,15.777693,29.19928,42.155087,74.18619,103.15842,15.4375,13.1015625,clean,-0.16485119,0.47402954,3.4620323,1.681675,4.2358475,2.9341507,19.877289,0.16485119,2.3359375
g049_paraphrase,49,8,1,paraphrase,stable,0,Green,Yellow,6724,21730,"In this example, Yara reaches Zeno.
The destination connected to Zeno is Green.
Based on those two links, select the label for Yara: Green or Yellow.
Answer:",3.7733173,3.174096,17.351479,35.34458,56.831604,92.055046,15.484375,14.0546875,clean,-8.340015,-12.129567,-8.385769,-5.12883,-13.118736,-8.16922,-8.117346,5.12883,1.4296875
g049_weak_distractor,49,8,1,weak_distractor,competition,1,Green,Yellow,6724,21730,"You are given a small relation graph.
Fact 1: Yara is assigned to Zeno.
Fact 2: Zeno maps to Green.
Weak note: some unrelated source mentions Yellow, but does not update the graph.
Question: Which label is associated with Yara: Green or Yellow?
Answer with exactly one word:",14.365251,20.361862,31.927677,44.366035,76.0844,105.62543,15.1015625,12.765625,clean,2.2519178,5.058199,6.1904297,3.892624,6.134056,5.401161,26.1427,2.2519178,2.3359375
g049_competition_balanced,49,8,1,competition_balanced,competition,1,Green,Yellow,6724,21730,"You are given a small relation graph.
Fact 1: Yara is assigned to Zeno.
Fact 2: Zeno maps to Green.
Competing fact: Yara is also associated with Yellow.
Question: Which label is associated with Yara: Green or Yellow?
Answer with exactly one word:",1.2668705,1.6982231,15.187735,30.761341,64.07817,94.997604,15.03125,13.3359375,clean,-10.846462,-13.60544,-10.549513,-9.71207,-5.8721695,-5.2266617,-6.7033825,5.2266617,1.6953125
g049_direct_conflict,49,8,1,direct_conflict,competition,1,Green,Yellow,6724,21730,"You are given a small relation graph.
Fact 1: Yara is assigned to Zeno.
Fact 2: Zeno maps to Green.
Direct conflicting fact: Yara maps to Yellow.
Question: Which label is associated with Yara: Green or Yellow?
Answer with exactly one word:",7.3552527,10.868199,22.057007,35.54414,65.01473,96.70258,14.90625,13.125,clean,-4.75808,-4.435464,-3.6802406,-4.9292717,-4.935608,-3.5216827,3.745142,3.5216827,1.78125
g049_closure_update,49,8,1,closure_update,closure,2,Green,Yellow,6724,21730,"You are given a small relation graph.
Fact 1: Yara is assigned to Zeno.
Old record: Zeno maps to Green.
Updated record: Zeno maps to Yellow, not Green.
Question: Which label is associated with Yara: Green or Yellow?
Answer with exactly one word:",0.06966138,-9.49479,6.4818344,21.328,53.30967,88.240715,14.5703125,13.421875,clean,-12.043672,-24.798454,-19.255413,-19.145412,-16.64067,-11.983551,-26.827394,11.983551,1.1484375
g049_closure_override,49,8,1,closure_override,closure,2,Green,Yellow,6724,21730,"You are given a rule system.
General rule: items that is assigned to Zeno receive label Green.
Override rule: in this case, items that is assigned to Zeno receive label Yellow.
Fact: Yara is assigned to Zeno.
Question: Which label applies to Yara: Green or Yellow?
Answer with exactly one word:",-20.947458,-29.465683,-28.53076,-11.096377,4.433834,41.5904,13.3046875,15.6328125,conflict,-33.06079,-44.76935,-54.268005,-51.56979,-65.51651,-58.633865,-113.8727,33.06079,-2.328125
g049_exception_override,49,8,1,exception_override,closure,2,Green,Yellow,6724,21730,"You are given a rule system.
General rule: items connected to Zeno use label Green.
Exception: Yara is a special case and uses label Yellow.
Fact: Yara is connected to Zeno.
Question: Which label applies to Yara: Green or Yellow?
Answer with exactly one word:",-18.58241,-30.742504,-26.7117,-9.128338,8.244747,43.457348,13.2265625,15.3671875,conflict,-30.695744,-46.046165,-52.448948,-49.60175,-61.705593,-56.76692,-109.34553,30.695744,-2.140625
g050_clean,50,8,2,clean,stable,0,North,South,4612,4316,"You are given a small relation graph.
Fact 1: Yara is part of Zeno.
Fact 2: Zeno points to North.
Question: Which label is associated with Yara: North or South?
Answer with exactly one word:",10.121298,3.3932476,18.641106,24.325085,17.29673,16.020584,15.484375,14.6328125,clean,0.0,0.0,0.0,0.0,0.0,0.0,14.033369,0.0,0.8515625
g050_redundant,50,8,2,redundant,stable,0,North,South,4612,4316,"You are given a small relation graph.
Fact 1: Yara is part of Zeno.
Fact 2: Zeno points to North.
Confirmation: Yara still goes through Zeno.
Confirmation: Zeno still points to North.
Question: Which label is associated with Yara: North or South?
Answer with exactly one word:",9.20487,2.1070786,17.219856,22.908997,14.675827,14.488487,15.0,14.359375,clean,-0.9164276,-1.286169,-1.4212494,-1.4160881,-2.620903,-1.5320969,10.1533985,0.9164276,0.640625
g050_irrelevant,50,8,2,irrelevant,stable,0,North,South,4612,4316,"You are given a small relation graph.
Fact 1: Yara is part of Zeno.
Fact 2: Zeno points to North.
Irrelevant fact: Nia is associated with East.
Question: Which label is associated with Yara: North or South?
Answer with exactly one word:",13.375818,7.0933094,22.725342,29.429947,26.13173,24.257454,15.6875,14.21875,clean,3.2545204,3.7000618,4.084236,5.104862,8.834999,8.23687,28.350494,3.2545204,1.46875
g050_paraphrase,50,8,2,paraphrase,stable,0,North,South,4612,4316,"In this example, Yara reaches Zeno.
The destination connected to Zeno is North.
Based on those two links, select the label for Yara: North or South.
Answer:",9.564285,1.85145,15.112642,17.057888,11.171074,12.031647,15.265625,14.03125,clean,-0.55701256,-1.5417976,-3.5284634,-7.2671967,-6.125656,-3.9889374,3.9567623,0.55701256,1.234375
g050_weak_distractor,50,8,2,weak_distractor,competition,1,North,South,4612,4316,"You are given a small relation graph.
Fact 1: Yara is part of Zeno.
Fact 2: Zeno points to North.
Weak note: some unrelated source mentions South, but does not update the graph.
Question: Which label is associated with Yara: North or South?
Answer with exactly one word:",19.21162,17.267801,31.625946,35.58007,32.591843,31.625755,15.6328125,13.53125,clean,9.0903225,13.874554,12.98484,11.254986,15.295113,15.605171,46.127625,9.0903225,2.1015625
g050_competition_balanced,50,8,2,competition_balanced,competition,1,North,South,4612,4316,"You are given a small relation graph.
Fact 1: Yara is part of Zeno.
Fact 2: Zeno points to North.
Competing fact: Yara is also associated with South.
Question: Which label is associated with Yara: North or South?
Answer with exactly one word:",5.9363937,2.9049969,17.710327,21.321964,18.161385,17.930023,15.1875,14.3984375,clean,-4.184904,-0.48825073,-0.9307785,-3.0031204,0.86465454,1.9094391,12.762152,0.48825073,0.7890625
g050_direct_conflict,50,8,2,direct_conflict,competition,1,North,South,4612,4316,"You are given a small relation graph.
Fact 1: Yara is part of Zeno.
Fact 2: Zeno points to North.
Direct conflicting fact: Yara points to South.
Question: Which label is associated with Yara: North or South?
Answer with exactly one word:",9.545916,5.488611,19.883858,23.753136,15.616272,14.545929,15.0703125,14.546875,clean,-0.57538223,2.0953636,1.2427521,-0.571949,-1.6804581,-1.4746552,13.271418,0.571949,0.5234375
g050_closure_update,50,8,2,closure_update,closure,2,North,South,4612,4316,"You are given a small relation graph.
Fact 1: Yara is part of Zeno.
Old record: Zeno points to North.
Updated record: Zeno points to South, not North.
Question: Which label is associated with Yara: North or South?
Answer with exactly one word:",8.248479,-0.34674835,13.171749,17.585754,18.79683,16.990677,15.1640625,14.484375,clean,-1.872819,-3.739996,-5.4693565,-6.7393303,1.5000992,0.9700928,8.730814,0.9700928,0.6796875
g050_closure_override,50,8,2,closure_override,closure,2,North,South,4612,4316,"You are given a rule system.
General rule: items that is part of Zeno receive label North.
Override rule: in this case, items that is part of Zeno receive label South.
Fact: Yara is part of Zeno.
Question: Which label applies to Yara: North or South?
Answer with exactly one word:",-8.162914,-13.757465,-12.860523,-8.301678,-14.22818,-16.481598,13.96875,16.453125,conflict,-18.284212,-17.150713,-31.501629,-32.626762,-31.52491,-32.502182,-54.10344,17.150713,-2.484375
g050_exception_override,50,8,2,exception_override,closure,2,North,South,4612,4316,"You are given a rule system.
General rule: items connected to Zeno use label North.
Exception: Yara is a special case and uses label South.
Fact: Yara is connected to Zeno.
Question: Which label applies to Yara: North or South?
Answer with exactly one word:",-5.209671,-14.438757,-7.783432,-3.8506012,-7.1232147,-9.111954,14.1484375,15.8359375,conflict,-15.330969,-17.832005,-26.424538,-28.175686,-24.419945,-25.132538,-42.453415,15.330969,-1.6875
g051_clean,51,8,3,clean,stable,0,East,West,5571,4589,"You are given a small relation graph.
Fact 1: Yara is grouped under Zeno.
Fact 2: Zeno has label East.
Question: Which label is associated with Yara: East or West?
Answer with exactly one word:",13.235611,3.7930298,7.1253777,8.304634,10.116669,-0.21762848,16.40625,14.5859375,clean,0.0,0.0,0.0,0.0,0.0,0.0,14.033369,0.0,1.8203125
g051_redundant,51,8,3,redundant,stable,0,East,West,5571,4589,"You are given a small relation graph.
Fact 1: Yara is grouped under Zeno.
Fact 2: Zeno has label East.
Confirmation: Yara still goes through Zeno.
Confirmation: Zeno still points to East.
Question: Which label is associated with Yara: East or West?
Answer with exactly one word:",12.72287,-0.119068146,5.1081963,5.5950394,5.872635,-3.2741547,16.1875,14.5078125,clean,-0.5127411,-3.912098,-2.0171814,-2.7095947,-4.244034,-3.0565262,7.034184,0.5127411,1.6796875
g051_irrelevant,51,8,3,irrelevant,stable,0,East,West,5571,4589,"You are given a small relation graph.
Fact 1: Yara is grouped under Zeno.
Fact 2: Zeno has label East.
Irrelevant fact: Nia is associated with Copper.
Question: Which label is associated with Yara: East or West?
Answer with exactly one word:",16.351276,6.7504234,11.463116,12.701683,16.472054,6.464737,16.671875,14.1171875,clean,3.1156654,2.9573936,4.337738,4.397049,6.355385,6.6823654,25.854876,2.9573936,2.5546875
g051_paraphrase,51,8,3,paraphrase,stable,0,East,West,5571,4589,"In this example, Yara reaches Zeno.
The destination connected to Zeno is East.
Based on those two links, select the label for Yara: East or West.
Answer:",12.446966,3.7669163,14.584084,12.790264,14.007912,3.3152542,16.03125,13.78125,clean,-0.7886448,-0.02611351,7.458706,4.48563,3.891243,3.5328827,22.451694,0.02611351,2.25
g051_weak_distractor,51,8,3,weak_distractor,competition,1,East,West,5571,4589,"You are given a small relation graph.
Fact 1: Yara is grouped under Zeno.
Fact 2: Zeno has label East.
Weak note: some unrelated source mentions West, but does not update the graph.
Question: Which label is associated with Yara: East or West?
Answer with exactly one word:",17.944893,13.287807,19.378696,19.512108,26.754494,16.68821,16.359375,12.984375,clean,4.709282,9.494778,12.253319,11.207474,16.637825,16.905838,44.714375,4.709282,3.375
g051_competition_balanced,51,8,3,competition_balanced,competition,1,East,West,5571,4589,"You are given a small relation graph.
Fact 1: Yara is grouped under Zeno.
Fact 2: Zeno has label East.
Competing fact: Yara is also associated with West.
Question: Which label is associated with Yara: East or West?
Answer with exactly one word:",13.42121,7.061722,8.761448,9.612709,16.71994,6.208969,16.171875,13.71875,clean,0.18559933,3.268692,1.6360703,1.308075,6.6032715,6.4265976,22.952068,0.18559933,2.453125
g051_direct_conflict,51,8,3,direct_conflict,competition,1,East,West,5571,4589,"You are given a small relation graph.
Fact 1: Yara is grouped under Zeno.
Fact 2: Zeno has label East.
Direct conflicting fact: Yara has label West.
Question: Which label is associated with Yara: East or West?
Answer with exactly one word:",11.559357,5.2300434,8.407734,8.502701,9.375183,-2.0630112,15.90625,14.2734375,clean,-1.6762543,1.4370136,1.2823563,0.19806671,-0.7414856,-1.8453827,13.408388,0.19806671,1.6328125
g051_closure_update,51,8,3,closure_update,closure,2,East,West,5571,4589,"You are given a small relation graph.
Fact 1: Yara is grouped under Zeno.
Old record: Zeno has label East.
Updated record: Zeno has label West, not East.
Question: Which label is associated with Yara: East or West?
Answer with exactly one word:",11.730711,0.23869133,6.554577,7.128006,16.767044,5.641327,16.09375,13.6015625,clean,-1.5049,-3.5543385,-0.5708008,-1.1766281,6.6503754,5.8589554,18.181099,0.5708008,2.4921875
g051_closure_override,51,8,3,closure_override,closure,2,East,West,5571,4589,"You are given a rule system.
General rule: items that is grouped under Zeno receive label East.
Override rule: in this case, items that is grouped under Zeno receive label West.
Fact: Yara is grouped under Zeno.
Question: Which label applies to Yara: East or West?
Answer with exactly one word:",-2.9835548,-12.498306,-18.548946,-18.11385,-26.102455,-38.51655,14.2109375,16.125,conflict,-16.219166,-16.291336,-25.674324,-26.418484,-36.219124,-38.29892,-53.839073,16.219166,-1.9140625
g051_exception_override,51,8,3,exception_override,closure,2,East,West,5571,4589,"You are given a rule system.
General rule: items connected to Zeno use label East.
Exception: Yara is a special case and uses label West.
Fact: Yara is connected to Zeno.
Question: Which label applies to Yara: East or West?
Answer with exactly one word:",3.321599,-10.124575,-11.126318,-11.313845,-13.108597,-25.431274,15.0703125,15.6171875,conflict,-9.914012,-13.917604,-18.251696,-19.618479,-23.225266,-25.213646,-32.637184,9.914012,-0.546875
g052_clean,52,8,4,clean,stable,0,Copper,Silver,38315,15934,"You are given a small relation graph.
Fact 1: Yara routes through Zeno.
Fact 2: Zeno ends at Copper.
Question: Which label is associated with Yara: Copper or Silver?
Answer with exactly one word:",2.3559415,-1.9000473,-7.8305025,-14.979143,-11.019934,-42.964123,16.15625,13.6640625,clean,0.0,0.0,0.0,0.0,0.0,0.0,14.033369,0.0,2.4921875
g052_redundant,52,8,4,redundant,stable,0,Copper,Silver,38315,15934,"You are given a small relation graph.
Fact 1: Yara routes through Zeno.
Fact 2: Zeno ends at Copper.
Confirmation: Yara still goes through Zeno.
Confirmation: Zeno still points to Copper.
Question: Which label is associated with Yara: Copper or Silver?
Answer with exactly one word:",-1.6420634,-9.622342,-18.579498,-23.906548,-23.784801,-51.43439,15.1875,13.6953125,clean,-3.998005,-7.722295,-10.748996,-8.927404,-12.764868,-8.470268,-8.123877,3.998005,1.4921875
g052_irrelevant,52,8,4,irrelevant,stable,0,Copper,Silver,38315,15934,"You are given a small relation graph.
Fact 1: Yara routes through Zeno.
Fact 2: Zeno ends at Copper.
Irrelevant fact: Nia is associated with Gold.
Question: Which label is associated with Yara: Copper or Silver?
Answer with exactly one word:",7.8716297,1.7221327,1.6160822,-5.799717,2.9601803,-35.287544,16.46875,13.4375,clean,5.515688,3.62218,9.446585,9.179426,13.980114,7.6765785,34.96914,3.62218,3.03125
g052_paraphrase,52,8,4,paraphrase,stable,0,Copper,Silver,38315,15934,"In this example, Yara reaches Zeno.
The destination connected to Zeno is Copper.
Based on those two links, select the label for Yara: Copper or Silver.
Answer:",1.0817261,-4.141132,-2.9566507,-8.44067,-0.62557507,-33.4482,16.6875,13.6796875,clean,-1.2742155,-2.2410846,4.873852,6.538473,10.394359,9.515923,27.700508,1.2742155,3.0078125
g052_weak_distractor,52,8,4,weak_distractor,competition,1,Copper,Silver,38315,15934,"You are given a small relation graph.
Fact 1: Yara routes through Zeno.
Fact 2: Zeno ends at Copper.
Weak note: some unrelated source mentions Silver, but does not update the graph.
Question: Which label is associated with Yara: Copper or Silver?
Answer with exactly one word:",5.2529073,-4.723978,-1.5008345,-8.872387,-1.0781174,-36.12099,15.6328125,13.453125,clean,2.8969657,-2.8239307,6.329668,6.106756,9.941816,6.843132,27.302048,2.8239307,2.1796875
g052_competition_balanced,52,8,4,competition_balanced,competition,1,Copper,Silver,38315,15934,"You are given a small relation graph.
Fact 1: Yara routes through Zeno.
Fact 2: Zeno ends at Copper.
Competing fact: Yara is also associated with Silver.
Question: Which label is associated with Yara: Copper or Silver?
Answer with exactly one word:",7.6039577,4.3469152,4.063266,-6.1279516,9.245005,-29.155853,15.875,12.9375,clean,5.2480164,6.2469625,11.893768,8.8511915,20.264938,13.8082695,42.952393,5.2480164,2.9375
g052_direct_conflict,52,8,4,direct_conflict,competition,1,Copper,Silver,38315,15934,"You are given a small relation graph.
Fact 1: Yara routes through Zeno.
Fact 2: Zeno ends at Copper.
Direct conflicting fact: Yara ends at Silver.
Question: Which label is associated with Yara: Copper or Silver?
Answer with exactly one word:",2.7825098,-3.5004034,-2.0023766,-10.508959,-4.4072933,-40.460358,15.484375,13.53125,clean,0.42656827,-1.6003561,5.828126,4.4701843,6.6126404,2.503765,22.387527,0.42656827,1.953125
g052_closure_update,52,8,4,closure_update,closure,2,Copper,Silver,38315,15934,"You are given a small relation graph.
Fact 1: Yara routes through Zeno.
Old record: Zeno ends at Copper.
Updated record: Zeno ends at Silver, not Copper.
Question: Which label is associated with Yara: Copper or Silver?
Answer with exactly one word:",-5.475923,-18.289856,-17.900524,-24.005102,-9.5846195,-41.547802,15.3046875,13.0859375,clean,-7.8318644,-16.389809,-10.070022,-9.025959,1.4353142,1.4163208,0.62941265,1.4163208,2.21875
g052_closure_override,52,8,4,closure_override,closure,2,Copper,Silver,38315,15934,"You are given a rule system.
General rule: items that routes through Zeno receive label Copper.
Override rule: in this case, items that routes through Zeno receive label Silver.
Fact: Yara routes through Zeno.
Question: Which label applies to Yara: Copper or Silver?
Answer with exactly one word:",-17.078413,-29.738014,-41.51652,-46.668087,-54.580936,-81.21878,14.6953125,15.96875,conflict,-19.434355,-27.837967,-33.68602,-31.688944,-43.561005,-38.254658,-67.413124,19.434355,-1.2734375
g052_exception_override,52,8,4,exception_override,closure,2,Copper,Silver,38315,15934,"You are given a rule system.
General rule: items connected to Zeno use label Copper.
Exception: Yara is a special case and uses label Silver.
Fact: Yara is connected to Zeno.
Question: Which label applies to Yara: Copper or Silver?
Answer with exactly one word:",-14.669082,-30.473143,-39.32451,-45.385525,-49.31864,-77.502914,14.703125,15.640625,conflict,-17.025023,-28.573095,-31.494007,-30.406382,-38.298706,-34.53879,-61.137062,17.025023,-0.9375
g053_clean,53,8,5,clean,stable,0,Gold,Iron,6863,17186,"You are given a small relation graph.
Fact 1: Yara is linked with Zeno.
Fact 2: Zeno resolves to Gold.
Question: Which label is associated with Yara: Gold or Iron?
Answer with exactly one word:",19.388176,14.8912525,25.709564,38.67878,41.893364,73.911606,15.453125,13.78125,clean,0.0,0.0,0.0,0.0,0.0,0.0,14.033369,0.0,1.671875
g053_redundant,53,8,5,redundant,stable,0,Gold,Iron,6863,17186,"You are given a small relation graph.
Fact 1: Yara is linked with Zeno.
Fact 2: Zeno resolves to Gold.
Confirmation: Yara still goes through Zeno.
Confirmation: Zeno still points to Gold.
Question: Which label is associated with Yara: Gold or Iron?
Answer with exactly one word:",17.24011,8.775748,24.780594,37.944565,40.08444,70.937546,15.03125,13.609375,clean,-2.1480656,-6.1155043,-0.92897034,-0.7342148,-1.8089256,-2.97406,8.437129,0.7342148,1.421875
g053_irrelevant,53,8,5,irrelevant,stable,0,Gold,Iron,6863,17186,"You are given a small relation graph.
Fact 1: Yara is linked with Zeno.
Fact 2: Zeno resolves to Gold.
Irrelevant fact: Nia is associated with Red.
Question: Which label is associated with Yara: Gold or Iron?
Answer with exactly one word:",24.07722,25.55342,39.44074,51.826393,58.17478,86.236435,15.7734375,13.2265625,clean,4.689045,10.662167,13.731174,13.147614,16.281418,12.324829,43.944244,4.689045,2.546875
g053_paraphrase,53,8,5,paraphrase,stable,0,Gold,Iron,6863,17186,"In this example, Yara reaches Zeno.
The destination connected to Zeno is Gold.
Based on those two links, select the label for Yara: Gold or Iron.
Answer:",21.264574,21.390858,34.383236,49.73835,60.640507,89.56006,16.65625,13.65625,clean,1.8763981,6.499605,8.673672,11.05957,18.747143,15.648453,41.977165,1.8763981,3.0
g053_weak_distractor,53,8,5,weak_distractor,competition,1,Gold,Iron,6863,17186,"You are given a small relation graph.
Fact 1: Yara is linked with Zeno.
Fact 2: Zeno resolves to Gold.
Weak note: some unrelated source mentions Iron, but does not update the graph.
Question: Which label is associated with Yara: Gold or Iron?
Answer with exactly one word:",28.035938,28.88213,46.37368,56.91175,62.640953,94.52905,15.5,13.046875,clean,8.647762,13.990877,20.664116,18.232971,20.74759,20.617447,57.2875,8.647762,2.453125
g053_competition_balanced,53,8,5,competition_balanced,competition,1,Gold,Iron,6863,17186,"You are given a small relation graph.
Fact 1: Yara is linked with Zeno.
Fact 2: Zeno resolves to Gold.
Competing fact: Yara is also associated with Iron.
Question: Which label is associated with Yara: Gold or Iron?
Answer with exactly one word:",13.064238,16.819813,26.70499,39.785637,47.098293,79.51681,15.46875,14.0,clean,-6.3239384,1.9285603,0.9954262,1.1068573,5.2049294,5.6052017,19.55321,0.9954262,1.46875
g053_direct_conflict,53,8,5,direct_conflict,competition,1,Gold,Iron,6863,17186,"You are given a small relation graph.
Fact 1: Yara is linked with Zeno.
Fact 2: Zeno resolves to Gold.
Direct conflicting fact: Yara resolves to Iron.
Question: Which label is associated with Yara: Gold or Iron?
Answer with exactly one word:",10.875057,9.440167,23.728897,35.599113,32.512062,67.10748,15.046875,14.2890625,clean,-8.513119,-5.451085,-1.9806671,-3.0796661,-9.381302,-6.804123,0.05743599,1.9806671,0.7578125
g053_closure_update,53,8,5,closure_update,closure,2,Gold,Iron,6863,17186,"You are given a small relation graph.
Fact 1: Yara is linked with Zeno.
Old record: Zeno resolves to Gold.
Updated record: Zeno resolves to Iron, not Gold.
Question: Which label is associated with Yara: Gold or Iron?
Answer with exactly one word:",12.499834,6.5215836,21.207592,34.25302,46.848892,80.91223,15.640625,13.90625,clean,-6.888342,-8.369669,-4.501972,-4.4257584,4.9555283,7.0006256,12.201913,4.4257584,1.734375
g053_closure_override,53,8,5,closure_override,closure,2,Gold,Iron,6863,17186,"You are given a rule system.
General rule: items that is linked with Zeno receive label Gold.
Override rule: in this case, items that is linked with Zeno receive label Iron.
Fact: Yara is linked with Zeno.
Question: Which label applies to Yara: Gold or Iron?
Answer with exactly one word:",1.4376812,1.0679111,3.9595623,18.53661,9.2461815,50.734715,15.1015625,15.90625,conflict,-17.950495,-13.823341,-21.750002,-20.14217,-32.647182,-23.176891,-39.81675,13.823341,-0.8046875
g053_exception_override,53,8,5,exception_override,closure,2,Gold,Iron,6863,17186,"You are given a rule system.
General rule: items connected to Zeno use label Gold.
Exception: Yara is a special case and uses label Iron.
Fact: Yara is connected to Zeno.
Question: Which label applies to Yara: Gold or Iron?
Answer with exactly one word:",4.1739717,-0.63167477,4.8189545,19.601128,11.77364,49.464485,14.7578125,15.5703125,conflict,-15.214205,-15.522927,-20.89061,-19.077652,-30.119724,-24.44712,-38.34401,15.214205,-0.8125
g054_clean,54,9,0,clean,stable,0,Red,Blue,4075,7640,"You are given a small relation graph.
Fact 1: Orla belongs to Pavel.
Fact 2: Pavel is located at Red.
Question: Which label is associated with Orla: Red or Blue?
Answer with exactly one word:",-1.2288685,-6.778307,11.594166,17.937866,18.756283,59.44287,15.8046875,14.0078125,clean,0.0,0.0,0.0,0.0,0.0,0.0,14.033369,0.0,1.796875
g054_redundant,54,9,0,redundant,stable,0,Red,Blue,4075,7640,"You are given a small relation graph.
Fact 1: Orla belongs to Pavel.
Fact 2: Pavel is located at Red.
Confirmation: Orla still goes through Pavel.
Confirmation: Pavel still points to Red.
Question: Which label is associated with Orla: Red or Blue?
Answer with exactly one word:",-3.0573997,-10.009573,6.2791195,12.387892,13.507359,50.359734,15.3984375,13.8125,clean,-1.8285313,-3.231266,-5.3150463,-5.5499744,-5.2489243,-9.0831375,0.8945055,1.8285313,1.5859375
g054_irrelevant,54,9,0,irrelevant,stable,0,Red,Blue,4075,7640,"You are given a small relation graph.
Fact 1: Orla belongs to Pavel.
Fact 2: Pavel is located at Red.
Irrelevant fact: Rin is associated with Green.
Question: Which label is associated with Orla: Red or Blue?
Answer with exactly one word:",2.4511738,3.080124,24.636278,29.019094,31.897614,71.85487,15.765625,13.03125,clean,3.6800423,9.858431,13.042112,11.081228,13.141331,12.412003,40.811035,3.6800423,2.734375
g054_paraphrase,54,9,0,paraphrase,stable,0,Red,Blue,4075,7640,"In this example, Orla reaches Pavel.
The destination connected to Pavel is Red.
Based on those two links, select the label for Orla: Red or Blue.
Answer:",8.114225,-3.1893196,13.593021,18.525862,16.181194,58.92131,15.8515625,14.1953125,clean,9.343094,3.5889874,1.9988556,0.5879955,-2.5750885,-0.52156067,16.834518,0.52156067,1.65625
g054_weak_distractor,54,9,0,weak_distractor,competition,1,Red,Blue,4075,7640,"You are given a small relation graph.
Fact 1: Orla belongs to Pavel.
Fact 2: Pavel is located at Red.
Weak note: some unrelated source mentions Blue, but does not update the graph.
Question: Which label is associated with Orla: Red or Blue?
Answer with exactly one word:",1.9097395,-4.5738373,17.901749,22.498665,20.45874,60.382378,15.5390625,13.90625,clean,3.138608,2.2044697,6.307583,4.5607986,1.7024574,0.93950653,21.205849,0.93950653,1.6328125
g054_competition_balanced,54,9,0,competition_balanced,competition,1,Red,Blue,4075,7640,"You are given a small relation graph.
Fact 1: Orla belongs to Pavel.
Fact 2: Pavel is located at Red.
Competing fact: Orla is also associated with Blue.
Question: Which label is associated with Orla: Red or Blue?
Answer with exactly one word:",-3.4973946,-10.707259,9.749805,15.121395,12.217232,51.22914,15.3515625,14.2890625,clean,-2.268526,-3.9289522,-1.8443604,-2.816471,-6.539051,-8.21373,2.862361,1.8443604,1.0625
g054_direct_conflict,54,9,0,direct_conflict,competition,1,Red,Blue,4075,7640,"You are given a small relation graph.
Fact 1: Orla belongs to Pavel.
Fact 2: Pavel is located at Red.
Direct conflicting fact: Orla is located at Blue.
Question: Which label is associated with Orla: Red or Blue?
Answer with exactly one word:",-1.7492032,-12.247004,10.052135,15.579771,8.084488,44.90582,15.1875,14.4609375,clean,-0.5203347,-5.4686966,-1.5420303,-2.3580952,-10.671795,-14.537052,-2.2531872,0.5203347,0.7265625
g054_closure_update,54,9,0,closure_update,closure,2,Red,Blue,4075,7640,"You are given a small relation graph.
Fact 1: Orla belongs to Pavel.
Old record: Pavel is located at Red.
Updated record: Pavel is located at Blue, not Red.
Question: Which label is associated with Orla: Red or Blue?
Answer with exactly one word:",-10.270155,-20.994286,0.15642738,6.600931,4.608036,39.647614,14.890625,14.3125,clean,-9.041286,-14.215979,-11.437738,-11.336935,-14.148247,-19.795258,-19.116018,9.041286,0.578125
g054_closure_override,54,9,0,closure_override,closure,2,Red,Blue,4075,7640,"You are given a rule system.
General rule: items that belongs to Pavel receive label Red.
Override rule: in this case, items that belongs to Pavel receive label Blue.
Fact: Orla belongs to Pavel.
Question: Which label applies to Orla: Red or Blue?
Answer with exactly one word:",-24.243412,-32.75157,-23.383356,-16.332235,-27.946396,2.6634064,14.421875,16.46875,conflict,-23.014544,-25.973265,-34.977524,-34.270103,-46.70268,-56.779465,-80.21751,23.014544,-2.046875
g054_exception_override,54,9,0,exception_override,closure,2,Red,Blue,4075,7640,"You are given a rule system.
General rule: items connected to Pavel use label Red.
Exception: Orla is a special case and uses label Blue.
Fact: Orla is connected to Pavel.
Question: Which label applies to Orla: Red or Blue?
Answer with exactly one word:",-22.291153,-36.277435,-22.715626,-15.547197,-22.666828,2.8096466,14.3125,16.296875,conflict,-21.062284,-29.499128,-34.30979,-33.48506,-41.42311,-56.633224,-77.596275,21.062284,-1.984375
g055_clean,55,9,1,clean,stable,0,Green,Yellow,6724,21730,"You are given a small relation graph.
Fact 1: Orla is assigned to Pavel.
Fact 2: Pavel maps to Green.
Question: Which label is associated with Orla: Green or Yellow?
Answer with exactly one word:",13.567492,17.551664,24.269728,39.248352,65.98821,100.62785,16.109375,14.0,clean,0.0,0.0,0.0,0.0,0.0,0.0,14.033369,0.0,2.109375
g055_redundant,55,9,1,redundant,stable,0,Green,Yellow,6724,21730,"You are given a small relation graph.
Fact 1: Orla is assigned to Pavel.
Fact 2: Pavel maps to Green.
Confirmation: Orla still goes through Pavel.
Confirmation: Pavel still points to Green.
Question: Which label is associated with Orla: Green or Yellow?
Answer with exactly one word:",6.5054784,7.5710144,17.063725,32.40699,56.07792,90.693726,15.6171875,14.0,clean,-7.062013,-9.98065,-7.206003,-6.841362,-9.910294,-9.934128,-6.589014,6.841362,1.6171875
g055_irrelevant,55,9,1,irrelevant,stable,0,Green,Yellow,6724,21730,"You are given a small relation graph.
Fact 1: Orla is assigned to Pavel.
Fact 2: Pavel maps to Green.
Irrelevant fact: Rin is associated with North.
Question: Which label is associated with Orla: Green or Yellow?
Answer with exactly one word:",14.756136,22.910437,34.255398,47.056442,78.77982,111.26749,15.921875,12.9140625,clean,1.1886444,5.3587723,9.98567,7.80809,12.791611,10.639633,35.140526,1.1886444,3.0078125
g055_paraphrase,55,9,1,paraphrase,stable,0,Green,Yellow,6724,21730,"In this example, Orla reaches Pavel.
The destination connected to Pavel is Green.
Based on those two links, select the label for Orla: Green or Yellow.
Answer:",5.9242883,6.1386204,21.307182,39.931103,61.660557,100.16737,15.875,14.0,clean,-7.6432033,-11.413044,-2.9625454,0.6827507,-4.327656,-0.46047974,5.1758585,0.46047974,1.875
g055_weak_distractor,55,9,1,weak_distractor,competition,1,Green,Yellow,6724,21730,"You are given a small relation graph.
Fact 1: Orla is assigned to Pavel.
Fact 2: Pavel maps to Green.
Weak note: some unrelated source mentions Yellow, but does not update the graph.
Question: Which label is associated with Orla: Green or Yellow?
Answer with exactly one word:",14.62022,20.355217,34.22059,46.19779,74.77092,107.939514,15.515625,12.7734375,clean,1.0527287,2.8035526,9.950861,6.949436,8.782707,7.311661,30.196312,1.0527287,2.7421875
g055_competition_balanced,55,9,1,competition_balanced,competition,1,Green,Yellow,6724,21730,"You are given a small relation graph.
Fact 1: Orla is assigned to Pavel.
Fact 2: Pavel maps to Green.
Competing fact: Orla is also associated with Yellow.
Question: Which label is associated with Orla: Green or Yellow?
Answer with exactly one word:",-2.0204148,3.2587967,19.912659,35.520073,65.11148,98.44639,15.4375,13.765625,clean,-15.587906,-14.292868,-4.357069,-3.728279,-0.8767319,-2.1814651,0.96979046,0.8767319,1.671875
g055_direct_conflict,55,9,1,direct_conflict,competition,1,Green,Yellow,6724,21730,"You are given a small relation graph.
Fact 1: Orla is assigned to Pavel.
Fact 2: Pavel maps to Green.
Direct conflicting fact: Orla maps to Yellow.
Question: Which label is associated with Orla: Green or Yellow?
Answer with exactly one word:",5.177935,12.196348,25.752045,40.15123,66.18323,102.59036,15.3671875,13.4765625,clean,-8.389557,-5.355316,1.482317,0.9028778,0.19501495,1.9625092,12.426383,0.19501495,1.890625
g055_closure_update,55,9,1,closure_update,closure,2,Green,Yellow,6724,21730,"You are given a small relation graph.
Fact 1: Orla is assigned to Pavel.
Old record: Pavel maps to Green.
Updated record: Pavel maps to Yellow, not Green.
Question: Which label is associated with Orla: Green or Yellow?
Answer with exactly one word:",-0.6085627,-6.747246,9.955424,24.611876,54.26408,93.43708,14.9921875,13.890625,clean,-14.176054,-24.29891,-14.314303,-14.6364765,-11.724133,-7.190773,-18.411486,7.190773,1.1015625
g055_closure_override,55,9,1,closure_override,closure,2,Green,Yellow,6724,21730,"You are given a rule system.
General rule: items that is assigned to Pavel receive label Green.
Override rule: in this case, items that is assigned to Pavel receive label Yellow.
Fact: Orla is assigned to Pavel.
Question: Which label applies to Orla: Green or Yellow?
Answer with exactly one word:",-16.639832,-23.246777,-18.49318,-0.37873745,20.890965,60.475697,14.53125,15.90625,conflict,-30.207323,-40.79844,-42.76291,-39.62709,-45.097248,-40.152157,-82.72642,30.207323,-1.375
g055_exception_override,55,9,1,exception_override,closure,2,Green,Yellow,6724,21730,"You are given a rule system.
General rule: items connected to Pavel use label Green.
Exception: Orla is a special case and uses label Yellow.
Fact: Orla is connected to Pavel.
Question: Which label applies to Orla: Green or Yellow?
Answer with exactly one word:",-18.553661,-27.82931,-22.615349,-5.0526967,13.133474,50.459778,13.7578125,15.875,conflict,-32.121155,-45.380974,-46.88508,-44.30105,-52.854736,-50.168076,-97.234856,32.121155,-2.1171875
g056_clean,56,9,2,clean,stable,0,North,South,4612,4316,"You are given a small relation graph.
Fact 1: Orla is part of Pavel.
Fact 2: Pavel points to North.
Question: Which label is associated with Orla: North or South?
Answer with exactly one word:",9.8521,1.2284203,16.655567,22.777084,15.874939,14.444504,15.5390625,14.8671875,clean,0.0,0.0,0.0,0.0,0.0,0.0,14.033369,0.0,0.671875
g056_redundant,56,9,2,redundant,stable,0,North,South,4612,4316,"You are given a small relation graph.
Fact 1: Orla is part of Pavel.
Fact 2: Pavel points to North.
Confirmation: Orla still goes through Pavel.
Confirmation: Pavel still points to North.
Question: Which label is associated with Orla: North or South?
Answer with exactly one word:",10.506054,1.2225227,20.162514,25.697197,18.119492,17.659988,15.484375,14.53125,clean,0.65395355,-0.005897522,3.5069466,2.9201126,2.2445526,3.2154846,19.550804,0.005897522,0.953125
g056_irrelevant,56,9,2,irrelevant,stable,0,North,South,4612,4316,"You are given a small relation graph.
Fact 1: Orla is part of Pavel.
Fact 2: Pavel points to North.
Irrelevant fact: Rin is associated with East.
Question: Which label is associated with Orla: North or South?
Answer with exactly one word:",15.077175,9.235527,26.998405,33.66623,28.852257,26.445625,15.90625,14.125,clean,5.225075,8.007107,10.342838,10.889145,12.977318,12.0011215,39.079437,5.225075,1.78125
g056_paraphrase,56,9,2,paraphrase,stable,0,North,South,4612,4316,"In this example, Orla reaches Pavel.
The destination connected to Pavel is North.
Based on those two links, select the label for Orla: North or South.
Answer:",3.1416674,-4.9940453,4.0231857,6.350754,1.795578,0.60176086,14.96875,14.8046875,clean,-6.710433,-6.2224655,-12.632381,-16.42633,-14.079361,-13.842743,-15.387953,6.2224655,0.1640625
g056_weak_distractor,56,9,2,weak_distractor,competition,1,North,South,4612,4316,"You are given a small relation graph.
Fact 1: Orla is part of Pavel.
Fact 2: Pavel points to North.
Weak note: some unrelated source mentions South, but does not update the graph.
Question: Which label is associated with Orla: North or South?
Answer with exactly one word:",18.103537,15.573212,30.61832,34.695976,29.236893,27.154236,15.8046875,13.8125,clean,8.251436,14.344791,13.962753,11.918892,13.361954,12.709732,44.297737,8.251436,1.9921875
g056_competition_balanced,56,9,2,competition_balanced,competition,1,North,South,4612,4316,"You are given a small relation graph.
Fact 1: Orla is part of Pavel.
Fact 2: Pavel points to North.
Competing fact: Orla is also associated with South.
Question: Which label is associated with Orla: North or South?
Answer with exactly one word:",1.3426285,-1.5923901,11.453911,15.203068,8.493988,7.129074,15.0703125,15.21875,conflict,-8.509472,-2.8208103,-5.2016563,-7.5740166,-7.380951,-7.3154297,-1.4263887,2.8208103,-0.1484375
g056_direct_conflict,56,9,2,direct_conflict,competition,1,North,South,4612,4316,"You are given a small relation graph.
Fact 1: Orla is part of Pavel.
Fact 2: Pavel points to North.
Direct conflicting fact: Orla points to South.
Question: Which label is associated with Orla: North or South?
Answer with exactly one word:",3.2290897,-1.622261,12.137661,16.40511,4.7343216,2.980774,14.8671875,15.40625,conflict,-6.6230106,-2.8506813,-4.517906,-6.371975,-11.140617,-11.46373,-4.2677593,2.8506813,-0.5390625
g056_closure_update,56,9,2,closure_update,closure,2,North,South,4612,4316,"You are given a small relation graph.
Fact 1: Orla is part of Pavel.
Old record: Pavel points to North.
Updated record: Pavel points to South, not North.
Question: Which label is associated with Orla: North or South?
Answer with exactly one word:",8.115128,1.1723671,14.032841,18.218517,15.497833,12.825043,15.1171875,14.6015625,clean,-1.7369728,-0.05605316,-2.6227264,-4.558567,-0.3771057,-1.619461,9.7260685,0.05605316,0.515625
g056_closure_override,56,9,2,closure_override,closure,2,North,South,4612,4316,"You are given a rule system.
General rule: items that is part of Pavel receive label North.
Override rule: in this case, items that is part of Pavel receive label South.
Fact: Orla is part of Pavel.
Question: Which label applies to Orla: North or South?
Answer with exactly one word:",-8.109421,-11.212296,-10.875389,-5.740753,-8.796173,-10.906174,14.4375,16.25,conflict,-17.961521,-12.440716,-27.530956,-28.517838,-24.671112,-25.350677,-42.121826,12.440716,-1.8125
g056_exception_override,56,9,2,exception_override,closure,2,North,South,4612,4316,"You are given a rule system.
General rule: items connected to Pavel use label North.
Exception: Orla is a special case and uses label South.
Fact: Orla is connected to Pavel.
Question: Which label applies to Orla: North or South?
Answer with exactly one word:",-4.627714,-12.374571,-6.2018356,-1.6817055,-2.8801727,-5.5382843,14.625,15.875,conflict,-14.479815,-13.602991,-22.857403,-24.45879,-18.755112,-19.982788,-32.45146,13.602991,-1.25
g057_clean,57,9,3,clean,stable,0,East,West,5571,4589,"You are given a small relation graph.
Fact 1: Orla is grouped under Pavel.
Fact 2: Pavel has label East.
Question: Which label is associated with Orla: East or West?
Answer with exactly one word:",11.822876,1.7176323,4.7345924,5.105438,6.8041077,-2.290947,16.171875,14.6015625,clean,0.0,0.0,0.0,0.0,0.0,0.0,14.033369,0.0,1.5703125
g057_redundant,57,9,3,redundant,stable,0,East,West,5571,4589,"You are given a small relation graph.
Fact 1: Orla is grouped under Pavel.
Fact 2: Pavel has label East.
Confirmation: Orla still goes through Pavel.
Confirmation: Pavel still points to East.
Question: Which label is associated with Orla: East or West?
Answer with exactly one word:",11.941809,-0.97844315,3.715374,3.7999115,5.05175,-2.8759613,16.140625,14.4609375,clean,0.118932724,-2.6960754,-1.0192184,-1.3055267,-1.7523575,-0.58501434,11.061226,0.118932724,1.6796875
g057_irrelevant,57,9,3,irrelevant,stable,0,East,West,5571,4589,"You are given a small relation graph.
Fact 1: Orla is grouped under Pavel.
Fact 2: Pavel has label East.
Irrelevant fact: Rin is associated with Copper.
Question: Which label is associated with Orla: East or West?
Answer with exactly one word:",16.663857,6.61384,12.590317,13.283913,18.46695,9.559517,16.6875,13.96875,clean,4.8409805,4.896208,7.8557243,8.178474,11.662842,11.850464,35.14209,4.8409805,2.71875
g057_paraphrase,57,9,3,paraphrase,stable,0,East,West,5571,4589,"In this example, Orla reaches Pavel.
The destination connected to Pavel is East.
Based on those two links, select the label for Orla: East or West.
Answer:",6.352174,-2.6596718,3.5669327,0.81682587,4.680084,-5.43853,15.75,14.375,clean,-5.470702,-4.377304,-1.1676598,-4.2886124,-2.1240234,-3.147583,6.4999666,1.1676598,1.375
g057_weak_distractor,57,9,3,weak_distractor,competition,1,East,West,5571,4589,"You are given a small relation graph.
Fact 1: Orla is grouped under Pavel.
Fact 2: Pavel has label East.
Weak note: some unrelated source mentions West, but does not update the graph.
Question: Which label is associated with Orla: East or West?
Answer with exactly one word:",17.397835,12.579416,19.363394,19.270947,27.795639,17.995972,16.4375,12.828125,clean,5.574959,10.861784,14.628801,14.165508,20.991531,20.286919,51.428635,5.574959,3.609375
g057_competition_balanced,57,9,3,competition_balanced,competition,1,East,West,5571,4589,"You are given a small relation graph.
Fact 1: Orla is grouped under Pavel.
Fact 2: Pavel has label East.
Competing fact: Orla is also associated with West.
Question: Which label is associated with Orla: East or West?
Answer with exactly one word:",12.267727,6.3278027,7.2099113,7.7466583,14.522575,4.8055115,16.0,13.6171875,clean,0.44485092,4.6101704,2.475319,2.64122,7.7184677,7.0964584,25.225914,0.44485092,2.3828125
g057_direct_conflict,57,9,3,direct_conflict,competition,1,East,West,5571,4589,"You are given a small relation graph.
Fact 1: Orla is grouped under Pavel.
Fact 2: Pavel has label East.
Direct conflicting fact: Orla has label West.
Question: Which label is associated with Orla: East or West?
Answer with exactly one word:",10.452882,6.0439167,10.258059,10.258461,13.506241,2.6097565,15.8515625,13.7890625,clean,-1.3699942,4.3262844,5.523466,5.153023,6.702133,4.9007034,25.326138,1.3699942,2.0625
g057_closure_update,57,9,3,closure_update,closure,2,East,West,5571,4589,"You are given a small relation graph.
Fact 1: Orla is grouped under Pavel.
Old record: Pavel has label East.
Updated record: Pavel has label West, not East.
Question: Which label is associated with Orla: East or West?
Answer with exactly one word:",10.387485,0.5048561,5.755928,5.552271,18.246384,8.466949,15.90625,13.1171875,clean,-1.4353914,-1.2127762,1.0213356,0.44683266,11.442276,10.757896,25.18047,0.44683266,2.7890625
g057_closure_override,57,9,3,closure_override,closure,2,East,West,5571,4589,"You are given a rule system.
General rule: items that is grouped under Pavel receive label East.
Override rule: in this case, items that is grouped under Pavel receive label West.
Fact: Orla is grouped under Pavel.
Question: Which label applies to Orla: East or West?
Answer with exactly one word:",-1.0769405,-8.842812,-11.550056,-11.167534,-12.008209,-22.765564,15.3515625,15.5859375,conflict,-12.8998165,-10.560444,-16.284649,-16.272972,-18.812317,-20.474617,-25.447092,10.560444,-0.234375
g057_exception_override,57,9,3,exception_override,closure,2,East,West,5571,4589,"You are given a rule system.
General rule: items connected to Pavel use label East.
Exception: Orla is a special case and uses label West.
Fact: Orla is connected to Pavel.
Question: Which label applies to Orla: East or West?
Answer with exactly one word:",3.4892426,-7.387417,-8.070763,-8.178858,-6.638115,-18.78801,15.53125,15.3984375,clean,-8.333633,-9.105049,-12.805355,-13.284296,-13.442223,-16.497063,-16.571075,8.333633,0.1328125
g058_clean,58,9,4,clean,stable,0,Copper,Silver,38315,15934,"You are given a small relation graph.
Fact 1: Orla routes through Pavel.
Fact 2: Pavel ends at Copper.
Question: Which label is associated with Orla: Copper or Silver?
Answer with exactly one word:",1.359506,-0.7167263,-13.005417,-19.86626,-18.726694,-50.50723,16.140625,14.6328125,clean,0.0,0.0,0.0,0.0,0.0,0.0,14.033369,0.0,1.5078125
g058_redundant,58,9,4,redundant,stable,0,Copper,Silver,38315,15934,"You are given a small relation graph.
Fact 1: Orla routes through Pavel.
Fact 2: Pavel ends at Copper.
Confirmation: Orla still goes through Pavel.
Confirmation: Pavel still points to Copper.
Question: Which label is associated with Orla: Copper or Silver?
Answer with exactly one word:",-2.839313,-9.028252,-23.559845,-28.799948,-32.87985,-58.44218,15.515625,14.78125,clean,-4.198819,-8.311525,-10.554428,-8.933687,-14.153154,-7.934952,-8.713219,4.198819,0.734375
g058_irrelevant,58,9,4,irrelevant,stable,0,Copper,Silver,38315,15934,"You are given a small relation graph.
Fact 1: Orla routes through Pavel.
Fact 2: Pavel ends at Copper.
Irrelevant fact: Rin is associated with Gold.
Question: Which label is associated with Orla: Copper or Silver?
Answer with exactly one word:",6.558507,4.6766944,-0.5919552,-8.260905,-3.7179546,-42.61817,16.3125,14.234375,clean,5.199001,5.3934207,12.413462,11.605355,15.008739,7.889057,38.280586,5.199001,2.078125
g058_paraphrase,58,9,4,paraphrase,stable,0,Copper,Silver,38315,15934,"In this example, Orla reaches Pavel.
The destination connected to Pavel is Copper.
Based on those two links, select the label for Orla: Copper or Silver.
Answer:",-0.78383064,-7.798291,-12.210398,-18.195824,-13.580822,-49.419228,16.453125,14.6953125,clean,-2.1433368,-7.081565,0.79501915,1.6704369,5.145872,1.0880013,15.367501,0.79501915,1.7578125
g058_weak_distractor,58,9,4,weak_distractor,competition,1,Copper,Silver,38315,15934,"You are given a small relation graph.
Fact 1: Orla routes through Pavel.
Fact 2: Pavel ends at Copper.
Weak note: some unrelated source mentions Silver, but does not update the graph.
Question: Which label is associated with Orla: Copper or Silver?
Answer with exactly one word:",5.641854,-3.5255976,-5.059078,-12.757476,-3.5107517,-40.615906,15.7890625,14.125,clean,4.2823477,-2.8088713,7.9463387,7.1087847,15.215942,9.891323,32.906532,2.8088713,1.6640625
g058_competition_balanced,58,9,4,competition_balanced,competition,1,Copper,Silver,38315,15934,"You are given a small relation graph.
Fact 1: Orla routes through Pavel.
Fact 2: Pavel ends at Copper.
Competing fact: Orla is also associated with Silver.
Question: Which label is associated with Orla: Copper or Silver?
Answer with exactly one word:",5.579218,5.0345907,-0.7941513,-11.2346,2.584774,-36.766514,15.8671875,13.875,clean,4.219712,5.751317,12.211266,8.63166,21.311468,13.740715,43.093597,4.219712,1.9921875
g058_direct_conflict,58,9,4,direct_conflict,competition,1,Copper,Silver,38315,15934,"You are given a small relation graph.
Fact 1: Orla routes through Pavel.
Fact 2: Pavel ends at Copper.
Direct conflicting fact: Orla ends at Silver.
Question: Which label is associated with Orla: Copper or Silver?
Answer with exactly one word:",2.9228432,0.12271023,-4.377965,-12.988886,-6.967911,-46.26338,15.671875,14.3125,clean,1.5633372,0.83943653,8.627452,6.8773746,11.758783,4.2438507,29.035255,0.83943653,1.359375
g058_closure_update,58,9,4,closure_update,closure,2,Copper,Silver,38315,15934,"You are given a small relation graph.
Fact 1: Orla routes through Pavel.
Old record: Pavel ends at Copper.
Updated record: Pavel ends at Silver, not Copper.
Question: Which label is associated with Orla: Copper or Silver?
Answer with exactly one word:",-0.832906,-14.265757,-15.868,-22.790585,-8.560825,-43.986053,15.5859375,13.765625,clean,-2.192412,-13.54903,-2.8625832,-2.924324,10.165869,6.5211754,15.238647,2.192412,1.8203125
g058_closure_override,58,9,4,closure_override,closure,2,Copper,Silver,38315,15934,"You are given a rule system.
General rule: items that routes through Pavel receive label Copper.
Override rule: in this case, items that routes through Pavel receive label Silver.
Fact: Orla routes through Pavel.
Question: Which label applies to Orla: Copper or Silver?
Answer with exactly one word:",-14.797772,-24.914843,-37.121872,-43.13549,-43.934116,-70.416176,15.6875,16.09375,conflict,-16.157278,-24.198116,-24.116455,-23.26923,-25.207422,-19.908947,-39.574593,16.157278,-0.40625
g058_exception_override,58,9,4,exception_override,closure,2,Copper,Silver,38315,15934,"You are given a rule system.
General rule: items connected to Pavel use label Copper.
Exception: Orla is a special case and uses label Silver.
Fact: Orla is connected to Pavel.
Question: Which label applies to Orla: Copper or Silver?
Answer with exactly one word:",-16.096272,-29.983446,-41.01555,-47.59448,-55.3374,-82.115524,14.875,16.25,conflict,-17.455778,-29.26672,-28.010132,-27.728218,-36.610703,-31.608295,-56.62451,17.455778,-1.375
g059_clean,59,9,5,clean,stable,0,Gold,Iron,6863,17186,"You are given a small relation graph.
Fact 1: Orla is linked with Pavel.
Fact 2: Pavel resolves to Gold.
Question: Which label is associated with Orla: Gold or Iron?
Answer with exactly one word:",15.711694,13.478417,24.732033,36.685547,38.73581,69.48035,15.3203125,14.1953125,clean,0.0,0.0,0.0,0.0,0.0,0.0,14.033369,0.0,1.125
g059_redundant,59,9,5,redundant,stable,0,Gold,Iron,6863,17186,"You are given a small relation graph.
Fact 1: Orla is linked with Pavel.
Fact 2: Pavel resolves to Gold.
Confirmation: Orla still goes through Pavel.
Confirmation: Pavel still points to Gold.
Question: Which label is associated with Orla: Gold or Iron?
Answer with exactly one word:",12.735117,6.367361,21.894176,33.979843,31.731861,60.87379,14.890625,14.3203125,clean,-2.9765768,-7.1110563,-2.8378563,-2.7057037,-7.003948,-8.606556,0.85833836,2.7057037,0.5703125
g059_irrelevant,59,9,5,irrelevant,stable,0,Gold,Iron,6863,17186,"You are given a small relation graph.
Fact 1: Orla is linked with Pavel.
Fact 2: Pavel resolves to Gold.
Irrelevant fact: Rin is associated with Red.
Question: Which label is associated with Orla: Gold or Iron?
Answer with exactly one word:",22.4343,27.855453,39.09137,51.07607,55.817734,84.89293,15.71875,13.5703125,clean,6.7226057,14.377036,14.359337,14.390522,17.081924,15.412582,48.35379,6.7226057,2.1484375
g059_paraphrase,59,9,5,paraphrase,stable,0,Gold,Iron,6863,17186,"In this example, Orla reaches Pavel.
The destination connected to Pavel is Gold.
Based on those two links, select the label for Orla: Gold or Iron.
Answer:",21.691183,21.165533,35.592857,50.474342,64.273476,93.02714,16.515625,14.0234375,clean,5.9794893,7.6871157,10.860825,13.788795,25.537666,23.546791,52.744987,5.9794893,2.4921875
g059_weak_distractor,59,9,5,weak_distractor,competition,1,Gold,Iron,6863,17186,"You are given a small relation graph.
Fact 1: Orla is linked with Pavel.
Fact 2: Pavel resolves to Gold.
Weak note: some unrelated source mentions Iron, but does not update the graph.
Question: Which label is associated with Orla: Gold or Iron?
Answer with exactly one word:",21.775623,24.28612,42.74901,53.26528,56.783577,86.268585,15.5,13.6796875,clean,6.0639296,10.807702,18.016975,16.579735,18.047768,16.788239,50.59411,6.0639296,1.8203125
g059_competition_balanced,59,9,5,competition_balanced,competition,1,Gold,Iron,6863,17186,"You are given a small relation graph.
Fact 1: Orla is linked with Pavel.
Fact 2: Pavel resolves to Gold.
Competing fact: Orla is also associated with Iron.
Question: Which label is associated with Orla: Gold or Iron?
Answer with exactly one word:",6.3545485,12.872635,21.470152,33.972218,32.966827,65.124725,14.875,14.6484375,clean,-9.357145,-0.6057825,-3.2618809,-2.7133293,-5.768982,-4.3556213,4.140728,0.6057825,0.2265625
g059_direct_conflict,59,9,5,direct_conflict,competition,1,Gold,Iron,6863,17186,"You are given a small relation graph.
Fact 1: Orla is linked with Pavel.
Fact 2: Pavel resolves to Gold.
Direct conflicting fact: Orla resolves to Iron.
Question: Which label is associated with Orla: Gold or Iron?
Answer with exactly one word:",4.7184463,7.855612,20.720259,31.97377,23.271711,56.71198,14.671875,14.6953125,conflict,-10.993248,-5.6228056,-4.011774,-4.7117767,-15.464098,-12.768368,-8.165304,4.011774,-0.0234375
g059_closure_update,59,9,5,closure_update,closure,2,Gold,Iron,6863,17186,"You are given a small relation graph.
Fact 1: Orla is linked with Pavel.
Old record: Pavel resolves to Gold.
Updated record: Pavel resolves to Iron, not Gold.
Question: Which label is associated with Orla: Gold or Iron?
Answer with exactly one word:",12.036228,10.633592,24.98544,37.483776,48.2416,80.677414,15.453125,13.703125,clean,-3.6754656,-2.8448257,0.25340652,0.7982292,9.505791,11.197067,23.200935,0.25340652,1.75
g059_closure_override,59,9,5,closure_override,closure,2,Gold,Iron,6863,17186,"You are given a rule system.
General rule: items that is linked with Pavel receive label Gold.
Override rule: in this case, items that is linked with Pavel receive label Iron.
Fact: Orla is linked with Pavel.
Question: Which label applies to Orla: Gold or Iron?
Answer with exactly one word:",4.8807654,10.085878,14.20046,28.05142,28.200798,65.96896,15.8046875,15.5390625,clean,-10.830929,-3.392539,-10.531572,-8.634127,-10.535011,-3.511383,-4.4096203,3.392539,0.265625
g059_exception_override,59,9,5,exception_override,closure,2,Gold,Iron,6863,17186,"You are given a rule system.
General rule: items connected to Pavel use label Gold.
Exception: Orla is a special case and uses label Iron.
Fact: Orla is connected to Pavel.
Question: Which label applies to Orla: Gold or Iron?
Answer with exactly one word:",0.35575342,0.014884949,2.7228355,16.947308,6.7244835,42.41027,14.3125,15.8203125,conflict,-15.35594,-13.463532,-22.009197,-19.73824,-32.011326,-27.070076,-40.71901,13.463532,-1.5078125
g060_clean,60,10,0,clean,stable,0,Red,Blue,4075,7640,"You are given a small relation graph.
Fact 1: Nora belongs to Silas.
Fact 2: Silas is located at Red.
Question: Which label is associated with Nora: Red or Blue?
Answer with exactly one word:",1.3249807,-3.6145344,14.900274,21.692936,21.448212,68.991455,15.921875,13.6171875,clean,0.0,0.0,0.0,0.0,0.0,0.0,14.033369,0.0,2.3046875
g060_redundant,60,10,0,redundant,stable,0,Red,Blue,4075,7640,"You are given a small relation graph.
Fact 1: Nora belongs to Silas.
Fact 2: Silas is located at Red.
Confirmation: Nora still goes through Silas.
Confirmation: Silas still points to Red.
Question: Which label is associated with Nora: Red or Blue?
Answer with exactly one word:",-1.1594663,-9.177013,10.818243,17.28805,16.891151,63.413773,15.8203125,13.765625,clean,-2.484447,-5.562479,-4.0820312,-4.4048862,-4.5570602,-5.5776825,3.079813,2.484447,2.0546875
g060_irrelevant,60,10,0,irrelevant,stable,0,Red,Blue,4075,7640,"You are given a small relation graph.
Fact 1: Nora belongs to Silas.
Fact 2: Silas is located at Red.
Irrelevant fact: Tess is associated with Green.
Question: Which label is associated with Nora: Red or Blue?
Answer with exactly one word:",3.1263862,2.2946281,25.093899,30.39653,32.810432,80.21106,16.03125,13.0859375,clean,1.8014054,5.9091625,10.1936245,8.703594,11.362221,11.2196045,35.472504,1.8014054,2.9453125
g060_paraphrase,60,10,0,paraphrase,stable,0,Red,Blue,4075,7640,"In this example, Nora reaches Silas.
The destination connected to Silas is Red.
Based on those two links, select the label for Nora: Red or Blue.
Answer:",4.889613,-7.1213284,9.521013,15.086071,9.606716,58.87858,16.15625,14.875,clean,3.5646324,-3.506794,-5.379261,-6.606865,-11.8414955,-10.112877,-2.2598991,3.506794,1.28125
g060_weak_distractor,60,10,0,weak_distractor,competition,1,Red,Blue,4075,7640,"You are given a small relation graph.
Fact 1: Nora belongs to Silas.
Fact 2: Silas is located at Red.
Weak note: some unrelated source mentions Blue, but does not update the graph.
Question: Which label is associated with Nora: Red or Blue?
Answer with exactly one word:",3.0468125,-3.222807,19.366777,25.088432,22.04301,68.27046,15.8046875,13.8671875,clean,1.7218318,0.39172745,4.466503,3.3954964,0.59479904,-0.72099304,17.664005,0.39172745,1.9375
g060_competition_balanced,60,10,0,competition_balanced,competition,1,Red,Blue,4075,7640,"You are given a small relation graph.
Fact 1: Nora belongs to Silas.
Fact 2: Silas is located at Red.
Competing fact: Nora is also associated with Blue.
Question: Which label is associated with Nora: Red or Blue?
Answer with exactly one word:",1.5059085,-6.678694,15.339891,20.800974,17.683475,65.641464,15.640625,13.8984375,clean,0.18092775,-3.0641594,0.43961716,-0.89196205,-3.7647362,-3.3499908,9.28982,0.18092775,1.7421875
g060_direct_conflict,60,10,0,direct_conflict,competition,1,Red,Blue,4075,7640,"You are given a small relation graph.
Fact 1: Nora belongs to Silas.
Fact 2: Silas is located at Red.
Direct conflicting fact: Nora is located at Blue.
Question: Which label is associated with Nora: Red or Blue?
Answer with exactly one word:",1.8372002,-8.314371,12.132765,17.821688,9.625214,53.2812,15.515625,14.4375,clean,0.5122194,-4.6998367,-2.7675095,-3.8712482,-11.822998,-15.710255,-4.0460873,0.5122194,1.078125
g060_closure_update,60,10,0,closure_update,closure,2,Red,Blue,4075,7640,"You are given a small relation graph.
Fact 1: Nora belongs to Silas.
Old record: Silas is located at Red.
Updated record: Silas is located at Blue, not Red.
Question: Which label is associated with Nora: Red or Blue?
Answer with exactly one word:",-6.2891564,-19.546589,-0.68989944,6.8643723,5.355213,47.232887,15.21875,14.1953125,clean,-7.614137,-15.9320545,-15.590174,-14.828564,-16.092999,-21.758568,-24.419565,7.614137,1.0234375
g060_closure_override,60,10,0,closure_override,closure,2,Red,Blue,4075,7640,"You are given a rule system.
General rule: items that belongs to Silas receive label Red.
Override rule: in this case, items that belongs to Silas receive label Blue.
Fact: Nora belongs to Silas.
Question: Which label applies to Nora: Red or Blue?
Answer with exactly one word:",-24.771137,-33.994785,-25.381454,-17.15337,-30.634499,2.1617355,14.3984375,16.453125,conflict,-26.096119,-30.38025,-40.28173,-38.846306,-52.08271,-66.82972,-94.20049,26.096119,-2.0546875
g060_exception_override,60,10,0,exception_override,closure,2,Red,Blue,4075,7640,"You are given a rule system.
General rule: items connected to Silas use label Red.
Exception: Nora is a special case and uses label Blue.
Fact: Nora is connected to Silas.
Question: Which label applies to Nora: Red or Blue?
Answer with exactly one word:",-22.31414,-38.80538,-24.362144,-16.681206,-25.915302,2.2425537,14.234375,16.359375,conflict,-23.639122,-35.19085,-39.26242,-38.37414,-47.363514,-66.7489,-92.178604,23.639122,-2.125
g061_clean,61,10,1,clean,stable,0,Green,Yellow,6724,21730,"You are given a small relation graph.
Fact 1: Nora is assigned to Silas.
Fact 2: Silas maps to Green.
Question: Which label is associated with Nora: Green or Yellow?
Answer with exactly one word:",10.025337,9.525804,22.504454,38.379475,65.49327,96.40375,16.0625,14.03125,clean,0.0,0.0,0.0,0.0,0.0,0.0,14.033369,0.0,2.03125
g061_redundant,61,10,1,redundant,stable,0,Green,Yellow,6724,21730,"You are given a small relation graph.
Fact 1: Nora is assigned to Silas.
Fact 2: Silas maps to Green.
Confirmation: Nora still goes through Silas.
Confirmation: Silas still points to Green.
Question: Which label is associated with Nora: Green or Yellow?
Answer with exactly one word:",4.929695,1.0135727,14.937683,29.495604,55.289387,86.15382,15.703125,14.1875,clean,-5.095642,-8.512231,-7.5667706,-8.883871,-10.203884,-10.249931,-6.919979,5.095642,1.515625
g061_irrelevant,61,10,1,irrelevant,stable,0,Green,Yellow,6724,21730,"You are given a small relation graph.
Fact 1: Nora is assigned to Silas.
Fact 2: Silas maps to Green.
Irrelevant fact: Tess is associated with North.
Question: Which label is associated with Nora: Green or Yellow?
Answer with exactly one word:",11.822382,14.299234,32.247658,46.08759,78.911896,108.30665,16.09375,13.171875,clean,1.7970448,4.773431,9.743204,7.7081146,13.418625,11.902901,35.911224,1.7970448,2.921875
g061_paraphrase,61,10,1,paraphrase,stable,0,Green,Yellow,6724,21730,"In this example, Nora reaches Silas.
The destination connected to Silas is Green.
Based on those two links, select the label for Nora: Green or Yellow.
Answer:",3.3229985,-0.06944656,15.358149,33.633255,55.44254,90.49719,16.03125,14.875,clean,-6.7023387,-9.59525,-7.146305,-4.7462196,-10.050732,-5.906555,-3.546383,4.7462196,1.15625
g061_weak_distractor,61,10,1,weak_distractor,competition,1,Green,Yellow,6724,21730,"You are given a small relation graph.
Fact 1: Nora is assigned to Silas.
Fact 2: Silas maps to Green.
Weak note: some unrelated source mentions Yellow, but does not update the graph.
Question: Which label is associated with Nora: Green or Yellow?
Answer with exactly one word:",9.944311,10.738253,29.2285,42.912453,73.8845,105.01688,15.703125,13.1875,clean,-0.08102608,1.2124491,6.7240467,4.532978,8.391228,8.613129,27.603146,0.08102608,2.515625
g061_competition_balanced,61,10,1,competition_balanced,competition,1,Green,Yellow,6724,21730,"You are given a small relation graph.
Fact 1: Nora is assigned to Silas.
Fact 2: Silas maps to Green.
Competing fact: Nora is also associated with Yellow.
Question: Which label is associated with Nora: Green or Yellow?
Answer with exactly one word:",0.117029905,1.238409,20.917404,36.415,71.09223,102.120674,15.6171875,13.2890625,clean,-9.908307,-8.287395,-1.5870495,-1.9644737,5.598961,5.7169266,13.375576,1.5870495,2.328125
g061_direct_conflict,61,10,1,direct_conflict,competition,1,Green,Yellow,6724,21730,"You are given a small relation graph.
Fact 1: Nora is assigned to Silas.
Fact 2: Silas maps to Green.
Direct conflicting fact: Nora maps to Yellow.
Question: Which label is associated with Nora: Green or Yellow?
Answer with exactly one word:",0.48969316,1.2512264,16.328781,31.09407,60.418068,92.74629,15.28125,13.84375,clean,-9.535645,-8.274577,-6.1756725,-7.285404,-5.075203,-3.6574554,-0.6995077,3.6574554,1.4375
g061_closure_update,61,10,1,closure_update,closure,2,Green,Yellow,6724,21730,"You are given a small relation graph.
Fact 1: Nora is assigned to Silas.
Old record: Silas maps to Green.
Updated record: Silas maps to Yellow, not Green.
Question: Which label is associated with Nora: Green or Yellow?
Answer with exactly one word:",-2.6864767,-11.893043,5.6314564,20.675962,55.20159,89.25998,15.015625,13.796875,clean,-12.711814,-21.418846,-16.872997,-17.703512,-10.291679,-7.1437683,-18.646677,7.1437683,1.21875
g061_closure_override,61,10,1,closure_override,closure,2,Green,Yellow,6724,21730,"You are given a rule system.
General rule: items that is assigned to Silas receive label Green.
Override rule: in this case, items that is assigned to Silas receive label Yellow.
Fact: Nora is assigned to Silas.
Question: Which label applies to Nora: Green or Yellow?
Answer with exactly one word:",-17.647358,-25.208004,-20.331526,-3.270543,19.90359,57.131664,14.359375,15.734375,conflict,-27.672695,-34.733807,-42.83598,-41.650017,-45.589684,-39.272083,-80.78787,27.672695,-1.375
g061_exception_override,61,10,1,exception_override,closure,2,Green,Yellow,6724,21730,"You are given a rule system.
General rule: items connected to Silas use label Green.
Exception: Nora is a special case and uses label Yellow.
Fact: Nora is connected to Silas.
Question: Which label applies to Nora: Green or Yellow?
Answer with exactly one word:",-19.324305,-31.993313,-22.339985,-5.4810886,17.232412,50.59498,13.9921875,15.703125,conflict,-29.349642,-41.519115,-44.844437,-43.860565,-48.260857,-45.80877,-89.77546,29.349642,-1.7109375
g062_clean,62,10,2,clean,stable,0,North,South,4612,4316,"You are given a small relation graph.
Fact 1: Nora is part of Silas.
Fact 2: Silas points to North.
Question: Which label is associated with Nora: North or South?
Answer with exactly one word:",9.660599,1.7396355,19.528332,25.290745,21.483139,19.406929,15.53125,14.421875,clean,0.0,0.0,0.0,0.0,0.0,0.0,14.033369,0.0,1.109375
g062_redundant,62,10,2,redundant,stable,0,North,South,4612,4316,"You are given a small relation graph.
Fact 1: Nora is part of Silas.
Fact 2: Silas points to North.
Confirmation: Nora still goes through Silas.
Confirmation: Silas still points to North.
Question: Which label is associated with Nora: North or South?
Answer with exactly one word:",11.121302,2.079609,22.858604,28.925598,24.550072,24.305939,15.5390625,14.1328125,clean,1.4607029,0.33997345,3.3302727,3.6348534,3.0669327,4.8990097,21.332352,0.33997345,1.40625
g062_irrelevant,62,10,2,irrelevant,stable,0,North,South,4612,4316,"You are given a small relation graph.
Fact 1: Nora is part of Silas.
Fact 2: Silas points to North.
Irrelevant fact: Tess is associated with East.
Question: Which label is associated with Nora: North or South?
Answer with exactly one word:",17.574577,13.898634,34.018543,40.908066,39.50647,38.650887,16.140625,13.53125,clean,7.9139786,12.1589985,14.4902115,15.617321,18.02333,19.243958,50.869995,7.9139786,2.609375
g062_paraphrase,62,10,2,paraphrase,stable,0,North,South,4612,4316,"In this example, Nora reaches Silas.
The destination connected to Silas is North.
Based on those two links, select the label for Nora: North or South.
Answer:",5.5250854,-0.7625923,10.227196,13.140961,7.049408,3.6633453,14.8046875,14.4375,clean,-4.1355133,-2.5022278,-9.301136,-12.149784,-14.433731,-15.743584,-11.676678,2.5022278,0.3671875
g062_weak_distractor,62,10,2,weak_distractor,competition,1,North,South,4612,4316,"You are given a small relation graph.
Fact 1: Nora is part of Silas.
Fact 2: Silas points to North.
Weak note: some unrelated source mentions South, but does not update the graph.
Question: Which label is associated with Nora: North or South?
Answer with exactly one word:",18.330769,18.98292,34.635582,38.663895,37.498703,37.049522,15.7734375,13.171875,clean,8.67017,17.243284,15.10725,13.37315,16.015564,17.642593,50.244873,8.67017,2.6015625
g062_competition_balanced,62,10,2,competition_balanced,competition,1,North,South,4612,4316,"You are given a small relation graph.
Fact 1: Nora is part of Silas.
Fact 2: Silas points to North.
Competing fact: Nora is also associated with South.
Question: Which label is associated with Nora: North or South?
Answer with exactly one word:",4.728998,3.156313,17.98283,21.804258,20.53923,19.762405,15.46875,14.46875,clean,-4.9316006,1.4166775,-1.5455017,-3.4864864,-0.9439087,0.35547638,11.063107,0.35547638,1.0
g062_direct_conflict,62,10,2,direct_conflict,competition,1,North,South,4612,4316,"You are given a small relation graph.
Fact 1: Nora is part of Silas.
Fact 2: Silas points to North.
Direct conflicting fact: Nora points to South.
Question: Which label is associated with Nora: North or South?
Answer with exactly one word:",6.010086,0.6837044,15.100281,19.593567,12.2397,10.27066,15.1015625,14.9765625,clean,-3.6505127,-1.0559311,-4.428051,-5.697178,-9.243439,-9.136269,-0.5501232,1.0559311,0.125
g062_closure_update,62,10,2,closure_update,closure,2,North,South,4612,4316,"You are given a small relation graph.
Fact 1: Nora is part of Silas.
Old record: Silas points to North.
Updated record: Silas points to South, not North.
Question: Which label is associated with Nora: North or South?
Answer with exactly one word:",8.675626,1.6612873,14.892197,19.850643,23.290512,20.459564,15.296875,14.109375,clean,-0.98497295,-0.07834816,-4.636135,-5.4401016,1.807373,1.0526352,11.183345,0.07834816,1.1875
g062_closure_override,62,10,2,closure_override,closure,2,North,South,4612,4316,"You are given a rule system.
General rule: items that is part of Silas receive label North.
Override rule: in this case, items that is part of Silas receive label South.
Fact: Nora is part of Silas.
Question: Which label applies to Nora: North or South?
Answer with exactly one word:",-8.0023365,-12.272785,-10.777679,-5.26622,-3.4840317,-7.04216,14.59375,15.90625,conflict,-17.662935,-14.012421,-30.306011,-30.556965,-24.96717,-26.44909,-45.223106,14.012421,-1.3125
g062_exception_override,62,10,2,exception_override,closure,2,North,South,4612,4316,"You are given a rule system.
General rule: items connected to Silas use label North.
Exception: Nora is a special case and uses label South.
Fact: Nora is connected to Silas.
Question: Which label applies to Nora: North or South?
Answer with exactly one word:",-2.630434,-11.380545,-2.6871185,1.8582344,5.2942886,2.8915863,14.9296875,15.265625,conflict,-12.291033,-13.12018,-22.21545,-23.43251,-16.18885,-16.515343,-28.05647,12.291033,-0.3359375
g063_clean,63,10,3,clean,stable,0,East,West,5571,4589,"You are given a small relation graph.
Fact 1: Nora is grouped under Silas.
Fact 2: Silas has label East.
Question: Which label is associated with Nora: East or West?
Answer with exactly one word:",11.077108,2.1962395,6.5489464,7.3179626,10.743225,0.63179016,16.5,14.8046875,clean,0.0,0.0,0.0,0.0,0.0,0.0,14.033369,0.0,1.6953125
g063_redundant,63,10,3,redundant,stable,0,East,West,5571,4589,"You are given a small relation graph.
Fact 1: Nora is grouped under Silas.
Fact 2: Silas has label East.
Confirmation: Nora still goes through Silas.
Confirmation: Silas still points to East.
Question: Which label is associated with Nora: East or West?
Answer with exactly one word:",13.40459,0.44818115,7.279793,7.429859,8.574234,0.3149109,16.515625,14.703125,clean,2.3274813,-1.7480583,0.7308464,0.111896515,-2.168991,-0.31687927,13.082045,0.111896515,1.8125
g063_irrelevant,63,10,3,irrelevant,stable,0,East,West,5571,4589,"You are given a small relation graph.
Fact 1: Nora is grouped under Silas.
Fact 2: Silas has label East.
Irrelevant fact: Tess is associated with Copper.
Question: Which label is associated with Nora: East or West?
Answer with exactly one word:",16.718668,8.085634,15.594131,16.53727,23.13588,14.213219,17.0,14.171875,clean,5.6415596,5.8893948,9.045185,9.219307,12.392654,13.581429,37.802376,5.6415596,2.828125
g063_paraphrase,63,10,3,paraphrase,stable,0,East,West,5571,4589,"In this example, Nora reaches Silas.
The destination connected to Silas is East.
Based on those two links, select the label for Nora: East or West.
Answer:",8.791052,2.8804836,11.834667,9.934551,11.638489,1.9680862,16.125,14.4375,clean,-2.2860565,0.68424416,5.285721,2.6165886,0.8952637,1.3362961,18.074791,0.68424416,1.6875
g063_weak_distractor,63,10,3,weak_distractor,competition,1,East,West,5571,4589,"You are given a small relation graph.
Fact 1: Nora is grouped under Silas.
Fact 2: Silas has label East.
Weak note: some unrelated source mentions West, but does not update the graph.
Question: Which label is associated with Nora: East or West?
Answer with exactly one word:",16.295261,10.21649,16.42395,16.019985,25.881653,16.784775,16.59375,13.390625,clean,5.218153,8.02025,9.875004,8.702023,15.138428,16.152985,41.241314,5.218153,3.203125
g063_competition_balanced,63,10,3,competition_balanced,competition,1,East,West,5571,4589,"You are given a small relation graph.
Fact 1: Nora is grouped under Silas.
Fact 2: Silas has label East.
Competing fact: Nora is also associated with West.
Question: Which label is associated with Nora: East or West?
Answer with exactly one word:",12.801087,5.645603,7.755516,8.126207,16.467735,7.4735107,16.375,13.984375,clean,1.723979,3.4493637,1.2065697,0.8082447,5.72451,6.8417206,22.757893,0.8082447,2.390625
g063_direct_conflict,63,10,3,direct_conflict,competition,1,East,West,5571,4589,"You are given a small relation graph.
Fact 1: Nora is grouped under Silas.
Fact 2: Silas has label East.
Direct conflicting fact: Nora has label West.
Question: Which label is associated with Nora: East or West?
Answer with exactly one word:",10.049896,4.5463543,7.3374443,7.2234936,10.68528,-0.49544525,16.25,14.59375,clean,-1.0272121,2.3501148,0.7884979,-0.09446907,-0.05794525,-1.1272354,14.249327,0.05794525,1.65625
g063_closure_update,63,10,3,closure_update,closure,2,East,West,5571,4589,"You are given a small relation graph.
Fact 1: Nora is grouped under Silas.
Old record: Silas has label East.
Updated record: Silas has label West, not East.
Question: Which label is associated with Nora: East or West?
Answer with exactly one word:",11.99137,2.2242584,6.8006573,6.7813435,19.710716,10.184441,16.359375,13.640625,clean,0.9142618,0.028018951,0.2517109,-0.5366192,8.967491,9.55265,23.554482,0.028018951,2.71875
g063_closure_override,63,10,3,closure_override,closure,2,East,West,5571,4589,"You are given a rule system.
General rule: items that is grouped under Silas receive label East.
Override rule: in this case, items that is grouped under Silas receive label West.
Fact: Nora is grouped under Silas.
Question: Which label applies to Nora: East or West?
Answer with exactly one word:",-2.4884453,-11.84874,-17.49704,-17.013153,-19.974861,-31.942345,14.9296875,16.0625,conflict,-13.565554,-14.044979,-24.045986,-24.331116,-30.718086,-32.574135,-45.301315,13.565554,-1.1328125
g063_exception_override,63,10,3,exception_override,closure,2,East,West,5571,4589,"You are given a rule system.
General rule: items connected to Silas use label East.
Exception: Nora is a special case and uses label West.
Fact: Nora is connected to Silas.
Question: Which label applies to Nora: East or West?
Answer with exactly one word:",4.4677277,-7.7795677,-8.349251,-8.661961,-9.553741,-21.713974,15.4375,15.5703125,conflict,-6.6093807,-9.975807,-14.898197,-15.979923,-20.296967,-22.345764,-24.834047,6.6093807,-0.1328125
g064_clean,64,10,4,clean,stable,0,Copper,Silver,38315,15934,"You are given a small relation graph.
Fact 1: Nora routes through Silas.
Fact 2: Silas ends at Copper.
Question: Which label is associated with Nora: Copper or Silver?
Answer with exactly one word:",3.120191,1.1856728,-7.1326146,-12.872387,-12.07262,-42.677864,16.140625,14.15625,clean,0.0,0.0,0.0,0.0,0.0,0.0,14.033369,0.0,1.984375
g064_redundant,64,10,4,redundant,stable,0,Copper,Silver,38315,15934,"You are given a small relation graph.
Fact 1: Nora routes through Silas.
Fact 2: Silas ends at Copper.
Confirmation: Nora still goes through Silas.
Confirmation: Silas still points to Copper.
Question: Which label is associated with Nora: Copper or Silver?
Answer with exactly one word:",0.8575139,-6.323633,-16.148289,-20.856289,-24.10458,-52.631523,15.6015625,14.671875,clean,-2.2626772,-7.509306,-9.015675,-7.983902,-12.03196,-9.953659,-6.958475,2.2626772,0.9296875
g064_irrelevant,64,10,4,irrelevant,stable,0,Copper,Silver,38315,15934,"You are given a small relation graph.
Fact 1: Nora routes through Silas.
Fact 2: Silas ends at Copper.
Irrelevant fact: Tess is associated with Gold.
Question: Which label is associated with Nora: Copper or Silver?
Answer with exactly one word:",6.624239,3.5221653,-5.1454353,-10.260878,-7.0545673,-42.12079,16.421875,14.34375,clean,3.5040479,2.3364925,1.9871793,2.6115093,5.018053,0.5570755,20.266724,0.5570755,2.078125
g064_paraphrase,64,10,4,paraphrase,stable,0,Copper,Silver,38315,15934,"In this example, Nora reaches Silas.
The destination connected to Silas is Copper.
Based on those two links, select the label for Nora: Copper or Silver.
Answer:",-0.7917309,-12.929373,-11.118406,-15.593525,-14.993092,-48.314735,16.421875,15.1015625,clean,-3.911922,-14.115046,-3.9857917,-2.721138,-2.9204712,-5.6368713,1.4549122,2.721138,1.3203125
g064_weak_distractor,64,10,4,weak_distractor,competition,1,Copper,Silver,38315,15934,"You are given a small relation graph.
Fact 1: Nora routes through Silas.
Fact 2: Silas ends at Copper.
Weak note: some unrelated source mentions Silver, but does not update the graph.
Question: Which label is associated with Nora: Copper or Silver?
Answer with exactly one word:",5.889573,-6.1978354,-4.3230667,-11.054914,-3.7436256,-39.141144,15.8359375,14.09375,clean,2.769382,-7.383508,2.809548,1.8174725,8.328995,3.5367203,20.141153,1.8174725,1.7421875
g064_competition_balanced,64,10,4,competition_balanced,competition,1,Copper,Silver,38315,15934,"You are given a small relation graph.
Fact 1: Nora routes through Silas.
Fact 2: Silas ends at Copper.
Competing fact: Nora is also associated with Silver.
Question: Which label is associated with Nora: Copper or Silver?
Answer with exactly one word:",9.836807,5.6067457,2.057804,-7.1746445,7.621807,-30.93565,15.984375,13.6640625,clean,6.716616,4.421073,9.190418,5.6977425,19.694427,11.742214,38.9945,4.421073,2.3203125
g064_direct_conflict,64,10,4,direct_conflict,competition,1,Copper,Silver,38315,15934,"You are given a small relation graph.
Fact 1: Nora routes through Silas.
Fact 2: Silas ends at Copper.
Direct conflicting fact: Nora ends at Silver.
Question: Which label is associated with Nora: Copper or Silver?
Answer with exactly one word:",1.675527,-4.117051,-5.917238,-13.421822,-7.0796585,-43.12353,15.484375,14.234375,clean,-1.4446641,-5.302724,1.2153764,-0.54943466,4.992962,-0.44566727,14.548876,0.44566727,1.25
g064_closure_update,64,10,4,closure_update,closure,2,Copper,Silver,38315,15934,"You are given a small relation graph.
Fact 1: Nora routes through Silas.
Old record: Silas ends at Copper.
Updated record: Silas ends at Silver, not Copper.
Question: Which label is associated with Nora: Copper or Silver?
Answer with exactly one word:",0.7950274,-13.004737,-16.043274,-21.879517,-9.027058,-42.734997,15.3359375,13.7109375,clean,-2.3251638,-14.19041,-8.91066,-9.00713,3.0455627,-0.05713272,3.1567898,0.05713272,1.625
g064_closure_override,64,10,4,closure_override,closure,2,Copper,Silver,38315,15934,"You are given a rule system.
General rule: items that routes through Silas receive label Copper.
Override rule: in this case, items that routes through Silas receive label Silver.
Fact: Nora routes through Silas.
Question: Which label applies to Nora: Copper or Silver?
Answer with exactly one word:",-15.034935,-28.819136,-40.465553,-44.154377,-48.892784,-73.13199,15.3203125,16.03125,conflict,-18.155127,-30.004808,-33.33294,-31.28199,-36.820164,-30.454124,-60.133217,18.155127,-0.7109375
g064_exception_override,64,10,4,exception_override,closure,2,Copper,Silver,38315,15934,"You are given a rule system.
General rule: items connected to Silas use label Copper.
Exception: Nora is a special case and uses label Silver.
Fact: Nora is connected to Silas.
Question: Which label applies to Nora: Copper or Silver?
Answer with exactly one word:",-13.27936,-30.647774,-39.477486,-45.841026,-53.77092,-79.36484,14.96875,16.28125,conflict,-16.399551,-31.833447,-32.34487,-32.96864,-41.6983,-36.686974,-66.23334,16.399551,-1.3125
g065_clean,65,10,5,clean,stable,0,Gold,Iron,6863,17186,"You are given a small relation graph.
Fact 1: Nora is linked with Silas.
Fact 2: Silas resolves to Gold.
Question: Which label is associated with Nora: Gold or Iron?
Answer with exactly one word:",14.428082,8.220762,19.759506,33.52314,30.121065,62.48392,14.78125,14.5078125,clean,0.0,0.0,0.0,0.0,0.0,0.0,14.033369,0.0,0.2734375
g065_redundant,65,10,5,redundant,stable,0,Gold,Iron,6863,17186,"You are given a small relation graph.
Fact 1: Nora is linked with Silas.
Fact 2: Silas resolves to Gold.
Confirmation: Nora still goes through Silas.
Confirmation: Silas still points to Gold.
Question: Which label is associated with Nora: Gold or Iron?
Answer with exactly one word:",13.172727,3.8535938,19.876366,32.759605,24.988186,55.558586,14.4609375,14.65625,conflict,-1.2553558,-4.3671684,0.116859436,-0.76353455,-5.1328793,-6.925335,5.935176,0.116859436,-0.1953125
g065_irrelevant,65,10,5,irrelevant,stable,0,Gold,Iron,6863,17186,"You are given a small relation graph.
Fact 1: Nora is linked with Silas.
Fact 2: Silas resolves to Gold.
Irrelevant fact: Tess is associated with Red.
Question: Which label is associated with Nora: Gold or Iron?
Answer with exactly one word:",23.62688,26.813503,39.900127,52.57187,55.469166,83.96872,15.5703125,13.5546875,clean,9.198798,18.592741,20.140621,19.048729,25.3481,21.484798,61.791847,9.198798,2.015625
g065_paraphrase,65,10,5,paraphrase,stable,0,Gold,Iron,6863,17186,"In this example, Nora reaches Silas.
The destination connected to Silas is Gold.
Based on those two links, select the label for Nora: Gold or Iron.
Answer:",20.298042,15.376211,30.551197,46.592026,53.15874,83.23047,16.34375,14.71875,clean,5.86996,7.155449,10.791691,13.068886,23.037676,20.746548,49.541046,5.86996,1.625
g065_weak_distractor,65,10,5,weak_distractor,competition,1,Gold,Iron,6863,17186,"You are given a small relation graph.
Fact 1: Nora is linked with Silas.
Fact 2: Silas resolves to Gold.
Weak note: some unrelated source mentions Iron, but does not update the graph.
Question: Which label is associated with Nora: Gold or Iron?
Answer with exactly one word:",18.012754,16.442818,35.360336,47.789955,44.20646,79.08922,15.296875,14.25,clean,3.584672,8.222055,15.60083,14.266815,14.085394,16.605297,45.1794,3.584672,1.046875
g065_competition_balanced,65,10,5,competition_balanced,competition,1,Gold,Iron,6863,17186,"You are given a small relation graph.
Fact 1: Nora is linked with Silas.
Fact 2: Silas resolves to Gold.
Competing fact: Nora is also associated with Iron.
Question: Which label is associated with Nora: Gold or Iron?
Answer with exactly one word:",8.302523,11.391992,20.495739,33.143425,29.360146,64.54712,14.703125,14.6953125,clean,-6.12556,3.1712294,0.73623276,-0.37971497,-0.7609196,2.063198,14.489732,0.37971497,0.0078125
g065_direct_conflict,65,10,5,direct_conflict,competition,1,Gold,Iron,6863,17186,"You are given a small relation graph.
Fact 1: Nora is linked with Silas.
Fact 2: Silas resolves to Gold.
Direct conflicting fact: Nora resolves to Iron.
Question: Which label is associated with Nora: Gold or Iron?
Answer with exactly one word:",8.578501,9.769249,21.305965,33.160957,22.560476,57.06581,14.625,14.78125,conflict,-5.8495817,1.5484867,1.5464592,-0.36218262,-7.560589,-5.41811,7.1063876,0.36218262,-0.15625
g065_closure_update,65,10,5,closure_update,closure,2,Gold,Iron,6863,17186,"You are given a small relation graph.
Fact 1: Nora is linked with Silas.
Old record: Silas resolves to Gold.
Updated record: Silas resolves to Iron, not Gold.
Question: Which label is associated with Nora: Gold or Iron?
Answer with exactly one word:",13.606221,8.515438,20.494156,33.159054,39.033714,73.56917,15.25,14.3359375,clean,-0.82186127,0.29467583,0.73464966,-0.36408615,8.912649,11.085247,24.265537,0.29467583,0.9140625
g065_closure_override,65,10,5,closure_override,closure,2,Gold,Iron,6863,17186,"You are given a rule system.
General rule: items that is linked with Silas receive label Gold.
Override rule: in this case, items that is linked with Silas receive label Iron.
Fact: Nora is linked with Silas.
Question: Which label applies to Nora: Gold or Iron?
Answer with exactly one word:",5.7933836,4.296241,7.6537027,20.80465,16.766335,56.293297,15.1015625,15.7890625,conflict,-8.634699,-3.9245214,-12.1058035,-12.718491,-13.354731,-6.190624,-9.128611,3.9245214,-0.6875
g065_exception_override,65,10,5,exception_override,closure,2,Gold,Iron,6863,17186,"You are given a rule system.
General rule: items connected to Silas use label Gold.
Exception: Nora is a special case and uses label Iron.
Fact: Nora is connected to Silas.
Question: Which label applies to Nora: Gold or Iron?
Answer with exactly one word:",3.7039871,-2.8061142,1.5786314,15.304984,7.2528286,44.788757,14.3984375,16.015625,conflict,-10.724095,-11.026876,-18.180874,-18.218155,-22.868237,-17.695164,-27.278154,10.724095,-1.6171875
g066_clean,66,11,0,clean,stable,0,Red,Blue,4075,7640,"You are given a small relation graph.
Fact 1: Uma belongs to Vito.
Fact 2: Vito is located at Red.
Question: Which label is associated with Uma: Red or Blue?
Answer with exactly one word:",1.2626004,-2.053381,15.758619,21.813229,24.583523,73.57341,15.984375,13.2421875,clean,0.0,0.0,0.0,0.0,0.0,0.0,14.033369,0.0,2.7421875
g066_redundant,66,11,0,redundant,stable,0,Red,Blue,4075,7640,"You are given a small relation graph.
Fact 1: Uma belongs to Vito.
Fact 2: Vito is located at Red.
Confirmation: Uma still goes through Vito.
Confirmation: Vito still points to Red.
Question: Which label is associated with Uma: Red or Blue?
Answer with exactly one word:",-1.2581439,-6.8039265,8.144068,13.205339,17.706146,63.19687,15.65625,13.28125,clean,-2.5207443,-4.7505455,-7.6145515,-8.607889,-6.8773766,-10.376541,-3.3944473,2.5207443,2.375
g066_irrelevant,66,11,0,irrelevant,stable,0,Red,Blue,4075,7640,"You are given a small relation graph.
Fact 1: Uma belongs to Vito.
Fact 2: Vito is located at Red.
Irrelevant fact: Willa is associated with Green.
Question: Which label is associated with Uma: Red or Blue?
Answer with exactly one word:",3.106346,3.9138508,26.98143,31.531395,39.516373,88.88425,16.078125,12.28125,clean,1.8437455,5.9672318,11.222811,9.718166,14.93285,15.310837,40.217865,1.8437455,3.796875
g066_paraphrase,66,11,0,paraphrase,stable,0,Red,Blue,4075,7640,"In this example, Uma reaches Vito.
The destination connected to Vito is Red.
Based on those two links, select the label for Uma: Red or Blue.
Answer:",4.925314,-6.774925,9.372719,14.336693,11.017834,58.25021,16.15625,14.5078125,clean,3.6627135,-4.7215443,-6.3859005,-7.476536,-13.565689,-15.3232,-6.9232273,3.6627135,1.6484375
g066_weak_distractor,66,11,0,weak_distractor,competition,1,Red,Blue,4075,7640,"You are given a small relation graph.
Fact 1: Uma belongs to Vito.
Fact 2: Vito is located at Red.
Weak note: some unrelated source mentions Blue, but does not update the graph.
Question: Which label is associated with Uma: Red or Blue?
Answer with exactly one word:",4.2774944,2.4987698,25.577976,29.956978,32.74235,80.43814,15.921875,13.125,clean,3.014894,4.5521507,9.819357,8.143749,8.158829,6.864731,31.089762,3.014894,2.796875
g066_competition_balanced,66,11,0,competition_balanced,competition,1,Red,Blue,4075,7640,"You are given a small relation graph.
Fact 1: Uma belongs to Vito.
Fact 2: Vito is located at Red.
Competing fact: Uma is also associated with Blue.
Question: Which label is associated with Uma: Red or Blue?
Answer with exactly one word:",2.9000614,-3.0973625,15.996483,20.84835,21.61435,68.71878,15.6328125,13.59375,clean,1.637461,-1.0439816,0.23786354,-0.9648781,-2.9691734,-4.8546295,9.806173,0.23786354,2.0390625
g066_direct_conflict,66,11,0,direct_conflict,competition,1,Red,Blue,4075,7640,"You are given a small relation graph.
Fact 1: Uma belongs to Vito.
Fact 2: Vito is located at Red.
Direct conflicting fact: Uma is located at Blue.
Question: Which label is associated with Uma: Red or Blue?
Answer with exactly one word:",3.4952693,-4.519886,14.946753,20.026917,16.089687,61.04573,15.640625,14.0546875,clean,2.2326689,-2.466505,-0.81186676,-1.7863121,-8.493835,-12.527679,2.0117464,0.81186676,1.5859375
g066_closure_update,66,11,0,closure_update,closure,2,Red,Blue,4075,7640,"You are given a small relation graph.
Fact 1: Uma belongs to Vito.
Old record: Vito is located at Red.
Updated record: Vito is located at Blue, not Red.
Question: Which label is associated with Uma: Red or Blue?
Answer with exactly one word:",-8.080553,-20.785187,-2.0963001,4.6535378,6.111084,45.90478,15.015625,14.0546875,clean,-9.343153,-18.731806,-17.85492,-17.15969,-18.472439,-27.668629,-31.801397,9.343153,0.9609375
g066_closure_override,66,11,0,closure_override,closure,2,Red,Blue,4075,7640,"You are given a rule system.
General rule: items that belongs to Vito receive label Red.
Override rule: in this case, items that belongs to Vito receive label Blue.
Fact: Uma belongs to Vito.
Question: Which label applies to Uma: Red or Blue?
Answer with exactly one word:",-23.91311,-33.757835,-26.134464,-18.227613,-28.971272,1.0320969,14.1953125,16.453125,conflict,-25.17571,-31.704454,-41.89308,-40.04084,-53.554794,-72.54131,-99.21663,25.17571,-2.2578125
g066_exception_override,66,11,0,exception_override,closure,2,Red,Blue,4075,7640,"You are given a rule system.
General rule: items connected to Vito use label Red.
Exception: Uma is a special case and uses label Blue.
Fact: Uma is connected to Vito.
Question: Which label applies to Uma: Red or Blue?
Answer with exactly one word:",-24.109509,-39.17655,-26.3961,-18.707928,-24.987213,0.21598816,13.8671875,16.25,conflict,-25.372108,-37.12317,-42.154716,-40.521156,-49.570736,-73.35742,-99.733376,25.372108,-2.3828125
g067_clean,67,11,1,clean,stable,0,Green,Yellow,6724,21730,"You are given a small relation graph.
Fact 1: Uma is assigned to Vito.
Fact 2: Vito maps to Green.
Question: Which label is associated with Uma: Green or Yellow?
Answer with exactly one word:",15.722631,22.003073,30.663536,43.840015,75.49335,107.59075,16.09375,13.078125,clean,0.0,0.0,0.0,0.0,0.0,0.0,14.033369,0.0,3.015625
g067_redundant,67,11,1,redundant,stable,0,Green,Yellow,6724,21730,"You are given a small relation graph.
Fact 1: Uma is assigned to Vito.
Fact 2: Vito maps to Green.
Confirmation: Uma still goes through Vito.
Confirmation: Vito still points to Green.
Question: Which label is associated with Uma: Green or Yellow?
Answer with exactly one word:",7.0469666,10.532812,19.40338,32.70347,63.01579,95.93317,15.703125,13.0546875,clean,-8.675665,-11.470261,-11.260157,-11.136547,-12.477558,-11.657585,-12.98295,8.675665,2.6484375
g067_irrelevant,67,11,1,irrelevant,stable,0,Green,Yellow,6724,21730,"You are given a small relation graph.
Fact 1: Uma is assigned to Vito.
Fact 2: Vito maps to Green.
Irrelevant fact: Willa is associated with North.
Question: Which label is associated with Uma: Green or Yellow?
Answer with exactly one word:",15.164586,24.873234,40.434566,51.86413,88.007095,119.19986,15.96875,12.0625,clean,-0.5580454,2.870161,9.77103,8.024113,12.513748,11.609108,34.277676,0.5580454,3.90625
g067_paraphrase,67,11,1,paraphrase,stable,0,Green,Yellow,6724,21730,"In this example, Uma reaches Vito.
The destination connected to Vito is Green.
Based on those two links, select the label for Uma: Green or Yellow.
Answer:",4.898709,2.2901096,16.280655,33.16841,57.159187,94.42689,15.984375,14.2734375,clean,-10.823923,-19.712963,-14.382881,-10.671604,-18.33416,-13.163864,-21.003168,10.671604,1.7109375
g067_weak_distractor,67,11,1,weak_distractor,competition,1,Green,Yellow,6724,21730,"You are given a small relation graph.
Fact 1: Uma is assigned to Vito.
Fact 2: Vito maps to Green.
Weak note: some unrelated source mentions Yellow, but does not update the graph.
Question: Which label is associated with Uma: Green or Yellow?
Answer with exactly one word:",17.115772,28.051395,42.164604,52.43275,85.98705,117.685165,15.453125,11.4140625,clean,1.3931408,6.0483227,11.501068,8.592735,10.493706,10.094414,34.905975,1.3931408,4.0390625
g067_competition_balanced,67,11,1,competition_balanced,competition,1,Green,Yellow,6724,21730,"You are given a small relation graph.
Fact 1: Uma is assigned to Vito.
Fact 2: Vito maps to Green.
Competing fact: Uma is also associated with Yellow.
Question: Which label is associated with Uma: Green or Yellow?
Answer with exactly one word:",8.812432,17.472363,34.056396,47.631145,85.71637,118.51501,15.71875,11.9609375,clean,-6.910199,-4.53071,3.3928604,3.79113,10.223022,10.924255,24.602257,3.3928604,3.7578125
g067_direct_conflict,67,11,1,direct_conflict,competition,1,Green,Yellow,6724,21730,"You are given a small relation graph.
Fact 1: Uma is assigned to Vito.
Fact 2: Vito maps to Green.
Direct conflicting fact: Uma maps to Yellow.
Question: Which label is associated with Uma: Green or Yellow?
Answer with exactly one word:",9.017459,18.742407,32.72917,45.07604,77.50109,111.69238,15.484375,12.359375,clean,-6.7051725,-3.260666,2.0656357,1.236023,2.0077438,4.101631,15.877007,1.236023,3.125
g067_closure_update,67,11,1,closure_update,closure,2,Green,Yellow,6724,21730,"You are given a small relation graph.
Fact 1: Uma is assigned to Vito.
Old record: Vito maps to Green.
Updated record: Vito maps to Yellow, not Green.
Question: Which label is associated with Uma: Green or Yellow?
Answer with exactly one word:",-1.2087407,-6.714466,9.053767,22.968813,58.18096,96.42552,15.046875,13.3671875,clean,-16.931372,-28.717539,-21.609768,-20.871202,-17.312386,-11.16523,-30.799154,11.16523,1.6796875
g067_closure_override,67,11,1,closure_override,closure,2,Green,Yellow,6724,21730,"You are given a rule system.
General rule: items that is assigned to Vito receive label Green.
Override rule: in this case, items that is assigned to Vito receive label Yellow.
Fact: Uma is assigned to Vito.
Question: Which label applies to Uma: Green or Yellow?
Answer with exactly one word:",-18.53167,-25.711823,-22.72354,-5.732279,16.938967,53.77683,13.90625,15.6015625,conflict,-34.254303,-47.714897,-53.387077,-49.572296,-58.554382,-53.813923,-107.980934,34.254303,-1.6953125
g067_exception_override,67,11,1,exception_override,closure,2,Green,Yellow,6724,21730,"You are given a rule system.
General rule: items connected to Vito use label Green.
Exception: Uma is a special case and uses label Yellow.
Fact: Uma is connected to Vito.
Question: Which label applies to Uma: Green or Yellow?
Answer with exactly one word:",-20.2863,-31.582848,-25.102295,-7.932674,13.638626,47.907814,13.3125,15.7734375,conflict,-36.008934,-53.585922,-55.76583,-51.77269,-61.85472,-59.682938,-116.81297,36.008934,-2.4609375
g068_clean,68,11,2,clean,stable,0,North,South,4612,4316,"You are given a small relation graph.
Fact 1: Uma is part of Vito.
Fact 2: Vito points to North.
Question: Which label is associated with Uma: North or South?
Answer with exactly one word:",13.248426,6.9260216,23.234951,28.168043,21.131104,21.404037,15.71875,13.9921875,clean,0.0,0.0,0.0,0.0,0.0,0.0,14.033369,0.0,1.7265625
g068_redundant,68,11,2,redundant,stable,0,North,South,4612,4316,"You are given a small relation graph.
Fact 1: Uma is part of Vito.
Fact 2: Vito points to North.
Confirmation: Uma still goes through Vito.
Confirmation: Vito still points to North.
Question: Which label is associated with Uma: North or South?
Answer with exactly one word:",13.826787,6.079813,25.413654,30.266998,24.61467,27.00927,15.640625,13.5546875,clean,0.57836056,-0.8462086,2.1787033,2.0989552,3.4835663,5.6052322,20.234951,0.57836056,2.0859375
g068_irrelevant,68,11,2,irrelevant,stable,0,North,South,4612,4316,"You are given a small relation graph.
Fact 1: Uma is part of Vito.
Fact 2: Vito points to North.
Irrelevant fact: Willa is associated with East.
Question: Which label is associated with Uma: North or South?
Answer with exactly one word:",18.298853,15.124977,36.74392,41.93328,39.06671,40.6883,16.140625,12.953125,clean,5.0504265,8.198956,13.508968,13.765238,17.935608,19.284264,47.76248,5.0504265,3.1875
g068_paraphrase,68,11,2,paraphrase,stable,0,North,South,4612,4316,"In this example, Uma reaches Vito.
The destination connected to Vito is North.
Based on those two links, select the label for Uma: North or South.
Answer:",3.650978,-2.788496,6.7928467,9.302822,-0.8853302,-2.5156708,15.0625,15.015625,clean,-9.597448,-9.714518,-16.442104,-18.865221,-22.016434,-23.919708,-28.876837,9.597448,0.046875
g068_weak_distractor,68,11,2,weak_distractor,competition,1,North,South,4612,4316,"You are given a small relation graph.
Fact 1: Uma is part of Vito.
Fact 2: Vito points to North.
Weak note: some unrelated source mentions South, but does not update the graph.
Question: Which label is associated with Uma: North or South?
Answer with exactly one word:",19.500677,19.982483,38.748287,41.769157,40.18991,41.641113,16.078125,12.8515625,clean,6.2522507,13.056461,15.513336,13.601114,19.058807,20.237076,51.441574,6.2522507,3.2265625
g068_competition_balanced,68,11,2,competition_balanced,competition,1,North,South,4612,4316,"You are given a small relation graph.
Fact 1: Uma is part of Vito.
Fact 2: Vito points to North.
Competing fact: Uma is also associated with South.
Question: Which label is associated with Uma: North or South?
Answer with exactly one word:",13.063549,11.803608,28.101469,31.114817,29.498215,30.403595,15.8203125,13.7890625,clean,-0.1848774,4.8775864,4.866518,2.9467735,8.367111,8.9995575,27.57386,0.1848774,2.03125
g068_direct_conflict,68,11,2,direct_conflict,competition,1,North,South,4612,4316,"You are given a small relation graph.
Fact 1: Uma is part of Vito.
Fact 2: Vito points to North.
Direct conflicting fact: Uma points to South.
Question: Which label is associated with Uma: North or South?
Answer with exactly one word:",13.605846,11.020042,27.152592,30.664566,22.717476,23.307251,15.640625,14.1484375,clean,0.35741997,4.094021,3.9176407,2.496523,1.5863724,1.9032135,19.823425,0.35741997,1.4921875
g068_closure_update,68,11,2,closure_update,closure,2,North,South,4612,4316,"You are given a small relation graph.
Fact 1: Uma is part of Vito.
Old record: Vito points to North.
Updated record: Vito points to South, not North.
Question: Which label is associated with Uma: North or South?
Answer with exactly one word:",8.346694,0.50990486,14.027275,18.30214,16.165024,16.935104,15.265625,14.4453125,clean,-4.9017324,-6.4161167,-9.207676,-9.865904,-4.9660797,-4.468933,-1.6533251,4.468933,0.8203125
g068_closure_override,68,11,2,closure_override,closure,2,North,South,4612,4316,"You are given a rule system.
General rule: items that is part of Vito receive label North.
Override rule: in this case, items that is part of Vito receive label South.
Fact: Uma is part of Vito.
Question: Which label applies to Uma: North or South?
Answer with exactly one word:",-8.959322,-13.848331,-12.603775,-7.7544746,-10.375946,-12.567627,14.21875,16.28125,conflict,-22.207748,-20.774353,-35.838726,-35.922516,-31.50705,-33.971664,-60.011627,20.774353,-2.0625
g068_exception_override,68,11,2,exception_override,closure,2,North,South,4612,4316,"You are given a rule system.
General rule: items connected to Vito use label North.
Exception: Uma is a special case and uses label South.
Fact: Uma is connected to Vito.
Question: Which label applies to Uma: North or South?
Answer with exactly one word:",-5.7874203,-14.784418,-7.8712463,-3.5788612,-5.643509,-7.8812256,14.2890625,15.9375,conflict,-19.035847,-21.71044,-31.106197,-31.746904,-26.774612,-29.285263,-51.214287,19.035847,-1.6484375
g069_clean,69,11,3,clean,stable,0,East,West,5571,4589,"You are given a small relation graph.
Fact 1: Uma is grouped under Vito.
Fact 2: Vito has label East.
Question: Which label is associated with Uma: East or West?
Answer with exactly one word:",13.388092,5.0898304,9.867802,9.902161,10.892761,1.7756271,16.484375,14.34375,clean,0.0,0.0,0.0,0.0,0.0,0.0,14.033369,0.0,2.140625
g069_redundant,69,11,3,redundant,stable,0,East,West,5571,4589,"You are given a small relation graph.
Fact 1: Uma is grouped under Vito.
Fact 2: Vito has label East.
Confirmation: Uma still goes through Vito.
Confirmation: Vito still points to East.
Question: Which label is associated with Uma: East or West?
Answer with exactly one word:",14.734451,3.5030403,10.476139,9.773617,8.500061,0.8591919,16.34375,14.1328125,clean,1.3463593,-1.5867901,0.6083374,-0.12854385,-2.3927002,-0.91643524,12.345751,0.12854385,2.2109375
g069_irrelevant,69,11,3,irrelevant,stable,0,East,West,5571,4589,"You are given a small relation graph.
Fact 1: Uma is grouped under Vito.
Fact 2: Vito has label East.
Irrelevant fact: Willa is associated with Copper.
Question: Which label is associated with Uma: East or West?
Answer with exactly one word:",18.75834,12.38521,22.387585,22.699038,29.07373,20.685272,17.015625,13.2109375,clean,5.370249,7.2953796,12.519783,12.796877,18.18097,18.909645,46.684624,5.370249,3.8046875
g069_paraphrase,69,11,3,paraphrase,stable,0,East,West,5571,4589,"In this example, Uma reaches Vito.
The destination connected to Vito is East.
Based on those two links, select the label for Uma: East or West.
Answer:",5.0435534,-0.81825066,7.9104652,5.4505863,4.794441,-5.624672,16.109375,14.609375,clean,-8.344539,-5.908081,-1.9573364,-4.4515743,-6.09832,-7.400299,0.77146053,1.9573364,1.5
g069_weak_distractor,69,11,3,weak_distractor,competition,1,East,West,5571,4589,"You are given a small relation graph.
Fact 1: Uma is grouped under Vito.
Fact 2: Vito has label East.
Weak note: some unrelated source mentions West, but does not update the graph.
Question: Which label is associated with Uma: East or West?
Answer with exactly one word:",17.444756,12.555866,19.949121,19.28963,26.08543,17.584953,16.46875,12.7734375,clean,4.0566635,7.466036,10.08132,9.38747,15.192669,15.809326,41.000526,4.0566635,3.6953125
g069_competition_balanced,69,11,3,competition_balanced,competition,1,East,West,5571,4589,"You are given a small relation graph.
Fact 1: Uma is grouped under Vito.
Fact 2: Vito has label East.
Competing fact: Uma is also associated with West.
Question: Which label is associated with Uma: East or West?
Answer with exactly one word:",14.767422,7.8591976,12.852823,12.496368,17.852943,9.584892,16.359375,13.5390625,clean,1.3793297,2.7693672,2.9850216,2.5942078,6.960182,7.809265,25.01025,1.3793297,2.8203125
g069_direct_conflict,69,11,3,direct_conflict,competition,1,East,West,5571,4589,"You are given a small relation graph.
Fact 1: Uma is grouped under Vito.
Fact 2: Vito has label East.
Direct conflicting fact: Uma has label West.
Question: Which label is associated with Uma: East or West?
Answer with exactly one word:",12.841131,7.4121,12.916191,11.833849,12.857338,3.1568298,16.28125,14.03125,clean,-0.54696083,2.3222694,3.0483894,1.9316883,1.9645767,1.3812027,18.381203,0.54696083,2.25
g069_closure_update,69,11,3,closure_update,closure,2,East,West,5571,4589,"You are given a small relation graph.
Fact 1: Uma is grouped under Vito.
Old record: Vito has label East.
Updated record: Vito has label West, not East.
Question: Which label is associated with Uma: East or West?
Answer with exactly one word:",12.682243,0.7818546,6.189148,5.360035,14.044685,5.6119766,16.078125,13.3671875,clean,-0.7058487,-4.307976,-3.6786537,-4.5421257,3.1519241,3.8363495,12.712748,0.7058487,2.7109375
g069_closure_override,69,11,3,closure_override,closure,2,East,West,5571,4589,"You are given a rule system.
General rule: items that is grouped under Vito receive label East.
Override rule: in this case, items that is grouped under Vito receive label West.
Fact: Uma is grouped under Vito.
Question: Which label applies to Uma: East or West?
Answer with exactly one word:",-2.0839863,-11.034626,-14.637941,-14.171204,-17.634491,-28.56697,15.1171875,15.8203125,conflict,-15.472078,-16.124456,-24.505743,-24.073364,-28.527252,-30.342598,-44.259438,15.472078,-0.703125
g069_exception_override,69,11,3,exception_override,closure,2,East,West,5571,4589,"You are given a rule system.
General rule: items connected to Vito use label East.
Exception: Uma is a special case and uses label West.
Fact: Uma is connected to Vito.
Question: Which label applies to Uma: East or West?
Answer with exactly one word:",2.102559,-10.306507,-11.571371,-12.217686,-15.029678,-26.816933,15.1875,15.765625,conflict,-11.285533,-15.3963375,-21.439173,-22.119846,-25.92244,-28.59256,-38.820396,11.285533,-0.578125
g070_clean,70,11,4,clean,stable,0,Copper,Silver,38315,15934,"You are given a small relation graph.
Fact 1: Uma routes through Vito.
Fact 2: Vito ends at Copper.
Question: Which label is associated with Uma: Copper or Silver?
Answer with exactly one word:",2.9799461,4.3203716,-5.281314,-13.077107,-6.151169,-46.220108,16.140625,14.109375,clean,0.0,0.0,0.0,0.0,0.0,0.0,14.033369,0.0,2.03125
g070_redundant,70,11,4,redundant,stable,0,Copper,Silver,38315,15934,"You are given a small relation graph.
Fact 1: Uma routes through Vito.
Fact 2: Vito ends at Copper.
Confirmation: Uma still goes through Vito.
Confirmation: Vito still points to Copper.
Question: Which label is associated with Uma: Copper or Silver?
Answer with exactly one word:",-2.4571989,-2.8971243,-16.295662,-22.237606,-17.410538,-53.361885,15.3203125,14.1875,clean,-5.437145,-7.217496,-11.014348,-9.160499,-11.259369,-7.141777,-7.0503006,5.437145,1.1328125
g070_irrelevant,70,11,4,irrelevant,stable,0,Copper,Silver,38315,15934,"You are given a small relation graph.
Fact 1: Uma routes through Vito.
Fact 2: Vito ends at Copper.
Irrelevant fact: Willa is associated with Gold.
Question: Which label is associated with Uma: Copper or Silver?
Answer with exactly one word:",9.760945,12.249924,10.803931,1.635354,16.315527,-31.060017,16.640625,13.3203125,clean,6.780999,7.929552,16.085245,14.712461,22.466696,15.160091,49.68905,6.780999,3.3203125
g070_paraphrase,70,11,4,paraphrase,stable,0,Copper,Silver,38315,15934,"In this example, Uma reaches Vito.
The destination connected to Vito is Copper.
Based on those two links, select the label for Uma: Copper or Silver.
Answer:",0.834919,-5.9937344,-5.437954,-11.21776,-1.6698914,-40.37424,16.765625,14.375,clean,-2.1450272,-10.314106,-0.15664005,1.8593473,4.4812775,5.845867,16.085789,0.15664005,2.390625
g070_weak_distractor,70,11,4,weak_distractor,competition,1,Copper,Silver,38315,15934,"You are given a small relation graph.
Fact 1: Uma routes through Vito.
Fact 2: Vito ends at Copper.
Weak note: some unrelated source mentions Silver, but does not update the graph.
Question: Which label is associated with Uma: Copper or Silver?
Answer with exactly one word:",9.319946,5.2385893,10.508842,-0.042170525,13.042355,-31.048779,15.6875,13.0859375,clean,6.34,0.91821766,15.790156,13.034937,19.193523,15.1713295,44.865284,0.91821766,2.6015625
g070_competition_balanced,70,11,4,competition_balanced,competition,1,Copper,Silver,38315,15934,"You are given a small relation graph.
Fact 1: Uma routes through Vito.
Fact 2: Vito ends at Copper.
Competing fact: Uma is also associated with Silver.
Question: Which label is associated with Uma: Copper or Silver?
Answer with exactly one word:",11.472466,11.990858,12.744268,0.8683891,22.572176,-21.591888,16.0625,12.7578125,clean,8.49252,7.6704865,18.025581,13.945497,28.723345,24.62822,58.4907,7.6704865,3.3046875
g070_direct_conflict,70,11,4,direct_conflict,competition,1,Copper,Silver,38315,15934,"You are given a small relation graph.
Fact 1: Uma routes through Vito.
Fact 2: Vito ends at Copper.
Direct conflicting fact: Uma ends at Silver.
Question: Which label is associated with Uma: Copper or Silver?
Answer with exactly one word:",8.022115,9.314354,11.718571,0.7155895,13.566265,-32.966408,15.921875,13.375,clean,5.0421686,4.9939823,16.999886,13.792697,19.717434,13.2537,45.982788,4.9939823,2.546875
g070_closure_update,70,11,4,closure_update,closure,2,Copper,Silver,38315,15934,"You are given a small relation graph.
Fact 1: Uma routes through Vito.
Old record: Vito ends at Copper.
Updated record: Vito ends at Silver, not Copper.
Question: Which label is associated with Uma: Copper or Silver?
Answer with exactly one word:",-3.0378544,-16.442183,-14.594847,-21.478924,-3.7428246,-42.989918,15.75,13.6796875,clean,-6.0178003,-20.762554,-9.313533,-8.401816,2.4083443,3.2301903,1.590208,2.4083443,2.0703125
g070_closure_override,70,11,4,closure_override,closure,2,Copper,Silver,38315,15934,"You are given a rule system.
General rule: items that routes through Vito receive label Copper.
Override rule: in this case, items that routes through Vito receive label Silver.
Fact: Uma routes through Vito.
Question: Which label applies to Uma: Copper or Silver?
Answer with exactly one word:",-16.367985,-29.741909,-40.378723,-44.347935,-45.15438,-74.729065,15.46875,16.1875,conflict,-19.34793,-34.06228,-35.09741,-31.270828,-39.003212,-28.508957,-62.56594,19.34793,-0.71875
g070_exception_override,70,11,4,exception_override,closure,2,Copper,Silver,38315,15934,"You are given a rule system.
General rule: items connected to Vito use label Copper.
Exception: Uma is a special case and uses label Silver.
Fact: Uma is connected to Vito.
Question: Which label applies to Uma: Copper or Silver?
Answer with exactly one word:",-15.59007,-30.589325,-39.062176,-45.611183,-47.783596,-77.93531,14.9375,16.015625,conflict,-18.570015,-34.9097,-33.78086,-32.534077,-41.632427,-31.715202,-65.58532,18.570015,-1.078125
g071_clean,71,11,5,clean,stable,0,Gold,Iron,6863,17186,"You are given a small relation graph.
Fact 1: Uma is linked with Vito.
Fact 2: Vito resolves to Gold.
Question: Which label is associated with Uma: Gold or Iron?
Answer with exactly one word:",22.928942,22.813526,31.19304,42.64661,43.32179,78.185326,15.6875,14.1484375,clean,0.0,0.0,0.0,0.0,0.0,0.0,14.033369,0.0,1.5390625
g071_redundant,71,11,5,redundant,stable,0,Gold,Iron,6863,17186,"You are given a small relation graph.
Fact 1: Uma is linked with Vito.
Fact 2: Vito resolves to Gold.
Confirmation: Uma still goes through Vito.
Confirmation: Vito still points to Gold.
Question: Which label is associated with Uma: Gold or Iron?
Answer with exactly one word:",17.95325,13.232468,27.612364,38.47818,34.49221,68.750046,15.1328125,14.3203125,clean,-4.975691,-9.5810585,-3.580677,-4.1684303,-8.829578,-9.43528,-2.6345978,3.580677,0.8125
g071_irrelevant,71,11,5,irrelevant,stable,0,Gold,Iron,6863,17186,"You are given a small relation graph.
Fact 1: Uma is linked with Vito.
Fact 2: Vito resolves to Gold.
Irrelevant fact: Willa is associated with Red.
Question: Which label is associated with Uma: Gold or Iron?
Answer with exactly one word:",28.569042,40.59102,49.392204,59.779617,63.75006,95.56871,15.953125,13.109375,clean,5.6401005,17.777493,18.199163,17.133007,20.428272,17.383385,54.57586,5.6401005,2.84375
g071_paraphrase,71,11,5,paraphrase,stable,0,Gold,Iron,6863,17186,"In this example, Uma reaches Vito.
The destination connected to Vito is Gold.
Based on those two links, select the label for Uma: Gold or Iron.
Answer:",23.495861,23.004581,36.394135,50.767387,62.368256,94.77031,16.875,14.0859375,clean,0.5669193,0.1910553,5.2010937,8.120777,19.046467,16.584984,37.65722,0.1910553,2.7890625
g071_weak_distractor,71,11,5,weak_distractor,competition,1,Gold,Iron,6863,17186,"You are given a small relation graph.
Fact 1: Uma is linked with Vito.
Fact 2: Vito resolves to Gold.
Weak note: some unrelated source mentions Iron, but does not update the graph.
Question: Which label is associated with Uma: Gold or Iron?
Answer with exactly one word:",32.957623,42.96082,55.259598,62.889088,67.74771,101.34714,15.65625,12.8984375,clean,10.028681,20.147293,24.066557,20.242477,24.425922,23.161812,64.96735,10.028681,2.7578125
g071_competition_balanced,71,11,5,competition_balanced,competition,1,Gold,Iron,6863,17186,"You are given a small relation graph.
Fact 1: Uma is linked with Vito.
Fact 2: Vito resolves to Gold.
Competing fact: Uma is also associated with Iron.
Question: Which label is associated with Uma: Gold or Iron?
Answer with exactly one word:",18.542795,26.938568,35.420242,46.600018,50.723957,84.64108,15.5390625,14.0859375,clean,-4.3861465,4.125042,4.2272015,3.9534073,7.4021683,6.455757,24.711248,3.9534073,1.453125
g071_direct_conflict,71,11,5,direct_conflict,competition,1,Gold,Iron,6863,17186,"You are given a small relation graph.
Fact 1: Uma is linked with Vito.
Fact 2: Vito resolves to Gold.
Direct conflicting fact: Uma resolves to Iron.
Question: Which label is associated with Uma: Gold or Iron?
Answer with exactly one word:",20.206963,29.107548,42.998043,51.87539,50.96277,85.7304,15.640625,13.609375,clean,-2.7219791,6.2940216,11.805002,9.228779,7.64098,7.5450745,31.675383,2.7219791,2.03125
g071_closure_update,71,11,5,closure_update,closure,2,Gold,Iron,6863,17186,"You are given a small relation graph.
Fact 1: Uma is linked with Vito.
Old record: Vito resolves to Gold.
Updated record: Vito resolves to Iron, not Gold.
Question: Which label is associated with Uma: Gold or Iron?
Answer with exactly one word:",14.061348,12.195368,24.081112,36.056393,46.31511,84.858765,15.53125,13.8125,clean,-8.867594,-10.618158,-7.111929,-6.5902176,2.9933205,6.673439,7.927839,2.9933205,1.71875
g071_closure_override,71,11,5,closure_override,closure,2,Gold,Iron,6863,17186,"You are given a rule system.
General rule: items that is linked with Vito receive label Gold.
Override rule: in this case, items that is linked with Vito receive label Iron.
Fact: Uma is linked with Vito.
Question: Which label applies to Uma: Gold or Iron?
Answer with exactly one word:",4.6453857,3.991562,7.4899673,21.611576,15.544094,59.125137,15.28125,15.96875,conflict,-18.283556,-18.821964,-23.703074,-21.035034,-27.777695,-19.060188,-38.1203,18.283556,-0.6875
g071_exception_override,71,11,5,exception_override,closure,2,Gold,Iron,6863,17186,"You are given a rule system.
General rule: items connected to Vito use label Gold.
Exception: Uma is a special case and uses label Iron.
Fact: Uma is connected to Vito.
Question: Which label applies to Uma: Gold or Iron?
Answer with exactly one word:",1.0770149,-3.614139,1.2254629,15.737604,8.473604,48.50616,14.484375,16.171875,conflict,-21.851927,-26.427666,-29.967579,-26.909006,-34.848183,-29.679165,-55.31166,21.851927,-1.6875
g072_clean,72,12,0,clean,stable,0,Red,Blue,4075,7640,"You are given a small relation graph.
Fact 1: Xena belongs to Yuri.
Fact 2: Yuri is located at Red.
Question: Which label is associated with Xena: Red or Blue?
Answer with exactly one word:",0.5314479,-0.122190475,18.219067,24.220127,24.853619,66.24346,15.53125,13.2421875,clean,0.0,0.0,0.0,0.0,0.0,0.0,14.033369,0.0,2.2890625
g072_redundant,72,12,0,redundant,stable,0,Red,Blue,4075,7640,"You are given a small relation graph.
Fact 1: Xena belongs to Yuri.
Fact 2: Yuri is located at Red.
Confirmation: Xena still goes through Yuri.
Confirmation: Yuri still points to Red.
Question: Which label is associated with Xena: Red or Blue?
Answer with exactly one word:",0.007180214,-3.8956585,13.93974,18.88339,21.98185,59.725327,15.3046875,13.1171875,clean,-0.5242677,-3.773468,-4.2793264,-5.3367367,-2.871769,-6.518135,4.037697,0.5242677,2.1875
g072_irrelevant,72,12,0,irrelevant,stable,0,Red,Blue,4075,7640,"You are given a small relation graph.
Fact 1: Xena belongs to Yuri.
Fact 2: Yuri is located at Red.
Irrelevant fact: Zara is associated with Green.
Question: Which label is associated with Xena: Red or Blue?
Answer with exactly one word:",2.9277773,4.8684835,28.354557,32.778217,36.43908,78.35411,15.53125,12.6015625,clean,2.3963294,4.990674,10.13549,8.55809,11.585461,12.110649,35.79507,2.3963294,2.9296875
g072_paraphrase,72,12,0,paraphrase,stable,0,Red,Blue,4075,7640,"In this example, Xena reaches Yuri.
The destination connected to Yuri is Red.
Based on those two links, select the label for Xena: Red or Blue.
Answer:",8.636064,1.7889042,16.80503,20.519508,18.038567,60.512024,15.484375,13.609375,clean,8.104616,1.9110947,-1.4140358,-3.7006187,-6.815052,-5.7314377,8.106158,1.4140358,1.875
g072_weak_distractor,72,12,0,weak_distractor,competition,1,Red,Blue,4075,7640,"You are given a small relation graph.
Fact 1: Xena belongs to Yuri.
Fact 2: Yuri is located at Red.
Weak note: some unrelated source mentions Blue, but does not update the graph.
Question: Which label is associated with Xena: Red or Blue?
Answer with exactly one word:",3.8245225,1.8566265,26.241993,30.861826,28.500198,69.37413,15.28125,13.296875,clean,3.2930746,1.978817,8.022926,6.641699,3.6465797,3.1306686,24.793983,1.978817,1.984375
g072_competition_balanced,72,12,0,competition_balanced,competition,1,Red,Blue,4075,7640,"You are given a small relation graph.
Fact 1: Xena belongs to Yuri.
Fact 2: Yuri is located at Red.
Competing fact: Xena is also associated with Blue.
Question: Which label is associated with Xena: Red or Blue?
Answer with exactly one word:",2.1935084,-3.9114723,17.039265,22.031488,18.306152,57.60068,15.421875,13.875,clean,1.6620605,-3.7892818,-1.179802,-2.1886387,-6.5474663,-8.64278,4.105977,1.179802,1.546875
g072_direct_conflict,72,12,0,direct_conflict,competition,1,Red,Blue,4075,7640,"You are given a small relation graph.
Fact 1: Xena belongs to Yuri.
Fact 2: Yuri is located at Red.
Direct conflicting fact: Xena is located at Blue.
Question: Which label is associated with Xena: Red or Blue?
Answer with exactly one word:",2.286117,-8.9806,14.196878,19.398157,9.231903,45.962055,15.234375,14.46875,clean,1.7546692,-8.85841,-4.022188,-4.82197,-15.621716,-20.281406,-10.266069,1.7546692,0.765625
g072_closure_update,72,12,0,closure_update,closure,2,Red,Blue,4075,7640,"You are given a small relation graph.
Fact 1: Xena belongs to Yuri.
Old record: Yuri is located at Red.
Updated record: Yuri is located at Blue, not Red.
Question: Which label is associated with Xena: Red or Blue?
Answer with exactly one word:",-1.2524011,-14.931985,9.922699,16.408278,16.885262,54.105984,15.40625,13.890625,clean,-1.783849,-14.809794,-8.296368,-7.8118496,-7.968357,-12.137478,-7.9333115,1.783849,1.515625
g072_closure_override,72,12,0,closure_override,closure,2,Red,Blue,4075,7640,"You are given a rule system.
General rule: items that belongs to Yuri receive label Red.
Override rule: in this case, items that belongs to Yuri receive label Blue.
Fact: Xena belongs to Yuri.
Question: Which label applies to Xena: Red or Blue?
Answer with exactly one word:",-26.536245,-36.783558,-26.656887,-18.697136,-32.025055,-5.812851,13.890625,16.515625,conflict,-27.067694,-36.66137,-44.875954,-42.917263,-56.878674,-72.05631,-105.06356,27.067694,-2.625
g072_exception_override,72,12,0,exception_override,closure,2,Red,Blue,4075,7640,"You are given a rule system.
General rule: items connected to Yuri use label Red.
Exception: Xena is a special case and uses label Blue.
Fact: Xena is connected to Yuri.
Question: Which label applies to Xena: Red or Blue?
Answer with exactly one word:",-22.980549,-36.212242,-19.714684,-12.579848,-21.696083,3.160492,14.0078125,16.078125,conflict,-23.511997,-36.09005,-37.93375,-36.799976,-46.5497,-63.08297,-88.99386,23.511997,-2.0703125
g073_clean,73,12,1,clean,stable,0,Green,Yellow,6724,21730,"You are given a small relation graph.
Fact 1: Xena is assigned to Yuri.
Fact 2: Yuri maps to Green.
Question: Which label is associated with Xena: Green or Yellow?
Answer with exactly one word:",12.306692,19.51991,31.735514,44.57106,76.56765,106.323105,15.6015625,12.6953125,clean,0.0,0.0,0.0,0.0,0.0,0.0,14.033369,0.0,2.90625
g073_redundant,73,12,1,redundant,stable,0,Green,Yellow,6724,21730,"You are given a small relation graph.
Fact 1: Xena is assigned to Yuri.
Fact 2: Yuri maps to Green.
Confirmation: Xena still goes through Yuri.
Confirmation: Yuri still points to Green.
Question: Which label is associated with Xena: Green or Yellow?
Answer with exactly one word:",6.654284,12.451998,25.199867,39.01333,71.74175,103.500916,15.421875,12.5390625,clean,-5.652408,-7.067913,-6.5356464,-5.5577316,-4.825897,-2.8221893,1.6685562,2.8221893,2.8828125
g073_irrelevant,73,12,1,irrelevant,stable,0,Green,Yellow,6724,21730,"You are given a small relation graph.
Fact 1: Xena is assigned to Yuri.
Fact 2: Yuri maps to Green.
Irrelevant fact: Zara is associated with North.
Question: Which label is associated with Xena: Green or Yellow?
Answer with exactly one word:",12.900471,22.875313,36.98083,48.21162,85.44475,113.96484,15.5,12.1484375,clean,0.5937786,3.355402,5.2453175,3.6405602,8.877098,7.641739,27.247902,0.5937786,3.3515625
g073_paraphrase,73,12,1,paraphrase,stable,0,Green,Yellow,6724,21730,"In this example, Xena reaches Yuri.
The destination connected to Yuri is Green.
Based on those two links, select the label for Xena: Green or Yellow.
Answer:",4.0441246,5.9251137,19.005789,36.16408,60.67935,95.66777,15.3203125,13.484375,clean,-8.2625675,-13.594797,-12.729725,-8.406979,-15.888298,-10.655334,-14.326839,8.2625675,1.8359375
g073_weak_distractor,73,12,1,weak_distractor,competition,1,Green,Yellow,6724,21730,"You are given a small relation graph.
Fact 1: Xena is assigned to Yuri.
Fact 2: Yuri maps to Green.
Weak note: some unrelated source mentions Yellow, but does not update the graph.
Question: Which label is associated with Xena: Green or Yellow?
Answer with exactly one word:",13.700145,23.849306,34.969837,45.64283,78.0576,108.91695,14.7421875,11.6796875,clean,1.3934526,4.3293953,3.2343235,1.0717697,1.4899521,2.5938416,19.59975,1.0717697,3.0625
g073_competition_balanced,73,12,1,competition_balanced,competition,1,Green,Yellow,6724,21730,"You are given a small relation graph.
Fact 1: Xena is assigned to Yuri.
Fact 2: Yuri maps to Green.
Competing fact: Xena is also associated with Yellow.
Question: Which label is associated with Xena: Green or Yellow?
Answer with exactly one word:",1.4601564,6.923256,18.028275,32.458733,64.95445,97.244446,15.015625,13.21875,clean,-10.846536,-12.596655,-13.707239,-12.112328,-11.613197,-9.078659,-13.486889,9.078659,1.796875
g073_direct_conflict,73,12,1,direct_conflict,competition,1,Green,Yellow,6724,21730,"You are given a small relation graph.
Fact 1: Xena is assigned to Yuri.
Fact 2: Yuri maps to Green.
Direct conflicting fact: Xena maps to Yellow.
Question: Which label is associated with Xena: Green or Yellow?
Answer with exactly one word:",4.277375,5.659506,17.648106,30.933939,59.145782,93.64481,14.765625,13.390625,clean,-8.029317,-13.860405,-14.087408,-13.637121,-17.421867,-12.678291,-18.784819,8.029317,1.375
g073_closure_update,73,12,1,closure_update,closure,2,Green,Yellow,6724,21730,"You are given a small relation graph.
Fact 1: Xena is assigned to Yuri.
Old record: Yuri maps to Green.
Updated record: Yuri maps to Yellow, not Green.
Question: Which label is associated with Xena: Green or Yellow?
Answer with exactly one word:",0.015732765,-9.064182,11.49155,25.393246,59.541042,95.31064,15.3671875,13.7578125,clean,-12.290959,-28.584093,-20.243963,-19.177814,-17.026608,-11.012466,-28.24117,11.012466,1.609375
g073_closure_override,73,12,1,closure_override,closure,2,Green,Yellow,6724,21730,"You are given a rule system.
General rule: items that is assigned to Yuri receive label Green.
Override rule: in this case, items that is assigned to Yuri receive label Yellow.
Fact: Xena is assigned to Yuri.
Question: Which label applies to Xena: Green or Yellow?
Answer with exactly one word:",-22.662209,-31.77747,-28.431725,-10.300677,6.324795,42.965343,13.3203125,15.703125,conflict,-34.968903,-51.29738,-60.167236,-54.87174,-70.24286,-63.35776,-124.97432,34.968903,-2.3828125
g073_exception_override,73,12,1,exception_override,closure,2,Green,Yellow,6724,21730,"You are given a rule system.
General rule: items connected to Yuri use label Green.
Exception: Xena is a special case and uses label Yellow.
Fact: Xena is connected to Yuri.
Question: Which label applies to Xena: Green or Yellow?
Answer with exactly one word:",-21.22385,-30.40728,-25.74186,-8.372378,7.5698967,42.31533,12.8515625,15.515625,conflict,-33.53054,-49.927193,-57.47737,-52.94344,-68.99776,-64.007774,-122.032745,33.53054,-2.6640625
g074_clean,74,12,2,clean,stable,0,North,South,4612,4316,"You are given a small relation graph.
Fact 1: Xena is part of Yuri.
Fact 2: Yuri points to North.
Question: Which label is associated with Xena: North or South?
Answer with exactly one word:",11.315685,2.574482,20.611404,26.180313,22.617767,23.49131,15.6015625,14.0859375,clean,0.0,0.0,0.0,0.0,0.0,0.0,14.033369,0.0,1.515625
g074_redundant,74,12,2,redundant,stable,0,North,South,4612,4316,"You are given a small relation graph.
Fact 1: Xena is part of Yuri.
Fact 2: Yuri points to North.
Confirmation: Xena still goes through Yuri.
Confirmation: Yuri still points to North.
Question: Which label is associated with Xena: North or South?
Answer with exactly one word:",13.718073,5.7221413,25.369213,30.245834,27.203491,29.124512,15.40625,13.453125,clean,2.4023876,3.1476593,4.7578087,4.0655212,4.585724,5.6332016,24.366196,2.4023876,1.953125
g074_irrelevant,74,12,2,irrelevant,stable,0,North,South,4612,4316,"You are given a small relation graph.
Fact 1: Xena is part of Yuri.
Fact 2: Yuri points to North.
Irrelevant fact: Zara is associated with East.
Question: Which label is associated with Xena: North or South?
Answer with exactly one word:",15.500507,10.7204075,31.715637,37.296318,34.941994,35.01239,15.8046875,13.4296875,clean,4.184822,8.1459255,11.104233,11.116005,12.324226,11.52108,38.71419,4.184822,2.375
g074_paraphrase,74,12,2,paraphrase,stable,0,North,South,4612,4316,"In this example, Xena reaches Yuri.
The destination connected to Yuri is North.
Based on those two links, select the label for Xena: North or South.
Answer:",6.14555,-0.3320427,10.568771,11.985888,8.905304,8.395752,14.734375,13.84375,clean,-5.1701355,-2.9065247,-10.042633,-14.194426,-13.712463,-15.095558,-12.460224,2.9065247,0.890625
g074_weak_distractor,74,12,2,weak_distractor,competition,1,North,South,4612,4316,"You are given a small relation graph.
Fact 1: Xena is part of Yuri.
Fact 2: Yuri points to North.
Weak note: some unrelated source mentions South, but does not update the graph.
Question: Which label is associated with Xena: North or South?
Answer with exactly one word:",18.292105,19.142876,38.87633,41.8119,39.782394,38.796066,15.5859375,12.6953125,clean,6.9764194,16.568394,18.264927,15.631588,17.164627,15.304756,51.21232,6.9764194,2.890625
g074_competition_balanced,74,12,2,competition_balanced,competition,1,North,South,4612,4316,"You are given a small relation graph.
Fact 1: Xena is part of Yuri.
Fact 2: Yuri points to North.
Competing fact: Xena is also associated with South.
Question: Which label is associated with Xena: North or South?
Answer with exactly one word:",11.21509,10.892178,25.532475,28.902851,27.192917,26.178375,15.53125,13.921875,clean,-0.100595474,8.317696,4.92107,2.722538,4.5751495,2.6870651,23.512716,0.100595474,1.609375
g074_direct_conflict,74,12,2,direct_conflict,competition,1,North,South,4612,4316,"You are given a small relation graph.
Fact 1: Xena is part of Yuri.
Fact 2: Yuri points to North.
Direct conflicting fact: Xena points to South.
Question: Which label is associated with Xena: North or South?
Answer with exactly one word:",10.165119,7.0280724,21.251438,25.066284,17.037315,15.154816,15.1171875,14.609375,clean,-1.1505661,4.4535904,0.6400337,-1.1140289,-5.580452,-8.336494,7.974522,0.6400337,0.5078125
g074_closure_update,74,12,2,closure_update,closure,2,North,South,4612,4316,"You are given a small relation graph.
Fact 1: Xena is part of Yuri.
Old record: Yuri points to North.
Updated record: Yuri points to South, not North.
Question: Which label is associated with Xena: North or South?
Answer with exactly one word:",7.924053,-1.1728859,17.640717,21.495571,17.949203,16.038483,15.265625,14.375,clean,-3.391632,-3.7473679,-2.9706879,-4.684742,-4.668564,-7.4528275,2.7994452,2.9706879,0.890625
g074_closure_override,74,12,2,closure_override,closure,2,North,South,4612,4316,"You are given a rule system.
General rule: items that is part of Yuri receive label North.
Override rule: in this case, items that is part of Yuri receive label South.
Fact: Xena is part of Yuri.
Question: Which label applies to Xena: North or South?
Answer with exactly one word:",-11.407256,-16.838371,-13.865131,-8.73468,-15.123337,-17.89331,14.0,16.546875,conflict,-22.722942,-19.412853,-34.476536,-34.914993,-37.741104,-41.38462,-65.66282,19.412853,-2.546875
g074_exception_override,74,12,2,exception_override,closure,2,North,South,4612,4316,"You are given a rule system.
General rule: items connected to Yuri use label North.
Exception: Xena is a special case and uses label South.
Fact: Xena is connected to Yuri.
Question: Which label applies to Xena: North or South?
Answer with exactly one word:",-6.672722,-14.111465,-4.991455,-0.4296837,-3.2553482,-5.79303,14.375,15.8203125,conflict,-17.988407,-16.685947,-25.60286,-26.609997,-25.873116,-29.28434,-44.58751,16.685947,-1.4453125
g075_clean,75,12,3,clean,stable,0,East,West,5571,4589,"You are given a small relation graph.
Fact 1: Xena is grouped under Yuri.
Fact 2: Yuri has label East.
Question: Which label is associated with Xena: East or West?
Answer with exactly one word:",13.078583,3.57584,9.873371,11.365967,15.981216,5.0683365,16.515625,14.109375,clean,0.0,0.0,0.0,0.0,0.0,0.0,14.033369,0.0,2.40625
g075_redundant,75,12,3,redundant,stable,0,East,West,5571,4589,"You are given a small relation graph.
Fact 1: Xena is grouped under Yuri.
Fact 2: Yuri has label East.
Confirmation: Xena still goes through Yuri.
Confirmation: Yuri still points to East.
Question: Which label is associated with Xena: East or West?
Answer with exactly one word:",13.498377,2.2555008,9.031342,9.719627,16.330948,6.0967712,16.5,13.921875,clean,0.41979408,-1.3203392,-0.8420296,-1.6463394,0.34973145,1.0284348,13.405214,0.34973145,2.578125
g075_irrelevant,75,12,3,irrelevant,stable,0,East,West,5571,4589,"You are given a small relation graph.
Fact 1: Xena is grouped under Yuri.
Fact 2: Yuri has label East.
Irrelevant fact: Zara is associated with Copper.
Question: Which label is associated with Xena: East or West?
Answer with exactly one word:",16.84307,9.216633,16.54095,17.455921,27.504372,16.789627,16.875,13.234375,clean,3.7644863,5.640793,6.6675797,6.0899544,11.523155,11.721291,33.69141,3.7644863,3.640625
g075_paraphrase,75,12,3,paraphrase,stable,0,East,West,5571,4589,"In this example, Xena reaches Yuri.
The destination connected to Yuri is East.
Based on those two links, select the label for Xena: East or West.
Answer:",8.873306,1.2804012,6.132639,4.234558,8.292572,-4.118637,15.71875,14.1875,clean,-4.2052765,-2.2954388,-3.7407322,-7.1314087,-7.6886444,-9.186974,-0.60363865,2.2954388,1.53125
g075_weak_distractor,75,12,3,weak_distractor,competition,1,East,West,5571,4589,"You are given a small relation graph.
Fact 1: Xena is grouped under Yuri.
Fact 2: Yuri has label East.
Weak note: some unrelated source mentions West, but does not update the graph.
Question: Which label is associated with Xena: East or West?
Answer with exactly one word:",16.839378,12.387262,21.093874,21.284462,32.5515,21.79306,16.515625,12.53125,clean,3.7607956,8.811422,11.220503,9.918495,16.570282,16.724724,43.214508,3.7607956,3.984375
g075_competition_balanced,75,12,3,competition_balanced,competition,1,East,West,5571,4589,"You are given a small relation graph.
Fact 1: Xena is grouped under Yuri.
Fact 2: Yuri has label East.
Competing fact: Xena is also associated with West.
Question: Which label is associated with Xena: East or West?
Answer with exactly one word:",12.527254,6.593296,7.6509285,8.338387,19.424454,7.579445,16.375,13.6484375,clean,-0.55132866,3.017456,-2.2224426,-3.0275803,3.4432373,2.5111084,15.809792,0.55132866,2.7265625
g075_direct_conflict,75,12,3,direct_conflict,competition,1,East,West,5571,4589,"You are given a small relation graph.
Fact 1: Xena is grouped under Yuri.
Fact 2: Yuri has label East.
Direct conflicting fact: Xena has label West.
Question: Which label is associated with Xena: East or West?
Answer with exactly one word:",11.184702,4.1987724,8.433308,8.12608,15.740677,3.7217255,16.171875,13.9921875,clean,-1.8938808,0.62293243,-1.4400635,-3.2398872,-0.24053955,-1.346611,11.126379,0.24053955,2.1796875
g075_closure_update,75,12,3,closure_update,closure,2,East,West,5571,4589,"You are given a small relation graph.
Fact 1: Xena is grouped under Yuri.
Old record: Yuri has label East.
Updated record: Yuri has label West, not East.
Question: Which label is associated with Xena: East or West?
Answer with exactly one word:",10.674189,-0.6595764,5.2914295,5.806879,16.688187,4.336212,16.28125,13.6640625,clean,-2.4043941,-4.2354164,-4.5819416,-5.5590878,0.7069702,-0.7321243,8.006823,0.7069702,2.6171875
g075_closure_override,75,12,3,closure_override,closure,2,East,West,5571,4589,"You are given a rule system.
General rule: items that is grouped under Yuri receive label East.
Override rule: in this case, items that is grouped under Yuri receive label West.
Fact: Xena is grouped under Yuri.
Question: Which label applies to Xena: East or West?
Answer with exactly one word:",-3.324173,-13.032305,-17.932053,-17.758795,-22.735382,-35.710342,14.6328125,16.140625,conflict,-16.402756,-16.608145,-27.805424,-29.124762,-38.7166,-40.77868,-58.45556,16.402756,-1.5078125
g075_exception_override,75,12,3,exception_override,closure,2,East,West,5571,4589,"You are given a rule system.
General rule: items connected to Yuri use label East.
Exception: Xena is a special case and uses label West.
Fact: Xena is connected to Yuri.
Question: Which label applies to Xena: East or West?
Answer with exactly one word:",2.0458927,-9.160801,-8.91185,-9.309216,-9.093155,-22.858185,15.296875,15.5859375,conflict,-11.03269,-12.736641,-18.785221,-20.675182,-25.074371,-27.926521,-35.462494,11.03269,-0.2890625
g076_clean,76,12,4,clean,stable,0,Copper,Silver,38315,15934,"You are given a small relation graph.
Fact 1: Xena routes through Yuri.
Fact 2: Yuri ends at Copper.
Question: Which label is associated with Xena: Copper or Silver?
Answer with exactly one word:",4.165932,3.1387362,-4.6707735,-11.5271845,-2.4049988,-37.089916,15.5703125,12.8046875,clean,0.0,0.0,0.0,0.0,0.0,0.0,14.033369,0.0,2.765625
g076_redundant,76,12,4,redundant,stable,0,Copper,Silver,38315,15934,"You are given a small relation graph.
Fact 1: Xena routes through Yuri.
Fact 2: Yuri ends at Copper.
Confirmation: Xena still goes through Yuri.
Confirmation: Yuri still points to Copper.
Question: Which label is associated with Xena: Copper or Silver?
Answer with exactly one word:",1.0044363,1.0588055,-8.751177,-14.815823,-6.2918262,-38.41886,15.3046875,12.7421875,clean,-3.161496,-2.0799308,-4.0804033,-3.288638,-3.8868275,-1.3289452,7.011383,1.3289452,2.5625
g076_irrelevant,76,12,4,irrelevant,stable,0,Copper,Silver,38315,15934,"You are given a small relation graph.
Fact 1: Xena routes through Yuri.
Fact 2: Yuri ends at Copper.
Irrelevant fact: Zara is associated with Gold.
Question: Which label is associated with Xena: Copper or Silver?
Answer with exactly one word:",8.365431,9.256878,7.9274206,-0.8843641,15.679577,-24.955822,15.8671875,11.9765625,clean,4.1994987,6.1181417,12.598194,10.64282,18.084576,12.134094,41.708138,4.1994987,3.890625
g076_paraphrase,76,12,4,paraphrase,stable,0,Copper,Silver,38315,15934,"In this example, Xena reaches Yuri.
The destination connected to Yuri is Copper.
Based on those two links, select the label for Xena: Copper or Silver.
Answer:",1.1255045,1.5770025,-2.4662666,-9.344049,1.3237782,-30.672585,16.265625,13.015625,clean,-3.0404277,-1.5617337,2.2045069,2.183135,3.728777,6.4173317,19.754189,1.5617337,3.25
g076_weak_distractor,76,12,4,weak_distractor,competition,1,Copper,Silver,38315,15934,"You are given a small relation graph.
Fact 1: Xena routes through Yuri.
Fact 2: Yuri ends at Copper.
Weak note: some unrelated source mentions Silver, but does not update the graph.
Question: Which label is associated with Xena: Copper or Silver?
Answer with exactly one word:",6.042654,-1.4669089,1.731874,-5.622938,7.1921883,-30.306519,14.9765625,12.3671875,clean,1.8767219,-4.605645,6.4026475,5.9042463,9.597187,6.7833977,26.231392,1.8767219,2.609375
g076_competition_balanced,76,12,4,competition_balanced,competition,1,Copper,Silver,38315,15934,"You are given a small relation graph.
Fact 1: Xena routes through Yuri.
Fact 2: Yuri ends at Copper.
Competing fact: Xena is also associated with Silver.
Question: Which label is associated with Xena: Copper or Silver?
Answer with exactly one word:",6.215625,10.939608,3.4626865,-6.749361,12.337706,-26.566895,15.3359375,12.3125,clean,2.0496926,7.8008714,8.13346,4.7778234,14.742704,10.523022,35.108,2.0496926,3.0234375
g076_direct_conflict,76,12,4,direct_conflict,competition,1,Copper,Silver,38315,15934,"You are given a small relation graph.
Fact 1: Xena routes through Yuri.
Fact 2: Yuri ends at Copper.
Direct conflicting fact: Xena ends at Silver.
Question: Which label is associated with Xena: Copper or Silver?
Answer with exactly one word:",-0.3057047,-4.455893,-7.4774876,-15.144144,-6.3474827,-42.841442,15.03125,13.5234375,clean,-4.471637,-7.5946293,-2.806714,-3.6169596,-3.942484,-5.751526,3.0171385,2.806714,1.5078125
g076_closure_update,76,12,4,closure_update,closure,2,Copper,Silver,38315,15934,"You are given a small relation graph.
Fact 1: Xena routes through Yuri.
Old record: Yuri ends at Copper.
Updated record: Yuri ends at Silver, not Copper.
Question: Which label is associated with Xena: Copper or Silver?
Answer with exactly one word:",-2.2420132,-16.217274,-11.339494,-17.835743,-0.6700001,-36.20421,15.21875,12.65625,clean,-6.4079456,-19.35601,-6.6687202,-6.3085585,1.7349987,0.88570786,2.336255,0.88570786,2.5625
g076_closure_override,76,12,4,closure_override,closure,2,Copper,Silver,38315,15934,"You are given a rule system.
General rule: items that routes through Yuri receive label Copper.
Override rule: in this case, items that routes through Yuri receive label Silver.
Fact: Xena routes through Yuri.
Question: Which label applies to Xena: Copper or Silver?
Answer with exactly one word:",-16.302149,-27.696049,-40.211304,-45.49311,-47.178772,-72.17943,15.1015625,15.71875,conflict,-20.46808,-30.834785,-35.54053,-33.965927,-44.773773,-35.08951,-69.28638,20.46808,-0.6171875
g076_exception_override,76,12,4,exception_override,closure,2,Copper,Silver,38315,15934,"You are given a rule system.
General rule: items connected to Yuri use label Copper.
Exception: Xena is a special case and uses label Silver.
Fact: Xena is connected to Yuri.
Question: Which label applies to Xena: Copper or Silver?
Answer with exactly one word:",-16.104832,-28.796093,-39.814434,-46.04267,-46.607204,-73.79522,14.7890625,15.53125,conflict,-20.270763,-31.93483,-35.14366,-34.515488,-44.202206,-36.705303,-70.189705,20.270763,-0.7421875
g077_clean,77,12,5,clean,stable,0,Gold,Iron,6863,17186,"You are given a small relation graph.
Fact 1: Xena is linked with Yuri.
Fact 2: Yuri resolves to Gold.
Question: Which label is associated with Xena: Gold or Iron?
Answer with exactly one word:",17.26643,13.249817,27.297537,38.92258,44.549004,72.2585,15.3984375,13.515625,clean,0.0,0.0,0.0,0.0,0.0,0.0,14.033369,0.0,1.8828125
g077_redundant,77,12,5,redundant,stable,0,Gold,Iron,6863,17186,"You are given a small relation graph.
Fact 1: Xena is linked with Yuri.
Fact 2: Yuri resolves to Gold.
Confirmation: Xena still goes through Yuri.
Confirmation: Yuri still points to Gold.
Question: Which label is associated with Xena: Gold or Iron?
Answer with exactly one word:",18.979942,16.96312,30.959545,42.40934,50.07055,76.78523,15.265625,13.0859375,clean,1.7135124,3.7133026,3.6620083,3.4867592,5.5215454,4.5267334,23.622292,1.7135124,2.1796875
g077_irrelevant,77,12,5,irrelevant,stable,0,Gold,Iron,6863,17186,"You are given a small relation graph.
Fact 1: Xena is linked with Yuri.
Fact 2: Yuri resolves to Gold.
Irrelevant fact: Zara is associated with Red.
Question: Which label is associated with Xena: Gold or Iron?
Answer with exactly one word:",24.765759,34.14952,45.932205,57.084953,70.19944,93.009415,15.6875,12.1796875,clean,7.4993286,20.899704,18.634668,18.162373,25.650436,20.750916,60.965935,7.4993286,3.5078125
g077_paraphrase,77,12,5,paraphrase,stable,0,Gold,Iron,6863,17186,"In this example, Xena reaches Yuri.
The destination connected to Yuri is Gold.
Based on those two links, select the label for Xena: Gold or Iron.
Answer:",20.632492,27.49168,39.75573,54.823063,73.1065,100.12044,16.484375,12.828125,clean,3.3660622,14.241863,12.458193,15.900482,28.557495,27.861938,59.507874,3.3660622,3.65625
g077_weak_distractor,77,12,5,weak_distractor,competition,1,Gold,Iron,6863,17186,"You are given a small relation graph.
Fact 1: Xena is linked with Yuri.
Fact 2: Yuri resolves to Gold.
Weak note: some unrelated source mentions Iron, but does not update the graph.
Question: Which label is associated with Xena: Gold or Iron?
Answer with exactly one word:",31.086365,41.090473,56.239536,65.25751,73.28171,98.933105,15.1875,12.1328125,clean,13.819935,27.840656,28.942,26.334927,28.732704,26.674606,76.72694,13.819935,3.0546875
g077_competition_balanced,77,12,5,competition_balanced,competition,1,Gold,Iron,6863,17186,"You are given a small relation graph.
Fact 1: Xena is linked with Yuri.
Fact 2: Yuri resolves to Gold.
Competing fact: Xena is also associated with Iron.
Question: Which label is associated with Xena: Gold or Iron?
Answer with exactly one word:",16.594858,24.809143,33.805023,47.01442,54.199768,82.87752,15.6015625,13.859375,clean,-0.67157173,11.559326,6.5074863,8.091839,9.650764,10.619019,33.822773,0.67157173,1.7421875
g077_direct_conflict,77,12,5,direct_conflict,competition,1,Gold,Iron,6863,17186,"You are given a small relation graph.
Fact 1: Xena is linked with Yuri.
Fact 2: Yuri resolves to Gold.
Direct conflicting fact: Xena resolves to Iron.
Question: Which label is associated with Xena: Gold or Iron?
Answer with exactly one word:",14.705049,18.362556,34.396137,46.231804,46.18639,75.4608,15.453125,13.84375,clean,-2.5613813,5.1127396,7.0986004,7.309223,1.6373863,3.202301,23.38035,1.6373863,1.609375
g077_closure_update,77,12,5,closure_update,closure,2,Gold,Iron,6863,17186,"You are given a small relation graph.
Fact 1: Xena is linked with Yuri.
Old record: Yuri resolves to Gold.
Updated record: Yuri resolves to Iron, not Gold.
Question: Which label is associated with Xena: Gold or Iron?
Answer with exactly one word:",15.622413,9.982167,28.692823,41.315445,50.39357,81.018036,15.8046875,13.703125,clean,-1.6440172,-3.2676497,1.3952866,2.3928642,5.8445663,8.759537,21.530703,1.3952866,2.1015625
g077_closure_override,77,12,5,closure_override,closure,2,Gold,Iron,6863,17186,"You are given a rule system.
General rule: items that is linked with Yuri receive label Gold.
Override rule: in this case, items that is linked with Yuri receive label Iron.
Fact: Xena is linked with Yuri.
Question: Which label applies to Xena: Gold or Iron?
Answer with exactly one word:",1.8246231,4.436572,6.5890236,21.050625,12.673862,49.47829,14.890625,15.7734375,conflict,-15.441807,-8.813245,-20.708513,-17.871956,-31.875141,-22.780209,-35.68889,8.813245,-0.8828125
g077_exception_override,77,12,5,exception_override,closure,2,Gold,Iron,6863,17186,"You are given a rule system.
General rule: items connected to Yuri use label Gold.
Exception: Xena is a special case and uses label Iron.
Fact: Xena is connected to Yuri.
Question: Which label applies to Xena: Gold or Iron?
Answer with exactly one word:",1.0253744,1.6723814,4.8617573,19.12033,8.112627,43.817963,14.3359375,15.734375,conflict,-16.241055,-11.5774355,-22.43578,-19.80225,-36.43638,-28.440536,-43.442192,11.5774355,-1.3984375
g078_clean,78,13,0,clean,stable,0,Red,Blue,4075,7640,"You are given a small relation graph.
Fact 1: Iris belongs to Kai.
Fact 2: Kai is located at Red.
Question: Which label is associated with Iris: Red or Blue?
Answer with exactly one word:",-0.93163157,-6.1363726,8.862806,15.876656,12.538784,55.795464,15.53125,14.375,clean,0.0,0.0,0.0,0.0,0.0,0.0,14.033369,0.0,1.15625
g078_redundant,78,13,0,redundant,stable,0,Red,Blue,4075,7640,"You are given a small relation graph.
Fact 1: Iris belongs to Kai.
Fact 2: Kai is located at Red.
Confirmation: Iris still goes through Kai.
Confirmation: Kai still points to Red.
Question: Which label is associated with Iris: Red or Blue?
Answer with exactly one word:",-0.5512533,-5.9948654,6.240879,11.44054,12.57634,54.149315,15.3203125,14.0859375,clean,0.38037825,0.14150715,-2.6219273,-4.4361153,0.037555695,-1.6461487,10.520231,0.037555695,1.234375
g078_irrelevant,78,13,0,irrelevant,stable,0,Red,Blue,4075,7640,"You are given a small relation graph.
Fact 1: Iris belongs to Kai.
Fact 2: Kai is located at Red.
Irrelevant fact: Lena is associated with Green.
Question: Which label is associated with Iris: Red or Blue?
Answer with exactly one word:",2.0526905,-0.49988556,19.26506,24.26685,26.355225,70.437225,15.7890625,13.96875,clean,2.984322,5.636487,10.402254,8.390194,13.816441,14.641762,38.604774,2.984322,1.8203125
g078_paraphrase,78,13,0,paraphrase,stable,0,Red,Blue,4075,7640,"In this example, Iris reaches Kai.
The destination connected to Kai is Red.
Based on those two links, select the label for Iris: Red or Blue.
Answer:",8.639179,-6.158909,8.037672,12.203505,6.15609,49.88217,15.53125,15.015625,clean,9.57081,-0.022536278,-0.8251343,-3.673151,-6.3826942,-5.913292,8.188843,0.022536278,0.515625
g078_weak_distractor,78,13,0,weak_distractor,competition,1,Red,Blue,4075,7640,"You are given a small relation graph.
Fact 1: Iris belongs to Kai.
Fact 2: Kai is located at Red.
Weak note: some unrelated source mentions Blue, but does not update the graph.
Question: Which label is associated with Iris: Red or Blue?
Answer with exactly one word:",3.7393193,3.3718395,24.199657,29.585575,28.304665,73.62494,15.640625,13.7890625,clean,4.670951,9.508212,15.336851,13.70892,15.765881,17.829475,46.99508,4.670951,1.8515625
g078_competition_balanced,78,13,0,competition_balanced,competition,1,Red,Blue,4075,7640,"You are given a small relation graph.
Fact 1: Iris belongs to Kai.
Fact 2: Kai is located at Red.
Competing fact: Iris is also associated with Blue.
Question: Which label is associated with Iris: Red or Blue?
Answer with exactly one word:",1.8939869,-4.360565,14.091183,19.667728,16.520851,59.981144,15.3671875,14.1953125,clean,2.8256185,1.7758074,5.2283764,3.7910728,3.982067,4.1856804,23.056257,1.7758074,1.171875
g078_direct_conflict,78,13,0,direct_conflict,competition,1,Red,Blue,4075,7640,"You are given a small relation graph.
Fact 1: Iris belongs to Kai.
Fact 2: Kai is located at Red.
Direct conflicting fact: Iris is located at Blue.
Question: Which label is associated with Iris: Red or Blue?
Answer with exactly one word:",-0.42213392,-11.990454,7.4935226,13.973686,4.475319,45.288506,15.1484375,14.875,clean,0.50949764,-5.854081,-1.3692837,-1.9029694,-8.063465,-10.506958,1.4829693,0.50949764,0.2734375
g078_closure_update,78,13,0,closure_update,closure,2,Red,Blue,4075,7640,"You are given a small relation graph.
Fact 1: Iris belongs to Kai.
Old record: Kai is located at Red.
Updated record: Kai is located at Blue, not Red.
Question: Which label is associated with Iris: Red or Blue?
Answer with exactly one word:",-5.8262725,-19.118465,-0.5649357,6.538765,4.374611,44.830498,15.1875,14.703125,clean,-4.894641,-12.982093,-9.427742,-9.337891,-8.164173,-10.964966,-8.614986,4.894641,0.484375
g078_closure_override,78,13,0,closure_override,closure,2,Red,Blue,4075,7640,"You are given a rule system.
General rule: items that belongs to Kai receive label Red.
Override rule: in this case, items that belongs to Kai receive label Blue.
Fact: Iris belongs to Kai.
Question: Which label applies to Iris: Red or Blue?
Answer with exactly one word:",-24.723927,-35.65602,-30.24281,-22.314508,-37.47199,-9.349144,13.953125,16.953125,conflict,-23.792295,-29.51965,-39.105614,-38.191162,-50.010773,-65.14461,-90.74144,23.792295,-3.0
g078_exception_override,78,13,0,exception_override,closure,2,Red,Blue,4075,7640,"You are given a rule system.
General rule: items connected to Kai use label Red.
Exception: Iris is a special case and uses label Blue.
Fact: Iris is connected to Kai.
Question: Which label applies to Iris: Red or Blue?
Answer with exactly one word:",-25.469963,-40.33335,-31.202974,-23.365463,-33.5487,-10.384171,13.5078125,16.828125,conflict,-24.538332,-34.19698,-40.06578,-39.24212,-46.087482,-66.179634,-91.79639,24.538332,-3.3203125
g079_clean,79,13,1,clean,stable,0,Green,Yellow,6724,21730,"You are given a small relation graph.
Fact 1: Iris is assigned to Kai.
Fact 2: Kai maps to Green.
Question: Which label is associated with Iris: Green or Yellow?
Answer with exactly one word:",4.7532687,5.637766,15.942356,32.47836,61.36284,93.58763,15.6328125,13.6484375,clean,0.0,0.0,0.0,0.0,0.0,0.0,14.033369,0.0,1.984375
g079_redundant,79,13,1,redundant,stable,0,Green,Yellow,6724,21730,"You are given a small relation graph.
Fact 1: Iris is assigned to Kai.
Fact 2: Kai maps to Green.
Confirmation: Iris still goes through Kai.
Confirmation: Kai still points to Green.
Question: Which label is associated with Iris: Green or Yellow?
Answer with exactly one word:",-0.4961548,-2.6318092,8.996777,25.055061,51.124092,84.82256,15.25,13.8671875,clean,-5.2494235,-8.269575,-6.9455795,-7.423298,-10.238747,-8.765068,-5.304907,5.2494235,1.3828125
g079_irrelevant,79,13,1,irrelevant,stable,0,Green,Yellow,6724,21730,"You are given a small relation graph.
Fact 1: Iris is assigned to Kai.
Fact 2: Kai maps to Green.
Irrelevant fact: Lena is associated with North.
Question: Which label is associated with Iris: Green or Yellow?
Answer with exactly one word:",6.6179476,8.099527,21.979422,36.43245,66.52475,99.65712,15.6328125,13.484375,clean,1.8646789,2.4617615,6.0370655,3.95409,5.161911,6.0694885,25.015839,1.8646789,2.1484375
g079_paraphrase,79,13,1,paraphrase,stable,0,Green,Yellow,6724,21730,"In this example, Iris reaches Kai.
The destination connected to Kai is Green.
Based on those two links, select the label for Iris: Green or Yellow.
Answer:",3.2803755,1.8583202,16.116909,34.06389,54.639412,90.62962,15.5390625,14.21875,clean,-1.4728932,-3.7794456,0.17455292,1.5855293,-6.723427,-2.9580078,8.247107,0.17455292,1.3203125
g079_weak_distractor,79,13,1,weak_distractor,competition,1,Green,Yellow,6724,21730,"You are given a small relation graph.
Fact 1: Iris is assigned to Kai.
Fact 2: Kai maps to Green.
Weak note: some unrelated source mentions Yellow, but does not update the graph.
Question: Which label is associated with Iris: Green or Yellow?
Answer with exactly one word:",11.043958,16.081682,30.341694,43.47594,72.02132,104.85801,15.0625,12.5625,clean,6.290689,10.443916,14.399338,10.9975815,10.658478,11.270378,40.28904,6.290689,2.5
g079_competition_balanced,79,13,1,competition_balanced,competition,1,Green,Yellow,6724,21730,"You are given a small relation graph.
Fact 1: Iris is assigned to Kai.
Fact 2: Kai maps to Green.
Competing fact: Iris is also associated with Yellow.
Question: Which label is associated with Iris: Green or Yellow?
Answer with exactly one word:",-0.53074026,1.5865784,18.354378,33.68838,64.176155,97.051346,15.1484375,13.265625,clean,-5.284009,-4.0511875,2.4120216,1.210022,2.8133163,3.4637146,16.158007,1.210022,1.8828125
g079_direct_conflict,79,13,1,direct_conflict,competition,1,Green,Yellow,6724,21730,"You are given a small relation graph.
Fact 1: Iris is assigned to Kai.
Fact 2: Kai maps to Green.
Direct conflicting fact: Iris maps to Yellow.
Question: Which label is associated with Iris: Green or Yellow?
Answer with exactly one word:",-2.9746175,-2.8347073,12.993502,28.26208,51.996017,89.43498,14.8671875,13.9921875,clean,-7.727886,-8.472473,-2.9488544,-4.21628,-9.366821,-4.152649,-0.23543453,2.9488544,0.875
g079_closure_update,79,13,1,closure_update,closure,2,Green,Yellow,6724,21730,"You are given a small relation graph.
Fact 1: Iris is assigned to Kai.
Old record: Kai maps to Green.
Updated record: Kai maps to Yellow, not Green.
Question: Which label is associated with Iris: Green or Yellow?
Answer with exactly one word:",-2.1742473,-10.737009,7.627762,23.58184,56.507553,93.496124,15.1328125,13.734375,clean,-6.927516,-16.374775,-8.314594,-8.896519,-4.8552856,-0.09150696,-2.333685,0.09150696,1.3984375
g079_closure_override,79,13,1,closure_override,closure,2,Green,Yellow,6724,21730,"You are given a rule system.
General rule: items that is assigned to Kai receive label Green.
Override rule: in this case, items that is assigned to Kai receive label Yellow.
Fact: Iris is assigned to Kai.
Question: Which label applies to Iris: Green or Yellow?
Answer with exactly one word:",-21.264877,-27.881706,-26.028889,-8.235067,7.7855606,46.43737,13.9453125,16.0,conflict,-26.018147,-33.51947,-41.971245,-40.713425,-53.57728,-47.15026,-87.346695,26.018147,-2.0546875
g079_exception_override,79,13,1,exception_override,closure,2,Green,Yellow,6724,21730,"You are given a rule system.
General rule: items connected to Kai use label Green.
Exception: Iris is a special case and uses label Yellow.
Fact: Iris is connected to Kai.
Question: Which label applies to Iris: Green or Yellow?
Answer with exactly one word:",-24.866032,-35.235306,-31.032845,-12.895014,2.1227856,37.62218,13.0625,15.875,conflict,-29.6193,-40.87307,-46.9752,-45.373375,-59.24005,-55.96545,-101.833824,29.6193,-2.8125
g080_clean,80,13,2,clean,stable,0,North,South,4612,4316,"You are given a small relation graph.
Fact 1: Iris is part of Kai.
Fact 2: Kai points to North.
Question: Which label is associated with Iris: North or South?
Answer with exactly one word:",13.089218,7.0359592,21.416851,26.167252,20.639679,20.035095,15.6328125,14.09375,clean,0.0,0.0,0.0,0.0,0.0,0.0,14.033369,0.0,1.5390625
g080_redundant,80,13,2,redundant,stable,0,North,South,4612,4316,"You are given a small relation graph.
Fact 1: Iris is part of Kai.
Fact 2: Kai points to North.
Confirmation: Iris still goes through Kai.
Confirmation: Kai still points to North.
Question: Which label is associated with Iris: North or South?
Answer with exactly one word:",12.714615,5.497631,21.653194,26.936928,20.704773,21.971329,15.5390625,13.9296875,clean,-0.37460327,-1.5383282,0.23634338,0.7696762,0.065093994,1.9362335,14.866147,0.065093994,1.609375
g080_irrelevant,80,13,2,irrelevant,stable,0,North,South,4612,4316,"You are given a small relation graph.
Fact 1: Iris is part of Kai.
Fact 2: Kai points to North.
Irrelevant fact: Lena is associated with East.
Question: Which label is associated with Iris: North or South?
Answer with exactly one word:",16.432802,10.632475,30.184238,35.861336,33.676613,32.109276,15.984375,13.4140625,clean,3.343584,3.5965157,8.767387,9.694084,13.036934,12.074181,36.15444,3.343584,2.5703125
g080_paraphrase,80,13,2,paraphrase,stable,0,North,South,4612,4316,"In this example, Iris reaches Kai.
The destination connected to Kai is North.
Based on those two links, select the label for Iris: North or South.
Answer:",2.788948,-4.407917,1.9648323,4.000206,-7.0379715,-9.369232,14.6484375,14.9921875,conflict,-10.30027,-11.443876,-19.452019,-22.167046,-27.67765,-29.404327,-37.80375,10.30027,-0.34375
g080_weak_distractor,80,13,2,weak_distractor,competition,1,North,South,4612,4316,"You are given a small relation graph.
Fact 1: Iris is part of Kai.
Fact 2: Kai points to North.
Weak note: some unrelated source mentions South, but does not update the graph.
Question: Which label is associated with Iris: North or South?
Answer with exactly one word:",19.64799,21.715225,38.916386,42.490646,42.81214,41.55461,15.703125,12.4296875,clean,6.558771,14.679266,17.499535,16.323395,22.172462,21.519516,56.15998,6.558771,3.2734375
g080_competition_balanced,80,13,2,competition_balanced,competition,1,North,South,4612,4316,"You are given a small relation graph.
Fact 1: Iris is part of Kai.
Fact 2: Kai points to North.
Competing fact: Iris is also associated with South.
Question: Which label is associated with Iris: North or South?
Answer with exactly one word:",9.75669,8.318348,21.93146,25.30589,22.28743,20.58908,15.6015625,14.125,clean,-3.332528,1.2823887,0.5146084,-0.86136246,1.6477509,0.5539856,14.678025,0.5146084,1.4765625
g080_direct_conflict,80,13,2,direct_conflict,competition,1,North,South,4612,4316,"You are given a small relation graph.
Fact 1: Iris is part of Kai.
Fact 2: Kai points to North.
Direct conflicting fact: Iris points to South.
Question: Which label is associated with Iris: North or South?
Answer with exactly one word:",6.2862053,2.7468758,14.1026535,17.891441,7.2873077,6.22554,15.1171875,14.96875,clean,-6.803013,-4.2890835,-7.3141975,-8.27581,-13.352371,-13.809555,-8.995775,4.2890835,0.1484375
g080_closure_update,80,13,2,closure_update,closure,2,North,South,4612,4316,"You are given a small relation graph.
Fact 1: Iris is part of Kai.
Old record: Kai points to North.
Updated record: Kai points to South, not North.
Question: Which label is associated with Iris: North or South?
Answer with exactly one word:",4.6680584,-2.6880035,9.160091,12.946945,11.177032,8.584015,15.015625,14.8046875,clean,-8.42116,-9.723963,-12.25676,-13.220306,-9.4626465,-11.45108,-11.954552,8.42116,0.2109375
g080_closure_override,80,13,2,closure_override,closure,2,North,South,4612,4316,"You are given a rule system.
General rule: items that is part of Kai receive label North.
Override rule: in this case, items that is part of Kai receive label South.
Fact: Iris is part of Kai.
Question: Which label applies to Iris: North or South?
Answer with exactly one word:",-9.907048,-15.28965,-14.792751,-9.905624,-13.197548,-16.292587,14.15625,16.515625,conflict,-22.996265,-22.32561,-36.209602,-36.072876,-33.837227,-36.327682,-63.29216,22.32561,-2.359375
g080_exception_override,80,13,2,exception_override,closure,2,North,South,4612,4316,"You are given a rule system.
General rule: items connected to Kai use label North.
Exception: Iris is a special case and uses label South.
Fact: Iris is connected to Kai.
Question: Which label applies to Iris: North or South?
Answer with exactly one word:",-6.9190254,-14.542746,-9.272026,-4.359852,-6.768875,-9.635803,14.4375,16.09375,conflict,-20.008244,-21.578705,-30.688877,-30.527103,-27.408554,-29.670898,-51.25959,20.008244,-1.65625
g081_clean,81,13,3,clean,stable,0,East,West,5571,4589,"You are given a small relation graph.
Fact 1: Iris is grouped under Kai.
Fact 2: Kai has label East.
Question: Which label is associated with Iris: East or West?
Answer with exactly one word:",14.418222,5.597574,10.289173,11.409485,14.925667,4.976242,16.515625,14.0859375,clean,0.0,0.0,0.0,0.0,0.0,0.0,14.033369,0.0,2.4296875
g081_redundant,81,13,3,redundant,stable,0,East,West,5571,4589,"You are given a small relation graph.
Fact 1: Iris is grouped under Kai.
Fact 2: Kai has label East.
Confirmation: Iris still goes through Kai.
Confirmation: Kai still points to East.
Question: Which label is associated with Iris: East or West?
Answer with exactly one word:",14.988074,4.566572,10.8727,11.039814,12.964676,4.373337,16.40625,14.0078125,clean,0.5698519,-1.031002,0.5835266,-0.36967087,-1.9609909,-0.6029053,12.6228,0.36967087,2.3984375
g081_irrelevant,81,13,3,irrelevant,stable,0,East,West,5571,4589,"You are given a small relation graph.
Fact 1: Iris is grouped under Kai.
Fact 2: Kai has label East.
Irrelevant fact: Lena is associated with Copper.
Question: Which label is associated with Iris: East or West?
Answer with exactly one word:",18.595253,12.950054,21.460625,22.243843,32.00759,22.710724,17.0,13.0859375,clean,4.1770306,7.35248,11.171452,10.834358,17.081924,17.734482,43.947014,4.1770306,3.9140625
g081_paraphrase,81,13,3,paraphrase,stable,0,East,West,5571,4589,"In this example, Iris reaches Kai.
The destination connected to Kai is East.
Based on those two links, select the label for Iris: East or West.
Answer:",7.1403174,0.23243332,5.2113895,3.4238968,1.3295746,-8.755486,15.953125,14.9453125,clean,-7.277905,-5.365141,-5.0777836,-7.985588,-13.596092,-13.731728,-8.504463,5.0777836,1.0078125
g081_weak_distractor,81,13,3,weak_distractor,competition,1,East,West,5571,4589,"You are given a small relation graph.
Fact 1: Iris is grouped under Kai.
Fact 2: Kai has label East.
Weak note: some unrelated source mentions West, but does not update the graph.
Question: Which label is associated with Iris: East or West?
Answer with exactly one word:",17.422842,14.81582,21.424042,21.392021,33.0933,24.273819,16.640625,12.4453125,clean,3.0046196,9.2182455,11.134869,9.982536,18.167633,19.297577,45.285225,3.0046196,4.1953125
g081_competition_balanced,81,13,3,competition_balanced,competition,1,East,West,5571,4589,"You are given a small relation graph.
Fact 1: Iris is grouped under Kai.
Fact 2: Kai has label East.
Competing fact: Iris is also associated with West.
Question: Which label is associated with Iris: East or West?
Answer with exactly one word:",15.130975,9.410816,11.194653,11.128735,17.137978,8.4272995,16.3125,13.609375,clean,0.71275234,3.813242,0.90547943,-0.28075027,2.2123108,3.4510574,18.586428,0.28075027,2.703125
g081_direct_conflict,81,13,3,direct_conflict,competition,1,East,West,5571,4589,"You are given a small relation graph.
Fact 1: Iris is grouped under Kai.
Fact 2: Kai has label East.
Direct conflicting fact: Iris has label West.
Question: Which label is associated with Iris: East or West?
Answer with exactly one word:",13.321729,9.344036,10.860989,10.432537,11.809509,1.6192627,16.1875,14.0703125,clean,-1.0964937,3.7464619,0.5718155,-0.9769478,-3.1161575,-3.3569794,11.569513,0.5718155,2.1171875
g081_closure_update,81,13,3,closure_update,closure,2,East,West,5571,4589,"You are given a small relation graph.
Fact 1: Iris is grouped under Kai.
Old record: Kai has label East.
Updated record: Kai has label West, not East.
Question: Which label is associated with Iris: East or West?
Answer with exactly one word:",12.262694,1.6493435,5.9497356,5.967886,16.598679,7.2727127,16.359375,13.59375,clean,-2.155528,-3.9482307,-4.3394375,-5.441599,1.6730118,2.2964706,10.338509,1.6730118,2.765625
g081_closure_override,81,13,3,closure_override,closure,2,East,West,5571,4589,"You are given a rule system.
General rule: items that is grouped under Kai receive label East.
Override rule: in this case, items that is grouped under Kai receive label West.
Fact: Iris is grouped under Kai.
Question: Which label applies to Iris: East or West?
Answer with exactly one word:",-3.1766262,-13.3054695,-21.25572,-20.835608,-27.631409,-39.89308,14.6015625,16.546875,conflict,-17.594849,-18.903044,-31.544893,-32.245094,-42.557076,-44.869324,-66.276665,17.594849,-1.9453125
g081_exception_override,81,13,3,exception_override,closure,2,East,West,5571,4589,"You are given a rule system.
General rule: items connected to Kai use label East.
Exception: Iris is a special case and uses label West.
Fact: Iris is connected to Kai.
Question: Which label applies to Iris: East or West?
Answer with exactly one word:",2.7853088,-9.064365,-10.664881,-11.072996,-14.075485,-26.462074,15.5,16.109375,conflict,-11.632914,-14.66194,-20.954054,-22.482481,-29.001152,-31.438316,-41.611702,11.632914,-0.609375
g082_clean,82,13,4,clean,stable,0,Copper,Silver,38315,15934,"You are given a small relation graph.
Fact 1: Iris routes through Kai.
Fact 2: Kai ends at Copper.
Question: Which label is associated with Iris: Copper or Silver?
Answer with exactly one word:",2.837896,4.026536,-3.9027596,-11.519373,-8.361372,-45.78779,15.921875,13.8125,clean,0.0,0.0,0.0,0.0,0.0,0.0,14.033369,0.0,2.109375
g082_redundant,82,13,4,redundant,stable,0,Copper,Silver,38315,15934,"You are given a small relation graph.
Fact 1: Iris routes through Kai.
Fact 2: Kai ends at Copper.
Confirmation: Iris still goes through Kai.
Confirmation: Kai still points to Copper.
Question: Which label is associated with Iris: Copper or Silver?
Answer with exactly one word:",-2.8916075,-5.2897654,-17.518826,-23.673862,-25.002691,-57.58023,15.28125,14.2890625,clean,-5.7295036,-9.316301,-13.616066,-12.1544895,-16.64132,-11.792442,-15.147785,5.7295036,0.9921875
g082_irrelevant,82,13,4,irrelevant,stable,0,Copper,Silver,38315,15934,"You are given a small relation graph.
Fact 1: Iris routes through Kai.
Fact 2: Kai ends at Copper.
Irrelevant fact: Lena is associated with Gold.
Question: Which label is associated with Iris: Copper or Silver?
Answer with exactly one word:",6.867139,11.057827,7.2257595,-1.8065224,6.169428,-37.14713,16.1875,13.3046875,clean,4.0292425,7.031291,11.128519,9.712851,14.5308,8.640659,37.416637,4.0292425,2.8828125
g082_paraphrase,82,13,4,paraphrase,stable,0,Copper,Silver,38315,15934,"In this example, Iris reaches Kai.
The destination connected to Kai is Copper.
Based on those two links, select the label for Iris: Copper or Silver.
Answer:",-2.2084703,-7.2891445,-9.5782995,-15.126011,-14.089544,-49.5062,16.453125,14.5546875,clean,-5.0463667,-11.3156805,-5.67554,-3.606638,-5.7281723,-3.7184105,0.6265116,3.606638,1.8984375
g082_weak_distractor,82,13,4,weak_distractor,competition,1,Copper,Silver,38315,15934,"You are given a small relation graph.
Fact 1: Iris routes through Kai.
Fact 2: Kai ends at Copper.
Weak note: some unrelated source mentions Silver, but does not update the graph.
Question: Which label is associated with Iris: Copper or Silver?
Answer with exactly one word:",8.378837,10.267173,11.814785,2.685936,11.486519,-30.325127,15.3203125,12.421875,clean,5.5409403,6.240637,15.717545,14.205309,19.84789,15.462662,47.332596,5.5409403,2.8984375
g082_competition_balanced,82,13,4,competition_balanced,competition,1,Copper,Silver,38315,15934,"You are given a small relation graph.
Fact 1: Iris routes through Kai.
Fact 2: Kai ends at Copper.
Competing fact: Iris is also associated with Silver.
Question: Which label is associated with Iris: Copper or Silver?
Answer with exactly one word:",12.072322,19.396862,15.639963,3.330616,19.63992,-22.22534,15.765625,12.2421875,clean,9.234426,15.370326,19.542723,14.849989,28.001291,23.562449,61.2502,9.234426,3.5234375
g082_direct_conflict,82,13,4,direct_conflict,competition,1,Copper,Silver,38315,15934,"You are given a small relation graph.
Fact 1: Iris routes through Kai.
Fact 2: Kai ends at Copper.
Direct conflicting fact: Iris ends at Silver.
Question: Which label is associated with Iris: Copper or Silver?
Answer with exactly one word:",5.9861164,8.163276,7.712578,-2.535098,1.6946945,-40.972515,15.5703125,13.4921875,clean,3.1482203,4.1367397,11.615337,8.984275,10.0560665,4.8152733,31.967377,3.1482203,2.078125
g082_closure_update,82,13,4,closure_update,closure,2,Copper,Silver,38315,15934,"You are given a small relation graph.
Fact 1: Iris routes through Kai.
Old record: Kai ends at Copper.
Updated record: Kai ends at Silver, not Copper.
Question: Which label is associated with Iris: Copper or Silver?
Answer with exactly one word:",0.73368,-10.8154125,-7.4487896,-15.352827,0.069690704,-38.786648,15.734375,13.125,clean,-2.104216,-14.8419485,-3.54603,-3.8334541,8.431063,7.0011406,13.5651865,2.104216,2.609375
g082_closure_override,82,13,4,closure_override,closure,2,Copper,Silver,38315,15934,"You are given a rule system.
General rule: items that routes through Kai receive label Copper.
Override rule: in this case, items that routes through Kai receive label Silver.
Fact: Iris routes through Kai.
Question: Which label applies to Iris: Copper or Silver?
Answer with exactly one word:",-17.215265,-29.60366,-41.085968,-46.026497,-53.12271,-80.428894,15.21875,16.296875,conflict,-20.053162,-33.630196,-37.18321,-34.507126,-44.761337,-34.641106,-70.75975,20.053162,-1.078125
g082_exception_override,82,13,4,exception_override,closure,2,Copper,Silver,38315,15934,"You are given a rule system.
General rule: items connected to Kai use label Copper.
Exception: Iris is a special case and uses label Silver.
Fact: Iris is connected to Kai.
Question: Which label applies to Iris: Copper or Silver?
Answer with exactly one word:",-14.28713,-27.30823,-38.79721,-44.89079,-51.05137,-79.764114,15.171875,16.296875,conflict,-17.125027,-31.334766,-34.89445,-33.371414,-42.689995,-33.976326,-66.56237,17.125027,-1.125
g083_clean,83,13,5,clean,stable,0,Gold,Iron,6863,17186,"You are given a small relation graph.
Fact 1: Iris is linked with Kai.
Fact 2: Kai resolves to Gold.
Question: Which label is associated with Iris: Gold or Iron?
Answer with exactly one word:",22.066109,24.65179,34.807602,47.57978,53.685272,83.40639,15.3984375,13.53125,clean,0.0,0.0,0.0,0.0,0.0,0.0,14.033369,0.0,1.8671875
g083_redundant,83,13,5,redundant,stable,0,Gold,Iron,6863,17186,"You are given a small relation graph.
Fact 1: Iris is linked with Kai.
Fact 2: Kai resolves to Gold.
Confirmation: Iris still goes through Kai.
Confirmation: Kai still points to Gold.
Question: Which label is associated with Iris: Gold or Iron?
Answer with exactly one word:",18.50637,18.621246,28.299168,40.055138,44.032795,74.431046,14.953125,13.703125,clean,-3.5597382,-6.0305443,-6.5084343,-7.524643,-9.652477,-8.975342,-3.8564434,3.5597382,1.25
g083_irrelevant,83,13,5,irrelevant,stable,0,Gold,Iron,6863,17186,"You are given a small relation graph.
Fact 1: Iris is linked with Kai.
Fact 2: Kai resolves to Gold.
Irrelevant fact: Lena is associated with Red.
Question: Which label is associated with Iris: Gold or Iron?
Answer with exactly one word:",26.454666,37.662212,47.15534,58.489967,65.076546,92.756905,15.6328125,13.0625,clean,4.3885574,13.010422,12.347736,10.910187,11.3912735,9.350517,39.203064,4.3885574,2.5703125
g083_paraphrase,83,13,5,paraphrase,stable,0,Gold,Iron,6863,17186,"In this example, Iris reaches Kai.
The destination connected to Kai is Gold.
Based on those two links, select the label for Iris: Gold or Iron.
Answer:",25.127941,25.394705,36.306377,50.240425,57.26825,87.0741,16.25,14.15625,clean,3.0618324,0.7429142,1.4987755,2.6606445,3.5829773,3.6677094,20.3254,0.7429142,2.09375
g083_weak_distractor,83,13,5,weak_distractor,competition,1,Gold,Iron,6863,17186,"You are given a small relation graph.
Fact 1: Iris is linked with Kai.
Fact 2: Kai resolves to Gold.
Weak note: some unrelated source mentions Iron, but does not update the graph.
Question: Which label is associated with Iris: Gold or Iron?
Answer with exactly one word:",30.87722,43.935356,55.349926,64.54856,71.82995,101.39045,15.296875,12.25,clean,8.811111,19.283566,20.542324,16.96878,18.144676,17.984062,55.84807,8.811111,3.046875
g083_competition_balanced,83,13,5,competition_balanced,competition,1,Gold,Iron,6863,17186,"You are given a small relation graph.
Fact 1: Iris is linked with Kai.
Fact 2: Kai resolves to Gold.
Competing fact: Iris is also associated with Iron.
Question: Which label is associated with Iris: Gold or Iron?
Answer with exactly one word:",16.774965,25.287746,32.942886,44.69738,50.85628,82.32333,15.3203125,13.4921875,clean,-5.2911434,0.6359558,-1.8647156,-2.8824005,-2.828991,-1.0830536,9.144289,0.6359558,1.828125
g083_direct_conflict,83,13,5,direct_conflict,competition,1,Gold,Iron,6863,17186,"You are given a small relation graph.
Fact 1: Iris is linked with Kai.
Fact 2: Kai resolves to Gold.
Direct conflicting fact: Iris resolves to Iron.
Question: Which label is associated with Iris: Gold or Iron?
Answer with exactly one word:",13.113518,21.596539,32.73868,43.369324,40.489033,73.65918,15.1484375,13.7421875,clean,-8.952591,-3.055252,-2.0689201,-4.210457,-13.196239,-9.747208,-3.1718159,2.0689201,1.40625
g083_closure_update,83,13,5,closure_update,closure,2,Gold,Iron,6863,17186,"You are given a small relation graph.
Fact 1: Iris is linked with Kai.
Old record: Kai resolves to Gold.
Updated record: Kai resolves to Iron, not Gold.
Question: Which label is associated with Iris: Gold or Iron?
Answer with exactly one word:",16.74975,11.087139,23.92939,36.941048,48.478485,84.33812,15.5859375,13.5625,clean,-5.3163586,-13.5646515,-10.878212,-10.638733,-5.206787,0.9317322,-2.4421787,0.9317322,2.0234375
g083_closure_override,83,13,5,closure_override,closure,2,Gold,Iron,6863,17186,"You are given a rule system.
General rule: items that is linked with Kai receive label Gold.
Override rule: in this case, items that is linked with Kai receive label Iron.
Fact: Iris is linked with Kai.
Question: Which label applies to Iris: Gold or Iron?
Answer with exactly one word:",3.8092194,3.4198637,5.826768,19.411177,12.260601,53.05141,14.890625,15.6875,conflict,-18.25689,-21.231926,-28.980835,-28.168604,-41.42467,-30.354977,-56.546867,18.25689,-0.796875
g083_exception_override,83,13,5,exception_override,closure,2,Gold,Iron,6863,17186,"You are given a rule system.
General rule: items connected to Kai use label Gold.
Exception: Iris is a special case and uses label Iron.
Fact: Iris is connected to Kai.
Question: Which label applies to Iris: Gold or Iron?
Answer with exactly one word:",1.4351921,-2.399467,-0.13523006,14.203326,3.8588066,42.771152,14.359375,15.953125,conflict,-20.630917,-27.051258,-34.942833,-33.376453,-49.826466,-40.635235,-72.99371,20.630917,-1.59375
g084_clean,84,14,0,clean,stable,0,Red,Blue,4075,7640,"You are given a small relation graph.
Fact 1: Omar belongs to Priya.
Fact 2: Priya is located at Red.
Question: Which label is associated with Omar: Red or Blue?
Answer with exactly one word:",1.6024523,-2.061739,13.410546,19.025837,19.300297,67.46462,15.8203125,13.90625,clean,0.0,0.0,0.0,0.0,0.0,0.0,14.033369,0.0,1.9140625
g084_redundant,84,14,0,redundant,stable,0,Red,Blue,4075,7640,"You are given a small relation graph.
Fact 1: Omar belongs to Priya.
Fact 2: Priya is located at Red.
Confirmation: Omar still goes through Priya.
Confirmation: Priya still points to Red.
Question: Which label is associated with Omar: Red or Blue?
Answer with exactly one word:",-1.3733177,-7.9435806,8.546968,14.41151,15.036629,60.233902,15.6875,14.0078125,clean,-2.97577,-5.8818417,-4.863578,-4.6143265,-4.263668,-7.2307205,1.7627239,2.97577,1.6796875
g084_irrelevant,84,14,0,irrelevant,stable,0,Red,Blue,4075,7640,"You are given a small relation graph.
Fact 1: Omar belongs to Priya.
Fact 2: Priya is located at Red.
Irrelevant fact: Quill is associated with Green.
Question: Which label is associated with Omar: Red or Blue?
Answer with exactly one word:",2.6483173,3.7114162,24.31836,28.319729,31.750744,79.77354,15.90625,13.03125,clean,1.045865,5.773155,10.907813,9.293892,12.450447,12.308914,36.887527,1.045865,2.875
g084_paraphrase,84,14,0,paraphrase,stable,0,Red,Blue,4075,7640,"In this example, Omar reaches Priya.
The destination connected to Priya is Red.
Based on those two links, select the label for Omar: Red or Blue.
Answer:",3.5165234,-11.20236,1.9360714,5.9413376,-1.3699188,45.022354,16.0625,15.703125,clean,1.9140711,-9.140621,-11.474475,-13.084499,-20.670216,-22.442268,-20.296728,1.9140711,0.359375
g084_weak_distractor,84,14,0,weak_distractor,competition,1,Red,Blue,4075,7640,"You are given a small relation graph.
Fact 1: Omar belongs to Priya.
Fact 2: Priya is located at Red.
Weak note: some unrelated source mentions Blue, but does not update the graph.
Question: Which label is associated with Omar: Red or Blue?
Answer with exactly one word:",2.6647077,-3.7899055,17.160099,22.474035,20.089691,65.2042,15.734375,14.125,clean,1.0622554,-1.7281666,3.7495527,3.4481983,0.7893944,-2.2604218,15.857384,0.7893944,1.609375
g084_competition_balanced,84,14,0,competition_balanced,competition,1,Red,Blue,4075,7640,"You are given a small relation graph.
Fact 1: Omar belongs to Priya.
Fact 2: Priya is located at Red.
Competing fact: Omar is also associated with Blue.
Question: Which label is associated with Omar: Red or Blue?
Answer with exactly one word:",-1.2319779,-8.948095,8.575661,14.2068405,7.9676056,54.833496,15.40625,14.65625,clean,-2.8344302,-6.8863564,-4.8348856,-4.8189964,-11.332691,-12.631126,-4.932289,2.8344302,0.75
g084_direct_conflict,84,14,0,direct_conflict,competition,1,Red,Blue,4075,7640,"You are given a small relation graph.
Fact 1: Omar belongs to Priya.
Fact 2: Priya is located at Red.
Direct conflicting fact: Omar is located at Blue.
Question: Which label is associated with Omar: Red or Blue?
Answer with exactly one word:",-2.0579185,-9.920601,6.4959316,12.664446,-1.6198654,42.317745,15.3046875,15.1171875,clean,-3.6603708,-7.858862,-6.9146147,-6.361391,-20.920162,-25.146877,-18.139132,3.6603708,0.1875
g084_closure_update,84,14,0,closure_update,closure,2,Red,Blue,4075,7640,"You are given a small relation graph.
Fact 1: Omar belongs to Priya.
Old record: Priya is located at Red.
Updated record: Priya is located at Blue, not Red.
Question: Which label is associated with Omar: Red or Blue?
Answer with exactly one word:",-4.0824156,-18.239655,0.27303696,7.156309,6.7748566,46.540367,15.1640625,14.4609375,clean,-5.684868,-16.177916,-13.137509,-11.869528,-12.52544,-20.924255,-19.65455,5.684868,0.703125
g084_closure_override,84,14,0,closure_override,closure,2,Red,Blue,4075,7640,"You are given a rule system.
General rule: items that belongs to Priya receive label Red.
Override rule: in this case, items that belongs to Priya receive label Blue.
Fact: Omar belongs to Priya.
Question: Which label applies to Omar: Red or Blue?
Answer with exactly one word:",-24.743225,-36.04744,-29.909506,-22.10159,-37.808197,-10.0329895,13.4921875,17.015625,conflict,-26.345676,-33.985703,-43.320053,-41.127426,-57.108494,-77.49761,-105.57266,26.345676,-3.5234375
g084_exception_override,84,14,0,exception_override,closure,2,Red,Blue,4075,7640,"You are given a rule system.
General rule: items connected to Priya use label Red.
Exception: Omar is a special case and uses label Blue.
Fact: Omar is connected to Priya.
Question: Which label applies to Omar: Red or Blue?
Answer with exactly one word:",-24.08082,-39.749374,-30.20596,-22.886404,-34.82311,-11.031876,13.2421875,16.921875,conflict,-25.683273,-37.687637,-43.616505,-41.91224,-54.123405,-78.4965,-106.06359,25.683273,-3.6796875
g085_clean,85,14,1,clean,stable,0,Green,Yellow,6724,21730,"You are given a small relation graph.
Fact 1: Omar is assigned to Priya.
Fact 2: Priya maps to Green.
Question: Which label is associated with Omar: Green or Yellow?
Answer with exactly one word:",10.490683,12.921825,22.655672,37.9107,65.12335,98.20955,16.109375,13.4765625,clean,0.0,0.0,0.0,0.0,0.0,0.0,14.033369,0.0,2.6328125
g085_redundant,85,14,1,redundant,stable,0,Green,Yellow,6724,21730,"You are given a small relation graph.
Fact 1: Omar is assigned to Priya.
Fact 2: Priya maps to Green.
Confirmation: Omar still goes through Priya.
Confirmation: Priya still points to Green.
Question: Which label is associated with Omar: Green or Yellow?
Answer with exactly one word:",4.237618,3.6217499,15.161335,30.20961,57.83625,91.420456,15.9375,13.421875,clean,-6.2530646,-9.300076,-7.494337,-7.701092,-7.2871017,-6.789093,-3.7064247,6.2530646,2.515625
g085_irrelevant,85,14,1,irrelevant,stable,0,Green,Yellow,6724,21730,"You are given a small relation graph.
Fact 1: Omar is assigned to Priya.
Fact 2: Priya maps to Green.
Irrelevant fact: Quill is associated with North.
Question: Which label is associated with Omar: Green or Yellow?
Answer with exactly one word:",11.609949,18.598742,33.199787,45.492294,76.24159,107.812,15.953125,12.625,clean,1.1192665,5.676916,10.544115,7.5815926,11.11824,9.6024475,33.994286,1.1192665,3.328125
g085_paraphrase,85,14,1,paraphrase,stable,0,Green,Yellow,6724,21730,"In this example, Omar reaches Priya.
The destination connected to Priya is Green.
Based on those two links, select the label for Omar: Green or Yellow.
Answer:",3.9985428,-2.31077,9.661898,28.326536,51.504246,87.48123,16.03125,14.6484375,clean,-6.49214,-15.232595,-12.993774,-9.584166,-13.619106,-10.728317,-13.918974,6.49214,1.3828125
g085_weak_distractor,85,14,1,weak_distractor,competition,1,Green,Yellow,6724,21730,"You are given a small relation graph.
Fact 1: Omar is assigned to Priya.
Fact 2: Priya maps to Green.
Weak note: some unrelated source mentions Yellow, but does not update the graph.
Question: Which label is associated with Omar: Green or Yellow?
Answer with exactly one word:",9.018777,10.476133,25.177927,38.77536,68.55385,101.77579,15.6875,12.8671875,clean,-1.4719057,-2.445692,2.522255,0.86465836,3.4304962,3.5662384,17.83026,0.86465836,2.8203125
g085_competition_balanced,85,14,1,competition_balanced,competition,1,Green,Yellow,6724,21730,"You are given a small relation graph.
Fact 1: Omar is assigned to Priya.
Fact 2: Priya maps to Green.
Competing fact: Omar is also associated with Yellow.
Question: Which label is associated with Omar: Green or Yellow?
Answer with exactly one word:",-2.1759567,-2.9892979,8.921591,24.576643,53.43013,87.52405,15.3203125,14.0078125,clean,-12.666639,-15.911123,-13.734081,-13.334059,-11.693222,-10.685501,-16.340263,10.685501,1.3125
g085_direct_conflict,85,14,1,direct_conflict,competition,1,Green,Yellow,6724,21730,"You are given a small relation graph.
Fact 1: Omar is assigned to Priya.
Fact 2: Priya maps to Green.
Direct conflicting fact: Omar maps to Yellow.
Question: Which label is associated with Omar: Green or Yellow?
Answer with exactly one word:",-5.949687,-7.0609417,2.4452972,18.109608,39.7952,75.96648,14.84375,14.359375,clean,-16.440369,-19.982767,-20.210375,-19.801094,-25.328152,-22.243073,-36.540558,16.440369,0.484375
g085_closure_update,85,14,1,closure_update,closure,2,Green,Yellow,6724,21730,"You are given a small relation graph.
Fact 1: Omar is assigned to Priya.
Old record: Priya maps to Green.
Updated record: Priya maps to Yellow, not Green.
Question: Which label is associated with Omar: Green or Yellow?
Answer with exactly one word:",-4.043558,-10.8843975,4.3932076,19.167755,51.243095,87.9367,15.03125,13.625,clean,-14.534241,-23.806223,-18.262465,-18.742947,-13.880257,-10.27285,-24.237574,10.27285,1.40625
g085_closure_override,85,14,1,closure_override,closure,2,Green,Yellow,6724,21730,"You are given a rule system.
General rule: items that is assigned to Priya receive label Green.
Override rule: in this case, items that is assigned to Priya receive label Yellow.
Fact: Omar is assigned to Priya.
Question: Which label applies to Omar: Green or Yellow?
Answer with exactly one word:",-21.367805,-32.328583,-31.257517,-13.554517,1.5530548,39.490425,13.2421875,15.8671875,conflict,-31.858488,-45.25041,-53.91319,-51.465218,-63.570297,-58.719124,-112.62713,31.858488,-2.625
g085_exception_override,85,14,1,exception_override,closure,2,Green,Yellow,6724,21730,"You are given a rule system.
General rule: items connected to Priya use label Green.
Exception: Omar is a special case and uses label Yellow.
Fact: Omar is connected to Priya.
Question: Which label applies to Omar: Green or Yellow?
Answer with exactly one word:",-22.99511,-36.28701,-32.50064,-14.976262,-0.5576229,33.888206,12.6328125,15.8359375,conflict,-33.485794,-49.208836,-55.15631,-52.886963,-65.68098,-64.32134,-119.292984,33.485794,-3.203125
g086_clean,86,14,2,clean,stable,0,North,South,4612,4316,"You are given a small relation graph.
Fact 1: Omar is part of Priya.
Fact 2: Priya points to North.
Question: Which label is associated with Omar: North or South?
Answer with exactly one word:",10.883974,4.9923,18.636108,24.381168,23.375183,20.471909,15.5859375,14.3359375,clean,0.0,0.0,0.0,0.0,0.0,0.0,14.033369,0.0,1.25
g086_redundant,86,14,2,redundant,stable,0,North,South,4612,4316,"You are given a small relation graph.
Fact 1: Omar is part of Priya.
Fact 2: Priya points to North.
Confirmation: Omar still goes through Priya.
Confirmation: Priya still points to North.
Question: Which label is associated with Omar: North or South?
Answer with exactly one word:",12.048561,4.3376884,22.301819,28.12764,27.588928,26.466583,15.6875,14.03125,clean,1.164587,-0.6546116,3.6657104,3.7464714,4.213745,5.9946747,22.260422,0.6546116,1.65625
g086_irrelevant,86,14,2,irrelevant,stable,0,North,South,4612,4316,"You are given a small relation graph.
Fact 1: Omar is part of Priya.
Fact 2: Priya points to North.
Irrelevant fact: Quill is associated with East.
Question: Which label is associated with Omar: North or South?
Answer with exactly one word:",16.328754,12.124012,29.989906,36.728188,36.920578,33.855324,16.0,13.7578125,clean,5.4447803,7.131712,11.353798,12.347019,13.545395,13.383415,40.82634,5.4447803,2.2421875
g086_paraphrase,86,14,2,paraphrase,stable,0,North,South,4612,4316,"In this example, Omar reaches Priya.
The destination connected to Priya is North.
Based on those two links, select the label for Omar: North or South.
Answer:",5.6766624,-1.2117805,6.935135,9.277786,9.1729355,5.753998,15.5703125,14.9375,clean,-5.2073116,-6.2040806,-11.7009735,-15.103382,-14.202248,-14.717911,-14.642454,5.2073116,0.6328125
g086_weak_distractor,86,14,2,weak_distractor,competition,1,North,South,4612,4316,"You are given a small relation graph.
Fact 1: Omar is part of Priya.
Fact 2: Priya points to North.
Weak note: some unrelated source mentions South, but does not update the graph.
Question: Which label is associated with Omar: North or South?
Answer with exactly one word:",17.363869,13.981108,29.306078,33.51075,33.53537,30.221718,15.671875,13.640625,clean,6.4798946,8.988808,10.66997,9.129581,10.160187,9.749809,36.55726,6.4798946,2.03125
g086_competition_balanced,86,14,2,competition_balanced,competition,1,North,South,4612,4316,"You are given a small relation graph.
Fact 1: Omar is part of Priya.
Fact 2: Priya points to North.
Competing fact: Omar is also associated with South.
Question: Which label is associated with Omar: North or South?
Answer with exactly one word:",3.5370274,0.8296566,11.465694,15.980709,13.8977585,12.077484,15.0,14.8046875,clean,-7.3469467,-4.1626434,-7.170414,-8.400459,-9.477425,-8.394424,-4.3454437,4.1626434,0.1953125
g086_direct_conflict,86,14,2,direct_conflict,competition,1,North,South,4612,4316,"You are given a small relation graph.
Fact 1: Omar is part of Priya.
Fact 2: Priya points to North.
Direct conflicting fact: Omar points to South.
Question: Which label is associated with Omar: North or South?
Answer with exactly one word:",5.0688686,0.733284,12.296921,17.047638,9.797836,7.2317505,14.8125,15.0,conflict,-5.8151054,-4.259016,-6.3391876,-7.3335304,-13.577347,-13.240158,-7.8102818,4.259016,-0.1875
g086_closure_update,86,14,2,closure_update,closure,2,North,South,4612,4316,"You are given a small relation graph.
Fact 1: Omar is part of Priya.
Old record: Priya points to North.
Updated record: Priya points to South, not North.
Question: Which label is associated with Omar: North or South?
Answer with exactly one word:",9.143541,0.73095703,14.658844,19.39079,24.737755,21.96463,15.265625,14.109375,clean,-1.7404327,-4.261343,-3.9772644,-4.9903774,1.3625717,1.4927216,10.090612,1.3625717,1.15625
g086_closure_override,86,14,2,closure_override,closure,2,North,South,4612,4316,"You are given a rule system.
General rule: items that is part of Priya receive label North.
Override rule: in this case, items that is part of Priya receive label South.
Fact: Omar is part of Priya.
Question: Which label applies to Omar: North or South?
Answer with exactly one word:",-8.858977,-15.793972,-13.127947,-7.9397697,-6.888855,-9.815552,14.171875,16.171875,conflict,-19.74295,-20.786272,-31.764055,-32.32094,-30.264038,-30.28746,-53.846214,19.74295,-2.0
g086_exception_override,86,14,2,exception_override,closure,2,North,South,4612,4316,"You are given a rule system.
General rule: items connected to Priya use label North.
Exception: Omar is a special case and uses label South.
Fact: Omar is connected to Priya.
Question: Which label applies to Omar: North or South?
Answer with exactly one word:",-4.8587875,-14.4749565,-8.092171,-2.8619156,-1.6534882,-5.1394653,14.34375,15.765625,conflict,-15.742762,-19.467257,-26.72828,-27.243084,-25.028671,-25.611374,-43.392937,15.742762,-1.421875
g087_clean,87,14,3,clean,stable,0,East,West,5571,4589,"You are given a small relation graph.
Fact 1: Omar is grouped under Priya.
Fact 2: Priya has label East.
Question: Which label is associated with Omar: East or West?
Answer with exactly one word:",10.907702,4.4733734,8.132664,8.209377,7.9209747,-2.7614136,16.296875,14.6015625,clean,0.0,0.0,0.0,0.0,0.0,0.0,14.033369,0.0,1.6953125
g087_redundant,87,14,3,redundant,stable,0,East,West,5571,4589,"You are given a small relation graph.
Fact 1: Omar is grouped under Priya.
Fact 2: Priya has label East.
Confirmation: Omar still goes through Priya.
Confirmation: Priya still points to East.
Question: Which label is associated with Omar: East or West?
Answer with exactly one word:",11.997688,1.984232,7.1998215,6.3855476,4.7210464,-4.052185,16.125,14.3828125,clean,1.0899858,-2.4891415,-0.93284225,-1.8238297,-3.1999283,-1.2907715,10.091101,0.93284225,1.7421875
g087_irrelevant,87,14,3,irrelevant,stable,0,East,West,5571,4589,"You are given a small relation graph.
Fact 1: Omar is grouped under Priya.
Fact 2: Priya has label East.
Irrelevant fact: Quill is associated with Copper.
Question: Which label is associated with Omar: East or West?
Answer with exactly one word:",17.206732,10.210796,18.03312,18.309761,22.721786,13.1959305,16.96875,13.84375,clean,6.2990294,5.737423,9.900455,10.100384,14.800812,15.957344,41.032463,5.737423,3.125
g087_paraphrase,87,14,3,paraphrase,stable,0,East,West,5571,4589,"In this example, Omar reaches Priya.
The destination connected to Priya is East.
Based on those two links, select the label for Omar: East or West.
Answer:",0.7608967,-5.5439796,-1.0950203,-3.6426659,-4.9904556,-17.092773,15.8046875,15.40625,clean,-10.146806,-10.017353,-9.227684,-11.852043,-12.91143,-14.33136,-13.873581,9.227684,0.3984375
g087_weak_distractor,87,14,3,weak_distractor,competition,1,East,West,5571,4589,"You are given a small relation graph.
Fact 1: Omar is grouped under Priya.
Fact 2: Priya has label East.
Weak note: some unrelated source mentions West, but does not update the graph.
Question: Which label is associated with Omar: East or West?
Answer with exactly one word:",15.974873,11.054714,17.359203,16.914955,21.188347,10.680458,16.40625,13.390625,clean,5.06717,6.581341,9.22654,8.705578,13.267372,13.441872,38.140514,5.06717,3.015625
g087_competition_balanced,87,14,3,competition_balanced,competition,1,East,West,5571,4589,"You are given a small relation graph.
Fact 1: Omar is grouped under Priya.
Fact 2: Priya has label East.
Competing fact: Omar is also associated with West.
Question: Which label is associated with Omar: East or West?
Answer with exactly one word:",12.522366,7.490549,9.328098,9.104521,12.879799,2.9916153,16.03125,13.7578125,clean,1.6146631,3.0171757,1.1954346,0.8951435,4.958824,5.753029,21.678244,0.8951435,2.2734375
g087_direct_conflict,87,14,3,direct_conflict,competition,1,East,West,5571,4589,"You are given a small relation graph.
Fact 1: Omar is grouped under Priya.
Fact 2: Priya has label East.
Direct conflicting fact: Omar has label West.
Question: Which label is associated with Omar: East or West?
Answer with exactly one word:",11.736839,8.22946,10.769577,9.924675,9.774826,-1.8674011,16.125,14.2109375,clean,0.82913685,3.7560863,2.6369133,1.7152977,1.8538513,0.89401245,18.606009,0.82913685,1.9140625
g087_closure_update,87,14,3,closure_update,closure,2,East,West,5571,4589,"You are given a small relation graph.
Fact 1: Omar is grouped under Priya.
Old record: Priya has label East.
Updated record: Priya has label West, not East.
Question: Which label is associated with Omar: East or West?
Answer with exactly one word:",9.512473,-1.1143532,2.5222397,1.8157883,7.5305786,-2.6470413,15.7890625,13.8984375,clean,-1.3952293,-5.5877266,-5.610424,-6.393589,-0.39039612,0.11437225,6.9214907,0.11437225,1.890625
g087_closure_override,87,14,3,closure_override,closure,2,East,West,5571,4589,"You are given a rule system.
General rule: items that is grouped under Priya receive label East.
Override rule: in this case, items that is grouped under Priya receive label West.
Fact: Omar is grouped under Priya.
Question: Which label applies to Omar: East or West?
Answer with exactly one word:",-2.8432674,-13.686617,-18.638737,-18.91314,-25.732857,-37.59079,14.3359375,16.078125,conflict,-13.75097,-18.15999,-26.7714,-27.122517,-33.65383,-34.829376,-51.545425,13.75097,-1.7421875
g087_exception_override,87,14,3,exception_override,closure,2,East,West,5571,4589,"You are given a rule system.
General rule: items connected to Priya use label East.
Exception: Omar is a special case and uses label West.
Fact: Omar is connected to Priya.
Question: Which label applies to Omar: East or West?
Answer with exactly one word:",2.3175688,-8.971027,-11.956989,-12.939682,-18.079575,-31.388214,14.5703125,15.7890625,conflict,-8.590134,-13.444401,-20.089653,-21.14906,-26.00055,-28.6268,-36.68373,8.590134,-1.21875
g088_clean,88,14,4,clean,stable,0,Copper,Silver,38315,15934,"You are given a small relation graph.
Fact 1: Omar routes through Priya.
Fact 2: Priya ends at Copper.
Question: Which label is associated with Omar: Copper or Silver?
Answer with exactly one word:",-2.9790382,-9.584394,-16.764286,-22.311815,-19.142525,-52.71134,16.171875,14.5703125,clean,0.0,0.0,0.0,0.0,0.0,0.0,14.033369,0.0,1.6015625
g088_redundant,88,14,4,redundant,stable,0,Copper,Silver,38315,15934,"You are given a small relation graph.
Fact 1: Omar routes through Priya.
Fact 2: Priya ends at Copper.
Confirmation: Omar still goes through Priya.
Confirmation: Priya still points to Copper.
Question: Which label is associated with Omar: Copper or Silver?
Answer with exactly one word:",-3.1733499,-13.728697,-19.686085,-24.173523,-24.279675,-56.592968,15.640625,14.5078125,clean,-0.19431162,-4.1443024,-2.9217987,-1.8617077,-5.13715,-3.8816261,6.119384,0.19431162,1.1328125
g088_irrelevant,88,14,4,irrelevant,stable,0,Copper,Silver,38315,15934,"You are given a small relation graph.
Fact 1: Omar routes through Priya.
Fact 2: Priya ends at Copper.
Irrelevant fact: Quill is associated with Gold.
Question: Which label is associated with Omar: Copper or Silver?
Answer with exactly one word:",7.0706177,1.8837395,1.2195644,-6.0030107,6.8726025,-34.597588,16.96875,13.796875,clean,10.049656,11.468134,17.98385,16.308804,26.015127,18.113754,56.30668,10.049656,3.171875
g088_paraphrase,88,14,4,paraphrase,stable,0,Copper,Silver,38315,15934,"In this example, Omar reaches Priya.
The destination connected to Priya is Copper.
Based on those two links, select the label for Omar: Copper or Silver.
Answer:",-6.6116624,-18.424313,-20.53784,-25.3252,-18.51357,-54.76821,16.6875,15.28125,clean,-3.6326241,-8.839918,-3.7735538,-3.0133839,0.62895393,-2.0568695,6.8382435,0.62895393,1.40625
g088_weak_distractor,88,14,4,weak_distractor,competition,1,Copper,Silver,38315,15934,"You are given a small relation graph.
Fact 1: Omar routes through Priya.
Fact 2: Priya ends at Copper.
Weak note: some unrelated source mentions Silver, but does not update the graph.
Question: Which label is associated with Omar: Copper or Silver?
Answer with exactly one word:",4.620351,-7.189112,-2.3633738,-9.0157795,4.223755,-34.8071,16.125,13.71875,clean,7.599389,2.3952823,14.400912,13.296036,23.36628,17.904243,48.67164,2.3952823,2.40625
g088_competition_balanced,88,14,4,competition_balanced,competition,1,Copper,Silver,38315,15934,"You are given a small relation graph.
Fact 1: Omar routes through Priya.
Fact 2: Priya ends at Copper.
Competing fact: Omar is also associated with Silver.
Question: Which label is associated with Omar: Copper or Silver?
Answer with exactly one word:",7.5688586,0.46696234,-0.79305077,-9.985336,10.376781,-29.21315,16.203125,13.609375,clean,10.547897,10.051357,15.971235,12.326479,29.519306,23.498192,58.08236,10.051357,2.59375
g088_direct_conflict,88,14,4,direct_conflict,competition,1,Copper,Silver,38315,15934,"You are given a small relation graph.
Fact 1: Omar routes through Priya.
Fact 2: Priya ends at Copper.
Direct conflicting fact: Omar ends at Silver.
Question: Which label is associated with Omar: Copper or Silver?
Answer with exactly one word:",3.9009361,0.4689455,-2.5285091,-10.468157,0.17766953,-39.63017,15.984375,13.984375,clean,6.8799744,10.05334,14.235777,11.843658,19.320194,13.081173,45.864117,6.8799744,2.0
g088_closure_update,88,14,4,closure_update,closure,2,Copper,Silver,38315,15934,"You are given a small relation graph.
Fact 1: Omar routes through Priya.
Old record: Priya ends at Copper.
Updated record: Priya ends at Silver, not Copper.
Question: Which label is associated with Omar: Copper or Silver?
Answer with exactly one word:",0.9476795,-15.356888,-10.720827,-17.562342,0.6517277,-37.34121,15.765625,12.953125,clean,3.9267178,-5.7724934,6.043459,4.7494736,19.794252,15.370132,35.25544,3.9267178,2.8125
g088_closure_override,88,14,4,closure_override,closure,2,Copper,Silver,38315,15934,"You are given a rule system.
General rule: items that routes through Priya receive label Copper.
Override rule: in this case, items that routes through Priya receive label Silver.
Fact: Omar routes through Priya.
Question: Which label applies to Omar: Copper or Silver?
Answer with exactly one word:",-16.50465,-31.137619,-42.44187,-46.98835,-49.5632,-77.2572,15.3671875,16.28125,conflict,-13.525612,-21.553225,-25.677586,-24.676535,-30.420677,-24.54586,-44.305862,13.525612,-0.9140625
g088_exception_override,88,14,4,exception_override,closure,2,Copper,Silver,38315,15934,"You are given a rule system.
General rule: items connected to Priya use label Copper.
Exception: Omar is a special case and uses label Silver.
Fact: Omar is connected to Priya.
Question: Which label applies to Omar: Copper or Silver?
Answer with exactly one word:",-14.00323,-32.067707,-42.515938,-48.56621,-55.133396,-83.67287,14.5546875,16.25,conflict,-11.024192,-22.483313,-25.751652,-26.254396,-35.99087,-30.961525,-50.779137,11.024192,-1.6953125
g089_clean,89,14,5,clean,stable,0,Gold,Iron,6863,17186,"You are given a small relation graph.
Fact 1: Omar is linked with Priya.
Fact 2: Priya resolves to Gold.
Question: Which label is associated with Omar: Gold or Iron?
Answer with exactly one word:",15.792579,11.9080715,18.84686,31.572563,34.83975,65.00659,15.4375,14.34375,clean,0.0,0.0,0.0,0.0,0.0,0.0,14.033369,0.0,1.09375
g089_redundant,89,14,5,redundant,stable,0,Gold,Iron,6863,17186,"You are given a small relation graph.
Fact 1: Omar is linked with Priya.
Fact 2: Priya resolves to Gold.
Confirmation: Omar still goes through Priya.
Confirmation: Priya still points to Gold.
Question: Which label is associated with Omar: Gold or Iron?
Answer with exactly one word:",13.319919,5.0886936,16.4112,28.718447,27.931072,57.415764,15.046875,14.4609375,clean,-2.47266,-6.819378,-2.4356613,-2.8541164,-6.908676,-7.590828,1.7432556,2.4356613,0.5859375
g089_irrelevant,89,14,5,irrelevant,stable,0,Gold,Iron,6863,17186,"You are given a small relation graph.
Fact 1: Omar is linked with Priya.
Fact 2: Priya resolves to Gold.
Irrelevant fact: Quill is associated with Red.
Question: Which label is associated with Omar: Gold or Iron?
Answer with exactly one word:",24.997309,28.740206,39.206245,50.74198,58.0957,84.29955,15.921875,13.5703125,clean,9.20473,16.832134,20.359385,19.169418,23.25595,19.292961,59.17852,9.20473,2.3515625
g089_paraphrase,89,14,5,paraphrase,stable,0,Gold,Iron,6863,17186,"In this example, Omar reaches Priya.
The destination connected to Priya is Gold.
Based on those two links, select the label for Omar: Gold or Iron.
Answer:",20.40205,15.044454,23.809837,39.507484,47.54938,73.83017,16.453125,15.1484375,clean,4.6094713,3.136382,4.9629765,7.9349213,12.709633,8.823578,32.20967,3.136382,1.3046875
g089_weak_distractor,89,14,5,weak_distractor,competition,1,Gold,Iron,6863,17186,"You are given a small relation graph.
Fact 1: Omar is linked with Priya.
Fact 2: Priya resolves to Gold.
Weak note: some unrelated source mentions Iron, but does not update the graph.
Question: Which label is associated with Omar: Gold or Iron?
Answer with exactly one word:",16.631039,16.869583,31.241997,43.223354,44.088943,74.70585,15.6875,14.5703125,clean,0.83845997,4.9615116,12.395136,11.650791,9.249195,9.699257,35.163925,0.83845997,1.1171875
g089_competition_balanced,89,14,5,competition_balanced,competition,1,Gold,Iron,6863,17186,"You are given a small relation graph.
Fact 1: Omar is linked with Priya.
Fact 2: Priya resolves to Gold.
Competing fact: Omar is also associated with Iron.
Question: Which label is associated with Omar: Gold or Iron?
Answer with exactly one word:",9.476312,14.216369,20.222263,33.16514,31.364887,62.379887,14.9921875,14.9296875,clean,-6.316267,2.3082972,1.3754025,1.5925751,-3.4748611,-2.6267052,11.436636,1.3754025,0.0625
g089_direct_conflict,89,14,5,direct_conflict,competition,1,Gold,Iron,6863,17186,"You are given a small relation graph.
Fact 1: Omar is linked with Priya.
Fact 2: Priya resolves to Gold.
Direct conflicting fact: Omar resolves to Iron.
Question: Which label is associated with Omar: Gold or Iron?
Answer with exactly one word:",4.0441103,3.9006338,11.543863,23.64374,10.604727,42.040665,14.2734375,15.1875,conflict,-11.748468,-8.007438,-7.3029976,-7.9288235,-24.235022,-22.965927,-21.379148,7.3029976,-0.9140625
g089_closure_update,89,14,5,closure_update,closure,2,Gold,Iron,6863,17186,"You are given a small relation graph.
Fact 1: Omar is linked with Priya.
Old record: Priya resolves to Gold.
Updated record: Priya resolves to Iron, not Gold.
Question: Which label is associated with Omar: Gold or Iron?
Answer with exactly one word:",7.7378616,8.171309,16.300964,28.516373,34.747578,65.597565,15.28125,14.5546875,clean,-8.054717,-3.736762,-2.5458965,-3.0561905,-0.092170715,0.5909729,8.970235,0.092170715,0.7265625
g089_closure_override,89,14,5,closure_override,closure,2,Gold,Iron,6863,17186,"You are given a rule system.
General rule: items that is linked with Priya receive label Gold.
Override rule: in this case, items that is linked with Priya receive label Iron.
Fact: Omar is linked with Priya.
Question: Which label applies to Omar: Gold or Iron?
Answer with exactly one word:",0.17580414,-1.731142,-3.4256926,9.393166,-2.7361221,33.002144,13.890625,16.453125,conflict,-15.616775,-13.639214,-22.272552,-22.179398,-37.57587,-32.004448,-47.236816,13.639214,-2.5625
g089_exception_override,89,14,5,exception_override,closure,2,Gold,Iron,6863,17186,"You are given a rule system.
General rule: items connected to Priya use label Gold.
Exception: Omar is a special case and uses label Iron.
Fact: Omar is connected to Priya.
Question: Which label applies to Omar: Gold or Iron?
Answer with exactly one word:",-1.0638528,-5.365486,-4.5195684,9.68343,-2.1389294,31.346626,13.59375,16.3125,conflict,-16.856432,-17.273558,-23.366428,-21.889133,-36.978676,-33.659966,-49.589195,16.856432,-2.71875
g090_clean,90,15,0,clean,stable,0,Red,Blue,4075,7640,"You are given a small relation graph.
Fact 1: Ravi belongs to Sara.
Fact 2: Sara is located at Red.
Question: Which label is associated with Ravi: Red or Blue?
Answer with exactly one word:",1.2129288,-2.2899647,14.6769905,20.736216,19.895645,68.63524,15.765625,13.484375,clean,0.0,0.0,0.0,0.0,0.0,0.0,14.033369,0.0,2.28125
g090_redundant,90,15,0,redundant,stable,0,Red,Blue,4075,7640,"You are given a small relation graph.
Fact 1: Ravi belongs to Sara.
Fact 2: Sara is located at Red.
Confirmation: Ravi still goes through Sara.
Confirmation: Sara still points to Red.
Question: Which label is associated with Ravi: Red or Blue?
Answer with exactly one word:",-1.3243747,-7.98487,10.193184,16.236712,15.283974,61.159164,15.6015625,13.53125,clean,-2.5373034,-5.6949053,-4.4838066,-4.499504,-4.6116714,-7.476074,1.8247585,2.5373034,2.0703125
g090_irrelevant,90,15,0,irrelevant,stable,0,Red,Blue,4075,7640,"You are given a small relation graph.
Fact 1: Ravi belongs to Sara.
Fact 2: Sara is located at Red.
Irrelevant fact: Theo is associated with Green.
Question: Which label is associated with Ravi: Red or Blue?
Answer with exactly one word:",1.9516668,3.624094,25.205383,29.72419,32.232864,81.975975,15.8203125,12.8125,clean,0.73873806,5.9140587,10.528393,8.987974,12.337219,13.340736,37.05622,0.73873806,3.0078125
g090_paraphrase,90,15,0,paraphrase,stable,0,Red,Blue,4075,7640,"In this example, Ravi reaches Sara.
The destination connected to Sara is Red.
Based on those two links, select the label for Ravi: Red or Blue.
Answer:",3.292511,-10.749979,4.397417,8.757011,0.5612488,47.576683,16.125,15.3984375,clean,2.0795822,-8.460014,-10.279573,-11.979204,-19.334396,-21.058556,-17.727583,2.0795822,0.7265625
g090_weak_distractor,90,15,0,weak_distractor,competition,1,Red,Blue,4075,7640,"You are given a small relation graph.
Fact 1: Ravi belongs to Sara.
Fact 2: Sara is located at Red.
Weak note: some unrelated source mentions Blue, but does not update the graph.
Question: Which label is associated with Ravi: Red or Blue?
Answer with exactly one word:",2.1164494,-2.237341,19.98,25.161152,22.68251,68.40207,15.640625,13.625,clean,0.9035206,0.05262375,5.303009,4.4249363,2.7868652,-0.23316956,19.47214,0.05262375,2.015625
g090_competition_balanced,90,15,0,competition_balanced,competition,1,Red,Blue,4075,7640,"You are given a small relation graph.
Fact 1: Ravi belongs to Sara.
Fact 2: Sara is located at Red.
Competing fact: Ravi is also associated with Blue.
Question: Which label is associated with Ravi: Red or Blue?
Answer with exactly one word:",0.018735409,-6.31678,12.80648,18.233006,10.964981,58.07842,15.421875,14.234375,clean,-1.1941934,-4.0268154,-1.8705101,-2.50321,-8.930664,-10.55682,0.78381824,1.1941934,1.1875
g090_direct_conflict,90,15,0,direct_conflict,competition,1,Red,Blue,4075,7640,"You are given a small relation graph.
Fact 1: Ravi belongs to Sara.
Fact 2: Sara is located at Red.
Direct conflicting fact: Ravi is located at Blue.
Question: Which label is associated with Ravi: Red or Blue?
Answer with exactly one word:",0.67352915,-4.887188,12.237965,17.641544,3.850544,47.884995,15.3203125,14.4765625,clean,-0.5393996,-2.5972233,-2.4390259,-3.0946712,-16.045101,-20.750244,-7.866003,0.5393996,0.84375
g090_closure_update,90,15,0,closure_update,closure,2,Red,Blue,4075,7640,"You are given a small relation graph.
Fact 1: Ravi belongs to Sara.
Old record: Sara is located at Red.
Updated record: Sara is located at Blue, not Red.
Question: Which label is associated with Ravi: Red or Blue?
Answer with exactly one word:",-3.1719208,-15.386818,3.2954693,9.868253,10.386654,51.631813,15.28125,13.9453125,clean,-4.3848495,-13.096853,-11.381521,-10.867963,-9.508991,-17.003426,-13.70532,4.3848495,1.3359375
g090_closure_override,90,15,0,closure_override,closure,2,Red,Blue,4075,7640,"You are given a rule system.
General rule: items that belongs to Sara receive label Red.
Override rule: in this case, items that belongs to Sara receive label Blue.
Fact: Ravi belongs to Sara.
Question: Which label applies to Ravi: Red or Blue?
Answer with exactly one word:",-25.483543,-36.515713,-28.258102,-20.560516,-35.329197,-7.1431274,13.921875,16.640625,conflict,-26.696472,-34.225746,-42.935093,-41.29673,-55.224842,-75.778366,-103.809685,26.696472,-2.71875
g090_exception_override,90,15,0,exception_override,closure,2,Red,Blue,4075,7640,"You are given a rule system.
General rule: items connected to Sara use label Red.
Exception: Ravi is a special case and uses label Blue.
Fact: Ravi is connected to Sara.
Question: Which label applies to Ravi: Red or Blue?
Answer with exactly one word:",-24.122446,-39.49761,-27.453045,-20.20723,-32.857624,-7.5365295,13.9453125,16.671875,conflict,-25.335375,-37.20764,-42.130035,-40.943443,-52.75327,-76.17177,-102.95402,25.335375,-2.7265625
g091_clean,91,15,1,clean,stable,0,Green,Yellow,6724,21730,"You are given a small relation graph.
Fact 1: Ravi is assigned to Sara.
Fact 2: Sara maps to Green.
Question: Which label is associated with Ravi: Green or Yellow?
Answer with exactly one word:",11.413458,13.356019,22.333916,37.20836,69.68312,101.59328,16.109375,13.3984375,clean,0.0,0.0,0.0,0.0,0.0,0.0,14.033369,0.0,2.7109375
g091_redundant,91,15,1,redundant,stable,0,Green,Yellow,6724,21730,"You are given a small relation graph.
Fact 1: Ravi is assigned to Sara.
Fact 2: Sara maps to Green.
Confirmation: Ravi still goes through Sara.
Confirmation: Sara still points to Green.
Question: Which label is associated with Ravi: Green or Yellow?
Answer with exactly one word:",5.7444983,4.02314,14.191099,28.171946,61.403206,93.406525,15.8046875,13.40625,clean,-5.6689596,-9.332879,-8.142817,-9.036413,-8.279915,-8.186752,-5.591131,5.6689596,2.3984375
g091_irrelevant,91,15,1,irrelevant,stable,0,Green,Yellow,6724,21730,"You are given a small relation graph.
Fact 1: Ravi is assigned to Sara.
Fact 2: Sara maps to Green.
Irrelevant fact: Theo is associated with North.
Question: Which label is associated with Ravi: Green or Yellow?
Answer with exactly one word:",13.7159195,19.025276,31.775131,43.509766,79.844666,110.71196,16.0625,12.6328125,clean,2.3024616,5.669257,9.4412155,6.301407,10.161545,9.118683,32.57444,2.3024616,3.4296875
g091_paraphrase,91,15,1,paraphrase,stable,0,Green,Yellow,6724,21730,"In this example, Ravi reaches Sara.
The destination connected to Sara is Green.
Based on those two links, select the label for Ravi: Green or Yellow.
Answer:",3.9268122,-1.4228401,10.484952,29.133183,57.743244,92.53142,16.21875,14.4453125,clean,-7.4866457,-14.778859,-11.848964,-8.075176,-11.939877,-9.061859,-11.233702,7.4866457,1.7734375
g091_weak_distractor,91,15,1,weak_distractor,competition,1,Green,Yellow,6724,21730,"You are given a small relation graph.
Fact 1: Ravi is assigned to Sara.
Fact 2: Sara maps to Green.
Weak note: some unrelated source mentions Yellow, but does not update the graph.
Question: Which label is associated with Ravi: Green or Yellow?
Answer with exactly one word:",11.925717,15.519845,28.491226,40.520435,76.60197,109.14276,15.75,12.40625,clean,0.5122595,2.163826,6.1573105,3.3120766,6.918846,7.5494843,26.049217,0.5122595,3.34375
g091_competition_balanced,91,15,1,competition_balanced,competition,1,Green,Yellow,6724,21730,"You are given a small relation graph.
Fact 1: Ravi is assigned to Sara.
Fact 2: Sara maps to Green.
Competing fact: Ravi is also associated with Yellow.
Question: Which label is associated with Ravi: Green or Yellow?
Answer with exactly one word:",2.514886,3.1284428,14.4534855,28.767904,63.117958,96.51161,15.40625,13.515625,clean,-8.898572,-10.227576,-7.88043,-8.4404545,-6.5651627,-5.081665,-3.829031,5.081665,1.890625
g091_direct_conflict,91,15,1,direct_conflict,competition,1,Green,Yellow,6724,21730,"You are given a small relation graph.
Fact 1: Ravi is assigned to Sara.
Fact 2: Sara maps to Green.
Direct conflicting fact: Ravi maps to Yellow.
Question: Which label is associated with Ravi: Green or Yellow?
Answer with exactly one word:",-0.21018505,0.55848694,8.735688,22.824165,52.714153,87.72131,15.1015625,13.8671875,clean,-11.623643,-12.797532,-13.5982275,-14.384193,-16.968967,-13.8719635,-19.73369,11.623643,1.234375
g091_closure_update,91,15,1,closure_update,closure,2,Green,Yellow,6724,21730,"You are given a small relation graph.
Fact 1: Ravi is assigned to Sara.
Old record: Sara maps to Green.
Updated record: Sara maps to Yellow, not Green.
Question: Which label is associated with Ravi: Green or Yellow?
Answer with exactly one word:",0.4576788,-6.342472,7.9160576,21.45003,63.178383,98.0641,15.296875,13.2109375,clean,-10.955779,-19.69849,-14.417858,-15.758329,-6.504738,-3.5291748,-12.145691,3.5291748,2.0859375
g091_closure_override,91,15,1,closure_override,closure,2,Green,Yellow,6724,21730,"You are given a rule system.
General rule: items that is assigned to Sara receive label Green.
Override rule: in this case, items that is assigned to Sara receive label Yellow.
Fact: Ravi is assigned to Sara.
Question: Which label applies to Ravi: Green or Yellow?
Answer with exactly one word:",-21.88145,-33.750874,-33.432777,-16.117605,-0.8520508,35.501266,13.015625,15.8515625,conflict,-33.294907,-47.10689,-55.766693,-53.325966,-70.53517,-66.09201,-122.343506,33.294907,-2.8359375
g091_exception_override,91,15,1,exception_override,closure,2,Green,Yellow,6724,21730,"You are given a rule system.
General rule: items connected to Sara use label Green.
Exception: Ravi is a special case and uses label Yellow.
Fact: Ravi is connected to Sara.
Question: Which label applies to Ravi: Green or Yellow?
Answer with exactly one word:",-21.990303,-34.53367,-31.336267,-14.60303,3.999117,37.826218,12.9609375,15.703125,conflict,-33.403763,-47.889687,-53.67018,-51.81139,-65.684006,-63.76706,-117.52605,33.403763,-2.7421875
g092_clean,92,15,2,clean,stable,0,North,South,4612,4316,"You are given a small relation graph.
Fact 1: Ravi is part of Sara.
Fact 2: Sara points to North.
Question: Which label is associated with Ravi: North or South?
Answer with exactly one word:",11.93564,6.280163,17.160133,22.820774,14.781929,15.539749,15.3359375,14.65625,clean,0.0,0.0,0.0,0.0,0.0,0.0,14.033369,0.0,0.6796875
g092_redundant,92,15,2,redundant,stable,0,North,South,4612,4316,"You are given a small relation graph.
Fact 1: Ravi is part of Sara.
Fact 2: Sara points to North.
Confirmation: Ravi still goes through Sara.
Confirmation: Sara still points to North.
Question: Which label is associated with Ravi: North or South?
Answer with exactly one word:",12.902889,4.6553497,19.860195,25.600006,16.703033,18.622223,15.28125,14.4453125,clean,0.9672489,-1.6248131,2.7000618,2.779232,1.9211044,3.0824738,18.473995,0.9672489,0.8359375
g092_irrelevant,92,15,2,irrelevant,stable,0,North,South,4612,4316,"You are given a small relation graph.
Fact 1: Ravi is part of Sara.
Fact 2: Sara points to North.
Irrelevant fact: Theo is associated with East.
Question: Which label is associated with Ravi: North or South?
Answer with exactly one word:",17.545319,12.000357,30.098164,36.59002,31.220581,32.701294,15.7890625,13.921875,clean,5.6096783,5.720194,12.93803,13.769245,16.438652,17.161545,45.00599,5.6096783,1.8671875
g092_paraphrase,92,15,2,paraphrase,stable,0,North,South,4612,4316,"In this example, Ravi reaches Sara.
The destination connected to Sara is North.
Based on those two links, select the label for Ravi: North or South.
Answer:",3.2245407,-5.1445236,-0.83750534,1.6337509,-9.192917,-9.807449,14.765625,15.5859375,conflict,-8.7111,-11.424686,-17.997639,-21.187023,-23.974846,-25.347198,-32.505753,8.7111,-0.8203125
g092_weak_distractor,92,15,2,weak_distractor,competition,1,North,South,4612,4316,"You are given a small relation graph.
Fact 1: Ravi is part of Sara.
Fact 2: Sara points to North.
Weak note: some unrelated source mentions South, but does not update the graph.
Question: Which label is associated with Ravi: North or South?
Answer with exactly one word:",20.93005,20.142973,33.864357,38.32202,34.127434,36.207787,15.703125,13.3125,clean,8.99441,13.86281,16.704224,15.501247,19.345505,20.668037,53.936462,8.99441,2.390625
g092_competition_balanced,92,15,2,competition_balanced,competition,1,North,South,4612,4316,"You are given a small relation graph.
Fact 1: Ravi is part of Sara.
Fact 2: Sara points to North.
Competing fact: Ravi is also associated with South.
Question: Which label is associated with Ravi: North or South?
Answer with exactly one word:",4.395939,1.9865627,11.168568,15.324093,8.650703,10.1332245,14.9765625,15.03125,conflict,-7.5397015,-4.2936,-5.9915657,-7.496681,-6.1312256,-5.4065247,-0.37447643,4.2936,-0.0546875
g092_direct_conflict,92,15,2,direct_conflict,competition,1,North,South,4612,4316,"You are given a small relation graph.
Fact 1: Ravi is part of Sara.
Fact 2: Sara points to North.
Direct conflicting fact: Ravi points to South.
Question: Which label is associated with Ravi: North or South?
Answer with exactly one word:",9.94013,7.480137,17.308132,21.843079,9.935768,11.133209,14.953125,14.7421875,clean,-1.9955101,1.1999741,0.14799881,-0.97769547,-4.846161,-4.40654,8.945666,0.14799881,0.2109375
g092_closure_update,92,15,2,closure_update,closure,2,North,South,4612,4316,"You are given a small relation graph.
Fact 1: Ravi is part of Sara.
Old record: Sara points to North.
Updated record: Sara points to South, not North.
Question: Which label is associated with Ravi: North or South?
Answer with exactly one word:",11.533512,4.8269196,14.51543,19.278606,20.016449,21.431946,15.234375,14.109375,clean,-0.40212822,-1.4532433,-2.644703,-3.5421677,5.23452,5.8921967,16.637392,0.40212822,1.125
g092_closure_override,92,15,2,closure_override,closure,2,North,South,4612,4316,"You are given a rule system.
General rule: items that is part of Sara receive label North.
Override rule: in this case, items that is part of Sara receive label South.
Fact: Ravi is part of Sara.
Question: Which label applies to Ravi: North or South?
Answer with exactly one word:",-7.884325,-14.582836,-12.8988,-7.663986,-9.281334,-10.650024,14.25,16.109375,conflict,-19.819965,-20.862999,-30.058933,-30.48476,-24.063263,-26.189774,-47.238037,19.819965,-1.859375
g092_exception_override,92,15,2,exception_override,closure,2,North,South,4612,4316,"You are given a rule system.
General rule: items connected to Sara use label North.
Exception: Ravi is a special case and uses label South.
Fact: Ravi is connected to Sara.
Question: Which label applies to Ravi: North or South?
Answer with exactly one word:",-4.2448654,-13.27495,-8.069866,-3.0611458,-5.8554,-7.2495117,14.359375,15.8671875,conflict,-16.180506,-19.555113,-25.23,-25.88192,-20.63733,-22.78926,-38.708923,16.180506,-1.5078125
g093_clean,93,15,3,clean,stable,0,East,West,5571,4589,"You are given a small relation graph.
Fact 1: Ravi is grouped under Sara.
Fact 2: Sara has label East.
Question: Which label is associated with Ravi: East or West?
Answer with exactly one word:",11.785546,5.8335342,9.633629,9.925255,15.422096,4.3802567,16.609375,14.125,clean,0.0,0.0,0.0,0.0,0.0,0.0,14.033369,0.0,2.484375
g093_redundant,93,15,3,redundant,stable,0,East,West,5571,4589,"You are given a small relation graph.
Fact 1: Ravi is grouped under Sara.
Fact 2: Sara has label East.
Confirmation: Ravi still goes through Sara.
Confirmation: Sara still points to East.
Question: Which label is associated with Ravi: East or West?
Answer with exactly one word:",12.075357,1.9773979,8.00832,7.4837265,10.789192,0.7849121,16.484375,14.15625,clean,0.28981113,-3.8561363,-1.625309,-2.4415283,-4.632904,-3.5953445,7.0315714,0.28981113,2.328125
g093_irrelevant,93,15,3,irrelevant,stable,0,East,West,5571,4589,"You are given a small relation graph.
Fact 1: Ravi is grouped under Sara.
Fact 2: Sara has label East.
Irrelevant fact: Theo is associated with Copper.
Question: Which label is associated with Ravi: East or West?
Answer with exactly one word:",17.89973,12.553743,21.364437,21.769863,31.49347,21.51278,17.125,13.1875,clean,6.1141844,6.720209,11.730808,11.844608,16.071373,17.132523,43.993782,6.1141844,3.9375
g093_paraphrase,93,15,3,paraphrase,stable,0,East,West,5571,4589,"In this example, Ravi reaches Sara.
The destination connected to Sara is East.
Based on those two links, select the label for Ravi: East or West.
Answer:",-1.4432693,-8.038422,-5.216009,-7.6118183,-5.3979416,-19.103989,15.8359375,15.4375,clean,-13.228815,-13.871956,-14.849638,-17.537073,-20.820038,-23.484245,-29.062883,13.228815,0.3984375
g093_weak_distractor,93,15,3,weak_distractor,competition,1,East,West,5571,4589,"You are given a small relation graph.
Fact 1: Ravi is grouped under Sara.
Fact 2: Sara has label East.
Weak note: some unrelated source mentions West, but does not update the graph.
Question: Which label is associated with Ravi: East or West?
Answer with exactly one word:",16.337729,11.441842,18.381653,18.16259,28.279526,18.028809,16.71875,12.9296875,clean,4.552182,5.608308,8.748024,8.237335,12.8574295,13.648552,37.221375,4.552182,3.7890625
g093_competition_balanced,93,15,3,competition_balanced,competition,1,East,West,5571,4589,"You are given a small relation graph.
Fact 1: Ravi is grouped under Sara.
Fact 2: Sara has label East.
Competing fact: Ravi is also associated with West.
Question: Which label is associated with Ravi: East or West?
Answer with exactly one word:",12.185526,6.50259,9.854137,9.857948,18.186203,7.320503,16.40625,13.703125,clean,0.3999796,0.66905594,0.22050858,-0.06730652,2.7641068,2.9402466,17.306461,0.06730652,2.703125
g093_direct_conflict,93,15,3,direct_conflict,competition,1,East,West,5571,4589,"You are given a small relation graph.
Fact 1: Ravi is grouped under Sara.
Fact 2: Sara has label East.
Direct conflicting fact: Ravi has label West.
Question: Which label is associated with Ravi: East or West?
Answer with exactly one word:",12.989606,9.853386,12.755478,12.190575,17.585007,5.63266,16.40625,13.796875,clean,1.2040596,4.0198517,3.121849,2.2653198,2.1629105,1.2524033,19.533474,1.2040596,2.609375
g093_closure_update,93,15,3,closure_update,closure,2,East,West,5571,4589,"You are given a small relation graph.
Fact 1: Ravi is grouped under Sara.
Old record: Sara has label East.
Updated record: Sara has label West, not East.
Question: Which label is associated with Ravi: East or West?
Answer with exactly one word:",10.350327,0.70220757,4.3813343,4.049713,16.25148,4.6260605,16.28125,13.578125,clean,-1.4352198,-5.1313267,-5.2522945,-5.8755417,0.82938385,0.24580383,8.09648,0.24580383,2.703125
g093_closure_override,93,15,3,closure_override,closure,2,East,West,5571,4589,"You are given a rule system.
General rule: items that is grouped under Sara receive label East.
Override rule: in this case, items that is grouped under Sara receive label West.
Fact: Ravi is grouped under Sara.
Question: Which label applies to Ravi: East or West?
Answer with exactly one word:",-2.784855,-13.5126705,-18.904146,-18.93573,-22.21698,-36.46028,14.4140625,15.8671875,conflict,-14.570401,-19.346205,-28.537775,-28.860985,-37.639076,-40.840538,-58.61602,14.570401,-1.453125
g093_exception_override,93,15,3,exception_override,closure,2,East,West,5571,4589,"You are given a rule system.
General rule: items connected to Sara use label East.
Exception: Ravi is a special case and uses label West.
Fact: Ravi is connected to Sara.
Question: Which label applies to Ravi: East or West?
Answer with exactly one word:",2.1206932,-8.260542,-10.895641,-11.0554695,-12.171776,-26.689941,15.1015625,15.515625,conflict,-9.664853,-14.094076,-20.52927,-20.980724,-27.593872,-31.070198,-39.310173,9.664853,-0.4140625
g094_clean,94,15,4,clean,stable,0,Copper,Silver,38315,15934,"You are given a small relation graph.
Fact 1: Ravi routes through Sara.
Fact 2: Sara ends at Copper.
Question: Which label is associated with Ravi: Copper or Silver?
Answer with exactly one word:",0.24295902,-5.1114297,-9.249423,-15.374165,-14.373653,-46.83942,16.296875,14.3359375,clean,0.0,0.0,0.0,0.0,0.0,0.0,14.033369,0.0,1.9609375
g094_redundant,94,15,4,redundant,stable,0,Copper,Silver,38315,15934,"You are given a small relation graph.
Fact 1: Ravi routes through Sara.
Fact 2: Sara ends at Copper.
Confirmation: Ravi still goes through Sara.
Confirmation: Sara still points to Copper.
Question: Which label is associated with Ravi: Copper or Silver?
Answer with exactly one word:",-0.37848282,-9.49275,-14.145964,-18.724298,-19.721828,-51.034695,15.765625,14.4375,clean,-0.62144184,-4.3813205,-4.8965406,-3.350134,-5.348175,-4.1952744,4.278261,0.62144184,1.328125
g094_irrelevant,94,15,4,irrelevant,stable,0,Copper,Silver,38315,15934,"You are given a small relation graph.
Fact 1: Ravi routes through Sara.
Fact 2: Sara ends at Copper.
Irrelevant fact: Theo is associated with Gold.
Question: Which label is associated with Ravi: Copper or Silver?
Answer with exactly one word:",8.473404,3.9671106,4.5917416,-3.1589298,4.8052864,-33.9312,16.671875,13.6875,clean,8.230445,9.078541,13.841165,12.215235,19.17894,12.908222,45.678665,8.230445,2.984375
g094_paraphrase,94,15,4,paraphrase,stable,0,Copper,Silver,38315,15934,"In this example, Ravi reaches Sara.
The destination connected to Sara is Copper.
Based on those two links, select the label for Ravi: Copper or Silver.
Answer:",-3.5920372,-13.611035,-14.530339,-20.82688,-16.342209,-53.35962,16.734375,15.234375,clean,-3.8349962,-8.499605,-5.280916,-5.452715,-1.9685555,-6.520199,1.7309217,1.9685555,1.5
g094_weak_distractor,94,15,4,weak_distractor,competition,1,Copper,Silver,38315,15934,"You are given a small relation graph.
Fact 1: Ravi routes through Sara.
Fact 2: Sara ends at Copper.
Weak note: some unrelated source mentions Silver, but does not update the graph.
Question: Which label is associated with Ravi: Copper or Silver?
Answer with exactly one word:",8.50205,-0.512414,6.9583864,-1.3143816,8.498529,-29.467949,16.03125,13.1484375,clean,8.259091,4.5990157,16.20781,14.059783,22.872183,17.371471,50.06642,4.5990157,2.8828125
g094_competition_balanced,94,15,4,competition_balanced,competition,1,Copper,Silver,38315,15934,"You are given a small relation graph.
Fact 1: Ravi routes through Sara.
Fact 2: Sara ends at Copper.
Competing fact: Ravi is also associated with Silver.
Question: Which label is associated with Ravi: Copper or Silver?
Answer with exactly one word:",10.223317,4.321932,6.0513744,-4.3097515,13.541218,-24.580666,15.984375,13.0546875,clean,9.980358,9.433361,15.300797,11.064413,27.914871,22.258755,55.533867,9.433361,2.9296875
g094_direct_conflict,94,15,4,direct_conflict,competition,1,Copper,Silver,38315,15934,"You are given a small relation graph.
Fact 1: Ravi routes through Sara.
Fact 2: Sara ends at Copper.
Direct conflicting fact: Ravi ends at Silver.
Question: Which label is associated with Ravi: Copper or Silver?
Answer with exactly one word:",7.3225102,4.1804132,5.5966806,-3.7071934,4.949028,-32.694275,15.8046875,13.2421875,clean,7.079551,9.291843,14.846104,11.666971,19.322681,14.145145,46.387268,7.079551,2.5625
g094_closure_update,94,15,4,closure_update,closure,2,Copper,Silver,38315,15934,"You are given a small relation graph.
Fact 1: Ravi routes through Sara.
Old record: Sara ends at Copper.
Updated record: Sara ends at Silver, not Copper.
Question: Which label is associated with Ravi: Copper or Silver?
Answer with exactly one word:",2.9045053,-11.664729,-4.4437838,-12.787415,5.017399,-32.172188,15.6015625,12.53125,clean,2.6615462,-6.5532994,4.8056393,2.58675,19.391052,14.6672325,32.786945,2.58675,3.0703125
g094_closure_override,94,15,4,closure_override,closure,2,Copper,Silver,38315,15934,"You are given a rule system.
General rule: items that routes through Sara receive label Copper.
Override rule: in this case, items that routes through Sara receive label Silver.
Fact: Ravi routes through Sara.
Question: Which label applies to Ravi: Copper or Silver?
Answer with exactly one word:",-16.072422,-30.734486,-41.879604,-46.84134,-52.09751,-78.25209,15.1171875,16.0625,conflict,-16.31538,-25.623056,-32.63018,-31.467175,-37.723858,-31.41267,-59.00837,16.31538,-0.9453125
g094_exception_override,94,15,4,exception_override,closure,2,Copper,Silver,38315,15934,"You are given a rule system.
General rule: items connected to Sara use label Copper.
Exception: Ravi is a special case and uses label Silver.
Fact: Ravi is connected to Sara.
Question: Which label applies to Ravi: Copper or Silver?
Answer with exactly one word:",-14.124252,-31.253609,-42.73324,-48.632668,-55.869698,-82.81657,14.734375,16.140625,conflict,-14.367211,-26.14218,-33.483814,-33.258503,-41.496044,-35.977146,-64.02517,14.367211,-1.40625
g095_clean,95,15,5,clean,stable,0,Gold,Iron,6863,17186,"You are given a small relation graph.
Fact 1: Ravi is linked with Sara.
Fact 2: Sara resolves to Gold.
Question: Which label is associated with Ravi: Gold or Iron?
Answer with exactly one word:",17.642704,12.908853,20.178638,33.803658,37.594246,74.521614,15.6875,14.0234375,clean,0.0,0.0,0.0,0.0,0.0,0.0,14.033369,0.0,1.6640625
g095_redundant,95,15,5,redundant,stable,0,Gold,Iron,6863,17186,"You are given a small relation graph.
Fact 1: Ravi is linked with Sara.
Fact 2: Sara resolves to Gold.
Confirmation: Ravi still goes through Sara.
Confirmation: Sara still points to Gold.
Question: Which label is associated with Ravi: Gold or Iron?
Answer with exactly one word:",15.740812,6.8074493,19.060165,31.594608,35.33629,70.59231,15.3671875,13.90625,clean,-1.9018917,-6.101403,-1.118473,-2.2090492,-2.2579575,-3.929306,7.12526,1.118473,1.4609375
g095_irrelevant,95,15,5,irrelevant,stable,0,Gold,Iron,6863,17186,"You are given a small relation graph.
Fact 1: Ravi is linked with Sara.
Fact 2: Sara resolves to Gold.
Irrelevant fact: Theo is associated with Red.
Question: Which label is associated with Ravi: Gold or Iron?
Answer with exactly one word:",28.84904,34.338257,43.990387,56.417027,65.234055,99.39867,16.40625,12.8359375,clean,11.206335,21.429405,23.811749,22.613369,27.639809,24.877052,68.984184,11.206335,3.5703125
g095_paraphrase,95,15,5,paraphrase,stable,0,Gold,Iron,6863,17186,"In this example, Ravi reaches Sara.
The destination connected to Sara is Gold.
Based on those two links, select the label for Ravi: Gold or Iron.
Answer:",18.35726,12.540882,20.93415,38.13982,49.57231,85.14679,17.0,15.1484375,clean,0.71455574,-0.36797047,0.75551224,4.3361626,11.9780655,10.625175,27.572697,0.36797047,1.8515625
g095_weak_distractor,95,15,5,weak_distractor,competition,1,Gold,Iron,6863,17186,"You are given a small relation graph.
Fact 1: Ravi is linked with Sara.
Fact 2: Sara resolves to Gold.
Weak note: some unrelated source mentions Iron, but does not update the graph.
Question: Which label is associated with Ravi: Gold or Iron?
Answer with exactly one word:",21.668062,22.173603,36.738342,48.976532,53.219208,89.99968,15.984375,13.8671875,clean,4.025358,9.2647505,16.559704,15.172874,15.624962,15.4780655,46.575294,4.025358,2.1171875
g095_competition_balanced,95,15,5,competition_balanced,competition,1,Gold,Iron,6863,17186,"You are given a small relation graph.
Fact 1: Ravi is linked with Sara.
Fact 2: Sara resolves to Gold.
Competing fact: Ravi is also associated with Iron.
Question: Which label is associated with Ravi: Gold or Iron?
Answer with exactly one word:",12.200933,17.690697,25.619587,38.855167,40.0677,75.86897,15.46875,14.46875,clean,-5.4417706,4.781844,5.4409485,5.05151,2.4734535,1.3473587,20.516716,1.3473587,1.0
g095_direct_conflict,95,15,5,direct_conflict,competition,1,Gold,Iron,6863,17186,"You are given a small relation graph.
Fact 1: Ravi is linked with Sara.
Fact 2: Sara resolves to Gold.
Direct conflicting fact: Ravi resolves to Iron.
Question: Which label is associated with Ravi: Gold or Iron?
Answer with exactly one word:",10.06444,12.799093,22.32821,34.530045,31.41498,67.886856,15.3359375,14.3828125,clean,-7.578264,-0.10975933,2.1495724,0.726387,-6.179266,-6.634758,6.9216313,0.10975933,0.953125
g095_closure_update,95,15,5,closure_update,closure,2,Gold,Iron,6863,17186,"You are given a small relation graph.
Fact 1: Ravi is linked with Sara.
Old record: Sara resolves to Gold.
Updated record: Sara resolves to Iron, not Gold.
Question: Which label is associated with Ravi: Gold or Iron?
Answer with exactly one word:",10.915722,11.530866,20.39412,33.156548,46.776867,83.82,15.7890625,13.8671875,clean,-6.726982,-1.3779869,0.2154808,-0.64711,9.182621,9.298386,21.264513,0.2154808,1.921875
g095_closure_override,95,15,5,closure_override,closure,2,Gold,Iron,6863,17186,"You are given a rule system.
General rule: items that is linked with Sara receive label Gold.
Override rule: in this case, items that is linked with Sara receive label Iron.
Fact: Ravi is linked with Sara.
Question: Which label applies to Ravi: Gold or Iron?
Answer with exactly one word:",0.020938396,-0.76695156,-1.3969145,11.322583,2.881752,42.728275,14.4375,16.25,conflict,-17.621765,-13.675804,-21.575554,-22.481075,-34.712494,-31.793339,-45.984703,13.675804,-1.8125
g095_exception_override,95,15,5,exception_override,closure,2,Gold,Iron,6863,17186,"You are given a rule system.
General rule: items connected to Sara use label Gold.
Exception: Ravi is a special case and uses label Iron.
Fact: Ravi is connected to Sara.
Question: Which label applies to Ravi: Gold or Iron?
Answer with exactly one word:",-0.81514263,-3.2581792,-2.4163637,11.547817,0.31587029,38.10937,14.0859375,16.25,conflict,-18.457848,-16.167032,-22.595001,-22.25584,-37.278374,-36.412243,-50.9775,16.167032,-2.1640625
