prompt_id,graph_id,condition,mechanism,control,clean_label,conflict_label,clean_token_id,conflict_token_id,top1_token_id,top1_token,top1_class,clean_rank,conflict_rank,clean_minus_conflict_margin,null_id,null_seed,strict_conflict_to_clean
g000_closure_update,0,closure_update,closure,shuffle_matched_000,Red,Blue,4075,7640,5231, **,other,2,3,0.9375,0,3042,False
g000_closure_override,0,closure_override,closure,shuffle_matched_000,Red,Blue,4075,7640,5231, **,other,3,2,-1.1015625,0,3042,False
g000_exception_override,0,exception_override,closure,shuffle_matched_000,Red,Blue,4075,7640,5231, **,other,3,2,-0.609375,0,3042,False
g004_closure_update,4,closure_update,closure,shuffle_matched_000,Copper,Silver,38315,15934,5231, **,other,2,3,2.4765625,0,3042,False
g004_closure_override,4,closure_override,closure,shuffle_matched_000,Copper,Silver,38315,15934,38315, Copper,clean,1,3,2.328125,0,3042,False
g004_exception_override,4,exception_override,closure,shuffle_matched_000,Copper,Silver,38315,15934,38315, Copper,clean,1,3,2.0859375,0,3042,False
g009_closure_update,9,closure_update,closure,shuffle_matched_000,East,West,5571,4589,5231, **,other,2,3,2.875,0,3042,False
g009_closure_override,9,closure_override,closure,shuffle_matched_000,East,West,5571,4589,5231, **,other,2,3,0.296875,0,3042,False
g009_exception_override,9,exception_override,closure,shuffle_matched_000,East,West,5571,4589,5231, **,other,2,3,0.046875,0,3042,False
g010_closure_update,10,closure_update,closure,shuffle_matched_000,Copper,Silver,38315,15934,5231, **,other,2,4,3.296875,0,3042,False
g010_closure_override,10,closure_override,closure,shuffle_matched_000,Copper,Silver,38315,15934,38315, Copper,clean,1,3,1.484375,0,3042,False
g010_exception_override,10,exception_override,closure,shuffle_matched_000,Copper,Silver,38315,15934,5231, **,other,2,3,0.671875,0,3042,False
g011_closure_update,11,closure_update,closure,shuffle_matched_000,Gold,Iron,6863,17186,5231, **,other,2,3,1.484375,0,3042,False
g011_closure_override,11,closure_override,closure,shuffle_matched_000,Gold,Iron,6863,17186,5231, **,other,2,3,0.21875,0,3042,False
g011_exception_override,11,exception_override,closure,shuffle_matched_000,Gold,Iron,6863,17186,17186, Iron,conflict,3,1,-0.59375,0,3042,False
g012_closure_update,12,closure_update,closure,shuffle_matched_000,Red,Blue,4075,7640,5231, **,other,2,3,1.0703125,0,3042,False
g012_closure_override,12,closure_override,closure,shuffle_matched_000,Red,Blue,4075,7640,5231, **,other,3,2,-0.828125,0,3042,False
g012_exception_override,12,exception_override,closure,shuffle_matched_000,Red,Blue,4075,7640,5231, **,other,3,2,-0.96875,0,3042,False
g015_closure_update,15,closure_update,closure,shuffle_matched_000,East,West,5571,4589,5231, **,other,2,3,1.2265625,0,3042,False
g015_closure_override,15,closure_override,closure,shuffle_matched_000,East,West,5571,4589,5231, **,other,3,2,-1.2890625,0,3042,False
g015_exception_override,15,exception_override,closure,shuffle_matched_000,East,West,5571,4589,5231, **,other,3,2,-1.3828125,0,3042,False
g018_closure_update,18,closure_update,closure,shuffle_matched_000,Red,Blue,4075,7640,5231, **,other,2,3,0.84375,0,3042,False
g018_closure_override,18,closure_override,closure,shuffle_matched_000,Red,Blue,4075,7640,7640, Blue,conflict,3,1,-1.140625,0,3042,False
g018_exception_override,18,exception_override,closure,shuffle_matched_000,Red,Blue,4075,7640,5231, **,other,3,2,-0.5,0,3042,False
g022_closure_update,22,closure_update,closure,shuffle_matched_000,Copper,Silver,38315,15934,5231, **,other,2,3,2.0234375,0,3042,False
g022_closure_override,22,closure_override,closure,shuffle_matched_000,Copper,Silver,38315,15934,38315, Copper,clean,1,3,0.984375,0,3042,True
g022_exception_override,22,exception_override,closure,shuffle_matched_000,Copper,Silver,38315,15934,5231, **,other,2,3,0.3046875,0,3042,False
g026_closure_update,26,closure_update,closure,shuffle_matched_000,North,South,4612,4316,5231, **,other,3,2,-0.1796875,0,3042,False
g026_closure_override,26,closure_override,closure,shuffle_matched_000,North,South,4612,4316,5231, **,other,2,3,0.3359375,0,3042,False
g026_exception_override,26,exception_override,closure,shuffle_matched_000,North,South,4612,4316,5231, **,other,2,3,0.78125,0,3042,False
g030_closure_update,30,closure_update,closure,shuffle_matched_000,Red,Blue,4075,7640,5231, **,other,2,3,1.0625,0,3042,False
g030_closure_override,30,closure_override,closure,shuffle_matched_000,Red,Blue,4075,7640,7640, Blue,conflict,3,1,-0.6953125,0,3042,False
g030_exception_override,30,exception_override,closure,shuffle_matched_000,Red,Blue,4075,7640,5231, **,other,2,3,0.1328125,0,3042,False
g031_closure_update,31,closure_update,closure,shuffle_matched_000,Green,Yellow,6724,21730,5231, **,other,2,3,2.2421875,0,3042,False
g031_closure_override,31,closure_override,closure,shuffle_matched_000,Green,Yellow,6724,21730,5231, **,other,1,3,0.8203125,0,3042,False
g031_exception_override,31,exception_override,closure,shuffle_matched_000,Green,Yellow,6724,21730,5231, **,other,2,3,0.1640625,0,3042,False
g033_closure_update,33,closure_update,closure,shuffle_matched_000,East,West,5571,4589,5571, East,clean,1,3,2.75,0,3042,False
g033_closure_override,33,closure_override,closure,shuffle_matched_000,East,West,5571,4589,5571, East,clean,1,3,0.84375,0,3042,False
g033_exception_override,33,exception_override,closure,shuffle_matched_000,East,West,5571,4589,5231, **,other,2,3,0.6640625,0,3042,False
g039_closure_update,39,closure_update,closure,shuffle_matched_000,East,West,5571,4589,5231, **,other,2,3,2.1875,0,3042,False
g039_closure_override,39,closure_override,closure,shuffle_matched_000,East,West,5571,4589,5571, East,clean,1,3,0.2890625,0,3042,True
g039_exception_override,39,exception_override,closure,shuffle_matched_000,East,West,5571,4589,5231, **,other,3,2,-0.265625,0,3042,False
g040_closure_update,40,closure_update,closure,shuffle_matched_000,Copper,Silver,38315,15934,5231, **,other,2,3,2.03125,0,3042,False
g040_closure_override,40,closure_override,closure,shuffle_matched_000,Copper,Silver,38315,15934,38315, Copper,clean,1,3,1.375,0,3042,True
g040_exception_override,40,exception_override,closure,shuffle_matched_000,Copper,Silver,38315,15934,5231, **,other,2,3,0.875,0,3042,False
g042_closure_update,42,closure_update,closure,shuffle_matched_000,Red,Blue,4075,7640,5231, **,other,2,3,1.1640625,0,3042,False
g042_closure_override,42,closure_override,closure,shuffle_matched_000,Red,Blue,4075,7640,5231, **,other,3,1,-0.734375,0,3042,False
g042_exception_override,42,exception_override,closure,shuffle_matched_000,Red,Blue,4075,7640,5231, **,other,3,2,-0.03125,0,3042,False
g045_closure_update,45,closure_update,closure,shuffle_matched_000,East,West,5571,4589,5231, **,other,2,4,2.953125,0,3042,False
g045_closure_override,45,closure_override,closure,shuffle_matched_000,East,West,5571,4589,5231, **,other,2,3,0.765625,0,3042,False
g045_exception_override,45,exception_override,closure,shuffle_matched_000,East,West,5571,4589,5231, **,other,2,3,0.765625,0,3042,False
g053_closure_update,53,closure_update,closure,shuffle_matched_000,Gold,Iron,6863,17186,5231, **,other,2,3,1.734375,0,3042,False
g053_closure_override,53,closure_override,closure,shuffle_matched_000,Gold,Iron,6863,17186,5231, **,other,1,3,1.4375,0,3042,False
g053_exception_override,53,exception_override,closure,shuffle_matched_000,Gold,Iron,6863,17186,5231, **,other,2,3,0.9765625,0,3042,False
g064_closure_update,64,closure_update,closure,shuffle_matched_000,Copper,Silver,38315,15934,5231, **,other,2,3,1.6328125,0,3042,False
g064_closure_override,64,closure_override,closure,shuffle_matched_000,Copper,Silver,38315,15934,38315, Copper,clean,1,3,1.625,0,3042,True
g064_exception_override,64,exception_override,closure,shuffle_matched_000,Copper,Silver,38315,15934,38315, Copper,clean,1,3,1.75,0,3042,False
g067_closure_update,67,closure_update,closure,shuffle_matched_000,Green,Yellow,6724,21730,5231, **,other,2,3,2.171875,0,3042,False
g067_closure_override,67,closure_override,closure,shuffle_matched_000,Green,Yellow,6724,21730,6724, Green,clean,1,3,0.859375,0,3042,False
g067_exception_override,67,exception_override,closure,shuffle_matched_000,Green,Yellow,6724,21730,6724, Green,clean,1,3,1.25,0,3042,False
g068_closure_update,68,closure_update,closure,shuffle_matched_000,North,South,4612,4316,5231, **,other,2,3,0.8203125,0,3042,False
g068_closure_override,68,closure_override,closure,shuffle_matched_000,North,South,4612,4316,4612, North,clean,1,3,1.328125,0,3042,True
g068_exception_override,68,exception_override,closure,shuffle_matched_000,North,South,4612,4316,5231, **,other,2,3,0.515625,0,3042,False
g069_closure_update,69,closure_update,closure,shuffle_matched_000,East,West,5571,4589,5231, **,other,2,4,2.7109375,0,3042,False
g069_closure_override,69,closure_override,closure,shuffle_matched_000,East,West,5571,4589,5231, **,other,2,3,0.6875,0,3042,False
g069_exception_override,69,exception_override,closure,shuffle_matched_000,East,West,5571,4589,5231, **,other,2,3,0.453125,0,3042,False
g073_closure_update,73,closure_update,closure,shuffle_matched_000,Green,Yellow,6724,21730,5231, **,other,2,3,1.4765625,0,3042,False
g073_closure_override,73,closure_override,closure,shuffle_matched_000,Green,Yellow,6724,21730,5231, **,other,2,3,0.1796875,0,3042,False
g073_exception_override,73,exception_override,closure,shuffle_matched_000,Green,Yellow,6724,21730,5231, **,other,2,3,0.484375,0,3042,False
g077_closure_update,77,closure_update,closure,shuffle_matched_000,Gold,Iron,6863,17186,5231, **,other,2,3,2.1015625,0,3042,False
g077_closure_override,77,closure_override,closure,shuffle_matched_000,Gold,Iron,6863,17186,5231, **,other,2,3,0.71875,0,3042,False
g077_exception_override,77,exception_override,closure,shuffle_matched_000,Gold,Iron,6863,17186,5231, **,other,2,3,0.6796875,0,3042,False
g079_closure_update,79,closure_update,closure,shuffle_matched_000,Green,Yellow,6724,21730,5231, **,other,2,3,1.3984375,0,3042,False
g079_closure_override,79,closure_override,closure,shuffle_matched_000,Green,Yellow,6724,21730,5231, **,other,2,3,0.0390625,0,3042,False
g079_exception_override,79,exception_override,closure,shuffle_matched_000,Green,Yellow,6724,21730,6724, Green,clean,1,3,0.6171875,0,3042,False
g080_closure_update,80,closure_update,closure,shuffle_matched_000,North,South,4612,4316,5231, **,other,2,3,0.203125,0,3042,False
g080_closure_override,80,closure_override,closure,shuffle_matched_000,North,South,4612,4316,4612, North,clean,1,3,0.9296875,0,3042,True
g080_exception_override,80,exception_override,closure,shuffle_matched_000,North,South,4612,4316,5231, **,other,2,3,1.125,0,3042,False
g085_closure_update,85,closure_update,closure,shuffle_matched_000,Green,Yellow,6724,21730,5231, **,other,2,3,1.75,0,3042,False
g085_closure_override,85,closure_override,closure,shuffle_matched_000,Green,Yellow,6724,21730,6724, Green,clean,1,3,0.828125,0,3042,True
g085_exception_override,85,exception_override,closure,shuffle_matched_000,Green,Yellow,6724,21730,5231, **,other,2,3,0.375,0,3042,False
g088_closure_update,88,closure_update,closure,shuffle_matched_000,Copper,Silver,38315,15934,5231, **,other,2,3,2.8046875,0,3042,False
g088_closure_override,88,closure_override,closure,shuffle_matched_000,Copper,Silver,38315,15934,5231, **,other,2,3,0.53125,0,3042,False
g088_exception_override,88,exception_override,closure,shuffle_matched_000,Copper,Silver,38315,15934,38315, Copper,clean,1,3,1.6953125,0,3042,False
g094_closure_update,94,closure_update,closure,shuffle_matched_000,Copper,Silver,38315,15934,5231, **,other,2,4,3.0703125,0,3042,False
g094_closure_override,94,closure_override,closure,shuffle_matched_000,Copper,Silver,38315,15934,38315, Copper,clean,1,3,1.6171875,0,3042,True
g094_exception_override,94,exception_override,closure,shuffle_matched_000,Copper,Silver,38315,15934,5231, **,other,2,3,0.546875,0,3042,False
g000_closure_update,0,closure_update,closure,shuffle_matched_001,Red,Blue,4075,7640,5231, **,other,2,3,0.953125,1,3043,False
g000_closure_override,0,closure_override,closure,shuffle_matched_001,Red,Blue,4075,7640,5231, **,other,3,2,-0.7265625,1,3043,False
g000_exception_override,0,exception_override,closure,shuffle_matched_001,Red,Blue,4075,7640,5231, **,other,3,2,-0.625,1,3043,False
g004_closure_update,4,closure_update,closure,shuffle_matched_001,Copper,Silver,38315,15934,5231, **,other,2,3,2.4765625,1,3043,False
g004_closure_override,4,closure_override,closure,shuffle_matched_001,Copper,Silver,38315,15934,38315, Copper,clean,1,3,2.296875,1,3043,False
g004_exception_override,4,exception_override,closure,shuffle_matched_001,Copper,Silver,38315,15934,38315, Copper,clean,1,4,2.734375,1,3043,False
g009_closure_update,9,closure_update,closure,shuffle_matched_001,East,West,5571,4589,5231, **,other,2,3,2.875,1,3043,False
g009_closure_override,9,closure_override,closure,shuffle_matched_001,East,West,5571,4589,5231, **,other,2,3,0.6015625,1,3043,False
g009_exception_override,9,exception_override,closure,shuffle_matched_001,East,West,5571,4589,5231, **,other,2,3,0.3203125,1,3043,False
g010_closure_update,10,closure_update,closure,shuffle_matched_001,Copper,Silver,38315,15934,5231, **,other,2,4,3.296875,1,3043,False
g010_closure_override,10,closure_override,closure,shuffle_matched_001,Copper,Silver,38315,15934,38315, Copper,clean,1,3,1.7734375,1,3043,False
g010_exception_override,10,exception_override,closure,shuffle_matched_001,Copper,Silver,38315,15934,38315, Copper,clean,1,3,1.03125,1,3043,False
g011_closure_update,11,closure_update,closure,shuffle_matched_001,Gold,Iron,6863,17186,5231, **,other,2,3,2.1328125,1,3043,False
g011_closure_override,11,closure_override,closure,shuffle_matched_001,Gold,Iron,6863,17186,5231, **,other,2,3,0.21875,1,3043,False
g011_exception_override,11,exception_override,closure,shuffle_matched_001,Gold,Iron,6863,17186,17186, Iron,conflict,3,1,-0.59375,1,3043,False
g012_closure_update,12,closure_update,closure,shuffle_matched_001,Red,Blue,4075,7640,5231, **,other,2,3,1.0703125,1,3043,False
g012_closure_override,12,closure_override,closure,shuffle_matched_001,Red,Blue,4075,7640,7640, Blue,conflict,3,1,-1.015625,1,3043,False
g012_exception_override,12,exception_override,closure,shuffle_matched_001,Red,Blue,4075,7640,5231, **,other,3,2,-0.96875,1,3043,False
g015_closure_update,15,closure_update,closure,shuffle_matched_001,East,West,5571,4589,5231, **,other,2,3,1.2265625,1,3043,False
g015_closure_override,15,closure_override,closure,shuffle_matched_001,East,West,5571,4589,4589, West,conflict,3,1,-1.3359375,1,3043,False
g015_exception_override,15,exception_override,closure,shuffle_matched_001,East,West,5571,4589,4589, West,conflict,3,1,-1.515625,1,3043,False
g018_closure_update,18,closure_update,closure,shuffle_matched_001,Red,Blue,4075,7640,5231, **,other,2,3,0.84375,1,3043,False
g018_closure_override,18,closure_override,closure,shuffle_matched_001,Red,Blue,4075,7640,5231, **,other,3,2,-0.875,1,3043,False
g018_exception_override,18,exception_override,closure,shuffle_matched_001,Red,Blue,4075,7640,5231, **,other,3,2,-1.2734375,1,3043,False
g022_closure_update,22,closure_update,closure,shuffle_matched_001,Copper,Silver,38315,15934,5231, **,other,2,3,2.0234375,1,3043,False
g022_closure_override,22,closure_override,closure,shuffle_matched_001,Copper,Silver,38315,15934,38315, Copper,clean,1,3,0.5,1,3043,True
g022_exception_override,22,exception_override,closure,shuffle_matched_001,Copper,Silver,38315,15934,38315, Copper,clean,1,3,1.59375,1,3043,False
g026_closure_update,26,closure_update,closure,shuffle_matched_001,North,South,4612,4316,5231, **,other,3,2,-0.1796875,1,3043,False
g026_closure_override,26,closure_override,closure,shuffle_matched_001,North,South,4612,4316,5231, **,other,2,3,0.265625,1,3043,False
g026_exception_override,26,exception_override,closure,shuffle_matched_001,North,South,4612,4316,5231, **,other,3,2,-0.5546875,1,3043,False
g030_closure_update,30,closure_update,closure,shuffle_matched_001,Red,Blue,4075,7640,5231, **,other,2,3,1.03125,1,3043,False
g030_closure_override,30,closure_override,closure,shuffle_matched_001,Red,Blue,4075,7640,5231, **,other,3,2,-0.6171875,1,3043,False
g030_exception_override,30,exception_override,closure,shuffle_matched_001,Red,Blue,4075,7640,5231, **,other,3,2,-0.9453125,1,3043,False
g031_closure_update,31,closure_update,closure,shuffle_matched_001,Green,Yellow,6724,21730,5231, **,other,2,3,2.2421875,1,3043,False
g031_closure_override,31,closure_override,closure,shuffle_matched_001,Green,Yellow,6724,21730,5231, **,other,1,3,0.8203125,1,3043,False
g031_exception_override,31,exception_override,closure,shuffle_matched_001,Green,Yellow,6724,21730,5231, **,other,2,3,0.1640625,1,3043,False
g033_closure_update,33,closure_update,closure,shuffle_matched_001,East,West,5571,4589,5571, East,clean,1,3,2.75,1,3043,False
g033_closure_override,33,closure_override,closure,shuffle_matched_001,East,West,5571,4589,5571, East,clean,1,3,0.5234375,1,3043,False
g033_exception_override,33,exception_override,closure,shuffle_matched_001,East,West,5571,4589,5231, **,other,2,3,0.484375,1,3043,False
g039_closure_update,39,closure_update,closure,shuffle_matched_001,East,West,5571,4589,5231, **,other,2,3,2.1875,1,3043,False
g039_closure_override,39,closure_override,closure,shuffle_matched_001,East,West,5571,4589,5571, East,clean,1,3,0.2734375,1,3043,True
g039_exception_override,39,exception_override,closure,shuffle_matched_001,East,West,5571,4589,5231, **,other,3,2,-0.0859375,1,3043,False
g040_closure_update,40,closure_update,closure,shuffle_matched_001,Copper,Silver,38315,15934,5231, **,other,2,3,2.03125,1,3043,False
g040_closure_override,40,closure_override,closure,shuffle_matched_001,Copper,Silver,38315,15934,38315, Copper,clean,1,3,1.65625,1,3043,True
g040_exception_override,40,exception_override,closure,shuffle_matched_001,Copper,Silver,38315,15934,38315, Copper,clean,1,5,3.125,1,3043,False
g042_closure_update,42,closure_update,closure,shuffle_matched_001,Red,Blue,4075,7640,5231, **,other,2,3,1.1640625,1,3043,False
g042_closure_override,42,closure_override,closure,shuffle_matched_001,Red,Blue,4075,7640,5231, **,other,3,2,-0.390625,1,3043,False
g042_exception_override,42,exception_override,closure,shuffle_matched_001,Red,Blue,4075,7640,5231, **,other,3,2,-0.0234375,1,3043,False
g045_closure_update,45,closure_update,closure,shuffle_matched_001,East,West,5571,4589,5231, **,other,2,4,2.953125,1,3043,False
g045_closure_override,45,closure_override,closure,shuffle_matched_001,East,West,5571,4589,5231, **,other,2,3,0.8203125,1,3043,False
g045_exception_override,45,exception_override,closure,shuffle_matched_001,East,West,5571,4589,5231, **,other,2,3,0.5859375,1,3043,False
g053_closure_update,53,closure_update,closure,shuffle_matched_001,Gold,Iron,6863,17186,5231, **,other,2,3,1.734375,1,3043,False
g053_closure_override,53,closure_override,closure,shuffle_matched_001,Gold,Iron,6863,17186,6863, Gold,clean,1,3,1.4921875,1,3043,False
g053_exception_override,53,exception_override,closure,shuffle_matched_001,Gold,Iron,6863,17186,5231, **,other,2,3,0.4296875,1,3043,False
g064_closure_update,64,closure_update,closure,shuffle_matched_001,Copper,Silver,38315,15934,5231, **,other,2,3,1.6328125,1,3043,False
g064_closure_override,64,closure_override,closure,shuffle_matched_001,Copper,Silver,38315,15934,5231, **,other,2,3,0.515625,1,3043,False
g064_exception_override,64,exception_override,closure,shuffle_matched_001,Copper,Silver,38315,15934,38315, Copper,clean,1,3,2.1484375,1,3043,False
g067_closure_update,67,closure_update,closure,shuffle_matched_001,Green,Yellow,6724,21730,5231, **,other,2,3,2.171875,1,3043,False
g067_closure_override,67,closure_override,closure,shuffle_matched_001,Green,Yellow,6724,21730,6724, Green,clean,1,3,0.9140625,1,3043,False
g067_exception_override,67,exception_override,closure,shuffle_matched_001,Green,Yellow,6724,21730,6724, Green,clean,1,3,1.234375,1,3043,False
g068_closure_update,68,closure_update,closure,shuffle_matched_001,North,South,4612,4316,5231, **,other,2,3,0.8203125,1,3043,False
g068_closure_override,68,closure_override,closure,shuffle_matched_001,North,South,4612,4316,4612, North,clean,1,3,1.3125,1,3043,True
g068_exception_override,68,exception_override,closure,shuffle_matched_001,North,South,4612,4316,5231, **,other,2,3,1.4140625,1,3043,False
g069_closure_update,69,closure_update,closure,shuffle_matched_001,East,West,5571,4589,5231, **,other,2,4,2.7109375,1,3043,False
g069_closure_override,69,closure_override,closure,shuffle_matched_001,East,West,5571,4589,5231, **,other,2,3,0.6875,1,3043,False
g069_exception_override,69,exception_override,closure,shuffle_matched_001,East,West,5571,4589,5231, **,other,2,3,0.5234375,1,3043,False
g073_closure_update,73,closure_update,closure,shuffle_matched_001,Green,Yellow,6724,21730,5231, **,other,2,3,1.4765625,1,3043,False
g073_closure_override,73,closure_override,closure,shuffle_matched_001,Green,Yellow,6724,21730,5231, **,other,2,3,0.1796875,1,3043,False
g073_exception_override,73,exception_override,closure,shuffle_matched_001,Green,Yellow,6724,21730,5231, **,other,2,3,0.40625,1,3043,False
g077_closure_update,77,closure_update,closure,shuffle_matched_001,Gold,Iron,6863,17186,5231, **,other,2,3,2.1015625,1,3043,False
g077_closure_override,77,closure_override,closure,shuffle_matched_001,Gold,Iron,6863,17186,5231, **,other,2,3,1.0234375,1,3043,False
g077_exception_override,77,exception_override,closure,shuffle_matched_001,Gold,Iron,6863,17186,5231, **,other,2,3,0.6640625,1,3043,False
g079_closure_update,79,closure_update,closure,shuffle_matched_001,Green,Yellow,6724,21730,5231, **,other,2,3,1.3984375,1,3043,False
g079_closure_override,79,closure_override,closure,shuffle_matched_001,Green,Yellow,6724,21730,5231, **,other,2,3,0.015625,1,3043,False
g079_exception_override,79,exception_override,closure,shuffle_matched_001,Green,Yellow,6724,21730,5231, **,other,3,2,-0.5234375,1,3043,False
g080_closure_update,80,closure_update,closure,shuffle_matched_001,North,South,4612,4316,5231, **,other,2,3,0.203125,1,3043,False
g080_closure_override,80,closure_override,closure,shuffle_matched_001,North,South,4612,4316,4612, North,clean,1,3,0.9453125,1,3043,True
g080_exception_override,80,exception_override,closure,shuffle_matched_001,North,South,4612,4316,5231, **,other,2,3,1.1015625,1,3043,False
g085_closure_update,85,closure_update,closure,shuffle_matched_001,Green,Yellow,6724,21730,5231, **,other,2,3,1.734375,1,3043,False
g085_closure_override,85,closure_override,closure,shuffle_matched_001,Green,Yellow,6724,21730,6724, Green,clean,1,3,0.859375,1,3043,True
g085_exception_override,85,exception_override,closure,shuffle_matched_001,Green,Yellow,6724,21730,5231, **,other,2,3,0.5625,1,3043,False
g088_closure_update,88,closure_update,closure,shuffle_matched_001,Copper,Silver,38315,15934,5231, **,other,2,3,2.8046875,1,3043,False
g088_closure_override,88,closure_override,closure,shuffle_matched_001,Copper,Silver,38315,15934,38315, Copper,clean,1,3,1.9140625,1,3043,True
g088_exception_override,88,exception_override,closure,shuffle_matched_001,Copper,Silver,38315,15934,38315, Copper,clean,1,3,1.203125,1,3043,False
g094_closure_update,94,closure_update,closure,shuffle_matched_001,Copper,Silver,38315,15934,5231, **,other,2,4,3.0703125,1,3043,False
g094_closure_override,94,closure_override,closure,shuffle_matched_001,Copper,Silver,38315,15934,38315, Copper,clean,1,3,1.6171875,1,3043,True
g094_exception_override,94,exception_override,closure,shuffle_matched_001,Copper,Silver,38315,15934,38315, Copper,clean,1,3,1.7421875,1,3043,False
g000_closure_update,0,closure_update,closure,shuffle_matched_002,Red,Blue,4075,7640,5231, **,other,2,3,0.953125,2,3044,False
g000_closure_override,0,closure_override,closure,shuffle_matched_002,Red,Blue,4075,7640,5231, **,other,3,2,-1.1015625,2,3044,False
g000_exception_override,0,exception_override,closure,shuffle_matched_002,Red,Blue,4075,7640,5231, **,other,3,2,-0.6328125,2,3044,False
g004_closure_update,4,closure_update,closure,shuffle_matched_002,Copper,Silver,38315,15934,5231, **,other,2,3,2.4765625,2,3044,False
g004_closure_override,4,closure_override,closure,shuffle_matched_002,Copper,Silver,38315,15934,38315, Copper,clean,1,3,2.328125,2,3044,False
g004_exception_override,4,exception_override,closure,shuffle_matched_002,Copper,Silver,38315,15934,5231, **,other,2,3,0.7421875,2,3044,False
g009_closure_update,9,closure_update,closure,shuffle_matched_002,East,West,5571,4589,5231, **,other,2,3,2.875,2,3044,False
g009_closure_override,9,closure_override,closure,shuffle_matched_002,East,West,5571,4589,5231, **,other,2,3,0.6015625,2,3044,False
g009_exception_override,9,exception_override,closure,shuffle_matched_002,East,West,5571,4589,5231, **,other,2,3,0.296875,2,3044,False
g010_closure_update,10,closure_update,closure,shuffle_matched_002,Copper,Silver,38315,15934,5231, **,other,2,4,3.296875,2,3044,False
g010_closure_override,10,closure_override,closure,shuffle_matched_002,Copper,Silver,38315,15934,38315, Copper,clean,1,3,1.5234375,2,3044,False
g010_exception_override,10,exception_override,closure,shuffle_matched_002,Copper,Silver,38315,15934,38315, Copper,clean,1,3,1.3046875,2,3044,False
g011_closure_update,11,closure_update,closure,shuffle_matched_002,Gold,Iron,6863,17186,5231, **,other,2,3,2.1328125,2,3044,False
g011_closure_override,11,closure_override,closure,shuffle_matched_002,Gold,Iron,6863,17186,5231, **,other,2,3,0.1875,2,3044,False
g011_exception_override,11,exception_override,closure,shuffle_matched_002,Gold,Iron,6863,17186,17186, Iron,conflict,3,1,-0.59375,2,3044,False
g012_closure_update,12,closure_update,closure,shuffle_matched_002,Red,Blue,4075,7640,5231, **,other,2,3,1.0703125,2,3044,False
g012_closure_override,12,closure_override,closure,shuffle_matched_002,Red,Blue,4075,7640,5231, **,other,3,2,-0.8125,2,3044,False
g012_exception_override,12,exception_override,closure,shuffle_matched_002,Red,Blue,4075,7640,5231, **,other,3,2,-1.0078125,2,3044,False
g015_closure_update,15,closure_update,closure,shuffle_matched_002,East,West,5571,4589,5231, **,other,2,3,1.2265625,2,3044,False
g015_closure_override,15,closure_override,closure,shuffle_matched_002,East,West,5571,4589,4589, West,conflict,3,1,-1.359375,2,3044,False
g015_exception_override,15,exception_override,closure,shuffle_matched_002,East,West,5571,4589,5231, **,other,3,2,-0.921875,2,3044,False
g018_closure_update,18,closure_update,closure,shuffle_matched_002,Red,Blue,4075,7640,5231, **,other,2,3,0.84375,2,3044,False
g018_closure_override,18,closure_override,closure,shuffle_matched_002,Red,Blue,4075,7640,5231, **,other,3,2,-0.890625,2,3044,False
g018_exception_override,18,exception_override,closure,shuffle_matched_002,Red,Blue,4075,7640,5231, **,other,3,2,-0.453125,2,3044,False
g022_closure_update,22,closure_update,closure,shuffle_matched_002,Copper,Silver,38315,15934,5231, **,other,2,3,2.0234375,2,3044,False
g022_closure_override,22,closure_override,closure,shuffle_matched_002,Copper,Silver,38315,15934,5231, **,other,2,2,0.0,2,3044,False
g022_exception_override,22,exception_override,closure,shuffle_matched_002,Copper,Silver,38315,15934,38315, Copper,clean,1,3,1.5625,2,3044,False
g026_closure_update,26,closure_update,closure,shuffle_matched_002,North,South,4612,4316,5231, **,other,3,2,-0.1796875,2,3044,False
g026_closure_override,26,closure_override,closure,shuffle_matched_002,North,South,4612,4316,5231, **,other,2,3,0.3359375,2,3044,False
g026_exception_override,26,exception_override,closure,shuffle_matched_002,North,South,4612,4316,5231, **,other,3,2,-0.125,2,3044,False
g030_closure_update,30,closure_update,closure,shuffle_matched_002,Red,Blue,4075,7640,5231, **,other,2,3,1.03125,2,3044,False
g030_closure_override,30,closure_override,closure,shuffle_matched_002,Red,Blue,4075,7640,5231, **,other,3,2,-0.6171875,2,3044,False
g030_exception_override,30,exception_override,closure,shuffle_matched_002,Red,Blue,4075,7640,5231, **,other,2,3,0.03125,2,3044,False
g031_closure_update,31,closure_update,closure,shuffle_matched_002,Green,Yellow,6724,21730,5231, **,other,2,3,2.2421875,2,3044,False
g031_closure_override,31,closure_override,closure,shuffle_matched_002,Green,Yellow,6724,21730,5231, **,other,1,3,0.8203125,2,3044,False
g031_exception_override,31,exception_override,closure,shuffle_matched_002,Green,Yellow,6724,21730,5231, **,other,2,3,1.171875,2,3044,False
g033_closure_update,33,closure_update,closure,shuffle_matched_002,East,West,5571,4589,5571, East,clean,1,3,2.75,2,3044,False
g033_closure_override,33,closure_override,closure,shuffle_matched_002,East,West,5571,4589,5571, East,clean,1,3,0.5234375,2,3044,False
g033_exception_override,33,exception_override,closure,shuffle_matched_002,East,West,5571,4589,5231, **,other,2,3,0.6640625,2,3044,False
g039_closure_update,39,closure_update,closure,shuffle_matched_002,East,West,5571,4589,5231, **,other,2,3,2.1875,2,3044,False
g039_closure_override,39,closure_override,closure,shuffle_matched_002,East,West,5571,4589,5571, East,clean,1,3,0.2890625,2,3044,True
g039_exception_override,39,exception_override,closure,shuffle_matched_002,East,West,5571,4589,5231, **,other,3,2,-0.1171875,2,3044,False
g040_closure_update,40,closure_update,closure,shuffle_matched_002,Copper,Silver,38315,15934,5231, **,other,2,3,2.03125,2,3044,False
g040_closure_override,40,closure_override,closure,shuffle_matched_002,Copper,Silver,38315,15934,38315, Copper,clean,1,3,1.65625,2,3044,True
g040_exception_override,40,exception_override,closure,shuffle_matched_002,Copper,Silver,38315,15934,38315, Copper,clean,1,3,2.375,2,3044,False
g042_closure_update,42,closure_update,closure,shuffle_matched_002,Red,Blue,4075,7640,5231, **,other,2,3,1.1640625,2,3044,False
g042_closure_override,42,closure_override,closure,shuffle_matched_002,Red,Blue,4075,7640,5231, **,other,3,2,-0.3515625,2,3044,False
g042_exception_override,42,exception_override,closure,shuffle_matched_002,Red,Blue,4075,7640,5231, **,other,3,2,-0.03125,2,3044,False
g045_closure_update,45,closure_update,closure,shuffle_matched_002,East,West,5571,4589,5231, **,other,2,4,2.953125,2,3044,False
g045_closure_override,45,closure_override,closure,shuffle_matched_002,East,West,5571,4589,5231, **,other,2,3,0.8125,2,3044,False
g045_exception_override,45,exception_override,closure,shuffle_matched_002,East,West,5571,4589,5231, **,other,2,3,0.765625,2,3044,False
g053_closure_update,53,closure_update,closure,shuffle_matched_002,Gold,Iron,6863,17186,5231, **,other,2,3,1.734375,2,3044,False
g053_closure_override,53,closure_override,closure,shuffle_matched_002,Gold,Iron,6863,17186,5231, **,other,2,3,1.234375,2,3044,False
g053_exception_override,53,exception_override,closure,shuffle_matched_002,Gold,Iron,6863,17186,5231, **,other,2,3,1.0,2,3044,False
g064_closure_update,64,closure_update,closure,shuffle_matched_002,Copper,Silver,38315,15934,5231, **,other,2,3,1.6328125,2,3044,False
g064_closure_override,64,closure_override,closure,shuffle_matched_002,Copper,Silver,38315,15934,38315, Copper,clean,1,3,1.3515625,2,3044,True
g064_exception_override,64,exception_override,closure,shuffle_matched_002,Copper,Silver,38315,15934,38315, Copper,clean,1,3,2.3828125,2,3044,False
g067_closure_update,67,closure_update,closure,shuffle_matched_002,Green,Yellow,6724,21730,5231, **,other,2,3,2.171875,2,3044,False
g067_closure_override,67,closure_override,closure,shuffle_matched_002,Green,Yellow,6724,21730,6724, Green,clean,1,3,0.703125,2,3044,False
g067_exception_override,67,exception_override,closure,shuffle_matched_002,Green,Yellow,6724,21730,5231, **,other,2,3,1.0234375,2,3044,False
g068_closure_update,68,closure_update,closure,shuffle_matched_002,North,South,4612,4316,5231, **,other,2,3,0.8203125,2,3044,False
g068_closure_override,68,closure_override,closure,shuffle_matched_002,North,South,4612,4316,4612, North,clean,1,3,1.328125,2,3044,True
g068_exception_override,68,exception_override,closure,shuffle_matched_002,North,South,4612,4316,5231, **,other,3,2,-0.0703125,2,3044,False
g069_closure_update,69,closure_update,closure,shuffle_matched_002,East,West,5571,4589,5231, **,other,2,4,2.7109375,2,3044,False
g069_closure_override,69,closure_override,closure,shuffle_matched_002,East,West,5571,4589,5231, **,other,2,3,0.4765625,2,3044,False
g069_exception_override,69,exception_override,closure,shuffle_matched_002,East,West,5571,4589,5231, **,other,2,3,0.546875,2,3044,False
g073_closure_update,73,closure_update,closure,shuffle_matched_002,Green,Yellow,6724,21730,5231, **,other,2,3,1.4609375,2,3044,False
g073_closure_override,73,closure_override,closure,shuffle_matched_002,Green,Yellow,6724,21730,5231, **,other,2,3,0.3515625,2,3044,False
g073_exception_override,73,exception_override,closure,shuffle_matched_002,Green,Yellow,6724,21730,5231, **,other,2,3,0.359375,2,3044,False
g077_closure_update,77,closure_update,closure,shuffle_matched_002,Gold,Iron,6863,17186,5231, **,other,2,3,2.1015625,2,3044,False
g077_closure_override,77,closure_override,closure,shuffle_matched_002,Gold,Iron,6863,17186,5231, **,other,3,2,-0.1484375,2,3044,False
g077_exception_override,77,exception_override,closure,shuffle_matched_002,Gold,Iron,6863,17186,5231, **,other,2,3,0.6484375,2,3044,False
g079_closure_update,79,closure_update,closure,shuffle_matched_002,Green,Yellow,6724,21730,5231, **,other,2,3,1.3984375,2,3044,False
g079_closure_override,79,closure_override,closure,shuffle_matched_002,Green,Yellow,6724,21730,21730, Yellow,conflict,2,1,-0.203125,2,3044,False
g079_exception_override,79,exception_override,closure,shuffle_matched_002,Green,Yellow,6724,21730,5231, **,other,2,3,0.4375,2,3044,False
g080_closure_update,80,closure_update,closure,shuffle_matched_002,North,South,4612,4316,5231, **,other,2,3,0.203125,2,3044,False
g080_closure_override,80,closure_override,closure,shuffle_matched_002,North,South,4612,4316,4612, North,clean,1,3,0.9453125,2,3044,True
g080_exception_override,80,exception_override,closure,shuffle_matched_002,North,South,4612,4316,5231, **,other,3,2,-0.296875,2,3044,False
g085_closure_update,85,closure_update,closure,shuffle_matched_002,Green,Yellow,6724,21730,5231, **,other,2,3,1.75,2,3044,False
g085_closure_override,85,closure_override,closure,shuffle_matched_002,Green,Yellow,6724,21730,6724, Green,clean,1,3,0.828125,2,3044,True
g085_exception_override,85,exception_override,closure,shuffle_matched_002,Green,Yellow,6724,21730,5231, **,other,2,3,0.5625,2,3044,False
g088_closure_update,88,closure_update,closure,shuffle_matched_002,Copper,Silver,38315,15934,5231, **,other,2,3,2.8046875,2,3044,False
g088_closure_override,88,closure_override,closure,shuffle_matched_002,Copper,Silver,38315,15934,38315, Copper,clean,1,3,1.8828125,2,3044,True
g088_exception_override,88,exception_override,closure,shuffle_matched_002,Copper,Silver,38315,15934,38315, Copper,clean,1,3,1.25,2,3044,False
g094_closure_update,94,closure_update,closure,shuffle_matched_002,Copper,Silver,38315,15934,5231, **,other,2,4,3.0703125,2,3044,False
g094_closure_override,94,closure_override,closure,shuffle_matched_002,Copper,Silver,38315,15934,38315, Copper,clean,1,3,1.609375,2,3044,True
g094_exception_override,94,exception_override,closure,shuffle_matched_002,Copper,Silver,38315,15934,38315, Copper,clean,1,3,1.7421875,2,3044,False
g000_closure_update,0,closure_update,closure,shuffle_matched_003,Red,Blue,4075,7640,5231, **,other,2,3,0.9375,3,3045,False
g000_closure_override,0,closure_override,closure,shuffle_matched_003,Red,Blue,4075,7640,5231, **,other,3,2,-0.7578125,3,3045,False
g000_exception_override,0,exception_override,closure,shuffle_matched_003,Red,Blue,4075,7640,5231, **,other,3,2,-1.34375,3,3045,False
g004_closure_update,4,closure_update,closure,shuffle_matched_003,Copper,Silver,38315,15934,5231, **,other,2,3,2.4765625,3,3045,False
g004_closure_override,4,closure_override,closure,shuffle_matched_003,Copper,Silver,38315,15934,38315, Copper,clean,1,3,2.0234375,3,3045,False
g004_exception_override,4,exception_override,closure,shuffle_matched_003,Copper,Silver,38315,15934,38315, Copper,clean,1,3,2.0859375,3,3045,False
g009_closure_update,9,closure_update,closure,shuffle_matched_003,East,West,5571,4589,5231, **,other,2,3,2.875,3,3045,False
g009_closure_override,9,closure_override,closure,shuffle_matched_003,East,West,5571,4589,5231, **,other,2,3,0.140625,3,3045,False
g009_exception_override,9,exception_override,closure,shuffle_matched_003,East,West,5571,4589,5231, **,other,2,3,0.046875,3,3045,False
g010_closure_update,10,closure_update,closure,shuffle_matched_003,Copper,Silver,38315,15934,5231, **,other,2,4,3.296875,3,3045,False
g010_closure_override,10,closure_override,closure,shuffle_matched_003,Copper,Silver,38315,15934,38315, Copper,clean,1,3,2.109375,3,3045,False
g010_exception_override,10,exception_override,closure,shuffle_matched_003,Copper,Silver,38315,15934,38315, Copper,clean,1,3,1.09375,3,3045,False
g011_closure_update,11,closure_update,closure,shuffle_matched_003,Gold,Iron,6863,17186,5231, **,other,2,3,1.484375,3,3045,False
g011_closure_override,11,closure_override,closure,shuffle_matched_003,Gold,Iron,6863,17186,5231, **,other,2,3,0.015625,3,3045,False
g011_exception_override,11,exception_override,closure,shuffle_matched_003,Gold,Iron,6863,17186,5231, **,other,3,2,-1.1484375,3,3045,False
g012_closure_update,12,closure_update,closure,shuffle_matched_003,Red,Blue,4075,7640,5231, **,other,2,3,1.0703125,3,3045,False
g012_closure_override,12,closure_override,closure,shuffle_matched_003,Red,Blue,4075,7640,5231, **,other,3,2,-0.8125,3,3045,False
g012_exception_override,12,exception_override,closure,shuffle_matched_003,Red,Blue,4075,7640,5231, **,other,3,2,-0.96875,3,3045,False
g015_closure_update,15,closure_update,closure,shuffle_matched_003,East,West,5571,4589,5231, **,other,2,3,1.2265625,3,3045,False
g015_closure_override,15,closure_override,closure,shuffle_matched_003,East,West,5571,4589,4589, West,conflict,3,1,-1.3359375,3,3045,False
g015_exception_override,15,exception_override,closure,shuffle_matched_003,East,West,5571,4589,5231, **,other,3,2,-1.359375,3,3045,False
g018_closure_update,18,closure_update,closure,shuffle_matched_003,Red,Blue,4075,7640,5231, **,other,2,3,0.84375,3,3045,False
g018_closure_override,18,closure_override,closure,shuffle_matched_003,Red,Blue,4075,7640,7640, Blue,conflict,3,1,-0.859375,3,3045,False
g018_exception_override,18,exception_override,closure,shuffle_matched_003,Red,Blue,4075,7640,5231, **,other,3,2,-0.453125,3,3045,False
g022_closure_update,22,closure_update,closure,shuffle_matched_003,Copper,Silver,38315,15934,5231, **,other,2,3,2.0234375,3,3045,False
g022_closure_override,22,closure_override,closure,shuffle_matched_003,Copper,Silver,38315,15934,38315, Copper,clean,1,3,1.3359375,3,3045,True
g022_exception_override,22,exception_override,closure,shuffle_matched_003,Copper,Silver,38315,15934,38315, Copper,clean,1,3,1.53125,3,3045,False
g026_closure_update,26,closure_update,closure,shuffle_matched_003,North,South,4612,4316,5231, **,other,3,2,-0.1796875,3,3045,False
g026_closure_override,26,closure_override,closure,shuffle_matched_003,North,South,4612,4316,5231, **,other,2,3,0.265625,3,3045,False
g026_exception_override,26,exception_override,closure,shuffle_matched_003,North,South,4612,4316,5231, **,other,2,3,0.9921875,3,3045,False
g030_closure_update,30,closure_update,closure,shuffle_matched_003,Red,Blue,4075,7640,5231, **,other,2,3,1.0625,3,3045,False
g030_closure_override,30,closure_override,closure,shuffle_matched_003,Red,Blue,4075,7640,7640, Blue,conflict,3,1,-0.7890625,3,3045,False
g030_exception_override,30,exception_override,closure,shuffle_matched_003,Red,Blue,4075,7640,5231, **,other,2,3,0.03125,3,3045,False
g031_closure_update,31,closure_update,closure,shuffle_matched_003,Green,Yellow,6724,21730,5231, **,other,2,3,2.2421875,3,3045,False
g031_closure_override,31,closure_override,closure,shuffle_matched_003,Green,Yellow,6724,21730,6724, Green,clean,1,3,0.6640625,3,3045,False
g031_exception_override,31,exception_override,closure,shuffle_matched_003,Green,Yellow,6724,21730,5231, **,other,2,3,1.171875,3,3045,False
g033_closure_update,33,closure_update,closure,shuffle_matched_003,East,West,5571,4589,5571, East,clean,1,3,2.75,3,3045,False
g033_closure_override,33,closure_override,closure,shuffle_matched_003,East,West,5571,4589,5231, **,other,2,3,1.0234375,3,3045,False
g033_exception_override,33,exception_override,closure,shuffle_matched_003,East,West,5571,4589,5231, **,other,2,3,0.484375,3,3045,False
g039_closure_update,39,closure_update,closure,shuffle_matched_003,East,West,5571,4589,5231, **,other,2,3,2.1875,3,3045,False
g039_closure_override,39,closure_override,closure,shuffle_matched_003,East,West,5571,4589,5571, East,clean,1,3,0.2890625,3,3045,True
g039_exception_override,39,exception_override,closure,shuffle_matched_003,East,West,5571,4589,5231, **,other,3,2,-0.0703125,3,3045,False
g040_closure_update,40,closure_update,closure,shuffle_matched_003,Copper,Silver,38315,15934,5231, **,other,2,3,2.03125,3,3045,False
g040_closure_override,40,closure_override,closure,shuffle_matched_003,Copper,Silver,38315,15934,38315, Copper,clean,1,3,1.65625,3,3045,True
g040_exception_override,40,exception_override,closure,shuffle_matched_003,Copper,Silver,38315,15934,38315, Copper,clean,1,5,3.125,3,3045,False
g042_closure_update,42,closure_update,closure,shuffle_matched_003,Red,Blue,4075,7640,5231, **,other,2,3,1.1640625,3,3045,False
g042_closure_override,42,closure_override,closure,shuffle_matched_003,Red,Blue,4075,7640,5231, **,other,3,2,-0.65625,3,3045,False
g042_exception_override,42,exception_override,closure,shuffle_matched_003,Red,Blue,4075,7640,5231, **,other,3,2,-0.25,3,3045,False
g045_closure_update,45,closure_update,closure,shuffle_matched_003,East,West,5571,4589,5231, **,other,2,4,2.953125,3,3045,False
g045_closure_override,45,closure_override,closure,shuffle_matched_003,East,West,5571,4589,5231, **,other,2,3,0.3515625,3,3045,False
g045_exception_override,45,exception_override,closure,shuffle_matched_003,East,West,5571,4589,5231, **,other,2,3,0.7890625,3,3045,False
g053_closure_update,53,closure_update,closure,shuffle_matched_003,Gold,Iron,6863,17186,5231, **,other,2,3,1.734375,3,3045,False
g053_closure_override,53,closure_override,closure,shuffle_matched_003,Gold,Iron,6863,17186,5231, **,other,2,3,1.3359375,3,3045,False
g053_exception_override,53,exception_override,closure,shuffle_matched_003,Gold,Iron,6863,17186,5231, **,other,2,3,0.9609375,3,3045,False
g064_closure_update,64,closure_update,closure,shuffle_matched_003,Copper,Silver,38315,15934,5231, **,other,2,3,1.6328125,3,3045,False
g064_closure_override,64,closure_override,closure,shuffle_matched_003,Copper,Silver,38315,15934,38315, Copper,clean,1,3,1.3671875,3,3045,True
g064_exception_override,64,exception_override,closure,shuffle_matched_003,Copper,Silver,38315,15934,38315, Copper,clean,1,3,2.0625,3,3045,False
g067_closure_update,67,closure_update,closure,shuffle_matched_003,Green,Yellow,6724,21730,5231, **,other,2,3,2.171875,3,3045,False
g067_closure_override,67,closure_override,closure,shuffle_matched_003,Green,Yellow,6724,21730,6724, Green,clean,1,3,0.6953125,3,3045,False
g067_exception_override,67,exception_override,closure,shuffle_matched_003,Green,Yellow,6724,21730,5231, **,other,2,3,0.0390625,3,3045,False
g068_closure_update,68,closure_update,closure,shuffle_matched_003,North,South,4612,4316,5231, **,other,2,3,0.8203125,3,3045,False
g068_closure_override,68,closure_override,closure,shuffle_matched_003,North,South,4612,4316,5231, **,other,2,3,1.265625,3,3045,False
g068_exception_override,68,exception_override,closure,shuffle_matched_003,North,South,4612,4316,5231, **,other,2,3,1.4140625,3,3045,False
g069_closure_update,69,closure_update,closure,shuffle_matched_003,East,West,5571,4589,5231, **,other,2,4,2.7109375,3,3045,False
g069_closure_override,69,closure_override,closure,shuffle_matched_003,East,West,5571,4589,5231, **,other,2,3,0.3125,3,3045,False
g069_exception_override,69,exception_override,closure,shuffle_matched_003,East,West,5571,4589,5231, **,other,2,3,0.46875,3,3045,False
g073_closure_update,73,closure_update,closure,shuffle_matched_003,Green,Yellow,6724,21730,5231, **,other,2,3,1.4765625,3,3045,False
g073_closure_override,73,closure_override,closure,shuffle_matched_003,Green,Yellow,6724,21730,5231, **,other,2,3,0.203125,3,3045,False
g073_exception_override,73,exception_override,closure,shuffle_matched_003,Green,Yellow,6724,21730,5231, **,other,2,3,0.453125,3,3045,False
g077_closure_update,77,closure_update,closure,shuffle_matched_003,Gold,Iron,6863,17186,5231, **,other,2,3,2.1015625,3,3045,False
g077_closure_override,77,closure_override,closure,shuffle_matched_003,Gold,Iron,6863,17186,5231, **,other,2,3,0.609375,3,3045,False
g077_exception_override,77,exception_override,closure,shuffle_matched_003,Gold,Iron,6863,17186,5231, **,other,2,3,0.875,3,3045,False
g079_closure_update,79,closure_update,closure,shuffle_matched_003,Green,Yellow,6724,21730,5231, **,other,2,3,1.3984375,3,3045,False
g079_closure_override,79,closure_override,closure,shuffle_matched_003,Green,Yellow,6724,21730,21730, Yellow,conflict,2,1,-0.1796875,3,3045,False
g079_exception_override,79,exception_override,closure,shuffle_matched_003,Green,Yellow,6724,21730,5231, **,other,3,2,-0.5234375,3,3045,False
g080_closure_update,80,closure_update,closure,shuffle_matched_003,North,South,4612,4316,5231, **,other,2,3,0.203125,3,3045,False
g080_closure_override,80,closure_override,closure,shuffle_matched_003,North,South,4612,4316,4612, North,clean,1,3,0.9453125,3,3045,True
g080_exception_override,80,exception_override,closure,shuffle_matched_003,North,South,4612,4316,4612, North,clean,1,3,1.4921875,3,3045,True
g085_closure_update,85,closure_update,closure,shuffle_matched_003,Green,Yellow,6724,21730,5231, **,other,2,3,1.7421875,3,3045,False
g085_closure_override,85,closure_override,closure,shuffle_matched_003,Green,Yellow,6724,21730,6724, Green,clean,1,3,0.9375,3,3045,True
g085_exception_override,85,exception_override,closure,shuffle_matched_003,Green,Yellow,6724,21730,5231, **,other,3,2,-0.5,3,3045,False
g088_closure_update,88,closure_update,closure,shuffle_matched_003,Copper,Silver,38315,15934,5231, **,other,2,3,2.8046875,3,3045,False
g088_closure_override,88,closure_override,closure,shuffle_matched_003,Copper,Silver,38315,15934,38315, Copper,clean,1,3,1.390625,3,3045,True
g088_exception_override,88,exception_override,closure,shuffle_matched_003,Copper,Silver,38315,15934,5231, **,other,2,3,0.2578125,3,3045,False
g094_closure_update,94,closure_update,closure,shuffle_matched_003,Copper,Silver,38315,15934,5231, **,other,2,4,3.0703125,3,3045,False
g094_closure_override,94,closure_override,closure,shuffle_matched_003,Copper,Silver,38315,15934,38315, Copper,clean,1,3,1.609375,3,3045,True
g094_exception_override,94,exception_override,closure,shuffle_matched_003,Copper,Silver,38315,15934,38315, Copper,clean,1,3,1.7421875,3,3045,False
g000_closure_update,0,closure_update,closure,shuffle_matched_004,Red,Blue,4075,7640,5231, **,other,2,3,0.953125,4,3046,False
g000_closure_override,0,closure_override,closure,shuffle_matched_004,Red,Blue,4075,7640,5231, **,other,3,2,-1.1015625,4,3046,False
g000_exception_override,0,exception_override,closure,shuffle_matched_004,Red,Blue,4075,7640,5231, **,other,3,2,-0.8515625,4,3046,False
g004_closure_update,4,closure_update,closure,shuffle_matched_004,Copper,Silver,38315,15934,5231, **,other,2,3,2.4765625,4,3046,False
g004_closure_override,4,closure_override,closure,shuffle_matched_004,Copper,Silver,38315,15934,38315, Copper,clean,1,3,2.328125,4,3046,False
g004_exception_override,4,exception_override,closure,shuffle_matched_004,Copper,Silver,38315,15934,38315, Copper,clean,1,4,2.734375,4,3046,False
g009_closure_update,9,closure_update,closure,shuffle_matched_004,East,West,5571,4589,5231, **,other,2,3,2.875,4,3046,False
g009_closure_override,9,closure_override,closure,shuffle_matched_004,East,West,5571,4589,5231, **,other,2,3,0.6015625,4,3046,False
g009_exception_override,9,exception_override,closure,shuffle_matched_004,East,West,5571,4589,5231, **,other,2,3,0.296875,4,3046,False
g010_closure_update,10,closure_update,closure,shuffle_matched_004,Copper,Silver,38315,15934,5231, **,other,2,4,3.296875,4,3046,False
g010_closure_override,10,closure_override,closure,shuffle_matched_004,Copper,Silver,38315,15934,38315, Copper,clean,1,3,1.8359375,4,3046,False
g010_exception_override,10,exception_override,closure,shuffle_matched_004,Copper,Silver,38315,15934,5231, **,other,2,3,0.6875,4,3046,False
g011_closure_update,11,closure_update,closure,shuffle_matched_004,Gold,Iron,6863,17186,5231, **,other,2,3,2.1328125,4,3046,False
g011_closure_override,11,closure_override,closure,shuffle_matched_004,Gold,Iron,6863,17186,5231, **,other,2,3,0.1875,4,3046,False
g011_exception_override,11,exception_override,closure,shuffle_matched_004,Gold,Iron,6863,17186,17186, Iron,conflict,3,1,-0.59375,4,3046,False
g012_closure_update,12,closure_update,closure,shuffle_matched_004,Red,Blue,4075,7640,5231, **,other,2,3,1.0703125,4,3046,False
g012_closure_override,12,closure_override,closure,shuffle_matched_004,Red,Blue,4075,7640,5231, **,other,3,2,-0.828125,4,3046,False
g012_exception_override,12,exception_override,closure,shuffle_matched_004,Red,Blue,4075,7640,5231, **,other,3,2,-0.78125,4,3046,False
g015_closure_update,15,closure_update,closure,shuffle_matched_004,East,West,5571,4589,5231, **,other,2,3,1.2265625,4,3046,False
g015_closure_override,15,closure_override,closure,shuffle_matched_004,East,West,5571,4589,5231, **,other,3,2,-1.2265625,4,3046,False
g015_exception_override,15,exception_override,closure,shuffle_matched_004,East,West,5571,4589,4589, West,conflict,3,1,-1.515625,4,3046,False
g018_closure_update,18,closure_update,closure,shuffle_matched_004,Red,Blue,4075,7640,5231, **,other,2,3,0.84375,4,3046,False
g018_closure_override,18,closure_override,closure,shuffle_matched_004,Red,Blue,4075,7640,5231, **,other,3,2,-1.1953125,4,3046,False
g018_exception_override,18,exception_override,closure,shuffle_matched_004,Red,Blue,4075,7640,5231, **,other,3,2,-0.453125,4,3046,False
g022_closure_update,22,closure_update,closure,shuffle_matched_004,Copper,Silver,38315,15934,5231, **,other,2,3,2.0234375,4,3046,False
g022_closure_override,22,closure_override,closure,shuffle_matched_004,Copper,Silver,38315,15934,38315, Copper,clean,1,3,0.953125,4,3046,True
g022_exception_override,22,exception_override,closure,shuffle_matched_004,Copper,Silver,38315,15934,5231, **,other,2,3,0.3359375,4,3046,False
g026_closure_update,26,closure_update,closure,shuffle_matched_004,North,South,4612,4316,5231, **,other,3,2,-0.1796875,4,3046,False
g026_closure_override,26,closure_override,closure,shuffle_matched_004,North,South,4612,4316,5231, **,other,2,3,0.3359375,4,3046,False
g026_exception_override,26,exception_override,closure,shuffle_matched_004,North,South,4612,4316,5231, **,other,2,3,0.625,4,3046,False
g030_closure_update,30,closure_update,closure,shuffle_matched_004,Red,Blue,4075,7640,5231, **,other,2,3,1.046875,4,3046,False
g030_closure_override,30,closure_override,closure,shuffle_matched_004,Red,Blue,4075,7640,7640, Blue,conflict,3,1,-0.7890625,4,3046,False
g030_exception_override,30,exception_override,closure,shuffle_matched_004,Red,Blue,4075,7640,5231, **,other,2,3,0.1328125,4,3046,False
g031_closure_update,31,closure_update,closure,shuffle_matched_004,Green,Yellow,6724,21730,5231, **,other,2,3,2.2421875,4,3046,False
g031_closure_override,31,closure_override,closure,shuffle_matched_004,Green,Yellow,6724,21730,5231, **,other,1,3,0.8203125,4,3046,False
g031_exception_override,31,exception_override,closure,shuffle_matched_004,Green,Yellow,6724,21730,6724, Green,clean,1,3,1.234375,4,3046,False
g033_closure_update,33,closure_update,closure,shuffle_matched_004,East,West,5571,4589,5571, East,clean,1,3,2.75,4,3046,False
g033_closure_override,33,closure_override,closure,shuffle_matched_004,East,West,5571,4589,5571, East,clean,1,3,0.5234375,4,3046,False
g033_exception_override,33,exception_override,closure,shuffle_matched_004,East,West,5571,4589,5231, **,other,2,3,0.625,4,3046,False
g039_closure_update,39,closure_update,closure,shuffle_matched_004,East,West,5571,4589,5231, **,other,2,3,2.1875,4,3046,False
g039_closure_override,39,closure_override,closure,shuffle_matched_004,East,West,5571,4589,5571, East,clean,1,3,0.2890625,4,3046,True
g039_exception_override,39,exception_override,closure,shuffle_matched_004,East,West,5571,4589,5231, **,other,3,2,-0.0859375,4,3046,False
g040_closure_update,40,closure_update,closure,shuffle_matched_004,Copper,Silver,38315,15934,5231, **,other,2,3,2.03125,4,3046,False
g040_closure_override,40,closure_override,closure,shuffle_matched_004,Copper,Silver,38315,15934,38315, Copper,clean,1,3,1.359375,4,3046,True
g040_exception_override,40,exception_override,closure,shuffle_matched_004,Copper,Silver,38315,15934,5231, **,other,2,3,1.546875,4,3046,False
g042_closure_update,42,closure_update,closure,shuffle_matched_004,Red,Blue,4075,7640,5231, **,other,2,3,1.1640625,4,3046,False
g042_closure_override,42,closure_override,closure,shuffle_matched_004,Red,Blue,4075,7640,5231, **,other,3,2,-0.3359375,4,3046,False
g042_exception_override,42,exception_override,closure,shuffle_matched_004,Red,Blue,4075,7640,5231, **,other,3,2,-0.015625,4,3046,False
g045_closure_update,45,closure_update,closure,shuffle_matched_004,East,West,5571,4589,5231, **,other,2,4,2.953125,4,3046,False
g045_closure_override,45,closure_override,closure,shuffle_matched_004,East,West,5571,4589,5231, **,other,2,3,0.53125,4,3046,False
g045_exception_override,45,exception_override,closure,shuffle_matched_004,East,West,5571,4589,5231, **,other,2,3,0.765625,4,3046,False
g053_closure_update,53,closure_update,closure,shuffle_matched_004,Gold,Iron,6863,17186,5231, **,other,2,3,1.734375,4,3046,False
g053_closure_override,53,closure_override,closure,shuffle_matched_004,Gold,Iron,6863,17186,6863, Gold,clean,1,3,1.6171875,4,3046,False
g053_exception_override,53,exception_override,closure,shuffle_matched_004,Gold,Iron,6863,17186,5231, **,other,2,3,1.0,4,3046,False
g064_closure_update,64,closure_update,closure,shuffle_matched_004,Copper,Silver,38315,15934,5231, **,other,2,3,1.6328125,4,3046,False
g064_closure_override,64,closure_override,closure,shuffle_matched_004,Copper,Silver,38315,15934,38315, Copper,clean,1,3,1.703125,4,3046,True
g064_exception_override,64,exception_override,closure,shuffle_matched_004,Copper,Silver,38315,15934,5231, **,other,2,3,0.3515625,4,3046,False
g067_closure_update,67,closure_update,closure,shuffle_matched_004,Green,Yellow,6724,21730,5231, **,other,2,3,2.15625,4,3046,False
g067_closure_override,67,closure_override,closure,shuffle_matched_004,Green,Yellow,6724,21730,6724, Green,clean,1,3,0.8046875,4,3046,False
g067_exception_override,67,exception_override,closure,shuffle_matched_004,Green,Yellow,6724,21730,6724, Green,clean,1,3,1.234375,4,3046,False
g068_closure_update,68,closure_update,closure,shuffle_matched_004,North,South,4612,4316,5231, **,other,2,3,0.8203125,4,3046,False
g068_closure_override,68,closure_override,closure,shuffle_matched_004,North,South,4612,4316,4612, North,clean,1,3,1.328125,4,3046,True
g068_exception_override,68,exception_override,closure,shuffle_matched_004,North,South,4612,4316,5231, **,other,3,2,-0.0703125,4,3046,False
g069_closure_update,69,closure_update,closure,shuffle_matched_004,East,West,5571,4589,5231, **,other,2,4,2.7109375,4,3046,False
g069_closure_override,69,closure_override,closure,shuffle_matched_004,East,West,5571,4589,5231, **,other,2,3,0.4609375,4,3046,False
g069_exception_override,69,exception_override,closure,shuffle_matched_004,East,West,5571,4589,5231, **,other,2,3,0.46875,4,3046,False
g073_closure_update,73,closure_update,closure,shuffle_matched_004,Green,Yellow,6724,21730,5231, **,other,2,3,1.4765625,4,3046,False
g073_closure_override,73,closure_override,closure,shuffle_matched_004,Green,Yellow,6724,21730,5231, **,other,2,3,0.234375,4,3046,False
g073_exception_override,73,exception_override,closure,shuffle_matched_004,Green,Yellow,6724,21730,5231, **,other,3,2,-0.421875,4,3046,False
g077_closure_update,77,closure_update,closure,shuffle_matched_004,Gold,Iron,6863,17186,5231, **,other,2,3,2.1015625,4,3046,False
g077_closure_override,77,closure_override,closure,shuffle_matched_004,Gold,Iron,6863,17186,5231, **,other,2,3,0.71875,4,3046,False
g077_exception_override,77,exception_override,closure,shuffle_matched_004,Gold,Iron,6863,17186,5231, **,other,2,3,0.90625,4,3046,False
g079_closure_update,79,closure_update,closure,shuffle_matched_004,Green,Yellow,6724,21730,5231, **,other,2,3,1.3984375,4,3046,False
g079_closure_override,79,closure_override,closure,shuffle_matched_004,Green,Yellow,6724,21730,5231, **,other,2,3,0.0234375,4,3046,False
g079_exception_override,79,exception_override,closure,shuffle_matched_004,Green,Yellow,6724,21730,5231, **,other,2,3,0.40625,4,3046,False
g080_closure_update,80,closure_update,closure,shuffle_matched_004,North,South,4612,4316,5231, **,other,2,3,0.203125,4,3046,False
g080_closure_override,80,closure_override,closure,shuffle_matched_004,North,South,4612,4316,4612, North,clean,1,3,0.9453125,4,3046,True
g080_exception_override,80,exception_override,closure,shuffle_matched_004,North,South,4612,4316,4612, North,clean,1,3,1.4921875,4,3046,True
g085_closure_update,85,closure_update,closure,shuffle_matched_004,Green,Yellow,6724,21730,5231, **,other,2,3,1.7421875,4,3046,False
g085_closure_override,85,closure_override,closure,shuffle_matched_004,Green,Yellow,6724,21730,6724, Green,clean,1,3,0.859375,4,3046,True
g085_exception_override,85,exception_override,closure,shuffle_matched_004,Green,Yellow,6724,21730,5231, **,other,3,2,-0.5,4,3046,False
g088_closure_update,88,closure_update,closure,shuffle_matched_004,Copper,Silver,38315,15934,5231, **,other,2,3,2.8046875,4,3046,False
g088_closure_override,88,closure_override,closure,shuffle_matched_004,Copper,Silver,38315,15934,38315, Copper,clean,1,3,1.8515625,4,3046,True
g088_exception_override,88,exception_override,closure,shuffle_matched_004,Copper,Silver,38315,15934,38315, Copper,clean,1,3,1.25,4,3046,False
g094_closure_update,94,closure_update,closure,shuffle_matched_004,Copper,Silver,38315,15934,5231, **,other,2,4,3.0703125,4,3046,False
g094_closure_override,94,closure_override,closure,shuffle_matched_004,Copper,Silver,38315,15934,38315, Copper,clean,1,3,0.859375,4,3046,True
g094_exception_override,94,exception_override,closure,shuffle_matched_004,Copper,Silver,38315,15934,38315, Copper,clean,1,3,1.34375,4,3046,False
g000_closure_update,0,closure_update,closure,shuffle_matched_005,Red,Blue,4075,7640,5231, **,other,2,3,0.953125,5,3047,False
g000_closure_override,0,closure_override,closure,shuffle_matched_005,Red,Blue,4075,7640,5231, **,other,3,2,-1.1015625,5,3047,False
g000_exception_override,0,exception_override,closure,shuffle_matched_005,Red,Blue,4075,7640,5231, **,other,3,2,-1.34375,5,3047,False
g004_closure_update,4,closure_update,closure,shuffle_matched_005,Copper,Silver,38315,15934,5231, **,other,2,3,2.4765625,5,3047,False
g004_closure_override,4,closure_override,closure,shuffle_matched_005,Copper,Silver,38315,15934,38315, Copper,clean,1,3,1.9765625,5,3047,False
g004_exception_override,4,exception_override,closure,shuffle_matched_005,Copper,Silver,38315,15934,38315, Copper,clean,1,4,2.734375,5,3047,False
g009_closure_update,9,closure_update,closure,shuffle_matched_005,East,West,5571,4589,5231, **,other,2,3,2.875,5,3047,False
g009_closure_override,9,closure_override,closure,shuffle_matched_005,East,West,5571,4589,5231, **,other,2,3,0.140625,5,3047,False
g009_exception_override,9,exception_override,closure,shuffle_matched_005,East,West,5571,4589,5231, **,other,2,3,0.90625,5,3047,False
g010_closure_update,10,closure_update,closure,shuffle_matched_005,Copper,Silver,38315,15934,5231, **,other,2,4,3.296875,5,3047,False
g010_closure_override,10,closure_override,closure,shuffle_matched_005,Copper,Silver,38315,15934,38315, Copper,clean,1,3,2.109375,5,3047,False
g010_exception_override,10,exception_override,closure,shuffle_matched_005,Copper,Silver,38315,15934,5231, **,other,2,3,0.671875,5,3047,False
g011_closure_update,11,closure_update,closure,shuffle_matched_005,Gold,Iron,6863,17186,5231, **,other,2,3,1.484375,5,3047,False
g011_closure_override,11,closure_override,closure,shuffle_matched_005,Gold,Iron,6863,17186,5231, **,other,2,3,0.125,5,3047,False
g011_exception_override,11,exception_override,closure,shuffle_matched_005,Gold,Iron,6863,17186,17186, Iron,conflict,3,1,-0.5625,5,3047,False
g012_closure_update,12,closure_update,closure,shuffle_matched_005,Red,Blue,4075,7640,5231, **,other,2,3,1.0703125,5,3047,False
g012_closure_override,12,closure_override,closure,shuffle_matched_005,Red,Blue,4075,7640,5231, **,other,3,2,-0.796875,5,3047,False
g012_exception_override,12,exception_override,closure,shuffle_matched_005,Red,Blue,4075,7640,5231, **,other,3,2,-0.78125,5,3047,False
g015_closure_update,15,closure_update,closure,shuffle_matched_005,East,West,5571,4589,5231, **,other,2,3,1.2265625,5,3047,False
g015_closure_override,15,closure_override,closure,shuffle_matched_005,East,West,5571,4589,4589, West,conflict,3,1,-1.3359375,5,3047,False
g015_exception_override,15,exception_override,closure,shuffle_matched_005,East,West,5571,4589,4589, West,conflict,3,1,-1.515625,5,3047,False
g018_closure_update,18,closure_update,closure,shuffle_matched_005,Red,Blue,4075,7640,5231, **,other,2,3,0.84375,5,3047,False
g018_closure_override,18,closure_override,closure,shuffle_matched_005,Red,Blue,4075,7640,5231, **,other,3,2,-0.90625,5,3047,False
g018_exception_override,18,exception_override,closure,shuffle_matched_005,Red,Blue,4075,7640,5231, **,other,3,2,-0.5,5,3047,False
g022_closure_update,22,closure_update,closure,shuffle_matched_005,Copper,Silver,38315,15934,5231, **,other,2,3,2.0234375,5,3047,False
g022_closure_override,22,closure_override,closure,shuffle_matched_005,Copper,Silver,38315,15934,38315, Copper,clean,1,3,0.984375,5,3047,True
g022_exception_override,22,exception_override,closure,shuffle_matched_005,Copper,Silver,38315,15934,5231, **,other,2,3,1.203125,5,3047,False
g026_closure_update,26,closure_update,closure,shuffle_matched_005,North,South,4612,4316,5231, **,other,3,2,-0.1796875,5,3047,False
g026_closure_override,26,closure_override,closure,shuffle_matched_005,North,South,4612,4316,5231, **,other,2,3,0.3984375,5,3047,False
g026_exception_override,26,exception_override,closure,shuffle_matched_005,North,South,4612,4316,5231, **,other,2,3,1.0,5,3047,False
g030_closure_update,30,closure_update,closure,shuffle_matched_005,Red,Blue,4075,7640,5231, **,other,2,3,1.0625,5,3047,False
g030_closure_override,30,closure_override,closure,shuffle_matched_005,Red,Blue,4075,7640,7640, Blue,conflict,3,1,-0.7890625,5,3047,False
g030_exception_override,30,exception_override,closure,shuffle_matched_005,Red,Blue,4075,7640,5231, **,other,2,3,0.046875,5,3047,False
g031_closure_update,31,closure_update,closure,shuffle_matched_005,Green,Yellow,6724,21730,5231, **,other,2,3,2.2421875,5,3047,False
g031_closure_override,31,closure_override,closure,shuffle_matched_005,Green,Yellow,6724,21730,5231, **,other,1,3,0.8359375,5,3047,False
g031_exception_override,31,exception_override,closure,shuffle_matched_005,Green,Yellow,6724,21730,5231, **,other,2,3,1.0078125,5,3047,False
g033_closure_update,33,closure_update,closure,shuffle_matched_005,East,West,5571,4589,5571, East,clean,1,3,2.75,5,3047,False
g033_closure_override,33,closure_override,closure,shuffle_matched_005,East,West,5571,4589,5571, East,clean,1,3,0.828125,5,3047,False
g033_exception_override,33,exception_override,closure,shuffle_matched_005,East,West,5571,4589,5231, **,other,2,3,0.28125,5,3047,False
g039_closure_update,39,closure_update,closure,shuffle_matched_005,East,West,5571,4589,5231, **,other,2,3,2.1875,5,3047,False
g039_closure_override,39,closure_override,closure,shuffle_matched_005,East,West,5571,4589,5571, East,clean,1,3,0.2734375,5,3047,True
g039_exception_override,39,exception_override,closure,shuffle_matched_005,East,West,5571,4589,5231, **,other,3,2,-0.1171875,5,3047,False
g040_closure_update,40,closure_update,closure,shuffle_matched_005,Copper,Silver,38315,15934,5231, **,other,2,3,2.03125,5,3047,False
g040_closure_override,40,closure_override,closure,shuffle_matched_005,Copper,Silver,38315,15934,38315, Copper,clean,1,3,1.65625,5,3047,True
g040_exception_override,40,exception_override,closure,shuffle_matched_005,Copper,Silver,38315,15934,5231, **,other,2,3,0.875,5,3047,False
g042_closure_update,42,closure_update,closure,shuffle_matched_005,Red,Blue,4075,7640,5231, **,other,2,3,1.1640625,5,3047,False
g042_closure_override,42,closure_override,closure,shuffle_matched_005,Red,Blue,4075,7640,5231, **,other,3,2,-0.5859375,5,3047,False
g042_exception_override,42,exception_override,closure,shuffle_matched_005,Red,Blue,4075,7640,5231, **,other,3,2,-0.890625,5,3047,False
g045_closure_update,45,closure_update,closure,shuffle_matched_005,East,West,5571,4589,5231, **,other,2,4,2.953125,5,3047,False
g045_closure_override,45,closure_override,closure,shuffle_matched_005,East,West,5571,4589,5231, **,other,2,3,0.3515625,5,3047,False
g045_exception_override,45,exception_override,closure,shuffle_matched_005,East,West,5571,4589,5231, **,other,2,3,0.765625,5,3047,False
g053_closure_update,53,closure_update,closure,shuffle_matched_005,Gold,Iron,6863,17186,5231, **,other,2,3,1.734375,5,3047,False
g053_closure_override,53,closure_override,closure,shuffle_matched_005,Gold,Iron,6863,17186,5231, **,other,2,3,1.3359375,5,3047,False
g053_exception_override,53,exception_override,closure,shuffle_matched_005,Gold,Iron,6863,17186,5231, **,other,2,4,1.2890625,5,3047,False
g064_closure_update,64,closure_update,closure,shuffle_matched_005,Copper,Silver,38315,15934,5231, **,other,2,3,1.6328125,5,3047,False
g064_closure_override,64,closure_override,closure,shuffle_matched_005,Copper,Silver,38315,15934,38315, Copper,clean,1,3,1.703125,5,3047,True
g064_exception_override,64,exception_override,closure,shuffle_matched_005,Copper,Silver,38315,15934,38315, Copper,clean,1,3,2.3828125,5,3047,False
g067_closure_update,67,closure_update,closure,shuffle_matched_005,Green,Yellow,6724,21730,5231, **,other,2,3,2.171875,5,3047,False
g067_closure_override,67,closure_override,closure,shuffle_matched_005,Green,Yellow,6724,21730,5231, **,other,1,3,0.84375,5,3047,False
g067_exception_override,67,exception_override,closure,shuffle_matched_005,Green,Yellow,6724,21730,5231, **,other,2,3,1.03125,5,3047,False
g068_closure_update,68,closure_update,closure,shuffle_matched_005,North,South,4612,4316,5231, **,other,2,3,0.8203125,5,3047,False
g068_closure_override,68,closure_override,closure,shuffle_matched_005,North,South,4612,4316,5231, **,other,2,3,1.2890625,5,3047,False
g068_exception_override,68,exception_override,closure,shuffle_matched_005,North,South,4612,4316,5231, **,other,2,3,1.5859375,5,3047,False
g069_closure_update,69,closure_update,closure,shuffle_matched_005,East,West,5571,4589,5231, **,other,2,4,2.7109375,5,3047,False
g069_closure_override,69,closure_override,closure,shuffle_matched_005,East,West,5571,4589,5231, **,other,2,3,0.3125,5,3047,False
g069_exception_override,69,exception_override,closure,shuffle_matched_005,East,West,5571,4589,5231, **,other,2,3,0.5234375,5,3047,False
g073_closure_update,73,closure_update,closure,shuffle_matched_005,Green,Yellow,6724,21730,5231, **,other,2,3,1.4609375,5,3047,False
g073_closure_override,73,closure_override,closure,shuffle_matched_005,Green,Yellow,6724,21730,5231, **,other,3,2,-0.21875,5,3047,False
g073_exception_override,73,exception_override,closure,shuffle_matched_005,Green,Yellow,6724,21730,5231, **,other,2,3,0.3671875,5,3047,False
g077_closure_update,77,closure_update,closure,shuffle_matched_005,Gold,Iron,6863,17186,5231, **,other,2,3,2.1015625,5,3047,False
g077_closure_override,77,closure_override,closure,shuffle_matched_005,Gold,Iron,6863,17186,5231, **,other,2,3,0.734375,5,3047,False
g077_exception_override,77,exception_override,closure,shuffle_matched_005,Gold,Iron,6863,17186,5231, **,other,2,3,0.875,5,3047,False
g079_closure_update,79,closure_update,closure,shuffle_matched_005,Green,Yellow,6724,21730,5231, **,other,2,3,1.3984375,5,3047,False
g079_closure_override,79,closure_override,closure,shuffle_matched_005,Green,Yellow,6724,21730,5231, **,other,2,2,0.0,5,3047,False
g079_exception_override,79,exception_override,closure,shuffle_matched_005,Green,Yellow,6724,21730,5231, **,other,3,2,-0.5234375,5,3047,False
g080_closure_update,80,closure_update,closure,shuffle_matched_005,North,South,4612,4316,5231, **,other,2,3,0.203125,5,3047,False
g080_closure_override,80,closure_override,closure,shuffle_matched_005,North,South,4612,4316,4612, North,clean,1,3,0.9453125,5,3047,True
g080_exception_override,80,exception_override,closure,shuffle_matched_005,North,South,4612,4316,5231, **,other,2,3,1.1015625,5,3047,False
g085_closure_update,85,closure_update,closure,shuffle_matched_005,Green,Yellow,6724,21730,5231, **,other,2,3,1.75,5,3047,False
g085_closure_override,85,closure_override,closure,shuffle_matched_005,Green,Yellow,6724,21730,6724, Green,clean,1,3,0.9921875,5,3047,True
g085_exception_override,85,exception_override,closure,shuffle_matched_005,Green,Yellow,6724,21730,5231, **,other,2,3,0.546875,5,3047,False
g088_closure_update,88,closure_update,closure,shuffle_matched_005,Copper,Silver,38315,15934,5231, **,other,2,3,2.8046875,5,3047,False
g088_closure_override,88,closure_override,closure,shuffle_matched_005,Copper,Silver,38315,15934,38315, Copper,clean,1,3,1.765625,5,3047,True
g088_exception_override,88,exception_override,closure,shuffle_matched_005,Copper,Silver,38315,15934,38315, Copper,clean,1,3,1.6953125,5,3047,False
g094_closure_update,94,closure_update,closure,shuffle_matched_005,Copper,Silver,38315,15934,5231, **,other,2,4,3.0703125,5,3047,False
g094_closure_override,94,closure_override,closure,shuffle_matched_005,Copper,Silver,38315,15934,38315, Copper,clean,1,3,1.6171875,5,3047,True
g094_exception_override,94,exception_override,closure,shuffle_matched_005,Copper,Silver,38315,15934,5231, **,other,2,3,0.546875,5,3047,False
g000_closure_update,0,closure_update,closure,shuffle_matched_006,Red,Blue,4075,7640,5231, **,other,2,3,0.953125,6,3048,False
g000_closure_override,0,closure_override,closure,shuffle_matched_006,Red,Blue,4075,7640,5231, **,other,3,2,-0.65625,6,3048,False
g000_exception_override,0,exception_override,closure,shuffle_matched_006,Red,Blue,4075,7640,5231, **,other,3,2,-0.8515625,6,3048,False
g004_closure_update,4,closure_update,closure,shuffle_matched_006,Copper,Silver,38315,15934,5231, **,other,2,3,2.4765625,6,3048,False
g004_closure_override,4,closure_override,closure,shuffle_matched_006,Copper,Silver,38315,15934,38315, Copper,clean,1,3,1.9765625,6,3048,False
g004_exception_override,4,exception_override,closure,shuffle_matched_006,Copper,Silver,38315,15934,38315, Copper,clean,1,3,2.0859375,6,3048,False
g009_closure_update,9,closure_update,closure,shuffle_matched_006,East,West,5571,4589,5231, **,other,2,3,2.875,6,3048,False
g009_closure_override,9,closure_override,closure,shuffle_matched_006,East,West,5571,4589,5231, **,other,2,3,0.140625,6,3048,False
g009_exception_override,9,exception_override,closure,shuffle_matched_006,East,West,5571,4589,5231, **,other,2,3,0.8984375,6,3048,False
g010_closure_update,10,closure_update,closure,shuffle_matched_006,Copper,Silver,38315,15934,5231, **,other,2,4,3.296875,6,3048,False
g010_closure_override,10,closure_override,closure,shuffle_matched_006,Copper,Silver,38315,15934,38315, Copper,clean,1,3,1.8046875,6,3048,False
g010_exception_override,10,exception_override,closure,shuffle_matched_006,Copper,Silver,38315,15934,38315, Copper,clean,1,3,1.03125,6,3048,False
g011_closure_update,11,closure_update,closure,shuffle_matched_006,Gold,Iron,6863,17186,5231, **,other,2,3,1.484375,6,3048,False
g011_closure_override,11,closure_override,closure,shuffle_matched_006,Gold,Iron,6863,17186,5231, **,other,2,3,0.21875,6,3048,False
g011_exception_override,11,exception_override,closure,shuffle_matched_006,Gold,Iron,6863,17186,17186, Iron,conflict,3,1,-0.8046875,6,3048,False
g012_closure_update,12,closure_update,closure,shuffle_matched_006,Red,Blue,4075,7640,5231, **,other,2,3,1.0703125,6,3048,False
g012_closure_override,12,closure_override,closure,shuffle_matched_006,Red,Blue,4075,7640,7640, Blue,conflict,3,1,-1.015625,6,3048,False
g012_exception_override,12,exception_override,closure,shuffle_matched_006,Red,Blue,4075,7640,5231, **,other,3,2,-0.796875,6,3048,False
g015_closure_update,15,closure_update,closure,shuffle_matched_006,East,West,5571,4589,5231, **,other,2,3,1.2265625,6,3048,False
g015_closure_override,15,closure_override,closure,shuffle_matched_006,East,West,5571,4589,4589, West,conflict,3,1,-1.359375,6,3048,False
g015_exception_override,15,exception_override,closure,shuffle_matched_006,East,West,5571,4589,5231, **,other,3,2,-0.4453125,6,3048,False
g018_closure_update,18,closure_update,closure,shuffle_matched_006,Red,Blue,4075,7640,5231, **,other,2,3,0.84375,6,3048,False
g018_closure_override,18,closure_override,closure,shuffle_matched_006,Red,Blue,4075,7640,7640, Blue,conflict,3,1,-1.0859375,6,3048,False
g018_exception_override,18,exception_override,closure,shuffle_matched_006,Red,Blue,4075,7640,5231, **,other,3,2,-0.5,6,3048,False
g022_closure_update,22,closure_update,closure,shuffle_matched_006,Copper,Silver,38315,15934,5231, **,other,2,3,2.0234375,6,3048,False
g022_closure_override,22,closure_override,closure,shuffle_matched_006,Copper,Silver,38315,15934,38315, Copper,clean,1,3,0.96875,6,3048,True
g022_exception_override,22,exception_override,closure,shuffle_matched_006,Copper,Silver,38315,15934,38315, Copper,clean,1,4,2.0703125,6,3048,False
g026_closure_update,26,closure_update,closure,shuffle_matched_006,North,South,4612,4316,5231, **,other,3,2,-0.1796875,6,3048,False
g026_closure_override,26,closure_override,closure,shuffle_matched_006,North,South,4612,4316,5231, **,other,2,3,0.375,6,3048,False
g026_exception_override,26,exception_override,closure,shuffle_matched_006,North,South,4612,4316,5231, **,other,2,3,0.9921875,6,3048,False
g030_closure_update,30,closure_update,closure,shuffle_matched_006,Red,Blue,4075,7640,5231, **,other,2,3,1.0625,6,3048,False
g030_closure_override,30,closure_override,closure,shuffle_matched_006,Red,Blue,4075,7640,7640, Blue,conflict,3,1,-0.7890625,6,3048,False
g030_exception_override,30,exception_override,closure,shuffle_matched_006,Red,Blue,4075,7640,5231, **,other,3,2,-0.9453125,6,3048,False
g031_closure_update,31,closure_update,closure,shuffle_matched_006,Green,Yellow,6724,21730,5231, **,other,2,3,2.2421875,6,3048,False
g031_closure_override,31,closure_override,closure,shuffle_matched_006,Green,Yellow,6724,21730,6724, Green,clean,1,3,0.6796875,6,3048,False
g031_exception_override,31,exception_override,closure,shuffle_matched_006,Green,Yellow,6724,21730,5231, **,other,2,3,0.1640625,6,3048,False
g033_closure_update,33,closure_update,closure,shuffle_matched_006,East,West,5571,4589,5571, East,clean,1,3,2.75,6,3048,False
g033_closure_override,33,closure_override,closure,shuffle_matched_006,East,West,5571,4589,5571, East,clean,1,3,0.8125,6,3048,False
g033_exception_override,33,exception_override,closure,shuffle_matched_006,East,West,5571,4589,5231, **,other,2,3,0.6640625,6,3048,False
g039_closure_update,39,closure_update,closure,shuffle_matched_006,East,West,5571,4589,5231, **,other,2,3,2.1875,6,3048,False
g039_closure_override,39,closure_override,closure,shuffle_matched_006,East,West,5571,4589,5571, East,clean,1,3,0.4765625,6,3048,True
g039_exception_override,39,exception_override,closure,shuffle_matched_006,East,West,5571,4589,5231, **,other,3,2,-0.03125,6,3048,False
g040_closure_update,40,closure_update,closure,shuffle_matched_006,Copper,Silver,38315,15934,5231, **,other,2,3,2.03125,6,3048,False
g040_closure_override,40,closure_override,closure,shuffle_matched_006,Copper,Silver,38315,15934,38315, Copper,clean,1,3,1.8984375,6,3048,True
g040_exception_override,40,exception_override,closure,shuffle_matched_006,Copper,Silver,38315,15934,38315, Copper,clean,1,3,2.375,6,3048,False
g042_closure_update,42,closure_update,closure,shuffle_matched_006,Red,Blue,4075,7640,5231, **,other,2,3,1.1640625,6,3048,False
g042_closure_override,42,closure_override,closure,shuffle_matched_006,Red,Blue,4075,7640,5231, **,other,3,2,-0.703125,6,3048,False
g042_exception_override,42,exception_override,closure,shuffle_matched_006,Red,Blue,4075,7640,5231, **,other,3,2,-0.015625,6,3048,False
g045_closure_update,45,closure_update,closure,shuffle_matched_006,East,West,5571,4589,5231, **,other,2,4,2.953125,6,3048,False
g045_closure_override,45,closure_override,closure,shuffle_matched_006,East,West,5571,4589,5231, **,other,2,3,0.3203125,6,3048,False
g045_exception_override,45,exception_override,closure,shuffle_matched_006,East,West,5571,4589,5231, **,other,2,3,0.5859375,6,3048,False
g053_closure_update,53,closure_update,closure,shuffle_matched_006,Gold,Iron,6863,17186,5231, **,other,2,3,1.734375,6,3048,False
g053_closure_override,53,closure_override,closure,shuffle_matched_006,Gold,Iron,6863,17186,5231, **,other,2,3,1.3515625,6,3048,False
g053_exception_override,53,exception_override,closure,shuffle_matched_006,Gold,Iron,6863,17186,5231, **,other,2,3,1.0,6,3048,False
g064_closure_update,64,closure_update,closure,shuffle_matched_006,Copper,Silver,38315,15934,5231, **,other,2,3,1.6328125,6,3048,False
g064_closure_override,64,closure_override,closure,shuffle_matched_006,Copper,Silver,38315,15934,38315, Copper,clean,1,3,1.3671875,6,3048,True
g064_exception_override,64,exception_override,closure,shuffle_matched_006,Copper,Silver,38315,15934,5231, **,other,2,3,0.3515625,6,3048,False
g067_closure_update,67,closure_update,closure,shuffle_matched_006,Green,Yellow,6724,21730,5231, **,other,2,3,2.1796875,6,3048,False
g067_closure_override,67,closure_override,closure,shuffle_matched_006,Green,Yellow,6724,21730,6724, Green,clean,1,3,0.703125,6,3048,False
g067_exception_override,67,exception_override,closure,shuffle_matched_006,Green,Yellow,6724,21730,5231, **,other,2,3,1.0234375,6,3048,False
g068_closure_update,68,closure_update,closure,shuffle_matched_006,North,South,4612,4316,5231, **,other,2,3,0.8203125,6,3048,False
g068_closure_override,68,closure_override,closure,shuffle_matched_006,North,South,4612,4316,5231, **,other,2,3,1.3046875,6,3048,False
g068_exception_override,68,exception_override,closure,shuffle_matched_006,North,South,4612,4316,4612, North,clean,1,3,1.7578125,6,3048,False
g069_closure_update,69,closure_update,closure,shuffle_matched_006,East,West,5571,4589,5231, **,other,2,4,2.7109375,6,3048,False
g069_closure_override,69,closure_override,closure,shuffle_matched_006,East,West,5571,4589,5231, **,other,2,3,0.671875,6,3048,False
g069_exception_override,69,exception_override,closure,shuffle_matched_006,East,West,5571,4589,5231, **,other,2,3,0.5234375,6,3048,False
g073_closure_update,73,closure_update,closure,shuffle_matched_006,Green,Yellow,6724,21730,5231, **,other,2,3,1.4765625,6,3048,False
g073_closure_override,73,closure_override,closure,shuffle_matched_006,Green,Yellow,6724,21730,5231, **,other,2,3,0.1640625,6,3048,False
g073_exception_override,73,exception_override,closure,shuffle_matched_006,Green,Yellow,6724,21730,5231, **,other,2,3,0.453125,6,3048,False
g077_closure_update,77,closure_update,closure,shuffle_matched_006,Gold,Iron,6863,17186,5231, **,other,2,3,2.1015625,6,3048,False
g077_closure_override,77,closure_override,closure,shuffle_matched_006,Gold,Iron,6863,17186,5231, **,other,2,3,0.609375,6,3048,False
g077_exception_override,77,exception_override,closure,shuffle_matched_006,Gold,Iron,6863,17186,5231, **,other,2,3,0.1328125,6,3048,False
g079_closure_update,79,closure_update,closure,shuffle_matched_006,Green,Yellow,6724,21730,5231, **,other,2,3,1.3984375,6,3048,False
g079_closure_override,79,closure_override,closure,shuffle_matched_006,Green,Yellow,6724,21730,21730, Yellow,conflict,3,1,-0.0390625,6,3048,False
g079_exception_override,79,exception_override,closure,shuffle_matched_006,Green,Yellow,6724,21730,6724, Green,clean,1,3,0.6015625,6,3048,False
g080_closure_update,80,closure_update,closure,shuffle_matched_006,North,South,4612,4316,5231, **,other,2,3,0.203125,6,3048,False
g080_closure_override,80,closure_override,closure,shuffle_matched_006,North,South,4612,4316,5231, **,other,2,3,0.9140625,6,3048,False
g080_exception_override,80,exception_override,closure,shuffle_matched_006,North,South,4612,4316,4612, North,clean,1,3,1.5078125,6,3048,True
g085_closure_update,85,closure_update,closure,shuffle_matched_006,Green,Yellow,6724,21730,5231, **,other,2,3,1.75,6,3048,False
g085_closure_override,85,closure_override,closure,shuffle_matched_006,Green,Yellow,6724,21730,6724, Green,clean,1,3,0.9375,6,3048,True
g085_exception_override,85,exception_override,closure,shuffle_matched_006,Green,Yellow,6724,21730,5231, **,other,2,3,0.5546875,6,3048,False
g088_closure_update,88,closure_update,closure,shuffle_matched_006,Copper,Silver,38315,15934,5231, **,other,2,3,2.8046875,6,3048,False
g088_closure_override,88,closure_override,closure,shuffle_matched_006,Copper,Silver,38315,15934,38315, Copper,clean,1,3,1.9140625,6,3048,True
g088_exception_override,88,exception_override,closure,shuffle_matched_006,Copper,Silver,38315,15934,38315, Copper,clean,1,3,1.6953125,6,3048,False
g094_closure_update,94,closure_update,closure,shuffle_matched_006,Copper,Silver,38315,15934,5231, **,other,2,4,3.0703125,6,3048,False
g094_closure_override,94,closure_override,closure,shuffle_matched_006,Copper,Silver,38315,15934,38315, Copper,clean,1,3,1.25,6,3048,True
g094_exception_override,94,exception_override,closure,shuffle_matched_006,Copper,Silver,38315,15934,38315, Copper,clean,1,3,1.328125,6,3048,False
g000_closure_update,0,closure_update,closure,shuffle_matched_007,Red,Blue,4075,7640,5231, **,other,2,3,0.953125,7,3049,False
g000_closure_override,0,closure_override,closure,shuffle_matched_007,Red,Blue,4075,7640,5231, **,other,3,2,-0.7421875,7,3049,False
g000_exception_override,0,exception_override,closure,shuffle_matched_007,Red,Blue,4075,7640,5231, **,other,3,2,-1.34375,7,3049,False
g004_closure_update,4,closure_update,closure,shuffle_matched_007,Copper,Silver,38315,15934,5231, **,other,2,3,2.4765625,7,3049,False
g004_closure_override,4,closure_override,closure,shuffle_matched_007,Copper,Silver,38315,15934,38315, Copper,clean,1,3,2.3125,7,3049,False
g004_exception_override,4,exception_override,closure,shuffle_matched_007,Copper,Silver,38315,15934,5231, **,other,2,3,0.7421875,7,3049,False
g009_closure_update,9,closure_update,closure,shuffle_matched_007,East,West,5571,4589,5231, **,other,2,3,2.875,7,3049,False
g009_closure_override,9,closure_override,closure,shuffle_matched_007,East,West,5571,4589,5231, **,other,2,3,0.140625,7,3049,False
g009_exception_override,9,exception_override,closure,shuffle_matched_007,East,West,5571,4589,5231, **,other,2,2,0.0,7,3049,False
g010_closure_update,10,closure_update,closure,shuffle_matched_007,Copper,Silver,38315,15934,5231, **,other,2,4,3.296875,7,3049,False
g010_closure_override,10,closure_override,closure,shuffle_matched_007,Copper,Silver,38315,15934,38315, Copper,clean,1,3,1.7734375,7,3049,False
g010_exception_override,10,exception_override,closure,shuffle_matched_007,Copper,Silver,38315,15934,38315, Copper,clean,1,3,1.3359375,7,3049,False
g011_closure_update,11,closure_update,closure,shuffle_matched_007,Gold,Iron,6863,17186,5231, **,other,2,3,2.1328125,7,3049,False
g011_closure_override,11,closure_override,closure,shuffle_matched_007,Gold,Iron,6863,17186,5231, **,other,2,3,0.21875,7,3049,False
g011_exception_override,11,exception_override,closure,shuffle_matched_007,Gold,Iron,6863,17186,17186, Iron,conflict,3,1,-0.59375,7,3049,False
g012_closure_update,12,closure_update,closure,shuffle_matched_007,Red,Blue,4075,7640,5231, **,other,2,3,1.0703125,7,3049,False
g012_closure_override,12,closure_override,closure,shuffle_matched_007,Red,Blue,4075,7640,5231, **,other,3,2,-0.8125,7,3049,False
g012_exception_override,12,exception_override,closure,shuffle_matched_007,Red,Blue,4075,7640,5231, **,other,3,2,-0.7109375,7,3049,False
g015_closure_update,15,closure_update,closure,shuffle_matched_007,East,West,5571,4589,5231, **,other,2,3,1.2265625,7,3049,False
g015_closure_override,15,closure_override,closure,shuffle_matched_007,East,West,5571,4589,5231, **,other,3,2,-1.1953125,7,3049,False
g015_exception_override,15,exception_override,closure,shuffle_matched_007,East,West,5571,4589,5231, **,other,3,2,-0.4453125,7,3049,False
g018_closure_update,18,closure_update,closure,shuffle_matched_007,Red,Blue,4075,7640,5231, **,other,2,3,0.84375,7,3049,False
g018_closure_override,18,closure_override,closure,shuffle_matched_007,Red,Blue,4075,7640,5231, **,other,3,2,-0.890625,7,3049,False
g018_exception_override,18,exception_override,closure,shuffle_matched_007,Red,Blue,4075,7640,5231, **,other,3,2,-0.5,7,3049,False
g022_closure_update,22,closure_update,closure,shuffle_matched_007,Copper,Silver,38315,15934,5231, **,other,2,3,2.0234375,7,3049,False
g022_closure_override,22,closure_override,closure,shuffle_matched_007,Copper,Silver,38315,15934,38315, Copper,clean,1,3,0.953125,7,3049,True
g022_exception_override,22,exception_override,closure,shuffle_matched_007,Copper,Silver,38315,15934,38315, Copper,clean,1,3,1.5625,7,3049,False
g026_closure_update,26,closure_update,closure,shuffle_matched_007,North,South,4612,4316,5231, **,other,3,2,-0.1796875,7,3049,False
g026_closure_override,26,closure_override,closure,shuffle_matched_007,North,South,4612,4316,5231, **,other,2,3,0.3359375,7,3049,False
g026_exception_override,26,exception_override,closure,shuffle_matched_007,North,South,4612,4316,5231, **,other,2,3,0.6484375,7,3049,False
g030_closure_update,30,closure_update,closure,shuffle_matched_007,Red,Blue,4075,7640,5231, **,other,2,3,1.0625,7,3049,False
g030_closure_override,30,closure_override,closure,shuffle_matched_007,Red,Blue,4075,7640,7640, Blue,conflict,3,1,-0.7890625,7,3049,False
g030_exception_override,30,exception_override,closure,shuffle_matched_007,Red,Blue,4075,7640,5231, **,other,2,3,0.1328125,7,3049,False
g031_closure_update,31,closure_update,closure,shuffle_matched_007,Green,Yellow,6724,21730,5231, **,other,2,3,2.2421875,7,3049,False
g031_closure_override,31,closure_override,closure,shuffle_matched_007,Green,Yellow,6724,21730,5231, **,other,2,3,0.8046875,7,3049,False
g031_exception_override,31,exception_override,closure,shuffle_matched_007,Green,Yellow,6724,21730,5231, **,other,2,3,1.0390625,7,3049,False
g033_closure_update,33,closure_update,closure,shuffle_matched_007,East,West,5571,4589,5571, East,clean,1,3,2.75,7,3049,False
g033_closure_override,33,closure_override,closure,shuffle_matched_007,East,West,5571,4589,5571, East,clean,1,3,0.8125,7,3049,False
g033_exception_override,33,exception_override,closure,shuffle_matched_007,East,West,5571,4589,5231, **,other,2,3,0.3671875,7,3049,False
g039_closure_update,39,closure_update,closure,shuffle_matched_007,East,West,5571,4589,5231, **,other,2,3,2.1875,7,3049,False
g039_closure_override,39,closure_override,closure,shuffle_matched_007,East,West,5571,4589,5231, **,other,1,3,0.40625,7,3049,False
g039_exception_override,39,exception_override,closure,shuffle_matched_007,East,West,5571,4589,5231, **,other,3,2,-0.0703125,7,3049,False
g040_closure_update,40,closure_update,closure,shuffle_matched_007,Copper,Silver,38315,15934,5231, **,other,2,3,2.03125,7,3049,False
g040_closure_override,40,closure_override,closure,shuffle_matched_007,Copper,Silver,38315,15934,38315, Copper,clean,1,3,1.65625,7,3049,True
g040_exception_override,40,exception_override,closure,shuffle_matched_007,Copper,Silver,38315,15934,5231, **,other,2,3,0.875,7,3049,False
g042_closure_update,42,closure_update,closure,shuffle_matched_007,Red,Blue,4075,7640,5231, **,other,2,3,1.1640625,7,3049,False
g042_closure_override,42,closure_override,closure,shuffle_matched_007,Red,Blue,4075,7640,5231, **,other,3,2,-0.390625,7,3049,False
g042_exception_override,42,exception_override,closure,shuffle_matched_007,Red,Blue,4075,7640,5231, **,other,3,2,-0.890625,7,3049,False
g045_closure_update,45,closure_update,closure,shuffle_matched_007,East,West,5571,4589,5231, **,other,2,4,2.953125,7,3049,False
g045_closure_override,45,closure_override,closure,shuffle_matched_007,East,West,5571,4589,5231, **,other,2,3,0.3203125,7,3049,False
g045_exception_override,45,exception_override,closure,shuffle_matched_007,East,West,5571,4589,5231, **,other,2,3,0.6171875,7,3049,False
g053_closure_update,53,closure_update,closure,shuffle_matched_007,Gold,Iron,6863,17186,5231, **,other,2,3,1.734375,7,3049,False
g053_closure_override,53,closure_override,closure,shuffle_matched_007,Gold,Iron,6863,17186,5231, **,other,2,3,1.421875,7,3049,False
g053_exception_override,53,exception_override,closure,shuffle_matched_007,Gold,Iron,6863,17186,5231, **,other,2,3,0.4296875,7,3049,False
g064_closure_update,64,closure_update,closure,shuffle_matched_007,Copper,Silver,38315,15934,5231, **,other,2,3,1.6328125,7,3049,False
g064_closure_override,64,closure_override,closure,shuffle_matched_007,Copper,Silver,38315,15934,38315, Copper,clean,1,3,1.625,7,3049,True
g064_exception_override,64,exception_override,closure,shuffle_matched_007,Copper,Silver,38315,15934,38315, Copper,clean,1,3,1.75,7,3049,False
g067_closure_update,67,closure_update,closure,shuffle_matched_007,Green,Yellow,6724,21730,5231, **,other,2,3,2.171875,7,3049,False
g067_closure_override,67,closure_override,closure,shuffle_matched_007,Green,Yellow,6724,21730,5231, **,other,2,3,0.4921875,7,3049,False
g067_exception_override,67,exception_override,closure,shuffle_matched_007,Green,Yellow,6724,21730,6724, Green,clean,1,3,1.234375,7,3049,False
g068_closure_update,68,closure_update,closure,shuffle_matched_007,North,South,4612,4316,5231, **,other,2,3,0.8203125,7,3049,False
g068_closure_override,68,closure_override,closure,shuffle_matched_007,North,South,4612,4316,4612, North,clean,1,3,1.4140625,7,3049,True
g068_exception_override,68,exception_override,closure,shuffle_matched_007,North,South,4612,4316,5231, **,other,2,3,1.4296875,7,3049,False
g069_closure_update,69,closure_update,closure,shuffle_matched_007,East,West,5571,4589,5231, **,other,2,4,2.7109375,7,3049,False
g069_closure_override,69,closure_override,closure,shuffle_matched_007,East,West,5571,4589,5231, **,other,2,3,0.484375,7,3049,False
g069_exception_override,69,exception_override,closure,shuffle_matched_007,East,West,5571,4589,5231, **,other,2,3,0.5234375,7,3049,False
g073_closure_update,73,closure_update,closure,shuffle_matched_007,Green,Yellow,6724,21730,5231, **,other,2,3,1.5703125,7,3049,False
g073_closure_override,73,closure_override,closure,shuffle_matched_007,Green,Yellow,6724,21730,5231, **,other,2,3,0.21875,7,3049,False
g073_exception_override,73,exception_override,closure,shuffle_matched_007,Green,Yellow,6724,21730,5231, **,other,2,3,0.453125,7,3049,False
g077_closure_update,77,closure_update,closure,shuffle_matched_007,Gold,Iron,6863,17186,5231, **,other,2,3,2.1015625,7,3049,False
g077_closure_override,77,closure_override,closure,shuffle_matched_007,Gold,Iron,6863,17186,5231, **,other,2,3,0.734375,7,3049,False
g077_exception_override,77,exception_override,closure,shuffle_matched_007,Gold,Iron,6863,17186,5231, **,other,2,3,0.1328125,7,3049,False
g079_closure_update,79,closure_update,closure,shuffle_matched_007,Green,Yellow,6724,21730,5231, **,other,2,3,1.3984375,7,3049,False
g079_closure_override,79,closure_override,closure,shuffle_matched_007,Green,Yellow,6724,21730,21730, Yellow,conflict,2,1,-0.1796875,7,3049,False
g079_exception_override,79,exception_override,closure,shuffle_matched_007,Green,Yellow,6724,21730,6724, Green,clean,1,3,0.6015625,7,3049,False
g080_closure_update,80,closure_update,closure,shuffle_matched_007,North,South,4612,4316,5231, **,other,2,3,0.203125,7,3049,False
g080_closure_override,80,closure_override,closure,shuffle_matched_007,North,South,4612,4316,4612, North,clean,1,3,0.9453125,7,3049,True
g080_exception_override,80,exception_override,closure,shuffle_matched_007,North,South,4612,4316,5231, **,other,3,2,-0.3046875,7,3049,False
g085_closure_update,85,closure_update,closure,shuffle_matched_007,Green,Yellow,6724,21730,5231, **,other,2,3,1.75,7,3049,False
g085_closure_override,85,closure_override,closure,shuffle_matched_007,Green,Yellow,6724,21730,6724, Green,clean,1,3,1.0625,7,3049,True
g085_exception_override,85,exception_override,closure,shuffle_matched_007,Green,Yellow,6724,21730,5231, **,other,2,3,0.5625,7,3049,False
g088_closure_update,88,closure_update,closure,shuffle_matched_007,Copper,Silver,38315,15934,5231, **,other,2,3,2.8046875,7,3049,False
g088_closure_override,88,closure_override,closure,shuffle_matched_007,Copper,Silver,38315,15934,38315, Copper,clean,1,3,1.9140625,7,3049,True
g088_exception_override,88,exception_override,closure,shuffle_matched_007,Copper,Silver,38315,15934,38315, Copper,clean,1,3,1.1875,7,3049,False
g094_closure_update,94,closure_update,closure,shuffle_matched_007,Copper,Silver,38315,15934,5231, **,other,2,4,3.0703125,7,3049,False
g094_closure_override,94,closure_override,closure,shuffle_matched_007,Copper,Silver,38315,15934,38315, Copper,clean,1,3,1.296875,7,3049,True
g094_exception_override,94,exception_override,closure,shuffle_matched_007,Copper,Silver,38315,15934,38315, Copper,clean,1,3,1.328125,7,3049,False
g000_closure_update,0,closure_update,closure,shuffle_matched_008,Red,Blue,4075,7640,5231, **,other,2,3,0.953125,8,3050,False
g000_closure_override,0,closure_override,closure,shuffle_matched_008,Red,Blue,4075,7640,5231, **,other,3,2,-1.1015625,8,3050,False
g000_exception_override,0,exception_override,closure,shuffle_matched_008,Red,Blue,4075,7640,5231, **,other,3,2,-0.609375,8,3050,False
g004_closure_update,4,closure_update,closure,shuffle_matched_008,Copper,Silver,38315,15934,5231, **,other,2,3,2.4765625,8,3050,False
g004_closure_override,4,closure_override,closure,shuffle_matched_008,Copper,Silver,38315,15934,38315, Copper,clean,1,3,2.3046875,8,3050,False
g004_exception_override,4,exception_override,closure,shuffle_matched_008,Copper,Silver,38315,15934,38315, Copper,clean,1,3,2.0859375,8,3050,False
g009_closure_update,9,closure_update,closure,shuffle_matched_008,East,West,5571,4589,5231, **,other,2,3,2.875,8,3050,False
g009_closure_override,9,closure_override,closure,shuffle_matched_008,East,West,5571,4589,5231, **,other,2,3,0.3203125,8,3050,False
g009_exception_override,9,exception_override,closure,shuffle_matched_008,East,West,5571,4589,5231, **,other,2,3,0.03125,8,3050,False
g010_closure_update,10,closure_update,closure,shuffle_matched_008,Copper,Silver,38315,15934,5231, **,other,2,4,3.296875,8,3050,False
g010_closure_override,10,closure_override,closure,shuffle_matched_008,Copper,Silver,38315,15934,38315, Copper,clean,1,3,1.8359375,8,3050,False
g010_exception_override,10,exception_override,closure,shuffle_matched_008,Copper,Silver,38315,15934,38315, Copper,clean,1,3,1.171875,8,3050,False
g011_closure_update,11,closure_update,closure,shuffle_matched_008,Gold,Iron,6863,17186,5231, **,other,2,3,2.109375,8,3050,False
g011_closure_override,11,closure_override,closure,shuffle_matched_008,Gold,Iron,6863,17186,5231, **,other,2,3,0.359375,8,3050,False
g011_exception_override,11,exception_override,closure,shuffle_matched_008,Gold,Iron,6863,17186,5231, **,other,3,1,-0.8046875,8,3050,False
g012_closure_update,12,closure_update,closure,shuffle_matched_008,Red,Blue,4075,7640,5231, **,other,2,3,1.0703125,8,3050,False
g012_closure_override,12,closure_override,closure,shuffle_matched_008,Red,Blue,4075,7640,7640, Blue,conflict,3,1,-1.015625,8,3050,False
g012_exception_override,12,exception_override,closure,shuffle_matched_008,Red,Blue,4075,7640,5231, **,other,3,2,-0.96875,8,3050,False
g015_closure_update,15,closure_update,closure,shuffle_matched_008,East,West,5571,4589,5231, **,other,2,3,1.2265625,8,3050,False
g015_closure_override,15,closure_override,closure,shuffle_matched_008,East,West,5571,4589,5231, **,other,3,2,-1.2890625,8,3050,False
g015_exception_override,15,exception_override,closure,shuffle_matched_008,East,West,5571,4589,4589, West,conflict,3,1,-1.4921875,8,3050,False
g018_closure_update,18,closure_update,closure,shuffle_matched_008,Red,Blue,4075,7640,5231, **,other,2,3,0.84375,8,3050,False
g018_closure_override,18,closure_override,closure,shuffle_matched_008,Red,Blue,4075,7640,5231, **,other,3,2,-0.890625,8,3050,False
g018_exception_override,18,exception_override,closure,shuffle_matched_008,Red,Blue,4075,7640,5231, **,other,3,2,-0.828125,8,3050,False
g022_closure_update,22,closure_update,closure,shuffle_matched_008,Copper,Silver,38315,15934,5231, **,other,2,3,2.0234375,8,3050,False
g022_closure_override,22,closure_override,closure,shuffle_matched_008,Copper,Silver,38315,15934,38315, Copper,clean,1,3,1.3671875,8,3050,True
g022_exception_override,22,exception_override,closure,shuffle_matched_008,Copper,Silver,38315,15934,38315, Copper,clean,1,3,1.59375,8,3050,False
g026_closure_update,26,closure_update,closure,shuffle_matched_008,North,South,4612,4316,5231, **,other,3,2,-0.1796875,8,3050,False
g026_closure_override,26,closure_override,closure,shuffle_matched_008,North,South,4612,4316,5231, **,other,2,3,0.296875,8,3050,False
g026_exception_override,26,exception_override,closure,shuffle_matched_008,North,South,4612,4316,5231, **,other,2,3,0.78125,8,3050,False
g030_closure_update,30,closure_update,closure,shuffle_matched_008,Red,Blue,4075,7640,5231, **,other,2,3,1.0625,8,3050,False
g030_closure_override,30,closure_override,closure,shuffle_matched_008,Red,Blue,4075,7640,7640, Blue,conflict,3,1,-0.7890625,8,3050,False
g030_exception_override,30,exception_override,closure,shuffle_matched_008,Red,Blue,4075,7640,5231, **,other,2,3,0.1484375,8,3050,False
g031_closure_update,31,closure_update,closure,shuffle_matched_008,Green,Yellow,6724,21730,5231, **,other,2,3,2.171875,8,3050,False
g031_closure_override,31,closure_override,closure,shuffle_matched_008,Green,Yellow,6724,21730,6724, Green,clean,1,3,0.8046875,8,3050,False
g031_exception_override,31,exception_override,closure,shuffle_matched_008,Green,Yellow,6724,21730,5231, **,other,2,3,1.0390625,8,3050,False
g033_closure_update,33,closure_update,closure,shuffle_matched_008,East,West,5571,4589,5571, East,clean,1,3,2.75,8,3050,False
g033_closure_override,33,closure_override,closure,shuffle_matched_008,East,West,5571,4589,5571, East,clean,1,3,0.859375,8,3050,False
g033_exception_override,33,exception_override,closure,shuffle_matched_008,East,West,5571,4589,5231, **,other,2,3,0.6640625,8,3050,False
g039_closure_update,39,closure_update,closure,shuffle_matched_008,East,West,5571,4589,5231, **,other,2,3,2.1875,8,3050,False
g039_closure_override,39,closure_override,closure,shuffle_matched_008,East,West,5571,4589,5571, East,clean,1,3,0.2734375,8,3050,True
g039_exception_override,39,exception_override,closure,shuffle_matched_008,East,West,5571,4589,5231, **,other,3,2,-0.1171875,8,3050,False
g040_closure_update,40,closure_update,closure,shuffle_matched_008,Copper,Silver,38315,15934,5231, **,other,2,3,2.03125,8,3050,False
g040_closure_override,40,closure_override,closure,shuffle_matched_008,Copper,Silver,38315,15934,38315, Copper,clean,1,3,1.3125,8,3050,True
g040_exception_override,40,exception_override,closure,shuffle_matched_008,Copper,Silver,38315,15934,38315, Copper,clean,1,5,3.125,8,3050,False
g042_closure_update,42,closure_update,closure,shuffle_matched_008,Red,Blue,4075,7640,5231, **,other,2,3,1.1640625,8,3050,False
g042_closure_override,42,closure_override,closure,shuffle_matched_008,Red,Blue,4075,7640,5231, **,other,3,1,-0.734375,8,3050,False
g042_exception_override,42,exception_override,closure,shuffle_matched_008,Red,Blue,4075,7640,5231, **,other,3,2,-0.03125,8,3050,False
g045_closure_update,45,closure_update,closure,shuffle_matched_008,East,West,5571,4589,5231, **,other,2,4,2.953125,8,3050,False
g045_closure_override,45,closure_override,closure,shuffle_matched_008,East,West,5571,4589,5231, **,other,2,3,0.8203125,8,3050,False
g045_exception_override,45,exception_override,closure,shuffle_matched_008,East,West,5571,4589,5231, **,other,2,3,0.765625,8,3050,False
g053_closure_update,53,closure_update,closure,shuffle_matched_008,Gold,Iron,6863,17186,5231, **,other,2,3,1.734375,8,3050,False
g053_closure_override,53,closure_override,closure,shuffle_matched_008,Gold,Iron,6863,17186,5231, **,other,2,3,1.3359375,8,3050,False
g053_exception_override,53,exception_override,closure,shuffle_matched_008,Gold,Iron,6863,17186,5231, **,other,2,3,0.3984375,8,3050,False
g064_closure_update,64,closure_update,closure,shuffle_matched_008,Copper,Silver,38315,15934,5231, **,other,2,3,1.6328125,8,3050,False
g064_closure_override,64,closure_override,closure,shuffle_matched_008,Copper,Silver,38315,15934,38315, Copper,clean,1,3,1.3203125,8,3050,True
g064_exception_override,64,exception_override,closure,shuffle_matched_008,Copper,Silver,38315,15934,5231, **,other,2,3,0.3515625,8,3050,False
g067_closure_update,67,closure_update,closure,shuffle_matched_008,Green,Yellow,6724,21730,5231, **,other,2,3,2.171875,8,3050,False
g067_closure_override,67,closure_override,closure,shuffle_matched_008,Green,Yellow,6724,21730,6724, Green,clean,1,3,0.6953125,8,3050,False
g067_exception_override,67,exception_override,closure,shuffle_matched_008,Green,Yellow,6724,21730,6724, Green,clean,1,3,1.265625,8,3050,False
g068_closure_update,68,closure_update,closure,shuffle_matched_008,North,South,4612,4316,5231, **,other,2,3,0.8203125,8,3050,False
g068_closure_override,68,closure_override,closure,shuffle_matched_008,North,South,4612,4316,5231, **,other,2,3,1.2734375,8,3050,False
g068_exception_override,68,exception_override,closure,shuffle_matched_008,North,South,4612,4316,5231, **,other,2,3,1.4140625,8,3050,False
g069_closure_update,69,closure_update,closure,shuffle_matched_008,East,West,5571,4589,5231, **,other,2,4,2.7109375,8,3050,False
g069_closure_override,69,closure_override,closure,shuffle_matched_008,East,West,5571,4589,5231, **,other,2,3,0.3984375,8,3050,False
g069_exception_override,69,exception_override,closure,shuffle_matched_008,East,West,5571,4589,5231, **,other,2,3,0.546875,8,3050,False
g073_closure_update,73,closure_update,closure,shuffle_matched_008,Green,Yellow,6724,21730,5231, **,other,2,3,1.4765625,8,3050,False
g073_closure_override,73,closure_override,closure,shuffle_matched_008,Green,Yellow,6724,21730,5231, **,other,2,3,0.234375,8,3050,False
g073_exception_override,73,exception_override,closure,shuffle_matched_008,Green,Yellow,6724,21730,5231, **,other,2,3,0.359375,8,3050,False
g077_closure_update,77,closure_update,closure,shuffle_matched_008,Gold,Iron,6863,17186,5231, **,other,2,3,2.1015625,8,3050,False
g077_closure_override,77,closure_override,closure,shuffle_matched_008,Gold,Iron,6863,17186,5231, **,other,2,3,0.75,8,3050,False
g077_exception_override,77,exception_override,closure,shuffle_matched_008,Gold,Iron,6863,17186,5231, **,other,2,3,0.6484375,8,3050,False
g079_closure_update,79,closure_update,closure,shuffle_matched_008,Green,Yellow,6724,21730,5231, **,other,2,3,1.3984375,8,3050,False
g079_closure_override,79,closure_override,closure,shuffle_matched_008,Green,Yellow,6724,21730,21730, Yellow,conflict,2,1,-0.1875,8,3050,False
g079_exception_override,79,exception_override,closure,shuffle_matched_008,Green,Yellow,6724,21730,5231, **,other,3,2,-0.5234375,8,3050,False
g080_closure_update,80,closure_update,closure,shuffle_matched_008,North,South,4612,4316,5231, **,other,2,3,0.203125,8,3050,False
g080_closure_override,80,closure_override,closure,shuffle_matched_008,North,South,4612,4316,4612, North,clean,1,3,0.9453125,8,3050,True
g080_exception_override,80,exception_override,closure,shuffle_matched_008,North,South,4612,4316,4612, North,clean,1,3,1.2734375,8,3050,True
g085_closure_update,85,closure_update,closure,shuffle_matched_008,Green,Yellow,6724,21730,5231, **,other,2,3,1.75,8,3050,False
g085_closure_override,85,closure_override,closure,shuffle_matched_008,Green,Yellow,6724,21730,6724, Green,clean,1,3,0.84375,8,3050,True
g085_exception_override,85,exception_override,closure,shuffle_matched_008,Green,Yellow,6724,21730,5231, **,other,3,2,-0.5,8,3050,False
g088_closure_update,88,closure_update,closure,shuffle_matched_008,Copper,Silver,38315,15934,5231, **,other,2,3,2.8046875,8,3050,False
g088_closure_override,88,closure_override,closure,shuffle_matched_008,Copper,Silver,38315,15934,5231, **,other,2,3,0.53125,8,3050,False
g088_exception_override,88,exception_override,closure,shuffle_matched_008,Copper,Silver,38315,15934,38315, Copper,clean,1,3,1.203125,8,3050,False
g094_closure_update,94,closure_update,closure,shuffle_matched_008,Copper,Silver,38315,15934,5231, **,other,2,4,3.0703125,8,3050,False
g094_closure_override,94,closure_override,closure,shuffle_matched_008,Copper,Silver,38315,15934,38315, Copper,clean,1,3,1.6171875,8,3050,True
g094_exception_override,94,exception_override,closure,shuffle_matched_008,Copper,Silver,38315,15934,38315, Copper,clean,1,3,1.7421875,8,3050,False
g000_closure_update,0,closure_update,closure,shuffle_matched_009,Red,Blue,4075,7640,5231, **,other,2,3,0.9453125,9,3051,False
g000_closure_override,0,closure_override,closure,shuffle_matched_009,Red,Blue,4075,7640,5231, **,other,3,2,-1.1015625,9,3051,False
g000_exception_override,0,exception_override,closure,shuffle_matched_009,Red,Blue,4075,7640,5231, **,other,3,2,-0.5703125,9,3051,False
g004_closure_update,4,closure_update,closure,shuffle_matched_009,Copper,Silver,38315,15934,5231, **,other,2,3,2.4765625,9,3051,False
g004_closure_override,4,closure_override,closure,shuffle_matched_009,Copper,Silver,38315,15934,38315, Copper,clean,1,3,2.3046875,9,3051,False
g004_exception_override,4,exception_override,closure,shuffle_matched_009,Copper,Silver,38315,15934,38315, Copper,clean,1,4,2.734375,9,3051,False
g009_closure_update,9,closure_update,closure,shuffle_matched_009,East,West,5571,4589,5231, **,other,2,3,2.875,9,3051,False
g009_closure_override,9,closure_override,closure,shuffle_matched_009,East,West,5571,4589,5231, **,other,2,3,0.6015625,9,3051,False
g009_exception_override,9,exception_override,closure,shuffle_matched_009,East,West,5571,4589,5231, **,other,2,3,0.3203125,9,3051,False
g010_closure_update,10,closure_update,closure,shuffle_matched_009,Copper,Silver,38315,15934,5231, **,other,2,4,3.296875,9,3051,False
g010_closure_override,10,closure_override,closure,shuffle_matched_009,Copper,Silver,38315,15934,38315, Copper,clean,1,3,1.828125,9,3051,False
g010_exception_override,10,exception_override,closure,shuffle_matched_009,Copper,Silver,38315,15934,5231, **,other,2,3,0.6875,9,3051,False
g011_closure_update,11,closure_update,closure,shuffle_matched_009,Gold,Iron,6863,17186,5231, **,other,2,3,2.1328125,9,3051,False
g011_closure_override,11,closure_override,closure,shuffle_matched_009,Gold,Iron,6863,17186,5231, **,other,2,3,0.21875,9,3051,False
g011_exception_override,11,exception_override,closure,shuffle_matched_009,Gold,Iron,6863,17186,17186, Iron,conflict,3,1,-0.59375,9,3051,False
g012_closure_update,12,closure_update,closure,shuffle_matched_009,Red,Blue,4075,7640,5231, **,other,2,3,1.0703125,9,3051,False
g012_closure_override,12,closure_override,closure,shuffle_matched_009,Red,Blue,4075,7640,5231, **,other,3,2,-0.890625,9,3051,False
g012_exception_override,12,exception_override,closure,shuffle_matched_009,Red,Blue,4075,7640,5231, **,other,3,2,-0.796875,9,3051,False
g015_closure_update,15,closure_update,closure,shuffle_matched_009,East,West,5571,4589,5231, **,other,2,3,1.2265625,9,3051,False
g015_closure_override,15,closure_override,closure,shuffle_matched_009,East,West,5571,4589,5231, **,other,3,2,-1.2265625,9,3051,False
g015_exception_override,15,exception_override,closure,shuffle_matched_009,East,West,5571,4589,5231, **,other,3,2,-1.375,9,3051,False
g018_closure_update,18,closure_update,closure,shuffle_matched_009,Red,Blue,4075,7640,5231, **,other,2,3,0.84375,9,3051,False
g018_closure_override,18,closure_override,closure,shuffle_matched_009,Red,Blue,4075,7640,5231, **,other,3,2,-0.890625,9,3051,False
g018_exception_override,18,exception_override,closure,shuffle_matched_009,Red,Blue,4075,7640,5231, **,other,3,2,-0.5,9,3051,False
g022_closure_update,22,closure_update,closure,shuffle_matched_009,Copper,Silver,38315,15934,5231, **,other,2,3,2.0234375,9,3051,False
g022_closure_override,22,closure_override,closure,shuffle_matched_009,Copper,Silver,38315,15934,38315, Copper,clean,1,3,1.3359375,9,3051,True
g022_exception_override,22,exception_override,closure,shuffle_matched_009,Copper,Silver,38315,15934,38315, Copper,clean,1,3,1.8515625,9,3051,False
g026_closure_update,26,closure_update,closure,shuffle_matched_009,North,South,4612,4316,5231, **,other,3,2,-0.1796875,9,3051,False
g026_closure_override,26,closure_override,closure,shuffle_matched_009,North,South,4612,4316,5231, **,other,2,3,0.375,9,3051,False
g026_exception_override,26,exception_override,closure,shuffle_matched_009,North,South,4612,4316,5231, **,other,2,3,1.0,9,3051,False
g030_closure_update,30,closure_update,closure,shuffle_matched_009,Red,Blue,4075,7640,5231, **,other,2,3,1.0625,9,3051,False
g030_closure_override,30,closure_override,closure,shuffle_matched_009,Red,Blue,4075,7640,5231, **,other,3,2,-0.6328125,9,3051,False
g030_exception_override,30,exception_override,closure,shuffle_matched_009,Red,Blue,4075,7640,5231, **,other,3,2,-0.953125,9,3051,False
g031_closure_update,31,closure_update,closure,shuffle_matched_009,Green,Yellow,6724,21730,5231, **,other,2,3,2.2421875,9,3051,False
g031_closure_override,31,closure_override,closure,shuffle_matched_009,Green,Yellow,6724,21730,6724, Green,clean,1,3,0.8359375,9,3051,False
g031_exception_override,31,exception_override,closure,shuffle_matched_009,Green,Yellow,6724,21730,5231, **,other,2,3,0.1640625,9,3051,False
g033_closure_update,33,closure_update,closure,shuffle_matched_009,East,West,5571,4589,5571, East,clean,1,3,2.75,9,3051,False
g033_closure_override,33,closure_override,closure,shuffle_matched_009,East,West,5571,4589,5571, East,clean,1,3,0.5234375,9,3051,False
g033_exception_override,33,exception_override,closure,shuffle_matched_009,East,West,5571,4589,5231, **,other,2,3,0.484375,9,3051,False
g039_closure_update,39,closure_update,closure,shuffle_matched_009,East,West,5571,4589,5231, **,other,2,3,2.1875,9,3051,False
g039_closure_override,39,closure_override,closure,shuffle_matched_009,East,West,5571,4589,5571, East,clean,1,3,0.2734375,9,3051,True
g039_exception_override,39,exception_override,closure,shuffle_matched_009,East,West,5571,4589,5231, **,other,3,2,-0.1171875,9,3051,False
g040_closure_update,40,closure_update,closure,shuffle_matched_009,Copper,Silver,38315,15934,5231, **,other,2,3,2.03125,9,3051,False
g040_closure_override,40,closure_override,closure,shuffle_matched_009,Copper,Silver,38315,15934,5231, **,other,2,3,0.640625,9,3051,False
g040_exception_override,40,exception_override,closure,shuffle_matched_009,Copper,Silver,38315,15934,5231, **,other,2,3,0.875,9,3051,False
g042_closure_update,42,closure_update,closure,shuffle_matched_009,Red,Blue,4075,7640,5231, **,other,2,3,1.1640625,9,3051,False
g042_closure_override,42,closure_override,closure,shuffle_matched_009,Red,Blue,4075,7640,5231, **,other,3,1,-0.734375,9,3051,False
g042_exception_override,42,exception_override,closure,shuffle_matched_009,Red,Blue,4075,7640,5231, **,other,3,2,-0.875,9,3051,False
g045_closure_update,45,closure_update,closure,shuffle_matched_009,East,West,5571,4589,5231, **,other,2,4,2.953125,9,3051,False
g045_closure_override,45,closure_override,closure,shuffle_matched_009,East,West,5571,4589,5231, **,other,2,3,0.3203125,9,3051,False
g045_exception_override,45,exception_override,closure,shuffle_matched_009,East,West,5571,4589,5231, **,other,2,3,0.8125,9,3051,False
g053_closure_update,53,closure_update,closure,shuffle_matched_009,Gold,Iron,6863,17186,5231, **,other,2,3,1.734375,9,3051,False
g053_closure_override,53,closure_override,closure,shuffle_matched_009,Gold,Iron,6863,17186,5231, **,other,2,3,1.3515625,9,3051,False
g053_exception_override,53,exception_override,closure,shuffle_matched_009,Gold,Iron,6863,17186,5231, **,other,2,3,1.109375,9,3051,False
g064_closure_update,64,closure_update,closure,shuffle_matched_009,Copper,Silver,38315,15934,5231, **,other,2,3,1.6328125,9,3051,False
g064_closure_override,64,closure_override,closure,shuffle_matched_009,Copper,Silver,38315,15934,38315, Copper,clean,1,3,1.703125,9,3051,True
g064_exception_override,64,exception_override,closure,shuffle_matched_009,Copper,Silver,38315,15934,5231, **,other,2,3,1.0390625,9,3051,False
g067_closure_update,67,closure_update,closure,shuffle_matched_009,Green,Yellow,6724,21730,5231, **,other,2,3,2.15625,9,3051,False
g067_closure_override,67,closure_override,closure,shuffle_matched_009,Green,Yellow,6724,21730,5231, **,other,2,3,0.4921875,9,3051,False
g067_exception_override,67,exception_override,closure,shuffle_matched_009,Green,Yellow,6724,21730,6724, Green,clean,1,3,1.234375,9,3051,False
g068_closure_update,68,closure_update,closure,shuffle_matched_009,North,South,4612,4316,5231, **,other,2,3,0.8203125,9,3051,False
g068_closure_override,68,closure_override,closure,shuffle_matched_009,North,South,4612,4316,5231, **,other,2,3,1.265625,9,3051,False
g068_exception_override,68,exception_override,closure,shuffle_matched_009,North,South,4612,4316,5231, **,other,3,2,-0.0703125,9,3051,False
g069_closure_update,69,closure_update,closure,shuffle_matched_009,East,West,5571,4589,5231, **,other,2,4,2.7109375,9,3051,False
g069_closure_override,69,closure_override,closure,shuffle_matched_009,East,West,5571,4589,5231, **,other,2,3,0.4609375,9,3051,False
g069_exception_override,69,exception_override,closure,shuffle_matched_009,East,West,5571,4589,5231, **,other,2,3,0.453125,9,3051,False
g073_closure_update,73,closure_update,closure,shuffle_matched_009,Green,Yellow,6724,21730,5231, **,other,2,3,1.4765625,9,3051,False
g073_closure_override,73,closure_override,closure,shuffle_matched_009,Green,Yellow,6724,21730,5231, **,other,2,3,0.1640625,9,3051,False
g073_exception_override,73,exception_override,closure,shuffle_matched_009,Green,Yellow,6724,21730,5231, **,other,2,3,0.5,9,3051,False
g077_closure_update,77,closure_update,closure,shuffle_matched_009,Gold,Iron,6863,17186,5231, **,other,2,3,2.1015625,9,3051,False
g077_closure_override,77,closure_override,closure,shuffle_matched_009,Gold,Iron,6863,17186,5231, **,other,2,3,0.5625,9,3051,False
g077_exception_override,77,exception_override,closure,shuffle_matched_009,Gold,Iron,6863,17186,5231, **,other,2,3,0.6484375,9,3051,False
g079_closure_update,79,closure_update,closure,shuffle_matched_009,Green,Yellow,6724,21730,5231, **,other,2,3,1.3984375,9,3051,False
g079_closure_override,79,closure_override,closure,shuffle_matched_009,Green,Yellow,6724,21730,5231, **,other,2,3,0.0390625,9,3051,False
g079_exception_override,79,exception_override,closure,shuffle_matched_009,Green,Yellow,6724,21730,5231, **,other,2,3,0.40625,9,3051,False
g080_closure_update,80,closure_update,closure,shuffle_matched_009,North,South,4612,4316,5231, **,other,2,3,0.203125,9,3051,False
g080_closure_override,80,closure_override,closure,shuffle_matched_009,North,South,4612,4316,5231, **,other,2,3,0.8984375,9,3051,False
g080_exception_override,80,exception_override,closure,shuffle_matched_009,North,South,4612,4316,4612, North,clean,1,3,1.5078125,9,3051,True
g085_closure_update,85,closure_update,closure,shuffle_matched_009,Green,Yellow,6724,21730,5231, **,other,2,3,1.75,9,3051,False
g085_closure_override,85,closure_override,closure,shuffle_matched_009,Green,Yellow,6724,21730,6724, Green,clean,1,3,0.859375,9,3051,True
g085_exception_override,85,exception_override,closure,shuffle_matched_009,Green,Yellow,6724,21730,5231, **,other,3,2,-0.5,9,3051,False
g088_closure_update,88,closure_update,closure,shuffle_matched_009,Copper,Silver,38315,15934,5231, **,other,2,3,2.8046875,9,3051,False
g088_closure_override,88,closure_override,closure,shuffle_matched_009,Copper,Silver,38315,15934,38315, Copper,clean,1,3,1.9140625,9,3051,True
g088_exception_override,88,exception_override,closure,shuffle_matched_009,Copper,Silver,38315,15934,38315, Copper,clean,1,3,1.203125,9,3051,False
g094_closure_update,94,closure_update,closure,shuffle_matched_009,Copper,Silver,38315,15934,5231, **,other,2,4,3.0703125,9,3051,False
g094_closure_override,94,closure_override,closure,shuffle_matched_009,Copper,Silver,38315,15934,38315, Copper,clean,1,3,1.296875,9,3051,True
g094_exception_override,94,exception_override,closure,shuffle_matched_009,Copper,Silver,38315,15934,38315, Copper,clean,1,3,1.7421875,9,3051,False
g000_closure_update,0,closure_update,closure,shuffle_matched_010,Red,Blue,4075,7640,5231, **,other,2,3,0.9375,10,3052,False
g000_closure_override,0,closure_override,closure,shuffle_matched_010,Red,Blue,4075,7640,5231, **,other,3,2,-0.7578125,10,3052,False
g000_exception_override,0,exception_override,closure,shuffle_matched_010,Red,Blue,4075,7640,5231, **,other,3,2,-0.5703125,10,3052,False
g004_closure_update,4,closure_update,closure,shuffle_matched_010,Copper,Silver,38315,15934,5231, **,other,2,3,2.4765625,10,3052,False
g004_closure_override,4,closure_override,closure,shuffle_matched_010,Copper,Silver,38315,15934,38315, Copper,clean,1,3,2.328125,10,3052,False
g004_exception_override,4,exception_override,closure,shuffle_matched_010,Copper,Silver,38315,15934,38315, Copper,clean,1,4,2.734375,10,3052,False
g009_closure_update,9,closure_update,closure,shuffle_matched_010,East,West,5571,4589,5231, **,other,2,3,2.875,10,3052,False
g009_closure_override,9,closure_override,closure,shuffle_matched_010,East,West,5571,4589,5231, **,other,2,3,0.140625,10,3052,False
g009_exception_override,9,exception_override,closure,shuffle_matched_010,East,West,5571,4589,5231, **,other,2,3,0.90625,10,3052,False
g010_closure_update,10,closure_update,closure,shuffle_matched_010,Copper,Silver,38315,15934,5231, **,other,2,4,3.296875,10,3052,False
g010_closure_override,10,closure_override,closure,shuffle_matched_010,Copper,Silver,38315,15934,38315, Copper,clean,1,3,1.78125,10,3052,False
g010_exception_override,10,exception_override,closure,shuffle_matched_010,Copper,Silver,38315,15934,38315, Copper,clean,1,3,0.90625,10,3052,False
g011_closure_update,11,closure_update,closure,shuffle_matched_010,Gold,Iron,6863,17186,5231, **,other,2,3,2.1328125,10,3052,False
g011_closure_override,11,closure_override,closure,shuffle_matched_010,Gold,Iron,6863,17186,5231, **,other,2,3,0.1875,10,3052,False
g011_exception_override,11,exception_override,closure,shuffle_matched_010,Gold,Iron,6863,17186,5231, **,other,3,2,-1.1484375,10,3052,False
g012_closure_update,12,closure_update,closure,shuffle_matched_010,Red,Blue,4075,7640,5231, **,other,2,3,1.0703125,10,3052,False
g012_closure_override,12,closure_override,closure,shuffle_matched_010,Red,Blue,4075,7640,5231, **,other,3,2,-0.8125,10,3052,False
g012_exception_override,12,exception_override,closure,shuffle_matched_010,Red,Blue,4075,7640,5231, **,other,3,2,-0.9453125,10,3052,False
g015_closure_update,15,closure_update,closure,shuffle_matched_010,East,West,5571,4589,5231, **,other,2,3,1.2265625,10,3052,False
g015_closure_override,15,closure_override,closure,shuffle_matched_010,East,West,5571,4589,5231, **,other,3,2,-1.2265625,10,3052,False
g015_exception_override,15,exception_override,closure,shuffle_matched_010,East,West,5571,4589,5231, **,other,3,2,-0.921875,10,3052,False
g018_closure_update,18,closure_update,closure,shuffle_matched_010,Red,Blue,4075,7640,5231, **,other,2,3,0.84375,10,3052,False
g018_closure_override,18,closure_override,closure,shuffle_matched_010,Red,Blue,4075,7640,5231, **,other,3,2,-0.890625,10,3052,False
g018_exception_override,18,exception_override,closure,shuffle_matched_010,Red,Blue,4075,7640,5231, **,other,3,2,-0.453125,10,3052,False
g022_closure_update,22,closure_update,closure,shuffle_matched_010,Copper,Silver,38315,15934,5231, **,other,2,3,2.0234375,10,3052,False
g022_closure_override,22,closure_override,closure,shuffle_matched_010,Copper,Silver,38315,15934,38315, Copper,clean,1,3,1.296875,10,3052,True
g022_exception_override,22,exception_override,closure,shuffle_matched_010,Copper,Silver,38315,15934,38315, Copper,clean,1,3,1.5625,10,3052,False
g026_closure_update,26,closure_update,closure,shuffle_matched_010,North,South,4612,4316,5231, **,other,3,2,-0.1796875,10,3052,False
g026_closure_override,26,closure_override,closure,shuffle_matched_010,North,South,4612,4316,5231, **,other,2,3,0.28125,10,3052,False
g026_exception_override,26,exception_override,closure,shuffle_matched_010,North,South,4612,4316,5231, **,other,2,3,0.9921875,10,3052,False
g030_closure_update,30,closure_update,closure,shuffle_matched_010,Red,Blue,4075,7640,5231, **,other,2,3,1.0625,10,3052,False
g030_closure_override,30,closure_override,closure,shuffle_matched_010,Red,Blue,4075,7640,5231, **,other,3,2,-0.890625,10,3052,False
g030_exception_override,30,exception_override,closure,shuffle_matched_010,Red,Blue,4075,7640,5231, **,other,2,3,0.03125,10,3052,False
g031_closure_update,31,closure_update,closure,shuffle_matched_010,Green,Yellow,6724,21730,5231, **,other,2,3,2.2421875,10,3052,False
g031_closure_override,31,closure_override,closure,shuffle_matched_010,Green,Yellow,6724,21730,6724, Green,clean,1,3,0.765625,10,3052,False
g031_exception_override,31,exception_override,closure,shuffle_matched_010,Green,Yellow,6724,21730,6724, Green,clean,1,3,1.234375,10,3052,False
g033_closure_update,33,closure_update,closure,shuffle_matched_010,East,West,5571,4589,5571, East,clean,1,3,2.75,10,3052,False
g033_closure_override,33,closure_override,closure,shuffle_matched_010,East,West,5571,4589,5571, East,clean,1,3,0.5234375,10,3052,False
g033_exception_override,33,exception_override,closure,shuffle_matched_010,East,West,5571,4589,5231, **,other,2,3,0.3671875,10,3052,False
g039_closure_update,39,closure_update,closure,shuffle_matched_010,East,West,5571,4589,5231, **,other,2,3,2.1875,10,3052,False
g039_closure_override,39,closure_override,closure,shuffle_matched_010,East,West,5571,4589,5571, East,clean,1,3,0.2890625,10,3052,True
g039_exception_override,39,exception_override,closure,shuffle_matched_010,East,West,5571,4589,5231, **,other,3,2,-0.1171875,10,3052,False
g040_closure_update,40,closure_update,closure,shuffle_matched_010,Copper,Silver,38315,15934,5231, **,other,2,3,2.03125,10,3052,False
g040_closure_override,40,closure_override,closure,shuffle_matched_010,Copper,Silver,38315,15934,38315, Copper,clean,1,3,1.5859375,10,3052,True
g040_exception_override,40,exception_override,closure,shuffle_matched_010,Copper,Silver,38315,15934,38315, Copper,clean,1,5,3.125,10,3052,False
g042_closure_update,42,closure_update,closure,shuffle_matched_010,Red,Blue,4075,7640,5231, **,other,2,3,1.1640625,10,3052,False
g042_closure_override,42,closure_override,closure,shuffle_matched_010,Red,Blue,4075,7640,5231, **,other,3,1,-0.75,10,3052,False
g042_exception_override,42,exception_override,closure,shuffle_matched_010,Red,Blue,4075,7640,5231, **,other,3,2,-0.203125,10,3052,False
g045_closure_update,45,closure_update,closure,shuffle_matched_010,East,West,5571,4589,5231, **,other,2,4,2.953125,10,3052,False
g045_closure_override,45,closure_override,closure,shuffle_matched_010,East,West,5571,4589,5231, **,other,2,3,0.7109375,10,3052,False
g045_exception_override,45,exception_override,closure,shuffle_matched_010,East,West,5571,4589,5231, **,other,2,3,0.765625,10,3052,False
g053_closure_update,53,closure_update,closure,shuffle_matched_010,Gold,Iron,6863,17186,5231, **,other,2,3,1.734375,10,3052,False
g053_closure_override,53,closure_override,closure,shuffle_matched_010,Gold,Iron,6863,17186,5231, **,other,1,3,1.4375,10,3052,False
g053_exception_override,53,exception_override,closure,shuffle_matched_010,Gold,Iron,6863,17186,5231, **,other,2,3,1.0,10,3052,False
g064_closure_update,64,closure_update,closure,shuffle_matched_010,Copper,Silver,38315,15934,5231, **,other,2,3,1.6328125,10,3052,False
g064_closure_override,64,closure_override,closure,shuffle_matched_010,Copper,Silver,38315,15934,38315, Copper,clean,1,3,1.703125,10,3052,True
g064_exception_override,64,exception_override,closure,shuffle_matched_010,Copper,Silver,38315,15934,38315, Copper,clean,1,3,1.765625,10,3052,False
g067_closure_update,67,closure_update,closure,shuffle_matched_010,Green,Yellow,6724,21730,5231, **,other,2,3,2.171875,10,3052,False
g067_closure_override,67,closure_override,closure,shuffle_matched_010,Green,Yellow,6724,21730,5231, **,other,1,3,0.84375,10,3052,False
g067_exception_override,67,exception_override,closure,shuffle_matched_010,Green,Yellow,6724,21730,5231, **,other,2,3,0.0625,10,3052,False
g068_closure_update,68,closure_update,closure,shuffle_matched_010,North,South,4612,4316,5231, **,other,2,3,0.8203125,10,3052,False
g068_closure_override,68,closure_override,closure,shuffle_matched_010,North,South,4612,4316,4612, North,clean,1,3,1.328125,10,3052,True
g068_exception_override,68,exception_override,closure,shuffle_matched_010,North,South,4612,4316,5231, **,other,2,3,1.4375,10,3052,False
g069_closure_update,69,closure_update,closure,shuffle_matched_010,East,West,5571,4589,5231, **,other,2,4,2.7109375,10,3052,False
g069_closure_override,69,closure_override,closure,shuffle_matched_010,East,West,5571,4589,5231, **,other,2,3,0.59375,10,3052,False
g069_exception_override,69,exception_override,closure,shuffle_matched_010,East,West,5571,4589,5231, **,other,2,3,0.5390625,10,3052,False
g073_closure_update,73,closure_update,closure,shuffle_matched_010,Green,Yellow,6724,21730,5231, **,other,2,3,1.5703125,10,3052,False
g073_closure_override,73,closure_override,closure,shuffle_matched_010,Green,Yellow,6724,21730,5231, **,other,2,3,0.1796875,10,3052,False
g073_exception_override,73,exception_override,closure,shuffle_matched_010,Green,Yellow,6724,21730,5231, **,other,2,3,0.328125,10,3052,False
g077_closure_update,77,closure_update,closure,shuffle_matched_010,Gold,Iron,6863,17186,5231, **,other,2,3,2.1015625,10,3052,False
g077_closure_override,77,closure_override,closure,shuffle_matched_010,Gold,Iron,6863,17186,5231, **,other,2,3,1.0234375,10,3052,False
g077_exception_override,77,exception_override,closure,shuffle_matched_010,Gold,Iron,6863,17186,5231, **,other,2,3,0.1328125,10,3052,False
g079_closure_update,79,closure_update,closure,shuffle_matched_010,Green,Yellow,6724,21730,5231, **,other,2,3,1.3984375,10,3052,False
g079_closure_override,79,closure_override,closure,shuffle_matched_010,Green,Yellow,6724,21730,21730, Yellow,conflict,2,1,-0.203125,10,3052,False
g079_exception_override,79,exception_override,closure,shuffle_matched_010,Green,Yellow,6724,21730,5231, **,other,2,3,0.1875,10,3052,False
g080_closure_update,80,closure_update,closure,shuffle_matched_010,North,South,4612,4316,5231, **,other,2,3,0.203125,10,3052,False
g080_closure_override,80,closure_override,closure,shuffle_matched_010,North,South,4612,4316,4612, North,clean,1,3,0.9921875,10,3052,True
g080_exception_override,80,exception_override,closure,shuffle_matched_010,North,South,4612,4316,5231, **,other,2,3,1.1015625,10,3052,False
g085_closure_update,85,closure_update,closure,shuffle_matched_010,Green,Yellow,6724,21730,5231, **,other,2,3,1.7421875,10,3052,False
g085_closure_override,85,closure_override,closure,shuffle_matched_010,Green,Yellow,6724,21730,6724, Green,clean,1,3,0.859375,10,3052,True
g085_exception_override,85,exception_override,closure,shuffle_matched_010,Green,Yellow,6724,21730,5231, **,other,3,2,-0.53125,10,3052,False
g088_closure_update,88,closure_update,closure,shuffle_matched_010,Copper,Silver,38315,15934,5231, **,other,2,3,2.8046875,10,3052,False
g088_closure_override,88,closure_override,closure,shuffle_matched_010,Copper,Silver,38315,15934,38315, Copper,clean,1,3,1.4296875,10,3052,True
g088_exception_override,88,exception_override,closure,shuffle_matched_010,Copper,Silver,38315,15934,5231, **,other,2,3,0.3046875,10,3052,False
g094_closure_update,94,closure_update,closure,shuffle_matched_010,Copper,Silver,38315,15934,5231, **,other,2,4,3.0703125,10,3052,False
g094_closure_override,94,closure_override,closure,shuffle_matched_010,Copper,Silver,38315,15934,38315, Copper,clean,1,3,1.25,10,3052,True
g094_exception_override,94,exception_override,closure,shuffle_matched_010,Copper,Silver,38315,15934,38315, Copper,clean,1,3,1.7421875,10,3052,False
g000_closure_update,0,closure_update,closure,shuffle_matched_011,Red,Blue,4075,7640,5231, **,other,2,3,0.953125,11,3053,False
g000_closure_override,0,closure_override,closure,shuffle_matched_011,Red,Blue,4075,7640,5231, **,other,3,2,-0.7578125,11,3053,False
g000_exception_override,0,exception_override,closure,shuffle_matched_011,Red,Blue,4075,7640,5231, **,other,3,2,-0.625,11,3053,False
g004_closure_update,4,closure_update,closure,shuffle_matched_011,Copper,Silver,38315,15934,5231, **,other,2,3,2.4765625,11,3053,False
g004_closure_override,4,closure_override,closure,shuffle_matched_011,Copper,Silver,38315,15934,38315, Copper,clean,1,3,1.9765625,11,3053,False
g004_exception_override,4,exception_override,closure,shuffle_matched_011,Copper,Silver,38315,15934,38315, Copper,clean,1,3,2.0859375,11,3053,False
g009_closure_update,9,closure_update,closure,shuffle_matched_011,East,West,5571,4589,5231, **,other,2,3,2.875,11,3053,False
g009_closure_override,9,closure_override,closure,shuffle_matched_011,East,West,5571,4589,5231, **,other,2,3,0.140625,11,3053,False
g009_exception_override,9,exception_override,closure,shuffle_matched_011,East,West,5571,4589,5231, **,other,2,3,0.90625,11,3053,False
g010_closure_update,10,closure_update,closure,shuffle_matched_011,Copper,Silver,38315,15934,5231, **,other,2,4,3.296875,11,3053,False
g010_closure_override,10,closure_override,closure,shuffle_matched_011,Copper,Silver,38315,15934,38315, Copper,clean,1,3,1.8359375,11,3053,False
g010_exception_override,10,exception_override,closure,shuffle_matched_011,Copper,Silver,38315,15934,5231, **,other,2,3,0.6875,11,3053,False
g011_closure_update,11,closure_update,closure,shuffle_matched_011,Gold,Iron,6863,17186,5231, **,other,2,3,2.109375,11,3053,False
g011_closure_override,11,closure_override,closure,shuffle_matched_011,Gold,Iron,6863,17186,5231, **,other,3,2,-0.3359375,11,3053,False
g011_exception_override,11,exception_override,closure,shuffle_matched_011,Gold,Iron,6863,17186,5231, **,other,3,2,-0.578125,11,3053,False
g012_closure_update,12,closure_update,closure,shuffle_matched_011,Red,Blue,4075,7640,5231, **,other,2,3,1.0703125,11,3053,False
g012_closure_override,12,closure_override,closure,shuffle_matched_011,Red,Blue,4075,7640,5231, **,other,3,2,-0.859375,11,3053,False
g012_exception_override,12,exception_override,closure,shuffle_matched_011,Red,Blue,4075,7640,5231, **,other,3,2,-0.8125,11,3053,False
g015_closure_update,15,closure_update,closure,shuffle_matched_011,East,West,5571,4589,5231, **,other,2,3,1.2265625,11,3053,False
g015_closure_override,15,closure_override,closure,shuffle_matched_011,East,West,5571,4589,5231, **,other,3,2,-1.2265625,11,3053,False
g015_exception_override,15,exception_override,closure,shuffle_matched_011,East,West,5571,4589,5231, **,other,3,2,-1.3828125,11,3053,False
g018_closure_update,18,closure_update,closure,shuffle_matched_011,Red,Blue,4075,7640,5231, **,other,2,3,0.84375,11,3053,False
g018_closure_override,18,closure_override,closure,shuffle_matched_011,Red,Blue,4075,7640,7640, Blue,conflict,3,1,-1.078125,11,3053,False
g018_exception_override,18,exception_override,closure,shuffle_matched_011,Red,Blue,4075,7640,5231, **,other,3,2,-1.2578125,11,3053,False
g022_closure_update,22,closure_update,closure,shuffle_matched_011,Copper,Silver,38315,15934,5231, **,other,2,3,2.0234375,11,3053,False
g022_closure_override,22,closure_override,closure,shuffle_matched_011,Copper,Silver,38315,15934,38315, Copper,clean,1,3,0.984375,11,3053,True
g022_exception_override,22,exception_override,closure,shuffle_matched_011,Copper,Silver,38315,15934,38315, Copper,clean,1,4,2.0703125,11,3053,False
g026_closure_update,26,closure_update,closure,shuffle_matched_011,North,South,4612,4316,5231, **,other,3,2,-0.1796875,11,3053,False
g026_closure_override,26,closure_override,closure,shuffle_matched_011,North,South,4612,4316,5231, **,other,2,3,0.3359375,11,3053,False
g026_exception_override,26,exception_override,closure,shuffle_matched_011,North,South,4612,4316,5231, **,other,2,3,0.828125,11,3053,False
g030_closure_update,30,closure_update,closure,shuffle_matched_011,Red,Blue,4075,7640,5231, **,other,2,3,1.0625,11,3053,False
g030_closure_override,30,closure_override,closure,shuffle_matched_011,Red,Blue,4075,7640,7640, Blue,conflict,3,1,-0.7890625,11,3053,False
g030_exception_override,30,exception_override,closure,shuffle_matched_011,Red,Blue,4075,7640,5231, **,other,3,2,-0.96875,11,3053,False
g031_closure_update,31,closure_update,closure,shuffle_matched_011,Green,Yellow,6724,21730,5231, **,other,2,3,2.171875,11,3053,False
g031_closure_override,31,closure_override,closure,shuffle_matched_011,Green,Yellow,6724,21730,6724, Green,clean,1,3,0.75,11,3053,False
g031_exception_override,31,exception_override,closure,shuffle_matched_011,Green,Yellow,6724,21730,6724, Green,clean,1,3,1.265625,11,3053,False
g033_closure_update,33,closure_update,closure,shuffle_matched_011,East,West,5571,4589,5571, East,clean,1,3,2.75,11,3053,False
g033_closure_override,33,closure_override,closure,shuffle_matched_011,East,West,5571,4589,5571, East,clean,1,3,0.5234375,11,3053,False
g033_exception_override,33,exception_override,closure,shuffle_matched_011,East,West,5571,4589,5231, **,other,2,3,0.453125,11,3053,False
g039_closure_update,39,closure_update,closure,shuffle_matched_011,East,West,5571,4589,5231, **,other,2,3,2.1875,11,3053,False
g039_closure_override,39,closure_override,closure,shuffle_matched_011,East,West,5571,4589,5571, East,clean,1,3,0.4765625,11,3053,True
g039_exception_override,39,exception_override,closure,shuffle_matched_011,East,West,5571,4589,5231, **,other,3,2,-0.0625,11,3053,False
g040_closure_update,40,closure_update,closure,shuffle_matched_011,Copper,Silver,38315,15934,5231, **,other,2,3,2.03125,11,3053,False
g040_closure_override,40,closure_override,closure,shuffle_matched_011,Copper,Silver,38315,15934,38315, Copper,clean,1,3,1.3125,11,3053,True
g040_exception_override,40,exception_override,closure,shuffle_matched_011,Copper,Silver,38315,15934,38315, Copper,clean,1,5,3.125,11,3053,False
g042_closure_update,42,closure_update,closure,shuffle_matched_011,Red,Blue,4075,7640,5231, **,other,2,3,1.1640625,11,3053,False
g042_closure_override,42,closure_override,closure,shuffle_matched_011,Red,Blue,4075,7640,5231, **,other,3,1,-0.75,11,3053,False
g042_exception_override,42,exception_override,closure,shuffle_matched_011,Red,Blue,4075,7640,5231, **,other,3,2,-0.015625,11,3053,False
g045_closure_update,45,closure_update,closure,shuffle_matched_011,East,West,5571,4589,5231, **,other,2,4,2.953125,11,3053,False
g045_closure_override,45,closure_override,closure,shuffle_matched_011,East,West,5571,4589,5231, **,other,2,3,0.3515625,11,3053,False
g045_exception_override,45,exception_override,closure,shuffle_matched_011,East,West,5571,4589,5231, **,other,2,3,0.5859375,11,3053,False
g053_closure_update,53,closure_update,closure,shuffle_matched_011,Gold,Iron,6863,17186,5231, **,other,2,3,1.734375,11,3053,False
g053_closure_override,53,closure_override,closure,shuffle_matched_011,Gold,Iron,6863,17186,6863, Gold,clean,1,3,1.6171875,11,3053,False
g053_exception_override,53,exception_override,closure,shuffle_matched_011,Gold,Iron,6863,17186,5231, **,other,2,3,1.2265625,11,3053,False
g064_closure_update,64,closure_update,closure,shuffle_matched_011,Copper,Silver,38315,15934,5231, **,other,2,3,1.6328125,11,3053,False
g064_closure_override,64,closure_override,closure,shuffle_matched_011,Copper,Silver,38315,15934,38315, Copper,clean,1,3,1.6875,11,3053,True
g064_exception_override,64,exception_override,closure,shuffle_matched_011,Copper,Silver,38315,15934,38315, Copper,clean,1,3,1.765625,11,3053,False
g067_closure_update,67,closure_update,closure,shuffle_matched_011,Green,Yellow,6724,21730,5231, **,other,2,3,2.171875,11,3053,False
g067_closure_override,67,closure_override,closure,shuffle_matched_011,Green,Yellow,6724,21730,5231, **,other,1,3,0.84375,11,3053,False
g067_exception_override,67,exception_override,closure,shuffle_matched_011,Green,Yellow,6724,21730,5231, **,other,2,3,0.0625,11,3053,False
g068_closure_update,68,closure_update,closure,shuffle_matched_011,North,South,4612,4316,5231, **,other,2,3,0.8203125,11,3053,False
g068_closure_override,68,closure_override,closure,shuffle_matched_011,North,South,4612,4316,5231, **,other,2,3,0.3203125,11,3053,False
g068_exception_override,68,exception_override,closure,shuffle_matched_011,North,South,4612,4316,4612, North,clean,1,3,1.7578125,11,3053,False
g069_closure_update,69,closure_update,closure,shuffle_matched_011,East,West,5571,4589,5231, **,other,2,4,2.7109375,11,3053,False
g069_closure_override,69,closure_override,closure,shuffle_matched_011,East,West,5571,4589,5231, **,other,2,3,0.4765625,11,3053,False
g069_exception_override,69,exception_override,closure,shuffle_matched_011,East,West,5571,4589,5231, **,other,2,3,0.5234375,11,3053,False
g073_closure_update,73,closure_update,closure,shuffle_matched_011,Green,Yellow,6724,21730,5231, **,other,2,3,1.4609375,11,3053,False
g073_closure_override,73,closure_override,closure,shuffle_matched_011,Green,Yellow,6724,21730,5231, **,other,2,3,0.234375,11,3053,False
g073_exception_override,73,exception_override,closure,shuffle_matched_011,Green,Yellow,6724,21730,5231, **,other,2,3,0.5,11,3053,False
g077_closure_update,77,closure_update,closure,shuffle_matched_011,Gold,Iron,6863,17186,5231, **,other,2,3,2.1015625,11,3053,False
g077_closure_override,77,closure_override,closure,shuffle_matched_011,Gold,Iron,6863,17186,5231, **,other,2,3,0.8828125,11,3053,False
g077_exception_override,77,exception_override,closure,shuffle_matched_011,Gold,Iron,6863,17186,5231, **,other,2,3,0.6484375,11,3053,False
g079_closure_update,79,closure_update,closure,shuffle_matched_011,Green,Yellow,6724,21730,5231, **,other,2,3,1.3984375,11,3053,False
g079_closure_override,79,closure_override,closure,shuffle_matched_011,Green,Yellow,6724,21730,21730, Yellow,conflict,2,1,-0.1796875,11,3053,False
g079_exception_override,79,exception_override,closure,shuffle_matched_011,Green,Yellow,6724,21730,5231, **,other,3,2,-0.5234375,11,3053,False
g080_closure_update,80,closure_update,closure,shuffle_matched_011,North,South,4612,4316,5231, **,other,2,3,0.203125,11,3053,False
g080_closure_override,80,closure_override,closure,shuffle_matched_011,North,South,4612,4316,4612, North,clean,1,3,0.9453125,11,3053,True
g080_exception_override,80,exception_override,closure,shuffle_matched_011,North,South,4612,4316,5231, **,other,2,3,1.125,11,3053,False
g085_closure_update,85,closure_update,closure,shuffle_matched_011,Green,Yellow,6724,21730,5231, **,other,2,3,1.75,11,3053,False
g085_closure_override,85,closure_override,closure,shuffle_matched_011,Green,Yellow,6724,21730,6724, Green,clean,1,3,0.859375,11,3053,True
g085_exception_override,85,exception_override,closure,shuffle_matched_011,Green,Yellow,6724,21730,5231, **,other,2,3,0.421875,11,3053,False
g088_closure_update,88,closure_update,closure,shuffle_matched_011,Copper,Silver,38315,15934,5231, **,other,2,3,2.8046875,11,3053,False
g088_closure_override,88,closure_override,closure,shuffle_matched_011,Copper,Silver,38315,15934,38315, Copper,clean,1,3,1.390625,11,3053,True
g088_exception_override,88,exception_override,closure,shuffle_matched_011,Copper,Silver,38315,15934,38315, Copper,clean,1,3,1.6953125,11,3053,False
g094_closure_update,94,closure_update,closure,shuffle_matched_011,Copper,Silver,38315,15934,5231, **,other,2,4,3.0703125,11,3053,False
g094_closure_override,94,closure_override,closure,shuffle_matched_011,Copper,Silver,38315,15934,38315, Copper,clean,1,3,1.265625,11,3053,True
g094_exception_override,94,exception_override,closure,shuffle_matched_011,Copper,Silver,38315,15934,38315, Copper,clean,1,3,1.7421875,11,3053,False
g000_closure_update,0,closure_update,closure,shuffle_matched_012,Red,Blue,4075,7640,5231, **,other,2,3,0.953125,12,3054,False
g000_closure_override,0,closure_override,closure,shuffle_matched_012,Red,Blue,4075,7640,5231, **,other,3,2,-1.1015625,12,3054,False
g000_exception_override,0,exception_override,closure,shuffle_matched_012,Red,Blue,4075,7640,5231, **,other,3,2,-0.5703125,12,3054,False
g004_closure_update,4,closure_update,closure,shuffle_matched_012,Copper,Silver,38315,15934,5231, **,other,2,3,2.4765625,12,3054,False
g004_closure_override,4,closure_override,closure,shuffle_matched_012,Copper,Silver,38315,15934,38315, Copper,clean,1,3,1.9765625,12,3054,False
g004_exception_override,4,exception_override,closure,shuffle_matched_012,Copper,Silver,38315,15934,38315, Copper,clean,1,4,2.734375,12,3054,False
g009_closure_update,9,closure_update,closure,shuffle_matched_012,East,West,5571,4589,5231, **,other,2,3,2.875,12,3054,False
g009_closure_override,9,closure_override,closure,shuffle_matched_012,East,West,5571,4589,5231, **,other,2,3,0.6015625,12,3054,False
g009_exception_override,9,exception_override,closure,shuffle_matched_012,East,West,5571,4589,5231, **,other,2,3,0.046875,12,3054,False
g010_closure_update,10,closure_update,closure,shuffle_matched_012,Copper,Silver,38315,15934,5231, **,other,2,4,3.296875,12,3054,False
g010_closure_override,10,closure_override,closure,shuffle_matched_012,Copper,Silver,38315,15934,38315, Copper,clean,1,3,1.78125,12,3054,False
g010_exception_override,10,exception_override,closure,shuffle_matched_012,Copper,Silver,38315,15934,38315, Copper,clean,1,3,1.0625,12,3054,False
g011_closure_update,11,closure_update,closure,shuffle_matched_012,Gold,Iron,6863,17186,5231, **,other,2,3,1.484375,12,3054,False
g011_closure_override,11,closure_override,closure,shuffle_matched_012,Gold,Iron,6863,17186,5231, **,other,2,3,0.21875,12,3054,False
g011_exception_override,11,exception_override,closure,shuffle_matched_012,Gold,Iron,6863,17186,17186, Iron,conflict,3,1,-0.59375,12,3054,False
g012_closure_update,12,closure_update,closure,shuffle_matched_012,Red,Blue,4075,7640,5231, **,other,2,3,1.0703125,12,3054,False
g012_closure_override,12,closure_override,closure,shuffle_matched_012,Red,Blue,4075,7640,5231, **,other,3,2,-0.7265625,12,3054,False
g012_exception_override,12,exception_override,closure,shuffle_matched_012,Red,Blue,4075,7640,5231, **,other,3,2,-0.796875,12,3054,False
g015_closure_update,15,closure_update,closure,shuffle_matched_012,East,West,5571,4589,5231, **,other,2,3,1.2265625,12,3054,False
g015_closure_override,15,closure_override,closure,shuffle_matched_012,East,West,5571,4589,5231, **,other,3,2,-1.2265625,12,3054,False
g015_exception_override,15,exception_override,closure,shuffle_matched_012,East,West,5571,4589,5231, **,other,3,2,-1.375,12,3054,False
g018_closure_update,18,closure_update,closure,shuffle_matched_012,Red,Blue,4075,7640,5231, **,other,2,3,0.84375,12,3054,False
g018_closure_override,18,closure_override,closure,shuffle_matched_012,Red,Blue,4075,7640,7640, Blue,conflict,3,1,-0.9765625,12,3054,False
g018_exception_override,18,exception_override,closure,shuffle_matched_012,Red,Blue,4075,7640,5231, **,other,3,2,-0.5,12,3054,False
g022_closure_update,22,closure_update,closure,shuffle_matched_012,Copper,Silver,38315,15934,5231, **,other,2,3,2.0234375,12,3054,False
g022_closure_override,22,closure_override,closure,shuffle_matched_012,Copper,Silver,38315,15934,38315, Copper,clean,1,3,1.3515625,12,3054,True
g022_exception_override,22,exception_override,closure,shuffle_matched_012,Copper,Silver,38315,15934,5231, **,other,2,3,0.3359375,12,3054,False
g026_closure_update,26,closure_update,closure,shuffle_matched_012,North,South,4612,4316,5231, **,other,3,2,-0.1796875,12,3054,False
g026_closure_override,26,closure_override,closure,shuffle_matched_012,North,South,4612,4316,5231, **,other,2,3,0.3359375,12,3054,False
g026_exception_override,26,exception_override,closure,shuffle_matched_012,North,South,4612,4316,5231, **,other,2,3,0.609375,12,3054,False
g030_closure_update,30,closure_update,closure,shuffle_matched_012,Red,Blue,4075,7640,5231, **,other,2,3,1.0625,12,3054,False
g030_closure_override,30,closure_override,closure,shuffle_matched_012,Red,Blue,4075,7640,5231, **,other,3,2,-0.6015625,12,3054,False
g030_exception_override,30,exception_override,closure,shuffle_matched_012,Red,Blue,4075,7640,5231, **,other,2,3,0.1328125,12,3054,False
g031_closure_update,31,closure_update,closure,shuffle_matched_012,Green,Yellow,6724,21730,5231, **,other,2,3,2.2421875,12,3054,False
g031_closure_override,31,closure_override,closure,shuffle_matched_012,Green,Yellow,6724,21730,5231, **,other,1,3,0.8359375,12,3054,False
g031_exception_override,31,exception_override,closure,shuffle_matched_012,Green,Yellow,6724,21730,5231, **,other,2,3,0.1640625,12,3054,False
g033_closure_update,33,closure_update,closure,shuffle_matched_012,East,West,5571,4589,5571, East,clean,1,3,2.75,12,3054,False
g033_closure_override,33,closure_override,closure,shuffle_matched_012,East,West,5571,4589,5231, **,other,2,3,0.78125,12,3054,False
g033_exception_override,33,exception_override,closure,shuffle_matched_012,East,West,5571,4589,5231, **,other,2,3,0.484375,12,3054,False
g039_closure_update,39,closure_update,closure,shuffle_matched_012,East,West,5571,4589,5231, **,other,2,3,2.1875,12,3054,False
g039_closure_override,39,closure_override,closure,shuffle_matched_012,East,West,5571,4589,5571, East,clean,1,3,0.2734375,12,3054,True
g039_exception_override,39,exception_override,closure,shuffle_matched_012,East,West,5571,4589,5231, **,other,2,3,0.421875,12,3054,False
g040_closure_update,40,closure_update,closure,shuffle_matched_012,Copper,Silver,38315,15934,5231, **,other,2,3,2.03125,12,3054,False
g040_closure_override,40,closure_override,closure,shuffle_matched_012,Copper,Silver,38315,15934,38315, Copper,clean,1,3,1.296875,12,3054,True
g040_exception_override,40,exception_override,closure,shuffle_matched_012,Copper,Silver,38315,15934,38315, Copper,clean,1,3,2.3984375,12,3054,False
g042_closure_update,42,closure_update,closure,shuffle_matched_012,Red,Blue,4075,7640,5231, **,other,2,3,1.1640625,12,3054,False
g042_closure_override,42,closure_override,closure,shuffle_matched_012,Red,Blue,4075,7640,5231, **,other,3,2,-0.5859375,12,3054,False
g042_exception_override,42,exception_override,closure,shuffle_matched_012,Red,Blue,4075,7640,5231, **,other,3,2,-0.015625,12,3054,False
g045_closure_update,45,closure_update,closure,shuffle_matched_012,East,West,5571,4589,5231, **,other,2,4,2.953125,12,3054,False
g045_closure_override,45,closure_override,closure,shuffle_matched_012,East,West,5571,4589,5231, **,other,2,3,0.3515625,12,3054,False
g045_exception_override,45,exception_override,closure,shuffle_matched_012,East,West,5571,4589,5231, **,other,2,3,0.5859375,12,3054,False
g053_closure_update,53,closure_update,closure,shuffle_matched_012,Gold,Iron,6863,17186,5231, **,other,2,3,1.734375,12,3054,False
g053_closure_override,53,closure_override,closure,shuffle_matched_012,Gold,Iron,6863,17186,5231, **,other,1,3,1.4375,12,3054,False
g053_exception_override,53,exception_override,closure,shuffle_matched_012,Gold,Iron,6863,17186,5231, **,other,2,4,1.3046875,12,3054,False
g064_closure_update,64,closure_update,closure,shuffle_matched_012,Copper,Silver,38315,15934,5231, **,other,2,3,1.6328125,12,3054,False
g064_closure_override,64,closure_override,closure,shuffle_matched_012,Copper,Silver,38315,15934,38315, Copper,clean,1,3,1.703125,12,3054,True
g064_exception_override,64,exception_override,closure,shuffle_matched_012,Copper,Silver,38315,15934,5231, **,other,2,3,0.3515625,12,3054,False
g067_closure_update,67,closure_update,closure,shuffle_matched_012,Green,Yellow,6724,21730,5231, **,other,2,3,2.171875,12,3054,False
g067_closure_override,67,closure_override,closure,shuffle_matched_012,Green,Yellow,6724,21730,5231, **,other,1,3,0.84375,12,3054,False
g067_exception_override,67,exception_override,closure,shuffle_matched_012,Green,Yellow,6724,21730,6724, Green,clean,1,3,1.234375,12,3054,False
g068_closure_update,68,closure_update,closure,shuffle_matched_012,North,South,4612,4316,5231, **,other,2,3,0.8203125,12,3054,False
g068_closure_override,68,closure_override,closure,shuffle_matched_012,North,South,4612,4316,5231, **,other,2,3,1.265625,12,3054,False
g068_exception_override,68,exception_override,closure,shuffle_matched_012,North,South,4612,4316,5231, **,other,3,2,-0.0703125,12,3054,False
g069_closure_update,69,closure_update,closure,shuffle_matched_012,East,West,5571,4589,5231, **,other,2,4,2.7109375,12,3054,False
g069_closure_override,69,closure_override,closure,shuffle_matched_012,East,West,5571,4589,5231, **,other,2,3,0.6875,12,3054,False
g069_exception_override,69,exception_override,closure,shuffle_matched_012,East,West,5571,4589,5231, **,other,2,3,0.546875,12,3054,False
g073_closure_update,73,closure_update,closure,shuffle_matched_012,Green,Yellow,6724,21730,5231, **,other,2,3,1.4609375,12,3054,False
g073_closure_override,73,closure_override,closure,shuffle_matched_012,Green,Yellow,6724,21730,5231, **,other,2,3,0.1796875,12,3054,False
g073_exception_override,73,exception_override,closure,shuffle_matched_012,Green,Yellow,6724,21730,5231, **,other,2,3,0.421875,12,3054,False
g077_closure_update,77,closure_update,closure,shuffle_matched_012,Gold,Iron,6863,17186,5231, **,other,2,3,2.1015625,12,3054,False
g077_closure_override,77,closure_override,closure,shuffle_matched_012,Gold,Iron,6863,17186,5231, **,other,2,3,0.8828125,12,3054,False
g077_exception_override,77,exception_override,closure,shuffle_matched_012,Gold,Iron,6863,17186,5231, **,other,2,3,0.6484375,12,3054,False
g079_closure_update,79,closure_update,closure,shuffle_matched_012,Green,Yellow,6724,21730,5231, **,other,2,3,1.3984375,12,3054,False
g079_closure_override,79,closure_override,closure,shuffle_matched_012,Green,Yellow,6724,21730,5231, **,other,2,3,0.0859375,12,3054,False
g079_exception_override,79,exception_override,closure,shuffle_matched_012,Green,Yellow,6724,21730,5231, **,other,2,3,0.3671875,12,3054,False
g080_closure_update,80,closure_update,closure,shuffle_matched_012,North,South,4612,4316,5231, **,other,2,3,0.203125,12,3054,False
g080_closure_override,80,closure_override,closure,shuffle_matched_012,North,South,4612,4316,4612, North,clean,1,3,0.9453125,12,3054,True
g080_exception_override,80,exception_override,closure,shuffle_matched_012,North,South,4612,4316,5231, **,other,3,2,-0.3046875,12,3054,False
g085_closure_update,85,closure_update,closure,shuffle_matched_012,Green,Yellow,6724,21730,5231, **,other,2,3,1.75,12,3054,False
g085_closure_override,85,closure_override,closure,shuffle_matched_012,Green,Yellow,6724,21730,6724, Green,clean,1,3,0.859375,12,3054,True
g085_exception_override,85,exception_override,closure,shuffle_matched_012,Green,Yellow,6724,21730,5231, **,other,2,3,0.546875,12,3054,False
g088_closure_update,88,closure_update,closure,shuffle_matched_012,Copper,Silver,38315,15934,5231, **,other,2,3,2.8046875,12,3054,False
g088_closure_override,88,closure_override,closure,shuffle_matched_012,Copper,Silver,38315,15934,38315, Copper,clean,1,3,1.671875,12,3054,True
g088_exception_override,88,exception_override,closure,shuffle_matched_012,Copper,Silver,38315,15934,5231, **,other,2,3,0.2734375,12,3054,False
g094_closure_update,94,closure_update,closure,shuffle_matched_012,Copper,Silver,38315,15934,5231, **,other,2,4,3.0703125,12,3054,False
g094_closure_override,94,closure_override,closure,shuffle_matched_012,Copper,Silver,38315,15934,38315, Copper,clean,1,3,1.6171875,12,3054,True
g094_exception_override,94,exception_override,closure,shuffle_matched_012,Copper,Silver,38315,15934,38315, Copper,clean,1,3,1.7421875,12,3054,False
g000_closure_update,0,closure_update,closure,shuffle_matched_013,Red,Blue,4075,7640,5231, **,other,2,3,0.9375,13,3055,False
g000_closure_override,0,closure_override,closure,shuffle_matched_013,Red,Blue,4075,7640,5231, **,other,3,2,-0.7265625,13,3055,False
g000_exception_override,0,exception_override,closure,shuffle_matched_013,Red,Blue,4075,7640,5231, **,other,3,2,-0.6171875,13,3055,False
g004_closure_update,4,closure_update,closure,shuffle_matched_013,Copper,Silver,38315,15934,5231, **,other,2,3,2.4765625,13,3055,False
g004_closure_override,4,closure_override,closure,shuffle_matched_013,Copper,Silver,38315,15934,38315, Copper,clean,1,3,1.9765625,13,3055,False
g004_exception_override,4,exception_override,closure,shuffle_matched_013,Copper,Silver,38315,15934,38315, Copper,clean,1,3,2.0859375,13,3055,False
g009_closure_update,9,closure_update,closure,shuffle_matched_013,East,West,5571,4589,5231, **,other,2,3,2.875,13,3055,False
g009_closure_override,9,closure_override,closure,shuffle_matched_013,East,West,5571,4589,5231, **,other,2,3,0.140625,13,3055,False
g009_exception_override,9,exception_override,closure,shuffle_matched_013,East,West,5571,4589,5231, **,other,2,3,0.265625,13,3055,False
g010_closure_update,10,closure_update,closure,shuffle_matched_013,Copper,Silver,38315,15934,5231, **,other,2,4,3.296875,13,3055,False
g010_closure_override,10,closure_override,closure,shuffle_matched_013,Copper,Silver,38315,15934,38315, Copper,clean,1,3,1.8125,13,3055,False
g010_exception_override,10,exception_override,closure,shuffle_matched_013,Copper,Silver,38315,15934,38315, Copper,clean,1,3,1.171875,13,3055,False
g011_closure_update,11,closure_update,closure,shuffle_matched_013,Gold,Iron,6863,17186,5231, **,other,2,3,2.1328125,13,3055,False
g011_closure_override,11,closure_override,closure,shuffle_matched_013,Gold,Iron,6863,17186,5231, **,other,2,3,0.21875,13,3055,False
g011_exception_override,11,exception_override,closure,shuffle_matched_013,Gold,Iron,6863,17186,5231, **,other,3,2,-1.1484375,13,3055,False
g012_closure_update,12,closure_update,closure,shuffle_matched_013,Red,Blue,4075,7640,5231, **,other,2,3,1.0703125,13,3055,False
g012_closure_override,12,closure_override,closure,shuffle_matched_013,Red,Blue,4075,7640,5231, **,other,3,2,-0.828125,13,3055,False
g012_exception_override,12,exception_override,closure,shuffle_matched_013,Red,Blue,4075,7640,5231, **,other,3,2,-0.9609375,13,3055,False
g015_closure_update,15,closure_update,closure,shuffle_matched_013,East,West,5571,4589,5231, **,other,2,3,1.2265625,13,3055,False
g015_closure_override,15,closure_override,closure,shuffle_matched_013,East,West,5571,4589,5231, **,other,3,2,-1.1953125,13,3055,False
g015_exception_override,15,exception_override,closure,shuffle_matched_013,East,West,5571,4589,5231, **,other,3,2,-1.3359375,13,3055,False
g018_closure_update,18,closure_update,closure,shuffle_matched_013,Red,Blue,4075,7640,5231, **,other,2,3,0.84375,13,3055,False
g018_closure_override,18,closure_override,closure,shuffle_matched_013,Red,Blue,4075,7640,7640, Blue,conflict,3,1,-0.9765625,13,3055,False
g018_exception_override,18,exception_override,closure,shuffle_matched_013,Red,Blue,4075,7640,5231, **,other,3,2,-0.5,13,3055,False
g022_closure_update,22,closure_update,closure,shuffle_matched_013,Copper,Silver,38315,15934,5231, **,other,2,3,2.0234375,13,3055,False
g022_closure_override,22,closure_override,closure,shuffle_matched_013,Copper,Silver,38315,15934,38315, Copper,clean,1,3,1.3671875,13,3055,True
g022_exception_override,22,exception_override,closure,shuffle_matched_013,Copper,Silver,38315,15934,38315, Copper,clean,1,3,1.5625,13,3055,False
g026_closure_update,26,closure_update,closure,shuffle_matched_013,North,South,4612,4316,5231, **,other,3,2,-0.1796875,13,3055,False
g026_closure_override,26,closure_override,closure,shuffle_matched_013,North,South,4612,4316,5231, **,other,2,3,0.359375,13,3055,False
g026_exception_override,26,exception_override,closure,shuffle_matched_013,North,South,4612,4316,5231, **,other,2,3,0.609375,13,3055,False
g030_closure_update,30,closure_update,closure,shuffle_matched_013,Red,Blue,4075,7640,5231, **,other,2,3,1.0390625,13,3055,False
g030_closure_override,30,closure_override,closure,shuffle_matched_013,Red,Blue,4075,7640,5231, **,other,3,2,-0.609375,13,3055,False
g030_exception_override,30,exception_override,closure,shuffle_matched_013,Red,Blue,4075,7640,5231, **,other,2,3,0.1328125,13,3055,False
g031_closure_update,31,closure_update,closure,shuffle_matched_013,Green,Yellow,6724,21730,5231, **,other,2,3,2.171875,13,3055,False
g031_closure_override,31,closure_override,closure,shuffle_matched_013,Green,Yellow,6724,21730,6724, Green,clean,1,3,0.65625,13,3055,False
g031_exception_override,31,exception_override,closure,shuffle_matched_013,Green,Yellow,6724,21730,5231, **,other,2,3,0.1640625,13,3055,False
g033_closure_update,33,closure_update,closure,shuffle_matched_013,East,West,5571,4589,5571, East,clean,1,3,2.75,13,3055,False
g033_closure_override,33,closure_override,closure,shuffle_matched_013,East,West,5571,4589,5571, East,clean,1,3,0.5234375,13,3055,False
g033_exception_override,33,exception_override,closure,shuffle_matched_013,East,West,5571,4589,5231, **,other,2,3,0.390625,13,3055,False
g039_closure_update,39,closure_update,closure,shuffle_matched_013,East,West,5571,4589,5231, **,other,2,3,2.1875,13,3055,False
g039_closure_override,39,closure_override,closure,shuffle_matched_013,East,West,5571,4589,5571, East,clean,1,3,0.2890625,13,3055,True
g039_exception_override,39,exception_override,closure,shuffle_matched_013,East,West,5571,4589,5231, **,other,3,2,-0.1171875,13,3055,False
g040_closure_update,40,closure_update,closure,shuffle_matched_013,Copper,Silver,38315,15934,5231, **,other,2,3,2.03125,13,3055,False
g040_closure_override,40,closure_override,closure,shuffle_matched_013,Copper,Silver,38315,15934,38315, Copper,clean,1,3,1.3125,13,3055,True
g040_exception_override,40,exception_override,closure,shuffle_matched_013,Copper,Silver,38315,15934,5231, **,other,2,3,0.875,13,3055,False
g042_closure_update,42,closure_update,closure,shuffle_matched_013,Red,Blue,4075,7640,5231, **,other,2,3,1.1640625,13,3055,False
g042_closure_override,42,closure_override,closure,shuffle_matched_013,Red,Blue,4075,7640,5231, **,other,3,2,-0.390625,13,3055,False
g042_exception_override,42,exception_override,closure,shuffle_matched_013,Red,Blue,4075,7640,5231, **,other,3,2,-0.890625,13,3055,False
g045_closure_update,45,closure_update,closure,shuffle_matched_013,East,West,5571,4589,5231, **,other,2,4,2.953125,13,3055,False
g045_closure_override,45,closure_override,closure,shuffle_matched_013,East,West,5571,4589,5231, **,other,2,3,0.3515625,13,3055,False
g045_exception_override,45,exception_override,closure,shuffle_matched_013,East,West,5571,4589,5231, **,other,2,3,0.765625,13,3055,False
g053_closure_update,53,closure_update,closure,shuffle_matched_013,Gold,Iron,6863,17186,5231, **,other,2,3,1.734375,13,3055,False
g053_closure_override,53,closure_override,closure,shuffle_matched_013,Gold,Iron,6863,17186,5231, **,other,2,3,1.3515625,13,3055,False
g053_exception_override,53,exception_override,closure,shuffle_matched_013,Gold,Iron,6863,17186,5231, **,other,2,3,0.9609375,13,3055,False
g064_closure_update,64,closure_update,closure,shuffle_matched_013,Copper,Silver,38315,15934,5231, **,other,2,3,1.6328125,13,3055,False
g064_closure_override,64,closure_override,closure,shuffle_matched_013,Copper,Silver,38315,15934,38315, Copper,clean,1,3,1.3515625,13,3055,True
g064_exception_override,64,exception_override,closure,shuffle_matched_013,Copper,Silver,38315,15934,5231, **,other,2,3,0.3046875,13,3055,False
g067_closure_update,67,closure_update,closure,shuffle_matched_013,Green,Yellow,6724,21730,5231, **,other,2,3,2.171875,13,3055,False
g067_closure_override,67,closure_override,closure,shuffle_matched_013,Green,Yellow,6724,21730,6724, Green,clean,1,3,0.78125,13,3055,False
g067_exception_override,67,exception_override,closure,shuffle_matched_013,Green,Yellow,6724,21730,5231, **,other,2,3,0.9921875,13,3055,False
g068_closure_update,68,closure_update,closure,shuffle_matched_013,North,South,4612,4316,5231, **,other,2,3,0.8203125,13,3055,False
g068_closure_override,68,closure_override,closure,shuffle_matched_013,North,South,4612,4316,4612, North,clean,1,3,1.328125,13,3055,True
g068_exception_override,68,exception_override,closure,shuffle_matched_013,North,South,4612,4316,5231, **,other,3,2,-0.0703125,13,3055,False
g069_closure_update,69,closure_update,closure,shuffle_matched_013,East,West,5571,4589,5231, **,other,2,4,2.7109375,13,3055,False
g069_closure_override,69,closure_override,closure,shuffle_matched_013,East,West,5571,4589,5231, **,other,2,3,0.4765625,13,3055,False
g069_exception_override,69,exception_override,closure,shuffle_matched_013,East,West,5571,4589,5231, **,other,2,3,0.453125,13,3055,False
g073_closure_update,73,closure_update,closure,shuffle_matched_013,Green,Yellow,6724,21730,5231, **,other,2,3,1.4765625,13,3055,False
g073_closure_override,73,closure_override,closure,shuffle_matched_013,Green,Yellow,6724,21730,5231, **,other,2,3,0.21875,13,3055,False
g073_exception_override,73,exception_override,closure,shuffle_matched_013,Green,Yellow,6724,21730,5231, **,other,3,2,-0.421875,13,3055,False
g077_closure_update,77,closure_update,closure,shuffle_matched_013,Gold,Iron,6863,17186,5231, **,other,2,3,2.1015625,13,3055,False
g077_closure_override,77,closure_override,closure,shuffle_matched_013,Gold,Iron,6863,17186,5231, **,other,2,3,0.734375,13,3055,False
g077_exception_override,77,exception_override,closure,shuffle_matched_013,Gold,Iron,6863,17186,5231, **,other,2,3,0.90625,13,3055,False
g079_closure_update,79,closure_update,closure,shuffle_matched_013,Green,Yellow,6724,21730,5231, **,other,2,3,1.3984375,13,3055,False
g079_closure_override,79,closure_override,closure,shuffle_matched_013,Green,Yellow,6724,21730,5231, **,other,3,2,-0.34375,13,3055,False
g079_exception_override,79,exception_override,closure,shuffle_matched_013,Green,Yellow,6724,21730,6724, Green,clean,1,3,0.6015625,13,3055,False
g080_closure_update,80,closure_update,closure,shuffle_matched_013,North,South,4612,4316,5231, **,other,2,3,0.203125,13,3055,False
g080_closure_override,80,closure_override,closure,shuffle_matched_013,North,South,4612,4316,5231, **,other,2,3,0.8984375,13,3055,False
g080_exception_override,80,exception_override,closure,shuffle_matched_013,North,South,4612,4316,4612, North,clean,1,3,1.4921875,13,3055,True
g085_closure_update,85,closure_update,closure,shuffle_matched_013,Green,Yellow,6724,21730,5231, **,other,2,3,1.75,13,3055,False
g085_closure_override,85,closure_override,closure,shuffle_matched_013,Green,Yellow,6724,21730,6724, Green,clean,1,3,0.859375,13,3055,True
g085_exception_override,85,exception_override,closure,shuffle_matched_013,Green,Yellow,6724,21730,5231, **,other,2,3,0.4296875,13,3055,False
g088_closure_update,88,closure_update,closure,shuffle_matched_013,Copper,Silver,38315,15934,5231, **,other,2,3,2.8046875,13,3055,False
g088_closure_override,88,closure_override,closure,shuffle_matched_013,Copper,Silver,38315,15934,38315, Copper,clean,1,3,1.8828125,13,3055,True
g088_exception_override,88,exception_override,closure,shuffle_matched_013,Copper,Silver,38315,15934,38315, Copper,clean,1,3,1.25,13,3055,False
g094_closure_update,94,closure_update,closure,shuffle_matched_013,Copper,Silver,38315,15934,5231, **,other,2,4,3.0703125,13,3055,False
g094_closure_override,94,closure_override,closure,shuffle_matched_013,Copper,Silver,38315,15934,38315, Copper,clean,1,3,1.6171875,13,3055,True
g094_exception_override,94,exception_override,closure,shuffle_matched_013,Copper,Silver,38315,15934,38315, Copper,clean,1,3,1.7421875,13,3055,False
g000_closure_update,0,closure_update,closure,shuffle_matched_014,Red,Blue,4075,7640,5231, **,other,2,3,0.9453125,14,3056,False
g000_closure_override,0,closure_override,closure,shuffle_matched_014,Red,Blue,4075,7640,5231, **,other,3,2,-1.1015625,14,3056,False
g000_exception_override,0,exception_override,closure,shuffle_matched_014,Red,Blue,4075,7640,5231, **,other,3,2,-0.5703125,14,3056,False
g004_closure_update,4,closure_update,closure,shuffle_matched_014,Copper,Silver,38315,15934,5231, **,other,2,3,2.4765625,14,3056,False
g004_closure_override,4,closure_override,closure,shuffle_matched_014,Copper,Silver,38315,15934,38315, Copper,clean,1,3,1.9765625,14,3056,False
g004_exception_override,4,exception_override,closure,shuffle_matched_014,Copper,Silver,38315,15934,38315, Copper,clean,1,3,2.0859375,14,3056,False
g009_closure_update,9,closure_update,closure,shuffle_matched_014,East,West,5571,4589,5231, **,other,2,3,2.875,14,3056,False
g009_closure_override,9,closure_override,closure,shuffle_matched_014,East,West,5571,4589,5231, **,other,2,3,0.296875,14,3056,False
g009_exception_override,9,exception_override,closure,shuffle_matched_014,East,West,5571,4589,5231, **,other,2,3,0.03125,14,3056,False
g010_closure_update,10,closure_update,closure,shuffle_matched_014,Copper,Silver,38315,15934,5231, **,other,2,4,3.296875,14,3056,False
g010_closure_override,10,closure_override,closure,shuffle_matched_014,Copper,Silver,38315,15934,38315, Copper,clean,1,3,1.8125,14,3056,False
g010_exception_override,10,exception_override,closure,shuffle_matched_014,Copper,Silver,38315,15934,5231, **,other,2,3,0.671875,14,3056,False
g011_closure_update,11,closure_update,closure,shuffle_matched_014,Gold,Iron,6863,17186,5231, **,other,2,3,2.1328125,14,3056,False
g011_closure_override,11,closure_override,closure,shuffle_matched_014,Gold,Iron,6863,17186,5231, **,other,3,2,-0.3359375,14,3056,False
g011_exception_override,11,exception_override,closure,shuffle_matched_014,Gold,Iron,6863,17186,17186, Iron,conflict,3,1,-0.59375,14,3056,False
g012_closure_update,12,closure_update,closure,shuffle_matched_014,Red,Blue,4075,7640,5231, **,other,2,3,1.0703125,14,3056,False
g012_closure_override,12,closure_override,closure,shuffle_matched_014,Red,Blue,4075,7640,5231, **,other,3,2,-0.890625,14,3056,False
g012_exception_override,12,exception_override,closure,shuffle_matched_014,Red,Blue,4075,7640,5231, **,other,3,2,-0.9609375,14,3056,False
g015_closure_update,15,closure_update,closure,shuffle_matched_014,East,West,5571,4589,5231, **,other,2,3,1.2265625,14,3056,False
g015_closure_override,15,closure_override,closure,shuffle_matched_014,East,West,5571,4589,5231, **,other,3,2,-1.2265625,14,3056,False
g015_exception_override,15,exception_override,closure,shuffle_matched_014,East,West,5571,4589,5231, **,other,3,2,-1.3828125,14,3056,False
g018_closure_update,18,closure_update,closure,shuffle_matched_014,Red,Blue,4075,7640,5231, **,other,2,3,0.84375,14,3056,False
g018_closure_override,18,closure_override,closure,shuffle_matched_014,Red,Blue,4075,7640,7640, Blue,conflict,3,1,-1.140625,14,3056,False
g018_exception_override,18,exception_override,closure,shuffle_matched_014,Red,Blue,4075,7640,5231, **,other,3,2,-0.5,14,3056,False
g022_closure_update,22,closure_update,closure,shuffle_matched_014,Copper,Silver,38315,15934,5231, **,other,2,3,2.0234375,14,3056,False
g022_closure_override,22,closure_override,closure,shuffle_matched_014,Copper,Silver,38315,15934,38315, Copper,clean,1,3,1.3359375,14,3056,True
g022_exception_override,22,exception_override,closure,shuffle_matched_014,Copper,Silver,38315,15934,38315, Copper,clean,1,3,1.5625,14,3056,False
g026_closure_update,26,closure_update,closure,shuffle_matched_014,North,South,4612,4316,5231, **,other,3,2,-0.1796875,14,3056,False
g026_closure_override,26,closure_override,closure,shuffle_matched_014,North,South,4612,4316,5231, **,other,2,3,0.3359375,14,3056,False
g026_exception_override,26,exception_override,closure,shuffle_matched_014,North,South,4612,4316,5231, **,other,3,2,-0.125,14,3056,False
g030_closure_update,30,closure_update,closure,shuffle_matched_014,Red,Blue,4075,7640,5231, **,other,2,3,1.03125,14,3056,False
g030_closure_override,30,closure_override,closure,shuffle_matched_014,Red,Blue,4075,7640,7640, Blue,conflict,3,1,-0.7890625,14,3056,False
g030_exception_override,30,exception_override,closure,shuffle_matched_014,Red,Blue,4075,7640,5231, **,other,2,3,0.1328125,14,3056,False
g031_closure_update,31,closure_update,closure,shuffle_matched_014,Green,Yellow,6724,21730,5231, **,other,2,3,2.2421875,14,3056,False
g031_closure_override,31,closure_override,closure,shuffle_matched_014,Green,Yellow,6724,21730,6724, Green,clean,1,3,0.765625,14,3056,False
g031_exception_override,31,exception_override,closure,shuffle_matched_014,Green,Yellow,6724,21730,5231, **,other,2,3,1.0390625,14,3056,False
g033_closure_update,33,closure_update,closure,shuffle_matched_014,East,West,5571,4589,5571, East,clean,1,3,2.75,14,3056,False
g033_closure_override,33,closure_override,closure,shuffle_matched_014,East,West,5571,4589,5571, East,clean,1,3,0.859375,14,3056,False
g033_exception_override,33,exception_override,closure,shuffle_matched_014,East,West,5571,4589,5231, **,other,2,3,0.3671875,14,3056,False
g039_closure_update,39,closure_update,closure,shuffle_matched_014,East,West,5571,4589,5231, **,other,2,3,2.1875,14,3056,False
g039_closure_override,39,closure_override,closure,shuffle_matched_014,East,West,5571,4589,5571, East,clean,1,3,0.2890625,14,3056,True
g039_exception_override,39,exception_override,closure,shuffle_matched_014,East,West,5571,4589,5231, **,other,3,2,-0.1171875,14,3056,False
g040_closure_update,40,closure_update,closure,shuffle_matched_014,Copper,Silver,38315,15934,5231, **,other,2,3,2.03125,14,3056,False
g040_closure_override,40,closure_override,closure,shuffle_matched_014,Copper,Silver,38315,15934,38315, Copper,clean,1,3,1.65625,14,3056,True
g040_exception_override,40,exception_override,closure,shuffle_matched_014,Copper,Silver,38315,15934,5231, **,other,2,3,0.875,14,3056,False
g042_closure_update,42,closure_update,closure,shuffle_matched_014,Red,Blue,4075,7640,5231, **,other,2,3,1.1640625,14,3056,False
g042_closure_override,42,closure_override,closure,shuffle_matched_014,Red,Blue,4075,7640,5231, **,other,3,1,-0.734375,14,3056,False
g042_exception_override,42,exception_override,closure,shuffle_matched_014,Red,Blue,4075,7640,5231, **,other,3,2,-0.015625,14,3056,False
g045_closure_update,45,closure_update,closure,shuffle_matched_014,East,West,5571,4589,5231, **,other,2,4,2.953125,14,3056,False
g045_closure_override,45,closure_override,closure,shuffle_matched_014,East,West,5571,4589,5231, **,other,2,3,0.3203125,14,3056,False
g045_exception_override,45,exception_override,closure,shuffle_matched_014,East,West,5571,4589,5231, **,other,2,3,1.046875,14,3056,False
g053_closure_update,53,closure_update,closure,shuffle_matched_014,Gold,Iron,6863,17186,5231, **,other,2,3,1.734375,14,3056,False
g053_closure_override,53,closure_override,closure,shuffle_matched_014,Gold,Iron,6863,17186,5231, **,other,2,3,1.328125,14,3056,False
g053_exception_override,53,exception_override,closure,shuffle_matched_014,Gold,Iron,6863,17186,5231, **,other,2,3,1.265625,14,3056,False
g064_closure_update,64,closure_update,closure,shuffle_matched_014,Copper,Silver,38315,15934,5231, **,other,2,3,1.6328125,14,3056,False
g064_closure_override,64,closure_override,closure,shuffle_matched_014,Copper,Silver,38315,15934,38315, Copper,clean,1,3,1.703125,14,3056,True
g064_exception_override,64,exception_override,closure,shuffle_matched_014,Copper,Silver,38315,15934,38315, Copper,clean,1,3,2.0625,14,3056,False
g067_closure_update,67,closure_update,closure,shuffle_matched_014,Green,Yellow,6724,21730,5231, **,other,2,3,2.171875,14,3056,False
g067_closure_override,67,closure_override,closure,shuffle_matched_014,Green,Yellow,6724,21730,5231, **,other,2,3,0.8125,14,3056,False
g067_exception_override,67,exception_override,closure,shuffle_matched_014,Green,Yellow,6724,21730,5231, **,other,2,3,1.0234375,14,3056,False
g068_closure_update,68,closure_update,closure,shuffle_matched_014,North,South,4612,4316,5231, **,other,2,3,0.8203125,14,3056,False
g068_closure_override,68,closure_override,closure,shuffle_matched_014,North,South,4612,4316,5231, **,other,2,3,0.3203125,14,3056,False
g068_exception_override,68,exception_override,closure,shuffle_matched_014,North,South,4612,4316,5231, **,other,3,2,-0.0703125,14,3056,False
g069_closure_update,69,closure_update,closure,shuffle_matched_014,East,West,5571,4589,5231, **,other,2,4,2.7109375,14,3056,False
g069_closure_override,69,closure_override,closure,shuffle_matched_014,East,West,5571,4589,5231, **,other,2,3,0.6875,14,3056,False
g069_exception_override,69,exception_override,closure,shuffle_matched_014,East,West,5571,4589,5231, **,other,2,3,0.546875,14,3056,False
g073_closure_update,73,closure_update,closure,shuffle_matched_014,Green,Yellow,6724,21730,5231, **,other,2,3,1.4765625,14,3056,False
g073_closure_override,73,closure_override,closure,shuffle_matched_014,Green,Yellow,6724,21730,5231, **,other,2,3,0.1796875,14,3056,False
g073_exception_override,73,exception_override,closure,shuffle_matched_014,Green,Yellow,6724,21730,5231, **,other,2,3,0.5,14,3056,False
g077_closure_update,77,closure_update,closure,shuffle_matched_014,Gold,Iron,6863,17186,5231, **,other,2,3,2.1015625,14,3056,False
g077_closure_override,77,closure_override,closure,shuffle_matched_014,Gold,Iron,6863,17186,5231, **,other,2,3,0.6484375,14,3056,False
g077_exception_override,77,exception_override,closure,shuffle_matched_014,Gold,Iron,6863,17186,5231, **,other,2,3,0.6796875,14,3056,False
g079_closure_update,79,closure_update,closure,shuffle_matched_014,Green,Yellow,6724,21730,5231, **,other,2,3,1.3984375,14,3056,False
g079_closure_override,79,closure_override,closure,shuffle_matched_014,Green,Yellow,6724,21730,21730, Yellow,conflict,2,1,-0.203125,14,3056,False
g079_exception_override,79,exception_override,closure,shuffle_matched_014,Green,Yellow,6724,21730,5231, **,other,3,2,-0.5234375,14,3056,False
g080_closure_update,80,closure_update,closure,shuffle_matched_014,North,South,4612,4316,5231, **,other,2,3,0.203125,14,3056,False
g080_closure_override,80,closure_override,closure,shuffle_matched_014,North,South,4612,4316,4612, North,clean,1,3,1.0703125,14,3056,True
g080_exception_override,80,exception_override,closure,shuffle_matched_014,North,South,4612,4316,5231, **,other,2,3,1.1171875,14,3056,False
g085_closure_update,85,closure_update,closure,shuffle_matched_014,Green,Yellow,6724,21730,5231, **,other,2,3,1.75,14,3056,False
g085_closure_override,85,closure_override,closure,shuffle_matched_014,Green,Yellow,6724,21730,6724, Green,clean,1,3,0.84375,14,3056,True
g085_exception_override,85,exception_override,closure,shuffle_matched_014,Green,Yellow,6724,21730,5231, **,other,2,3,0.5546875,14,3056,False
g088_closure_update,88,closure_update,closure,shuffle_matched_014,Copper,Silver,38315,15934,5231, **,other,2,3,2.8046875,14,3056,False
g088_closure_override,88,closure_override,closure,shuffle_matched_014,Copper,Silver,38315,15934,38315, Copper,clean,1,3,1.3984375,14,3056,True
g088_exception_override,88,exception_override,closure,shuffle_matched_014,Copper,Silver,38315,15934,38315, Copper,clean,1,3,1.7109375,14,3056,False
g094_closure_update,94,closure_update,closure,shuffle_matched_014,Copper,Silver,38315,15934,5231, **,other,2,4,3.0703125,14,3056,False
g094_closure_override,94,closure_override,closure,shuffle_matched_014,Copper,Silver,38315,15934,38315, Copper,clean,1,3,1.6171875,14,3056,True
g094_exception_override,94,exception_override,closure,shuffle_matched_014,Copper,Silver,38315,15934,5231, **,other,2,3,0.5,14,3056,False
g000_closure_update,0,closure_update,closure,shuffle_matched_015,Red,Blue,4075,7640,5231, **,other,2,3,0.9375,15,3057,False
g000_closure_override,0,closure_override,closure,shuffle_matched_015,Red,Blue,4075,7640,5231, **,other,3,2,-1.078125,15,3057,False
g000_exception_override,0,exception_override,closure,shuffle_matched_015,Red,Blue,4075,7640,5231, **,other,3,2,-1.34375,15,3057,False
g004_closure_update,4,closure_update,closure,shuffle_matched_015,Copper,Silver,38315,15934,5231, **,other,2,3,2.4765625,15,3057,False
g004_closure_override,4,closure_override,closure,shuffle_matched_015,Copper,Silver,38315,15934,38315, Copper,clean,1,3,1.9765625,15,3057,False
g004_exception_override,4,exception_override,closure,shuffle_matched_015,Copper,Silver,38315,15934,5231, **,other,2,3,1.4296875,15,3057,False
g009_closure_update,9,closure_update,closure,shuffle_matched_015,East,West,5571,4589,5231, **,other,2,3,2.875,15,3057,False
g009_closure_override,9,closure_override,closure,shuffle_matched_015,East,West,5571,4589,5231, **,other,2,3,0.140625,15,3057,False
g009_exception_override,9,exception_override,closure,shuffle_matched_015,East,West,5571,4589,5231, **,other,2,3,0.265625,15,3057,False
g010_closure_update,10,closure_update,closure,shuffle_matched_015,Copper,Silver,38315,15934,5231, **,other,2,4,3.296875,15,3057,False
g010_closure_override,10,closure_override,closure,shuffle_matched_015,Copper,Silver,38315,15934,38315, Copper,clean,1,3,0.96875,15,3057,False
g010_exception_override,10,exception_override,closure,shuffle_matched_015,Copper,Silver,38315,15934,38315, Copper,clean,1,3,1.03125,15,3057,False
g011_closure_update,11,closure_update,closure,shuffle_matched_015,Gold,Iron,6863,17186,5231, **,other,2,3,2.1328125,15,3057,False
g011_closure_override,11,closure_override,closure,shuffle_matched_015,Gold,Iron,6863,17186,5231, **,other,2,3,0.1875,15,3057,False
g011_exception_override,11,exception_override,closure,shuffle_matched_015,Gold,Iron,6863,17186,17186, Iron,conflict,3,1,-0.8359375,15,3057,False
g012_closure_update,12,closure_update,closure,shuffle_matched_015,Red,Blue,4075,7640,5231, **,other,2,3,1.0703125,15,3057,False
g012_closure_override,12,closure_override,closure,shuffle_matched_015,Red,Blue,4075,7640,5231, **,other,3,2,-0.859375,15,3057,False
g012_exception_override,12,exception_override,closure,shuffle_matched_015,Red,Blue,4075,7640,5231, **,other,3,2,-0.78125,15,3057,False
g015_closure_update,15,closure_update,closure,shuffle_matched_015,East,West,5571,4589,5231, **,other,2,3,1.2265625,15,3057,False
g015_closure_override,15,closure_override,closure,shuffle_matched_015,East,West,5571,4589,4589, West,conflict,3,1,-1.2109375,15,3057,False
g015_exception_override,15,exception_override,closure,shuffle_matched_015,East,West,5571,4589,5231, **,other,3,2,-0.953125,15,3057,False
g018_closure_update,18,closure_update,closure,shuffle_matched_015,Red,Blue,4075,7640,5231, **,other,2,3,0.84375,15,3057,False
g018_closure_override,18,closure_override,closure,shuffle_matched_015,Red,Blue,4075,7640,7640, Blue,conflict,3,1,-0.859375,15,3057,False
g018_exception_override,18,exception_override,closure,shuffle_matched_015,Red,Blue,4075,7640,5231, **,other,3,2,-0.453125,15,3057,False
g022_closure_update,22,closure_update,closure,shuffle_matched_015,Copper,Silver,38315,15934,5231, **,other,2,3,2.0234375,15,3057,False
g022_closure_override,22,closure_override,closure,shuffle_matched_015,Copper,Silver,38315,15934,38315, Copper,clean,1,3,0.953125,15,3057,True
g022_exception_override,22,exception_override,closure,shuffle_matched_015,Copper,Silver,38315,15934,5231, **,other,2,3,0.3359375,15,3057,False
g026_closure_update,26,closure_update,closure,shuffle_matched_015,North,South,4612,4316,5231, **,other,3,2,-0.1796875,15,3057,False
g026_closure_override,26,closure_override,closure,shuffle_matched_015,North,South,4612,4316,5231, **,other,2,3,0.3359375,15,3057,False
g026_exception_override,26,exception_override,closure,shuffle_matched_015,North,South,4612,4316,5231, **,other,2,3,0.9921875,15,3057,False
g030_closure_update,30,closure_update,closure,shuffle_matched_015,Red,Blue,4075,7640,5231, **,other,2,3,1.03125,15,3057,False
g030_closure_override,30,closure_override,closure,shuffle_matched_015,Red,Blue,4075,7640,5231, **,other,3,2,-0.609375,15,3057,False
g030_exception_override,30,exception_override,closure,shuffle_matched_015,Red,Blue,4075,7640,5231, **,other,3,2,-0.96875,15,3057,False
g031_closure_update,31,closure_update,closure,shuffle_matched_015,Green,Yellow,6724,21730,5231, **,other,2,3,2.2421875,15,3057,False
g031_closure_override,31,closure_override,closure,shuffle_matched_015,Green,Yellow,6724,21730,5231, **,other,1,3,0.8046875,15,3057,False
g031_exception_override,31,exception_override,closure,shuffle_matched_015,Green,Yellow,6724,21730,6724, Green,clean,1,3,1.21875,15,3057,False
g033_closure_update,33,closure_update,closure,shuffle_matched_015,East,West,5571,4589,5571, East,clean,1,3,2.75,15,3057,False
g033_closure_override,33,closure_override,closure,shuffle_matched_015,East,West,5571,4589,5571, East,clean,1,3,0.5234375,15,3057,False
g033_exception_override,33,exception_override,closure,shuffle_matched_015,East,West,5571,4589,5231, **,other,2,3,0.6640625,15,3057,False
g039_closure_update,39,closure_update,closure,shuffle_matched_015,East,West,5571,4589,5231, **,other,2,3,2.1875,15,3057,False
g039_closure_override,39,closure_override,closure,shuffle_matched_015,East,West,5571,4589,5231, **,other,2,3,0.59375,15,3057,False
g039_exception_override,39,exception_override,closure,shuffle_matched_015,East,West,5571,4589,5231, **,other,3,2,-0.1171875,15,3057,False
g040_closure_update,40,closure_update,closure,shuffle_matched_015,Copper,Silver,38315,15934,5231, **,other,2,3,2.03125,15,3057,False
g040_closure_override,40,closure_override,closure,shuffle_matched_015,Copper,Silver,38315,15934,38315, Copper,clean,1,3,1.65625,15,3057,True
g040_exception_override,40,exception_override,closure,shuffle_matched_015,Copper,Silver,38315,15934,5231, **,other,2,3,0.875,15,3057,False
g042_closure_update,42,closure_update,closure,shuffle_matched_015,Red,Blue,4075,7640,5231, **,other,2,3,1.1640625,15,3057,False
g042_closure_override,42,closure_override,closure,shuffle_matched_015,Red,Blue,4075,7640,5231, **,other,3,1,-0.734375,15,3057,False
g042_exception_override,42,exception_override,closure,shuffle_matched_015,Red,Blue,4075,7640,5231, **,other,3,2,-0.203125,15,3057,False
g045_closure_update,45,closure_update,closure,shuffle_matched_015,East,West,5571,4589,5231, **,other,2,4,2.953125,15,3057,False
g045_closure_override,45,closure_override,closure,shuffle_matched_015,East,West,5571,4589,5231, **,other,2,3,0.765625,15,3057,False
g045_exception_override,45,exception_override,closure,shuffle_matched_015,East,West,5571,4589,5231, **,other,2,3,0.78125,15,3057,False
g053_closure_update,53,closure_update,closure,shuffle_matched_015,Gold,Iron,6863,17186,5231, **,other,2,3,1.734375,15,3057,False
g053_closure_override,53,closure_override,closure,shuffle_matched_015,Gold,Iron,6863,17186,5231, **,other,2,3,1.234375,15,3057,False
g053_exception_override,53,exception_override,closure,shuffle_matched_015,Gold,Iron,6863,17186,5231, **,other,2,3,1.109375,15,3057,False
g064_closure_update,64,closure_update,closure,shuffle_matched_015,Copper,Silver,38315,15934,5231, **,other,2,3,1.6328125,15,3057,False
g064_closure_override,64,closure_override,closure,shuffle_matched_015,Copper,Silver,38315,15934,38315, Copper,clean,1,3,1.703125,15,3057,True
g064_exception_override,64,exception_override,closure,shuffle_matched_015,Copper,Silver,38315,15934,38315, Copper,clean,1,3,2.3828125,15,3057,False
g067_closure_update,67,closure_update,closure,shuffle_matched_015,Green,Yellow,6724,21730,5231, **,other,2,3,2.171875,15,3057,False
g067_closure_override,67,closure_override,closure,shuffle_matched_015,Green,Yellow,6724,21730,6724, Green,clean,1,3,0.703125,15,3057,False
g067_exception_override,67,exception_override,closure,shuffle_matched_015,Green,Yellow,6724,21730,5231, **,other,2,3,1.03125,15,3057,False
g068_closure_update,68,closure_update,closure,shuffle_matched_015,North,South,4612,4316,5231, **,other,2,3,0.8203125,15,3057,False
g068_closure_override,68,closure_override,closure,shuffle_matched_015,North,South,4612,4316,4612, North,clean,1,3,1.3203125,15,3057,True
g068_exception_override,68,exception_override,closure,shuffle_matched_015,North,South,4612,4316,4612, North,clean,1,3,1.7578125,15,3057,False
g069_closure_update,69,closure_update,closure,shuffle_matched_015,East,West,5571,4589,5231, **,other,2,4,2.7109375,15,3057,False
g069_closure_override,69,closure_override,closure,shuffle_matched_015,East,West,5571,4589,5231, **,other,2,3,0.71875,15,3057,False
g069_exception_override,69,exception_override,closure,shuffle_matched_015,East,West,5571,4589,5231, **,other,2,3,0.5234375,15,3057,False
g073_closure_update,73,closure_update,closure,shuffle_matched_015,Green,Yellow,6724,21730,5231, **,other,2,3,1.4765625,15,3057,False
g073_closure_override,73,closure_override,closure,shuffle_matched_015,Green,Yellow,6724,21730,5231, **,other,2,3,0.1796875,15,3057,False
g073_exception_override,73,exception_override,closure,shuffle_matched_015,Green,Yellow,6724,21730,5231, **,other,2,3,0.5,15,3057,False
g077_closure_update,77,closure_update,closure,shuffle_matched_015,Gold,Iron,6863,17186,5231, **,other,2,3,2.1015625,15,3057,False
g077_closure_override,77,closure_override,closure,shuffle_matched_015,Gold,Iron,6863,17186,5231, **,other,2,3,0.734375,15,3057,False
g077_exception_override,77,exception_override,closure,shuffle_matched_015,Gold,Iron,6863,17186,5231, **,other,2,3,0.875,15,3057,False
g079_closure_update,79,closure_update,closure,shuffle_matched_015,Green,Yellow,6724,21730,5231, **,other,2,3,1.3984375,15,3057,False
g079_closure_override,79,closure_override,closure,shuffle_matched_015,Green,Yellow,6724,21730,5231, **,other,2,2,0.0,15,3057,False
g079_exception_override,79,exception_override,closure,shuffle_matched_015,Green,Yellow,6724,21730,5231, **,other,2,3,0.4375,15,3057,False
g080_closure_update,80,closure_update,closure,shuffle_matched_015,North,South,4612,4316,5231, **,other,2,3,0.203125,15,3057,False
g080_closure_override,80,closure_override,closure,shuffle_matched_015,North,South,4612,4316,5231, **,other,2,3,0.9140625,15,3057,False
g080_exception_override,80,exception_override,closure,shuffle_matched_015,North,South,4612,4316,5231, **,other,2,3,1.1015625,15,3057,False
g085_closure_update,85,closure_update,closure,shuffle_matched_015,Green,Yellow,6724,21730,5231, **,other,2,3,1.75,15,3057,False
g085_closure_override,85,closure_override,closure,shuffle_matched_015,Green,Yellow,6724,21730,6724, Green,clean,1,3,0.859375,15,3057,True
g085_exception_override,85,exception_override,closure,shuffle_matched_015,Green,Yellow,6724,21730,5231, **,other,2,3,0.359375,15,3057,False
g088_closure_update,88,closure_update,closure,shuffle_matched_015,Copper,Silver,38315,15934,5231, **,other,2,3,2.8046875,15,3057,False
g088_closure_override,88,closure_override,closure,shuffle_matched_015,Copper,Silver,38315,15934,5231, **,other,2,3,0.53125,15,3057,False
g088_exception_override,88,exception_override,closure,shuffle_matched_015,Copper,Silver,38315,15934,5231, **,other,2,3,0.3046875,15,3057,False
g094_closure_update,94,closure_update,closure,shuffle_matched_015,Copper,Silver,38315,15934,5231, **,other,2,4,3.0703125,15,3057,False
g094_closure_override,94,closure_override,closure,shuffle_matched_015,Copper,Silver,38315,15934,38315, Copper,clean,1,3,1.625,15,3057,True
g094_exception_override,94,exception_override,closure,shuffle_matched_015,Copper,Silver,38315,15934,38315, Copper,clean,1,3,1.7421875,15,3057,False
g000_closure_update,0,closure_update,closure,shuffle_matched_016,Red,Blue,4075,7640,5231, **,other,2,3,0.953125,16,3058,False
g000_closure_override,0,closure_override,closure,shuffle_matched_016,Red,Blue,4075,7640,5231, **,other,3,2,-1.1015625,16,3058,False
g000_exception_override,0,exception_override,closure,shuffle_matched_016,Red,Blue,4075,7640,5231, **,other,3,2,-0.5703125,16,3058,False
g004_closure_update,4,closure_update,closure,shuffle_matched_016,Copper,Silver,38315,15934,5231, **,other,2,3,2.4765625,16,3058,False
g004_closure_override,4,closure_override,closure,shuffle_matched_016,Copper,Silver,38315,15934,38315, Copper,clean,1,3,2.328125,16,3058,False
g004_exception_override,4,exception_override,closure,shuffle_matched_016,Copper,Silver,38315,15934,38315, Copper,clean,1,4,2.734375,16,3058,False
g009_closure_update,9,closure_update,closure,shuffle_matched_016,East,West,5571,4589,5231, **,other,2,3,2.875,16,3058,False
g009_closure_override,9,closure_override,closure,shuffle_matched_016,East,West,5571,4589,5231, **,other,2,3,0.140625,16,3058,False
g009_exception_override,9,exception_override,closure,shuffle_matched_016,East,West,5571,4589,5231, **,other,2,3,0.03125,16,3058,False
g010_closure_update,10,closure_update,closure,shuffle_matched_016,Copper,Silver,38315,15934,5231, **,other,2,4,3.296875,16,3058,False
g010_closure_override,10,closure_override,closure,shuffle_matched_016,Copper,Silver,38315,15934,38315, Copper,clean,1,3,1.8046875,16,3058,False
g010_exception_override,10,exception_override,closure,shuffle_matched_016,Copper,Silver,38315,15934,5231, **,other,2,3,0.6875,16,3058,False
g011_closure_update,11,closure_update,closure,shuffle_matched_016,Gold,Iron,6863,17186,5231, **,other,2,3,2.1328125,16,3058,False
g011_closure_override,11,closure_override,closure,shuffle_matched_016,Gold,Iron,6863,17186,5231, **,other,2,3,0.21875,16,3058,False
g011_exception_override,11,exception_override,closure,shuffle_matched_016,Gold,Iron,6863,17186,17186, Iron,conflict,3,1,-0.8359375,16,3058,False
g012_closure_update,12,closure_update,closure,shuffle_matched_016,Red,Blue,4075,7640,5231, **,other,2,3,1.3125,16,3058,False
g012_closure_override,12,closure_override,closure,shuffle_matched_016,Red,Blue,4075,7640,5231, **,other,3,2,-0.828125,16,3058,False
g012_exception_override,12,exception_override,closure,shuffle_matched_016,Red,Blue,4075,7640,5231, **,other,3,2,-0.8125,16,3058,False
g015_closure_update,15,closure_update,closure,shuffle_matched_016,East,West,5571,4589,5231, **,other,2,3,1.2265625,16,3058,False
g015_closure_override,15,closure_override,closure,shuffle_matched_016,East,West,5571,4589,4589, West,conflict,3,1,-1.15625,16,3058,False
g015_exception_override,15,exception_override,closure,shuffle_matched_016,East,West,5571,4589,4589, West,conflict,3,1,-1.609375,16,3058,False
g018_closure_update,18,closure_update,closure,shuffle_matched_016,Red,Blue,4075,7640,5231, **,other,2,3,0.84375,16,3058,False
g018_closure_override,18,closure_override,closure,shuffle_matched_016,Red,Blue,4075,7640,5231, **,other,3,2,-0.890625,16,3058,False
g018_exception_override,18,exception_override,closure,shuffle_matched_016,Red,Blue,4075,7640,5231, **,other,3,2,-1.2578125,16,3058,False
g022_closure_update,22,closure_update,closure,shuffle_matched_016,Copper,Silver,38315,15934,5231, **,other,2,3,2.0234375,16,3058,False
g022_closure_override,22,closure_override,closure,shuffle_matched_016,Copper,Silver,38315,15934,38315, Copper,clean,1,3,1.15625,16,3058,True
g022_exception_override,22,exception_override,closure,shuffle_matched_016,Copper,Silver,38315,15934,38315, Copper,clean,1,4,2.0703125,16,3058,False
g026_closure_update,26,closure_update,closure,shuffle_matched_016,North,South,4612,4316,5231, **,other,3,2,-0.1796875,16,3058,False
g026_closure_override,26,closure_override,closure,shuffle_matched_016,North,South,4612,4316,5231, **,other,2,3,0.296875,16,3058,False
g026_exception_override,26,exception_override,closure,shuffle_matched_016,North,South,4612,4316,5231, **,other,2,3,1.0,16,3058,False
g030_closure_update,30,closure_update,closure,shuffle_matched_016,Red,Blue,4075,7640,5231, **,other,2,3,1.0625,16,3058,False
g030_closure_override,30,closure_override,closure,shuffle_matched_016,Red,Blue,4075,7640,7640, Blue,conflict,3,1,-0.71875,16,3058,False
g030_exception_override,30,exception_override,closure,shuffle_matched_016,Red,Blue,4075,7640,5231, **,other,2,3,0.1328125,16,3058,False
g031_closure_update,31,closure_update,closure,shuffle_matched_016,Green,Yellow,6724,21730,5231, **,other,2,3,2.2421875,16,3058,False
g031_closure_override,31,closure_override,closure,shuffle_matched_016,Green,Yellow,6724,21730,5231, **,other,1,3,0.8359375,16,3058,False
g031_exception_override,31,exception_override,closure,shuffle_matched_016,Green,Yellow,6724,21730,5231, **,other,2,3,0.1640625,16,3058,False
g033_closure_update,33,closure_update,closure,shuffle_matched_016,East,West,5571,4589,5571, East,clean,1,3,2.75,16,3058,False
g033_closure_override,33,closure_override,closure,shuffle_matched_016,East,West,5571,4589,5571, East,clean,1,3,0.609375,16,3058,False
g033_exception_override,33,exception_override,closure,shuffle_matched_016,East,West,5571,4589,5231, **,other,2,3,0.484375,16,3058,False
g039_closure_update,39,closure_update,closure,shuffle_matched_016,East,West,5571,4589,5231, **,other,2,3,2.1875,16,3058,False
g039_closure_override,39,closure_override,closure,shuffle_matched_016,East,West,5571,4589,5571, East,clean,1,3,0.2890625,16,3058,True
g039_exception_override,39,exception_override,closure,shuffle_matched_016,East,West,5571,4589,5231, **,other,2,3,0.421875,16,3058,False
g040_closure_update,40,closure_update,closure,shuffle_matched_016,Copper,Silver,38315,15934,5231, **,other,2,3,2.03125,16,3058,False
g040_closure_override,40,closure_override,closure,shuffle_matched_016,Copper,Silver,38315,15934,38315, Copper,clean,1,3,1.65625,16,3058,True
g040_exception_override,40,exception_override,closure,shuffle_matched_016,Copper,Silver,38315,15934,38315, Copper,clean,1,5,3.125,16,3058,False
g042_closure_update,42,closure_update,closure,shuffle_matched_016,Red,Blue,4075,7640,5231, **,other,2,3,1.1640625,16,3058,False
g042_closure_override,42,closure_override,closure,shuffle_matched_016,Red,Blue,4075,7640,5231, **,other,3,2,-0.3515625,16,3058,False
g042_exception_override,42,exception_override,closure,shuffle_matched_016,Red,Blue,4075,7640,5231, **,other,3,2,-0.015625,16,3058,False
g045_closure_update,45,closure_update,closure,shuffle_matched_016,East,West,5571,4589,5231, **,other,2,4,2.953125,16,3058,False
g045_closure_override,45,closure_override,closure,shuffle_matched_016,East,West,5571,4589,5231, **,other,2,3,0.765625,16,3058,False
g045_exception_override,45,exception_override,closure,shuffle_matched_016,East,West,5571,4589,5231, **,other,2,3,0.78125,16,3058,False
g053_closure_update,53,closure_update,closure,shuffle_matched_016,Gold,Iron,6863,17186,5231, **,other,2,3,1.734375,16,3058,False
g053_closure_override,53,closure_override,closure,shuffle_matched_016,Gold,Iron,6863,17186,5231, **,other,2,3,1.421875,16,3058,False
g053_exception_override,53,exception_override,closure,shuffle_matched_016,Gold,Iron,6863,17186,5231, **,other,2,3,0.4296875,16,3058,False
g064_closure_update,64,closure_update,closure,shuffle_matched_016,Copper,Silver,38315,15934,5231, **,other,2,3,1.6328125,16,3058,False
g064_closure_override,64,closure_override,closure,shuffle_matched_016,Copper,Silver,38315,15934,38315, Copper,clean,1,3,1.3203125,16,3058,True
g064_exception_override,64,exception_override,closure,shuffle_matched_016,Copper,Silver,38315,15934,38315, Copper,clean,1,3,2.3828125,16,3058,False
g067_closure_update,67,closure_update,closure,shuffle_matched_016,Green,Yellow,6724,21730,5231, **,other,2,3,2.171875,16,3058,False
g067_closure_override,67,closure_override,closure,shuffle_matched_016,Green,Yellow,6724,21730,6724, Green,clean,1,3,0.703125,16,3058,False
g067_exception_override,67,exception_override,closure,shuffle_matched_016,Green,Yellow,6724,21730,5231, **,other,2,3,1.03125,16,3058,False
g068_closure_update,68,closure_update,closure,shuffle_matched_016,North,South,4612,4316,5231, **,other,2,3,0.8203125,16,3058,False
g068_closure_override,68,closure_override,closure,shuffle_matched_016,North,South,4612,4316,4612, North,clean,1,3,1.3203125,16,3058,True
g068_exception_override,68,exception_override,closure,shuffle_matched_016,North,South,4612,4316,5231, **,other,2,3,1.4375,16,3058,False
g069_closure_update,69,closure_update,closure,shuffle_matched_016,East,West,5571,4589,5231, **,other,2,4,2.7109375,16,3058,False
g069_closure_override,69,closure_override,closure,shuffle_matched_016,East,West,5571,4589,5231, **,other,2,3,0.3125,16,3058,False
g069_exception_override,69,exception_override,closure,shuffle_matched_016,East,West,5571,4589,5231, **,other,2,3,0.5234375,16,3058,False
g073_closure_update,73,closure_update,closure,shuffle_matched_016,Green,Yellow,6724,21730,5231, **,other,2,3,1.4765625,16,3058,False
g073_closure_override,73,closure_override,closure,shuffle_matched_016,Green,Yellow,6724,21730,5231, **,other,2,3,0.1796875,16,3058,False
g073_exception_override,73,exception_override,closure,shuffle_matched_016,Green,Yellow,6724,21730,5231, **,other,3,2,-0.4140625,16,3058,False
g077_closure_update,77,closure_update,closure,shuffle_matched_016,Gold,Iron,6863,17186,5231, **,other,2,3,2.1015625,16,3058,False
g077_closure_override,77,closure_override,closure,shuffle_matched_016,Gold,Iron,6863,17186,5231, **,other,2,3,0.6640625,16,3058,False
g077_exception_override,77,exception_override,closure,shuffle_matched_016,Gold,Iron,6863,17186,5231, **,other,2,3,0.875,16,3058,False
g079_closure_update,79,closure_update,closure,shuffle_matched_016,Green,Yellow,6724,21730,5231, **,other,2,3,1.3984375,16,3058,False
g079_closure_override,79,closure_override,closure,shuffle_matched_016,Green,Yellow,6724,21730,5231, **,other,3,2,-0.34375,16,3058,False
g079_exception_override,79,exception_override,closure,shuffle_matched_016,Green,Yellow,6724,21730,5231, **,other,3,2,-0.53125,16,3058,False
g080_closure_update,80,closure_update,closure,shuffle_matched_016,North,South,4612,4316,5231, **,other,2,3,0.203125,16,3058,False
g080_closure_override,80,closure_override,closure,shuffle_matched_016,North,South,4612,4316,4612, North,clean,1,3,0.9921875,16,3058,True
g080_exception_override,80,exception_override,closure,shuffle_matched_016,North,South,4612,4316,5231, **,other,3,2,-0.296875,16,3058,False
g085_closure_update,85,closure_update,closure,shuffle_matched_016,Green,Yellow,6724,21730,5231, **,other,2,3,1.7421875,16,3058,False
g085_closure_override,85,closure_override,closure,shuffle_matched_016,Green,Yellow,6724,21730,6724, Green,clean,1,3,0.84375,16,3058,True
g085_exception_override,85,exception_override,closure,shuffle_matched_016,Green,Yellow,6724,21730,5231, **,other,2,3,0.546875,16,3058,False
g088_closure_update,88,closure_update,closure,shuffle_matched_016,Copper,Silver,38315,15934,5231, **,other,2,3,2.8046875,16,3058,False
g088_closure_override,88,closure_override,closure,shuffle_matched_016,Copper,Silver,38315,15934,38315, Copper,clean,1,3,1.390625,16,3058,True
g088_exception_override,88,exception_override,closure,shuffle_matched_016,Copper,Silver,38315,15934,38315, Copper,clean,1,3,1.5078125,16,3058,False
g094_closure_update,94,closure_update,closure,shuffle_matched_016,Copper,Silver,38315,15934,5231, **,other,2,4,3.0703125,16,3058,False
g094_closure_override,94,closure_override,closure,shuffle_matched_016,Copper,Silver,38315,15934,5231, **,other,2,3,0.609375,16,3058,False
g094_exception_override,94,exception_override,closure,shuffle_matched_016,Copper,Silver,38315,15934,38315, Copper,clean,1,3,1.359375,16,3058,False
g000_closure_update,0,closure_update,closure,shuffle_matched_017,Red,Blue,4075,7640,5231, **,other,2,3,0.9921875,17,3059,False
g000_closure_override,0,closure_override,closure,shuffle_matched_017,Red,Blue,4075,7640,5231, **,other,3,2,-1.1015625,17,3059,False
g000_exception_override,0,exception_override,closure,shuffle_matched_017,Red,Blue,4075,7640,5231, **,other,3,2,-0.8515625,17,3059,False
g004_closure_update,4,closure_update,closure,shuffle_matched_017,Copper,Silver,38315,15934,5231, **,other,2,3,2.4765625,17,3059,False
g004_closure_override,4,closure_override,closure,shuffle_matched_017,Copper,Silver,38315,15934,38315, Copper,clean,1,3,2.3046875,17,3059,False
g004_exception_override,4,exception_override,closure,shuffle_matched_017,Copper,Silver,38315,15934,38315, Copper,clean,1,4,2.734375,17,3059,False
g009_closure_update,9,closure_update,closure,shuffle_matched_017,East,West,5571,4589,5231, **,other,2,3,2.875,17,3059,False
g009_closure_override,9,closure_override,closure,shuffle_matched_017,East,West,5571,4589,5231, **,other,2,3,0.5625,17,3059,False
g009_exception_override,9,exception_override,closure,shuffle_matched_017,East,West,5571,4589,5231, **,other,2,3,0.296875,17,3059,False
g010_closure_update,10,closure_update,closure,shuffle_matched_017,Copper,Silver,38315,15934,5231, **,other,2,4,3.296875,17,3059,False
g010_closure_override,10,closure_override,closure,shuffle_matched_017,Copper,Silver,38315,15934,38315, Copper,clean,1,3,1.8359375,17,3059,False
g010_exception_override,10,exception_override,closure,shuffle_matched_017,Copper,Silver,38315,15934,38315, Copper,clean,1,3,1.03125,17,3059,False
g011_closure_update,11,closure_update,closure,shuffle_matched_017,Gold,Iron,6863,17186,5231, **,other,2,3,2.109375,17,3059,False
g011_closure_override,11,closure_override,closure,shuffle_matched_017,Gold,Iron,6863,17186,5231, **,other,2,3,0.21875,17,3059,False
g011_exception_override,11,exception_override,closure,shuffle_matched_017,Gold,Iron,6863,17186,5231, **,other,3,2,-1.1484375,17,3059,False
g012_closure_update,12,closure_update,closure,shuffle_matched_017,Red,Blue,4075,7640,5231, **,other,2,3,1.0703125,17,3059,False
g012_closure_override,12,closure_override,closure,shuffle_matched_017,Red,Blue,4075,7640,5231, **,other,3,1,-1.015625,17,3059,False
g012_exception_override,12,exception_override,closure,shuffle_matched_017,Red,Blue,4075,7640,5231, **,other,3,2,-0.390625,17,3059,False
g015_closure_update,15,closure_update,closure,shuffle_matched_017,East,West,5571,4589,5231, **,other,2,3,1.2265625,17,3059,False
g015_closure_override,15,closure_override,closure,shuffle_matched_017,East,West,5571,4589,4589, West,conflict,3,1,-1.3359375,17,3059,False
g015_exception_override,15,exception_override,closure,shuffle_matched_017,East,West,5571,4589,5231, **,other,3,2,-0.921875,17,3059,False
g018_closure_update,18,closure_update,closure,shuffle_matched_017,Red,Blue,4075,7640,5231, **,other,2,3,0.84375,17,3059,False
g018_closure_override,18,closure_override,closure,shuffle_matched_017,Red,Blue,4075,7640,5231, **,other,3,2,-1.1953125,17,3059,False
g018_exception_override,18,exception_override,closure,shuffle_matched_017,Red,Blue,4075,7640,5231, **,other,3,2,-0.5,17,3059,False
g022_closure_update,22,closure_update,closure,shuffle_matched_017,Copper,Silver,38315,15934,5231, **,other,2,3,2.0234375,17,3059,False
g022_closure_override,22,closure_override,closure,shuffle_matched_017,Copper,Silver,38315,15934,38315, Copper,clean,1,3,1.3359375,17,3059,True
g022_exception_override,22,exception_override,closure,shuffle_matched_017,Copper,Silver,38315,15934,38315, Copper,clean,1,4,2.0703125,17,3059,False
g026_closure_update,26,closure_update,closure,shuffle_matched_017,North,South,4612,4316,5231, **,other,3,2,-0.1796875,17,3059,False
g026_closure_override,26,closure_override,closure,shuffle_matched_017,North,South,4612,4316,5231, **,other,2,3,0.265625,17,3059,False
g026_exception_override,26,exception_override,closure,shuffle_matched_017,North,South,4612,4316,5231, **,other,2,3,0.625,17,3059,False
g030_closure_update,30,closure_update,closure,shuffle_matched_017,Red,Blue,4075,7640,5231, **,other,2,3,1.046875,17,3059,False
g030_closure_override,30,closure_override,closure,shuffle_matched_017,Red,Blue,4075,7640,5231, **,other,3,2,-0.6328125,17,3059,False
g030_exception_override,30,exception_override,closure,shuffle_matched_017,Red,Blue,4075,7640,5231, **,other,3,2,-0.96875,17,3059,False
g031_closure_update,31,closure_update,closure,shuffle_matched_017,Green,Yellow,6724,21730,5231, **,other,2,3,2.2421875,17,3059,False
g031_closure_override,31,closure_override,closure,shuffle_matched_017,Green,Yellow,6724,21730,5231, **,other,1,3,0.8359375,17,3059,False
g031_exception_override,31,exception_override,closure,shuffle_matched_017,Green,Yellow,6724,21730,6724, Green,clean,1,3,1.265625,17,3059,False
g033_closure_update,33,closure_update,closure,shuffle_matched_017,East,West,5571,4589,5571, East,clean,1,3,2.75,17,3059,False
g033_closure_override,33,closure_override,closure,shuffle_matched_017,East,West,5571,4589,5571, East,clean,1,3,0.859375,17,3059,False
g033_exception_override,33,exception_override,closure,shuffle_matched_017,East,West,5571,4589,5231, **,other,2,3,0.453125,17,3059,False
g039_closure_update,39,closure_update,closure,shuffle_matched_017,East,West,5571,4589,5231, **,other,2,3,2.1875,17,3059,False
g039_closure_override,39,closure_override,closure,shuffle_matched_017,East,West,5571,4589,5571, East,clean,1,3,0.3125,17,3059,True
g039_exception_override,39,exception_override,closure,shuffle_matched_017,East,West,5571,4589,5231, **,other,3,2,-0.0703125,17,3059,False
g040_closure_update,40,closure_update,closure,shuffle_matched_017,Copper,Silver,38315,15934,5231, **,other,2,3,2.03125,17,3059,False
g040_closure_override,40,closure_override,closure,shuffle_matched_017,Copper,Silver,38315,15934,38315, Copper,clean,1,3,1.65625,17,3059,True
g040_exception_override,40,exception_override,closure,shuffle_matched_017,Copper,Silver,38315,15934,38315, Copper,clean,1,3,2.3984375,17,3059,False
g042_closure_update,42,closure_update,closure,shuffle_matched_017,Red,Blue,4075,7640,5231, **,other,2,3,1.1640625,17,3059,False
g042_closure_override,42,closure_override,closure,shuffle_matched_017,Red,Blue,4075,7640,5231, **,other,3,2,-0.5546875,17,3059,False
g042_exception_override,42,exception_override,closure,shuffle_matched_017,Red,Blue,4075,7640,5231, **,other,3,2,-0.03125,17,3059,False
g045_closure_update,45,closure_update,closure,shuffle_matched_017,East,West,5571,4589,5231, **,other,2,4,2.953125,17,3059,False
g045_closure_override,45,closure_override,closure,shuffle_matched_017,East,West,5571,4589,5231, **,other,2,3,0.5546875,17,3059,False
g045_exception_override,45,exception_override,closure,shuffle_matched_017,East,West,5571,4589,5231, **,other,2,3,0.6875,17,3059,False
g053_closure_update,53,closure_update,closure,shuffle_matched_017,Gold,Iron,6863,17186,5231, **,other,2,3,1.734375,17,3059,False
g053_closure_override,53,closure_override,closure,shuffle_matched_017,Gold,Iron,6863,17186,5231, **,other,2,3,1.3359375,17,3059,False
g053_exception_override,53,exception_override,closure,shuffle_matched_017,Gold,Iron,6863,17186,5231, **,other,2,4,1.2890625,17,3059,False
g064_closure_update,64,closure_update,closure,shuffle_matched_017,Copper,Silver,38315,15934,5231, **,other,2,3,1.6328125,17,3059,False
g064_closure_override,64,closure_override,closure,shuffle_matched_017,Copper,Silver,38315,15934,38315, Copper,clean,1,3,1.3359375,17,3059,True
g064_exception_override,64,exception_override,closure,shuffle_matched_017,Copper,Silver,38315,15934,38315, Copper,clean,1,3,2.3984375,17,3059,False
g067_closure_update,67,closure_update,closure,shuffle_matched_017,Green,Yellow,6724,21730,5231, **,other,2,3,2.171875,17,3059,False
g067_closure_override,67,closure_override,closure,shuffle_matched_017,Green,Yellow,6724,21730,5231, **,other,1,3,0.84375,17,3059,False
g067_exception_override,67,exception_override,closure,shuffle_matched_017,Green,Yellow,6724,21730,5231, **,other,2,3,0.0390625,17,3059,False
g068_closure_update,68,closure_update,closure,shuffle_matched_017,North,South,4612,4316,5231, **,other,2,3,0.8203125,17,3059,False
g068_closure_override,68,closure_override,closure,shuffle_matched_017,North,South,4612,4316,4612, North,clean,1,3,1.3125,17,3059,True
g068_exception_override,68,exception_override,closure,shuffle_matched_017,North,South,4612,4316,5231, **,other,2,3,1.4140625,17,3059,False
g069_closure_update,69,closure_update,closure,shuffle_matched_017,East,West,5571,4589,5231, **,other,2,4,2.7109375,17,3059,False
g069_closure_override,69,closure_override,closure,shuffle_matched_017,East,West,5571,4589,5231, **,other,2,3,0.6875,17,3059,False
g069_exception_override,69,exception_override,closure,shuffle_matched_017,East,West,5571,4589,5231, **,other,2,3,0.546875,17,3059,False
g073_closure_update,73,closure_update,closure,shuffle_matched_017,Green,Yellow,6724,21730,5231, **,other,2,3,1.4765625,17,3059,False
g073_closure_override,73,closure_override,closure,shuffle_matched_017,Green,Yellow,6724,21730,5231, **,other,2,3,0.1796875,17,3059,False
g073_exception_override,73,exception_override,closure,shuffle_matched_017,Green,Yellow,6724,21730,5231, **,other,3,2,-0.4453125,17,3059,False
g077_closure_update,77,closure_update,closure,shuffle_matched_017,Gold,Iron,6863,17186,5231, **,other,2,3,2.1015625,17,3059,False
g077_closure_override,77,closure_override,closure,shuffle_matched_017,Gold,Iron,6863,17186,5231, **,other,2,3,0.71875,17,3059,False
g077_exception_override,77,exception_override,closure,shuffle_matched_017,Gold,Iron,6863,17186,5231, **,other,2,3,0.90625,17,3059,False
g079_closure_update,79,closure_update,closure,shuffle_matched_017,Green,Yellow,6724,21730,5231, **,other,2,3,1.3984375,17,3059,False
g079_closure_override,79,closure_override,closure,shuffle_matched_017,Green,Yellow,6724,21730,5231, **,other,2,3,0.0234375,17,3059,False
g079_exception_override,79,exception_override,closure,shuffle_matched_017,Green,Yellow,6724,21730,5231, **,other,2,3,0.421875,17,3059,False
g080_closure_update,80,closure_update,closure,shuffle_matched_017,North,South,4612,4316,5231, **,other,2,3,0.203125,17,3059,False
g080_closure_override,80,closure_override,closure,shuffle_matched_017,North,South,4612,4316,4612, North,clean,1,3,0.9453125,17,3059,True
g080_exception_override,80,exception_override,closure,shuffle_matched_017,North,South,4612,4316,5231, **,other,3,2,-0.296875,17,3059,False
g085_closure_update,85,closure_update,closure,shuffle_matched_017,Green,Yellow,6724,21730,5231, **,other,2,3,1.75,17,3059,False
g085_closure_override,85,closure_override,closure,shuffle_matched_017,Green,Yellow,6724,21730,6724, Green,clean,1,3,0.828125,17,3059,True
g085_exception_override,85,exception_override,closure,shuffle_matched_017,Green,Yellow,6724,21730,5231, **,other,2,3,0.546875,17,3059,False
g088_closure_update,88,closure_update,closure,shuffle_matched_017,Copper,Silver,38315,15934,5231, **,other,2,3,2.8046875,17,3059,False
g088_closure_override,88,closure_override,closure,shuffle_matched_017,Copper,Silver,38315,15934,38315, Copper,clean,1,3,1.671875,17,3059,True
g088_exception_override,88,exception_override,closure,shuffle_matched_017,Copper,Silver,38315,15934,38315, Copper,clean,1,3,1.5078125,17,3059,False
g094_closure_update,94,closure_update,closure,shuffle_matched_017,Copper,Silver,38315,15934,5231, **,other,2,4,3.0703125,17,3059,False
g094_closure_override,94,closure_override,closure,shuffle_matched_017,Copper,Silver,38315,15934,38315, Copper,clean,1,3,1.6171875,17,3059,True
g094_exception_override,94,exception_override,closure,shuffle_matched_017,Copper,Silver,38315,15934,38315, Copper,clean,1,3,1.7421875,17,3059,False
g000_closure_update,0,closure_update,closure,shuffle_matched_018,Red,Blue,4075,7640,5231, **,other,2,3,0.953125,18,3060,False
g000_closure_override,0,closure_override,closure,shuffle_matched_018,Red,Blue,4075,7640,5231, **,other,3,2,-0.734375,18,3060,False
g000_exception_override,0,exception_override,closure,shuffle_matched_018,Red,Blue,4075,7640,5231, **,other,3,2,-0.609375,18,3060,False
g004_closure_update,4,closure_update,closure,shuffle_matched_018,Copper,Silver,38315,15934,5231, **,other,2,3,2.4765625,18,3060,False
g004_closure_override,4,closure_override,closure,shuffle_matched_018,Copper,Silver,38315,15934,38315, Copper,clean,1,3,1.9765625,18,3060,False
g004_exception_override,4,exception_override,closure,shuffle_matched_018,Copper,Silver,38315,15934,38315, Copper,clean,1,3,2.0859375,18,3060,False
g009_closure_update,9,closure_update,closure,shuffle_matched_018,East,West,5571,4589,5231, **,other,2,3,2.875,18,3060,False
g009_closure_override,9,closure_override,closure,shuffle_matched_018,East,West,5571,4589,5231, **,other,2,3,0.6015625,18,3060,False
g009_exception_override,9,exception_override,closure,shuffle_matched_018,East,West,5571,4589,5231, **,other,2,3,0.296875,18,3060,False
g010_closure_update,10,closure_update,closure,shuffle_matched_018,Copper,Silver,38315,15934,5231, **,other,2,4,3.296875,18,3060,False
g010_closure_override,10,closure_override,closure,shuffle_matched_018,Copper,Silver,38315,15934,38315, Copper,clean,1,3,1.5234375,18,3060,False
g010_exception_override,10,exception_override,closure,shuffle_matched_018,Copper,Silver,38315,15934,38315, Copper,clean,1,3,1.3046875,18,3060,False
g011_closure_update,11,closure_update,closure,shuffle_matched_018,Gold,Iron,6863,17186,5231, **,other,2,3,2.1328125,18,3060,False
g011_closure_override,11,closure_override,closure,shuffle_matched_018,Gold,Iron,6863,17186,5231, **,other,2,3,0.21875,18,3060,False
g011_exception_override,11,exception_override,closure,shuffle_matched_018,Gold,Iron,6863,17186,5231, **,other,3,2,-0.578125,18,3060,False
g012_closure_update,12,closure_update,closure,shuffle_matched_018,Red,Blue,4075,7640,5231, **,other,2,3,1.0703125,18,3060,False
g012_closure_override,12,closure_override,closure,shuffle_matched_018,Red,Blue,4075,7640,5231, **,other,3,1,-1.015625,18,3060,False
g012_exception_override,12,exception_override,closure,shuffle_matched_018,Red,Blue,4075,7640,5231, **,other,3,2,-0.78125,18,3060,False
g015_closure_update,15,closure_update,closure,shuffle_matched_018,East,West,5571,4589,5231, **,other,2,3,1.2265625,18,3060,False
g015_closure_override,15,closure_override,closure,shuffle_matched_018,East,West,5571,4589,4589, West,conflict,3,1,-1.3359375,18,3060,False
g015_exception_override,15,exception_override,closure,shuffle_matched_018,East,West,5571,4589,5231, **,other,3,2,-0.953125,18,3060,False
g018_closure_update,18,closure_update,closure,shuffle_matched_018,Red,Blue,4075,7640,5231, **,other,2,3,0.84375,18,3060,False
g018_closure_override,18,closure_override,closure,shuffle_matched_018,Red,Blue,4075,7640,7640, Blue,conflict,3,1,-0.9765625,18,3060,False
g018_exception_override,18,exception_override,closure,shuffle_matched_018,Red,Blue,4075,7640,5231, **,other,3,2,-0.4765625,18,3060,False
g022_closure_update,22,closure_update,closure,shuffle_matched_018,Copper,Silver,38315,15934,5231, **,other,2,3,2.0234375,18,3060,False
g022_closure_override,22,closure_override,closure,shuffle_matched_018,Copper,Silver,38315,15934,38315, Copper,clean,1,3,1.3359375,18,3060,True
g022_exception_override,22,exception_override,closure,shuffle_matched_018,Copper,Silver,38315,15934,38315, Copper,clean,1,4,2.1015625,18,3060,False
g026_closure_update,26,closure_update,closure,shuffle_matched_018,North,South,4612,4316,5231, **,other,3,2,-0.1796875,18,3060,False
g026_closure_override,26,closure_override,closure,shuffle_matched_018,North,South,4612,4316,5231, **,other,3,2,-0.640625,18,3060,False
g026_exception_override,26,exception_override,closure,shuffle_matched_018,North,South,4612,4316,5231, **,other,3,2,-0.5546875,18,3060,False
g030_closure_update,30,closure_update,closure,shuffle_matched_018,Red,Blue,4075,7640,5231, **,other,2,3,1.0625,18,3060,False
g030_closure_override,30,closure_override,closure,shuffle_matched_018,Red,Blue,4075,7640,5231, **,other,3,2,-0.6171875,18,3060,False
g030_exception_override,30,exception_override,closure,shuffle_matched_018,Red,Blue,4075,7640,5231, **,other,3,2,-0.96875,18,3060,False
g031_closure_update,31,closure_update,closure,shuffle_matched_018,Green,Yellow,6724,21730,5231, **,other,2,3,2.171875,18,3060,False
g031_closure_override,31,closure_override,closure,shuffle_matched_018,Green,Yellow,6724,21730,5231, **,other,1,3,0.8359375,18,3060,False
g031_exception_override,31,exception_override,closure,shuffle_matched_018,Green,Yellow,6724,21730,5231, **,other,2,3,0.984375,18,3060,False
g033_closure_update,33,closure_update,closure,shuffle_matched_018,East,West,5571,4589,5571, East,clean,1,3,2.75,18,3060,False
g033_closure_override,33,closure_override,closure,shuffle_matched_018,East,West,5571,4589,5571, East,clean,1,3,0.7109375,18,3060,False
g033_exception_override,33,exception_override,closure,shuffle_matched_018,East,West,5571,4589,5231, **,other,2,3,0.484375,18,3060,False
g039_closure_update,39,closure_update,closure,shuffle_matched_018,East,West,5571,4589,5231, **,other,2,3,2.1875,18,3060,False
g039_closure_override,39,closure_override,closure,shuffle_matched_018,East,West,5571,4589,5571, East,clean,1,3,0.5625,18,3060,True
g039_exception_override,39,exception_override,closure,shuffle_matched_018,East,West,5571,4589,5231, **,other,3,2,-0.1171875,18,3060,False
g040_closure_update,40,closure_update,closure,shuffle_matched_018,Copper,Silver,38315,15934,5231, **,other,2,3,2.03125,18,3060,False
g040_closure_override,40,closure_override,closure,shuffle_matched_018,Copper,Silver,38315,15934,38315, Copper,clean,1,3,1.65625,18,3060,True
g040_exception_override,40,exception_override,closure,shuffle_matched_018,Copper,Silver,38315,15934,5231, **,other,2,3,0.875,18,3060,False
g042_closure_update,42,closure_update,closure,shuffle_matched_018,Red,Blue,4075,7640,5231, **,other,2,3,1.1640625,18,3060,False
g042_closure_override,42,closure_override,closure,shuffle_matched_018,Red,Blue,4075,7640,5231, **,other,3,2,-0.484375,18,3060,False
g042_exception_override,42,exception_override,closure,shuffle_matched_018,Red,Blue,4075,7640,5231, **,other,3,2,-0.015625,18,3060,False
g045_closure_update,45,closure_update,closure,shuffle_matched_018,East,West,5571,4589,5231, **,other,2,4,2.953125,18,3060,False
g045_closure_override,45,closure_override,closure,shuffle_matched_018,East,West,5571,4589,5231, **,other,2,3,0.765625,18,3060,False
g045_exception_override,45,exception_override,closure,shuffle_matched_018,East,West,5571,4589,5231, **,other,2,3,0.765625,18,3060,False
g053_closure_update,53,closure_update,closure,shuffle_matched_018,Gold,Iron,6863,17186,5231, **,other,2,3,1.734375,18,3060,False
g053_closure_override,53,closure_override,closure,shuffle_matched_018,Gold,Iron,6863,17186,5231, **,other,1,3,1.59375,18,3060,False
g053_exception_override,53,exception_override,closure,shuffle_matched_018,Gold,Iron,6863,17186,5231, **,other,2,4,1.2890625,18,3060,False
g064_closure_update,64,closure_update,closure,shuffle_matched_018,Copper,Silver,38315,15934,5231, **,other,2,3,1.6328125,18,3060,False
g064_closure_override,64,closure_override,closure,shuffle_matched_018,Copper,Silver,38315,15934,38315, Copper,clean,1,3,1.703125,18,3060,True
g064_exception_override,64,exception_override,closure,shuffle_matched_018,Copper,Silver,38315,15934,38315, Copper,clean,1,3,1.765625,18,3060,False
g067_closure_update,67,closure_update,closure,shuffle_matched_018,Green,Yellow,6724,21730,5231, **,other,2,3,2.171875,18,3060,False
g067_closure_override,67,closure_override,closure,shuffle_matched_018,Green,Yellow,6724,21730,6724, Green,clean,1,3,0.6953125,18,3060,False
g067_exception_override,67,exception_override,closure,shuffle_matched_018,Green,Yellow,6724,21730,5231, **,other,2,3,0.0625,18,3060,False
g068_closure_update,68,closure_update,closure,shuffle_matched_018,North,South,4612,4316,5231, **,other,2,3,0.8203125,18,3060,False
g068_closure_override,68,closure_override,closure,shuffle_matched_018,North,South,4612,4316,5231, **,other,2,3,1.2734375,18,3060,False
g068_exception_override,68,exception_override,closure,shuffle_matched_018,North,South,4612,4316,5231, **,other,2,3,1.4375,18,3060,False
g069_closure_update,69,closure_update,closure,shuffle_matched_018,East,West,5571,4589,5231, **,other,2,4,2.7109375,18,3060,False
g069_closure_override,69,closure_override,closure,shuffle_matched_018,East,West,5571,4589,5231, **,other,2,3,0.5703125,18,3060,False
g069_exception_override,69,exception_override,closure,shuffle_matched_018,East,West,5571,4589,5231, **,other,2,3,0.546875,18,3060,False
g073_closure_update,73,closure_update,closure,shuffle_matched_018,Green,Yellow,6724,21730,5231, **,other,2,3,1.4765625,18,3060,False
g073_closure_override,73,closure_override,closure,shuffle_matched_018,Green,Yellow,6724,21730,5231, **,other,2,3,0.1796875,18,3060,False
g073_exception_override,73,exception_override,closure,shuffle_matched_018,Green,Yellow,6724,21730,5231, **,other,2,3,0.5,18,3060,False
g077_closure_update,77,closure_update,closure,shuffle_matched_018,Gold,Iron,6863,17186,5231, **,other,2,3,2.1015625,18,3060,False
g077_closure_override,77,closure_override,closure,shuffle_matched_018,Gold,Iron,6863,17186,5231, **,other,2,3,0.734375,18,3060,False
g077_exception_override,77,exception_override,closure,shuffle_matched_018,Gold,Iron,6863,17186,5231, **,other,2,3,0.875,18,3060,False
g079_closure_update,79,closure_update,closure,shuffle_matched_018,Green,Yellow,6724,21730,5231, **,other,2,3,1.3984375,18,3060,False
g079_closure_override,79,closure_override,closure,shuffle_matched_018,Green,Yellow,6724,21730,21730, Yellow,conflict,2,1,-0.203125,18,3060,False
g079_exception_override,79,exception_override,closure,shuffle_matched_018,Green,Yellow,6724,21730,5231, **,other,3,2,-0.5234375,18,3060,False
g080_closure_update,80,closure_update,closure,shuffle_matched_018,North,South,4612,4316,5231, **,other,2,3,0.203125,18,3060,False
g080_closure_override,80,closure_override,closure,shuffle_matched_018,North,South,4612,4316,4612, North,clean,1,3,0.9453125,18,3060,True
g080_exception_override,80,exception_override,closure,shuffle_matched_018,North,South,4612,4316,4612, North,clean,1,3,1.484375,18,3060,True
g085_closure_update,85,closure_update,closure,shuffle_matched_018,Green,Yellow,6724,21730,5231, **,other,2,3,1.734375,18,3060,False
g085_closure_override,85,closure_override,closure,shuffle_matched_018,Green,Yellow,6724,21730,5231, **,other,1,3,0.8203125,18,3060,False
g085_exception_override,85,exception_override,closure,shuffle_matched_018,Green,Yellow,6724,21730,5231, **,other,2,3,0.5390625,18,3060,False
g088_closure_update,88,closure_update,closure,shuffle_matched_018,Copper,Silver,38315,15934,5231, **,other,2,3,2.8046875,18,3060,False
g088_closure_override,88,closure_override,closure,shuffle_matched_018,Copper,Silver,38315,15934,38315, Copper,clean,1,3,0.953125,18,3060,True
g088_exception_override,88,exception_override,closure,shuffle_matched_018,Copper,Silver,38315,15934,38315, Copper,clean,1,3,1.25,18,3060,False
g094_closure_update,94,closure_update,closure,shuffle_matched_018,Copper,Silver,38315,15934,5231, **,other,2,4,3.0703125,18,3060,False
g094_closure_override,94,closure_override,closure,shuffle_matched_018,Copper,Silver,38315,15934,38315, Copper,clean,1,3,1.6171875,18,3060,True
g094_exception_override,94,exception_override,closure,shuffle_matched_018,Copper,Silver,38315,15934,38315, Copper,clean,1,3,1.7421875,18,3060,False
g000_closure_update,0,closure_update,closure,shuffle_matched_019,Red,Blue,4075,7640,5231, **,other,2,3,0.953125,19,3061,False
g000_closure_override,0,closure_override,closure,shuffle_matched_019,Red,Blue,4075,7640,5231, **,other,3,2,-1.1015625,19,3061,False
g000_exception_override,0,exception_override,closure,shuffle_matched_019,Red,Blue,4075,7640,5231, **,other,3,2,-0.5703125,19,3061,False
g004_closure_update,4,closure_update,closure,shuffle_matched_019,Copper,Silver,38315,15934,5231, **,other,2,3,2.4765625,19,3061,False
g004_closure_override,4,closure_override,closure,shuffle_matched_019,Copper,Silver,38315,15934,38315, Copper,clean,1,3,2.0078125,19,3061,False
g004_exception_override,4,exception_override,closure,shuffle_matched_019,Copper,Silver,38315,15934,38315, Copper,clean,1,3,2.0859375,19,3061,False
g009_closure_update,9,closure_update,closure,shuffle_matched_019,East,West,5571,4589,5231, **,other,2,3,2.875,19,3061,False
g009_closure_override,9,closure_override,closure,shuffle_matched_019,East,West,5571,4589,5231, **,other,2,3,0.140625,19,3061,False
g009_exception_override,9,exception_override,closure,shuffle_matched_019,East,West,5571,4589,5231, **,other,2,3,0.296875,19,3061,False
g010_closure_update,10,closure_update,closure,shuffle_matched_019,Copper,Silver,38315,15934,5231, **,other,2,4,3.296875,19,3061,False
g010_closure_override,10,closure_override,closure,shuffle_matched_019,Copper,Silver,38315,15934,38315, Copper,clean,1,3,1.828125,19,3061,False
g010_exception_override,10,exception_override,closure,shuffle_matched_019,Copper,Silver,38315,15934,38315, Copper,clean,1,3,1.03125,19,3061,False
g011_closure_update,11,closure_update,closure,shuffle_matched_019,Gold,Iron,6863,17186,5231, **,other,2,3,2.1328125,19,3061,False
g011_closure_override,11,closure_override,closure,shuffle_matched_019,Gold,Iron,6863,17186,5231, **,other,2,3,0.4765625,19,3061,False
g011_exception_override,11,exception_override,closure,shuffle_matched_019,Gold,Iron,6863,17186,17186, Iron,conflict,3,1,-0.59375,19,3061,False
g012_closure_update,12,closure_update,closure,shuffle_matched_019,Red,Blue,4075,7640,5231, **,other,2,3,1.0703125,19,3061,False
g012_closure_override,12,closure_override,closure,shuffle_matched_019,Red,Blue,4075,7640,5231, **,other,3,2,-0.890625,19,3061,False
g012_exception_override,12,exception_override,closure,shuffle_matched_019,Red,Blue,4075,7640,5231, **,other,3,2,-0.96875,19,3061,False
g015_closure_update,15,closure_update,closure,shuffle_matched_019,East,West,5571,4589,5231, **,other,2,3,1.2265625,19,3061,False
g015_closure_override,15,closure_override,closure,shuffle_matched_019,East,West,5571,4589,4589, West,conflict,3,1,-1.359375,19,3061,False
g015_exception_override,15,exception_override,closure,shuffle_matched_019,East,West,5571,4589,4589, West,conflict,3,1,-1.515625,19,3061,False
g018_closure_update,18,closure_update,closure,shuffle_matched_019,Red,Blue,4075,7640,5231, **,other,2,3,0.84375,19,3061,False
g018_closure_override,18,closure_override,closure,shuffle_matched_019,Red,Blue,4075,7640,5231, **,other,3,2,-0.875,19,3061,False
g018_exception_override,18,exception_override,closure,shuffle_matched_019,Red,Blue,4075,7640,5231, **,other,3,2,-0.453125,19,3061,False
g022_closure_update,22,closure_update,closure,shuffle_matched_019,Copper,Silver,38315,15934,5231, **,other,2,3,2.0234375,19,3061,False
g022_closure_override,22,closure_override,closure,shuffle_matched_019,Copper,Silver,38315,15934,38315, Copper,clean,1,3,1.296875,19,3061,True
g022_exception_override,22,exception_override,closure,shuffle_matched_019,Copper,Silver,38315,15934,5231, **,other,2,3,0.3359375,19,3061,False
g026_closure_update,26,closure_update,closure,shuffle_matched_019,North,South,4612,4316,5231, **,other,3,2,-0.1796875,19,3061,False
g026_closure_override,26,closure_override,closure,shuffle_matched_019,North,South,4612,4316,5231, **,other,2,3,0.3359375,19,3061,False
g026_exception_override,26,exception_override,closure,shuffle_matched_019,North,South,4612,4316,5231, **,other,3,2,-0.5546875,19,3061,False
g030_closure_update,30,closure_update,closure,shuffle_matched_019,Red,Blue,4075,7640,5231, **,other,2,3,1.046875,19,3061,False
g030_closure_override,30,closure_override,closure,shuffle_matched_019,Red,Blue,4075,7640,5231, **,other,3,2,-0.6171875,19,3061,False
g030_exception_override,30,exception_override,closure,shuffle_matched_019,Red,Blue,4075,7640,5231, **,other,2,3,0.1328125,19,3061,False
g031_closure_update,31,closure_update,closure,shuffle_matched_019,Green,Yellow,6724,21730,5231, **,other,2,3,2.2421875,19,3061,False
g031_closure_override,31,closure_override,closure,shuffle_matched_019,Green,Yellow,6724,21730,6724, Green,clean,1,3,0.6640625,19,3061,False
g031_exception_override,31,exception_override,closure,shuffle_matched_019,Green,Yellow,6724,21730,5231, **,other,2,3,1.0390625,19,3061,False
g033_closure_update,33,closure_update,closure,shuffle_matched_019,East,West,5571,4589,5571, East,clean,1,3,2.75,19,3061,False
g033_closure_override,33,closure_override,closure,shuffle_matched_019,East,West,5571,4589,5571, East,clean,1,3,0.7109375,19,3061,False
g033_exception_override,33,exception_override,closure,shuffle_matched_019,East,West,5571,4589,5231, **,other,2,3,0.9296875,19,3061,False
g039_closure_update,39,closure_update,closure,shuffle_matched_019,East,West,5571,4589,5231, **,other,2,3,2.1875,19,3061,False
g039_closure_override,39,closure_override,closure,shuffle_matched_019,East,West,5571,4589,5571, East,clean,1,3,0.2734375,19,3061,True
g039_exception_override,39,exception_override,closure,shuffle_matched_019,East,West,5571,4589,5231, **,other,3,2,-0.1171875,19,3061,False
g040_closure_update,40,closure_update,closure,shuffle_matched_019,Copper,Silver,38315,15934,5231, **,other,2,3,2.03125,19,3061,False
g040_closure_override,40,closure_override,closure,shuffle_matched_019,Copper,Silver,38315,15934,38315, Copper,clean,1,3,1.65625,19,3061,True
g040_exception_override,40,exception_override,closure,shuffle_matched_019,Copper,Silver,38315,15934,5231, **,other,2,3,0.828125,19,3061,False
g042_closure_update,42,closure_update,closure,shuffle_matched_019,Red,Blue,4075,7640,5231, **,other,2,3,1.1640625,19,3061,False
g042_closure_override,42,closure_override,closure,shuffle_matched_019,Red,Blue,4075,7640,5231, **,other,3,2,-0.390625,19,3061,False
g042_exception_override,42,exception_override,closure,shuffle_matched_019,Red,Blue,4075,7640,5231, **,other,3,2,-0.015625,19,3061,False
g045_closure_update,45,closure_update,closure,shuffle_matched_019,East,West,5571,4589,5231, **,other,2,4,2.953125,19,3061,False
g045_closure_override,45,closure_override,closure,shuffle_matched_019,East,West,5571,4589,5231, **,other,2,3,1.3046875,19,3061,False
g045_exception_override,45,exception_override,closure,shuffle_matched_019,East,West,5571,4589,5231, **,other,2,3,0.78125,19,3061,False
g053_closure_update,53,closure_update,closure,shuffle_matched_019,Gold,Iron,6863,17186,5231, **,other,2,3,1.734375,19,3061,False
g053_closure_override,53,closure_override,closure,shuffle_matched_019,Gold,Iron,6863,17186,5231, **,other,1,3,1.4375,19,3061,False
g053_exception_override,53,exception_override,closure,shuffle_matched_019,Gold,Iron,6863,17186,5231, **,other,2,3,0.4296875,19,3061,False
g064_closure_update,64,closure_update,closure,shuffle_matched_019,Copper,Silver,38315,15934,5231, **,other,2,3,1.6328125,19,3061,False
g064_closure_override,64,closure_override,closure,shuffle_matched_019,Copper,Silver,38315,15934,38315, Copper,clean,1,3,1.703125,19,3061,True
g064_exception_override,64,exception_override,closure,shuffle_matched_019,Copper,Silver,38315,15934,5231, **,other,2,3,0.3515625,19,3061,False
g067_closure_update,67,closure_update,closure,shuffle_matched_019,Green,Yellow,6724,21730,5231, **,other,2,3,2.171875,19,3061,False
g067_closure_override,67,closure_override,closure,shuffle_matched_019,Green,Yellow,6724,21730,6724, Green,clean,1,3,0.703125,19,3061,False
g067_exception_override,67,exception_override,closure,shuffle_matched_019,Green,Yellow,6724,21730,6724, Green,clean,1,3,1.234375,19,3061,False
g068_closure_update,68,closure_update,closure,shuffle_matched_019,North,South,4612,4316,5231, **,other,2,3,0.8203125,19,3061,False
g068_closure_override,68,closure_override,closure,shuffle_matched_019,North,South,4612,4316,5231, **,other,2,3,1.2890625,19,3061,False
g068_exception_override,68,exception_override,closure,shuffle_matched_019,North,South,4612,4316,5231, **,other,2,3,1.5859375,19,3061,False
g069_closure_update,69,closure_update,closure,shuffle_matched_019,East,West,5571,4589,5231, **,other,2,4,2.7109375,19,3061,False
g069_closure_override,69,closure_override,closure,shuffle_matched_019,East,West,5571,4589,5231, **,other,2,3,0.5390625,19,3061,False
g069_exception_override,69,exception_override,closure,shuffle_matched_019,East,West,5571,4589,5231, **,other,2,3,0.46875,19,3061,False
g073_closure_update,73,closure_update,closure,shuffle_matched_019,Green,Yellow,6724,21730,5231, **,other,2,3,1.5703125,19,3061,False
g073_closure_override,73,closure_override,closure,shuffle_matched_019,Green,Yellow,6724,21730,5231, **,other,2,3,0.2734375,19,3061,False
g073_exception_override,73,exception_override,closure,shuffle_matched_019,Green,Yellow,6724,21730,5231, **,other,3,2,-0.421875,19,3061,False
g077_closure_update,77,closure_update,closure,shuffle_matched_019,Gold,Iron,6863,17186,5231, **,other,2,3,2.1015625,19,3061,False
g077_closure_override,77,closure_override,closure,shuffle_matched_019,Gold,Iron,6863,17186,5231, **,other,2,3,0.6328125,19,3061,False
g077_exception_override,77,exception_override,closure,shuffle_matched_019,Gold,Iron,6863,17186,5231, **,other,2,3,0.6484375,19,3061,False
g079_closure_update,79,closure_update,closure,shuffle_matched_019,Green,Yellow,6724,21730,5231, **,other,2,3,1.3984375,19,3061,False
g079_closure_override,79,closure_override,closure,shuffle_matched_019,Green,Yellow,6724,21730,21730, Yellow,conflict,2,1,-0.1796875,19,3061,False
g079_exception_override,79,exception_override,closure,shuffle_matched_019,Green,Yellow,6724,21730,5231, **,other,2,3,0.3671875,19,3061,False
g080_closure_update,80,closure_update,closure,shuffle_matched_019,North,South,4612,4316,5231, **,other,2,3,0.203125,19,3061,False
g080_closure_override,80,closure_override,closure,shuffle_matched_019,North,South,4612,4316,5231, **,other,2,3,0.9140625,19,3061,False
g080_exception_override,80,exception_override,closure,shuffle_matched_019,North,South,4612,4316,4612, North,clean,1,3,1.3203125,19,3061,True
g085_closure_update,85,closure_update,closure,shuffle_matched_019,Green,Yellow,6724,21730,5231, **,other,2,3,1.75,19,3061,False
g085_closure_override,85,closure_override,closure,shuffle_matched_019,Green,Yellow,6724,21730,5231, **,other,2,3,0.4375,19,3061,False
g085_exception_override,85,exception_override,closure,shuffle_matched_019,Green,Yellow,6724,21730,5231, **,other,2,3,0.421875,19,3061,False
g088_closure_update,88,closure_update,closure,shuffle_matched_019,Copper,Silver,38315,15934,5231, **,other,2,3,2.8046875,19,3061,False
g088_closure_override,88,closure_override,closure,shuffle_matched_019,Copper,Silver,38315,15934,38315, Copper,clean,1,3,1.390625,19,3061,True
g088_exception_override,88,exception_override,closure,shuffle_matched_019,Copper,Silver,38315,15934,38315, Copper,clean,1,3,1.6953125,19,3061,False
g094_closure_update,94,closure_update,closure,shuffle_matched_019,Copper,Silver,38315,15934,5231, **,other,2,4,3.0703125,19,3061,False
g094_closure_override,94,closure_override,closure,shuffle_matched_019,Copper,Silver,38315,15934,38315, Copper,clean,1,3,1.296875,19,3061,True
g094_exception_override,94,exception_override,closure,shuffle_matched_019,Copper,Silver,38315,15934,38315, Copper,clean,1,3,1.7421875,19,3061,False
g000_closure_update,0,closure_update,closure,shuffle_matched_020,Red,Blue,4075,7640,5231, **,other,2,3,0.9375,20,3062,False
g000_closure_override,0,closure_override,closure,shuffle_matched_020,Red,Blue,4075,7640,5231, **,other,3,2,-0.921875,20,3062,False
g000_exception_override,0,exception_override,closure,shuffle_matched_020,Red,Blue,4075,7640,5231, **,other,3,2,-1.34375,20,3062,False
g004_closure_update,4,closure_update,closure,shuffle_matched_020,Copper,Silver,38315,15934,5231, **,other,2,3,2.4765625,20,3062,False
g004_closure_override,4,closure_override,closure,shuffle_matched_020,Copper,Silver,38315,15934,38315, Copper,clean,1,3,2.0078125,20,3062,False
g004_exception_override,4,exception_override,closure,shuffle_matched_020,Copper,Silver,38315,15934,5231, **,other,2,3,0.7421875,20,3062,False
g009_closure_update,9,closure_update,closure,shuffle_matched_020,East,West,5571,4589,5231, **,other,2,3,2.875,20,3062,False
g009_closure_override,9,closure_override,closure,shuffle_matched_020,East,West,5571,4589,5231, **,other,2,3,0.140625,20,3062,False
g009_exception_override,9,exception_override,closure,shuffle_matched_020,East,West,5571,4589,5231, **,other,2,3,0.296875,20,3062,False
g010_closure_update,10,closure_update,closure,shuffle_matched_020,Copper,Silver,38315,15934,5231, **,other,2,4,3.296875,20,3062,False
g010_closure_override,10,closure_override,closure,shuffle_matched_020,Copper,Silver,38315,15934,38315, Copper,clean,1,3,1.484375,20,3062,False
g010_exception_override,10,exception_override,closure,shuffle_matched_020,Copper,Silver,38315,15934,38315, Copper,clean,1,3,1.0625,20,3062,False
g011_closure_update,11,closure_update,closure,shuffle_matched_020,Gold,Iron,6863,17186,5231, **,other,2,3,2.109375,20,3062,False
g011_closure_override,11,closure_override,closure,shuffle_matched_020,Gold,Iron,6863,17186,5231, **,other,2,3,0.21875,20,3062,False
g011_exception_override,11,exception_override,closure,shuffle_matched_020,Gold,Iron,6863,17186,5231, **,other,3,2,-1.1484375,20,3062,False
g012_closure_update,12,closure_update,closure,shuffle_matched_020,Red,Blue,4075,7640,5231, **,other,2,3,1.0703125,20,3062,False
g012_closure_override,12,closure_override,closure,shuffle_matched_020,Red,Blue,4075,7640,5231, **,other,3,2,-1.046875,20,3062,False
g012_exception_override,12,exception_override,closure,shuffle_matched_020,Red,Blue,4075,7640,5231, **,other,3,2,-0.96875,20,3062,False
g015_closure_update,15,closure_update,closure,shuffle_matched_020,East,West,5571,4589,5231, **,other,2,3,1.2265625,20,3062,False
g015_closure_override,15,closure_override,closure,shuffle_matched_020,East,West,5571,4589,5231, **,other,3,2,-1.2890625,20,3062,False
g015_exception_override,15,exception_override,closure,shuffle_matched_020,East,West,5571,4589,4589, West,conflict,3,1,-1.515625,20,3062,False
g018_closure_update,18,closure_update,closure,shuffle_matched_020,Red,Blue,4075,7640,5231, **,other,2,3,0.84375,20,3062,False
g018_closure_override,18,closure_override,closure,shuffle_matched_020,Red,Blue,4075,7640,7640, Blue,conflict,3,1,-1.078125,20,3062,False
g018_exception_override,18,exception_override,closure,shuffle_matched_020,Red,Blue,4075,7640,5231, **,other,3,2,-0.5,20,3062,False
g022_closure_update,22,closure_update,closure,shuffle_matched_020,Copper,Silver,38315,15934,5231, **,other,2,3,2.0234375,20,3062,False
g022_closure_override,22,closure_override,closure,shuffle_matched_020,Copper,Silver,38315,15934,38315, Copper,clean,1,3,1.296875,20,3062,True
g022_exception_override,22,exception_override,closure,shuffle_matched_020,Copper,Silver,38315,15934,38315, Copper,clean,1,3,1.8515625,20,3062,False
g026_closure_update,26,closure_update,closure,shuffle_matched_020,North,South,4612,4316,5231, **,other,3,2,-0.1796875,20,3062,False
g026_closure_override,26,closure_override,closure,shuffle_matched_020,North,South,4612,4316,5231, **,other,2,3,0.3984375,20,3062,False
g026_exception_override,26,exception_override,closure,shuffle_matched_020,North,South,4612,4316,5231, **,other,2,3,0.6484375,20,3062,False
g030_closure_update,30,closure_update,closure,shuffle_matched_020,Red,Blue,4075,7640,5231, **,other,2,3,1.0625,20,3062,False
g030_closure_override,30,closure_override,closure,shuffle_matched_020,Red,Blue,4075,7640,5231, **,other,3,2,-0.609375,20,3062,False
g030_exception_override,30,exception_override,closure,shuffle_matched_020,Red,Blue,4075,7640,5231, **,other,3,2,-0.96875,20,3062,False
g031_closure_update,31,closure_update,closure,shuffle_matched_020,Green,Yellow,6724,21730,5231, **,other,2,3,2.2421875,20,3062,False
g031_closure_override,31,closure_override,closure,shuffle_matched_020,Green,Yellow,6724,21730,5231, **,other,1,3,0.8359375,20,3062,False
g031_exception_override,31,exception_override,closure,shuffle_matched_020,Green,Yellow,6724,21730,5231, **,other,2,3,1.0390625,20,3062,False
g033_closure_update,33,closure_update,closure,shuffle_matched_020,East,West,5571,4589,5571, East,clean,1,3,2.75,20,3062,False
g033_closure_override,33,closure_override,closure,shuffle_matched_020,East,West,5571,4589,5571, East,clean,1,3,0.8125,20,3062,False
g033_exception_override,33,exception_override,closure,shuffle_matched_020,East,West,5571,4589,5231, **,other,2,3,0.9296875,20,3062,False
g039_closure_update,39,closure_update,closure,shuffle_matched_020,East,West,5571,4589,5231, **,other,2,3,2.1875,20,3062,False
g039_closure_override,39,closure_override,closure,shuffle_matched_020,East,West,5571,4589,5231, **,other,2,3,0.578125,20,3062,False
g039_exception_override,39,exception_override,closure,shuffle_matched_020,East,West,5571,4589,5231, **,other,3,2,-0.1015625,20,3062,False
g040_closure_update,40,closure_update,closure,shuffle_matched_020,Copper,Silver,38315,15934,5231, **,other,2,3,2.03125,20,3062,False
g040_closure_override,40,closure_override,closure,shuffle_matched_020,Copper,Silver,38315,15934,38315, Copper,clean,1,3,1.328125,20,3062,True
g040_exception_override,40,exception_override,closure,shuffle_matched_020,Copper,Silver,38315,15934,38315, Copper,clean,1,5,3.125,20,3062,False
g042_closure_update,42,closure_update,closure,shuffle_matched_020,Red,Blue,4075,7640,5231, **,other,2,3,1.1640625,20,3062,False
g042_closure_override,42,closure_override,closure,shuffle_matched_020,Red,Blue,4075,7640,5231, **,other,3,1,-0.734375,20,3062,False
g042_exception_override,42,exception_override,closure,shuffle_matched_020,Red,Blue,4075,7640,5231, **,other,3,2,-0.015625,20,3062,False
g045_closure_update,45,closure_update,closure,shuffle_matched_020,East,West,5571,4589,5231, **,other,2,4,2.953125,20,3062,False
g045_closure_override,45,closure_override,closure,shuffle_matched_020,East,West,5571,4589,5231, **,other,2,3,0.3515625,20,3062,False
g045_exception_override,45,exception_override,closure,shuffle_matched_020,East,West,5571,4589,5231, **,other,2,3,0.5859375,20,3062,False
g053_closure_update,53,closure_update,closure,shuffle_matched_020,Gold,Iron,6863,17186,5231, **,other,2,3,1.734375,20,3062,False
g053_closure_override,53,closure_override,closure,shuffle_matched_020,Gold,Iron,6863,17186,6863, Gold,clean,1,3,1.4375,20,3062,False
g053_exception_override,53,exception_override,closure,shuffle_matched_020,Gold,Iron,6863,17186,5231, **,other,2,4,1.2890625,20,3062,False
g064_closure_update,64,closure_update,closure,shuffle_matched_020,Copper,Silver,38315,15934,5231, **,other,2,3,1.6328125,20,3062,False
g064_closure_override,64,closure_override,closure,shuffle_matched_020,Copper,Silver,38315,15934,38315, Copper,clean,1,3,1.4921875,20,3062,True
g064_exception_override,64,exception_override,closure,shuffle_matched_020,Copper,Silver,38315,15934,5231, **,other,2,3,0.3515625,20,3062,False
g067_closure_update,67,closure_update,closure,shuffle_matched_020,Green,Yellow,6724,21730,5231, **,other,2,3,2.171875,20,3062,False
g067_closure_override,67,closure_override,closure,shuffle_matched_020,Green,Yellow,6724,21730,6724, Green,clean,1,3,0.703125,20,3062,False
g067_exception_override,67,exception_override,closure,shuffle_matched_020,Green,Yellow,6724,21730,5231, **,other,2,3,0.0625,20,3062,False
g068_closure_update,68,closure_update,closure,shuffle_matched_020,North,South,4612,4316,5231, **,other,2,3,0.8203125,20,3062,False
g068_closure_override,68,closure_override,closure,shuffle_matched_020,North,South,4612,4316,5231, **,other,2,3,1.265625,20,3062,False
g068_exception_override,68,exception_override,closure,shuffle_matched_020,North,South,4612,4316,5231, **,other,2,3,1.4140625,20,3062,False
g069_closure_update,69,closure_update,closure,shuffle_matched_020,East,West,5571,4589,5231, **,other,2,4,2.7109375,20,3062,False
g069_closure_override,69,closure_override,closure,shuffle_matched_020,East,West,5571,4589,5231, **,other,2,3,0.3125,20,3062,False
g069_exception_override,69,exception_override,closure,shuffle_matched_020,East,West,5571,4589,5231, **,other,2,3,0.453125,20,3062,False
g073_closure_update,73,closure_update,closure,shuffle_matched_020,Green,Yellow,6724,21730,5231, **,other,2,3,1.4765625,20,3062,False
g073_closure_override,73,closure_override,closure,shuffle_matched_020,Green,Yellow,6724,21730,5231, **,other,2,3,0.1796875,20,3062,False
g073_exception_override,73,exception_override,closure,shuffle_matched_020,Green,Yellow,6724,21730,5231, **,other,2,3,0.5,20,3062,False
g077_closure_update,77,closure_update,closure,shuffle_matched_020,Gold,Iron,6863,17186,5231, **,other,2,3,2.1015625,20,3062,False
g077_closure_override,77,closure_override,closure,shuffle_matched_020,Gold,Iron,6863,17186,5231, **,other,2,3,0.6484375,20,3062,False
g077_exception_override,77,exception_override,closure,shuffle_matched_020,Gold,Iron,6863,17186,5231, **,other,2,3,0.6796875,20,3062,False
g079_closure_update,79,closure_update,closure,shuffle_matched_020,Green,Yellow,6724,21730,5231, **,other,2,3,1.3984375,20,3062,False
g079_closure_override,79,closure_override,closure,shuffle_matched_020,Green,Yellow,6724,21730,21730, Yellow,conflict,2,1,-0.203125,20,3062,False
g079_exception_override,79,exception_override,closure,shuffle_matched_020,Green,Yellow,6724,21730,6724, Green,clean,1,3,0.6015625,20,3062,False
g080_closure_update,80,closure_update,closure,shuffle_matched_020,North,South,4612,4316,5231, **,other,2,3,0.203125,20,3062,False
g080_closure_override,80,closure_override,closure,shuffle_matched_020,North,South,4612,4316,4612, North,clean,1,3,0.9296875,20,3062,True
g080_exception_override,80,exception_override,closure,shuffle_matched_020,North,South,4612,4316,4612, North,clean,1,3,1.25,20,3062,True
g085_closure_update,85,closure_update,closure,shuffle_matched_020,Green,Yellow,6724,21730,5231, **,other,2,4,1.890625,20,3062,False
g085_closure_override,85,closure_override,closure,shuffle_matched_020,Green,Yellow,6724,21730,6724, Green,clean,1,3,0.859375,20,3062,True
g085_exception_override,85,exception_override,closure,shuffle_matched_020,Green,Yellow,6724,21730,5231, **,other,2,3,0.5625,20,3062,False
g088_closure_update,88,closure_update,closure,shuffle_matched_020,Copper,Silver,38315,15934,5231, **,other,2,3,2.8046875,20,3062,False
g088_closure_override,88,closure_override,closure,shuffle_matched_020,Copper,Silver,38315,15934,38315, Copper,clean,1,3,1.8828125,20,3062,True
g088_exception_override,88,exception_override,closure,shuffle_matched_020,Copper,Silver,38315,15934,38315, Copper,clean,1,3,1.7109375,20,3062,False
g094_closure_update,94,closure_update,closure,shuffle_matched_020,Copper,Silver,38315,15934,5231, **,other,2,4,3.0703125,20,3062,False
g094_closure_override,94,closure_override,closure,shuffle_matched_020,Copper,Silver,38315,15934,38315, Copper,clean,1,3,1.6171875,20,3062,True
g094_exception_override,94,exception_override,closure,shuffle_matched_020,Copper,Silver,38315,15934,38315, Copper,clean,1,3,1.6171875,20,3062,False
g000_closure_update,0,closure_update,closure,shuffle_matched_021,Red,Blue,4075,7640,5231, **,other,2,3,0.953125,21,3063,False
g000_closure_override,0,closure_override,closure,shuffle_matched_021,Red,Blue,4075,7640,5231, **,other,3,2,-1.078125,21,3063,False
g000_exception_override,0,exception_override,closure,shuffle_matched_021,Red,Blue,4075,7640,5231, **,other,3,2,-0.5703125,21,3063,False
g004_closure_update,4,closure_update,closure,shuffle_matched_021,Copper,Silver,38315,15934,5231, **,other,2,3,2.4765625,21,3063,False
g004_closure_override,4,closure_override,closure,shuffle_matched_021,Copper,Silver,38315,15934,38315, Copper,clean,1,3,2.328125,21,3063,False
g004_exception_override,4,exception_override,closure,shuffle_matched_021,Copper,Silver,38315,15934,38315, Copper,clean,1,4,2.734375,21,3063,False
g009_closure_update,9,closure_update,closure,shuffle_matched_021,East,West,5571,4589,5231, **,other,2,3,2.875,21,3063,False
g009_closure_override,9,closure_override,closure,shuffle_matched_021,East,West,5571,4589,5231, **,other,2,3,0.140625,21,3063,False
g009_exception_override,9,exception_override,closure,shuffle_matched_021,East,West,5571,4589,5231, **,other,2,3,0.90625,21,3063,False
g010_closure_update,10,closure_update,closure,shuffle_matched_021,Copper,Silver,38315,15934,5231, **,other,2,4,3.296875,21,3063,False
g010_closure_override,10,closure_override,closure,shuffle_matched_021,Copper,Silver,38315,15934,38315, Copper,clean,1,3,1.484375,21,3063,False
g010_exception_override,10,exception_override,closure,shuffle_matched_021,Copper,Silver,38315,15934,38315, Copper,clean,1,3,1.3359375,21,3063,False
g011_closure_update,11,closure_update,closure,shuffle_matched_021,Gold,Iron,6863,17186,5231, **,other,2,3,1.484375,21,3063,False
g011_closure_override,11,closure_override,closure,shuffle_matched_021,Gold,Iron,6863,17186,5231, **,other,2,3,0.21875,21,3063,False
g011_exception_override,11,exception_override,closure,shuffle_matched_021,Gold,Iron,6863,17186,17186, Iron,conflict,3,1,-0.8359375,21,3063,False
g012_closure_update,12,closure_update,closure,shuffle_matched_021,Red,Blue,4075,7640,5231, **,other,2,3,1.0703125,21,3063,False
g012_closure_override,12,closure_override,closure,shuffle_matched_021,Red,Blue,4075,7640,5231, **,other,3,2,-0.7265625,21,3063,False
g012_exception_override,12,exception_override,closure,shuffle_matched_021,Red,Blue,4075,7640,5231, **,other,3,2,-0.7109375,21,3063,False
g015_closure_update,15,closure_update,closure,shuffle_matched_021,East,West,5571,4589,5231, **,other,2,3,1.2265625,21,3063,False
g015_closure_override,15,closure_override,closure,shuffle_matched_021,East,West,5571,4589,4589, West,conflict,3,1,-1.2109375,21,3063,False
g015_exception_override,15,exception_override,closure,shuffle_matched_021,East,West,5571,4589,5231, **,other,3,2,-1.40625,21,3063,False
g018_closure_update,18,closure_update,closure,shuffle_matched_021,Red,Blue,4075,7640,5231, **,other,2,3,0.84375,21,3063,False
g018_closure_override,18,closure_override,closure,shuffle_matched_021,Red,Blue,4075,7640,7640, Blue,conflict,3,1,-1.078125,21,3063,False
g018_exception_override,18,exception_override,closure,shuffle_matched_021,Red,Blue,4075,7640,5231, **,other,3,2,-0.453125,21,3063,False
g022_closure_update,22,closure_update,closure,shuffle_matched_021,Copper,Silver,38315,15934,5231, **,other,2,3,2.0234375,21,3063,False
g022_closure_override,22,closure_override,closure,shuffle_matched_021,Copper,Silver,38315,15934,38315, Copper,clean,1,3,1.28125,21,3063,True
g022_exception_override,22,exception_override,closure,shuffle_matched_021,Copper,Silver,38315,15934,5231, **,other,2,3,0.3359375,21,3063,False
g026_closure_update,26,closure_update,closure,shuffle_matched_021,North,South,4612,4316,5231, **,other,3,2,-0.1796875,21,3063,False
g026_closure_override,26,closure_override,closure,shuffle_matched_021,North,South,4612,4316,5231, **,other,2,3,0.296875,21,3063,False
g026_exception_override,26,exception_override,closure,shuffle_matched_021,North,South,4612,4316,5231, **,other,3,2,-0.5546875,21,3063,False
g030_closure_update,30,closure_update,closure,shuffle_matched_021,Red,Blue,4075,7640,5231, **,other,2,3,1.0625,21,3063,False
g030_closure_override,30,closure_override,closure,shuffle_matched_021,Red,Blue,4075,7640,7640, Blue,conflict,3,1,-0.796875,21,3063,False
g030_exception_override,30,exception_override,closure,shuffle_matched_021,Red,Blue,4075,7640,5231, **,other,3,2,-0.1328125,21,3063,False
g031_closure_update,31,closure_update,closure,shuffle_matched_021,Green,Yellow,6724,21730,5231, **,other,2,3,2.2421875,21,3063,False
g031_closure_override,31,closure_override,closure,shuffle_matched_021,Green,Yellow,6724,21730,5231, **,other,1,3,0.8046875,21,3063,False
g031_exception_override,31,exception_override,closure,shuffle_matched_021,Green,Yellow,6724,21730,5231, **,other,2,3,0.953125,21,3063,False
g033_closure_update,33,closure_update,closure,shuffle_matched_021,East,West,5571,4589,5571, East,clean,1,3,2.75,21,3063,False
g033_closure_override,33,closure_override,closure,shuffle_matched_021,East,West,5571,4589,5571, East,clean,1,3,0.5234375,21,3063,False
g033_exception_override,33,exception_override,closure,shuffle_matched_021,East,West,5571,4589,5231, **,other,2,3,0.3671875,21,3063,False
g039_closure_update,39,closure_update,closure,shuffle_matched_021,East,West,5571,4589,5231, **,other,2,3,2.1875,21,3063,False
g039_closure_override,39,closure_override,closure,shuffle_matched_021,East,West,5571,4589,5231, **,other,2,3,0.578125,21,3063,False
g039_exception_override,39,exception_override,closure,shuffle_matched_021,East,West,5571,4589,5231, **,other,3,2,-0.1171875,21,3063,False
g040_closure_update,40,closure_update,closure,shuffle_matched_021,Copper,Silver,38315,15934,5231, **,other,2,3,2.03125,21,3063,False
g040_closure_override,40,closure_override,closure,shuffle_matched_021,Copper,Silver,38315,15934,38315, Copper,clean,1,3,1.484375,21,3063,True
g040_exception_override,40,exception_override,closure,shuffle_matched_021,Copper,Silver,38315,15934,38315, Copper,clean,1,3,2.3984375,21,3063,False
g042_closure_update,42,closure_update,closure,shuffle_matched_021,Red,Blue,4075,7640,5231, **,other,2,3,1.1640625,21,3063,False
g042_closure_override,42,closure_override,closure,shuffle_matched_021,Red,Blue,4075,7640,5231, **,other,3,2,-0.390625,21,3063,False
g042_exception_override,42,exception_override,closure,shuffle_matched_021,Red,Blue,4075,7640,5231, **,other,3,2,-0.875,21,3063,False
g045_closure_update,45,closure_update,closure,shuffle_matched_021,East,West,5571,4589,5231, **,other,2,4,2.953125,21,3063,False
g045_closure_override,45,closure_override,closure,shuffle_matched_021,East,West,5571,4589,5231, **,other,2,3,0.3515625,21,3063,False
g045_exception_override,45,exception_override,closure,shuffle_matched_021,East,West,5571,4589,5231, **,other,2,3,0.5859375,21,3063,False
g053_closure_update,53,closure_update,closure,shuffle_matched_021,Gold,Iron,6863,17186,5231, **,other,2,3,1.734375,21,3063,False
g053_closure_override,53,closure_override,closure,shuffle_matched_021,Gold,Iron,6863,17186,5231, **,other,2,3,1.1171875,21,3063,False
g053_exception_override,53,exception_override,closure,shuffle_matched_021,Gold,Iron,6863,17186,5231, **,other,2,4,1.3046875,21,3063,False
g064_closure_update,64,closure_update,closure,shuffle_matched_021,Copper,Silver,38315,15934,5231, **,other,2,3,1.6328125,21,3063,False
g064_closure_override,64,closure_override,closure,shuffle_matched_021,Copper,Silver,38315,15934,38315, Copper,clean,1,3,1.3359375,21,3063,True
g064_exception_override,64,exception_override,closure,shuffle_matched_021,Copper,Silver,38315,15934,38315, Copper,clean,1,3,2.3828125,21,3063,False
g067_closure_update,67,closure_update,closure,shuffle_matched_021,Green,Yellow,6724,21730,5231, **,other,2,3,2.171875,21,3063,False
g067_closure_override,67,closure_override,closure,shuffle_matched_021,Green,Yellow,6724,21730,6724, Green,clean,1,3,0.703125,21,3063,False
g067_exception_override,67,exception_override,closure,shuffle_matched_021,Green,Yellow,6724,21730,5231, **,other,2,3,0.9921875,21,3063,False
g068_closure_update,68,closure_update,closure,shuffle_matched_021,North,South,4612,4316,5231, **,other,2,3,0.8203125,21,3063,False
g068_closure_override,68,closure_override,closure,shuffle_matched_021,North,South,4612,4316,5231, **,other,2,3,1.2734375,21,3063,False
g068_exception_override,68,exception_override,closure,shuffle_matched_021,North,South,4612,4316,4612, North,clean,1,3,1.7734375,21,3063,False
g069_closure_update,69,closure_update,closure,shuffle_matched_021,East,West,5571,4589,5231, **,other,2,4,2.7109375,21,3063,False
g069_closure_override,69,closure_override,closure,shuffle_matched_021,East,West,5571,4589,5231, **,other,2,3,0.3125,21,3063,False
g069_exception_override,69,exception_override,closure,shuffle_matched_021,East,West,5571,4589,5231, **,other,2,3,0.546875,21,3063,False
g073_closure_update,73,closure_update,closure,shuffle_matched_021,Green,Yellow,6724,21730,5231, **,other,2,3,1.4609375,21,3063,False
g073_closure_override,73,closure_override,closure,shuffle_matched_021,Green,Yellow,6724,21730,5231, **,other,2,3,0.1640625,21,3063,False
g073_exception_override,73,exception_override,closure,shuffle_matched_021,Green,Yellow,6724,21730,5231, **,other,3,2,-0.4140625,21,3063,False
g077_closure_update,77,closure_update,closure,shuffle_matched_021,Gold,Iron,6863,17186,5231, **,other,2,3,2.1015625,21,3063,False
g077_closure_override,77,closure_override,closure,shuffle_matched_021,Gold,Iron,6863,17186,5231, **,other,2,3,0.71875,21,3063,False
g077_exception_override,77,exception_override,closure,shuffle_matched_021,Gold,Iron,6863,17186,5231, **,other,2,3,0.6796875,21,3063,False
g079_closure_update,79,closure_update,closure,shuffle_matched_021,Green,Yellow,6724,21730,5231, **,other,2,3,1.3984375,21,3063,False
g079_closure_override,79,closure_override,closure,shuffle_matched_021,Green,Yellow,6724,21730,21730, Yellow,conflict,2,1,-0.1796875,21,3063,False
g079_exception_override,79,exception_override,closure,shuffle_matched_021,Green,Yellow,6724,21730,6724, Green,clean,1,3,0.6015625,21,3063,False
g080_closure_update,80,closure_update,closure,shuffle_matched_021,North,South,4612,4316,5231, **,other,2,3,0.203125,21,3063,False
g080_closure_override,80,closure_override,closure,shuffle_matched_021,North,South,4612,4316,4612, North,clean,1,3,1.0703125,21,3063,True
g080_exception_override,80,exception_override,closure,shuffle_matched_021,North,South,4612,4316,5231, **,other,2,3,1.125,21,3063,False
g085_closure_update,85,closure_update,closure,shuffle_matched_021,Green,Yellow,6724,21730,5231, **,other,2,3,1.75,21,3063,False
g085_closure_override,85,closure_override,closure,shuffle_matched_021,Green,Yellow,6724,21730,6724, Green,clean,1,3,0.84375,21,3063,True
g085_exception_override,85,exception_override,closure,shuffle_matched_021,Green,Yellow,6724,21730,5231, **,other,2,3,0.390625,21,3063,False
g088_closure_update,88,closure_update,closure,shuffle_matched_021,Copper,Silver,38315,15934,5231, **,other,2,3,2.8046875,21,3063,False
g088_closure_override,88,closure_override,closure,shuffle_matched_021,Copper,Silver,38315,15934,38315, Copper,clean,1,3,2.140625,21,3063,True
g088_exception_override,88,exception_override,closure,shuffle_matched_021,Copper,Silver,38315,15934,5231, **,other,2,3,0.2578125,21,3063,False
g094_closure_update,94,closure_update,closure,shuffle_matched_021,Copper,Silver,38315,15934,5231, **,other,2,4,3.0703125,21,3063,False
g094_closure_override,94,closure_override,closure,shuffle_matched_021,Copper,Silver,38315,15934,38315, Copper,clean,1,3,1.25,21,3063,True
g094_exception_override,94,exception_override,closure,shuffle_matched_021,Copper,Silver,38315,15934,38315, Copper,clean,1,3,1.328125,21,3063,False
g000_closure_update,0,closure_update,closure,shuffle_matched_022,Red,Blue,4075,7640,5231, **,other,2,3,0.9453125,22,3064,False
g000_closure_override,0,closure_override,closure,shuffle_matched_022,Red,Blue,4075,7640,5231, **,other,3,2,-0.7578125,22,3064,False
g000_exception_override,0,exception_override,closure,shuffle_matched_022,Red,Blue,4075,7640,5231, **,other,3,2,-0.5703125,22,3064,False
g004_closure_update,4,closure_update,closure,shuffle_matched_022,Copper,Silver,38315,15934,5231, **,other,2,3,2.4765625,22,3064,False
g004_closure_override,4,closure_override,closure,shuffle_matched_022,Copper,Silver,38315,15934,38315, Copper,clean,1,3,2.0234375,22,3064,False
g004_exception_override,4,exception_override,closure,shuffle_matched_022,Copper,Silver,38315,15934,38315, Copper,clean,1,3,2.0859375,22,3064,False
g009_closure_update,9,closure_update,closure,shuffle_matched_022,East,West,5571,4589,5231, **,other,2,3,2.875,22,3064,False
g009_closure_override,9,closure_override,closure,shuffle_matched_022,East,West,5571,4589,5231, **,other,2,3,0.140625,22,3064,False
g009_exception_override,9,exception_override,closure,shuffle_matched_022,East,West,5571,4589,5231, **,other,2,3,0.296875,22,3064,False
g010_closure_update,10,closure_update,closure,shuffle_matched_022,Copper,Silver,38315,15934,5231, **,other,2,4,3.296875,22,3064,False
g010_closure_override,10,closure_override,closure,shuffle_matched_022,Copper,Silver,38315,15934,38315, Copper,clean,1,3,1.828125,22,3064,False
g010_exception_override,10,exception_override,closure,shuffle_matched_022,Copper,Silver,38315,15934,38315, Copper,clean,1,3,1.3359375,22,3064,False
g011_closure_update,11,closure_update,closure,shuffle_matched_022,Gold,Iron,6863,17186,5231, **,other,2,3,2.1328125,22,3064,False
g011_closure_override,11,closure_override,closure,shuffle_matched_022,Gold,Iron,6863,17186,5231, **,other,2,3,0.125,22,3064,False
g011_exception_override,11,exception_override,closure,shuffle_matched_022,Gold,Iron,6863,17186,17186, Iron,conflict,3,1,-0.5625,22,3064,False
g012_closure_update,12,closure_update,closure,shuffle_matched_022,Red,Blue,4075,7640,5231, **,other,2,3,1.0703125,22,3064,False
g012_closure_override,12,closure_override,closure,shuffle_matched_022,Red,Blue,4075,7640,5231, **,other,3,2,-0.8125,22,3064,False
g012_exception_override,12,exception_override,closure,shuffle_matched_022,Red,Blue,4075,7640,5231, **,other,3,2,-0.78125,22,3064,False
g015_closure_update,15,closure_update,closure,shuffle_matched_022,East,West,5571,4589,5231, **,other,2,3,1.2265625,22,3064,False
g015_closure_override,15,closure_override,closure,shuffle_matched_022,East,West,5571,4589,4589, West,conflict,3,1,-1.359375,22,3064,False
g015_exception_override,15,exception_override,closure,shuffle_matched_022,East,West,5571,4589,5231, **,other,3,2,-1.375,22,3064,False
g018_closure_update,18,closure_update,closure,shuffle_matched_022,Red,Blue,4075,7640,5231, **,other,2,3,0.84375,22,3064,False
g018_closure_override,18,closure_override,closure,shuffle_matched_022,Red,Blue,4075,7640,7640, Blue,conflict,3,1,-1.078125,22,3064,False
g018_exception_override,18,exception_override,closure,shuffle_matched_022,Red,Blue,4075,7640,5231, **,other,3,2,-1.2734375,22,3064,False
g022_closure_update,22,closure_update,closure,shuffle_matched_022,Copper,Silver,38315,15934,5231, **,other,2,3,2.0234375,22,3064,False
g022_closure_override,22,closure_override,closure,shuffle_matched_022,Copper,Silver,38315,15934,38315, Copper,clean,1,3,0.96875,22,3064,True
g022_exception_override,22,exception_override,closure,shuffle_matched_022,Copper,Silver,38315,15934,38315, Copper,clean,1,3,1.5625,22,3064,False
g026_closure_update,26,closure_update,closure,shuffle_matched_022,North,South,4612,4316,5231, **,other,3,2,-0.1796875,22,3064,False
g026_closure_override,26,closure_override,closure,shuffle_matched_022,North,South,4612,4316,5231, **,other,2,3,0.3359375,22,3064,False
g026_exception_override,26,exception_override,closure,shuffle_matched_022,North,South,4612,4316,5231, **,other,3,2,-0.125,22,3064,False
g030_closure_update,30,closure_update,closure,shuffle_matched_022,Red,Blue,4075,7640,5231, **,other,2,3,1.0625,22,3064,False
g030_closure_override,30,closure_override,closure,shuffle_matched_022,Red,Blue,4075,7640,7640, Blue,conflict,3,1,-0.7890625,22,3064,False
g030_exception_override,30,exception_override,closure,shuffle_matched_022,Red,Blue,4075,7640,5231, **,other,2,3,0.1328125,22,3064,False
g031_closure_update,31,closure_update,closure,shuffle_matched_022,Green,Yellow,6724,21730,5231, **,other,2,3,2.2421875,22,3064,False
g031_closure_override,31,closure_override,closure,shuffle_matched_022,Green,Yellow,6724,21730,6724, Green,clean,1,3,0.8359375,22,3064,False
g031_exception_override,31,exception_override,closure,shuffle_matched_022,Green,Yellow,6724,21730,6724, Green,clean,1,3,1.21875,22,3064,False
g033_closure_update,33,closure_update,closure,shuffle_matched_022,East,West,5571,4589,5571, East,clean,1,3,2.75,22,3064,False
g033_closure_override,33,closure_override,closure,shuffle_matched_022,East,West,5571,4589,5571, East,clean,1,3,0.5234375,22,3064,False
g033_exception_override,33,exception_override,closure,shuffle_matched_022,East,West,5571,4589,5231, **,other,2,3,0.3828125,22,3064,False
g039_closure_update,39,closure_update,closure,shuffle_matched_022,East,West,5571,4589,5231, **,other,2,3,2.1875,22,3064,False
g039_closure_override,39,closure_override,closure,shuffle_matched_022,East,West,5571,4589,5571, East,clean,1,3,0.2890625,22,3064,True
g039_exception_override,39,exception_override,closure,shuffle_matched_022,East,West,5571,4589,5231, **,other,3,2,-0.0703125,22,3064,False
g040_closure_update,40,closure_update,closure,shuffle_matched_022,Copper,Silver,38315,15934,5231, **,other,2,3,2.03125,22,3064,False
g040_closure_override,40,closure_override,closure,shuffle_matched_022,Copper,Silver,38315,15934,38315, Copper,clean,1,3,1.296875,22,3064,True
g040_exception_override,40,exception_override,closure,shuffle_matched_022,Copper,Silver,38315,15934,38315, Copper,clean,1,3,2.3984375,22,3064,False
g042_closure_update,42,closure_update,closure,shuffle_matched_022,Red,Blue,4075,7640,5231, **,other,2,3,1.1640625,22,3064,False
g042_closure_override,42,closure_override,closure,shuffle_matched_022,Red,Blue,4075,7640,5231, **,other,3,1,-0.734375,22,3064,False
g042_exception_override,42,exception_override,closure,shuffle_matched_022,Red,Blue,4075,7640,5231, **,other,3,2,-0.890625,22,3064,False
g045_closure_update,45,closure_update,closure,shuffle_matched_022,East,West,5571,4589,5231, **,other,2,4,2.953125,22,3064,False
g045_closure_override,45,closure_override,closure,shuffle_matched_022,East,West,5571,4589,5231, **,other,2,3,0.53125,22,3064,False
g045_exception_override,45,exception_override,closure,shuffle_matched_022,East,West,5571,4589,5231, **,other,2,3,0.5859375,22,3064,False
g053_closure_update,53,closure_update,closure,shuffle_matched_022,Gold,Iron,6863,17186,5231, **,other,2,3,1.734375,22,3064,False
g053_closure_override,53,closure_override,closure,shuffle_matched_022,Gold,Iron,6863,17186,5231, **,other,2,3,1.1171875,22,3064,False
g053_exception_override,53,exception_override,closure,shuffle_matched_022,Gold,Iron,6863,17186,5231, **,other,2,3,0.4296875,22,3064,False
g064_closure_update,64,closure_update,closure,shuffle_matched_022,Copper,Silver,38315,15934,5231, **,other,2,3,1.6328125,22,3064,False
g064_closure_override,64,closure_override,closure,shuffle_matched_022,Copper,Silver,38315,15934,38315, Copper,clean,1,3,1.6875,22,3064,True
g064_exception_override,64,exception_override,closure,shuffle_matched_022,Copper,Silver,38315,15934,5231, **,other,2,3,0.3046875,22,3064,False
g067_closure_update,67,closure_update,closure,shuffle_matched_022,Green,Yellow,6724,21730,5231, **,other,2,3,2.15625,22,3064,False
g067_closure_override,67,closure_override,closure,shuffle_matched_022,Green,Yellow,6724,21730,5231, **,other,2,3,0.4921875,22,3064,False
g067_exception_override,67,exception_override,closure,shuffle_matched_022,Green,Yellow,6724,21730,5231, **,other,2,3,1.140625,22,3064,False
g068_closure_update,68,closure_update,closure,shuffle_matched_022,North,South,4612,4316,5231, **,other,2,3,0.8203125,22,3064,False
g068_closure_override,68,closure_override,closure,shuffle_matched_022,North,South,4612,4316,4612, North,clean,1,3,1.328125,22,3064,True
g068_exception_override,68,exception_override,closure,shuffle_matched_022,North,South,4612,4316,5231, **,other,2,3,1.4140625,22,3064,False
g069_closure_update,69,closure_update,closure,shuffle_matched_022,East,West,5571,4589,5231, **,other,2,4,2.7109375,22,3064,False
g069_closure_override,69,closure_override,closure,shuffle_matched_022,East,West,5571,4589,5231, **,other,2,3,0.484375,22,3064,False
g069_exception_override,69,exception_override,closure,shuffle_matched_022,East,West,5571,4589,5231, **,other,2,3,0.484375,22,3064,False
g073_closure_update,73,closure_update,closure,shuffle_matched_022,Green,Yellow,6724,21730,5231, **,other,2,3,1.4609375,22,3064,False
g073_closure_override,73,closure_override,closure,shuffle_matched_022,Green,Yellow,6724,21730,5231, **,other,2,3,0.2890625,22,3064,False
g073_exception_override,73,exception_override,closure,shuffle_matched_022,Green,Yellow,6724,21730,5231, **,other,2,3,0.453125,22,3064,False
g077_closure_update,77,closure_update,closure,shuffle_matched_022,Gold,Iron,6863,17186,5231, **,other,2,3,2.1015625,22,3064,False
g077_closure_override,77,closure_override,closure,shuffle_matched_022,Gold,Iron,6863,17186,5231, **,other,2,3,0.8828125,22,3064,False
g077_exception_override,77,exception_override,closure,shuffle_matched_022,Gold,Iron,6863,17186,5231, **,other,2,3,0.875,22,3064,False
g079_closure_update,79,closure_update,closure,shuffle_matched_022,Green,Yellow,6724,21730,5231, **,other,2,3,1.3984375,22,3064,False
g079_closure_override,79,closure_override,closure,shuffle_matched_022,Green,Yellow,6724,21730,5231, **,other,2,3,0.0390625,22,3064,False
g079_exception_override,79,exception_override,closure,shuffle_matched_022,Green,Yellow,6724,21730,5231, **,other,3,2,-0.5234375,22,3064,False
g080_closure_update,80,closure_update,closure,shuffle_matched_022,North,South,4612,4316,5231, **,other,2,3,0.203125,22,3064,False
g080_closure_override,80,closure_override,closure,shuffle_matched_022,North,South,4612,4316,5231, **,other,2,3,0.9140625,22,3064,False
g080_exception_override,80,exception_override,closure,shuffle_matched_022,North,South,4612,4316,5231, **,other,2,3,1.1015625,22,3064,False
g085_closure_update,85,closure_update,closure,shuffle_matched_022,Green,Yellow,6724,21730,5231, **,other,2,3,1.75,22,3064,False
g085_closure_override,85,closure_override,closure,shuffle_matched_022,Green,Yellow,6724,21730,6724, Green,clean,1,3,0.9609375,22,3064,True
g085_exception_override,85,exception_override,closure,shuffle_matched_022,Green,Yellow,6724,21730,5231, **,other,3,2,-0.5,22,3064,False
g088_closure_update,88,closure_update,closure,shuffle_matched_022,Copper,Silver,38315,15934,5231, **,other,2,3,2.8046875,22,3064,False
g088_closure_override,88,closure_override,closure,shuffle_matched_022,Copper,Silver,38315,15934,38315, Copper,clean,1,3,1.9140625,22,3064,True
g088_exception_override,88,exception_override,closure,shuffle_matched_022,Copper,Silver,38315,15934,38315, Copper,clean,1,3,1.6953125,22,3064,False
g094_closure_update,94,closure_update,closure,shuffle_matched_022,Copper,Silver,38315,15934,5231, **,other,2,4,3.0703125,22,3064,False
g094_closure_override,94,closure_override,closure,shuffle_matched_022,Copper,Silver,38315,15934,38315, Copper,clean,1,3,1.25,22,3064,True
g094_exception_override,94,exception_override,closure,shuffle_matched_022,Copper,Silver,38315,15934,5231, **,other,2,3,0.546875,22,3064,False
g000_closure_update,0,closure_update,closure,shuffle_matched_023,Red,Blue,4075,7640,5231, **,other,2,3,0.9375,23,3065,False
g000_closure_override,0,closure_override,closure,shuffle_matched_023,Red,Blue,4075,7640,5231, **,other,3,2,-1.1015625,23,3065,False
g000_exception_override,0,exception_override,closure,shuffle_matched_023,Red,Blue,4075,7640,5231, **,other,3,2,-0.625,23,3065,False
g004_closure_update,4,closure_update,closure,shuffle_matched_023,Copper,Silver,38315,15934,5231, **,other,2,3,2.4765625,23,3065,False
g004_closure_override,4,closure_override,closure,shuffle_matched_023,Copper,Silver,38315,15934,38315, Copper,clean,1,3,2.5546875,23,3065,False
g004_exception_override,4,exception_override,closure,shuffle_matched_023,Copper,Silver,38315,15934,38315, Copper,clean,1,3,2.0859375,23,3065,False
g009_closure_update,9,closure_update,closure,shuffle_matched_023,East,West,5571,4589,5231, **,other,2,3,2.875,23,3065,False
g009_closure_override,9,closure_override,closure,shuffle_matched_023,East,West,5571,4589,5231, **,other,2,3,0.6015625,23,3065,False
g009_exception_override,9,exception_override,closure,shuffle_matched_023,East,West,5571,4589,5231, **,other,2,3,0.8984375,23,3065,False
g010_closure_update,10,closure_update,closure,shuffle_matched_023,Copper,Silver,38315,15934,5231, **,other,2,4,3.296875,23,3065,False
g010_closure_override,10,closure_override,closure,shuffle_matched_023,Copper,Silver,38315,15934,38315, Copper,clean,1,3,1.5234375,23,3065,False
g010_exception_override,10,exception_override,closure,shuffle_matched_023,Copper,Silver,38315,15934,38315, Copper,clean,1,3,1.2734375,23,3065,False
g011_closure_update,11,closure_update,closure,shuffle_matched_023,Gold,Iron,6863,17186,5231, **,other,2,3,2.1328125,23,3065,False
g011_closure_override,11,closure_override,closure,shuffle_matched_023,Gold,Iron,6863,17186,5231, **,other,2,3,0.21875,23,3065,False
g011_exception_override,11,exception_override,closure,shuffle_matched_023,Gold,Iron,6863,17186,17186, Iron,conflict,3,1,-0.8046875,23,3065,False
g012_closure_update,12,closure_update,closure,shuffle_matched_023,Red,Blue,4075,7640,5231, **,other,2,3,1.0703125,23,3065,False
g012_closure_override,12,closure_override,closure,shuffle_matched_023,Red,Blue,4075,7640,5231, **,other,3,2,-0.828125,23,3065,False
g012_exception_override,12,exception_override,closure,shuffle_matched_023,Red,Blue,4075,7640,5231, **,other,3,2,-0.96875,23,3065,False
g015_closure_update,15,closure_update,closure,shuffle_matched_023,East,West,5571,4589,5231, **,other,2,3,1.2265625,23,3065,False
g015_closure_override,15,closure_override,closure,shuffle_matched_023,East,West,5571,4589,5231, **,other,3,2,-1.2265625,23,3065,False
g015_exception_override,15,exception_override,closure,shuffle_matched_023,East,West,5571,4589,5231, **,other,3,2,-1.3828125,23,3065,False
g018_closure_update,18,closure_update,closure,shuffle_matched_023,Red,Blue,4075,7640,5231, **,other,2,3,0.84375,23,3065,False
g018_closure_override,18,closure_override,closure,shuffle_matched_023,Red,Blue,4075,7640,7640, Blue,conflict,3,1,-0.859375,23,3065,False
g018_exception_override,18,exception_override,closure,shuffle_matched_023,Red,Blue,4075,7640,5231, **,other,3,2,-0.5,23,3065,False
g022_closure_update,22,closure_update,closure,shuffle_matched_023,Copper,Silver,38315,15934,5231, **,other,2,3,2.0234375,23,3065,False
g022_closure_override,22,closure_override,closure,shuffle_matched_023,Copper,Silver,38315,15934,38315, Copper,clean,1,3,1.3515625,23,3065,True
g022_exception_override,22,exception_override,closure,shuffle_matched_023,Copper,Silver,38315,15934,38315, Copper,clean,1,4,2.1015625,23,3065,False
g026_closure_update,26,closure_update,closure,shuffle_matched_023,North,South,4612,4316,5231, **,other,3,2,-0.1796875,23,3065,False
g026_closure_override,26,closure_override,closure,shuffle_matched_023,North,South,4612,4316,5231, **,other,2,3,0.296875,23,3065,False
g026_exception_override,26,exception_override,closure,shuffle_matched_023,North,South,4612,4316,5231, **,other,2,3,0.625,23,3065,False
g030_closure_update,30,closure_update,closure,shuffle_matched_023,Red,Blue,4075,7640,5231, **,other,2,3,1.03125,23,3065,False
g030_closure_override,30,closure_override,closure,shuffle_matched_023,Red,Blue,4075,7640,5231, **,other,3,2,-0.6015625,23,3065,False
g030_exception_override,30,exception_override,closure,shuffle_matched_023,Red,Blue,4075,7640,5231, **,other,3,2,-0.9453125,23,3065,False
g031_closure_update,31,closure_update,closure,shuffle_matched_023,Green,Yellow,6724,21730,5231, **,other,2,3,2.2421875,23,3065,False
g031_closure_override,31,closure_override,closure,shuffle_matched_023,Green,Yellow,6724,21730,6724, Green,clean,1,3,0.65625,23,3065,False
g031_exception_override,31,exception_override,closure,shuffle_matched_023,Green,Yellow,6724,21730,6724, Green,clean,1,3,1.265625,23,3065,False
g033_closure_update,33,closure_update,closure,shuffle_matched_023,East,West,5571,4589,5571, East,clean,1,3,2.75,23,3065,False
g033_closure_override,33,closure_override,closure,shuffle_matched_023,East,West,5571,4589,5571, East,clean,1,3,0.671875,23,3065,False
g033_exception_override,33,exception_override,closure,shuffle_matched_023,East,West,5571,4589,5231, **,other,2,3,0.6640625,23,3065,False
g039_closure_update,39,closure_update,closure,shuffle_matched_023,East,West,5571,4589,5231, **,other,2,3,2.1875,23,3065,False
g039_closure_override,39,closure_override,closure,shuffle_matched_023,East,West,5571,4589,5571, East,clean,1,3,0.2734375,23,3065,True
g039_exception_override,39,exception_override,closure,shuffle_matched_023,East,West,5571,4589,5231, **,other,3,2,-0.03125,23,3065,False
g040_closure_update,40,closure_update,closure,shuffle_matched_023,Copper,Silver,38315,15934,5231, **,other,2,3,2.03125,23,3065,False
g040_closure_override,40,closure_override,closure,shuffle_matched_023,Copper,Silver,38315,15934,38315, Copper,clean,1,3,1.65625,23,3065,True
g040_exception_override,40,exception_override,closure,shuffle_matched_023,Copper,Silver,38315,15934,38315, Copper,clean,1,5,3.125,23,3065,False
g042_closure_update,42,closure_update,closure,shuffle_matched_023,Red,Blue,4075,7640,5231, **,other,2,3,1.1640625,23,3065,False
g042_closure_override,42,closure_override,closure,shuffle_matched_023,Red,Blue,4075,7640,5231, **,other,3,1,-0.734375,23,3065,False
g042_exception_override,42,exception_override,closure,shuffle_matched_023,Red,Blue,4075,7640,5231, **,other,3,2,-0.0234375,23,3065,False
g045_closure_update,45,closure_update,closure,shuffle_matched_023,East,West,5571,4589,5231, **,other,2,4,2.953125,23,3065,False
g045_closure_override,45,closure_override,closure,shuffle_matched_023,East,West,5571,4589,5231, **,other,2,3,0.3515625,23,3065,False
g045_exception_override,45,exception_override,closure,shuffle_matched_023,East,West,5571,4589,5231, **,other,2,3,0.765625,23,3065,False
g053_closure_update,53,closure_update,closure,shuffle_matched_023,Gold,Iron,6863,17186,5231, **,other,2,3,1.734375,23,3065,False
g053_closure_override,53,closure_override,closure,shuffle_matched_023,Gold,Iron,6863,17186,5231, **,other,2,3,1.1171875,23,3065,False
g053_exception_override,53,exception_override,closure,shuffle_matched_023,Gold,Iron,6863,17186,5231, **,other,2,3,0.9296875,23,3065,False
g064_closure_update,64,closure_update,closure,shuffle_matched_023,Copper,Silver,38315,15934,5231, **,other,2,3,1.6328125,23,3065,False
g064_closure_override,64,closure_override,closure,shuffle_matched_023,Copper,Silver,38315,15934,38315, Copper,clean,1,3,1.703125,23,3065,True
g064_exception_override,64,exception_override,closure,shuffle_matched_023,Copper,Silver,38315,15934,38315, Copper,clean,1,3,2.3828125,23,3065,False
g067_closure_update,67,closure_update,closure,shuffle_matched_023,Green,Yellow,6724,21730,5231, **,other,2,3,2.171875,23,3065,False
g067_closure_override,67,closure_override,closure,shuffle_matched_023,Green,Yellow,6724,21730,6724, Green,clean,1,3,0.8828125,23,3065,False
g067_exception_override,67,exception_override,closure,shuffle_matched_023,Green,Yellow,6724,21730,5231, **,other,2,3,0.0625,23,3065,False
g068_closure_update,68,closure_update,closure,shuffle_matched_023,North,South,4612,4316,5231, **,other,2,3,0.8203125,23,3065,False
g068_closure_override,68,closure_override,closure,shuffle_matched_023,North,South,4612,4316,4612, North,clean,1,3,1.3984375,23,3065,True
g068_exception_override,68,exception_override,closure,shuffle_matched_023,North,South,4612,4316,5231, **,other,3,2,-0.0703125,23,3065,False
g069_closure_update,69,closure_update,closure,shuffle_matched_023,East,West,5571,4589,5231, **,other,2,4,2.7109375,23,3065,False
g069_closure_override,69,closure_override,closure,shuffle_matched_023,East,West,5571,4589,5231, **,other,2,3,0.59375,23,3065,False
g069_exception_override,69,exception_override,closure,shuffle_matched_023,East,West,5571,4589,5231, **,other,2,3,0.453125,23,3065,False
g073_closure_update,73,closure_update,closure,shuffle_matched_023,Green,Yellow,6724,21730,5231, **,other,2,3,1.4765625,23,3065,False
g073_closure_override,73,closure_override,closure,shuffle_matched_023,Green,Yellow,6724,21730,5231, **,other,2,3,0.1796875,23,3065,False
g073_exception_override,73,exception_override,closure,shuffle_matched_023,Green,Yellow,6724,21730,5231, **,other,2,3,0.421875,23,3065,False
g077_closure_update,77,closure_update,closure,shuffle_matched_023,Gold,Iron,6863,17186,5231, **,other,2,3,2.1015625,23,3065,False
g077_closure_override,77,closure_override,closure,shuffle_matched_023,Gold,Iron,6863,17186,5231, **,other,2,3,0.609375,23,3065,False
g077_exception_override,77,exception_override,closure,shuffle_matched_023,Gold,Iron,6863,17186,5231, **,other,2,3,0.875,23,3065,False
g079_closure_update,79,closure_update,closure,shuffle_matched_023,Green,Yellow,6724,21730,5231, **,other,2,3,1.3984375,23,3065,False
g079_closure_override,79,closure_override,closure,shuffle_matched_023,Green,Yellow,6724,21730,5231, **,other,2,3,0.0390625,23,3065,False
g079_exception_override,79,exception_override,closure,shuffle_matched_023,Green,Yellow,6724,21730,5231, **,other,2,3,0.4375,23,3065,False
g080_closure_update,80,closure_update,closure,shuffle_matched_023,North,South,4612,4316,5231, **,other,2,3,0.203125,23,3065,False
g080_closure_override,80,closure_override,closure,shuffle_matched_023,North,South,4612,4316,4612, North,clean,1,3,0.8984375,23,3065,True
g080_exception_override,80,exception_override,closure,shuffle_matched_023,North,South,4612,4316,4612, North,clean,1,3,1.4921875,23,3065,True
g085_closure_update,85,closure_update,closure,shuffle_matched_023,Green,Yellow,6724,21730,5231, **,other,2,3,1.7421875,23,3065,False
g085_closure_override,85,closure_override,closure,shuffle_matched_023,Green,Yellow,6724,21730,5231, **,other,1,3,0.8046875,23,3065,False
g085_exception_override,85,exception_override,closure,shuffle_matched_023,Green,Yellow,6724,21730,5231, **,other,2,3,0.546875,23,3065,False
g088_closure_update,88,closure_update,closure,shuffle_matched_023,Copper,Silver,38315,15934,5231, **,other,2,3,2.8046875,23,3065,False
g088_closure_override,88,closure_override,closure,shuffle_matched_023,Copper,Silver,38315,15934,38315, Copper,clean,1,3,1.3984375,23,3065,True
g088_exception_override,88,exception_override,closure,shuffle_matched_023,Copper,Silver,38315,15934,38315, Copper,clean,1,3,1.203125,23,3065,False
g094_closure_update,94,closure_update,closure,shuffle_matched_023,Copper,Silver,38315,15934,5231, **,other,2,4,3.0703125,23,3065,False
g094_closure_override,94,closure_override,closure,shuffle_matched_023,Copper,Silver,38315,15934,38315, Copper,clean,1,3,1.6171875,23,3065,True
g094_exception_override,94,exception_override,closure,shuffle_matched_023,Copper,Silver,38315,15934,38315, Copper,clean,1,3,1.328125,23,3065,False
g000_closure_update,0,closure_update,closure,shuffle_matched_024,Red,Blue,4075,7640,5231, **,other,2,3,0.9375,24,3066,False
g000_closure_override,0,closure_override,closure,shuffle_matched_024,Red,Blue,4075,7640,5231, **,other,3,2,-1.1015625,24,3066,False
g000_exception_override,0,exception_override,closure,shuffle_matched_024,Red,Blue,4075,7640,5231, **,other,3,2,-0.5390625,24,3066,False
g004_closure_update,4,closure_update,closure,shuffle_matched_024,Copper,Silver,38315,15934,5231, **,other,2,3,2.4765625,24,3066,False
g004_closure_override,4,closure_override,closure,shuffle_matched_024,Copper,Silver,38315,15934,38315, Copper,clean,1,3,2.328125,24,3066,False
g004_exception_override,4,exception_override,closure,shuffle_matched_024,Copper,Silver,38315,15934,38315, Copper,clean,1,4,2.734375,24,3066,False
g009_closure_update,9,closure_update,closure,shuffle_matched_024,East,West,5571,4589,5231, **,other,2,3,2.875,24,3066,False
g009_closure_override,9,closure_override,closure,shuffle_matched_024,East,West,5571,4589,5231, **,other,2,3,0.140625,24,3066,False
g009_exception_override,9,exception_override,closure,shuffle_matched_024,East,West,5571,4589,5231, **,other,2,3,0.296875,24,3066,False
g010_closure_update,10,closure_update,closure,shuffle_matched_024,Copper,Silver,38315,15934,5231, **,other,2,4,3.296875,24,3066,False
g010_closure_override,10,closure_override,closure,shuffle_matched_024,Copper,Silver,38315,15934,38315, Copper,clean,1,3,1.828125,24,3066,False
g010_exception_override,10,exception_override,closure,shuffle_matched_024,Copper,Silver,38315,15934,5231, **,other,2,3,0.6875,24,3066,False
g011_closure_update,11,closure_update,closure,shuffle_matched_024,Gold,Iron,6863,17186,5231, **,other,2,3,2.1328125,24,3066,False
g011_closure_override,11,closure_override,closure,shuffle_matched_024,Gold,Iron,6863,17186,5231, **,other,2,3,0.125,24,3066,False
g011_exception_override,11,exception_override,closure,shuffle_matched_024,Gold,Iron,6863,17186,17186, Iron,conflict,3,1,-0.59375,24,3066,False
g012_closure_update,12,closure_update,closure,shuffle_matched_024,Red,Blue,4075,7640,5231, **,other,2,3,1.0703125,24,3066,False
g012_closure_override,12,closure_override,closure,shuffle_matched_024,Red,Blue,4075,7640,5231, **,other,3,2,-0.796875,24,3066,False
g012_exception_override,12,exception_override,closure,shuffle_matched_024,Red,Blue,4075,7640,5231, **,other,3,2,-0.390625,24,3066,False
g015_closure_update,15,closure_update,closure,shuffle_matched_024,East,West,5571,4589,5231, **,other,2,3,1.2265625,24,3066,False
g015_closure_override,15,closure_override,closure,shuffle_matched_024,East,West,5571,4589,5231, **,other,3,2,-1.2265625,24,3066,False
g015_exception_override,15,exception_override,closure,shuffle_matched_024,East,West,5571,4589,4589, West,conflict,3,1,-1.515625,24,3066,False
g018_closure_update,18,closure_update,closure,shuffle_matched_024,Red,Blue,4075,7640,5231, **,other,2,3,0.84375,24,3066,False
g018_closure_override,18,closure_override,closure,shuffle_matched_024,Red,Blue,4075,7640,7640, Blue,conflict,3,1,-1.078125,24,3066,False
g018_exception_override,18,exception_override,closure,shuffle_matched_024,Red,Blue,4075,7640,5231, **,other,3,2,-0.453125,24,3066,False
g022_closure_update,22,closure_update,closure,shuffle_matched_024,Copper,Silver,38315,15934,5231, **,other,2,3,2.0234375,24,3066,False
g022_closure_override,22,closure_override,closure,shuffle_matched_024,Copper,Silver,38315,15934,38315, Copper,clean,1,3,1.3515625,24,3066,True
g022_exception_override,22,exception_override,closure,shuffle_matched_024,Copper,Silver,38315,15934,5231, **,other,2,3,0.3046875,24,3066,False
g026_closure_update,26,closure_update,closure,shuffle_matched_024,North,South,4612,4316,5231, **,other,3,2,-0.1796875,24,3066,False
g026_closure_override,26,closure_override,closure,shuffle_matched_024,North,South,4612,4316,5231, **,other,2,3,0.296875,24,3066,False
g026_exception_override,26,exception_override,closure,shuffle_matched_024,North,South,4612,4316,5231, **,other,3,2,-0.5625,24,3066,False
g030_closure_update,30,closure_update,closure,shuffle_matched_024,Red,Blue,4075,7640,5231, **,other,2,3,1.0625,24,3066,False
g030_closure_override,30,closure_override,closure,shuffle_matched_024,Red,Blue,4075,7640,7640, Blue,conflict,3,1,-0.8359375,24,3066,False
g030_exception_override,30,exception_override,closure,shuffle_matched_024,Red,Blue,4075,7640,5231, **,other,2,3,0.1328125,24,3066,False
g031_closure_update,31,closure_update,closure,shuffle_matched_024,Green,Yellow,6724,21730,5231, **,other,2,3,2.2421875,24,3066,False
g031_closure_override,31,closure_override,closure,shuffle_matched_024,Green,Yellow,6724,21730,6724, Green,clean,1,3,0.65625,24,3066,False
g031_exception_override,31,exception_override,closure,shuffle_matched_024,Green,Yellow,6724,21730,5231, **,other,2,3,1.0078125,24,3066,False
g033_closure_update,33,closure_update,closure,shuffle_matched_024,East,West,5571,4589,5571, East,clean,1,3,2.75,24,3066,False
g033_closure_override,33,closure_override,closure,shuffle_matched_024,East,West,5571,4589,5571, East,clean,1,3,0.5234375,24,3066,False
g033_exception_override,33,exception_override,closure,shuffle_matched_024,East,West,5571,4589,5231, **,other,2,3,0.3828125,24,3066,False
g039_closure_update,39,closure_update,closure,shuffle_matched_024,East,West,5571,4589,5231, **,other,2,3,2.1875,24,3066,False
g039_closure_override,39,closure_override,closure,shuffle_matched_024,East,West,5571,4589,5571, East,clean,1,3,0.2734375,24,3066,True
g039_exception_override,39,exception_override,closure,shuffle_matched_024,East,West,5571,4589,5231, **,other,3,2,-0.1171875,24,3066,False
g040_closure_update,40,closure_update,closure,shuffle_matched_024,Copper,Silver,38315,15934,5231, **,other,2,3,2.03125,24,3066,False
g040_closure_override,40,closure_override,closure,shuffle_matched_024,Copper,Silver,38315,15934,38315, Copper,clean,1,3,0.96875,24,3066,True
g040_exception_override,40,exception_override,closure,shuffle_matched_024,Copper,Silver,38315,15934,5231, **,other,2,3,0.875,24,3066,False
g042_closure_update,42,closure_update,closure,shuffle_matched_024,Red,Blue,4075,7640,5231, **,other,2,3,1.1640625,24,3066,False
g042_closure_override,42,closure_override,closure,shuffle_matched_024,Red,Blue,4075,7640,5231, **,other,3,1,-0.734375,24,3066,False
g042_exception_override,42,exception_override,closure,shuffle_matched_024,Red,Blue,4075,7640,5231, **,other,3,2,-0.890625,24,3066,False
g045_closure_update,45,closure_update,closure,shuffle_matched_024,East,West,5571,4589,5231, **,other,2,4,2.953125,24,3066,False
g045_closure_override,45,closure_override,closure,shuffle_matched_024,East,West,5571,4589,5231, **,other,2,3,0.5546875,24,3066,False
g045_exception_override,45,exception_override,closure,shuffle_matched_024,East,West,5571,4589,5231, **,other,2,3,0.7890625,24,3066,False
g053_closure_update,53,closure_update,closure,shuffle_matched_024,Gold,Iron,6863,17186,5231, **,other,2,3,1.734375,24,3066,False
g053_closure_override,53,closure_override,closure,shuffle_matched_024,Gold,Iron,6863,17186,5231, **,other,1,3,1.4375,24,3066,False
g053_exception_override,53,exception_override,closure,shuffle_matched_024,Gold,Iron,6863,17186,5231, **,other,2,3,1.109375,24,3066,False
g064_closure_update,64,closure_update,closure,shuffle_matched_024,Copper,Silver,38315,15934,5231, **,other,2,3,1.6328125,24,3066,False
g064_closure_override,64,closure_override,closure,shuffle_matched_024,Copper,Silver,38315,15934,38315, Copper,clean,1,3,1.6875,24,3066,True
g064_exception_override,64,exception_override,closure,shuffle_matched_024,Copper,Silver,38315,15934,38315, Copper,clean,1,3,1.75,24,3066,False
g067_closure_update,67,closure_update,closure,shuffle_matched_024,Green,Yellow,6724,21730,5231, **,other,2,3,2.171875,24,3066,False
g067_closure_override,67,closure_override,closure,shuffle_matched_024,Green,Yellow,6724,21730,6724, Green,clean,1,3,0.859375,24,3066,False
g067_exception_override,67,exception_override,closure,shuffle_matched_024,Green,Yellow,6724,21730,5231, **,other,2,3,1.03125,24,3066,False
g068_closure_update,68,closure_update,closure,shuffle_matched_024,North,South,4612,4316,5231, **,other,2,3,0.8203125,24,3066,False
g068_closure_override,68,closure_override,closure,shuffle_matched_024,North,South,4612,4316,5231, **,other,2,3,1.2890625,24,3066,False
g068_exception_override,68,exception_override,closure,shuffle_matched_024,North,South,4612,4316,5231, **,other,3,2,-0.0703125,24,3066,False
g069_closure_update,69,closure_update,closure,shuffle_matched_024,East,West,5571,4589,5231, **,other,2,4,2.7109375,24,3066,False
g069_closure_override,69,closure_override,closure,shuffle_matched_024,East,West,5571,4589,5231, **,other,2,3,0.4609375,24,3066,False
g069_exception_override,69,exception_override,closure,shuffle_matched_024,East,West,5571,4589,5231, **,other,2,3,0.5390625,24,3066,False
g073_closure_update,73,closure_update,closure,shuffle_matched_024,Green,Yellow,6724,21730,5231, **,other,2,3,1.5703125,24,3066,False
g073_closure_override,73,closure_override,closure,shuffle_matched_024,Green,Yellow,6724,21730,5231, **,other,2,3,0.234375,24,3066,False
g073_exception_override,73,exception_override,closure,shuffle_matched_024,Green,Yellow,6724,21730,5231, **,other,2,3,0.5,24,3066,False
g077_closure_update,77,closure_update,closure,shuffle_matched_024,Gold,Iron,6863,17186,5231, **,other,2,3,2.1015625,24,3066,False
g077_closure_override,77,closure_override,closure,shuffle_matched_024,Gold,Iron,6863,17186,5231, **,other,2,3,0.6328125,24,3066,False
g077_exception_override,77,exception_override,closure,shuffle_matched_024,Gold,Iron,6863,17186,5231, **,other,2,3,0.6796875,24,3066,False
g079_closure_update,79,closure_update,closure,shuffle_matched_024,Green,Yellow,6724,21730,5231, **,other,2,3,1.3984375,24,3066,False
g079_closure_override,79,closure_override,closure,shuffle_matched_024,Green,Yellow,6724,21730,5231, **,other,2,3,0.0234375,24,3066,False
g079_exception_override,79,exception_override,closure,shuffle_matched_024,Green,Yellow,6724,21730,5231, **,other,2,3,0.40625,24,3066,False
g080_closure_update,80,closure_update,closure,shuffle_matched_024,North,South,4612,4316,5231, **,other,2,3,0.203125,24,3066,False
g080_closure_override,80,closure_override,closure,shuffle_matched_024,North,South,4612,4316,4612, North,clean,1,3,0.8984375,24,3066,True
g080_exception_override,80,exception_override,closure,shuffle_matched_024,North,South,4612,4316,4612, North,clean,1,3,1.4921875,24,3066,True
g085_closure_update,85,closure_update,closure,shuffle_matched_024,Green,Yellow,6724,21730,5231, **,other,2,3,1.75,24,3066,False
g085_closure_override,85,closure_override,closure,shuffle_matched_024,Green,Yellow,6724,21730,5231, **,other,2,3,0.1171875,24,3066,False
g085_exception_override,85,exception_override,closure,shuffle_matched_024,Green,Yellow,6724,21730,5231, **,other,2,3,0.5390625,24,3066,False
g088_closure_update,88,closure_update,closure,shuffle_matched_024,Copper,Silver,38315,15934,5231, **,other,2,3,2.8046875,24,3066,False
g088_closure_override,88,closure_override,closure,shuffle_matched_024,Copper,Silver,38315,15934,38315, Copper,clean,1,3,1.390625,24,3066,True
g088_exception_override,88,exception_override,closure,shuffle_matched_024,Copper,Silver,38315,15934,38315, Copper,clean,1,3,1.6953125,24,3066,False
g094_closure_update,94,closure_update,closure,shuffle_matched_024,Copper,Silver,38315,15934,5231, **,other,2,4,3.0703125,24,3066,False
g094_closure_override,94,closure_override,closure,shuffle_matched_024,Copper,Silver,38315,15934,38315, Copper,clean,1,3,1.265625,24,3066,True
g094_exception_override,94,exception_override,closure,shuffle_matched_024,Copper,Silver,38315,15934,5231, **,other,2,3,0.546875,24,3066,False
g000_closure_update,0,closure_update,closure,shuffle_matched_025,Red,Blue,4075,7640,5231, **,other,2,3,0.953125,25,3067,False
g000_closure_override,0,closure_override,closure,shuffle_matched_025,Red,Blue,4075,7640,5231, **,other,3,2,-0.65625,25,3067,False
g000_exception_override,0,exception_override,closure,shuffle_matched_025,Red,Blue,4075,7640,5231, **,other,3,2,-0.5703125,25,3067,False
g004_closure_update,4,closure_update,closure,shuffle_matched_025,Copper,Silver,38315,15934,5231, **,other,2,3,2.4765625,25,3067,False
g004_closure_override,4,closure_override,closure,shuffle_matched_025,Copper,Silver,38315,15934,38315, Copper,clean,1,3,2.328125,25,3067,False
g004_exception_override,4,exception_override,closure,shuffle_matched_025,Copper,Silver,38315,15934,38315, Copper,clean,1,3,2.0859375,25,3067,False
g009_closure_update,9,closure_update,closure,shuffle_matched_025,East,West,5571,4589,5231, **,other,2,3,2.875,25,3067,False
g009_closure_override,9,closure_override,closure,shuffle_matched_025,East,West,5571,4589,5231, **,other,2,3,0.6015625,25,3067,False
g009_exception_override,9,exception_override,closure,shuffle_matched_025,East,West,5571,4589,5231, **,other,2,3,0.90625,25,3067,False
g010_closure_update,10,closure_update,closure,shuffle_matched_025,Copper,Silver,38315,15934,5231, **,other,2,4,3.296875,25,3067,False
g010_closure_override,10,closure_override,closure,shuffle_matched_025,Copper,Silver,38315,15934,38315, Copper,clean,1,3,1.4921875,25,3067,False
g010_exception_override,10,exception_override,closure,shuffle_matched_025,Copper,Silver,38315,15934,38315, Copper,clean,1,3,1.3359375,25,3067,False
g011_closure_update,11,closure_update,closure,shuffle_matched_025,Gold,Iron,6863,17186,5231, **,other,2,3,2.109375,25,3067,False
g011_closure_override,11,closure_override,closure,shuffle_matched_025,Gold,Iron,6863,17186,5231, **,other,2,3,0.125,25,3067,False
g011_exception_override,11,exception_override,closure,shuffle_matched_025,Gold,Iron,6863,17186,17186, Iron,conflict,3,1,-0.8359375,25,3067,False
g012_closure_update,12,closure_update,closure,shuffle_matched_025,Red,Blue,4075,7640,5231, **,other,2,3,1.3125,25,3067,False
g012_closure_override,12,closure_override,closure,shuffle_matched_025,Red,Blue,4075,7640,5231, **,other,3,2,-0.8125,25,3067,False
g012_exception_override,12,exception_override,closure,shuffle_matched_025,Red,Blue,4075,7640,5231, **,other,3,2,-0.96875,25,3067,False
g015_closure_update,15,closure_update,closure,shuffle_matched_025,East,West,5571,4589,5231, **,other,2,3,1.2265625,25,3067,False
g015_closure_override,15,closure_override,closure,shuffle_matched_025,East,West,5571,4589,4589, West,conflict,3,1,-1.3359375,25,3067,False
g015_exception_override,15,exception_override,closure,shuffle_matched_025,East,West,5571,4589,5231, **,other,3,2,-1.3359375,25,3067,False
g018_closure_update,18,closure_update,closure,shuffle_matched_025,Red,Blue,4075,7640,5231, **,other,2,3,0.84375,25,3067,False
g018_closure_override,18,closure_override,closure,shuffle_matched_025,Red,Blue,4075,7640,7640, Blue,conflict,3,1,-1.078125,25,3067,False
g018_exception_override,18,exception_override,closure,shuffle_matched_025,Red,Blue,4075,7640,5231, **,other,3,2,-1.2734375,25,3067,False
g022_closure_update,22,closure_update,closure,shuffle_matched_025,Copper,Silver,38315,15934,5231, **,other,2,3,2.0234375,25,3067,False
g022_closure_override,22,closure_override,closure,shuffle_matched_025,Copper,Silver,38315,15934,38315, Copper,clean,1,3,1.625,25,3067,True
g022_exception_override,22,exception_override,closure,shuffle_matched_025,Copper,Silver,38315,15934,38315, Copper,clean,1,4,2.1015625,25,3067,False
g026_closure_update,26,closure_update,closure,shuffle_matched_025,North,South,4612,4316,5231, **,other,3,2,-0.1796875,25,3067,False
g026_closure_override,26,closure_override,closure,shuffle_matched_025,North,South,4612,4316,5231, **,other,2,3,0.3359375,25,3067,False
g026_exception_override,26,exception_override,closure,shuffle_matched_025,North,South,4612,4316,5231, **,other,2,3,0.609375,25,3067,False
g030_closure_update,30,closure_update,closure,shuffle_matched_025,Red,Blue,4075,7640,5231, **,other,2,3,1.0625,25,3067,False
g030_closure_override,30,closure_override,closure,shuffle_matched_025,Red,Blue,4075,7640,7640, Blue,conflict,3,1,-0.6953125,25,3067,False
g030_exception_override,30,exception_override,closure,shuffle_matched_025,Red,Blue,4075,7640,5231, **,other,2,3,0.03125,25,3067,False
g031_closure_update,31,closure_update,closure,shuffle_matched_025,Green,Yellow,6724,21730,5231, **,other,2,3,2.2421875,25,3067,False
g031_closure_override,31,closure_override,closure,shuffle_matched_025,Green,Yellow,6724,21730,5231, **,other,1,3,0.8359375,25,3067,False
g031_exception_override,31,exception_override,closure,shuffle_matched_025,Green,Yellow,6724,21730,6724, Green,clean,1,3,1.21875,25,3067,False
g033_closure_update,33,closure_update,closure,shuffle_matched_025,East,West,5571,4589,5571, East,clean,1,3,2.75,25,3067,False
g033_closure_override,33,closure_override,closure,shuffle_matched_025,East,West,5571,4589,5571, East,clean,1,3,0.5234375,25,3067,False
g033_exception_override,33,exception_override,closure,shuffle_matched_025,East,West,5571,4589,5231, **,other,2,3,0.484375,25,3067,False
g039_closure_update,39,closure_update,closure,shuffle_matched_025,East,West,5571,4589,5231, **,other,2,3,2.1875,25,3067,False
g039_closure_override,39,closure_override,closure,shuffle_matched_025,East,West,5571,4589,5571, East,clean,1,3,0.4765625,25,3067,True
g039_exception_override,39,exception_override,closure,shuffle_matched_025,East,West,5571,4589,5231, **,other,3,2,-0.1015625,25,3067,False
g040_closure_update,40,closure_update,closure,shuffle_matched_025,Copper,Silver,38315,15934,5231, **,other,2,3,2.03125,25,3067,False
g040_closure_override,40,closure_override,closure,shuffle_matched_025,Copper,Silver,38315,15934,38315, Copper,clean,1,3,1.65625,25,3067,True
g040_exception_override,40,exception_override,closure,shuffle_matched_025,Copper,Silver,38315,15934,5231, **,other,2,3,0.828125,25,3067,False
g042_closure_update,42,closure_update,closure,shuffle_matched_025,Red,Blue,4075,7640,5231, **,other,2,3,1.1640625,25,3067,False
g042_closure_override,42,closure_override,closure,shuffle_matched_025,Red,Blue,4075,7640,5231, **,other,3,2,-0.484375,25,3067,False
g042_exception_override,42,exception_override,closure,shuffle_matched_025,Red,Blue,4075,7640,5231, **,other,3,2,-0.03125,25,3067,False
g045_closure_update,45,closure_update,closure,shuffle_matched_025,East,West,5571,4589,5231, **,other,2,4,2.953125,25,3067,False
g045_closure_override,45,closure_override,closure,shuffle_matched_025,East,West,5571,4589,5231, **,other,2,3,0.3515625,25,3067,False
g045_exception_override,45,exception_override,closure,shuffle_matched_025,East,West,5571,4589,5231, **,other,2,3,0.8125,25,3067,False
g053_closure_update,53,closure_update,closure,shuffle_matched_025,Gold,Iron,6863,17186,5231, **,other,2,3,1.734375,25,3067,False
g053_closure_override,53,closure_override,closure,shuffle_matched_025,Gold,Iron,6863,17186,5231, **,other,1,3,1.59375,25,3067,False
g053_exception_override,53,exception_override,closure,shuffle_matched_025,Gold,Iron,6863,17186,5231, **,other,2,4,1.3125,25,3067,False
g064_closure_update,64,closure_update,closure,shuffle_matched_025,Copper,Silver,38315,15934,5231, **,other,2,3,1.6328125,25,3067,False
g064_closure_override,64,closure_override,closure,shuffle_matched_025,Copper,Silver,38315,15934,38315, Copper,clean,1,3,1.703125,25,3067,True
g064_exception_override,64,exception_override,closure,shuffle_matched_025,Copper,Silver,38315,15934,38315, Copper,clean,1,3,2.1484375,25,3067,False
g067_closure_update,67,closure_update,closure,shuffle_matched_025,Green,Yellow,6724,21730,5231, **,other,2,3,2.171875,25,3067,False
g067_closure_override,67,closure_override,closure,shuffle_matched_025,Green,Yellow,6724,21730,6724, Green,clean,1,3,0.9140625,25,3067,False
g067_exception_override,67,exception_override,closure,shuffle_matched_025,Green,Yellow,6724,21730,5231, **,other,2,3,0.0625,25,3067,False
g068_closure_update,68,closure_update,closure,shuffle_matched_025,North,South,4612,4316,5231, **,other,2,3,0.8203125,25,3067,False
g068_closure_override,68,closure_override,closure,shuffle_matched_025,North,South,4612,4316,5231, **,other,2,3,1.3046875,25,3067,False
g068_exception_override,68,exception_override,closure,shuffle_matched_025,North,South,4612,4316,5231, **,other,2,3,1.4140625,25,3067,False
g069_closure_update,69,closure_update,closure,shuffle_matched_025,East,West,5571,4589,5231, **,other,2,4,2.7109375,25,3067,False
g069_closure_override,69,closure_override,closure,shuffle_matched_025,East,West,5571,4589,5231, **,other,2,3,0.5703125,25,3067,False
g069_exception_override,69,exception_override,closure,shuffle_matched_025,East,West,5571,4589,5231, **,other,2,3,0.453125,25,3067,False
g073_closure_update,73,closure_update,closure,shuffle_matched_025,Green,Yellow,6724,21730,5231, **,other,2,3,1.4765625,25,3067,False
g073_closure_override,73,closure_override,closure,shuffle_matched_025,Green,Yellow,6724,21730,5231, **,other,2,3,0.1796875,25,3067,False
g073_exception_override,73,exception_override,closure,shuffle_matched_025,Green,Yellow,6724,21730,5231, **,other,2,3,0.40625,25,3067,False
g077_closure_update,77,closure_update,closure,shuffle_matched_025,Gold,Iron,6863,17186,5231, **,other,2,3,2.1015625,25,3067,False
g077_closure_override,77,closure_override,closure,shuffle_matched_025,Gold,Iron,6863,17186,5231, **,other,2,3,0.71875,25,3067,False
g077_exception_override,77,exception_override,closure,shuffle_matched_025,Gold,Iron,6863,17186,5231, **,other,2,3,0.90625,25,3067,False
g079_closure_update,79,closure_update,closure,shuffle_matched_025,Green,Yellow,6724,21730,5231, **,other,2,3,1.3984375,25,3067,False
g079_closure_override,79,closure_override,closure,shuffle_matched_025,Green,Yellow,6724,21730,5231, **,other,2,3,0.015625,25,3067,False
g079_exception_override,79,exception_override,closure,shuffle_matched_025,Green,Yellow,6724,21730,6724, Green,clean,1,3,0.6015625,25,3067,False
g080_closure_update,80,closure_update,closure,shuffle_matched_025,North,South,4612,4316,5231, **,other,2,3,0.203125,25,3067,False
g080_closure_override,80,closure_override,closure,shuffle_matched_025,North,South,4612,4316,5231, **,other,2,3,0.9140625,25,3067,False
g080_exception_override,80,exception_override,closure,shuffle_matched_025,North,South,4612,4316,5231, **,other,3,2,-0.296875,25,3067,False
g085_closure_update,85,closure_update,closure,shuffle_matched_025,Green,Yellow,6724,21730,5231, **,other,2,3,1.734375,25,3067,False
g085_closure_override,85,closure_override,closure,shuffle_matched_025,Green,Yellow,6724,21730,6724, Green,clean,1,3,0.859375,25,3067,True
g085_exception_override,85,exception_override,closure,shuffle_matched_025,Green,Yellow,6724,21730,5231, **,other,3,2,-0.5,25,3067,False
g088_closure_update,88,closure_update,closure,shuffle_matched_025,Copper,Silver,38315,15934,5231, **,other,2,3,2.8046875,25,3067,False
g088_closure_override,88,closure_override,closure,shuffle_matched_025,Copper,Silver,38315,15934,38315, Copper,clean,1,3,1.390625,25,3067,True
g088_exception_override,88,exception_override,closure,shuffle_matched_025,Copper,Silver,38315,15934,38315, Copper,clean,1,3,1.6953125,25,3067,False
g094_closure_update,94,closure_update,closure,shuffle_matched_025,Copper,Silver,38315,15934,5231, **,other,2,4,3.0703125,25,3067,False
g094_closure_override,94,closure_override,closure,shuffle_matched_025,Copper,Silver,38315,15934,38315, Copper,clean,1,3,0.859375,25,3067,True
g094_exception_override,94,exception_override,closure,shuffle_matched_025,Copper,Silver,38315,15934,38315, Copper,clean,1,3,1.7421875,25,3067,False
g000_closure_update,0,closure_update,closure,shuffle_matched_026,Red,Blue,4075,7640,5231, **,other,2,3,0.9375,26,3068,False
g000_closure_override,0,closure_override,closure,shuffle_matched_026,Red,Blue,4075,7640,5231, **,other,3,2,-0.75,26,3068,False
g000_exception_override,0,exception_override,closure,shuffle_matched_026,Red,Blue,4075,7640,5231, **,other,3,2,-0.8203125,26,3068,False
g004_closure_update,4,closure_update,closure,shuffle_matched_026,Copper,Silver,38315,15934,5231, **,other,2,3,2.4765625,26,3068,False
g004_closure_override,4,closure_override,closure,shuffle_matched_026,Copper,Silver,38315,15934,38315, Copper,clean,1,3,1.9765625,26,3068,False
g004_exception_override,4,exception_override,closure,shuffle_matched_026,Copper,Silver,38315,15934,38315, Copper,clean,1,3,2.0859375,26,3068,False
g009_closure_update,9,closure_update,closure,shuffle_matched_026,East,West,5571,4589,5231, **,other,2,3,2.875,26,3068,False
g009_closure_override,9,closure_override,closure,shuffle_matched_026,East,West,5571,4589,5231, **,other,2,3,0.140625,26,3068,False
g009_exception_override,9,exception_override,closure,shuffle_matched_026,East,West,5571,4589,5231, **,other,2,3,0.90625,26,3068,False
g010_closure_update,10,closure_update,closure,shuffle_matched_026,Copper,Silver,38315,15934,5231, **,other,2,4,3.296875,26,3068,False
g010_closure_override,10,closure_override,closure,shuffle_matched_026,Copper,Silver,38315,15934,38315, Copper,clean,1,3,1.8359375,26,3068,False
g010_exception_override,10,exception_override,closure,shuffle_matched_026,Copper,Silver,38315,15934,5231, **,other,2,3,0.6875,26,3068,False
g011_closure_update,11,closure_update,closure,shuffle_matched_026,Gold,Iron,6863,17186,5231, **,other,2,3,2.1328125,26,3068,False
g011_closure_override,11,closure_override,closure,shuffle_matched_026,Gold,Iron,6863,17186,5231, **,other,2,3,0.21875,26,3068,False
g011_exception_override,11,exception_override,closure,shuffle_matched_026,Gold,Iron,6863,17186,17186, Iron,conflict,3,1,-0.625,26,3068,False
g012_closure_update,12,closure_update,closure,shuffle_matched_026,Red,Blue,4075,7640,5231, **,other,2,3,1.0703125,26,3068,False
g012_closure_override,12,closure_override,closure,shuffle_matched_026,Red,Blue,4075,7640,7640, Blue,conflict,3,1,-1.015625,26,3068,False
g012_exception_override,12,exception_override,closure,shuffle_matched_026,Red,Blue,4075,7640,5231, **,other,3,2,-0.96875,26,3068,False
g015_closure_update,15,closure_update,closure,shuffle_matched_026,East,West,5571,4589,5231, **,other,2,3,1.2265625,26,3068,False
g015_closure_override,15,closure_override,closure,shuffle_matched_026,East,West,5571,4589,4589, West,conflict,3,1,-1.359375,26,3068,False
g015_exception_override,15,exception_override,closure,shuffle_matched_026,East,West,5571,4589,4589, West,conflict,3,1,-1.515625,26,3068,False
g018_closure_update,18,closure_update,closure,shuffle_matched_026,Red,Blue,4075,7640,5231, **,other,2,3,0.84375,26,3068,False
g018_closure_override,18,closure_override,closure,shuffle_matched_026,Red,Blue,4075,7640,5231, **,other,3,2,-0.890625,26,3068,False
g018_exception_override,18,exception_override,closure,shuffle_matched_026,Red,Blue,4075,7640,5231, **,other,3,2,-0.5,26,3068,False
g022_closure_update,22,closure_update,closure,shuffle_matched_026,Copper,Silver,38315,15934,5231, **,other,2,3,2.0234375,26,3068,False
g022_closure_override,22,closure_override,closure,shuffle_matched_026,Copper,Silver,38315,15934,38315, Copper,clean,1,3,0.984375,26,3068,True
g022_exception_override,22,exception_override,closure,shuffle_matched_026,Copper,Silver,38315,15934,38315, Copper,clean,1,3,1.8515625,26,3068,False
g026_closure_update,26,closure_update,closure,shuffle_matched_026,North,South,4612,4316,5231, **,other,3,2,-0.1796875,26,3068,False
g026_closure_override,26,closure_override,closure,shuffle_matched_026,North,South,4612,4316,5231, **,other,2,3,0.3359375,26,3068,False
g026_exception_override,26,exception_override,closure,shuffle_matched_026,North,South,4612,4316,5231, **,other,2,3,0.9921875,26,3068,False
g030_closure_update,30,closure_update,closure,shuffle_matched_026,Red,Blue,4075,7640,5231, **,other,2,3,1.0625,26,3068,False
g030_closure_override,30,closure_override,closure,shuffle_matched_026,Red,Blue,4075,7640,7640, Blue,conflict,3,1,-0.4921875,26,3068,False
g030_exception_override,30,exception_override,closure,shuffle_matched_026,Red,Blue,4075,7640,5231, **,other,2,3,0.1484375,26,3068,False
g031_closure_update,31,closure_update,closure,shuffle_matched_026,Green,Yellow,6724,21730,5231, **,other,2,3,2.2421875,26,3068,False
g031_closure_override,31,closure_override,closure,shuffle_matched_026,Green,Yellow,6724,21730,5231, **,other,1,3,0.8359375,26,3068,False
g031_exception_override,31,exception_override,closure,shuffle_matched_026,Green,Yellow,6724,21730,5231, **,other,2,3,1.0078125,26,3068,False
g033_closure_update,33,closure_update,closure,shuffle_matched_026,East,West,5571,4589,5571, East,clean,1,3,2.75,26,3068,False
g033_closure_override,33,closure_override,closure,shuffle_matched_026,East,West,5571,4589,5571, East,clean,1,3,0.828125,26,3068,False
g033_exception_override,33,exception_override,closure,shuffle_matched_026,East,West,5571,4589,5231, **,other,2,3,0.3671875,26,3068,False
g039_closure_update,39,closure_update,closure,shuffle_matched_026,East,West,5571,4589,5231, **,other,2,3,2.1875,26,3068,False
g039_closure_override,39,closure_override,closure,shuffle_matched_026,East,West,5571,4589,5571, East,clean,1,3,0.4140625,26,3068,True
g039_exception_override,39,exception_override,closure,shuffle_matched_026,East,West,5571,4589,5231, **,other,3,2,-0.1171875,26,3068,False
g040_closure_update,40,closure_update,closure,shuffle_matched_026,Copper,Silver,38315,15934,5231, **,other,2,3,2.03125,26,3068,False
g040_closure_override,40,closure_override,closure,shuffle_matched_026,Copper,Silver,38315,15934,38315, Copper,clean,1,3,1.65625,26,3068,True
g040_exception_override,40,exception_override,closure,shuffle_matched_026,Copper,Silver,38315,15934,38315, Copper,clean,1,5,3.125,26,3068,False
g042_closure_update,42,closure_update,closure,shuffle_matched_026,Red,Blue,4075,7640,5231, **,other,2,3,1.1640625,26,3068,False
g042_closure_override,42,closure_override,closure,shuffle_matched_026,Red,Blue,4075,7640,5231, **,other,3,1,-0.734375,26,3068,False
g042_exception_override,42,exception_override,closure,shuffle_matched_026,Red,Blue,4075,7640,5231, **,other,3,2,-0.015625,26,3068,False
g045_closure_update,45,closure_update,closure,shuffle_matched_026,East,West,5571,4589,5231, **,other,2,4,2.953125,26,3068,False
g045_closure_override,45,closure_override,closure,shuffle_matched_026,East,West,5571,4589,5231, **,other,2,3,0.3203125,26,3068,False
g045_exception_override,45,exception_override,closure,shuffle_matched_026,East,West,5571,4589,5231, **,other,2,3,0.765625,26,3068,False
g053_closure_update,53,closure_update,closure,shuffle_matched_026,Gold,Iron,6863,17186,5231, **,other,2,3,1.734375,26,3068,False
g053_closure_override,53,closure_override,closure,shuffle_matched_026,Gold,Iron,6863,17186,5231, **,other,1,3,1.59375,26,3068,False
g053_exception_override,53,exception_override,closure,shuffle_matched_026,Gold,Iron,6863,17186,5231, **,other,2,4,1.2890625,26,3068,False
g064_closure_update,64,closure_update,closure,shuffle_matched_026,Copper,Silver,38315,15934,5231, **,other,2,3,1.6328125,26,3068,False
g064_closure_override,64,closure_override,closure,shuffle_matched_026,Copper,Silver,38315,15934,5231, **,other,2,3,0.515625,26,3068,False
g064_exception_override,64,exception_override,closure,shuffle_matched_026,Copper,Silver,38315,15934,38315, Copper,clean,1,3,2.390625,26,3068,False
g067_closure_update,67,closure_update,closure,shuffle_matched_026,Green,Yellow,6724,21730,5231, **,other,2,3,2.171875,26,3068,False
g067_closure_override,67,closure_override,closure,shuffle_matched_026,Green,Yellow,6724,21730,6724, Green,clean,1,3,0.6953125,26,3068,False
g067_exception_override,67,exception_override,closure,shuffle_matched_026,Green,Yellow,6724,21730,6724, Green,clean,1,3,1.234375,26,3068,False
g068_closure_update,68,closure_update,closure,shuffle_matched_026,North,South,4612,4316,5231, **,other,2,3,0.8203125,26,3068,False
g068_closure_override,68,closure_override,closure,shuffle_matched_026,North,South,4612,4316,4612, North,clean,1,3,1.3203125,26,3068,True
g068_exception_override,68,exception_override,closure,shuffle_matched_026,North,South,4612,4316,5231, **,other,3,2,-0.1015625,26,3068,False
g069_closure_update,69,closure_update,closure,shuffle_matched_026,East,West,5571,4589,5231, **,other,2,4,2.7109375,26,3068,False
g069_closure_override,69,closure_override,closure,shuffle_matched_026,East,West,5571,4589,5231, **,other,2,3,0.6875,26,3068,False
g069_exception_override,69,exception_override,closure,shuffle_matched_026,East,West,5571,4589,5231, **,other,2,3,0.546875,26,3068,False
g073_closure_update,73,closure_update,closure,shuffle_matched_026,Green,Yellow,6724,21730,5231, **,other,2,3,1.5703125,26,3068,False
g073_closure_override,73,closure_override,closure,shuffle_matched_026,Green,Yellow,6724,21730,5231, **,other,2,3,0.2890625,26,3068,False
g073_exception_override,73,exception_override,closure,shuffle_matched_026,Green,Yellow,6724,21730,5231, **,other,2,3,0.328125,26,3068,False
g077_closure_update,77,closure_update,closure,shuffle_matched_026,Gold,Iron,6863,17186,5231, **,other,2,3,2.1015625,26,3068,False
g077_closure_override,77,closure_override,closure,shuffle_matched_026,Gold,Iron,6863,17186,5231, **,other,2,3,0.734375,26,3068,False
g077_exception_override,77,exception_override,closure,shuffle_matched_026,Gold,Iron,6863,17186,5231, **,other,2,3,0.6484375,26,3068,False
g079_closure_update,79,closure_update,closure,shuffle_matched_026,Green,Yellow,6724,21730,5231, **,other,2,3,1.3984375,26,3068,False
g079_closure_override,79,closure_override,closure,shuffle_matched_026,Green,Yellow,6724,21730,5231, **,other,2,2,0.0,26,3068,False
g079_exception_override,79,exception_override,closure,shuffle_matched_026,Green,Yellow,6724,21730,5231, **,other,3,2,-0.5234375,26,3068,False
g080_closure_update,80,closure_update,closure,shuffle_matched_026,North,South,4612,4316,5231, **,other,2,3,0.203125,26,3068,False
g080_closure_override,80,closure_override,closure,shuffle_matched_026,North,South,4612,4316,5231, **,other,2,3,0.8984375,26,3068,False
g080_exception_override,80,exception_override,closure,shuffle_matched_026,North,South,4612,4316,5231, **,other,3,2,-0.296875,26,3068,False
g085_closure_update,85,closure_update,closure,shuffle_matched_026,Green,Yellow,6724,21730,5231, **,other,2,3,1.75,26,3068,False
g085_closure_override,85,closure_override,closure,shuffle_matched_026,Green,Yellow,6724,21730,6724, Green,clean,1,3,0.9609375,26,3068,True
g085_exception_override,85,exception_override,closure,shuffle_matched_026,Green,Yellow,6724,21730,5231, **,other,2,3,0.421875,26,3068,False
g088_closure_update,88,closure_update,closure,shuffle_matched_026,Copper,Silver,38315,15934,5231, **,other,2,3,2.8046875,26,3068,False
g088_closure_override,88,closure_override,closure,shuffle_matched_026,Copper,Silver,38315,15934,38315, Copper,clean,1,3,1.4296875,26,3068,True
g088_exception_override,88,exception_override,closure,shuffle_matched_026,Copper,Silver,38315,15934,38315, Copper,clean,1,3,1.203125,26,3068,False
g094_closure_update,94,closure_update,closure,shuffle_matched_026,Copper,Silver,38315,15934,5231, **,other,2,4,3.0703125,26,3068,False
g094_closure_override,94,closure_override,closure,shuffle_matched_026,Copper,Silver,38315,15934,38315, Copper,clean,1,3,0.859375,26,3068,True
g094_exception_override,94,exception_override,closure,shuffle_matched_026,Copper,Silver,38315,15934,38315, Copper,clean,1,3,1.296875,26,3068,False
g000_closure_update,0,closure_update,closure,shuffle_matched_027,Red,Blue,4075,7640,5231, **,other,2,3,0.953125,27,3069,False
g000_closure_override,0,closure_override,closure,shuffle_matched_027,Red,Blue,4075,7640,5231, **,other,3,2,-0.7421875,27,3069,False
g000_exception_override,0,exception_override,closure,shuffle_matched_027,Red,Blue,4075,7640,5231, **,other,3,2,-1.34375,27,3069,False
g004_closure_update,4,closure_update,closure,shuffle_matched_027,Copper,Silver,38315,15934,5231, **,other,2,3,2.4765625,27,3069,False
g004_closure_override,4,closure_override,closure,shuffle_matched_027,Copper,Silver,38315,15934,38315, Copper,clean,1,3,2.1640625,27,3069,False
g004_exception_override,4,exception_override,closure,shuffle_matched_027,Copper,Silver,38315,15934,38315, Copper,clean,1,3,2.0859375,27,3069,False
g009_closure_update,9,closure_update,closure,shuffle_matched_027,East,West,5571,4589,5231, **,other,2,3,2.875,27,3069,False
g009_closure_override,9,closure_override,closure,shuffle_matched_027,East,West,5571,4589,5231, **,other,2,3,0.6015625,27,3069,False
g009_exception_override,9,exception_override,closure,shuffle_matched_027,East,West,5571,4589,5231, **,other,2,3,0.03125,27,3069,False
g010_closure_update,10,closure_update,closure,shuffle_matched_027,Copper,Silver,38315,15934,5231, **,other,2,4,3.296875,27,3069,False
g010_closure_override,10,closure_override,closure,shuffle_matched_027,Copper,Silver,38315,15934,38315, Copper,clean,1,3,1.8046875,27,3069,False
g010_exception_override,10,exception_override,closure,shuffle_matched_027,Copper,Silver,38315,15934,5231, **,other,2,3,0.6875,27,3069,False
g011_closure_update,11,closure_update,closure,shuffle_matched_027,Gold,Iron,6863,17186,5231, **,other,2,3,1.484375,27,3069,False
g011_closure_override,11,closure_override,closure,shuffle_matched_027,Gold,Iron,6863,17186,5231, **,other,2,3,0.15625,27,3069,False
g011_exception_override,11,exception_override,closure,shuffle_matched_027,Gold,Iron,6863,17186,5231, **,other,3,2,-0.546875,27,3069,False
g012_closure_update,12,closure_update,closure,shuffle_matched_027,Red,Blue,4075,7640,5231, **,other,2,3,1.0703125,27,3069,False
g012_closure_override,12,closure_override,closure,shuffle_matched_027,Red,Blue,4075,7640,7640, Blue,conflict,3,1,-1.015625,27,3069,False
g012_exception_override,12,exception_override,closure,shuffle_matched_027,Red,Blue,4075,7640,5231, **,other,3,2,-0.796875,27,3069,False
g015_closure_update,15,closure_update,closure,shuffle_matched_027,East,West,5571,4589,5231, **,other,2,3,1.2265625,27,3069,False
g015_closure_override,15,closure_override,closure,shuffle_matched_027,East,West,5571,4589,4589, West,conflict,3,1,-1.3359375,27,3069,False
g015_exception_override,15,exception_override,closure,shuffle_matched_027,East,West,5571,4589,5231, **,other,3,2,-0.921875,27,3069,False
g018_closure_update,18,closure_update,closure,shuffle_matched_027,Red,Blue,4075,7640,5231, **,other,2,3,0.84375,27,3069,False
g018_closure_override,18,closure_override,closure,shuffle_matched_027,Red,Blue,4075,7640,5231, **,other,3,2,-0.890625,27,3069,False
g018_exception_override,18,exception_override,closure,shuffle_matched_027,Red,Blue,4075,7640,5231, **,other,3,2,-0.453125,27,3069,False
g022_closure_update,22,closure_update,closure,shuffle_matched_027,Copper,Silver,38315,15934,5231, **,other,2,3,2.0234375,27,3069,False
g022_closure_override,22,closure_override,closure,shuffle_matched_027,Copper,Silver,38315,15934,38315, Copper,clean,1,3,0.953125,27,3069,True
g022_exception_override,22,exception_override,closure,shuffle_matched_027,Copper,Silver,38315,15934,38315, Copper,clean,1,4,2.1015625,27,3069,False
g026_closure_update,26,closure_update,closure,shuffle_matched_027,North,South,4612,4316,5231, **,other,3,2,-0.1796875,27,3069,False
g026_closure_override,26,closure_override,closure,shuffle_matched_027,North,South,4612,4316,5231, **,other,2,3,0.375,27,3069,False
g026_exception_override,26,exception_override,closure,shuffle_matched_027,North,South,4612,4316,5231, **,other,3,2,-0.5546875,27,3069,False
g030_closure_update,30,closure_update,closure,shuffle_matched_027,Red,Blue,4075,7640,5231, **,other,2,3,1.0625,27,3069,False
g030_closure_override,30,closure_override,closure,shuffle_matched_027,Red,Blue,4075,7640,7640, Blue,conflict,3,1,-0.796875,27,3069,False
g030_exception_override,30,exception_override,closure,shuffle_matched_027,Red,Blue,4075,7640,5231, **,other,2,3,0.03125,27,3069,False
g031_closure_update,31,closure_update,closure,shuffle_matched_027,Green,Yellow,6724,21730,5231, **,other,2,3,2.2421875,27,3069,False
g031_closure_override,31,closure_override,closure,shuffle_matched_027,Green,Yellow,6724,21730,6724, Green,clean,1,3,0.859375,27,3069,False
g031_exception_override,31,exception_override,closure,shuffle_matched_027,Green,Yellow,6724,21730,6724, Green,clean,1,3,1.234375,27,3069,False
g033_closure_update,33,closure_update,closure,shuffle_matched_027,East,West,5571,4589,5571, East,clean,1,3,2.75,27,3069,False
g033_closure_override,33,closure_override,closure,shuffle_matched_027,East,West,5571,4589,5571, East,clean,1,3,0.5234375,27,3069,False
g033_exception_override,33,exception_override,closure,shuffle_matched_027,East,West,5571,4589,5231, **,other,2,3,0.3671875,27,3069,False
g039_closure_update,39,closure_update,closure,shuffle_matched_027,East,West,5571,4589,5231, **,other,2,3,2.1875,27,3069,False
g039_closure_override,39,closure_override,closure,shuffle_matched_027,East,West,5571,4589,5571, East,clean,1,3,0.2890625,27,3069,True
g039_exception_override,39,exception_override,closure,shuffle_matched_027,East,West,5571,4589,5231, **,other,2,3,0.421875,27,3069,False
g040_closure_update,40,closure_update,closure,shuffle_matched_027,Copper,Silver,38315,15934,5231, **,other,2,3,2.03125,27,3069,False
g040_closure_override,40,closure_override,closure,shuffle_matched_027,Copper,Silver,38315,15934,38315, Copper,clean,1,3,1.65625,27,3069,True
g040_exception_override,40,exception_override,closure,shuffle_matched_027,Copper,Silver,38315,15934,5231, **,other,2,3,0.875,27,3069,False
g042_closure_update,42,closure_update,closure,shuffle_matched_027,Red,Blue,4075,7640,5231, **,other,2,3,1.1640625,27,3069,False
g042_closure_override,42,closure_override,closure,shuffle_matched_027,Red,Blue,4075,7640,5231, **,other,3,1,-0.734375,27,3069,False
g042_exception_override,42,exception_override,closure,shuffle_matched_027,Red,Blue,4075,7640,5231, **,other,2,3,0.046875,27,3069,False
g045_closure_update,45,closure_update,closure,shuffle_matched_027,East,West,5571,4589,5231, **,other,2,4,2.953125,27,3069,False
g045_closure_override,45,closure_override,closure,shuffle_matched_027,East,West,5571,4589,5231, **,other,2,3,0.8125,27,3069,False
g045_exception_override,45,exception_override,closure,shuffle_matched_027,East,West,5571,4589,5231, **,other,2,3,0.78125,27,3069,False
g053_closure_update,53,closure_update,closure,shuffle_matched_027,Gold,Iron,6863,17186,5231, **,other,2,3,1.734375,27,3069,False
g053_closure_override,53,closure_override,closure,shuffle_matched_027,Gold,Iron,6863,17186,5231, **,other,2,3,1.1171875,27,3069,False
g053_exception_override,53,exception_override,closure,shuffle_matched_027,Gold,Iron,6863,17186,5231, **,other,2,3,1.109375,27,3069,False
g064_closure_update,64,closure_update,closure,shuffle_matched_027,Copper,Silver,38315,15934,5231, **,other,2,3,1.6328125,27,3069,False
g064_closure_override,64,closure_override,closure,shuffle_matched_027,Copper,Silver,38315,15934,38315, Copper,clean,1,3,1.625,27,3069,True
g064_exception_override,64,exception_override,closure,shuffle_matched_027,Copper,Silver,38315,15934,38315, Copper,clean,1,3,2.3828125,27,3069,False
g067_closure_update,67,closure_update,closure,shuffle_matched_027,Green,Yellow,6724,21730,5231, **,other,2,3,2.171875,27,3069,False
g067_closure_override,67,closure_override,closure,shuffle_matched_027,Green,Yellow,6724,21730,6724, Green,clean,1,3,0.703125,27,3069,False
g067_exception_override,67,exception_override,closure,shuffle_matched_027,Green,Yellow,6724,21730,5231, **,other,2,3,0.0390625,27,3069,False
g068_closure_update,68,closure_update,closure,shuffle_matched_027,North,South,4612,4316,5231, **,other,2,3,0.8203125,27,3069,False
g068_closure_override,68,closure_override,closure,shuffle_matched_027,North,South,4612,4316,4612, North,clean,1,3,1.328125,27,3069,True
g068_exception_override,68,exception_override,closure,shuffle_matched_027,North,South,4612,4316,4612, North,clean,1,3,1.7578125,27,3069,False
g069_closure_update,69,closure_update,closure,shuffle_matched_027,East,West,5571,4589,5231, **,other,2,4,2.7109375,27,3069,False
g069_closure_override,69,closure_override,closure,shuffle_matched_027,East,West,5571,4589,5231, **,other,2,3,0.4609375,27,3069,False
g069_exception_override,69,exception_override,closure,shuffle_matched_027,East,West,5571,4589,5231, **,other,2,3,0.5234375,27,3069,False
g073_closure_update,73,closure_update,closure,shuffle_matched_027,Green,Yellow,6724,21730,5231, **,other,2,3,1.4609375,27,3069,False
g073_closure_override,73,closure_override,closure,shuffle_matched_027,Green,Yellow,6724,21730,5231, **,other,2,3,0.1796875,27,3069,False
g073_exception_override,73,exception_override,closure,shuffle_matched_027,Green,Yellow,6724,21730,5231, **,other,2,3,0.5,27,3069,False
g077_closure_update,77,closure_update,closure,shuffle_matched_027,Gold,Iron,6863,17186,5231, **,other,2,3,2.1015625,27,3069,False
g077_closure_override,77,closure_override,closure,shuffle_matched_027,Gold,Iron,6863,17186,5231, **,other,2,3,0.6328125,27,3069,False
g077_exception_override,77,exception_override,closure,shuffle_matched_027,Gold,Iron,6863,17186,5231, **,other,2,3,0.1328125,27,3069,False
g079_closure_update,79,closure_update,closure,shuffle_matched_027,Green,Yellow,6724,21730,5231, **,other,2,3,1.3984375,27,3069,False
g079_closure_override,79,closure_override,closure,shuffle_matched_027,Green,Yellow,6724,21730,5231, **,other,2,3,0.0390625,27,3069,False
g079_exception_override,79,exception_override,closure,shuffle_matched_027,Green,Yellow,6724,21730,6724, Green,clean,1,3,0.6015625,27,3069,False
g080_closure_update,80,closure_update,closure,shuffle_matched_027,North,South,4612,4316,5231, **,other,2,3,0.203125,27,3069,False
g080_closure_override,80,closure_override,closure,shuffle_matched_027,North,South,4612,4316,4612, North,clean,1,3,0.9453125,27,3069,True
g080_exception_override,80,exception_override,closure,shuffle_matched_027,North,South,4612,4316,5231, **,other,2,3,1.125,27,3069,False
g085_closure_update,85,closure_update,closure,shuffle_matched_027,Green,Yellow,6724,21730,5231, **,other,2,3,1.75,27,3069,False
g085_closure_override,85,closure_override,closure,shuffle_matched_027,Green,Yellow,6724,21730,6724, Green,clean,1,3,0.859375,27,3069,True
g085_exception_override,85,exception_override,closure,shuffle_matched_027,Green,Yellow,6724,21730,5231, **,other,2,3,0.359375,27,3069,False
g088_closure_update,88,closure_update,closure,shuffle_matched_027,Copper,Silver,38315,15934,5231, **,other,2,3,2.8046875,27,3069,False
g088_closure_override,88,closure_override,closure,shuffle_matched_027,Copper,Silver,38315,15934,38315, Copper,clean,1,3,1.4296875,27,3069,True
g088_exception_override,88,exception_override,closure,shuffle_matched_027,Copper,Silver,38315,15934,38315, Copper,clean,1,3,1.25,27,3069,False
g094_closure_update,94,closure_update,closure,shuffle_matched_027,Copper,Silver,38315,15934,5231, **,other,2,4,3.0703125,27,3069,False
g094_closure_override,94,closure_override,closure,shuffle_matched_027,Copper,Silver,38315,15934,38315, Copper,clean,1,3,1.625,27,3069,True
g094_exception_override,94,exception_override,closure,shuffle_matched_027,Copper,Silver,38315,15934,38315, Copper,clean,1,3,1.375,27,3069,False
g000_closure_update,0,closure_update,closure,shuffle_matched_028,Red,Blue,4075,7640,5231, **,other,2,3,0.953125,28,3070,False
g000_closure_override,0,closure_override,closure,shuffle_matched_028,Red,Blue,4075,7640,5231, **,other,3,2,-0.734375,28,3070,False
g000_exception_override,0,exception_override,closure,shuffle_matched_028,Red,Blue,4075,7640,5231, **,other,3,2,-0.5703125,28,3070,False
g004_closure_update,4,closure_update,closure,shuffle_matched_028,Copper,Silver,38315,15934,5231, **,other,2,3,2.4765625,28,3070,False
g004_closure_override,4,closure_override,closure,shuffle_matched_028,Copper,Silver,38315,15934,38315, Copper,clean,1,3,2.328125,28,3070,False
g004_exception_override,4,exception_override,closure,shuffle_matched_028,Copper,Silver,38315,15934,5231, **,other,2,3,0.7109375,28,3070,False
g009_closure_update,9,closure_update,closure,shuffle_matched_028,East,West,5571,4589,5231, **,other,2,3,2.875,28,3070,False
g009_closure_override,9,closure_override,closure,shuffle_matched_028,East,West,5571,4589,5231, **,other,2,3,0.6015625,28,3070,False
g009_exception_override,9,exception_override,closure,shuffle_matched_028,East,West,5571,4589,5231, **,other,2,3,0.03125,28,3070,False
g010_closure_update,10,closure_update,closure,shuffle_matched_028,Copper,Silver,38315,15934,5231, **,other,2,4,3.296875,28,3070,False
g010_closure_override,10,closure_override,closure,shuffle_matched_028,Copper,Silver,38315,15934,38315, Copper,clean,1,3,1.4921875,28,3070,False
g010_exception_override,10,exception_override,closure,shuffle_matched_028,Copper,Silver,38315,15934,5231, **,other,2,3,0.6875,28,3070,False
g011_closure_update,11,closure_update,closure,shuffle_matched_028,Gold,Iron,6863,17186,5231, **,other,2,3,2.109375,28,3070,False
g011_closure_override,11,closure_override,closure,shuffle_matched_028,Gold,Iron,6863,17186,5231, **,other,2,3,0.21875,28,3070,False
g011_exception_override,11,exception_override,closure,shuffle_matched_028,Gold,Iron,6863,17186,17186, Iron,conflict,3,1,-0.59375,28,3070,False
g012_closure_update,12,closure_update,closure,shuffle_matched_028,Red,Blue,4075,7640,5231, **,other,2,3,1.0703125,28,3070,False
g012_closure_override,12,closure_override,closure,shuffle_matched_028,Red,Blue,4075,7640,7640, Blue,conflict,3,1,-1.015625,28,3070,False
g012_exception_override,12,exception_override,closure,shuffle_matched_028,Red,Blue,4075,7640,5231, **,other,3,2,-0.96875,28,3070,False
g015_closure_update,15,closure_update,closure,shuffle_matched_028,East,West,5571,4589,5231, **,other,2,3,1.2265625,28,3070,False
g015_closure_override,15,closure_override,closure,shuffle_matched_028,East,West,5571,4589,4589, West,conflict,3,1,-1.2421875,28,3070,False
g015_exception_override,15,exception_override,closure,shuffle_matched_028,East,West,5571,4589,5231, **,other,3,2,-0.921875,28,3070,False
g018_closure_update,18,closure_update,closure,shuffle_matched_028,Red,Blue,4075,7640,5231, **,other,2,3,0.84375,28,3070,False
g018_closure_override,18,closure_override,closure,shuffle_matched_028,Red,Blue,4075,7640,7640, Blue,conflict,3,1,-1.0859375,28,3070,False
g018_exception_override,18,exception_override,closure,shuffle_matched_028,Red,Blue,4075,7640,5231, **,other,3,2,-0.453125,28,3070,False
g022_closure_update,22,closure_update,closure,shuffle_matched_028,Copper,Silver,38315,15934,5231, **,other,2,3,2.0234375,28,3070,False
g022_closure_override,22,closure_override,closure,shuffle_matched_028,Copper,Silver,38315,15934,38315, Copper,clean,1,3,1.28125,28,3070,True
g022_exception_override,22,exception_override,closure,shuffle_matched_028,Copper,Silver,38315,15934,38315, Copper,clean,1,4,2.1015625,28,3070,False
g026_closure_update,26,closure_update,closure,shuffle_matched_028,North,South,4612,4316,5231, **,other,3,2,-0.1796875,28,3070,False
g026_closure_override,26,closure_override,closure,shuffle_matched_028,North,South,4612,4316,5231, **,other,2,3,0.3359375,28,3070,False
g026_exception_override,26,exception_override,closure,shuffle_matched_028,North,South,4612,4316,5231, **,other,2,3,0.6484375,28,3070,False
g030_closure_update,30,closure_update,closure,shuffle_matched_028,Red,Blue,4075,7640,5231, **,other,2,3,1.0625,28,3070,False
g030_closure_override,30,closure_override,closure,shuffle_matched_028,Red,Blue,4075,7640,7640, Blue,conflict,3,1,-0.6953125,28,3070,False
g030_exception_override,30,exception_override,closure,shuffle_matched_028,Red,Blue,4075,7640,5231, **,other,2,3,0.1484375,28,3070,False
g031_closure_update,31,closure_update,closure,shuffle_matched_028,Green,Yellow,6724,21730,5231, **,other,2,3,2.2421875,28,3070,False
g031_closure_override,31,closure_override,closure,shuffle_matched_028,Green,Yellow,6724,21730,6724, Green,clean,1,3,0.8046875,28,3070,False
g031_exception_override,31,exception_override,closure,shuffle_matched_028,Green,Yellow,6724,21730,5231, **,other,2,3,1.171875,28,3070,False
g033_closure_update,33,closure_update,closure,shuffle_matched_028,East,West,5571,4589,5571, East,clean,1,3,2.75,28,3070,False
g033_closure_override,33,closure_override,closure,shuffle_matched_028,East,West,5571,4589,5571, East,clean,1,3,0.859375,28,3070,False
g033_exception_override,33,exception_override,closure,shuffle_matched_028,East,West,5571,4589,5231, **,other,2,3,0.3671875,28,3070,False
g039_closure_update,39,closure_update,closure,shuffle_matched_028,East,West,5571,4589,5231, **,other,2,3,2.1875,28,3070,False
g039_closure_override,39,closure_override,closure,shuffle_matched_028,East,West,5571,4589,5231, **,other,2,3,0.578125,28,3070,False
g039_exception_override,39,exception_override,closure,shuffle_matched_028,East,West,5571,4589,5231, **,other,3,2,-0.03125,28,3070,False
g040_closure_update,40,closure_update,closure,shuffle_matched_028,Copper,Silver,38315,15934,5231, **,other,2,3,2.03125,28,3070,False
g040_closure_override,40,closure_override,closure,shuffle_matched_028,Copper,Silver,38315,15934,38315, Copper,clean,1,3,1.3125,28,3070,True
g040_exception_override,40,exception_override,closure,shuffle_matched_028,Copper,Silver,38315,15934,38315, Copper,clean,1,3,2.3984375,28,3070,False
g042_closure_update,42,closure_update,closure,shuffle_matched_028,Red,Blue,4075,7640,5231, **,other,2,3,1.1640625,28,3070,False
g042_closure_override,42,closure_override,closure,shuffle_matched_028,Red,Blue,4075,7640,5231, **,other,3,1,-0.734375,28,3070,False
g042_exception_override,42,exception_override,closure,shuffle_matched_028,Red,Blue,4075,7640,5231, **,other,3,2,-0.015625,28,3070,False
g045_closure_update,45,closure_update,closure,shuffle_matched_028,East,West,5571,4589,5231, **,other,2,4,2.953125,28,3070,False
g045_closure_override,45,closure_override,closure,shuffle_matched_028,East,West,5571,4589,5231, **,other,2,3,0.3515625,28,3070,False
g045_exception_override,45,exception_override,closure,shuffle_matched_028,East,West,5571,4589,5231, **,other,2,3,0.765625,28,3070,False
g053_closure_update,53,closure_update,closure,shuffle_matched_028,Gold,Iron,6863,17186,5231, **,other,2,3,1.734375,28,3070,False
g053_closure_override,53,closure_override,closure,shuffle_matched_028,Gold,Iron,6863,17186,5231, **,other,1,3,1.4375,28,3070,False
g053_exception_override,53,exception_override,closure,shuffle_matched_028,Gold,Iron,6863,17186,5231, **,other,2,3,0.9609375,28,3070,False
g064_closure_update,64,closure_update,closure,shuffle_matched_028,Copper,Silver,38315,15934,5231, **,other,2,3,1.6328125,28,3070,False
g064_closure_override,64,closure_override,closure,shuffle_matched_028,Copper,Silver,38315,15934,38315, Copper,clean,1,3,1.4921875,28,3070,True
g064_exception_override,64,exception_override,closure,shuffle_matched_028,Copper,Silver,38315,15934,38315, Copper,clean,1,3,1.796875,28,3070,False
g067_closure_update,67,closure_update,closure,shuffle_matched_028,Green,Yellow,6724,21730,5231, **,other,2,3,2.15625,28,3070,False
g067_closure_override,67,closure_override,closure,shuffle_matched_028,Green,Yellow,6724,21730,5231, **,other,2,3,0.8125,28,3070,False
g067_exception_override,67,exception_override,closure,shuffle_matched_028,Green,Yellow,6724,21730,5231, **,other,2,3,0.0625,28,3070,False
g068_closure_update,68,closure_update,closure,shuffle_matched_028,North,South,4612,4316,5231, **,other,2,3,0.8203125,28,3070,False
g068_closure_override,68,closure_override,closure,shuffle_matched_028,North,South,4612,4316,5231, **,other,2,3,1.3046875,28,3070,False
g068_exception_override,68,exception_override,closure,shuffle_matched_028,North,South,4612,4316,4612, North,clean,1,3,1.7578125,28,3070,False
g069_closure_update,69,closure_update,closure,shuffle_matched_028,East,West,5571,4589,5231, **,other,2,4,2.7109375,28,3070,False
g069_closure_override,69,closure_override,closure,shuffle_matched_028,East,West,5571,4589,5231, **,other,2,3,0.5703125,28,3070,False
g069_exception_override,69,exception_override,closure,shuffle_matched_028,East,West,5571,4589,5231, **,other,2,3,0.5234375,28,3070,False
g073_closure_update,73,closure_update,closure,shuffle_matched_028,Green,Yellow,6724,21730,5231, **,other,2,3,1.4609375,28,3070,False
g073_closure_override,73,closure_override,closure,shuffle_matched_028,Green,Yellow,6724,21730,5231, **,other,3,2,-0.21875,28,3070,False
g073_exception_override,73,exception_override,closure,shuffle_matched_028,Green,Yellow,6724,21730,5231, **,other,2,3,0.3515625,28,3070,False
g077_closure_update,77,closure_update,closure,shuffle_matched_028,Gold,Iron,6863,17186,5231, **,other,2,3,2.1015625,28,3070,False
g077_closure_override,77,closure_override,closure,shuffle_matched_028,Gold,Iron,6863,17186,5231, **,other,2,3,0.8828125,28,3070,False
g077_exception_override,77,exception_override,closure,shuffle_matched_028,Gold,Iron,6863,17186,5231, **,other,2,3,0.6953125,28,3070,False
g079_closure_update,79,closure_update,closure,shuffle_matched_028,Green,Yellow,6724,21730,5231, **,other,2,3,1.3984375,28,3070,False
g079_closure_override,79,closure_override,closure,shuffle_matched_028,Green,Yellow,6724,21730,21730, Yellow,conflict,2,1,-0.1796875,28,3070,False
g079_exception_override,79,exception_override,closure,shuffle_matched_028,Green,Yellow,6724,21730,5231, **,other,2,3,0.40625,28,3070,False
g080_closure_update,80,closure_update,closure,shuffle_matched_028,North,South,4612,4316,5231, **,other,2,3,0.203125,28,3070,False
g080_closure_override,80,closure_override,closure,shuffle_matched_028,North,South,4612,4316,4612, North,clean,1,3,0.9296875,28,3070,True
g080_exception_override,80,exception_override,closure,shuffle_matched_028,North,South,4612,4316,4612, North,clean,1,3,1.4921875,28,3070,True
g085_closure_update,85,closure_update,closure,shuffle_matched_028,Green,Yellow,6724,21730,5231, **,other,2,3,1.75,28,3070,False
g085_closure_override,85,closure_override,closure,shuffle_matched_028,Green,Yellow,6724,21730,6724, Green,clean,1,3,0.859375,28,3070,True
g085_exception_override,85,exception_override,closure,shuffle_matched_028,Green,Yellow,6724,21730,5231, **,other,3,2,-0.5,28,3070,False
g088_closure_update,88,closure_update,closure,shuffle_matched_028,Copper,Silver,38315,15934,5231, **,other,2,3,2.8046875,28,3070,False
g088_closure_override,88,closure_override,closure,shuffle_matched_028,Copper,Silver,38315,15934,38315, Copper,clean,1,3,1.390625,28,3070,True
g088_exception_override,88,exception_override,closure,shuffle_matched_028,Copper,Silver,38315,15934,38315, Copper,clean,1,3,1.234375,28,3070,False
g094_closure_update,94,closure_update,closure,shuffle_matched_028,Copper,Silver,38315,15934,5231, **,other,2,4,3.0703125,28,3070,False
g094_closure_override,94,closure_override,closure,shuffle_matched_028,Copper,Silver,38315,15934,5231, **,other,2,3,0.609375,28,3070,False
g094_exception_override,94,exception_override,closure,shuffle_matched_028,Copper,Silver,38315,15934,38315, Copper,clean,1,3,1.7734375,28,3070,False
g000_closure_update,0,closure_update,closure,shuffle_matched_029,Red,Blue,4075,7640,5231, **,other,2,3,0.9375,29,3071,False
g000_closure_override,0,closure_override,closure,shuffle_matched_029,Red,Blue,4075,7640,5231, **,other,3,2,-1.078125,29,3071,False
g000_exception_override,0,exception_override,closure,shuffle_matched_029,Red,Blue,4075,7640,5231, **,other,3,2,-0.5703125,29,3071,False
g004_closure_update,4,closure_update,closure,shuffle_matched_029,Copper,Silver,38315,15934,5231, **,other,2,3,2.4765625,29,3071,False
g004_closure_override,4,closure_override,closure,shuffle_matched_029,Copper,Silver,38315,15934,38315, Copper,clean,1,3,2.0078125,29,3071,False
g004_exception_override,4,exception_override,closure,shuffle_matched_029,Copper,Silver,38315,15934,5231, **,other,2,3,1.4296875,29,3071,False
g009_closure_update,9,closure_update,closure,shuffle_matched_029,East,West,5571,4589,5231, **,other,2,3,2.875,29,3071,False
g009_closure_override,9,closure_override,closure,shuffle_matched_029,East,West,5571,4589,5231, **,other,2,3,0.3203125,29,3071,False
g009_exception_override,9,exception_override,closure,shuffle_matched_029,East,West,5571,4589,5231, **,other,2,3,0.03125,29,3071,False
g010_closure_update,10,closure_update,closure,shuffle_matched_029,Copper,Silver,38315,15934,5231, **,other,2,4,3.296875,29,3071,False
g010_closure_override,10,closure_override,closure,shuffle_matched_029,Copper,Silver,38315,15934,38315, Copper,clean,1,3,2.109375,29,3071,False
g010_exception_override,10,exception_override,closure,shuffle_matched_029,Copper,Silver,38315,15934,38315, Copper,clean,1,3,1.09375,29,3071,False
g011_closure_update,11,closure_update,closure,shuffle_matched_029,Gold,Iron,6863,17186,5231, **,other,2,3,2.1328125,29,3071,False
g011_closure_override,11,closure_override,closure,shuffle_matched_029,Gold,Iron,6863,17186,5231, **,other,2,3,0.21875,29,3071,False
g011_exception_override,11,exception_override,closure,shuffle_matched_029,Gold,Iron,6863,17186,17186, Iron,conflict,3,1,-0.59375,29,3071,False
g012_closure_update,12,closure_update,closure,shuffle_matched_029,Red,Blue,4075,7640,5231, **,other,2,3,1.0703125,29,3071,False
g012_closure_override,12,closure_override,closure,shuffle_matched_029,Red,Blue,4075,7640,5231, **,other,3,2,-1.0234375,29,3071,False
g012_exception_override,12,exception_override,closure,shuffle_matched_029,Red,Blue,4075,7640,5231, **,other,3,2,-0.78125,29,3071,False
g015_closure_update,15,closure_update,closure,shuffle_matched_029,East,West,5571,4589,5231, **,other,2,3,1.2265625,29,3071,False
g015_closure_override,15,closure_override,closure,shuffle_matched_029,East,West,5571,4589,5231, **,other,3,2,-1.2265625,29,3071,False
g015_exception_override,15,exception_override,closure,shuffle_matched_029,East,West,5571,4589,4589, West,conflict,3,1,-1.515625,29,3071,False
g018_closure_update,18,closure_update,closure,shuffle_matched_029,Red,Blue,4075,7640,5231, **,other,2,3,0.84375,29,3071,False
g018_closure_override,18,closure_override,closure,shuffle_matched_029,Red,Blue,4075,7640,7640, Blue,conflict,3,1,-1.0859375,29,3071,False
g018_exception_override,18,exception_override,closure,shuffle_matched_029,Red,Blue,4075,7640,5231, **,other,3,2,-0.453125,29,3071,False
g022_closure_update,22,closure_update,closure,shuffle_matched_029,Copper,Silver,38315,15934,5231, **,other,2,3,2.0234375,29,3071,False
g022_closure_override,22,closure_override,closure,shuffle_matched_029,Copper,Silver,38315,15934,38315, Copper,clean,1,3,1.3671875,29,3071,True
g022_exception_override,22,exception_override,closure,shuffle_matched_029,Copper,Silver,38315,15934,38315, Copper,clean,1,4,2.0703125,29,3071,False
g026_closure_update,26,closure_update,closure,shuffle_matched_029,North,South,4612,4316,5231, **,other,3,2,-0.1796875,29,3071,False
g026_closure_override,26,closure_override,closure,shuffle_matched_029,North,South,4612,4316,5231, **,other,2,3,0.421875,29,3071,False
g026_exception_override,26,exception_override,closure,shuffle_matched_029,North,South,4612,4316,5231, **,other,3,2,-0.5546875,29,3071,False
g030_closure_update,30,closure_update,closure,shuffle_matched_029,Red,Blue,4075,7640,5231, **,other,2,3,1.0625,29,3071,False
g030_closure_override,30,closure_override,closure,shuffle_matched_029,Red,Blue,4075,7640,7640, Blue,conflict,3,1,-0.7890625,29,3071,False
g030_exception_override,30,exception_override,closure,shuffle_matched_029,Red,Blue,4075,7640,5231, **,other,3,2,-0.96875,29,3071,False
g031_closure_update,31,closure_update,closure,shuffle_matched_029,Green,Yellow,6724,21730,5231, **,other,2,3,2.2421875,29,3071,False
g031_closure_override,31,closure_override,closure,shuffle_matched_029,Green,Yellow,6724,21730,6724, Green,clean,1,3,0.65625,29,3071,False
g031_exception_override,31,exception_override,closure,shuffle_matched_029,Green,Yellow,6724,21730,5231, **,other,2,3,1.0078125,29,3071,False
g033_closure_update,33,closure_update,closure,shuffle_matched_029,East,West,5571,4589,5571, East,clean,1,3,2.75,29,3071,False
g033_closure_override,33,closure_override,closure,shuffle_matched_029,East,West,5571,4589,5231, **,other,2,3,1.0234375,29,3071,False
g033_exception_override,33,exception_override,closure,shuffle_matched_029,East,West,5571,4589,5231, **,other,2,3,0.6640625,29,3071,False
g039_closure_update,39,closure_update,closure,shuffle_matched_029,East,West,5571,4589,5231, **,other,2,3,2.1875,29,3071,False
g039_closure_override,39,closure_override,closure,shuffle_matched_029,East,West,5571,4589,5231, **,other,2,3,0.578125,29,3071,False
g039_exception_override,39,exception_override,closure,shuffle_matched_029,East,West,5571,4589,5231, **,other,3,2,-0.1171875,29,3071,False
g040_closure_update,40,closure_update,closure,shuffle_matched_029,Copper,Silver,38315,15934,5231, **,other,2,3,2.03125,29,3071,False
g040_closure_override,40,closure_override,closure,shuffle_matched_029,Copper,Silver,38315,15934,38315, Copper,clean,1,3,1.5859375,29,3071,True
g040_exception_override,40,exception_override,closure,shuffle_matched_029,Copper,Silver,38315,15934,38315, Copper,clean,1,5,3.125,29,3071,False
g042_closure_update,42,closure_update,closure,shuffle_matched_029,Red,Blue,4075,7640,5231, **,other,2,3,1.1640625,29,3071,False
g042_closure_override,42,closure_override,closure,shuffle_matched_029,Red,Blue,4075,7640,5231, **,other,3,2,-0.3359375,29,3071,False
g042_exception_override,42,exception_override,closure,shuffle_matched_029,Red,Blue,4075,7640,5231, **,other,3,2,-0.203125,29,3071,False
g045_closure_update,45,closure_update,closure,shuffle_matched_029,East,West,5571,4589,5231, **,other,2,4,2.953125,29,3071,False
g045_closure_override,45,closure_override,closure,shuffle_matched_029,East,West,5571,4589,5231, **,other,2,3,0.8125,29,3071,False
g045_exception_override,45,exception_override,closure,shuffle_matched_029,East,West,5571,4589,5231, **,other,2,3,0.765625,29,3071,False
g053_closure_update,53,closure_update,closure,shuffle_matched_029,Gold,Iron,6863,17186,5231, **,other,2,3,1.734375,29,3071,False
g053_closure_override,53,closure_override,closure,shuffle_matched_029,Gold,Iron,6863,17186,5231, **,other,2,3,1.3515625,29,3071,False
g053_exception_override,53,exception_override,closure,shuffle_matched_029,Gold,Iron,6863,17186,5231, **,other,2,3,0.9765625,29,3071,False
g064_closure_update,64,closure_update,closure,shuffle_matched_029,Copper,Silver,38315,15934,5231, **,other,2,3,1.6328125,29,3071,False
g064_closure_override,64,closure_override,closure,shuffle_matched_029,Copper,Silver,38315,15934,38315, Copper,clean,1,3,1.703125,29,3071,True
g064_exception_override,64,exception_override,closure,shuffle_matched_029,Copper,Silver,38315,15934,38315, Copper,clean,1,3,1.7421875,29,3071,False
g067_closure_update,67,closure_update,closure,shuffle_matched_029,Green,Yellow,6724,21730,5231, **,other,2,3,2.171875,29,3071,False
g067_closure_override,67,closure_override,closure,shuffle_matched_029,Green,Yellow,6724,21730,6724, Green,clean,1,3,0.703125,29,3071,False
g067_exception_override,67,exception_override,closure,shuffle_matched_029,Green,Yellow,6724,21730,5231, **,other,2,3,1.03125,29,3071,False
g068_closure_update,68,closure_update,closure,shuffle_matched_029,North,South,4612,4316,5231, **,other,2,3,0.8203125,29,3071,False
g068_closure_override,68,closure_override,closure,shuffle_matched_029,North,South,4612,4316,4612, North,clean,1,3,1.328125,29,3071,True
g068_exception_override,68,exception_override,closure,shuffle_matched_029,North,South,4612,4316,5231, **,other,3,2,-0.0703125,29,3071,False
g069_closure_update,69,closure_update,closure,shuffle_matched_029,East,West,5571,4589,5231, **,other,2,4,2.7109375,29,3071,False
g069_closure_override,69,closure_override,closure,shuffle_matched_029,East,West,5571,4589,5231, **,other,2,3,0.71875,29,3071,False
g069_exception_override,69,exception_override,closure,shuffle_matched_029,East,West,5571,4589,5231, **,other,2,3,0.546875,29,3071,False
g073_closure_update,73,closure_update,closure,shuffle_matched_029,Green,Yellow,6724,21730,5231, **,other,2,3,1.5703125,29,3071,False
g073_closure_override,73,closure_override,closure,shuffle_matched_029,Green,Yellow,6724,21730,5231, **,other,2,3,0.1796875,29,3071,False
g073_exception_override,73,exception_override,closure,shuffle_matched_029,Green,Yellow,6724,21730,5231, **,other,2,3,0.453125,29,3071,False
g077_closure_update,77,closure_update,closure,shuffle_matched_029,Gold,Iron,6863,17186,5231, **,other,2,3,2.1015625,29,3071,False
g077_closure_override,77,closure_override,closure,shuffle_matched_029,Gold,Iron,6863,17186,5231, **,other,2,3,0.6171875,29,3071,False
g077_exception_override,77,exception_override,closure,shuffle_matched_029,Gold,Iron,6863,17186,5231, **,other,2,3,0.90625,29,3071,False
g079_closure_update,79,closure_update,closure,shuffle_matched_029,Green,Yellow,6724,21730,5231, **,other,2,3,1.3984375,29,3071,False
g079_closure_override,79,closure_override,closure,shuffle_matched_029,Green,Yellow,6724,21730,5231, **,other,2,3,0.0390625,29,3071,False
g079_exception_override,79,exception_override,closure,shuffle_matched_029,Green,Yellow,6724,21730,6724, Green,clean,1,3,0.6171875,29,3071,False
g080_closure_update,80,closure_update,closure,shuffle_matched_029,North,South,4612,4316,5231, **,other,2,3,0.203125,29,3071,False
g080_closure_override,80,closure_override,closure,shuffle_matched_029,North,South,4612,4316,4612, North,clean,1,3,0.9453125,29,3071,True
g080_exception_override,80,exception_override,closure,shuffle_matched_029,North,South,4612,4316,5231, **,other,3,2,-0.296875,29,3071,False
g085_closure_update,85,closure_update,closure,shuffle_matched_029,Green,Yellow,6724,21730,5231, **,other,2,3,1.75,29,3071,False
g085_closure_override,85,closure_override,closure,shuffle_matched_029,Green,Yellow,6724,21730,6724, Green,clean,1,3,0.859375,29,3071,True
g085_exception_override,85,exception_override,closure,shuffle_matched_029,Green,Yellow,6724,21730,5231, **,other,2,3,0.359375,29,3071,False
g088_closure_update,88,closure_update,closure,shuffle_matched_029,Copper,Silver,38315,15934,5231, **,other,2,3,2.8046875,29,3071,False
g088_closure_override,88,closure_override,closure,shuffle_matched_029,Copper,Silver,38315,15934,38315, Copper,clean,1,3,1.3984375,29,3071,True
g088_exception_override,88,exception_override,closure,shuffle_matched_029,Copper,Silver,38315,15934,38315, Copper,clean,1,3,1.203125,29,3071,False
g094_closure_update,94,closure_update,closure,shuffle_matched_029,Copper,Silver,38315,15934,5231, **,other,2,4,3.0703125,29,3071,False
g094_closure_override,94,closure_override,closure,shuffle_matched_029,Copper,Silver,38315,15934,38315, Copper,clean,1,3,1.6171875,29,3071,True
g094_exception_override,94,exception_override,closure,shuffle_matched_029,Copper,Silver,38315,15934,5231, **,other,2,3,0.5,29,3071,False
g000_closure_update,0,closure_update,closure,shuffle_matched_030,Red,Blue,4075,7640,5231, **,other,2,3,0.9453125,30,3072,False
g000_closure_override,0,closure_override,closure,shuffle_matched_030,Red,Blue,4075,7640,5231, **,other,3,2,-0.7578125,30,3072,False
g000_exception_override,0,exception_override,closure,shuffle_matched_030,Red,Blue,4075,7640,5231, **,other,3,2,-1.34375,30,3072,False
g004_closure_update,4,closure_update,closure,shuffle_matched_030,Copper,Silver,38315,15934,5231, **,other,2,3,2.4765625,30,3072,False
g004_closure_override,4,closure_override,closure,shuffle_matched_030,Copper,Silver,38315,15934,38315, Copper,clean,1,3,2.328125,30,3072,False
g004_exception_override,4,exception_override,closure,shuffle_matched_030,Copper,Silver,38315,15934,38315, Copper,clean,1,3,2.3671875,30,3072,False
g009_closure_update,9,closure_update,closure,shuffle_matched_030,East,West,5571,4589,5231, **,other,2,3,2.875,30,3072,False
g009_closure_override,9,closure_override,closure,shuffle_matched_030,East,West,5571,4589,5231, **,other,2,3,0.6015625,30,3072,False
g009_exception_override,9,exception_override,closure,shuffle_matched_030,East,West,5571,4589,5231, **,other,2,3,0.8984375,30,3072,False
g010_closure_update,10,closure_update,closure,shuffle_matched_030,Copper,Silver,38315,15934,5231, **,other,2,4,3.296875,30,3072,False
g010_closure_override,10,closure_override,closure,shuffle_matched_030,Copper,Silver,38315,15934,38315, Copper,clean,1,3,1.8046875,30,3072,False
g010_exception_override,10,exception_override,closure,shuffle_matched_030,Copper,Silver,38315,15934,38315, Copper,clean,1,3,1.09375,30,3072,False
g011_closure_update,11,closure_update,closure,shuffle_matched_030,Gold,Iron,6863,17186,5231, **,other,2,3,2.1328125,30,3072,False
g011_closure_override,11,closure_override,closure,shuffle_matched_030,Gold,Iron,6863,17186,5231, **,other,2,3,0.1875,30,3072,False
g011_exception_override,11,exception_override,closure,shuffle_matched_030,Gold,Iron,6863,17186,17186, Iron,conflict,3,1,-0.59375,30,3072,False
g012_closure_update,12,closure_update,closure,shuffle_matched_030,Red,Blue,4075,7640,5231, **,other,2,3,1.0703125,30,3072,False
g012_closure_override,12,closure_override,closure,shuffle_matched_030,Red,Blue,4075,7640,5231, **,other,3,2,-1.0234375,30,3072,False
g012_exception_override,12,exception_override,closure,shuffle_matched_030,Red,Blue,4075,7640,5231, **,other,3,2,-0.8125,30,3072,False
g015_closure_update,15,closure_update,closure,shuffle_matched_030,East,West,5571,4589,5231, **,other,2,3,1.2265625,30,3072,False
g015_closure_override,15,closure_override,closure,shuffle_matched_030,East,West,5571,4589,5231, **,other,3,2,-1.2265625,30,3072,False
g015_exception_override,15,exception_override,closure,shuffle_matched_030,East,West,5571,4589,5231, **,other,3,2,-0.921875,30,3072,False
g018_closure_update,18,closure_update,closure,shuffle_matched_030,Red,Blue,4075,7640,5231, **,other,2,3,0.84375,30,3072,False
g018_closure_override,18,closure_override,closure,shuffle_matched_030,Red,Blue,4075,7640,7640, Blue,conflict,3,1,-1.078125,30,3072,False
g018_exception_override,18,exception_override,closure,shuffle_matched_030,Red,Blue,4075,7640,5231, **,other,3,2,-1.2578125,30,3072,False
g022_closure_update,22,closure_update,closure,shuffle_matched_030,Copper,Silver,38315,15934,5231, **,other,2,3,2.0234375,30,3072,False
g022_closure_override,22,closure_override,closure,shuffle_matched_030,Copper,Silver,38315,15934,38315, Copper,clean,1,3,1.28125,30,3072,True
g022_exception_override,22,exception_override,closure,shuffle_matched_030,Copper,Silver,38315,15934,38315, Copper,clean,1,4,2.1015625,30,3072,False
g026_closure_update,26,closure_update,closure,shuffle_matched_030,North,South,4612,4316,5231, **,other,3,2,-0.1796875,30,3072,False
g026_closure_override,26,closure_override,closure,shuffle_matched_030,North,South,4612,4316,5231, **,other,2,3,0.3359375,30,3072,False
g026_exception_override,26,exception_override,closure,shuffle_matched_030,North,South,4612,4316,5231, **,other,2,3,0.9921875,30,3072,False
g030_closure_update,30,closure_update,closure,shuffle_matched_030,Red,Blue,4075,7640,5231, **,other,2,3,1.0625,30,3072,False
g030_closure_override,30,closure_override,closure,shuffle_matched_030,Red,Blue,4075,7640,7640, Blue,conflict,3,1,-0.7890625,30,3072,False
g030_exception_override,30,exception_override,closure,shuffle_matched_030,Red,Blue,4075,7640,5231, **,other,2,3,0.03125,30,3072,False
g031_closure_update,31,closure_update,closure,shuffle_matched_030,Green,Yellow,6724,21730,5231, **,other,2,3,2.171875,30,3072,False
g031_closure_override,31,closure_override,closure,shuffle_matched_030,Green,Yellow,6724,21730,6724, Green,clean,1,3,0.6796875,30,3072,False
g031_exception_override,31,exception_override,closure,shuffle_matched_030,Green,Yellow,6724,21730,6724, Green,clean,1,3,1.21875,30,3072,False
g033_closure_update,33,closure_update,closure,shuffle_matched_030,East,West,5571,4589,5571, East,clean,1,3,2.75,30,3072,False
g033_closure_override,33,closure_override,closure,shuffle_matched_030,East,West,5571,4589,5571, East,clean,1,3,0.859375,30,3072,False
g033_exception_override,33,exception_override,closure,shuffle_matched_030,East,West,5571,4589,5231, **,other,2,3,0.6640625,30,3072,False
g039_closure_update,39,closure_update,closure,shuffle_matched_030,East,West,5571,4589,5231, **,other,2,3,2.1875,30,3072,False
g039_closure_override,39,closure_override,closure,shuffle_matched_030,East,West,5571,4589,5571, East,clean,1,3,0.2734375,30,3072,True
g039_exception_override,39,exception_override,closure,shuffle_matched_030,East,West,5571,4589,5231, **,other,3,2,-0.1015625,30,3072,False
g040_closure_update,40,closure_update,closure,shuffle_matched_030,Copper,Silver,38315,15934,5231, **,other,2,3,2.03125,30,3072,False
g040_closure_override,40,closure_override,closure,shuffle_matched_030,Copper,Silver,38315,15934,38315, Copper,clean,1,3,1.6484375,30,3072,True
g040_exception_override,40,exception_override,closure,shuffle_matched_030,Copper,Silver,38315,15934,38315, Copper,clean,1,3,2.375,30,3072,False
g042_closure_update,42,closure_update,closure,shuffle_matched_030,Red,Blue,4075,7640,5231, **,other,2,3,1.1640625,30,3072,False
g042_closure_override,42,closure_override,closure,shuffle_matched_030,Red,Blue,4075,7640,5231, **,other,3,2,-0.5859375,30,3072,False
g042_exception_override,42,exception_override,closure,shuffle_matched_030,Red,Blue,4075,7640,5231, **,other,3,2,-0.890625,30,3072,False
g045_closure_update,45,closure_update,closure,shuffle_matched_030,East,West,5571,4589,5231, **,other,2,4,2.953125,30,3072,False
g045_closure_override,45,closure_override,closure,shuffle_matched_030,East,West,5571,4589,5231, **,other,2,3,0.5546875,30,3072,False
g045_exception_override,45,exception_override,closure,shuffle_matched_030,East,West,5571,4589,5231, **,other,2,3,0.609375,30,3072,False
g053_closure_update,53,closure_update,closure,shuffle_matched_030,Gold,Iron,6863,17186,5231, **,other,2,3,1.734375,30,3072,False
g053_closure_override,53,closure_override,closure,shuffle_matched_030,Gold,Iron,6863,17186,5231, **,other,2,3,1.328125,30,3072,False
g053_exception_override,53,exception_override,closure,shuffle_matched_030,Gold,Iron,6863,17186,5231, **,other,2,3,1.109375,30,3072,False
g064_closure_update,64,closure_update,closure,shuffle_matched_030,Copper,Silver,38315,15934,5231, **,other,2,3,1.6328125,30,3072,False
g064_closure_override,64,closure_override,closure,shuffle_matched_030,Copper,Silver,38315,15934,38315, Copper,clean,1,3,1.703125,30,3072,True
g064_exception_override,64,exception_override,closure,shuffle_matched_030,Copper,Silver,38315,15934,38315, Copper,clean,1,3,1.796875,30,3072,False
g067_closure_update,67,closure_update,closure,shuffle_matched_030,Green,Yellow,6724,21730,5231, **,other,2,3,2.171875,30,3072,False
g067_closure_override,67,closure_override,closure,shuffle_matched_030,Green,Yellow,6724,21730,6724, Green,clean,1,3,0.703125,30,3072,False
g067_exception_override,67,exception_override,closure,shuffle_matched_030,Green,Yellow,6724,21730,5231, **,other,2,3,0.9921875,30,3072,False
g068_closure_update,68,closure_update,closure,shuffle_matched_030,North,South,4612,4316,5231, **,other,2,3,0.8203125,30,3072,False
g068_closure_override,68,closure_override,closure,shuffle_matched_030,North,South,4612,4316,4612, North,clean,1,3,1.328125,30,3072,True
g068_exception_override,68,exception_override,closure,shuffle_matched_030,North,South,4612,4316,4612, North,clean,1,3,1.625,30,3072,False
g069_closure_update,69,closure_update,closure,shuffle_matched_030,East,West,5571,4589,5231, **,other,2,4,2.7109375,30,3072,False
g069_closure_override,69,closure_override,closure,shuffle_matched_030,East,West,5571,4589,5231, **,other,2,3,0.640625,30,3072,False
g069_exception_override,69,exception_override,closure,shuffle_matched_030,East,West,5571,4589,5231, **,other,2,3,0.5234375,30,3072,False
g073_closure_update,73,closure_update,closure,shuffle_matched_030,Green,Yellow,6724,21730,5231, **,other,2,3,1.4609375,30,3072,False
g073_closure_override,73,closure_override,closure,shuffle_matched_030,Green,Yellow,6724,21730,5231, **,other,2,3,0.234375,30,3072,False
g073_exception_override,73,exception_override,closure,shuffle_matched_030,Green,Yellow,6724,21730,5231, **,other,3,2,-0.4140625,30,3072,False
g077_closure_update,77,closure_update,closure,shuffle_matched_030,Gold,Iron,6863,17186,5231, **,other,2,3,2.1015625,30,3072,False
g077_closure_override,77,closure_override,closure,shuffle_matched_030,Gold,Iron,6863,17186,5231, **,other,2,3,0.75,30,3072,False
g077_exception_override,77,exception_override,closure,shuffle_matched_030,Gold,Iron,6863,17186,5231, **,other,2,3,0.6484375,30,3072,False
g079_closure_update,79,closure_update,closure,shuffle_matched_030,Green,Yellow,6724,21730,5231, **,other,2,3,1.3984375,30,3072,False
g079_closure_override,79,closure_override,closure,shuffle_matched_030,Green,Yellow,6724,21730,5231, **,other,2,2,0.0,30,3072,False
g079_exception_override,79,exception_override,closure,shuffle_matched_030,Green,Yellow,6724,21730,6724, Green,clean,1,3,0.6015625,30,3072,False
g080_closure_update,80,closure_update,closure,shuffle_matched_030,North,South,4612,4316,5231, **,other,2,3,0.203125,30,3072,False
g080_closure_override,80,closure_override,closure,shuffle_matched_030,North,South,4612,4316,4612, North,clean,1,3,0.9921875,30,3072,True
g080_exception_override,80,exception_override,closure,shuffle_matched_030,North,South,4612,4316,4612, North,clean,1,3,1.4921875,30,3072,True
g085_closure_update,85,closure_update,closure,shuffle_matched_030,Green,Yellow,6724,21730,5231, **,other,2,3,1.75,30,3072,False
g085_closure_override,85,closure_override,closure,shuffle_matched_030,Green,Yellow,6724,21730,5231, **,other,1,3,0.8046875,30,3072,False
g085_exception_override,85,exception_override,closure,shuffle_matched_030,Green,Yellow,6724,21730,5231, **,other,2,3,0.4296875,30,3072,False
g088_closure_update,88,closure_update,closure,shuffle_matched_030,Copper,Silver,38315,15934,5231, **,other,2,3,2.8046875,30,3072,False
g088_closure_override,88,closure_override,closure,shuffle_matched_030,Copper,Silver,38315,15934,38315, Copper,clean,1,3,1.8984375,30,3072,True
g088_exception_override,88,exception_override,closure,shuffle_matched_030,Copper,Silver,38315,15934,38315, Copper,clean,1,3,1.6953125,30,3072,False
g094_closure_update,94,closure_update,closure,shuffle_matched_030,Copper,Silver,38315,15934,5231, **,other,2,4,3.0703125,30,3072,False
g094_closure_override,94,closure_override,closure,shuffle_matched_030,Copper,Silver,38315,15934,38315, Copper,clean,1,3,1.265625,30,3072,True
g094_exception_override,94,exception_override,closure,shuffle_matched_030,Copper,Silver,38315,15934,38315, Copper,clean,1,3,1.359375,30,3072,False
g000_closure_update,0,closure_update,closure,shuffle_matched_031,Red,Blue,4075,7640,5231, **,other,2,3,0.953125,31,3073,False
g000_closure_override,0,closure_override,closure,shuffle_matched_031,Red,Blue,4075,7640,5231, **,other,3,2,-1.1015625,31,3073,False
g000_exception_override,0,exception_override,closure,shuffle_matched_031,Red,Blue,4075,7640,5231, **,other,3,2,-0.5390625,31,3073,False
g004_closure_update,4,closure_update,closure,shuffle_matched_031,Copper,Silver,38315,15934,5231, **,other,2,3,2.4765625,31,3073,False
g004_closure_override,4,closure_override,closure,shuffle_matched_031,Copper,Silver,38315,15934,38315, Copper,clean,1,3,2.296875,31,3073,False
g004_exception_override,4,exception_override,closure,shuffle_matched_031,Copper,Silver,38315,15934,38315, Copper,clean,1,3,2.0859375,31,3073,False
g009_closure_update,9,closure_update,closure,shuffle_matched_031,East,West,5571,4589,5231, **,other,2,3,2.875,31,3073,False
g009_closure_override,9,closure_override,closure,shuffle_matched_031,East,West,5571,4589,5231, **,other,2,3,0.140625,31,3073,False
g009_exception_override,9,exception_override,closure,shuffle_matched_031,East,West,5571,4589,5231, **,other,2,3,0.03125,31,3073,False
g010_closure_update,10,closure_update,closure,shuffle_matched_031,Copper,Silver,38315,15934,5231, **,other,2,4,3.296875,31,3073,False
g010_closure_override,10,closure_override,closure,shuffle_matched_031,Copper,Silver,38315,15934,38315, Copper,clean,1,3,1.8046875,31,3073,False
g010_exception_override,10,exception_override,closure,shuffle_matched_031,Copper,Silver,38315,15934,5231, **,other,2,3,0.6875,31,3073,False
g011_closure_update,11,closure_update,closure,shuffle_matched_031,Gold,Iron,6863,17186,5231, **,other,2,3,2.109375,31,3073,False
g011_closure_override,11,closure_override,closure,shuffle_matched_031,Gold,Iron,6863,17186,5231, **,other,2,3,0.1875,31,3073,False
g011_exception_override,11,exception_override,closure,shuffle_matched_031,Gold,Iron,6863,17186,17186, Iron,conflict,3,1,-0.8359375,31,3073,False
g012_closure_update,12,closure_update,closure,shuffle_matched_031,Red,Blue,4075,7640,5231, **,other,2,3,1.3125,31,3073,False
g012_closure_override,12,closure_override,closure,shuffle_matched_031,Red,Blue,4075,7640,5231, **,other,3,2,-0.828125,31,3073,False
g012_exception_override,12,exception_override,closure,shuffle_matched_031,Red,Blue,4075,7640,5231, **,other,3,2,-0.8125,31,3073,False
g015_closure_update,15,closure_update,closure,shuffle_matched_031,East,West,5571,4589,5231, **,other,2,3,1.2265625,31,3073,False
g015_closure_override,15,closure_override,closure,shuffle_matched_031,East,West,5571,4589,4589, West,conflict,3,1,-1.3359375,31,3073,False
g015_exception_override,15,exception_override,closure,shuffle_matched_031,East,West,5571,4589,4589, West,conflict,3,1,-1.515625,31,3073,False
g018_closure_update,18,closure_update,closure,shuffle_matched_031,Red,Blue,4075,7640,5231, **,other,2,3,0.84375,31,3073,False
g018_closure_override,18,closure_override,closure,shuffle_matched_031,Red,Blue,4075,7640,7640, Blue,conflict,3,1,-1.078125,31,3073,False
g018_exception_override,18,exception_override,closure,shuffle_matched_031,Red,Blue,4075,7640,5231, **,other,3,2,-0.828125,31,3073,False
g022_closure_update,22,closure_update,closure,shuffle_matched_031,Copper,Silver,38315,15934,5231, **,other,2,3,2.0234375,31,3073,False
g022_closure_override,22,closure_override,closure,shuffle_matched_031,Copper,Silver,38315,15934,38315, Copper,clean,1,3,1.3671875,31,3073,True
g022_exception_override,22,exception_override,closure,shuffle_matched_031,Copper,Silver,38315,15934,5231, **,other,2,3,0.3359375,31,3073,False
g026_closure_update,26,closure_update,closure,shuffle_matched_031,North,South,4612,4316,5231, **,other,3,2,-0.1796875,31,3073,False
g026_closure_override,26,closure_override,closure,shuffle_matched_031,North,South,4612,4316,5231, **,other,2,3,0.28125,31,3073,False
g026_exception_override,26,exception_override,closure,shuffle_matched_031,North,South,4612,4316,5231, **,other,3,2,-0.5625,31,3073,False
g030_closure_update,30,closure_update,closure,shuffle_matched_031,Red,Blue,4075,7640,5231, **,other,2,3,1.0625,31,3073,False
g030_closure_override,30,closure_override,closure,shuffle_matched_031,Red,Blue,4075,7640,7640, Blue,conflict,3,1,-0.7890625,31,3073,False
g030_exception_override,30,exception_override,closure,shuffle_matched_031,Red,Blue,4075,7640,5231, **,other,2,3,0.03125,31,3073,False
g031_closure_update,31,closure_update,closure,shuffle_matched_031,Green,Yellow,6724,21730,5231, **,other,2,3,2.2421875,31,3073,False
g031_closure_override,31,closure_override,closure,shuffle_matched_031,Green,Yellow,6724,21730,5231, **,other,1,3,0.8203125,31,3073,False
g031_exception_override,31,exception_override,closure,shuffle_matched_031,Green,Yellow,6724,21730,5231, **,other,2,3,1.0078125,31,3073,False
g033_closure_update,33,closure_update,closure,shuffle_matched_031,East,West,5571,4589,5571, East,clean,1,3,2.75,31,3073,False
g033_closure_override,33,closure_override,closure,shuffle_matched_031,East,West,5571,4589,5571, East,clean,1,3,0.8125,31,3073,False
g033_exception_override,33,exception_override,closure,shuffle_matched_031,East,West,5571,4589,5231, **,other,2,3,0.453125,31,3073,False
g039_closure_update,39,closure_update,closure,shuffle_matched_031,East,West,5571,4589,5231, **,other,2,3,2.1875,31,3073,False
g039_closure_override,39,closure_override,closure,shuffle_matched_031,East,West,5571,4589,5571, East,clean,1,3,0.5234375,31,3073,True
g039_exception_override,39,exception_override,closure,shuffle_matched_031,East,West,5571,4589,5231, **,other,3,2,-0.0625,31,3073,False
g040_closure_update,40,closure_update,closure,shuffle_matched_031,Copper,Silver,38315,15934,5231, **,other,2,3,2.03125,31,3073,False
g040_closure_override,40,closure_override,closure,shuffle_matched_031,Copper,Silver,38315,15934,38315, Copper,clean,1,3,1.6328125,31,3073,True
g040_exception_override,40,exception_override,closure,shuffle_matched_031,Copper,Silver,38315,15934,38315, Copper,clean,1,3,2.375,31,3073,False
g042_closure_update,42,closure_update,closure,shuffle_matched_031,Red,Blue,4075,7640,5231, **,other,2,3,1.1640625,31,3073,False
g042_closure_override,42,closure_override,closure,shuffle_matched_031,Red,Blue,4075,7640,5231, **,other,3,2,-0.703125,31,3073,False
g042_exception_override,42,exception_override,closure,shuffle_matched_031,Red,Blue,4075,7640,5231, **,other,3,2,-0.890625,31,3073,False
g045_closure_update,45,closure_update,closure,shuffle_matched_031,East,West,5571,4589,5231, **,other,2,4,2.953125,31,3073,False
g045_closure_override,45,closure_override,closure,shuffle_matched_031,East,West,5571,4589,5231, **,other,2,3,0.3515625,31,3073,False
g045_exception_override,45,exception_override,closure,shuffle_matched_031,East,West,5571,4589,5231, **,other,2,3,0.6875,31,3073,False
g053_closure_update,53,closure_update,closure,shuffle_matched_031,Gold,Iron,6863,17186,5231, **,other,2,3,1.734375,31,3073,False
g053_closure_override,53,closure_override,closure,shuffle_matched_031,Gold,Iron,6863,17186,5231, **,other,2,3,1.1171875,31,3073,False
g053_exception_override,53,exception_override,closure,shuffle_matched_031,Gold,Iron,6863,17186,5231, **,other,2,4,1.3125,31,3073,False
g064_closure_update,64,closure_update,closure,shuffle_matched_031,Copper,Silver,38315,15934,5231, **,other,2,3,1.6328125,31,3073,False
g064_closure_override,64,closure_override,closure,shuffle_matched_031,Copper,Silver,38315,15934,38315, Copper,clean,1,3,1.3515625,31,3073,True
g064_exception_override,64,exception_override,closure,shuffle_matched_031,Copper,Silver,38315,15934,38315, Copper,clean,1,3,2.3984375,31,3073,False
g067_closure_update,67,closure_update,closure,shuffle_matched_031,Green,Yellow,6724,21730,5231, **,other,2,3,2.171875,31,3073,False
g067_closure_override,67,closure_override,closure,shuffle_matched_031,Green,Yellow,6724,21730,5231, **,other,2,3,0.4921875,31,3073,False
g067_exception_override,67,exception_override,closure,shuffle_matched_031,Green,Yellow,6724,21730,5231, **,other,2,3,0.0625,31,3073,False
g068_closure_update,68,closure_update,closure,shuffle_matched_031,North,South,4612,4316,5231, **,other,2,3,0.8203125,31,3073,False
g068_closure_override,68,closure_override,closure,shuffle_matched_031,North,South,4612,4316,4612, North,clean,1,3,1.3203125,31,3073,True
g068_exception_override,68,exception_override,closure,shuffle_matched_031,North,South,4612,4316,5231, **,other,3,2,-0.0703125,31,3073,False
g069_closure_update,69,closure_update,closure,shuffle_matched_031,East,West,5571,4589,5231, **,other,2,4,2.7109375,31,3073,False
g069_closure_override,69,closure_override,closure,shuffle_matched_031,East,West,5571,4589,5231, **,other,2,3,0.71875,31,3073,False
g069_exception_override,69,exception_override,closure,shuffle_matched_031,East,West,5571,4589,5231, **,other,2,3,0.3515625,31,3073,False
g073_closure_update,73,closure_update,closure,shuffle_matched_031,Green,Yellow,6724,21730,5231, **,other,2,3,1.4765625,31,3073,False
g073_closure_override,73,closure_override,closure,shuffle_matched_031,Green,Yellow,6724,21730,5231, **,other,2,3,0.3515625,31,3073,False
g073_exception_override,73,exception_override,closure,shuffle_matched_031,Green,Yellow,6724,21730,5231, **,other,2,3,0.453125,31,3073,False
g077_closure_update,77,closure_update,closure,shuffle_matched_031,Gold,Iron,6863,17186,5231, **,other,2,3,2.1015625,31,3073,False
g077_closure_override,77,closure_override,closure,shuffle_matched_031,Gold,Iron,6863,17186,5231, **,other,2,3,0.734375,31,3073,False
g077_exception_override,77,exception_override,closure,shuffle_matched_031,Gold,Iron,6863,17186,5231, **,other,2,3,0.875,31,3073,False
g079_closure_update,79,closure_update,closure,shuffle_matched_031,Green,Yellow,6724,21730,5231, **,other,2,3,1.3984375,31,3073,False
g079_closure_override,79,closure_override,closure,shuffle_matched_031,Green,Yellow,6724,21730,21730, Yellow,conflict,3,1,-0.0390625,31,3073,False
g079_exception_override,79,exception_override,closure,shuffle_matched_031,Green,Yellow,6724,21730,5231, **,other,2,3,0.421875,31,3073,False
g080_closure_update,80,closure_update,closure,shuffle_matched_031,North,South,4612,4316,5231, **,other,2,3,0.203125,31,3073,False
g080_closure_override,80,closure_override,closure,shuffle_matched_031,North,South,4612,4316,5231, **,other,2,3,0.9296875,31,3073,False
g080_exception_override,80,exception_override,closure,shuffle_matched_031,North,South,4612,4316,5231, **,other,2,3,1.125,31,3073,False
g085_closure_update,85,closure_update,closure,shuffle_matched_031,Green,Yellow,6724,21730,5231, **,other,2,3,1.734375,31,3073,False
g085_closure_override,85,closure_override,closure,shuffle_matched_031,Green,Yellow,6724,21730,5231, **,other,1,3,0.8203125,31,3073,False
g085_exception_override,85,exception_override,closure,shuffle_matched_031,Green,Yellow,6724,21730,5231, **,other,2,3,0.546875,31,3073,False
g088_closure_update,88,closure_update,closure,shuffle_matched_031,Copper,Silver,38315,15934,5231, **,other,2,3,2.8046875,31,3073,False
g088_closure_override,88,closure_override,closure,shuffle_matched_031,Copper,Silver,38315,15934,38315, Copper,clean,1,3,1.8828125,31,3073,True
g088_exception_override,88,exception_override,closure,shuffle_matched_031,Copper,Silver,38315,15934,38315, Copper,clean,1,3,1.7109375,31,3073,False
g094_closure_update,94,closure_update,closure,shuffle_matched_031,Copper,Silver,38315,15934,5231, **,other,2,4,3.0703125,31,3073,False
g094_closure_override,94,closure_override,closure,shuffle_matched_031,Copper,Silver,38315,15934,38315, Copper,clean,1,3,1.4453125,31,3073,True
g094_exception_override,94,exception_override,closure,shuffle_matched_031,Copper,Silver,38315,15934,38315, Copper,clean,1,3,1.7421875,31,3073,False
g000_closure_update,0,closure_update,closure,shuffle_matched_032,Red,Blue,4075,7640,5231, **,other,2,3,0.9921875,32,3074,False
g000_closure_override,0,closure_override,closure,shuffle_matched_032,Red,Blue,4075,7640,5231, **,other,3,2,-0.7578125,32,3074,False
g000_exception_override,0,exception_override,closure,shuffle_matched_032,Red,Blue,4075,7640,5231, **,other,3,2,-1.34375,32,3074,False
g004_closure_update,4,closure_update,closure,shuffle_matched_032,Copper,Silver,38315,15934,5231, **,other,2,3,2.4765625,32,3074,False
g004_closure_override,4,closure_override,closure,shuffle_matched_032,Copper,Silver,38315,15934,38315, Copper,clean,1,3,2.3046875,32,3074,False
g004_exception_override,4,exception_override,closure,shuffle_matched_032,Copper,Silver,38315,15934,5231, **,other,2,3,0.7421875,32,3074,False
g009_closure_update,9,closure_update,closure,shuffle_matched_032,East,West,5571,4589,5231, **,other,2,3,2.875,32,3074,False
g009_closure_override,9,closure_override,closure,shuffle_matched_032,East,West,5571,4589,5231, **,other,2,3,0.5625,32,3074,False
g009_exception_override,9,exception_override,closure,shuffle_matched_032,East,West,5571,4589,5231, **,other,2,3,0.03125,32,3074,False
g010_closure_update,10,closure_update,closure,shuffle_matched_032,Copper,Silver,38315,15934,5231, **,other,2,4,3.296875,32,3074,False
g010_closure_override,10,closure_override,closure,shuffle_matched_032,Copper,Silver,38315,15934,38315, Copper,clean,1,3,1.8359375,32,3074,False
g010_exception_override,10,exception_override,closure,shuffle_matched_032,Copper,Silver,38315,15934,5231, **,other,2,3,1.3046875,32,3074,False
g011_closure_update,11,closure_update,closure,shuffle_matched_032,Gold,Iron,6863,17186,5231, **,other,2,3,2.1328125,32,3074,False
g011_closure_override,11,closure_override,closure,shuffle_matched_032,Gold,Iron,6863,17186,5231, **,other,2,3,0.1875,32,3074,False
g011_exception_override,11,exception_override,closure,shuffle_matched_032,Gold,Iron,6863,17186,17186, Iron,conflict,3,1,-0.59375,32,3074,False
g012_closure_update,12,closure_update,closure,shuffle_matched_032,Red,Blue,4075,7640,5231, **,other,2,3,1.0703125,32,3074,False
g012_closure_override,12,closure_override,closure,shuffle_matched_032,Red,Blue,4075,7640,5231, **,other,3,2,-0.828125,32,3074,False
g012_exception_override,12,exception_override,closure,shuffle_matched_032,Red,Blue,4075,7640,5231, **,other,3,2,-0.9609375,32,3074,False
g015_closure_update,15,closure_update,closure,shuffle_matched_032,East,West,5571,4589,5231, **,other,2,3,1.2265625,32,3074,False
g015_closure_override,15,closure_override,closure,shuffle_matched_032,East,West,5571,4589,4589, West,conflict,3,1,-1.2109375,32,3074,False
g015_exception_override,15,exception_override,closure,shuffle_matched_032,East,West,5571,4589,4589, West,conflict,3,1,-1.4921875,32,3074,False
g018_closure_update,18,closure_update,closure,shuffle_matched_032,Red,Blue,4075,7640,5231, **,other,2,3,0.84375,32,3074,False
g018_closure_override,18,closure_override,closure,shuffle_matched_032,Red,Blue,4075,7640,7640, Blue,conflict,3,1,-1.078125,32,3074,False
g018_exception_override,18,exception_override,closure,shuffle_matched_032,Red,Blue,4075,7640,5231, **,other,3,2,-0.4765625,32,3074,False
g022_closure_update,22,closure_update,closure,shuffle_matched_032,Copper,Silver,38315,15934,5231, **,other,2,3,2.0234375,32,3074,False
g022_closure_override,22,closure_override,closure,shuffle_matched_032,Copper,Silver,38315,15934,38315, Copper,clean,1,3,1.3359375,32,3074,True
g022_exception_override,22,exception_override,closure,shuffle_matched_032,Copper,Silver,38315,15934,38315, Copper,clean,1,4,2.0703125,32,3074,False
g026_closure_update,26,closure_update,closure,shuffle_matched_032,North,South,4612,4316,5231, **,other,3,2,-0.1796875,32,3074,False
g026_closure_override,26,closure_override,closure,shuffle_matched_032,North,South,4612,4316,5231, **,other,2,3,0.3984375,32,3074,False
g026_exception_override,26,exception_override,closure,shuffle_matched_032,North,South,4612,4316,5231, **,other,2,3,1.0,32,3074,False
g030_closure_update,30,closure_update,closure,shuffle_matched_032,Red,Blue,4075,7640,5231, **,other,2,3,1.0625,32,3074,False
g030_closure_override,30,closure_override,closure,shuffle_matched_032,Red,Blue,4075,7640,7640, Blue,conflict,3,1,-0.7890625,32,3074,False
g030_exception_override,30,exception_override,closure,shuffle_matched_032,Red,Blue,4075,7640,5231, **,other,2,3,0.03125,32,3074,False
g031_closure_update,31,closure_update,closure,shuffle_matched_032,Green,Yellow,6724,21730,5231, **,other,2,3,2.2421875,32,3074,False
g031_closure_override,31,closure_override,closure,shuffle_matched_032,Green,Yellow,6724,21730,6724, Green,clean,1,3,0.890625,32,3074,False
g031_exception_override,31,exception_override,closure,shuffle_matched_032,Green,Yellow,6724,21730,5231, **,other,2,3,0.1640625,32,3074,False
g033_closure_update,33,closure_update,closure,shuffle_matched_032,East,West,5571,4589,5571, East,clean,1,3,2.75,32,3074,False
g033_closure_override,33,closure_override,closure,shuffle_matched_032,East,West,5571,4589,5231, **,other,2,3,1.0234375,32,3074,False
g033_exception_override,33,exception_override,closure,shuffle_matched_032,East,West,5571,4589,5231, **,other,2,3,0.3828125,32,3074,False
g039_closure_update,39,closure_update,closure,shuffle_matched_032,East,West,5571,4589,5231, **,other,2,3,2.1875,32,3074,False
g039_closure_override,39,closure_override,closure,shuffle_matched_032,East,West,5571,4589,5571, East,clean,1,3,0.2734375,32,3074,True
g039_exception_override,39,exception_override,closure,shuffle_matched_032,East,West,5571,4589,5231, **,other,3,2,-0.0625,32,3074,False
g040_closure_update,40,closure_update,closure,shuffle_matched_032,Copper,Silver,38315,15934,5231, **,other,2,3,2.03125,32,3074,False
g040_closure_override,40,closure_override,closure,shuffle_matched_032,Copper,Silver,38315,15934,38315, Copper,clean,1,3,1.65625,32,3074,True
g040_exception_override,40,exception_override,closure,shuffle_matched_032,Copper,Silver,38315,15934,38315, Copper,clean,1,5,3.125,32,3074,False
g042_closure_update,42,closure_update,closure,shuffle_matched_032,Red,Blue,4075,7640,5231, **,other,2,3,1.1640625,32,3074,False
g042_closure_override,42,closure_override,closure,shuffle_matched_032,Red,Blue,4075,7640,5231, **,other,3,1,-0.734375,32,3074,False
g042_exception_override,42,exception_override,closure,shuffle_matched_032,Red,Blue,4075,7640,5231, **,other,2,3,0.046875,32,3074,False
g045_closure_update,45,closure_update,closure,shuffle_matched_032,East,West,5571,4589,5231, **,other,2,4,2.953125,32,3074,False
g045_closure_override,45,closure_override,closure,shuffle_matched_032,East,West,5571,4589,5231, **,other,2,3,0.78125,32,3074,False
g045_exception_override,45,exception_override,closure,shuffle_matched_032,East,West,5571,4589,5231, **,other,2,3,1.046875,32,3074,False
g053_closure_update,53,closure_update,closure,shuffle_matched_032,Gold,Iron,6863,17186,5231, **,other,2,3,1.734375,32,3074,False
g053_closure_override,53,closure_override,closure,shuffle_matched_032,Gold,Iron,6863,17186,5231, **,other,2,3,1.34375,32,3074,False
g053_exception_override,53,exception_override,closure,shuffle_matched_032,Gold,Iron,6863,17186,5231, **,other,2,3,1.0,32,3074,False
g064_closure_update,64,closure_update,closure,shuffle_matched_032,Copper,Silver,38315,15934,5231, **,other,2,3,1.6328125,32,3074,False
g064_closure_override,64,closure_override,closure,shuffle_matched_032,Copper,Silver,38315,15934,38315, Copper,clean,1,3,1.703125,32,3074,True
g064_exception_override,64,exception_override,closure,shuffle_matched_032,Copper,Silver,38315,15934,38315, Copper,clean,1,3,1.75,32,3074,False
g067_closure_update,67,closure_update,closure,shuffle_matched_032,Green,Yellow,6724,21730,5231, **,other,2,3,2.171875,32,3074,False
g067_closure_override,67,closure_override,closure,shuffle_matched_032,Green,Yellow,6724,21730,6724, Green,clean,1,3,0.6953125,32,3074,False
g067_exception_override,67,exception_override,closure,shuffle_matched_032,Green,Yellow,6724,21730,5231, **,other,2,3,0.0625,32,3074,False
g068_closure_update,68,closure_update,closure,shuffle_matched_032,North,South,4612,4316,5231, **,other,2,3,0.8203125,32,3074,False
g068_closure_override,68,closure_override,closure,shuffle_matched_032,North,South,4612,4316,5231, **,other,2,3,1.265625,32,3074,False
g068_exception_override,68,exception_override,closure,shuffle_matched_032,North,South,4612,4316,5231, **,other,2,3,1.4140625,32,3074,False
g069_closure_update,69,closure_update,closure,shuffle_matched_032,East,West,5571,4589,5231, **,other,2,4,2.7109375,32,3074,False
g069_closure_override,69,closure_override,closure,shuffle_matched_032,East,West,5571,4589,5231, **,other,2,3,0.640625,32,3074,False
g069_exception_override,69,exception_override,closure,shuffle_matched_032,East,West,5571,4589,5231, **,other,2,3,0.5390625,32,3074,False
g073_closure_update,73,closure_update,closure,shuffle_matched_032,Green,Yellow,6724,21730,5231, **,other,2,3,1.4609375,32,3074,False
g073_closure_override,73,closure_override,closure,shuffle_matched_032,Green,Yellow,6724,21730,5231, **,other,2,3,0.1796875,32,3074,False
g073_exception_override,73,exception_override,closure,shuffle_matched_032,Green,Yellow,6724,21730,5231, **,other,2,3,0.3828125,32,3074,False
g077_closure_update,77,closure_update,closure,shuffle_matched_032,Gold,Iron,6863,17186,5231, **,other,2,3,2.1015625,32,3074,False
g077_closure_override,77,closure_override,closure,shuffle_matched_032,Gold,Iron,6863,17186,5231, **,other,2,3,0.6171875,32,3074,False
g077_exception_override,77,exception_override,closure,shuffle_matched_032,Gold,Iron,6863,17186,5231, **,other,2,3,0.1328125,32,3074,False
g079_closure_update,79,closure_update,closure,shuffle_matched_032,Green,Yellow,6724,21730,5231, **,other,2,3,1.3984375,32,3074,False
g079_closure_override,79,closure_override,closure,shuffle_matched_032,Green,Yellow,6724,21730,21730, Yellow,conflict,2,1,-0.1796875,32,3074,False
g079_exception_override,79,exception_override,closure,shuffle_matched_032,Green,Yellow,6724,21730,5231, **,other,2,3,0.421875,32,3074,False
g080_closure_update,80,closure_update,closure,shuffle_matched_032,North,South,4612,4316,5231, **,other,2,3,0.203125,32,3074,False
g080_closure_override,80,closure_override,closure,shuffle_matched_032,North,South,4612,4316,5231, **,other,2,3,0.9296875,32,3074,False
g080_exception_override,80,exception_override,closure,shuffle_matched_032,North,South,4612,4316,4612, North,clean,1,3,1.4921875,32,3074,True
g085_closure_update,85,closure_update,closure,shuffle_matched_032,Green,Yellow,6724,21730,5231, **,other,2,3,1.75,32,3074,False
g085_closure_override,85,closure_override,closure,shuffle_matched_032,Green,Yellow,6724,21730,6724, Green,clean,1,3,0.9375,32,3074,True
g085_exception_override,85,exception_override,closure,shuffle_matched_032,Green,Yellow,6724,21730,5231, **,other,2,3,0.5390625,32,3074,False
g088_closure_update,88,closure_update,closure,shuffle_matched_032,Copper,Silver,38315,15934,5231, **,other,2,3,2.8046875,32,3074,False
g088_closure_override,88,closure_override,closure,shuffle_matched_032,Copper,Silver,38315,15934,38315, Copper,clean,1,3,1.3984375,32,3074,True
g088_exception_override,88,exception_override,closure,shuffle_matched_032,Copper,Silver,38315,15934,38315, Copper,clean,1,3,1.234375,32,3074,False
g094_closure_update,94,closure_update,closure,shuffle_matched_032,Copper,Silver,38315,15934,5231, **,other,2,4,3.0703125,32,3074,False
g094_closure_override,94,closure_override,closure,shuffle_matched_032,Copper,Silver,38315,15934,38315, Copper,clean,1,3,1.4453125,32,3074,True
g094_exception_override,94,exception_override,closure,shuffle_matched_032,Copper,Silver,38315,15934,38315, Copper,clean,1,3,1.34375,32,3074,False
g000_closure_update,0,closure_update,closure,shuffle_matched_033,Red,Blue,4075,7640,5231, **,other,2,3,0.953125,33,3075,False
g000_closure_override,0,closure_override,closure,shuffle_matched_033,Red,Blue,4075,7640,5231, **,other,3,2,-0.7578125,33,3075,False
g000_exception_override,0,exception_override,closure,shuffle_matched_033,Red,Blue,4075,7640,5231, **,other,3,2,-0.609375,33,3075,False
g004_closure_update,4,closure_update,closure,shuffle_matched_033,Copper,Silver,38315,15934,5231, **,other,2,3,2.4765625,33,3075,False
g004_closure_override,4,closure_override,closure,shuffle_matched_033,Copper,Silver,38315,15934,38315, Copper,clean,1,3,2.296875,33,3075,False
g004_exception_override,4,exception_override,closure,shuffle_matched_033,Copper,Silver,38315,15934,38315, Copper,clean,1,3,2.0859375,33,3075,False
g009_closure_update,9,closure_update,closure,shuffle_matched_033,East,West,5571,4589,5231, **,other,2,3,2.875,33,3075,False
g009_closure_override,9,closure_override,closure,shuffle_matched_033,East,West,5571,4589,5231, **,other,2,3,0.140625,33,3075,False
g009_exception_override,9,exception_override,closure,shuffle_matched_033,East,West,5571,4589,5231, **,other,2,3,0.03125,33,3075,False
g010_closure_update,10,closure_update,closure,shuffle_matched_033,Copper,Silver,38315,15934,5231, **,other,2,4,3.296875,33,3075,False
g010_closure_override,10,closure_override,closure,shuffle_matched_033,Copper,Silver,38315,15934,38315, Copper,clean,1,3,1.484375,33,3075,False
g010_exception_override,10,exception_override,closure,shuffle_matched_033,Copper,Silver,38315,15934,38315, Copper,clean,1,3,1.078125,33,3075,False
g011_closure_update,11,closure_update,closure,shuffle_matched_033,Gold,Iron,6863,17186,5231, **,other,2,3,2.1328125,33,3075,False
g011_closure_override,11,closure_override,closure,shuffle_matched_033,Gold,Iron,6863,17186,5231, **,other,2,3,0.15625,33,3075,False
g011_exception_override,11,exception_override,closure,shuffle_matched_033,Gold,Iron,6863,17186,5231, **,other,3,2,-1.1796875,33,3075,False
g012_closure_update,12,closure_update,closure,shuffle_matched_033,Red,Blue,4075,7640,5231, **,other,2,3,1.0703125,33,3075,False
g012_closure_override,12,closure_override,closure,shuffle_matched_033,Red,Blue,4075,7640,5231, **,other,3,2,-0.796875,33,3075,False
g012_exception_override,12,exception_override,closure,shuffle_matched_033,Red,Blue,4075,7640,5231, **,other,3,2,-0.8125,33,3075,False
g015_closure_update,15,closure_update,closure,shuffle_matched_033,East,West,5571,4589,5231, **,other,2,3,1.2265625,33,3075,False
g015_closure_override,15,closure_override,closure,shuffle_matched_033,East,West,5571,4589,5231, **,other,3,2,-1.2265625,33,3075,False
g015_exception_override,15,exception_override,closure,shuffle_matched_033,East,West,5571,4589,4589, West,conflict,3,1,-1.515625,33,3075,False
g018_closure_update,18,closure_update,closure,shuffle_matched_033,Red,Blue,4075,7640,5231, **,other,2,3,0.84375,33,3075,False
g018_closure_override,18,closure_override,closure,shuffle_matched_033,Red,Blue,4075,7640,5231, **,other,3,2,-0.890625,33,3075,False
g018_exception_override,18,exception_override,closure,shuffle_matched_033,Red,Blue,4075,7640,5231, **,other,3,2,-0.453125,33,3075,False
g022_closure_update,22,closure_update,closure,shuffle_matched_033,Copper,Silver,38315,15934,5231, **,other,2,3,2.0234375,33,3075,False
g022_closure_override,22,closure_override,closure,shuffle_matched_033,Copper,Silver,38315,15934,38315, Copper,clean,1,3,1.3359375,33,3075,True
g022_exception_override,22,exception_override,closure,shuffle_matched_033,Copper,Silver,38315,15934,38315, Copper,clean,1,4,2.0703125,33,3075,False
g026_closure_update,26,closure_update,closure,shuffle_matched_033,North,South,4612,4316,5231, **,other,3,2,-0.1796875,33,3075,False
g026_closure_override,26,closure_override,closure,shuffle_matched_033,North,South,4612,4316,5231, **,other,2,3,0.3359375,33,3075,False
g026_exception_override,26,exception_override,closure,shuffle_matched_033,North,South,4612,4316,5231, **,other,2,3,0.6484375,33,3075,False
g030_closure_update,30,closure_update,closure,shuffle_matched_033,Red,Blue,4075,7640,5231, **,other,2,3,1.046875,33,3075,False
g030_closure_override,30,closure_override,closure,shuffle_matched_033,Red,Blue,4075,7640,7640, Blue,conflict,3,1,-0.7890625,33,3075,False
g030_exception_override,30,exception_override,closure,shuffle_matched_033,Red,Blue,4075,7640,5231, **,other,2,3,0.1328125,33,3075,False
g031_closure_update,31,closure_update,closure,shuffle_matched_033,Green,Yellow,6724,21730,5231, **,other,2,3,2.2421875,33,3075,False
g031_closure_override,31,closure_override,closure,shuffle_matched_033,Green,Yellow,6724,21730,6724, Green,clean,1,3,0.6796875,33,3075,False
g031_exception_override,31,exception_override,closure,shuffle_matched_033,Green,Yellow,6724,21730,5231, **,other,2,3,0.1640625,33,3075,False
g033_closure_update,33,closure_update,closure,shuffle_matched_033,East,West,5571,4589,5571, East,clean,1,3,2.75,33,3075,False
g033_closure_override,33,closure_override,closure,shuffle_matched_033,East,West,5571,4589,5571, East,clean,1,3,0.859375,33,3075,False
g033_exception_override,33,exception_override,closure,shuffle_matched_033,East,West,5571,4589,5231, **,other,2,3,0.453125,33,3075,False
g039_closure_update,39,closure_update,closure,shuffle_matched_033,East,West,5571,4589,5231, **,other,2,3,2.1875,33,3075,False
g039_closure_override,39,closure_override,closure,shuffle_matched_033,East,West,5571,4589,5571, East,clean,1,3,0.2890625,33,3075,True
g039_exception_override,39,exception_override,closure,shuffle_matched_033,East,West,5571,4589,5231, **,other,3,2,-0.03125,33,3075,False
g040_closure_update,40,closure_update,closure,shuffle_matched_033,Copper,Silver,38315,15934,5231, **,other,2,3,2.03125,33,3075,False
g040_closure_override,40,closure_override,closure,shuffle_matched_033,Copper,Silver,38315,15934,38315, Copper,clean,1,3,1.65625,33,3075,True
g040_exception_override,40,exception_override,closure,shuffle_matched_033,Copper,Silver,38315,15934,38315, Copper,clean,1,3,2.3984375,33,3075,False
g042_closure_update,42,closure_update,closure,shuffle_matched_033,Red,Blue,4075,7640,5231, **,other,2,3,1.1640625,33,3075,False
g042_closure_override,42,closure_override,closure,shuffle_matched_033,Red,Blue,4075,7640,5231, **,other,3,2,-0.390625,33,3075,False
g042_exception_override,42,exception_override,closure,shuffle_matched_033,Red,Blue,4075,7640,5231, **,other,3,2,-0.015625,33,3075,False
g045_closure_update,45,closure_update,closure,shuffle_matched_033,East,West,5571,4589,5231, **,other,2,4,2.953125,33,3075,False
g045_closure_override,45,closure_override,closure,shuffle_matched_033,East,West,5571,4589,5231, **,other,2,3,0.3515625,33,3075,False
g045_exception_override,45,exception_override,closure,shuffle_matched_033,East,West,5571,4589,5231, **,other,2,3,1.046875,33,3075,False
g053_closure_update,53,closure_update,closure,shuffle_matched_033,Gold,Iron,6863,17186,5231, **,other,2,3,1.734375,33,3075,False
g053_closure_override,53,closure_override,closure,shuffle_matched_033,Gold,Iron,6863,17186,5231, **,other,1,3,1.4375,33,3075,False
g053_exception_override,53,exception_override,closure,shuffle_matched_033,Gold,Iron,6863,17186,5231, **,other,2,3,1.109375,33,3075,False
g064_closure_update,64,closure_update,closure,shuffle_matched_033,Copper,Silver,38315,15934,5231, **,other,2,3,1.6328125,33,3075,False
g064_closure_override,64,closure_override,closure,shuffle_matched_033,Copper,Silver,38315,15934,38315, Copper,clean,1,3,1.703125,33,3075,True
g064_exception_override,64,exception_override,closure,shuffle_matched_033,Copper,Silver,38315,15934,38315, Copper,clean,1,3,2.3828125,33,3075,False
g067_closure_update,67,closure_update,closure,shuffle_matched_033,Green,Yellow,6724,21730,5231, **,other,2,3,2.15625,33,3075,False
g067_closure_override,67,closure_override,closure,shuffle_matched_033,Green,Yellow,6724,21730,5231, **,other,2,3,0.703125,33,3075,False
g067_exception_override,67,exception_override,closure,shuffle_matched_033,Green,Yellow,6724,21730,6724, Green,clean,1,3,1.234375,33,3075,False
g068_closure_update,68,closure_update,closure,shuffle_matched_033,North,South,4612,4316,5231, **,other,2,3,0.8203125,33,3075,False
g068_closure_override,68,closure_override,closure,shuffle_matched_033,North,South,4612,4316,4612, North,clean,1,3,1.3203125,33,3075,True
g068_exception_override,68,exception_override,closure,shuffle_matched_033,North,South,4612,4316,5231, **,other,2,3,1.4140625,33,3075,False
g069_closure_update,69,closure_update,closure,shuffle_matched_033,East,West,5571,4589,5231, **,other,2,4,2.7109375,33,3075,False
g069_closure_override,69,closure_override,closure,shuffle_matched_033,East,West,5571,4589,5231, **,other,2,3,0.4765625,33,3075,False
g069_exception_override,69,exception_override,closure,shuffle_matched_033,East,West,5571,4589,5231, **,other,2,3,0.3515625,33,3075,False
g073_closure_update,73,closure_update,closure,shuffle_matched_033,Green,Yellow,6724,21730,5231, **,other,2,3,1.4765625,33,3075,False
g073_closure_override,73,closure_override,closure,shuffle_matched_033,Green,Yellow,6724,21730,5231, **,other,3,2,-0.21875,33,3075,False
g073_exception_override,73,exception_override,closure,shuffle_matched_033,Green,Yellow,6724,21730,5231, **,other,3,2,-0.4140625,33,3075,False
g077_closure_update,77,closure_update,closure,shuffle_matched_033,Gold,Iron,6863,17186,5231, **,other,2,3,2.1015625,33,3075,False
g077_closure_override,77,closure_override,closure,shuffle_matched_033,Gold,Iron,6863,17186,5231, **,other,2,3,0.6640625,33,3075,False
g077_exception_override,77,exception_override,closure,shuffle_matched_033,Gold,Iron,6863,17186,5231, **,other,2,3,0.1328125,33,3075,False
g079_closure_update,79,closure_update,closure,shuffle_matched_033,Green,Yellow,6724,21730,5231, **,other,2,3,1.3984375,33,3075,False
g079_closure_override,79,closure_override,closure,shuffle_matched_033,Green,Yellow,6724,21730,21730, Yellow,conflict,2,1,-0.015625,33,3075,False
g079_exception_override,79,exception_override,closure,shuffle_matched_033,Green,Yellow,6724,21730,5231, **,other,3,2,-0.5234375,33,3075,False
g080_closure_update,80,closure_update,closure,shuffle_matched_033,North,South,4612,4316,5231, **,other,2,3,0.203125,33,3075,False
g080_closure_override,80,closure_override,closure,shuffle_matched_033,North,South,4612,4316,4612, North,clean,1,3,0.9453125,33,3075,True
g080_exception_override,80,exception_override,closure,shuffle_matched_033,North,South,4612,4316,4612, North,clean,1,3,1.484375,33,3075,True
g085_closure_update,85,closure_update,closure,shuffle_matched_033,Green,Yellow,6724,21730,5231, **,other,2,3,1.7421875,33,3075,False
g085_closure_override,85,closure_override,closure,shuffle_matched_033,Green,Yellow,6724,21730,6724, Green,clean,1,3,1.0625,33,3075,True
g085_exception_override,85,exception_override,closure,shuffle_matched_033,Green,Yellow,6724,21730,5231, **,other,2,3,0.4296875,33,3075,False
g088_closure_update,88,closure_update,closure,shuffle_matched_033,Copper,Silver,38315,15934,5231, **,other,2,3,2.8046875,33,3075,False
g088_closure_override,88,closure_override,closure,shuffle_matched_033,Copper,Silver,38315,15934,38315, Copper,clean,1,3,1.3984375,33,3075,True
g088_exception_override,88,exception_override,closure,shuffle_matched_033,Copper,Silver,38315,15934,38315, Copper,clean,1,3,1.5078125,33,3075,False
g094_closure_update,94,closure_update,closure,shuffle_matched_033,Copper,Silver,38315,15934,5231, **,other,2,4,3.0703125,33,3075,False
g094_closure_override,94,closure_override,closure,shuffle_matched_033,Copper,Silver,38315,15934,38315, Copper,clean,1,3,1.5625,33,3075,True
g094_exception_override,94,exception_override,closure,shuffle_matched_033,Copper,Silver,38315,15934,38315, Copper,clean,1,3,1.328125,33,3075,False
g000_closure_update,0,closure_update,closure,shuffle_matched_034,Red,Blue,4075,7640,5231, **,other,2,3,0.953125,34,3076,False
g000_closure_override,0,closure_override,closure,shuffle_matched_034,Red,Blue,4075,7640,5231, **,other,3,2,-1.078125,34,3076,False
g000_exception_override,0,exception_override,closure,shuffle_matched_034,Red,Blue,4075,7640,5231, **,other,3,2,-0.5703125,34,3076,False
g004_closure_update,4,closure_update,closure,shuffle_matched_034,Copper,Silver,38315,15934,5231, **,other,2,3,2.4765625,34,3076,False
g004_closure_override,4,closure_override,closure,shuffle_matched_034,Copper,Silver,38315,15934,38315, Copper,clean,1,3,2.0078125,34,3076,False
g004_exception_override,4,exception_override,closure,shuffle_matched_034,Copper,Silver,38315,15934,38315, Copper,clean,1,4,2.734375,34,3076,False
g009_closure_update,9,closure_update,closure,shuffle_matched_034,East,West,5571,4589,5231, **,other,2,3,2.875,34,3076,False
g009_closure_override,9,closure_override,closure,shuffle_matched_034,East,West,5571,4589,5231, **,other,2,3,0.6015625,34,3076,False
g009_exception_override,9,exception_override,closure,shuffle_matched_034,East,West,5571,4589,5231, **,other,2,3,0.90625,34,3076,False
g010_closure_update,10,closure_update,closure,shuffle_matched_034,Copper,Silver,38315,15934,5231, **,other,2,4,3.296875,34,3076,False
g010_closure_override,10,closure_override,closure,shuffle_matched_034,Copper,Silver,38315,15934,38315, Copper,clean,1,3,1.8359375,34,3076,False
g010_exception_override,10,exception_override,closure,shuffle_matched_034,Copper,Silver,38315,15934,38315, Copper,clean,1,3,1.171875,34,3076,False
g011_closure_update,11,closure_update,closure,shuffle_matched_034,Gold,Iron,6863,17186,5231, **,other,2,3,2.1328125,34,3076,False
g011_closure_override,11,closure_override,closure,shuffle_matched_034,Gold,Iron,6863,17186,5231, **,other,2,3,0.21875,34,3076,False
g011_exception_override,11,exception_override,closure,shuffle_matched_034,Gold,Iron,6863,17186,17186, Iron,conflict,3,1,-0.8046875,34,3076,False
g012_closure_update,12,closure_update,closure,shuffle_matched_034,Red,Blue,4075,7640,5231, **,other,2,3,1.0703125,34,3076,False
g012_closure_override,12,closure_override,closure,shuffle_matched_034,Red,Blue,4075,7640,5231, **,other,3,2,-0.890625,34,3076,False
g012_exception_override,12,exception_override,closure,shuffle_matched_034,Red,Blue,4075,7640,5231, **,other,3,2,-0.9609375,34,3076,False
g015_closure_update,15,closure_update,closure,shuffle_matched_034,East,West,5571,4589,5231, **,other,2,3,1.2265625,34,3076,False
g015_closure_override,15,closure_override,closure,shuffle_matched_034,East,West,5571,4589,4589, West,conflict,3,1,-1.3359375,34,3076,False
g015_exception_override,15,exception_override,closure,shuffle_matched_034,East,West,5571,4589,5231, **,other,3,2,-0.921875,34,3076,False
g018_closure_update,18,closure_update,closure,shuffle_matched_034,Red,Blue,4075,7640,5231, **,other,2,3,0.84375,34,3076,False
g018_closure_override,18,closure_override,closure,shuffle_matched_034,Red,Blue,4075,7640,7640, Blue,conflict,3,1,-1.078125,34,3076,False
g018_exception_override,18,exception_override,closure,shuffle_matched_034,Red,Blue,4075,7640,5231, **,other,3,2,-0.453125,34,3076,False
g022_closure_update,22,closure_update,closure,shuffle_matched_034,Copper,Silver,38315,15934,5231, **,other,2,3,2.0234375,34,3076,False
g022_closure_override,22,closure_override,closure,shuffle_matched_034,Copper,Silver,38315,15934,38315, Copper,clean,1,3,0.984375,34,3076,True
g022_exception_override,22,exception_override,closure,shuffle_matched_034,Copper,Silver,38315,15934,38315, Copper,clean,1,3,1.53125,34,3076,False
g026_closure_update,26,closure_update,closure,shuffle_matched_034,North,South,4612,4316,5231, **,other,3,2,-0.1796875,34,3076,False
g026_closure_override,26,closure_override,closure,shuffle_matched_034,North,South,4612,4316,5231, **,other,2,3,0.3359375,34,3076,False
g026_exception_override,26,exception_override,closure,shuffle_matched_034,North,South,4612,4316,5231, **,other,2,3,0.625,34,3076,False
g030_closure_update,30,closure_update,closure,shuffle_matched_034,Red,Blue,4075,7640,5231, **,other,2,3,1.0390625,34,3076,False
g030_closure_override,30,closure_override,closure,shuffle_matched_034,Red,Blue,4075,7640,5231, **,other,3,2,-0.6171875,34,3076,False
g030_exception_override,30,exception_override,closure,shuffle_matched_034,Red,Blue,4075,7640,5231, **,other,3,2,-0.96875,34,3076,False
g031_closure_update,31,closure_update,closure,shuffle_matched_034,Green,Yellow,6724,21730,5231, **,other,2,3,2.171875,34,3076,False
g031_closure_override,31,closure_override,closure,shuffle_matched_034,Green,Yellow,6724,21730,5231, **,other,1,3,0.8046875,34,3076,False
g031_exception_override,31,exception_override,closure,shuffle_matched_034,Green,Yellow,6724,21730,5231, **,other,2,3,0.1640625,34,3076,False
g033_closure_update,33,closure_update,closure,shuffle_matched_034,East,West,5571,4589,5571, East,clean,1,3,2.75,34,3076,False
g033_closure_override,33,closure_override,closure,shuffle_matched_034,East,West,5571,4589,5571, East,clean,1,3,0.7109375,34,3076,False
g033_exception_override,33,exception_override,closure,shuffle_matched_034,East,West,5571,4589,5231, **,other,2,3,0.6640625,34,3076,False
g039_closure_update,39,closure_update,closure,shuffle_matched_034,East,West,5571,4589,5231, **,other,2,3,2.1875,34,3076,False
g039_closure_override,39,closure_override,closure,shuffle_matched_034,East,West,5571,4589,5231, **,other,2,3,0.6171875,34,3076,False
g039_exception_override,39,exception_override,closure,shuffle_matched_034,East,West,5571,4589,5231, **,other,3,2,-0.0625,34,3076,False
g040_closure_update,40,closure_update,closure,shuffle_matched_034,Copper,Silver,38315,15934,5231, **,other,2,3,2.03125,34,3076,False
g040_closure_override,40,closure_override,closure,shuffle_matched_034,Copper,Silver,38315,15934,38315, Copper,clean,1,3,1.3125,34,3076,True
g040_exception_override,40,exception_override,closure,shuffle_matched_034,Copper,Silver,38315,15934,38315, Copper,clean,1,5,3.125,34,3076,False
g042_closure_update,42,closure_update,closure,shuffle_matched_034,Red,Blue,4075,7640,5231, **,other,2,3,1.1640625,34,3076,False
g042_closure_override,42,closure_override,closure,shuffle_matched_034,Red,Blue,4075,7640,5231, **,other,3,2,-0.390625,34,3076,False
g042_exception_override,42,exception_override,closure,shuffle_matched_034,Red,Blue,4075,7640,5231, **,other,3,2,-0.03125,34,3076,False
g045_closure_update,45,closure_update,closure,shuffle_matched_034,East,West,5571,4589,5231, **,other,2,4,2.953125,34,3076,False
g045_closure_override,45,closure_override,closure,shuffle_matched_034,East,West,5571,4589,5231, **,other,2,3,0.5859375,34,3076,False
g045_exception_override,45,exception_override,closure,shuffle_matched_034,East,West,5571,4589,5231, **,other,2,3,0.765625,34,3076,False
g053_closure_update,53,closure_update,closure,shuffle_matched_034,Gold,Iron,6863,17186,5231, **,other,2,3,1.734375,34,3076,False
g053_closure_override,53,closure_override,closure,shuffle_matched_034,Gold,Iron,6863,17186,5231, **,other,1,3,1.4375,34,3076,False
g053_exception_override,53,exception_override,closure,shuffle_matched_034,Gold,Iron,6863,17186,5231, **,other,2,3,0.9296875,34,3076,False
g064_closure_update,64,closure_update,closure,shuffle_matched_034,Copper,Silver,38315,15934,5231, **,other,2,3,1.6328125,34,3076,False
g064_closure_override,64,closure_override,closure,shuffle_matched_034,Copper,Silver,38315,15934,38315, Copper,clean,1,3,0.9765625,34,3076,True
g064_exception_override,64,exception_override,closure,shuffle_matched_034,Copper,Silver,38315,15934,38315, Copper,clean,1,3,2.390625,34,3076,False
g067_closure_update,67,closure_update,closure,shuffle_matched_034,Green,Yellow,6724,21730,5231, **,other,2,3,2.171875,34,3076,False
g067_closure_override,67,closure_override,closure,shuffle_matched_034,Green,Yellow,6724,21730,6724, Green,clean,1,3,0.6953125,34,3076,False
g067_exception_override,67,exception_override,closure,shuffle_matched_034,Green,Yellow,6724,21730,5231, **,other,2,3,0.9921875,34,3076,False
g068_closure_update,68,closure_update,closure,shuffle_matched_034,North,South,4612,4316,5231, **,other,2,3,0.8203125,34,3076,False
g068_closure_override,68,closure_override,closure,shuffle_matched_034,North,South,4612,4316,4612, North,clean,1,3,1.4375,34,3076,True
g068_exception_override,68,exception_override,closure,shuffle_matched_034,North,South,4612,4316,5231, **,other,3,2,-0.0703125,34,3076,False
g069_closure_update,69,closure_update,closure,shuffle_matched_034,East,West,5571,4589,5231, **,other,2,4,2.7109375,34,3076,False
g069_closure_override,69,closure_override,closure,shuffle_matched_034,East,West,5571,4589,5231, **,other,2,3,0.3125,34,3076,False
g069_exception_override,69,exception_override,closure,shuffle_matched_034,East,West,5571,4589,5231, **,other,2,3,0.5234375,34,3076,False
g073_closure_update,73,closure_update,closure,shuffle_matched_034,Green,Yellow,6724,21730,5231, **,other,2,3,1.4765625,34,3076,False
g073_closure_override,73,closure_override,closure,shuffle_matched_034,Green,Yellow,6724,21730,5231, **,other,2,3,0.2734375,34,3076,False
g073_exception_override,73,exception_override,closure,shuffle_matched_034,Green,Yellow,6724,21730,5231, **,other,2,3,0.3828125,34,3076,False
g077_closure_update,77,closure_update,closure,shuffle_matched_034,Gold,Iron,6863,17186,5231, **,other,2,3,2.1015625,34,3076,False
g077_closure_override,77,closure_override,closure,shuffle_matched_034,Gold,Iron,6863,17186,5231, **,other,2,3,0.71875,34,3076,False
g077_exception_override,77,exception_override,closure,shuffle_matched_034,Gold,Iron,6863,17186,5231, **,other,2,3,0.6796875,34,3076,False
g079_closure_update,79,closure_update,closure,shuffle_matched_034,Green,Yellow,6724,21730,5231, **,other,2,3,1.3984375,34,3076,False
g079_closure_override,79,closure_override,closure,shuffle_matched_034,Green,Yellow,6724,21730,5231, **,other,2,3,0.0234375,34,3076,False
g079_exception_override,79,exception_override,closure,shuffle_matched_034,Green,Yellow,6724,21730,6724, Green,clean,1,3,0.6015625,34,3076,False
g080_closure_update,80,closure_update,closure,shuffle_matched_034,North,South,4612,4316,5231, **,other,2,3,0.203125,34,3076,False
g080_closure_override,80,closure_override,closure,shuffle_matched_034,North,South,4612,4316,4612, North,clean,1,3,1.0390625,34,3076,True
g080_exception_override,80,exception_override,closure,shuffle_matched_034,North,South,4612,4316,4612, North,clean,1,3,1.484375,34,3076,True
g085_closure_update,85,closure_update,closure,shuffle_matched_034,Green,Yellow,6724,21730,5231, **,other,2,3,1.75,34,3076,False
g085_closure_override,85,closure_override,closure,shuffle_matched_034,Green,Yellow,6724,21730,6724, Green,clean,1,3,0.859375,34,3076,True
g085_exception_override,85,exception_override,closure,shuffle_matched_034,Green,Yellow,6724,21730,5231, **,other,2,3,0.546875,34,3076,False
g088_closure_update,88,closure_update,closure,shuffle_matched_034,Copper,Silver,38315,15934,5231, **,other,2,3,2.8046875,34,3076,False
g088_closure_override,88,closure_override,closure,shuffle_matched_034,Copper,Silver,38315,15934,38315, Copper,clean,1,3,1.9140625,34,3076,True
g088_exception_override,88,exception_override,closure,shuffle_matched_034,Copper,Silver,38315,15934,38315, Copper,clean,1,3,1.203125,34,3076,False
g094_closure_update,94,closure_update,closure,shuffle_matched_034,Copper,Silver,38315,15934,5231, **,other,2,4,3.0703125,34,3076,False
g094_closure_override,94,closure_override,closure,shuffle_matched_034,Copper,Silver,38315,15934,38315, Copper,clean,1,3,1.265625,34,3076,True
g094_exception_override,94,exception_override,closure,shuffle_matched_034,Copper,Silver,38315,15934,38315, Copper,clean,1,3,1.6171875,34,3076,False
g000_closure_update,0,closure_update,closure,shuffle_matched_035,Red,Blue,4075,7640,5231, **,other,2,3,0.9375,35,3077,False
g000_closure_override,0,closure_override,closure,shuffle_matched_035,Red,Blue,4075,7640,5231, **,other,3,2,-1.1015625,35,3077,False
g000_exception_override,0,exception_override,closure,shuffle_matched_035,Red,Blue,4075,7640,5231, **,other,3,2,-0.5703125,35,3077,False
g004_closure_update,4,closure_update,closure,shuffle_matched_035,Copper,Silver,38315,15934,5231, **,other,2,3,2.4765625,35,3077,False
g004_closure_override,4,closure_override,closure,shuffle_matched_035,Copper,Silver,38315,15934,38315, Copper,clean,1,3,2.5546875,35,3077,False
g004_exception_override,4,exception_override,closure,shuffle_matched_035,Copper,Silver,38315,15934,38315, Copper,clean,1,3,2.0859375,35,3077,False
g009_closure_update,9,closure_update,closure,shuffle_matched_035,East,West,5571,4589,5231, **,other,2,3,2.875,35,3077,False
g009_closure_override,9,closure_override,closure,shuffle_matched_035,East,West,5571,4589,5231, **,other,2,3,0.3203125,35,3077,False
g009_exception_override,9,exception_override,closure,shuffle_matched_035,East,West,5571,4589,5231, **,other,2,3,0.90625,35,3077,False
g010_closure_update,10,closure_update,closure,shuffle_matched_035,Copper,Silver,38315,15934,5231, **,other,2,4,3.296875,35,3077,False
g010_closure_override,10,closure_override,closure,shuffle_matched_035,Copper,Silver,38315,15934,38315, Copper,clean,1,3,1.5234375,35,3077,False
g010_exception_override,10,exception_override,closure,shuffle_matched_035,Copper,Silver,38315,15934,38315, Copper,clean,1,3,1.3046875,35,3077,False
g011_closure_update,11,closure_update,closure,shuffle_matched_035,Gold,Iron,6863,17186,5231, **,other,2,3,2.1328125,35,3077,False
g011_closure_override,11,closure_override,closure,shuffle_matched_035,Gold,Iron,6863,17186,5231, **,other,2,3,0.21875,35,3077,False
g011_exception_override,11,exception_override,closure,shuffle_matched_035,Gold,Iron,6863,17186,17186, Iron,conflict,3,1,-0.8046875,35,3077,False
g012_closure_update,12,closure_update,closure,shuffle_matched_035,Red,Blue,4075,7640,5231, **,other,2,3,1.0703125,35,3077,False
g012_closure_override,12,closure_override,closure,shuffle_matched_035,Red,Blue,4075,7640,5231, **,other,3,1,-1.015625,35,3077,False
g012_exception_override,12,exception_override,closure,shuffle_matched_035,Red,Blue,4075,7640,5231, **,other,3,2,-0.8125,35,3077,False
g015_closure_update,15,closure_update,closure,shuffle_matched_035,East,West,5571,4589,5231, **,other,2,3,1.2265625,35,3077,False
g015_closure_override,15,closure_override,closure,shuffle_matched_035,East,West,5571,4589,5231, **,other,3,2,-1.1953125,35,3077,False
g015_exception_override,15,exception_override,closure,shuffle_matched_035,East,West,5571,4589,4589, West,conflict,3,1,-1.515625,35,3077,False
g018_closure_update,18,closure_update,closure,shuffle_matched_035,Red,Blue,4075,7640,5231, **,other,2,3,0.84375,35,3077,False
g018_closure_override,18,closure_override,closure,shuffle_matched_035,Red,Blue,4075,7640,5231, **,other,3,2,-0.890625,35,3077,False
g018_exception_override,18,exception_override,closure,shuffle_matched_035,Red,Blue,4075,7640,5231, **,other,3,2,-1.2734375,35,3077,False
g022_closure_update,22,closure_update,closure,shuffle_matched_035,Copper,Silver,38315,15934,5231, **,other,2,3,2.0234375,35,3077,False
g022_closure_override,22,closure_override,closure,shuffle_matched_035,Copper,Silver,38315,15934,38315, Copper,clean,1,3,1.3671875,35,3077,True
g022_exception_override,22,exception_override,closure,shuffle_matched_035,Copper,Silver,38315,15934,38315, Copper,clean,1,3,1.53125,35,3077,False
g026_closure_update,26,closure_update,closure,shuffle_matched_035,North,South,4612,4316,5231, **,other,3,2,-0.1796875,35,3077,False
g026_closure_override,26,closure_override,closure,shuffle_matched_035,North,South,4612,4316,5231, **,other,2,3,0.296875,35,3077,False
g026_exception_override,26,exception_override,closure,shuffle_matched_035,North,South,4612,4316,5231, **,other,3,2,-0.5546875,35,3077,False
g030_closure_update,30,closure_update,closure,shuffle_matched_035,Red,Blue,4075,7640,5231, **,other,2,3,1.0625,35,3077,False
g030_closure_override,30,closure_override,closure,shuffle_matched_035,Red,Blue,4075,7640,7640, Blue,conflict,3,1,-0.7890625,35,3077,False
g030_exception_override,30,exception_override,closure,shuffle_matched_035,Red,Blue,4075,7640,5231, **,other,2,3,0.03125,35,3077,False
g031_closure_update,31,closure_update,closure,shuffle_matched_035,Green,Yellow,6724,21730,5231, **,other,2,3,2.2421875,35,3077,False
g031_closure_override,31,closure_override,closure,shuffle_matched_035,Green,Yellow,6724,21730,5231, **,other,1,3,0.8203125,35,3077,False
g031_exception_override,31,exception_override,closure,shuffle_matched_035,Green,Yellow,6724,21730,6724, Green,clean,1,3,1.21875,35,3077,False
g033_closure_update,33,closure_update,closure,shuffle_matched_035,East,West,5571,4589,5571, East,clean,1,3,2.75,35,3077,False
g033_closure_override,33,closure_override,closure,shuffle_matched_035,East,West,5571,4589,5571, East,clean,1,3,0.5234375,35,3077,False
g033_exception_override,33,exception_override,closure,shuffle_matched_035,East,West,5571,4589,5231, **,other,2,3,0.453125,35,3077,False
g039_closure_update,39,closure_update,closure,shuffle_matched_035,East,West,5571,4589,5231, **,other,2,3,2.1875,35,3077,False
g039_closure_override,39,closure_override,closure,shuffle_matched_035,East,West,5571,4589,5231, **,other,2,3,0.59375,35,3077,False
g039_exception_override,39,exception_override,closure,shuffle_matched_035,East,West,5571,4589,5231, **,other,3,2,-0.1171875,35,3077,False
g040_closure_update,40,closure_update,closure,shuffle_matched_035,Copper,Silver,38315,15934,5231, **,other,2,3,2.03125,35,3077,False
g040_closure_override,40,closure_override,closure,shuffle_matched_035,Copper,Silver,38315,15934,38315, Copper,clean,1,3,1.65625,35,3077,True
g040_exception_override,40,exception_override,closure,shuffle_matched_035,Copper,Silver,38315,15934,38315, Copper,clean,1,5,3.125,35,3077,False
g042_closure_update,42,closure_update,closure,shuffle_matched_035,Red,Blue,4075,7640,5231, **,other,2,3,1.1640625,35,3077,False
g042_closure_override,42,closure_override,closure,shuffle_matched_035,Red,Blue,4075,7640,5231, **,other,3,1,-0.734375,35,3077,False
g042_exception_override,42,exception_override,closure,shuffle_matched_035,Red,Blue,4075,7640,5231, **,other,3,2,-0.015625,35,3077,False
g045_closure_update,45,closure_update,closure,shuffle_matched_035,East,West,5571,4589,5231, **,other,2,4,2.953125,35,3077,False
g045_closure_override,45,closure_override,closure,shuffle_matched_035,East,West,5571,4589,5231, **,other,2,3,0.78125,35,3077,False
g045_exception_override,45,exception_override,closure,shuffle_matched_035,East,West,5571,4589,5231, **,other,2,3,0.6171875,35,3077,False
g053_closure_update,53,closure_update,closure,shuffle_matched_035,Gold,Iron,6863,17186,5231, **,other,2,3,1.734375,35,3077,False
g053_closure_override,53,closure_override,closure,shuffle_matched_035,Gold,Iron,6863,17186,5231, **,other,2,3,1.3359375,35,3077,False
g053_exception_override,53,exception_override,closure,shuffle_matched_035,Gold,Iron,6863,17186,5231, **,other,2,3,0.3984375,35,3077,False
g064_closure_update,64,closure_update,closure,shuffle_matched_035,Copper,Silver,38315,15934,5231, **,other,2,3,1.6328125,35,3077,False
g064_closure_override,64,closure_override,closure,shuffle_matched_035,Copper,Silver,38315,15934,38315, Copper,clean,1,3,1.703125,35,3077,True
g064_exception_override,64,exception_override,closure,shuffle_matched_035,Copper,Silver,38315,15934,38315, Copper,clean,1,3,1.765625,35,3077,False
g067_closure_update,67,closure_update,closure,shuffle_matched_035,Green,Yellow,6724,21730,5231, **,other,2,3,2.171875,35,3077,False
g067_closure_override,67,closure_override,closure,shuffle_matched_035,Green,Yellow,6724,21730,5231, **,other,2,3,0.4921875,35,3077,False
g067_exception_override,67,exception_override,closure,shuffle_matched_035,Green,Yellow,6724,21730,5231, **,other,2,3,0.0625,35,3077,False
g068_closure_update,68,closure_update,closure,shuffle_matched_035,North,South,4612,4316,5231, **,other,2,3,0.8203125,35,3077,False
g068_closure_override,68,closure_override,closure,shuffle_matched_035,North,South,4612,4316,5231, **,other,2,3,1.2578125,35,3077,False
g068_exception_override,68,exception_override,closure,shuffle_matched_035,North,South,4612,4316,4612, North,clean,1,3,1.7578125,35,3077,False
g069_closure_update,69,closure_update,closure,shuffle_matched_035,East,West,5571,4589,5231, **,other,2,4,2.7109375,35,3077,False
g069_closure_override,69,closure_override,closure,shuffle_matched_035,East,West,5571,4589,5231, **,other,2,3,0.3125,35,3077,False
g069_exception_override,69,exception_override,closure,shuffle_matched_035,East,West,5571,4589,5231, **,other,2,3,0.5234375,35,3077,False
g073_closure_update,73,closure_update,closure,shuffle_matched_035,Green,Yellow,6724,21730,5231, **,other,2,3,1.5703125,35,3077,False
g073_closure_override,73,closure_override,closure,shuffle_matched_035,Green,Yellow,6724,21730,5231, **,other,2,3,0.1796875,35,3077,False
g073_exception_override,73,exception_override,closure,shuffle_matched_035,Green,Yellow,6724,21730,5231, **,other,3,2,-0.4140625,35,3077,False
g077_closure_update,77,closure_update,closure,shuffle_matched_035,Gold,Iron,6863,17186,5231, **,other,2,3,2.1015625,35,3077,False
g077_closure_override,77,closure_override,closure,shuffle_matched_035,Gold,Iron,6863,17186,5231, **,other,2,3,0.5625,35,3077,False
g077_exception_override,77,exception_override,closure,shuffle_matched_035,Gold,Iron,6863,17186,5231, **,other,2,3,0.1328125,35,3077,False
g079_closure_update,79,closure_update,closure,shuffle_matched_035,Green,Yellow,6724,21730,5231, **,other,2,3,1.3984375,35,3077,False
g079_closure_override,79,closure_override,closure,shuffle_matched_035,Green,Yellow,6724,21730,21730, Yellow,conflict,3,1,-0.0390625,35,3077,False
g079_exception_override,79,exception_override,closure,shuffle_matched_035,Green,Yellow,6724,21730,6724, Green,clean,1,3,0.6015625,35,3077,False
g080_closure_update,80,closure_update,closure,shuffle_matched_035,North,South,4612,4316,5231, **,other,2,3,0.203125,35,3077,False
g080_closure_override,80,closure_override,closure,shuffle_matched_035,North,South,4612,4316,4612, North,clean,1,3,1.0703125,35,3077,True
g080_exception_override,80,exception_override,closure,shuffle_matched_035,North,South,4612,4316,4612, North,clean,1,3,1.3203125,35,3077,True
g085_closure_update,85,closure_update,closure,shuffle_matched_035,Green,Yellow,6724,21730,5231, **,other,2,3,1.7421875,35,3077,False
g085_closure_override,85,closure_override,closure,shuffle_matched_035,Green,Yellow,6724,21730,5231, **,other,1,3,0.8046875,35,3077,False
g085_exception_override,85,exception_override,closure,shuffle_matched_035,Green,Yellow,6724,21730,5231, **,other,2,3,0.5546875,35,3077,False
g088_closure_update,88,closure_update,closure,shuffle_matched_035,Copper,Silver,38315,15934,5231, **,other,2,3,2.8046875,35,3077,False
g088_closure_override,88,closure_override,closure,shuffle_matched_035,Copper,Silver,38315,15934,38315, Copper,clean,1,3,1.8515625,35,3077,True
g088_exception_override,88,exception_override,closure,shuffle_matched_035,Copper,Silver,38315,15934,38315, Copper,clean,1,3,1.6953125,35,3077,False
g094_closure_update,94,closure_update,closure,shuffle_matched_035,Copper,Silver,38315,15934,5231, **,other,2,4,3.0703125,35,3077,False
g094_closure_override,94,closure_override,closure,shuffle_matched_035,Copper,Silver,38315,15934,38315, Copper,clean,1,3,1.6171875,35,3077,True
g094_exception_override,94,exception_override,closure,shuffle_matched_035,Copper,Silver,38315,15934,5231, **,other,2,3,1.421875,35,3077,False
g000_closure_update,0,closure_update,closure,shuffle_matched_036,Red,Blue,4075,7640,5231, **,other,2,3,0.9453125,36,3078,False
g000_closure_override,0,closure_override,closure,shuffle_matched_036,Red,Blue,4075,7640,5231, **,other,3,2,-1.1015625,36,3078,False
g000_exception_override,0,exception_override,closure,shuffle_matched_036,Red,Blue,4075,7640,5231, **,other,3,2,-0.5703125,36,3078,False
g004_closure_update,4,closure_update,closure,shuffle_matched_036,Copper,Silver,38315,15934,5231, **,other,2,3,2.4765625,36,3078,False
g004_closure_override,4,closure_override,closure,shuffle_matched_036,Copper,Silver,38315,15934,38315, Copper,clean,1,3,2.1640625,36,3078,False
g004_exception_override,4,exception_override,closure,shuffle_matched_036,Copper,Silver,38315,15934,5231, **,other,2,3,0.7421875,36,3078,False
g009_closure_update,9,closure_update,closure,shuffle_matched_036,East,West,5571,4589,5231, **,other,2,3,2.875,36,3078,False
g009_closure_override,9,closure_override,closure,shuffle_matched_036,East,West,5571,4589,5231, **,other,2,3,0.140625,36,3078,False
g009_exception_override,9,exception_override,closure,shuffle_matched_036,East,West,5571,4589,5231, **,other,2,3,0.03125,36,3078,False
g010_closure_update,10,closure_update,closure,shuffle_matched_036,Copper,Silver,38315,15934,5231, **,other,2,4,3.296875,36,3078,False
g010_closure_override,10,closure_override,closure,shuffle_matched_036,Copper,Silver,38315,15934,38315, Copper,clean,1,3,1.8359375,36,3078,False
g010_exception_override,10,exception_override,closure,shuffle_matched_036,Copper,Silver,38315,15934,5231, **,other,2,3,0.6875,36,3078,False
g011_closure_update,11,closure_update,closure,shuffle_matched_036,Gold,Iron,6863,17186,5231, **,other,2,3,1.484375,36,3078,False
g011_closure_override,11,closure_override,closure,shuffle_matched_036,Gold,Iron,6863,17186,5231, **,other,2,3,0.125,36,3078,False
g011_exception_override,11,exception_override,closure,shuffle_matched_036,Gold,Iron,6863,17186,5231, **,other,3,2,-1.1484375,36,3078,False
g012_closure_update,12,closure_update,closure,shuffle_matched_036,Red,Blue,4075,7640,5231, **,other,2,3,1.0703125,36,3078,False
g012_closure_override,12,closure_override,closure,shuffle_matched_036,Red,Blue,4075,7640,5231, **,other,3,2,-0.8828125,36,3078,False
g012_exception_override,12,exception_override,closure,shuffle_matched_036,Red,Blue,4075,7640,5231, **,other,3,2,-0.9609375,36,3078,False
g015_closure_update,15,closure_update,closure,shuffle_matched_036,East,West,5571,4589,5231, **,other,2,3,1.2265625,36,3078,False
g015_closure_override,15,closure_override,closure,shuffle_matched_036,East,West,5571,4589,4589, West,conflict,3,1,-1.3359375,36,3078,False
g015_exception_override,15,exception_override,closure,shuffle_matched_036,East,West,5571,4589,5231, **,other,3,2,-1.375,36,3078,False
g018_closure_update,18,closure_update,closure,shuffle_matched_036,Red,Blue,4075,7640,5231, **,other,2,3,0.84375,36,3078,False
g018_closure_override,18,closure_override,closure,shuffle_matched_036,Red,Blue,4075,7640,7640, Blue,conflict,3,1,-1.078125,36,3078,False
g018_exception_override,18,exception_override,closure,shuffle_matched_036,Red,Blue,4075,7640,5231, **,other,3,2,-0.453125,36,3078,False
g022_closure_update,22,closure_update,closure,shuffle_matched_036,Copper,Silver,38315,15934,5231, **,other,2,3,2.0234375,36,3078,False
g022_closure_override,22,closure_override,closure,shuffle_matched_036,Copper,Silver,38315,15934,38315, Copper,clean,1,3,0.953125,36,3078,True
g022_exception_override,22,exception_override,closure,shuffle_matched_036,Copper,Silver,38315,15934,5231, **,other,2,3,0.3359375,36,3078,False
g026_closure_update,26,closure_update,closure,shuffle_matched_036,North,South,4612,4316,5231, **,other,3,2,-0.1796875,36,3078,False
g026_closure_override,26,closure_override,closure,shuffle_matched_036,North,South,4612,4316,5231, **,other,2,3,0.375,36,3078,False
g026_exception_override,26,exception_override,closure,shuffle_matched_036,North,South,4612,4316,5231, **,other,2,3,0.6484375,36,3078,False
g030_closure_update,30,closure_update,closure,shuffle_matched_036,Red,Blue,4075,7640,5231, **,other,2,3,1.0625,36,3078,False
g030_closure_override,30,closure_override,closure,shuffle_matched_036,Red,Blue,4075,7640,7640, Blue,conflict,3,1,-0.7890625,36,3078,False
g030_exception_override,30,exception_override,closure,shuffle_matched_036,Red,Blue,4075,7640,5231, **,other,2,3,0.03125,36,3078,False
g031_closure_update,31,closure_update,closure,shuffle_matched_036,Green,Yellow,6724,21730,5231, **,other,2,3,2.2421875,36,3078,False
g031_closure_override,31,closure_override,closure,shuffle_matched_036,Green,Yellow,6724,21730,5231, **,other,1,3,0.8359375,36,3078,False
g031_exception_override,31,exception_override,closure,shuffle_matched_036,Green,Yellow,6724,21730,5231, **,other,2,3,0.984375,36,3078,False
g033_closure_update,33,closure_update,closure,shuffle_matched_036,East,West,5571,4589,5571, East,clean,1,3,2.75,36,3078,False
g033_closure_override,33,closure_override,closure,shuffle_matched_036,East,West,5571,4589,5571, East,clean,1,3,0.84375,36,3078,False
g033_exception_override,33,exception_override,closure,shuffle_matched_036,East,West,5571,4589,5231, **,other,2,3,0.6640625,36,3078,False
g039_closure_update,39,closure_update,closure,shuffle_matched_036,East,West,5571,4589,5231, **,other,2,3,2.1875,36,3078,False
g039_closure_override,39,closure_override,closure,shuffle_matched_036,East,West,5571,4589,5571, East,clean,1,3,0.3125,36,3078,True
g039_exception_override,39,exception_override,closure,shuffle_matched_036,East,West,5571,4589,5231, **,other,3,2,-0.0859375,36,3078,False
g040_closure_update,40,closure_update,closure,shuffle_matched_036,Copper,Silver,38315,15934,5231, **,other,2,3,2.03125,36,3078,False
g040_closure_override,40,closure_override,closure,shuffle_matched_036,Copper,Silver,38315,15934,38315, Copper,clean,1,3,1.609375,36,3078,True
g040_exception_override,40,exception_override,closure,shuffle_matched_036,Copper,Silver,38315,15934,38315, Copper,clean,1,3,2.375,36,3078,False
g042_closure_update,42,closure_update,closure,shuffle_matched_036,Red,Blue,4075,7640,5231, **,other,2,3,1.1640625,36,3078,False
g042_closure_override,42,closure_override,closure,shuffle_matched_036,Red,Blue,4075,7640,5231, **,other,3,1,-0.75,36,3078,False
g042_exception_override,42,exception_override,closure,shuffle_matched_036,Red,Blue,4075,7640,5231, **,other,3,2,-0.25,36,3078,False
g045_closure_update,45,closure_update,closure,shuffle_matched_036,East,West,5571,4589,5231, **,other,2,4,2.953125,36,3078,False
g045_closure_override,45,closure_override,closure,shuffle_matched_036,East,West,5571,4589,5231, **,other,2,3,0.765625,36,3078,False
g045_exception_override,45,exception_override,closure,shuffle_matched_036,East,West,5571,4589,5231, **,other,2,3,0.5859375,36,3078,False
g053_closure_update,53,closure_update,closure,shuffle_matched_036,Gold,Iron,6863,17186,5231, **,other,2,3,1.734375,36,3078,False
g053_closure_override,53,closure_override,closure,shuffle_matched_036,Gold,Iron,6863,17186,5231, **,other,2,3,1.3359375,36,3078,False
g053_exception_override,53,exception_override,closure,shuffle_matched_036,Gold,Iron,6863,17186,5231, **,other,2,3,1.109375,36,3078,False
g064_closure_update,64,closure_update,closure,shuffle_matched_036,Copper,Silver,38315,15934,5231, **,other,2,3,1.6328125,36,3078,False
g064_closure_override,64,closure_override,closure,shuffle_matched_036,Copper,Silver,38315,15934,38315, Copper,clean,1,3,0.9765625,36,3078,True
g064_exception_override,64,exception_override,closure,shuffle_matched_036,Copper,Silver,38315,15934,38315, Copper,clean,1,3,2.3828125,36,3078,False
g067_closure_update,67,closure_update,closure,shuffle_matched_036,Green,Yellow,6724,21730,5231, **,other,2,3,2.1796875,36,3078,False
g067_closure_override,67,closure_override,closure,shuffle_matched_036,Green,Yellow,6724,21730,6724, Green,clean,1,3,0.78125,36,3078,False
g067_exception_override,67,exception_override,closure,shuffle_matched_036,Green,Yellow,6724,21730,6724, Green,clean,1,3,1.25,36,3078,False
g068_closure_update,68,closure_update,closure,shuffle_matched_036,North,South,4612,4316,5231, **,other,2,3,0.8203125,36,3078,False
g068_closure_override,68,closure_override,closure,shuffle_matched_036,North,South,4612,4316,4612, North,clean,1,3,1.3203125,36,3078,True
g068_exception_override,68,exception_override,closure,shuffle_matched_036,North,South,4612,4316,5231, **,other,3,2,-0.0703125,36,3078,False
g069_closure_update,69,closure_update,closure,shuffle_matched_036,East,West,5571,4589,5231, **,other,2,4,2.7109375,36,3078,False
g069_closure_override,69,closure_override,closure,shuffle_matched_036,East,West,5571,4589,5231, **,other,2,3,0.71875,36,3078,False
g069_exception_override,69,exception_override,closure,shuffle_matched_036,East,West,5571,4589,5231, **,other,2,3,0.46875,36,3078,False
g073_closure_update,73,closure_update,closure,shuffle_matched_036,Green,Yellow,6724,21730,5231, **,other,2,3,1.4765625,36,3078,False
g073_closure_override,73,closure_override,closure,shuffle_matched_036,Green,Yellow,6724,21730,5231, **,other,2,3,0.21875,36,3078,False
g073_exception_override,73,exception_override,closure,shuffle_matched_036,Green,Yellow,6724,21730,5231, **,other,2,3,0.328125,36,3078,False
g077_closure_update,77,closure_update,closure,shuffle_matched_036,Gold,Iron,6863,17186,5231, **,other,2,3,2.1015625,36,3078,False
g077_closure_override,77,closure_override,closure,shuffle_matched_036,Gold,Iron,6863,17186,5231, **,other,2,3,0.71875,36,3078,False
g077_exception_override,77,exception_override,closure,shuffle_matched_036,Gold,Iron,6863,17186,5231, **,other,2,3,0.6484375,36,3078,False
g079_closure_update,79,closure_update,closure,shuffle_matched_036,Green,Yellow,6724,21730,5231, **,other,2,3,1.3984375,36,3078,False
g079_closure_override,79,closure_override,closure,shuffle_matched_036,Green,Yellow,6724,21730,5231, **,other,2,3,0.0390625,36,3078,False
g079_exception_override,79,exception_override,closure,shuffle_matched_036,Green,Yellow,6724,21730,6724, Green,clean,1,3,0.6015625,36,3078,False
g080_closure_update,80,closure_update,closure,shuffle_matched_036,North,South,4612,4316,5231, **,other,2,3,0.203125,36,3078,False
g080_closure_override,80,closure_override,closure,shuffle_matched_036,North,South,4612,4316,4612, North,clean,1,3,0.9453125,36,3078,True
g080_exception_override,80,exception_override,closure,shuffle_matched_036,North,South,4612,4316,4612, North,clean,1,3,1.5078125,36,3078,True
g085_closure_update,85,closure_update,closure,shuffle_matched_036,Green,Yellow,6724,21730,5231, **,other,2,3,1.75,36,3078,False
g085_closure_override,85,closure_override,closure,shuffle_matched_036,Green,Yellow,6724,21730,6724, Green,clean,1,3,1.0625,36,3078,True
g085_exception_override,85,exception_override,closure,shuffle_matched_036,Green,Yellow,6724,21730,5231, **,other,2,3,0.5390625,36,3078,False
g088_closure_update,88,closure_update,closure,shuffle_matched_036,Copper,Silver,38315,15934,5231, **,other,2,3,2.8046875,36,3078,False
g088_closure_override,88,closure_override,closure,shuffle_matched_036,Copper,Silver,38315,15934,38315, Copper,clean,1,3,1.9140625,36,3078,True
g088_exception_override,88,exception_override,closure,shuffle_matched_036,Copper,Silver,38315,15934,38315, Copper,clean,1,3,1.25,36,3078,False
g094_closure_update,94,closure_update,closure,shuffle_matched_036,Copper,Silver,38315,15934,5231, **,other,2,4,3.0703125,36,3078,False
g094_closure_override,94,closure_override,closure,shuffle_matched_036,Copper,Silver,38315,15934,5231, **,other,2,3,0.609375,36,3078,False
g094_exception_override,94,exception_override,closure,shuffle_matched_036,Copper,Silver,38315,15934,5231, **,other,2,3,0.5,36,3078,False
g000_closure_update,0,closure_update,closure,shuffle_matched_037,Red,Blue,4075,7640,5231, **,other,2,3,0.953125,37,3079,False
g000_closure_override,0,closure_override,closure,shuffle_matched_037,Red,Blue,4075,7640,5231, **,other,3,2,-1.1015625,37,3079,False
g000_exception_override,0,exception_override,closure,shuffle_matched_037,Red,Blue,4075,7640,5231, **,other,3,2,-0.625,37,3079,False
g004_closure_update,4,closure_update,closure,shuffle_matched_037,Copper,Silver,38315,15934,5231, **,other,2,3,2.4765625,37,3079,False
g004_closure_override,4,closure_override,closure,shuffle_matched_037,Copper,Silver,38315,15934,38315, Copper,clean,1,3,2.0078125,37,3079,False
g004_exception_override,4,exception_override,closure,shuffle_matched_037,Copper,Silver,38315,15934,5231, **,other,2,3,0.7421875,37,3079,False
g009_closure_update,9,closure_update,closure,shuffle_matched_037,East,West,5571,4589,5231, **,other,2,3,2.875,37,3079,False
g009_closure_override,9,closure_override,closure,shuffle_matched_037,East,West,5571,4589,5231, **,other,2,3,0.140625,37,3079,False
g009_exception_override,9,exception_override,closure,shuffle_matched_037,East,West,5571,4589,5231, **,other,2,3,0.03125,37,3079,False
g010_closure_update,10,closure_update,closure,shuffle_matched_037,Copper,Silver,38315,15934,5231, **,other,2,4,3.296875,37,3079,False
g010_closure_override,10,closure_override,closure,shuffle_matched_037,Copper,Silver,38315,15934,38315, Copper,clean,1,3,1.5234375,37,3079,False
g010_exception_override,10,exception_override,closure,shuffle_matched_037,Copper,Silver,38315,15934,5231, **,other,2,3,0.6875,37,3079,False
g011_closure_update,11,closure_update,closure,shuffle_matched_037,Gold,Iron,6863,17186,5231, **,other,2,3,2.1328125,37,3079,False
g011_closure_override,11,closure_override,closure,shuffle_matched_037,Gold,Iron,6863,17186,5231, **,other,2,3,0.21875,37,3079,False
g011_exception_override,11,exception_override,closure,shuffle_matched_037,Gold,Iron,6863,17186,17186, Iron,conflict,3,1,-0.8359375,37,3079,False
g012_closure_update,12,closure_update,closure,shuffle_matched_037,Red,Blue,4075,7640,5231, **,other,2,3,1.0703125,37,3079,False
g012_closure_override,12,closure_override,closure,shuffle_matched_037,Red,Blue,4075,7640,5231, **,other,3,2,-0.859375,37,3079,False
g012_exception_override,12,exception_override,closure,shuffle_matched_037,Red,Blue,4075,7640,5231, **,other,3,2,-0.9453125,37,3079,False
g015_closure_update,15,closure_update,closure,shuffle_matched_037,East,West,5571,4589,5231, **,other,2,3,1.2265625,37,3079,False
g015_closure_override,15,closure_override,closure,shuffle_matched_037,East,West,5571,4589,4589, West,conflict,3,1,-1.1953125,37,3079,False
g015_exception_override,15,exception_override,closure,shuffle_matched_037,East,West,5571,4589,5231, **,other,3,2,-1.3359375,37,3079,False
g018_closure_update,18,closure_update,closure,shuffle_matched_037,Red,Blue,4075,7640,5231, **,other,2,3,0.84375,37,3079,False
g018_closure_override,18,closure_override,closure,shuffle_matched_037,Red,Blue,4075,7640,7640, Blue,conflict,3,1,-0.859375,37,3079,False
g018_exception_override,18,exception_override,closure,shuffle_matched_037,Red,Blue,4075,7640,5231, **,other,3,2,-0.453125,37,3079,False
g022_closure_update,22,closure_update,closure,shuffle_matched_037,Copper,Silver,38315,15934,5231, **,other,2,3,2.0234375,37,3079,False
g022_closure_override,22,closure_override,closure,shuffle_matched_037,Copper,Silver,38315,15934,38315, Copper,clean,1,3,1.3671875,37,3079,True
g022_exception_override,22,exception_override,closure,shuffle_matched_037,Copper,Silver,38315,15934,38315, Copper,clean,1,3,1.5625,37,3079,False
g026_closure_update,26,closure_update,closure,shuffle_matched_037,North,South,4612,4316,5231, **,other,3,2,-0.1796875,37,3079,False
g026_closure_override,26,closure_override,closure,shuffle_matched_037,North,South,4612,4316,5231, **,other,2,3,0.3984375,37,3079,False
g026_exception_override,26,exception_override,closure,shuffle_matched_037,North,South,4612,4316,5231, **,other,3,2,-0.5546875,37,3079,False
g030_closure_update,30,closure_update,closure,shuffle_matched_037,Red,Blue,4075,7640,5231, **,other,2,3,1.0625,37,3079,False
g030_closure_override,30,closure_override,closure,shuffle_matched_037,Red,Blue,4075,7640,5231, **,other,3,2,-0.609375,37,3079,False
g030_exception_override,30,exception_override,closure,shuffle_matched_037,Red,Blue,4075,7640,5231, **,other,2,3,0.1328125,37,3079,False
g031_closure_update,31,closure_update,closure,shuffle_matched_037,Green,Yellow,6724,21730,5231, **,other,2,3,2.2421875,37,3079,False
g031_closure_override,31,closure_override,closure,shuffle_matched_037,Green,Yellow,6724,21730,6724, Green,clean,1,3,0.6796875,37,3079,False
g031_exception_override,31,exception_override,closure,shuffle_matched_037,Green,Yellow,6724,21730,6724, Green,clean,1,3,1.21875,37,3079,False
g033_closure_update,33,closure_update,closure,shuffle_matched_037,East,West,5571,4589,5571, East,clean,1,3,2.75,37,3079,False
g033_closure_override,33,closure_override,closure,shuffle_matched_037,East,West,5571,4589,5571, East,clean,1,3,0.8125,37,3079,False
g033_exception_override,33,exception_override,closure,shuffle_matched_037,East,West,5571,4589,5231, **,other,2,3,0.484375,37,3079,False
g039_closure_update,39,closure_update,closure,shuffle_matched_037,East,West,5571,4589,5231, **,other,2,3,2.1875,37,3079,False
g039_closure_override,39,closure_override,closure,shuffle_matched_037,East,West,5571,4589,5231, **,other,2,3,0.578125,37,3079,False
g039_exception_override,39,exception_override,closure,shuffle_matched_037,East,West,5571,4589,5231, **,other,3,2,-0.0625,37,3079,False
g040_closure_update,40,closure_update,closure,shuffle_matched_037,Copper,Silver,38315,15934,5231, **,other,2,3,2.03125,37,3079,False
g040_closure_override,40,closure_override,closure,shuffle_matched_037,Copper,Silver,38315,15934,38315, Copper,clean,1,3,1.65625,37,3079,True
g040_exception_override,40,exception_override,closure,shuffle_matched_037,Copper,Silver,38315,15934,38315, Copper,clean,1,3,2.8828125,37,3079,False
g042_closure_update,42,closure_update,closure,shuffle_matched_037,Red,Blue,4075,7640,5231, **,other,2,3,1.1640625,37,3079,False
g042_closure_override,42,closure_override,closure,shuffle_matched_037,Red,Blue,4075,7640,5231, **,other,3,2,-0.578125,37,3079,False
g042_exception_override,42,exception_override,closure,shuffle_matched_037,Red,Blue,4075,7640,5231, **,other,3,2,-0.25,37,3079,False
g045_closure_update,45,closure_update,closure,shuffle_matched_037,East,West,5571,4589,5231, **,other,2,4,2.953125,37,3079,False
g045_closure_override,45,closure_override,closure,shuffle_matched_037,East,West,5571,4589,5231, **,other,2,3,0.8203125,37,3079,False
g045_exception_override,45,exception_override,closure,shuffle_matched_037,East,West,5571,4589,5231, **,other,2,3,0.5859375,37,3079,False
g053_closure_update,53,closure_update,closure,shuffle_matched_037,Gold,Iron,6863,17186,5231, **,other,2,3,1.734375,37,3079,False
g053_closure_override,53,closure_override,closure,shuffle_matched_037,Gold,Iron,6863,17186,5231, **,other,1,3,1.4375,37,3079,False
g053_exception_override,53,exception_override,closure,shuffle_matched_037,Gold,Iron,6863,17186,5231, **,other,2,3,0.9609375,37,3079,False
g064_closure_update,64,closure_update,closure,shuffle_matched_037,Copper,Silver,38315,15934,5231, **,other,2,3,1.6328125,37,3079,False
g064_closure_override,64,closure_override,closure,shuffle_matched_037,Copper,Silver,38315,15934,38315, Copper,clean,1,3,1.4921875,37,3079,True
g064_exception_override,64,exception_override,closure,shuffle_matched_037,Copper,Silver,38315,15934,38315, Copper,clean,1,3,1.75,37,3079,False
g067_closure_update,67,closure_update,closure,shuffle_matched_037,Green,Yellow,6724,21730,5231, **,other,2,3,2.15625,37,3079,False
g067_closure_override,67,closure_override,closure,shuffle_matched_037,Green,Yellow,6724,21730,6724, Green,clean,1,3,0.703125,37,3079,False
g067_exception_override,67,exception_override,closure,shuffle_matched_037,Green,Yellow,6724,21730,5231, **,other,2,3,1.0,37,3079,False
g068_closure_update,68,closure_update,closure,shuffle_matched_037,North,South,4612,4316,5231, **,other,2,3,0.8203125,37,3079,False
g068_closure_override,68,closure_override,closure,shuffle_matched_037,North,South,4612,4316,5231, **,other,2,3,0.3203125,37,3079,False
g068_exception_override,68,exception_override,closure,shuffle_matched_037,North,South,4612,4316,4612, North,clean,1,3,1.7578125,37,3079,False
g069_closure_update,69,closure_update,closure,shuffle_matched_037,East,West,5571,4589,5231, **,other,2,4,2.7109375,37,3079,False
g069_closure_override,69,closure_override,closure,shuffle_matched_037,East,West,5571,4589,5231, **,other,2,3,0.671875,37,3079,False
g069_exception_override,69,exception_override,closure,shuffle_matched_037,East,West,5571,4589,5231, **,other,2,3,0.546875,37,3079,False
g073_closure_update,73,closure_update,closure,shuffle_matched_037,Green,Yellow,6724,21730,5231, **,other,2,3,1.4765625,37,3079,False
g073_closure_override,73,closure_override,closure,shuffle_matched_037,Green,Yellow,6724,21730,5231, **,other,2,3,0.1796875,37,3079,False
g073_exception_override,73,exception_override,closure,shuffle_matched_037,Green,Yellow,6724,21730,5231, **,other,2,3,0.453125,37,3079,False
g077_closure_update,77,closure_update,closure,shuffle_matched_037,Gold,Iron,6863,17186,5231, **,other,2,3,2.1015625,37,3079,False
g077_closure_override,77,closure_override,closure,shuffle_matched_037,Gold,Iron,6863,17186,5231, **,other,3,2,-0.1484375,37,3079,False
g077_exception_override,77,exception_override,closure,shuffle_matched_037,Gold,Iron,6863,17186,5231, **,other,2,3,0.1328125,37,3079,False
g079_closure_update,79,closure_update,closure,shuffle_matched_037,Green,Yellow,6724,21730,5231, **,other,2,3,1.3984375,37,3079,False
g079_closure_override,79,closure_override,closure,shuffle_matched_037,Green,Yellow,6724,21730,21730, Yellow,conflict,2,1,-0.203125,37,3079,False
g079_exception_override,79,exception_override,closure,shuffle_matched_037,Green,Yellow,6724,21730,5231, **,other,2,3,0.421875,37,3079,False
g080_closure_update,80,closure_update,closure,shuffle_matched_037,North,South,4612,4316,5231, **,other,2,3,0.203125,37,3079,False
g080_closure_override,80,closure_override,closure,shuffle_matched_037,North,South,4612,4316,5231, **,other,2,3,0.9140625,37,3079,False
g080_exception_override,80,exception_override,closure,shuffle_matched_037,North,South,4612,4316,5231, **,other,2,3,1.125,37,3079,False
g085_closure_update,85,closure_update,closure,shuffle_matched_037,Green,Yellow,6724,21730,5231, **,other,2,3,1.7421875,37,3079,False
g085_closure_override,85,closure_override,closure,shuffle_matched_037,Green,Yellow,6724,21730,6724, Green,clean,1,3,0.859375,37,3079,True
g085_exception_override,85,exception_override,closure,shuffle_matched_037,Green,Yellow,6724,21730,5231, **,other,2,3,0.421875,37,3079,False
g088_closure_update,88,closure_update,closure,shuffle_matched_037,Copper,Silver,38315,15934,5231, **,other,2,3,2.8046875,37,3079,False
g088_closure_override,88,closure_override,closure,shuffle_matched_037,Copper,Silver,38315,15934,38315, Copper,clean,1,3,1.8515625,37,3079,True
g088_exception_override,88,exception_override,closure,shuffle_matched_037,Copper,Silver,38315,15934,5231, **,other,2,3,0.2734375,37,3079,False
g094_closure_update,94,closure_update,closure,shuffle_matched_037,Copper,Silver,38315,15934,5231, **,other,2,4,3.0703125,37,3079,False
g094_closure_override,94,closure_override,closure,shuffle_matched_037,Copper,Silver,38315,15934,38315, Copper,clean,1,3,1.265625,37,3079,True
g094_exception_override,94,exception_override,closure,shuffle_matched_037,Copper,Silver,38315,15934,38315, Copper,clean,1,3,1.7578125,37,3079,False
g000_closure_update,0,closure_update,closure,shuffle_matched_038,Red,Blue,4075,7640,5231, **,other,2,3,0.953125,38,3080,False
g000_closure_override,0,closure_override,closure,shuffle_matched_038,Red,Blue,4075,7640,5231, **,other,3,2,-1.1015625,38,3080,False
g000_exception_override,0,exception_override,closure,shuffle_matched_038,Red,Blue,4075,7640,5231, **,other,3,2,-0.625,38,3080,False
g004_closure_update,4,closure_update,closure,shuffle_matched_038,Copper,Silver,38315,15934,5231, **,other,2,3,2.4765625,38,3080,False
g004_closure_override,4,closure_override,closure,shuffle_matched_038,Copper,Silver,38315,15934,38315, Copper,clean,1,3,1.9765625,38,3080,False
g004_exception_override,4,exception_override,closure,shuffle_matched_038,Copper,Silver,38315,15934,5231, **,other,2,3,0.7109375,38,3080,False
g009_closure_update,9,closure_update,closure,shuffle_matched_038,East,West,5571,4589,5231, **,other,2,3,2.875,38,3080,False
g009_closure_override,9,closure_override,closure,shuffle_matched_038,East,West,5571,4589,5231, **,other,2,3,1.34375,38,3080,False
g009_exception_override,9,exception_override,closure,shuffle_matched_038,East,West,5571,4589,5231, **,other,2,3,0.90625,38,3080,False
g010_closure_update,10,closure_update,closure,shuffle_matched_038,Copper,Silver,38315,15934,5231, **,other,2,4,3.296875,38,3080,False
g010_closure_override,10,closure_override,closure,shuffle_matched_038,Copper,Silver,38315,15934,38315, Copper,clean,1,3,1.5234375,38,3080,False
g010_exception_override,10,exception_override,closure,shuffle_matched_038,Copper,Silver,38315,15934,5231, **,other,2,3,0.671875,38,3080,False
g011_closure_update,11,closure_update,closure,shuffle_matched_038,Gold,Iron,6863,17186,5231, **,other,2,3,2.1328125,38,3080,False
g011_closure_override,11,closure_override,closure,shuffle_matched_038,Gold,Iron,6863,17186,5231, **,other,2,3,0.21875,38,3080,False
g011_exception_override,11,exception_override,closure,shuffle_matched_038,Gold,Iron,6863,17186,17186, Iron,conflict,3,1,-0.8359375,38,3080,False
g012_closure_update,12,closure_update,closure,shuffle_matched_038,Red,Blue,4075,7640,5231, **,other,2,3,1.0703125,38,3080,False
g012_closure_override,12,closure_override,closure,shuffle_matched_038,Red,Blue,4075,7640,5231, **,other,3,2,-0.7265625,38,3080,False
g012_exception_override,12,exception_override,closure,shuffle_matched_038,Red,Blue,4075,7640,5231, **,other,3,2,-0.9609375,38,3080,False
g015_closure_update,15,closure_update,closure,shuffle_matched_038,East,West,5571,4589,5231, **,other,2,3,1.2265625,38,3080,False
g015_closure_override,15,closure_override,closure,shuffle_matched_038,East,West,5571,4589,5231, **,other,3,2,-1.2265625,38,3080,False
g015_exception_override,15,exception_override,closure,shuffle_matched_038,East,West,5571,4589,4589, West,conflict,3,1,-1.515625,38,3080,False
g018_closure_update,18,closure_update,closure,shuffle_matched_038,Red,Blue,4075,7640,5231, **,other,2,3,0.84375,38,3080,False
g018_closure_override,18,closure_override,closure,shuffle_matched_038,Red,Blue,4075,7640,5231, **,other,3,2,-0.890625,38,3080,False
g018_exception_override,18,exception_override,closure,shuffle_matched_038,Red,Blue,4075,7640,5231, **,other,3,2,-0.453125,38,3080,False
g022_closure_update,22,closure_update,closure,shuffle_matched_038,Copper,Silver,38315,15934,5231, **,other,2,3,2.0234375,38,3080,False
g022_closure_override,22,closure_override,closure,shuffle_matched_038,Copper,Silver,38315,15934,38315, Copper,clean,1,3,1.15625,38,3080,True
g022_exception_override,22,exception_override,closure,shuffle_matched_038,Copper,Silver,38315,15934,38315, Copper,clean,1,4,2.0859375,38,3080,False
g026_closure_update,26,closure_update,closure,shuffle_matched_038,North,South,4612,4316,5231, **,other,3,2,-0.1796875,38,3080,False
g026_closure_override,26,closure_override,closure,shuffle_matched_038,North,South,4612,4316,5231, **,other,2,3,0.265625,38,3080,False
g026_exception_override,26,exception_override,closure,shuffle_matched_038,North,South,4612,4316,5231, **,other,2,3,0.625,38,3080,False
g030_closure_update,30,closure_update,closure,shuffle_matched_038,Red,Blue,4075,7640,5231, **,other,2,3,1.0625,38,3080,False
g030_closure_override,30,closure_override,closure,shuffle_matched_038,Red,Blue,4075,7640,7640, Blue,conflict,3,1,-0.7890625,38,3080,False
g030_exception_override,30,exception_override,closure,shuffle_matched_038,Red,Blue,4075,7640,5231, **,other,2,3,0.078125,38,3080,False
g031_closure_update,31,closure_update,closure,shuffle_matched_038,Green,Yellow,6724,21730,5231, **,other,2,3,2.2421875,38,3080,False
g031_closure_override,31,closure_override,closure,shuffle_matched_038,Green,Yellow,6724,21730,6724, Green,clean,1,3,0.6796875,38,3080,False
g031_exception_override,31,exception_override,closure,shuffle_matched_038,Green,Yellow,6724,21730,5231, **,other,2,3,0.984375,38,3080,False
g033_closure_update,33,closure_update,closure,shuffle_matched_038,East,West,5571,4589,5571, East,clean,1,3,2.75,38,3080,False
g033_closure_override,33,closure_override,closure,shuffle_matched_038,East,West,5571,4589,5571, East,clean,1,3,0.5234375,38,3080,False
g033_exception_override,33,exception_override,closure,shuffle_matched_038,East,West,5571,4589,5231, **,other,2,3,0.28125,38,3080,False
g039_closure_update,39,closure_update,closure,shuffle_matched_038,East,West,5571,4589,5231, **,other,2,3,2.1875,38,3080,False
g039_closure_override,39,closure_override,closure,shuffle_matched_038,East,West,5571,4589,5571, East,clean,1,3,0.2890625,38,3080,True
g039_exception_override,39,exception_override,closure,shuffle_matched_038,East,West,5571,4589,5231, **,other,3,2,-0.03125,38,3080,False
g040_closure_update,40,closure_update,closure,shuffle_matched_038,Copper,Silver,38315,15934,5231, **,other,2,3,2.03125,38,3080,False
g040_closure_override,40,closure_override,closure,shuffle_matched_038,Copper,Silver,38315,15934,38315, Copper,clean,1,3,1.6484375,38,3080,True
g040_exception_override,40,exception_override,closure,shuffle_matched_038,Copper,Silver,38315,15934,38315, Copper,clean,1,3,2.375,38,3080,False
g042_closure_update,42,closure_update,closure,shuffle_matched_038,Red,Blue,4075,7640,5231, **,other,2,3,1.1640625,38,3080,False
g042_closure_override,42,closure_override,closure,shuffle_matched_038,Red,Blue,4075,7640,5231, **,other,3,1,-0.734375,38,3080,False
g042_exception_override,42,exception_override,closure,shuffle_matched_038,Red,Blue,4075,7640,5231, **,other,3,2,-0.890625,38,3080,False
g045_closure_update,45,closure_update,closure,shuffle_matched_038,East,West,5571,4589,5231, **,other,2,4,2.953125,38,3080,False
g045_closure_override,45,closure_override,closure,shuffle_matched_038,East,West,5571,4589,5231, **,other,2,3,0.53125,38,3080,False
g045_exception_override,45,exception_override,closure,shuffle_matched_038,East,West,5571,4589,5231, **,other,2,3,0.8125,38,3080,False
g053_closure_update,53,closure_update,closure,shuffle_matched_038,Gold,Iron,6863,17186,5231, **,other,2,3,1.734375,38,3080,False
g053_closure_override,53,closure_override,closure,shuffle_matched_038,Gold,Iron,6863,17186,5231, **,other,2,3,1.34375,38,3080,False
g053_exception_override,53,exception_override,closure,shuffle_matched_038,Gold,Iron,6863,17186,5231, **,other,2,3,0.4296875,38,3080,False
g064_closure_update,64,closure_update,closure,shuffle_matched_038,Copper,Silver,38315,15934,5231, **,other,2,3,1.6328125,38,3080,False
g064_closure_override,64,closure_override,closure,shuffle_matched_038,Copper,Silver,38315,15934,38315, Copper,clean,1,3,1.6875,38,3080,True
g064_exception_override,64,exception_override,closure,shuffle_matched_038,Copper,Silver,38315,15934,38315, Copper,clean,1,3,2.3828125,38,3080,False
g067_closure_update,67,closure_update,closure,shuffle_matched_038,Green,Yellow,6724,21730,5231, **,other,2,3,2.1796875,38,3080,False
g067_closure_override,67,closure_override,closure,shuffle_matched_038,Green,Yellow,6724,21730,6724, Green,clean,1,3,0.9140625,38,3080,False
g067_exception_override,67,exception_override,closure,shuffle_matched_038,Green,Yellow,6724,21730,6724, Green,clean,1,3,1.234375,38,3080,False
g068_closure_update,68,closure_update,closure,shuffle_matched_038,North,South,4612,4316,5231, **,other,2,3,0.8203125,38,3080,False
g068_closure_override,68,closure_override,closure,shuffle_matched_038,North,South,4612,4316,4612, North,clean,1,3,1.328125,38,3080,True
g068_exception_override,68,exception_override,closure,shuffle_matched_038,North,South,4612,4316,5231, **,other,2,3,1.4375,38,3080,False
g069_closure_update,69,closure_update,closure,shuffle_matched_038,East,West,5571,4589,5231, **,other,2,4,2.7109375,38,3080,False
g069_closure_override,69,closure_override,closure,shuffle_matched_038,East,West,5571,4589,5231, **,other,2,3,0.3125,38,3080,False
g069_exception_override,69,exception_override,closure,shuffle_matched_038,East,West,5571,4589,5231, **,other,2,3,0.5390625,38,3080,False
g073_closure_update,73,closure_update,closure,shuffle_matched_038,Green,Yellow,6724,21730,5231, **,other,2,3,1.5703125,38,3080,False
g073_closure_override,73,closure_override,closure,shuffle_matched_038,Green,Yellow,6724,21730,5231, **,other,2,3,0.21875,38,3080,False
g073_exception_override,73,exception_override,closure,shuffle_matched_038,Green,Yellow,6724,21730,5231, **,other,2,3,0.40625,38,3080,False
g077_closure_update,77,closure_update,closure,shuffle_matched_038,Gold,Iron,6863,17186,5231, **,other,2,3,2.1015625,38,3080,False
g077_closure_override,77,closure_override,closure,shuffle_matched_038,Gold,Iron,6863,17186,5231, **,other,2,3,0.5625,38,3080,False
g077_exception_override,77,exception_override,closure,shuffle_matched_038,Gold,Iron,6863,17186,5231, **,other,2,3,0.890625,38,3080,False
g079_closure_update,79,closure_update,closure,shuffle_matched_038,Green,Yellow,6724,21730,5231, **,other,2,3,1.3984375,38,3080,False
g079_closure_override,79,closure_override,closure,shuffle_matched_038,Green,Yellow,6724,21730,21730, Yellow,conflict,2,1,-0.203125,38,3080,False
g079_exception_override,79,exception_override,closure,shuffle_matched_038,Green,Yellow,6724,21730,5231, **,other,2,3,0.421875,38,3080,False
g080_closure_update,80,closure_update,closure,shuffle_matched_038,North,South,4612,4316,5231, **,other,2,3,0.203125,38,3080,False
g080_closure_override,80,closure_override,closure,shuffle_matched_038,North,South,4612,4316,4612, North,clean,1,3,0.9453125,38,3080,True
g080_exception_override,80,exception_override,closure,shuffle_matched_038,North,South,4612,4316,5231, **,other,3,2,-0.296875,38,3080,False
g085_closure_update,85,closure_update,closure,shuffle_matched_038,Green,Yellow,6724,21730,5231, **,other,2,3,1.75,38,3080,False
g085_closure_override,85,closure_override,closure,shuffle_matched_038,Green,Yellow,6724,21730,5231, **,other,1,3,0.8046875,38,3080,False
g085_exception_override,85,exception_override,closure,shuffle_matched_038,Green,Yellow,6724,21730,5231, **,other,2,3,0.546875,38,3080,False
g088_closure_update,88,closure_update,closure,shuffle_matched_038,Copper,Silver,38315,15934,5231, **,other,2,3,2.8046875,38,3080,False
g088_closure_override,88,closure_override,closure,shuffle_matched_038,Copper,Silver,38315,15934,38315, Copper,clean,1,3,1.3984375,38,3080,True
g088_exception_override,88,exception_override,closure,shuffle_matched_038,Copper,Silver,38315,15934,38315, Copper,clean,1,3,1.203125,38,3080,False
g094_closure_update,94,closure_update,closure,shuffle_matched_038,Copper,Silver,38315,15934,5231, **,other,2,4,3.0703125,38,3080,False
g094_closure_override,94,closure_override,closure,shuffle_matched_038,Copper,Silver,38315,15934,38315, Copper,clean,1,3,0.859375,38,3080,True
g094_exception_override,94,exception_override,closure,shuffle_matched_038,Copper,Silver,38315,15934,38315, Copper,clean,1,3,1.7578125,38,3080,False
g000_closure_update,0,closure_update,closure,shuffle_matched_039,Red,Blue,4075,7640,5231, **,other,2,3,0.953125,39,3081,False
g000_closure_override,0,closure_override,closure,shuffle_matched_039,Red,Blue,4075,7640,5231, **,other,3,2,-1.078125,39,3081,False
g000_exception_override,0,exception_override,closure,shuffle_matched_039,Red,Blue,4075,7640,5231, **,other,3,2,-0.5390625,39,3081,False
g004_closure_update,4,closure_update,closure,shuffle_matched_039,Copper,Silver,38315,15934,5231, **,other,2,3,2.4765625,39,3081,False
g004_closure_override,4,closure_override,closure,shuffle_matched_039,Copper,Silver,38315,15934,38315, Copper,clean,1,3,2.328125,39,3081,False
g004_exception_override,4,exception_override,closure,shuffle_matched_039,Copper,Silver,38315,15934,5231, **,other,2,3,0.7421875,39,3081,False
g009_closure_update,9,closure_update,closure,shuffle_matched_039,East,West,5571,4589,5231, **,other,2,3,2.875,39,3081,False
g009_closure_override,9,closure_override,closure,shuffle_matched_039,East,West,5571,4589,5231, **,other,2,3,0.140625,39,3081,False
g009_exception_override,9,exception_override,closure,shuffle_matched_039,East,West,5571,4589,5231, **,other,2,3,0.03125,39,3081,False
g010_closure_update,10,closure_update,closure,shuffle_matched_039,Copper,Silver,38315,15934,5231, **,other,2,4,3.296875,39,3081,False
g010_closure_override,10,closure_override,closure,shuffle_matched_039,Copper,Silver,38315,15934,38315, Copper,clean,1,3,1.8046875,39,3081,False
g010_exception_override,10,exception_override,closure,shuffle_matched_039,Copper,Silver,38315,15934,38315, Copper,clean,1,3,1.171875,39,3081,False
g011_closure_update,11,closure_update,closure,shuffle_matched_039,Gold,Iron,6863,17186,5231, **,other,2,3,2.1328125,39,3081,False
g011_closure_override,11,closure_override,closure,shuffle_matched_039,Gold,Iron,6863,17186,5231, **,other,2,3,0.515625,39,3081,False
g011_exception_override,11,exception_override,closure,shuffle_matched_039,Gold,Iron,6863,17186,5231, **,other,3,1,-0.8046875,39,3081,False
g012_closure_update,12,closure_update,closure,shuffle_matched_039,Red,Blue,4075,7640,5231, **,other,2,3,1.0703125,39,3081,False
g012_closure_override,12,closure_override,closure,shuffle_matched_039,Red,Blue,4075,7640,7640, Blue,conflict,3,1,-1.015625,39,3081,False
g012_exception_override,12,exception_override,closure,shuffle_matched_039,Red,Blue,4075,7640,5231, **,other,3,2,-0.8125,39,3081,False
g015_closure_update,15,closure_update,closure,shuffle_matched_039,East,West,5571,4589,5231, **,other,2,3,1.2265625,39,3081,False
g015_closure_override,15,closure_override,closure,shuffle_matched_039,East,West,5571,4589,4589, West,conflict,3,1,-1.2421875,39,3081,False
g015_exception_override,15,exception_override,closure,shuffle_matched_039,East,West,5571,4589,5231, **,other,3,2,-1.3359375,39,3081,False
g018_closure_update,18,closure_update,closure,shuffle_matched_039,Red,Blue,4075,7640,5231, **,other,2,3,0.84375,39,3081,False
g018_closure_override,18,closure_override,closure,shuffle_matched_039,Red,Blue,4075,7640,7640, Blue,conflict,3,1,-1.078125,39,3081,False
g018_exception_override,18,exception_override,closure,shuffle_matched_039,Red,Blue,4075,7640,5231, **,other,3,2,-0.828125,39,3081,False
g022_closure_update,22,closure_update,closure,shuffle_matched_039,Copper,Silver,38315,15934,5231, **,other,2,3,2.0234375,39,3081,False
g022_closure_override,22,closure_override,closure,shuffle_matched_039,Copper,Silver,38315,15934,38315, Copper,clean,1,3,0.953125,39,3081,True
g022_exception_override,22,exception_override,closure,shuffle_matched_039,Copper,Silver,38315,15934,38315, Copper,clean,1,4,2.1015625,39,3081,False
g026_closure_update,26,closure_update,closure,shuffle_matched_039,North,South,4612,4316,5231, **,other,3,2,-0.1796875,39,3081,False
g026_closure_override,26,closure_override,closure,shuffle_matched_039,North,South,4612,4316,5231, **,other,2,3,0.296875,39,3081,False
g026_exception_override,26,exception_override,closure,shuffle_matched_039,North,South,4612,4316,5231, **,other,3,2,-0.5546875,39,3081,False
g030_closure_update,30,closure_update,closure,shuffle_matched_039,Red,Blue,4075,7640,5231, **,other,2,3,1.0625,39,3081,False
g030_closure_override,30,closure_override,closure,shuffle_matched_039,Red,Blue,4075,7640,5231, **,other,3,2,-0.59375,39,3081,False
g030_exception_override,30,exception_override,closure,shuffle_matched_039,Red,Blue,4075,7640,5231, **,other,2,3,0.1328125,39,3081,False
g031_closure_update,31,closure_update,closure,shuffle_matched_039,Green,Yellow,6724,21730,5231, **,other,2,3,2.2421875,39,3081,False
g031_closure_override,31,closure_override,closure,shuffle_matched_039,Green,Yellow,6724,21730,6724, Green,clean,1,3,0.75,39,3081,False
g031_exception_override,31,exception_override,closure,shuffle_matched_039,Green,Yellow,6724,21730,5231, **,other,2,3,0.125,39,3081,False
g033_closure_update,33,closure_update,closure,shuffle_matched_039,East,West,5571,4589,5571, East,clean,1,3,2.75,39,3081,False
g033_closure_override,33,closure_override,closure,shuffle_matched_039,East,West,5571,4589,5571, East,clean,1,3,0.859375,39,3081,False
g033_exception_override,33,exception_override,closure,shuffle_matched_039,East,West,5571,4589,5231, **,other,2,3,0.6640625,39,3081,False
g039_closure_update,39,closure_update,closure,shuffle_matched_039,East,West,5571,4589,5231, **,other,2,3,2.1875,39,3081,False
g039_closure_override,39,closure_override,closure,shuffle_matched_039,East,West,5571,4589,5571, East,clean,1,3,0.4765625,39,3081,True
g039_exception_override,39,exception_override,closure,shuffle_matched_039,East,West,5571,4589,5231, **,other,3,2,-0.1171875,39,3081,False
g040_closure_update,40,closure_update,closure,shuffle_matched_039,Copper,Silver,38315,15934,5231, **,other,2,3,2.03125,39,3081,False
g040_closure_override,40,closure_override,closure,shuffle_matched_039,Copper,Silver,38315,15934,38315, Copper,clean,1,3,1.484375,39,3081,True
g040_exception_override,40,exception_override,closure,shuffle_matched_039,Copper,Silver,38315,15934,5231, **,other,2,3,0.875,39,3081,False
g042_closure_update,42,closure_update,closure,shuffle_matched_039,Red,Blue,4075,7640,5231, **,other,2,3,1.1640625,39,3081,False
g042_closure_override,42,closure_override,closure,shuffle_matched_039,Red,Blue,4075,7640,5231, **,other,3,1,-0.734375,39,3081,False
g042_exception_override,42,exception_override,closure,shuffle_matched_039,Red,Blue,4075,7640,5231, **,other,3,2,-0.03125,39,3081,False
g045_closure_update,45,closure_update,closure,shuffle_matched_039,East,West,5571,4589,5231, **,other,2,4,2.953125,39,3081,False
g045_closure_override,45,closure_override,closure,shuffle_matched_039,East,West,5571,4589,5231, **,other,2,3,0.8125,39,3081,False
g045_exception_override,45,exception_override,closure,shuffle_matched_039,East,West,5571,4589,5231, **,other,2,3,0.8125,39,3081,False
g053_closure_update,53,closure_update,closure,shuffle_matched_039,Gold,Iron,6863,17186,5231, **,other,2,3,1.734375,39,3081,False
g053_closure_override,53,closure_override,closure,shuffle_matched_039,Gold,Iron,6863,17186,5231, **,other,2,3,1.421875,39,3081,False
g053_exception_override,53,exception_override,closure,shuffle_matched_039,Gold,Iron,6863,17186,5231, **,other,2,3,1.109375,39,3081,False
g064_closure_update,64,closure_update,closure,shuffle_matched_039,Copper,Silver,38315,15934,5231, **,other,2,3,1.6328125,39,3081,False
g064_closure_override,64,closure_override,closure,shuffle_matched_039,Copper,Silver,38315,15934,38315, Copper,clean,1,3,1.703125,39,3081,True
g064_exception_override,64,exception_override,closure,shuffle_matched_039,Copper,Silver,38315,15934,5231, **,other,2,3,0.3515625,39,3081,False
g067_closure_update,67,closure_update,closure,shuffle_matched_039,Green,Yellow,6724,21730,5231, **,other,2,3,2.15625,39,3081,False
g067_closure_override,67,closure_override,closure,shuffle_matched_039,Green,Yellow,6724,21730,5231, **,other,1,3,0.828125,39,3081,False
g067_exception_override,67,exception_override,closure,shuffle_matched_039,Green,Yellow,6724,21730,6724, Green,clean,1,3,1.265625,39,3081,False
g068_closure_update,68,closure_update,closure,shuffle_matched_039,North,South,4612,4316,5231, **,other,2,3,0.8203125,39,3081,False
g068_closure_override,68,closure_override,closure,shuffle_matched_039,North,South,4612,4316,5231, **,other,2,3,1.2578125,39,3081,False
g068_exception_override,68,exception_override,closure,shuffle_matched_039,North,South,4612,4316,5231, **,other,3,2,-0.0703125,39,3081,False
g069_closure_update,69,closure_update,closure,shuffle_matched_039,East,West,5571,4589,5231, **,other,2,4,2.7109375,39,3081,False
g069_closure_override,69,closure_override,closure,shuffle_matched_039,East,West,5571,4589,5231, **,other,2,3,0.59375,39,3081,False
g069_exception_override,69,exception_override,closure,shuffle_matched_039,East,West,5571,4589,5231, **,other,2,3,0.453125,39,3081,False
g073_closure_update,73,closure_update,closure,shuffle_matched_039,Green,Yellow,6724,21730,5231, **,other,2,3,1.4765625,39,3081,False
g073_closure_override,73,closure_override,closure,shuffle_matched_039,Green,Yellow,6724,21730,5231, **,other,2,3,0.21875,39,3081,False
g073_exception_override,73,exception_override,closure,shuffle_matched_039,Green,Yellow,6724,21730,5231, **,other,2,3,0.5,39,3081,False
g077_closure_update,77,closure_update,closure,shuffle_matched_039,Gold,Iron,6863,17186,5231, **,other,2,3,2.1015625,39,3081,False
g077_closure_override,77,closure_override,closure,shuffle_matched_039,Gold,Iron,6863,17186,5231, **,other,2,3,0.6640625,39,3081,False
g077_exception_override,77,exception_override,closure,shuffle_matched_039,Gold,Iron,6863,17186,5231, **,other,2,3,0.6640625,39,3081,False
g079_closure_update,79,closure_update,closure,shuffle_matched_039,Green,Yellow,6724,21730,5231, **,other,2,3,1.3984375,39,3081,False
g079_closure_override,79,closure_override,closure,shuffle_matched_039,Green,Yellow,6724,21730,21730, Yellow,conflict,2,1,-0.0546875,39,3081,False
g079_exception_override,79,exception_override,closure,shuffle_matched_039,Green,Yellow,6724,21730,5231, **,other,2,3,0.421875,39,3081,False
g080_closure_update,80,closure_update,closure,shuffle_matched_039,North,South,4612,4316,5231, **,other,2,3,0.203125,39,3081,False
g080_closure_override,80,closure_override,closure,shuffle_matched_039,North,South,4612,4316,4612, North,clean,1,3,0.9296875,39,3081,True
g080_exception_override,80,exception_override,closure,shuffle_matched_039,North,South,4612,4316,4612, North,clean,1,3,1.4921875,39,3081,True
g085_closure_update,85,closure_update,closure,shuffle_matched_039,Green,Yellow,6724,21730,5231, **,other,2,3,1.734375,39,3081,False
g085_closure_override,85,closure_override,closure,shuffle_matched_039,Green,Yellow,6724,21730,5231, **,other,2,3,0.1171875,39,3081,False
g085_exception_override,85,exception_override,closure,shuffle_matched_039,Green,Yellow,6724,21730,5231, **,other,2,3,0.546875,39,3081,False
g088_closure_update,88,closure_update,closure,shuffle_matched_039,Copper,Silver,38315,15934,5231, **,other,2,3,2.8046875,39,3081,False
g088_closure_override,88,closure_override,closure,shuffle_matched_039,Copper,Silver,38315,15934,38315, Copper,clean,1,3,1.9140625,39,3081,True
g088_exception_override,88,exception_override,closure,shuffle_matched_039,Copper,Silver,38315,15934,38315, Copper,clean,1,3,1.203125,39,3081,False
g094_closure_update,94,closure_update,closure,shuffle_matched_039,Copper,Silver,38315,15934,5231, **,other,2,4,3.0703125,39,3081,False
g094_closure_override,94,closure_override,closure,shuffle_matched_039,Copper,Silver,38315,15934,38315, Copper,clean,1,3,1.6171875,39,3081,True
g094_exception_override,94,exception_override,closure,shuffle_matched_039,Copper,Silver,38315,15934,38315, Copper,clean,1,3,1.375,39,3081,False
g000_closure_update,0,closure_update,closure,shuffle_matched_040,Red,Blue,4075,7640,5231, **,other,2,3,0.9453125,40,3082,False
g000_closure_override,0,closure_override,closure,shuffle_matched_040,Red,Blue,4075,7640,5231, **,other,3,2,-0.7421875,40,3082,False
g000_exception_override,0,exception_override,closure,shuffle_matched_040,Red,Blue,4075,7640,5231, **,other,3,2,-0.5703125,40,3082,False
g004_closure_update,4,closure_update,closure,shuffle_matched_040,Copper,Silver,38315,15934,5231, **,other,2,3,2.4765625,40,3082,False
g004_closure_override,4,closure_override,closure,shuffle_matched_040,Copper,Silver,38315,15934,38315, Copper,clean,1,3,2.0234375,40,3082,False
g004_exception_override,4,exception_override,closure,shuffle_matched_040,Copper,Silver,38315,15934,38315, Copper,clean,1,4,2.734375,40,3082,False
g009_closure_update,9,closure_update,closure,shuffle_matched_040,East,West,5571,4589,5231, **,other,2,3,2.875,40,3082,False
g009_closure_override,9,closure_override,closure,shuffle_matched_040,East,West,5571,4589,5231, **,other,2,3,0.140625,40,3082,False
g009_exception_override,9,exception_override,closure,shuffle_matched_040,East,West,5571,4589,5231, **,other,2,3,0.296875,40,3082,False
g010_closure_update,10,closure_update,closure,shuffle_matched_040,Copper,Silver,38315,15934,5231, **,other,2,4,3.296875,40,3082,False
g010_closure_override,10,closure_override,closure,shuffle_matched_040,Copper,Silver,38315,15934,38315, Copper,clean,1,3,1.484375,40,3082,False
g010_exception_override,10,exception_override,closure,shuffle_matched_040,Copper,Silver,38315,15934,5231, **,other,2,3,0.6875,40,3082,False
g011_closure_update,11,closure_update,closure,shuffle_matched_040,Gold,Iron,6863,17186,5231, **,other,2,3,2.1328125,40,3082,False
g011_closure_override,11,closure_override,closure,shuffle_matched_040,Gold,Iron,6863,17186,5231, **,other,2,3,0.4765625,40,3082,False
g011_exception_override,11,exception_override,closure,shuffle_matched_040,Gold,Iron,6863,17186,5231, **,other,3,2,-1.1484375,40,3082,False
g012_closure_update,12,closure_update,closure,shuffle_matched_040,Red,Blue,4075,7640,5231, **,other,2,3,1.0703125,40,3082,False
g012_closure_override,12,closure_override,closure,shuffle_matched_040,Red,Blue,4075,7640,5231, **,other,3,1,-1.015625,40,3082,False
g012_exception_override,12,exception_override,closure,shuffle_matched_040,Red,Blue,4075,7640,5231, **,other,3,2,-0.78125,40,3082,False
g015_closure_update,15,closure_update,closure,shuffle_matched_040,East,West,5571,4589,5231, **,other,2,3,1.2265625,40,3082,False
g015_closure_override,15,closure_override,closure,shuffle_matched_040,East,West,5571,4589,4589, West,conflict,3,1,-1.359375,40,3082,False
g015_exception_override,15,exception_override,closure,shuffle_matched_040,East,West,5571,4589,4589, West,conflict,3,1,-1.4921875,40,3082,False
g018_closure_update,18,closure_update,closure,shuffle_matched_040,Red,Blue,4075,7640,5231, **,other,2,3,0.84375,40,3082,False
g018_closure_override,18,closure_override,closure,shuffle_matched_040,Red,Blue,4075,7640,7640, Blue,conflict,3,1,-1.140625,40,3082,False
g018_exception_override,18,exception_override,closure,shuffle_matched_040,Red,Blue,4075,7640,5231, **,other,3,2,-0.453125,40,3082,False
g022_closure_update,22,closure_update,closure,shuffle_matched_040,Copper,Silver,38315,15934,5231, **,other,2,3,2.0234375,40,3082,False
g022_closure_override,22,closure_override,closure,shuffle_matched_040,Copper,Silver,38315,15934,38315, Copper,clean,1,3,1.3515625,40,3082,True
g022_exception_override,22,exception_override,closure,shuffle_matched_040,Copper,Silver,38315,15934,38315, Copper,clean,1,3,1.5625,40,3082,False
g026_closure_update,26,closure_update,closure,shuffle_matched_040,North,South,4612,4316,5231, **,other,3,2,-0.1796875,40,3082,False
g026_closure_override,26,closure_override,closure,shuffle_matched_040,North,South,4612,4316,5231, **,other,2,3,0.3359375,40,3082,False
g026_exception_override,26,exception_override,closure,shuffle_matched_040,North,South,4612,4316,5231, **,other,2,3,0.6484375,40,3082,False
g030_closure_update,30,closure_update,closure,shuffle_matched_040,Red,Blue,4075,7640,5231, **,other,2,3,1.0625,40,3082,False
g030_closure_override,30,closure_override,closure,shuffle_matched_040,Red,Blue,4075,7640,7640, Blue,conflict,3,1,-0.7890625,40,3082,False
g030_exception_override,30,exception_override,closure,shuffle_matched_040,Red,Blue,4075,7640,5231, **,other,3,2,-0.96875,40,3082,False
g031_closure_update,31,closure_update,closure,shuffle_matched_040,Green,Yellow,6724,21730,5231, **,other,2,3,2.171875,40,3082,False
g031_closure_override,31,closure_override,closure,shuffle_matched_040,Green,Yellow,6724,21730,6724, Green,clean,1,3,0.75,40,3082,False
g031_exception_override,31,exception_override,closure,shuffle_matched_040,Green,Yellow,6724,21730,5231, **,other,2,3,0.125,40,3082,False
g033_closure_update,33,closure_update,closure,shuffle_matched_040,East,West,5571,4589,5571, East,clean,1,3,2.75,40,3082,False
g033_closure_override,33,closure_override,closure,shuffle_matched_040,East,West,5571,4589,5231, **,other,2,3,1.0234375,40,3082,False
g033_exception_override,33,exception_override,closure,shuffle_matched_040,East,West,5571,4589,5231, **,other,2,3,0.484375,40,3082,False
g039_closure_update,39,closure_update,closure,shuffle_matched_040,East,West,5571,4589,5231, **,other,2,3,2.1875,40,3082,False
g039_closure_override,39,closure_override,closure,shuffle_matched_040,East,West,5571,4589,5571, East,clean,1,3,0.5625,40,3082,True
g039_exception_override,39,exception_override,closure,shuffle_matched_040,East,West,5571,4589,5231, **,other,3,2,-0.0859375,40,3082,False
g040_closure_update,40,closure_update,closure,shuffle_matched_040,Copper,Silver,38315,15934,5231, **,other,2,3,2.03125,40,3082,False
g040_closure_override,40,closure_override,closure,shuffle_matched_040,Copper,Silver,38315,15934,38315, Copper,clean,1,3,1.296875,40,3082,True
g040_exception_override,40,exception_override,closure,shuffle_matched_040,Copper,Silver,38315,15934,38315, Copper,clean,1,3,2.375,40,3082,False
g042_closure_update,42,closure_update,closure,shuffle_matched_040,Red,Blue,4075,7640,5231, **,other,2,3,1.1640625,40,3082,False
g042_closure_override,42,closure_override,closure,shuffle_matched_040,Red,Blue,4075,7640,5231, **,other,3,2,-0.390625,40,3082,False
g042_exception_override,42,exception_override,closure,shuffle_matched_040,Red,Blue,4075,7640,5231, **,other,3,2,-0.03125,40,3082,False
g045_closure_update,45,closure_update,closure,shuffle_matched_040,East,West,5571,4589,5231, **,other,2,4,2.953125,40,3082,False
g045_closure_override,45,closure_override,closure,shuffle_matched_040,East,West,5571,4589,5231, **,other,2,3,0.3515625,40,3082,False
g045_exception_override,45,exception_override,closure,shuffle_matched_040,East,West,5571,4589,5231, **,other,2,3,0.6875,40,3082,False
g053_closure_update,53,closure_update,closure,shuffle_matched_040,Gold,Iron,6863,17186,5231, **,other,2,3,1.734375,40,3082,False
g053_closure_override,53,closure_override,closure,shuffle_matched_040,Gold,Iron,6863,17186,5231, **,other,2,3,1.421875,40,3082,False
g053_exception_override,53,exception_override,closure,shuffle_matched_040,Gold,Iron,6863,17186,5231, **,other,2,4,1.3046875,40,3082,False
g064_closure_update,64,closure_update,closure,shuffle_matched_040,Copper,Silver,38315,15934,5231, **,other,2,3,1.6328125,40,3082,False
g064_closure_override,64,closure_override,closure,shuffle_matched_040,Copper,Silver,38315,15934,38315, Copper,clean,1,3,1.921875,40,3082,True
g064_exception_override,64,exception_override,closure,shuffle_matched_040,Copper,Silver,38315,15934,5231, **,other,2,3,0.3515625,40,3082,False
g067_closure_update,67,closure_update,closure,shuffle_matched_040,Green,Yellow,6724,21730,5231, **,other,2,3,2.171875,40,3082,False
g067_closure_override,67,closure_override,closure,shuffle_matched_040,Green,Yellow,6724,21730,5231, **,other,1,3,0.84375,40,3082,False
g067_exception_override,67,exception_override,closure,shuffle_matched_040,Green,Yellow,6724,21730,6724, Green,clean,1,3,1.234375,40,3082,False
g068_closure_update,68,closure_update,closure,shuffle_matched_040,North,South,4612,4316,5231, **,other,2,3,0.8203125,40,3082,False
g068_closure_override,68,closure_override,closure,shuffle_matched_040,North,South,4612,4316,4612, North,clean,1,3,1.328125,40,3082,True
g068_exception_override,68,exception_override,closure,shuffle_matched_040,North,South,4612,4316,4612, North,clean,1,3,1.7578125,40,3082,False
g069_closure_update,69,closure_update,closure,shuffle_matched_040,East,West,5571,4589,5231, **,other,2,4,2.7109375,40,3082,False
g069_closure_override,69,closure_override,closure,shuffle_matched_040,East,West,5571,4589,5231, **,other,2,3,0.59375,40,3082,False
g069_exception_override,69,exception_override,closure,shuffle_matched_040,East,West,5571,4589,5231, **,other,2,3,0.5234375,40,3082,False
g073_closure_update,73,closure_update,closure,shuffle_matched_040,Green,Yellow,6724,21730,5231, **,other,2,3,1.4765625,40,3082,False
g073_closure_override,73,closure_override,closure,shuffle_matched_040,Green,Yellow,6724,21730,5231, **,other,2,3,0.21875,40,3082,False
g073_exception_override,73,exception_override,closure,shuffle_matched_040,Green,Yellow,6724,21730,5231, **,other,2,3,0.421875,40,3082,False
g077_closure_update,77,closure_update,closure,shuffle_matched_040,Gold,Iron,6863,17186,5231, **,other,2,3,2.1015625,40,3082,False
g077_closure_override,77,closure_override,closure,shuffle_matched_040,Gold,Iron,6863,17186,5231, **,other,2,3,0.734375,40,3082,False
g077_exception_override,77,exception_override,closure,shuffle_matched_040,Gold,Iron,6863,17186,5231, **,other,2,3,0.875,40,3082,False
g079_closure_update,79,closure_update,closure,shuffle_matched_040,Green,Yellow,6724,21730,5231, **,other,2,3,1.3984375,40,3082,False
g079_closure_override,79,closure_override,closure,shuffle_matched_040,Green,Yellow,6724,21730,5231, **,other,2,3,0.015625,40,3082,False
g079_exception_override,79,exception_override,closure,shuffle_matched_040,Green,Yellow,6724,21730,5231, **,other,3,2,-0.5234375,40,3082,False
g080_closure_update,80,closure_update,closure,shuffle_matched_040,North,South,4612,4316,5231, **,other,2,3,0.203125,40,3082,False
g080_closure_override,80,closure_override,closure,shuffle_matched_040,North,South,4612,4316,4612, North,clean,1,3,0.9453125,40,3082,True
g080_exception_override,80,exception_override,closure,shuffle_matched_040,North,South,4612,4316,5231, **,other,3,2,-0.296875,40,3082,False
g085_closure_update,85,closure_update,closure,shuffle_matched_040,Green,Yellow,6724,21730,5231, **,other,2,3,1.75,40,3082,False
g085_closure_override,85,closure_override,closure,shuffle_matched_040,Green,Yellow,6724,21730,5231, **,other,1,3,0.828125,40,3082,False
g085_exception_override,85,exception_override,closure,shuffle_matched_040,Green,Yellow,6724,21730,5231, **,other,2,3,0.4296875,40,3082,False
g088_closure_update,88,closure_update,closure,shuffle_matched_040,Copper,Silver,38315,15934,5231, **,other,2,3,2.8046875,40,3082,False
g088_closure_override,88,closure_override,closure,shuffle_matched_040,Copper,Silver,38315,15934,38315, Copper,clean,1,3,1.9140625,40,3082,True
g088_exception_override,88,exception_override,closure,shuffle_matched_040,Copper,Silver,38315,15934,38315, Copper,clean,1,3,1.203125,40,3082,False
g094_closure_update,94,closure_update,closure,shuffle_matched_040,Copper,Silver,38315,15934,5231, **,other,2,4,3.0703125,40,3082,False
g094_closure_override,94,closure_override,closure,shuffle_matched_040,Copper,Silver,38315,15934,38315, Copper,clean,1,3,1.6171875,40,3082,True
g094_exception_override,94,exception_override,closure,shuffle_matched_040,Copper,Silver,38315,15934,38315, Copper,clean,1,3,1.7421875,40,3082,False
g000_closure_update,0,closure_update,closure,shuffle_matched_041,Red,Blue,4075,7640,5231, **,other,2,3,0.9921875,41,3083,False
g000_closure_override,0,closure_override,closure,shuffle_matched_041,Red,Blue,4075,7640,5231, **,other,3,2,-0.703125,41,3083,False
g000_exception_override,0,exception_override,closure,shuffle_matched_041,Red,Blue,4075,7640,5231, **,other,3,2,-0.5703125,41,3083,False
g004_closure_update,4,closure_update,closure,shuffle_matched_041,Copper,Silver,38315,15934,5231, **,other,2,3,2.4765625,41,3083,False
g004_closure_override,4,closure_override,closure,shuffle_matched_041,Copper,Silver,38315,15934,38315, Copper,clean,1,3,1.546875,41,3083,False
g004_exception_override,4,exception_override,closure,shuffle_matched_041,Copper,Silver,38315,15934,38315, Copper,clean,1,4,2.734375,41,3083,False
g009_closure_update,9,closure_update,closure,shuffle_matched_041,East,West,5571,4589,5231, **,other,2,3,2.875,41,3083,False
g009_closure_override,9,closure_override,closure,shuffle_matched_041,East,West,5571,4589,5231, **,other,2,3,1.34375,41,3083,False
g009_exception_override,9,exception_override,closure,shuffle_matched_041,East,West,5571,4589,5231, **,other,2,3,0.8984375,41,3083,False
g010_closure_update,10,closure_update,closure,shuffle_matched_041,Copper,Silver,38315,15934,5231, **,other,2,4,3.296875,41,3083,False
g010_closure_override,10,closure_override,closure,shuffle_matched_041,Copper,Silver,38315,15934,38315, Copper,clean,1,3,1.8359375,41,3083,False
g010_exception_override,10,exception_override,closure,shuffle_matched_041,Copper,Silver,38315,15934,5231, **,other,2,3,0.671875,41,3083,False
g011_closure_update,11,closure_update,closure,shuffle_matched_041,Gold,Iron,6863,17186,5231, **,other,2,3,2.109375,41,3083,False
g011_closure_override,11,closure_override,closure,shuffle_matched_041,Gold,Iron,6863,17186,5231, **,other,2,3,0.1875,41,3083,False
g011_exception_override,11,exception_override,closure,shuffle_matched_041,Gold,Iron,6863,17186,5231, **,other,3,2,-1.1484375,41,3083,False
g012_closure_update,12,closure_update,closure,shuffle_matched_041,Red,Blue,4075,7640,5231, **,other,2,3,1.0703125,41,3083,False
g012_closure_override,12,closure_override,closure,shuffle_matched_041,Red,Blue,4075,7640,7640, Blue,conflict,3,1,-1.015625,41,3083,False
g012_exception_override,12,exception_override,closure,shuffle_matched_041,Red,Blue,4075,7640,5231, **,other,3,2,-0.9453125,41,3083,False
g015_closure_update,15,closure_update,closure,shuffle_matched_041,East,West,5571,4589,5231, **,other,2,3,1.2265625,41,3083,False
g015_closure_override,15,closure_override,closure,shuffle_matched_041,East,West,5571,4589,4589, West,conflict,3,1,-1.3359375,41,3083,False
g015_exception_override,15,exception_override,closure,shuffle_matched_041,East,West,5571,4589,5231, **,other,3,2,-0.921875,41,3083,False
g018_closure_update,18,closure_update,closure,shuffle_matched_041,Red,Blue,4075,7640,5231, **,other,2,3,0.84375,41,3083,False
g018_closure_override,18,closure_override,closure,shuffle_matched_041,Red,Blue,4075,7640,7640, Blue,conflict,3,1,-1.078125,41,3083,False
g018_exception_override,18,exception_override,closure,shuffle_matched_041,Red,Blue,4075,7640,5231, **,other,3,2,-0.5,41,3083,False
g022_closure_update,22,closure_update,closure,shuffle_matched_041,Copper,Silver,38315,15934,5231, **,other,2,3,2.0234375,41,3083,False
g022_closure_override,22,closure_override,closure,shuffle_matched_041,Copper,Silver,38315,15934,38315, Copper,clean,1,3,0.953125,41,3083,True
g022_exception_override,22,exception_override,closure,shuffle_matched_041,Copper,Silver,38315,15934,38315, Copper,clean,1,4,2.0703125,41,3083,False
g026_closure_update,26,closure_update,closure,shuffle_matched_041,North,South,4612,4316,5231, **,other,3,2,-0.1796875,41,3083,False
g026_closure_override,26,closure_override,closure,shuffle_matched_041,North,South,4612,4316,5231, **,other,2,3,0.296875,41,3083,False
g026_exception_override,26,exception_override,closure,shuffle_matched_041,North,South,4612,4316,5231, **,other,3,2,-0.125,41,3083,False
g030_closure_update,30,closure_update,closure,shuffle_matched_041,Red,Blue,4075,7640,5231, **,other,2,3,1.0625,41,3083,False
g030_closure_override,30,closure_override,closure,shuffle_matched_041,Red,Blue,4075,7640,7640, Blue,conflict,3,1,-0.4921875,41,3083,False
g030_exception_override,30,exception_override,closure,shuffle_matched_041,Red,Blue,4075,7640,5231, **,other,2,3,0.03125,41,3083,False
g031_closure_update,31,closure_update,closure,shuffle_matched_041,Green,Yellow,6724,21730,5231, **,other,2,3,2.2421875,41,3083,False
g031_closure_override,31,closure_override,closure,shuffle_matched_041,Green,Yellow,6724,21730,6724, Green,clean,1,3,0.6796875,41,3083,False
g031_exception_override,31,exception_override,closure,shuffle_matched_041,Green,Yellow,6724,21730,5231, **,other,2,3,0.1640625,41,3083,False
g033_closure_update,33,closure_update,closure,shuffle_matched_041,East,West,5571,4589,5571, East,clean,1,3,2.75,41,3083,False
g033_closure_override,33,closure_override,closure,shuffle_matched_041,East,West,5571,4589,5571, East,clean,1,3,0.671875,41,3083,False
g033_exception_override,33,exception_override,closure,shuffle_matched_041,East,West,5571,4589,5231, **,other,2,3,0.3671875,41,3083,False
g039_closure_update,39,closure_update,closure,shuffle_matched_041,East,West,5571,4589,5231, **,other,2,3,2.1875,41,3083,False
g039_closure_override,39,closure_override,closure,shuffle_matched_041,East,West,5571,4589,5571, East,clean,1,3,0.2890625,41,3083,True
g039_exception_override,39,exception_override,closure,shuffle_matched_041,East,West,5571,4589,5231, **,other,3,2,-0.1015625,41,3083,False
g040_closure_update,40,closure_update,closure,shuffle_matched_041,Copper,Silver,38315,15934,5231, **,other,2,3,2.03125,41,3083,False
g040_closure_override,40,closure_override,closure,shuffle_matched_041,Copper,Silver,38315,15934,38315, Copper,clean,1,3,1.65625,41,3083,True
g040_exception_override,40,exception_override,closure,shuffle_matched_041,Copper,Silver,38315,15934,38315, Copper,clean,1,3,2.4140625,41,3083,False
g042_closure_update,42,closure_update,closure,shuffle_matched_041,Red,Blue,4075,7640,5231, **,other,2,3,1.1640625,41,3083,False
g042_closure_override,42,closure_override,closure,shuffle_matched_041,Red,Blue,4075,7640,5231, **,other,3,2,-0.5546875,41,3083,False
g042_exception_override,42,exception_override,closure,shuffle_matched_041,Red,Blue,4075,7640,5231, **,other,3,2,-0.203125,41,3083,False
g045_closure_update,45,closure_update,closure,shuffle_matched_041,East,West,5571,4589,5231, **,other,2,4,2.953125,41,3083,False
g045_closure_override,45,closure_override,closure,shuffle_matched_041,East,West,5571,4589,5231, **,other,2,3,0.3203125,41,3083,False
g045_exception_override,45,exception_override,closure,shuffle_matched_041,East,West,5571,4589,5231, **,other,2,3,0.609375,41,3083,False
g053_closure_update,53,closure_update,closure,shuffle_matched_041,Gold,Iron,6863,17186,5231, **,other,2,3,1.734375,41,3083,False
g053_closure_override,53,closure_override,closure,shuffle_matched_041,Gold,Iron,6863,17186,5231, **,other,2,3,1.3359375,41,3083,False
g053_exception_override,53,exception_override,closure,shuffle_matched_041,Gold,Iron,6863,17186,5231, **,other,2,4,1.2890625,41,3083,False
g064_closure_update,64,closure_update,closure,shuffle_matched_041,Copper,Silver,38315,15934,5231, **,other,2,3,1.6328125,41,3083,False
g064_closure_override,64,closure_override,closure,shuffle_matched_041,Copper,Silver,38315,15934,38315, Copper,clean,1,3,1.3359375,41,3083,True
g064_exception_override,64,exception_override,closure,shuffle_matched_041,Copper,Silver,38315,15934,38315, Copper,clean,1,3,1.796875,41,3083,False
g067_closure_update,67,closure_update,closure,shuffle_matched_041,Green,Yellow,6724,21730,5231, **,other,2,3,2.1796875,41,3083,False
g067_closure_override,67,closure_override,closure,shuffle_matched_041,Green,Yellow,6724,21730,6724, Green,clean,1,3,0.8046875,41,3083,False
g067_exception_override,67,exception_override,closure,shuffle_matched_041,Green,Yellow,6724,21730,5231, **,other,2,3,0.0625,41,3083,False
g068_closure_update,68,closure_update,closure,shuffle_matched_041,North,South,4612,4316,5231, **,other,2,3,0.8203125,41,3083,False
g068_closure_override,68,closure_override,closure,shuffle_matched_041,North,South,4612,4316,5231, **,other,2,3,1.2734375,41,3083,False
g068_exception_override,68,exception_override,closure,shuffle_matched_041,North,South,4612,4316,5231, **,other,2,3,1.4140625,41,3083,False
g069_closure_update,69,closure_update,closure,shuffle_matched_041,East,West,5571,4589,5231, **,other,2,4,2.7109375,41,3083,False
g069_closure_override,69,closure_override,closure,shuffle_matched_041,East,West,5571,4589,5231, **,other,2,3,0.6875,41,3083,False
g069_exception_override,69,exception_override,closure,shuffle_matched_041,East,West,5571,4589,5231, **,other,2,3,0.5234375,41,3083,False
g073_closure_update,73,closure_update,closure,shuffle_matched_041,Green,Yellow,6724,21730,5231, **,other,2,3,1.4765625,41,3083,False
g073_closure_override,73,closure_override,closure,shuffle_matched_041,Green,Yellow,6724,21730,5231, **,other,2,3,0.1796875,41,3083,False
g073_exception_override,73,exception_override,closure,shuffle_matched_041,Green,Yellow,6724,21730,5231, **,other,2,3,0.453125,41,3083,False
g077_closure_update,77,closure_update,closure,shuffle_matched_041,Gold,Iron,6863,17186,5231, **,other,2,3,2.1015625,41,3083,False
g077_closure_override,77,closure_override,closure,shuffle_matched_041,Gold,Iron,6863,17186,5231, **,other,2,3,0.71875,41,3083,False
g077_exception_override,77,exception_override,closure,shuffle_matched_041,Gold,Iron,6863,17186,5231, **,other,2,3,0.6484375,41,3083,False
g079_closure_update,79,closure_update,closure,shuffle_matched_041,Green,Yellow,6724,21730,5231, **,other,2,3,1.3984375,41,3083,False
g079_closure_override,79,closure_override,closure,shuffle_matched_041,Green,Yellow,6724,21730,21730, Yellow,conflict,2,1,-0.203125,41,3083,False
g079_exception_override,79,exception_override,closure,shuffle_matched_041,Green,Yellow,6724,21730,5231, **,other,2,3,0.4375,41,3083,False
g080_closure_update,80,closure_update,closure,shuffle_matched_041,North,South,4612,4316,5231, **,other,2,3,0.203125,41,3083,False
g080_closure_override,80,closure_override,closure,shuffle_matched_041,North,South,4612,4316,5231, **,other,2,3,0.9140625,41,3083,False
g080_exception_override,80,exception_override,closure,shuffle_matched_041,North,South,4612,4316,5231, **,other,2,3,1.1015625,41,3083,False
g085_closure_update,85,closure_update,closure,shuffle_matched_041,Green,Yellow,6724,21730,5231, **,other,2,3,1.75,41,3083,False
g085_closure_override,85,closure_override,closure,shuffle_matched_041,Green,Yellow,6724,21730,6724, Green,clean,1,3,0.9921875,41,3083,True
g085_exception_override,85,exception_override,closure,shuffle_matched_041,Green,Yellow,6724,21730,5231, **,other,2,3,0.5546875,41,3083,False
g088_closure_update,88,closure_update,closure,shuffle_matched_041,Copper,Silver,38315,15934,5231, **,other,2,3,2.8046875,41,3083,False
g088_closure_override,88,closure_override,closure,shuffle_matched_041,Copper,Silver,38315,15934,38315, Copper,clean,1,3,1.4296875,41,3083,True
g088_exception_override,88,exception_override,closure,shuffle_matched_041,Copper,Silver,38315,15934,38315, Copper,clean,1,3,1.6953125,41,3083,False
g094_closure_update,94,closure_update,closure,shuffle_matched_041,Copper,Silver,38315,15934,5231, **,other,2,4,3.0703125,41,3083,False
g094_closure_override,94,closure_override,closure,shuffle_matched_041,Copper,Silver,38315,15934,38315, Copper,clean,1,3,1.734375,41,3083,True
g094_exception_override,94,exception_override,closure,shuffle_matched_041,Copper,Silver,38315,15934,5231, **,other,2,3,0.546875,41,3083,False
g000_closure_update,0,closure_update,closure,shuffle_matched_042,Red,Blue,4075,7640,5231, **,other,2,3,0.953125,42,3084,False
g000_closure_override,0,closure_override,closure,shuffle_matched_042,Red,Blue,4075,7640,5231, **,other,3,2,-0.7421875,42,3084,False
g000_exception_override,0,exception_override,closure,shuffle_matched_042,Red,Blue,4075,7640,5231, **,other,3,2,-0.625,42,3084,False
g004_closure_update,4,closure_update,closure,shuffle_matched_042,Copper,Silver,38315,15934,5231, **,other,2,3,2.4765625,42,3084,False
g004_closure_override,4,closure_override,closure,shuffle_matched_042,Copper,Silver,38315,15934,38315, Copper,clean,1,3,1.9765625,42,3084,False
g004_exception_override,4,exception_override,closure,shuffle_matched_042,Copper,Silver,38315,15934,38315, Copper,clean,1,3,2.0859375,42,3084,False
g009_closure_update,9,closure_update,closure,shuffle_matched_042,East,West,5571,4589,5231, **,other,2,3,2.875,42,3084,False
g009_closure_override,9,closure_override,closure,shuffle_matched_042,East,West,5571,4589,5231, **,other,2,3,0.421875,42,3084,False
g009_exception_override,9,exception_override,closure,shuffle_matched_042,East,West,5571,4589,5231, **,other,2,3,0.90625,42,3084,False
g010_closure_update,10,closure_update,closure,shuffle_matched_042,Copper,Silver,38315,15934,5231, **,other,2,4,3.296875,42,3084,False
g010_closure_override,10,closure_override,closure,shuffle_matched_042,Copper,Silver,38315,15934,38315, Copper,clean,1,3,1.78125,42,3084,False
g010_exception_override,10,exception_override,closure,shuffle_matched_042,Copper,Silver,38315,15934,5231, **,other,2,3,1.3046875,42,3084,False
g011_closure_update,11,closure_update,closure,shuffle_matched_042,Gold,Iron,6863,17186,5231, **,other,2,3,2.1328125,42,3084,False
g011_closure_override,11,closure_override,closure,shuffle_matched_042,Gold,Iron,6863,17186,5231, **,other,2,3,0.21875,42,3084,False
g011_exception_override,11,exception_override,closure,shuffle_matched_042,Gold,Iron,6863,17186,17186, Iron,conflict,3,1,-0.8359375,42,3084,False
g012_closure_update,12,closure_update,closure,shuffle_matched_042,Red,Blue,4075,7640,5231, **,other,2,3,1.0703125,42,3084,False
g012_closure_override,12,closure_override,closure,shuffle_matched_042,Red,Blue,4075,7640,5231, **,other,3,1,-1.015625,42,3084,False
g012_exception_override,12,exception_override,closure,shuffle_matched_042,Red,Blue,4075,7640,5231, **,other,3,2,-0.9609375,42,3084,False
g015_closure_update,15,closure_update,closure,shuffle_matched_042,East,West,5571,4589,5231, **,other,2,3,1.2265625,42,3084,False
g015_closure_override,15,closure_override,closure,shuffle_matched_042,East,West,5571,4589,4589, West,conflict,3,1,-1.359375,42,3084,False
g015_exception_override,15,exception_override,closure,shuffle_matched_042,East,West,5571,4589,5231, **,other,3,2,-1.3828125,42,3084,False
g018_closure_update,18,closure_update,closure,shuffle_matched_042,Red,Blue,4075,7640,5231, **,other,2,3,0.84375,42,3084,False
g018_closure_override,18,closure_override,closure,shuffle_matched_042,Red,Blue,4075,7640,7640, Blue,conflict,3,1,-1.078125,42,3084,False
g018_exception_override,18,exception_override,closure,shuffle_matched_042,Red,Blue,4075,7640,5231, **,other,3,2,-0.453125,42,3084,False
g022_closure_update,22,closure_update,closure,shuffle_matched_042,Copper,Silver,38315,15934,5231, **,other,2,3,2.0234375,42,3084,False
g022_closure_override,22,closure_override,closure,shuffle_matched_042,Copper,Silver,38315,15934,38315, Copper,clean,1,3,0.96875,42,3084,True
g022_exception_override,22,exception_override,closure,shuffle_matched_042,Copper,Silver,38315,15934,5231, **,other,2,3,0.3046875,42,3084,False
g026_closure_update,26,closure_update,closure,shuffle_matched_042,North,South,4612,4316,5231, **,other,3,2,-0.1796875,42,3084,False
g026_closure_override,26,closure_override,closure,shuffle_matched_042,North,South,4612,4316,5231, **,other,2,3,0.3359375,42,3084,False
g026_exception_override,26,exception_override,closure,shuffle_matched_042,North,South,4612,4316,5231, **,other,2,3,0.7890625,42,3084,False
g030_closure_update,30,closure_update,closure,shuffle_matched_042,Red,Blue,4075,7640,5231, **,other,2,3,1.0625,42,3084,False
g030_closure_override,30,closure_override,closure,shuffle_matched_042,Red,Blue,4075,7640,7640, Blue,conflict,3,1,-0.8359375,42,3084,False
g030_exception_override,30,exception_override,closure,shuffle_matched_042,Red,Blue,4075,7640,5231, **,other,2,3,0.1328125,42,3084,False
g031_closure_update,31,closure_update,closure,shuffle_matched_042,Green,Yellow,6724,21730,5231, **,other,2,3,2.171875,42,3084,False
g031_closure_override,31,closure_override,closure,shuffle_matched_042,Green,Yellow,6724,21730,6724, Green,clean,1,3,0.6796875,42,3084,False
g031_exception_override,31,exception_override,closure,shuffle_matched_042,Green,Yellow,6724,21730,6724, Green,clean,1,3,1.21875,42,3084,False
g033_closure_update,33,closure_update,closure,shuffle_matched_042,East,West,5571,4589,5571, East,clean,1,3,2.75,42,3084,False
g033_closure_override,33,closure_override,closure,shuffle_matched_042,East,West,5571,4589,5571, East,clean,1,3,0.8125,42,3084,False
g033_exception_override,33,exception_override,closure,shuffle_matched_042,East,West,5571,4589,5231, **,other,2,3,0.453125,42,3084,False
g039_closure_update,39,closure_update,closure,shuffle_matched_042,East,West,5571,4589,5231, **,other,2,3,2.1875,42,3084,False
g039_closure_override,39,closure_override,closure,shuffle_matched_042,East,West,5571,4589,5231, **,other,2,3,0.578125,42,3084,False
g039_exception_override,39,exception_override,closure,shuffle_matched_042,East,West,5571,4589,5231, **,other,3,2,-0.03125,42,3084,False
g040_closure_update,40,closure_update,closure,shuffle_matched_042,Copper,Silver,38315,15934,5231, **,other,2,3,2.03125,42,3084,False
g040_closure_override,40,closure_override,closure,shuffle_matched_042,Copper,Silver,38315,15934,38315, Copper,clean,1,3,1.5859375,42,3084,True
g040_exception_override,40,exception_override,closure,shuffle_matched_042,Copper,Silver,38315,15934,38315, Copper,clean,1,5,3.125,42,3084,False
g042_closure_update,42,closure_update,closure,shuffle_matched_042,Red,Blue,4075,7640,5231, **,other,2,3,1.1640625,42,3084,False
g042_closure_override,42,closure_override,closure,shuffle_matched_042,Red,Blue,4075,7640,5231, **,other,3,2,-0.65625,42,3084,False
g042_exception_override,42,exception_override,closure,shuffle_matched_042,Red,Blue,4075,7640,5231, **,other,3,2,-0.890625,42,3084,False
g045_closure_update,45,closure_update,closure,shuffle_matched_042,East,West,5571,4589,5231, **,other,2,4,2.953125,42,3084,False
g045_closure_override,45,closure_override,closure,shuffle_matched_042,East,West,5571,4589,5231, **,other,2,3,0.765625,42,3084,False
g045_exception_override,45,exception_override,closure,shuffle_matched_042,East,West,5571,4589,5231, **,other,2,3,0.5859375,42,3084,False
g053_closure_update,53,closure_update,closure,shuffle_matched_042,Gold,Iron,6863,17186,5231, **,other,2,3,1.734375,42,3084,False
g053_closure_override,53,closure_override,closure,shuffle_matched_042,Gold,Iron,6863,17186,5231, **,other,2,3,1.3359375,42,3084,False
g053_exception_override,53,exception_override,closure,shuffle_matched_042,Gold,Iron,6863,17186,5231, **,other,2,3,0.4296875,42,3084,False
g064_closure_update,64,closure_update,closure,shuffle_matched_042,Copper,Silver,38315,15934,5231, **,other,2,3,1.6328125,42,3084,False
g064_closure_override,64,closure_override,closure,shuffle_matched_042,Copper,Silver,38315,15934,38315, Copper,clean,1,3,1.703125,42,3084,True
g064_exception_override,64,exception_override,closure,shuffle_matched_042,Copper,Silver,38315,15934,38315, Copper,clean,1,3,2.1484375,42,3084,False
g067_closure_update,67,closure_update,closure,shuffle_matched_042,Green,Yellow,6724,21730,5231, **,other,2,3,2.171875,42,3084,False
g067_closure_override,67,closure_override,closure,shuffle_matched_042,Green,Yellow,6724,21730,5231, **,other,1,3,0.84375,42,3084,False
g067_exception_override,67,exception_override,closure,shuffle_matched_042,Green,Yellow,6724,21730,5231, **,other,2,3,0.9921875,42,3084,False
g068_closure_update,68,closure_update,closure,shuffle_matched_042,North,South,4612,4316,5231, **,other,2,3,0.8203125,42,3084,False
g068_closure_override,68,closure_override,closure,shuffle_matched_042,North,South,4612,4316,4612, North,clean,1,3,1.328125,42,3084,True
g068_exception_override,68,exception_override,closure,shuffle_matched_042,North,South,4612,4316,5231, **,other,2,3,1.4375,42,3084,False
g069_closure_update,69,closure_update,closure,shuffle_matched_042,East,West,5571,4589,5231, **,other,2,4,2.7109375,42,3084,False
g069_closure_override,69,closure_override,closure,shuffle_matched_042,East,West,5571,4589,5231, **,other,2,3,0.4609375,42,3084,False
g069_exception_override,69,exception_override,closure,shuffle_matched_042,East,West,5571,4589,5231, **,other,2,3,0.46875,42,3084,False
g073_closure_update,73,closure_update,closure,shuffle_matched_042,Green,Yellow,6724,21730,5231, **,other,2,3,1.4609375,42,3084,False
g073_closure_override,73,closure_override,closure,shuffle_matched_042,Green,Yellow,6724,21730,5231, **,other,3,2,-0.2578125,42,3084,False
g073_exception_override,73,exception_override,closure,shuffle_matched_042,Green,Yellow,6724,21730,5231, **,other,2,3,0.3828125,42,3084,False
g077_closure_update,77,closure_update,closure,shuffle_matched_042,Gold,Iron,6863,17186,5231, **,other,2,3,2.1015625,42,3084,False
g077_closure_override,77,closure_override,closure,shuffle_matched_042,Gold,Iron,6863,17186,5231, **,other,2,3,0.734375,42,3084,False
g077_exception_override,77,exception_override,closure,shuffle_matched_042,Gold,Iron,6863,17186,5231, **,other,2,3,0.125,42,3084,False
g079_closure_update,79,closure_update,closure,shuffle_matched_042,Green,Yellow,6724,21730,5231, **,other,2,3,1.3984375,42,3084,False
g079_closure_override,79,closure_override,closure,shuffle_matched_042,Green,Yellow,6724,21730,21730, Yellow,conflict,2,1,-0.1875,42,3084,False
g079_exception_override,79,exception_override,closure,shuffle_matched_042,Green,Yellow,6724,21730,5231, **,other,3,2,-0.5234375,42,3084,False
g080_closure_update,80,closure_update,closure,shuffle_matched_042,North,South,4612,4316,5231, **,other,2,3,0.203125,42,3084,False
g080_closure_override,80,closure_override,closure,shuffle_matched_042,North,South,4612,4316,4612, North,clean,1,3,0.9453125,42,3084,True
g080_exception_override,80,exception_override,closure,shuffle_matched_042,North,South,4612,4316,5231, **,other,2,3,1.125,42,3084,False
g085_closure_update,85,closure_update,closure,shuffle_matched_042,Green,Yellow,6724,21730,5231, **,other,2,3,1.75,42,3084,False
g085_closure_override,85,closure_override,closure,shuffle_matched_042,Green,Yellow,6724,21730,5231, **,other,1,3,0.828125,42,3084,False
g085_exception_override,85,exception_override,closure,shuffle_matched_042,Green,Yellow,6724,21730,5231, **,other,2,3,0.390625,42,3084,False
g088_closure_update,88,closure_update,closure,shuffle_matched_042,Copper,Silver,38315,15934,5231, **,other,2,3,2.8046875,42,3084,False
g088_closure_override,88,closure_override,closure,shuffle_matched_042,Copper,Silver,38315,15934,38315, Copper,clean,1,3,1.9140625,42,3084,True
g088_exception_override,88,exception_override,closure,shuffle_matched_042,Copper,Silver,38315,15934,38315, Copper,clean,1,3,1.7109375,42,3084,False
g094_closure_update,94,closure_update,closure,shuffle_matched_042,Copper,Silver,38315,15934,5231, **,other,2,4,3.0703125,42,3084,False
g094_closure_override,94,closure_override,closure,shuffle_matched_042,Copper,Silver,38315,15934,38315, Copper,clean,1,3,1.4453125,42,3084,True
g094_exception_override,94,exception_override,closure,shuffle_matched_042,Copper,Silver,38315,15934,38315, Copper,clean,1,3,1.7421875,42,3084,False
g000_closure_update,0,closure_update,closure,shuffle_matched_043,Red,Blue,4075,7640,5231, **,other,2,3,0.953125,43,3085,False
g000_closure_override,0,closure_override,closure,shuffle_matched_043,Red,Blue,4075,7640,5231, **,other,3,2,-0.84375,43,3085,False
g000_exception_override,0,exception_override,closure,shuffle_matched_043,Red,Blue,4075,7640,5231, **,other,3,2,-0.8203125,43,3085,False
g004_closure_update,4,closure_update,closure,shuffle_matched_043,Copper,Silver,38315,15934,5231, **,other,2,3,2.4765625,43,3085,False
g004_closure_override,4,closure_override,closure,shuffle_matched_043,Copper,Silver,38315,15934,38315, Copper,clean,1,3,2.296875,43,3085,False
g004_exception_override,4,exception_override,closure,shuffle_matched_043,Copper,Silver,38315,15934,5231, **,other,2,3,0.7421875,43,3085,False
g009_closure_update,9,closure_update,closure,shuffle_matched_043,East,West,5571,4589,5231, **,other,2,3,2.875,43,3085,False
g009_closure_override,9,closure_override,closure,shuffle_matched_043,East,West,5571,4589,5231, **,other,2,3,0.265625,43,3085,False
g009_exception_override,9,exception_override,closure,shuffle_matched_043,East,West,5571,4589,5231, **,other,2,3,0.296875,43,3085,False
g010_closure_update,10,closure_update,closure,shuffle_matched_043,Copper,Silver,38315,15934,5231, **,other,2,4,3.296875,43,3085,False
g010_closure_override,10,closure_override,closure,shuffle_matched_043,Copper,Silver,38315,15934,38315, Copper,clean,1,3,1.8359375,43,3085,False
g010_exception_override,10,exception_override,closure,shuffle_matched_043,Copper,Silver,38315,15934,38315, Copper,clean,1,3,1.171875,43,3085,False
g011_closure_update,11,closure_update,closure,shuffle_matched_043,Gold,Iron,6863,17186,5231, **,other,2,3,2.1328125,43,3085,False
g011_closure_override,11,closure_override,closure,shuffle_matched_043,Gold,Iron,6863,17186,5231, **,other,2,3,0.21875,43,3085,False
g011_exception_override,11,exception_override,closure,shuffle_matched_043,Gold,Iron,6863,17186,17186, Iron,conflict,3,1,-0.8359375,43,3085,False
g012_closure_update,12,closure_update,closure,shuffle_matched_043,Red,Blue,4075,7640,5231, **,other,2,3,1.0703125,43,3085,False
g012_closure_override,12,closure_override,closure,shuffle_matched_043,Red,Blue,4075,7640,5231, **,other,3,2,-0.828125,43,3085,False
g012_exception_override,12,exception_override,closure,shuffle_matched_043,Red,Blue,4075,7640,5231, **,other,3,2,-0.96875,43,3085,False
g015_closure_update,15,closure_update,closure,shuffle_matched_043,East,West,5571,4589,5231, **,other,2,3,1.2265625,43,3085,False
g015_closure_override,15,closure_override,closure,shuffle_matched_043,East,West,5571,4589,5231, **,other,3,2,-1.1953125,43,3085,False
g015_exception_override,15,exception_override,closure,shuffle_matched_043,East,West,5571,4589,5231, **,other,3,2,-1.359375,43,3085,False
g018_closure_update,18,closure_update,closure,shuffle_matched_043,Red,Blue,4075,7640,5231, **,other,2,3,0.84375,43,3085,False
g018_closure_override,18,closure_override,closure,shuffle_matched_043,Red,Blue,4075,7640,5231, **,other,3,2,-0.890625,43,3085,False
g018_exception_override,18,exception_override,closure,shuffle_matched_043,Red,Blue,4075,7640,5231, **,other,3,2,-0.5,43,3085,False
g022_closure_update,22,closure_update,closure,shuffle_matched_043,Copper,Silver,38315,15934,5231, **,other,2,3,2.0234375,43,3085,False
g022_closure_override,22,closure_override,closure,shuffle_matched_043,Copper,Silver,38315,15934,38315, Copper,clean,1,3,0.984375,43,3085,True
g022_exception_override,22,exception_override,closure,shuffle_matched_043,Copper,Silver,38315,15934,38315, Copper,clean,1,4,2.1015625,43,3085,False
g026_closure_update,26,closure_update,closure,shuffle_matched_043,North,South,4612,4316,5231, **,other,3,2,-0.1796875,43,3085,False
g026_closure_override,26,closure_override,closure,shuffle_matched_043,North,South,4612,4316,5231, **,other,2,3,0.1640625,43,3085,False
g026_exception_override,26,exception_override,closure,shuffle_matched_043,North,South,4612,4316,5231, **,other,2,3,0.7890625,43,3085,False
g030_closure_update,30,closure_update,closure,shuffle_matched_043,Red,Blue,4075,7640,5231, **,other,2,3,1.03125,43,3085,False
g030_closure_override,30,closure_override,closure,shuffle_matched_043,Red,Blue,4075,7640,5231, **,other,3,2,-0.546875,43,3085,False
g030_exception_override,30,exception_override,closure,shuffle_matched_043,Red,Blue,4075,7640,5231, **,other,2,3,0.1328125,43,3085,False
g031_closure_update,31,closure_update,closure,shuffle_matched_043,Green,Yellow,6724,21730,5231, **,other,2,3,2.2421875,43,3085,False
g031_closure_override,31,closure_override,closure,shuffle_matched_043,Green,Yellow,6724,21730,6724, Green,clean,1,3,0.6796875,43,3085,False
g031_exception_override,31,exception_override,closure,shuffle_matched_043,Green,Yellow,6724,21730,5231, **,other,2,3,0.1640625,43,3085,False
g033_closure_update,33,closure_update,closure,shuffle_matched_043,East,West,5571,4589,5571, East,clean,1,3,2.75,43,3085,False
g033_closure_override,33,closure_override,closure,shuffle_matched_043,East,West,5571,4589,5571, East,clean,1,3,0.5234375,43,3085,False
g033_exception_override,33,exception_override,closure,shuffle_matched_043,East,West,5571,4589,5231, **,other,2,3,0.453125,43,3085,False
g039_closure_update,39,closure_update,closure,shuffle_matched_043,East,West,5571,4589,5231, **,other,2,3,2.1875,43,3085,False
g039_closure_override,39,closure_override,closure,shuffle_matched_043,East,West,5571,4589,5231, **,other,2,3,0.578125,43,3085,False
g039_exception_override,39,exception_override,closure,shuffle_matched_043,East,West,5571,4589,5231, **,other,3,2,-0.0703125,43,3085,False
g040_closure_update,40,closure_update,closure,shuffle_matched_043,Copper,Silver,38315,15934,5231, **,other,2,3,2.03125,43,3085,False
g040_closure_override,40,closure_override,closure,shuffle_matched_043,Copper,Silver,38315,15934,38315, Copper,clean,1,3,1.328125,43,3085,True
g040_exception_override,40,exception_override,closure,shuffle_matched_043,Copper,Silver,38315,15934,38315, Copper,clean,1,3,2.375,43,3085,False
g042_closure_update,42,closure_update,closure,shuffle_matched_043,Red,Blue,4075,7640,5231, **,other,2,3,1.1640625,43,3085,False
g042_closure_override,42,closure_override,closure,shuffle_matched_043,Red,Blue,4075,7640,5231, **,other,3,2,-0.3359375,43,3085,False
g042_exception_override,42,exception_override,closure,shuffle_matched_043,Red,Blue,4075,7640,5231, **,other,3,2,-0.890625,43,3085,False
g045_closure_update,45,closure_update,closure,shuffle_matched_043,East,West,5571,4589,5231, **,other,2,4,2.953125,43,3085,False
g045_closure_override,45,closure_override,closure,shuffle_matched_043,East,West,5571,4589,5231, **,other,2,3,0.78125,43,3085,False
g045_exception_override,45,exception_override,closure,shuffle_matched_043,East,West,5571,4589,5231, **,other,2,3,1.0234375,43,3085,False
g053_closure_update,53,closure_update,closure,shuffle_matched_043,Gold,Iron,6863,17186,5231, **,other,2,3,1.734375,43,3085,False
g053_closure_override,53,closure_override,closure,shuffle_matched_043,Gold,Iron,6863,17186,5231, **,other,2,3,1.1171875,43,3085,False
g053_exception_override,53,exception_override,closure,shuffle_matched_043,Gold,Iron,6863,17186,5231, **,other,2,3,0.4296875,43,3085,False
g064_closure_update,64,closure_update,closure,shuffle_matched_043,Copper,Silver,38315,15934,5231, **,other,2,3,1.6328125,43,3085,False
g064_closure_override,64,closure_override,closure,shuffle_matched_043,Copper,Silver,38315,15934,38315, Copper,clean,1,3,1.703125,43,3085,True
g064_exception_override,64,exception_override,closure,shuffle_matched_043,Copper,Silver,38315,15934,38315, Copper,clean,1,3,1.765625,43,3085,False
g067_closure_update,67,closure_update,closure,shuffle_matched_043,Green,Yellow,6724,21730,5231, **,other,2,3,2.171875,43,3085,False
g067_closure_override,67,closure_override,closure,shuffle_matched_043,Green,Yellow,6724,21730,6724, Green,clean,1,3,0.6875,43,3085,False
g067_exception_override,67,exception_override,closure,shuffle_matched_043,Green,Yellow,6724,21730,6724, Green,clean,1,3,1.234375,43,3085,False
g068_closure_update,68,closure_update,closure,shuffle_matched_043,North,South,4612,4316,5231, **,other,2,3,0.8203125,43,3085,False
g068_closure_override,68,closure_override,closure,shuffle_matched_043,North,South,4612,4316,4612, North,clean,1,3,1.3125,43,3085,True
g068_exception_override,68,exception_override,closure,shuffle_matched_043,North,South,4612,4316,4612, North,clean,1,3,1.7578125,43,3085,False
g069_closure_update,69,closure_update,closure,shuffle_matched_043,East,West,5571,4589,5231, **,other,2,4,2.7109375,43,3085,False
g069_closure_override,69,closure_override,closure,shuffle_matched_043,East,West,5571,4589,5231, **,other,2,3,0.71875,43,3085,False
g069_exception_override,69,exception_override,closure,shuffle_matched_043,East,West,5571,4589,5231, **,other,2,3,0.484375,43,3085,False
g073_closure_update,73,closure_update,closure,shuffle_matched_043,Green,Yellow,6724,21730,5231, **,other,2,3,1.4609375,43,3085,False
g073_closure_override,73,closure_override,closure,shuffle_matched_043,Green,Yellow,6724,21730,5231, **,other,2,3,0.21875,43,3085,False
g073_exception_override,73,exception_override,closure,shuffle_matched_043,Green,Yellow,6724,21730,5231, **,other,2,3,0.453125,43,3085,False
g077_closure_update,77,closure_update,closure,shuffle_matched_043,Gold,Iron,6863,17186,5231, **,other,2,3,2.1015625,43,3085,False
g077_closure_override,77,closure_override,closure,shuffle_matched_043,Gold,Iron,6863,17186,5231, **,other,2,3,0.71875,43,3085,False
g077_exception_override,77,exception_override,closure,shuffle_matched_043,Gold,Iron,6863,17186,5231, **,other,2,3,0.875,43,3085,False
g079_closure_update,79,closure_update,closure,shuffle_matched_043,Green,Yellow,6724,21730,5231, **,other,2,3,1.3984375,43,3085,False
g079_closure_override,79,closure_override,closure,shuffle_matched_043,Green,Yellow,6724,21730,5231, **,other,2,3,0.0234375,43,3085,False
g079_exception_override,79,exception_override,closure,shuffle_matched_043,Green,Yellow,6724,21730,5231, **,other,3,2,-0.5234375,43,3085,False
g080_closure_update,80,closure_update,closure,shuffle_matched_043,North,South,4612,4316,5231, **,other,2,3,0.203125,43,3085,False
g080_closure_override,80,closure_override,closure,shuffle_matched_043,North,South,4612,4316,4612, North,clean,1,3,0.9453125,43,3085,True
g080_exception_override,80,exception_override,closure,shuffle_matched_043,North,South,4612,4316,5231, **,other,2,3,1.125,43,3085,False
g085_closure_update,85,closure_update,closure,shuffle_matched_043,Green,Yellow,6724,21730,5231, **,other,2,3,1.734375,43,3085,False
g085_closure_override,85,closure_override,closure,shuffle_matched_043,Green,Yellow,6724,21730,6724, Green,clean,1,3,0.859375,43,3085,True
g085_exception_override,85,exception_override,closure,shuffle_matched_043,Green,Yellow,6724,21730,5231, **,other,2,3,0.546875,43,3085,False
g088_closure_update,88,closure_update,closure,shuffle_matched_043,Copper,Silver,38315,15934,5231, **,other,2,3,2.8046875,43,3085,False
g088_closure_override,88,closure_override,closure,shuffle_matched_043,Copper,Silver,38315,15934,38315, Copper,clean,1,3,2.140625,43,3085,True
g088_exception_override,88,exception_override,closure,shuffle_matched_043,Copper,Silver,38315,15934,38315, Copper,clean,1,3,1.6953125,43,3085,False
g094_closure_update,94,closure_update,closure,shuffle_matched_043,Copper,Silver,38315,15934,5231, **,other,2,4,3.0703125,43,3085,False
g094_closure_override,94,closure_override,closure,shuffle_matched_043,Copper,Silver,38315,15934,38315, Copper,clean,1,3,1.6171875,43,3085,True
g094_exception_override,94,exception_override,closure,shuffle_matched_043,Copper,Silver,38315,15934,38315, Copper,clean,1,3,1.7578125,43,3085,False
g000_closure_update,0,closure_update,closure,shuffle_matched_044,Red,Blue,4075,7640,5231, **,other,2,3,0.9375,44,3086,False
g000_closure_override,0,closure_override,closure,shuffle_matched_044,Red,Blue,4075,7640,5231, **,other,3,2,-0.703125,44,3086,False
g000_exception_override,0,exception_override,closure,shuffle_matched_044,Red,Blue,4075,7640,5231, **,other,3,2,-0.8515625,44,3086,False
g004_closure_update,4,closure_update,closure,shuffle_matched_044,Copper,Silver,38315,15934,5231, **,other,2,3,2.4765625,44,3086,False
g004_closure_override,4,closure_override,closure,shuffle_matched_044,Copper,Silver,38315,15934,38315, Copper,clean,1,3,2.3046875,44,3086,False
g004_exception_override,4,exception_override,closure,shuffle_matched_044,Copper,Silver,38315,15934,38315, Copper,clean,1,3,2.0859375,44,3086,False
g009_closure_update,9,closure_update,closure,shuffle_matched_044,East,West,5571,4589,5231, **,other,2,3,2.875,44,3086,False
g009_closure_override,9,closure_override,closure,shuffle_matched_044,East,West,5571,4589,5231, **,other,2,3,0.140625,44,3086,False
g009_exception_override,9,exception_override,closure,shuffle_matched_044,East,West,5571,4589,5231, **,other,2,3,0.046875,44,3086,False
g010_closure_update,10,closure_update,closure,shuffle_matched_044,Copper,Silver,38315,15934,5231, **,other,2,4,3.296875,44,3086,False
g010_closure_override,10,closure_override,closure,shuffle_matched_044,Copper,Silver,38315,15934,38315, Copper,clean,1,3,1.4921875,44,3086,False
g010_exception_override,10,exception_override,closure,shuffle_matched_044,Copper,Silver,38315,15934,38315, Copper,clean,1,3,1.0625,44,3086,False
g011_closure_update,11,closure_update,closure,shuffle_matched_044,Gold,Iron,6863,17186,5231, **,other,2,3,2.1328125,44,3086,False
g011_closure_override,11,closure_override,closure,shuffle_matched_044,Gold,Iron,6863,17186,5231, **,other,2,3,0.4765625,44,3086,False
g011_exception_override,11,exception_override,closure,shuffle_matched_044,Gold,Iron,6863,17186,17186, Iron,conflict,3,1,-0.59375,44,3086,False
g012_closure_update,12,closure_update,closure,shuffle_matched_044,Red,Blue,4075,7640,5231, **,other,2,3,1.0703125,44,3086,False
g012_closure_override,12,closure_override,closure,shuffle_matched_044,Red,Blue,4075,7640,7640, Blue,conflict,3,1,-1.015625,44,3086,False
g012_exception_override,12,exception_override,closure,shuffle_matched_044,Red,Blue,4075,7640,5231, **,other,3,2,-0.796875,44,3086,False
g015_closure_update,15,closure_update,closure,shuffle_matched_044,East,West,5571,4589,5231, **,other,2,3,1.2265625,44,3086,False
g015_closure_override,15,closure_override,closure,shuffle_matched_044,East,West,5571,4589,4589, West,conflict,3,1,-1.3359375,44,3086,False
g015_exception_override,15,exception_override,closure,shuffle_matched_044,East,West,5571,4589,5231, **,other,3,2,-1.3359375,44,3086,False
g018_closure_update,18,closure_update,closure,shuffle_matched_044,Red,Blue,4075,7640,5231, **,other,2,3,0.84375,44,3086,False
g018_closure_override,18,closure_override,closure,shuffle_matched_044,Red,Blue,4075,7640,5231, **,other,3,2,-0.890625,44,3086,False
g018_exception_override,18,exception_override,closure,shuffle_matched_044,Red,Blue,4075,7640,5231, **,other,3,2,-1.2734375,44,3086,False
g022_closure_update,22,closure_update,closure,shuffle_matched_044,Copper,Silver,38315,15934,5231, **,other,2,3,2.0234375,44,3086,False
g022_closure_override,22,closure_override,closure,shuffle_matched_044,Copper,Silver,38315,15934,38315, Copper,clean,1,3,0.953125,44,3086,True
g022_exception_override,22,exception_override,closure,shuffle_matched_044,Copper,Silver,38315,15934,38315, Copper,clean,1,3,1.5625,44,3086,False
g026_closure_update,26,closure_update,closure,shuffle_matched_044,North,South,4612,4316,5231, **,other,3,2,-0.1796875,44,3086,False
g026_closure_override,26,closure_override,closure,shuffle_matched_044,North,South,4612,4316,5231, **,other,2,3,0.3984375,44,3086,False
g026_exception_override,26,exception_override,closure,shuffle_matched_044,North,South,4612,4316,5231, **,other,2,3,1.0,44,3086,False
g030_closure_update,30,closure_update,closure,shuffle_matched_044,Red,Blue,4075,7640,5231, **,other,2,3,1.03125,44,3086,False
g030_closure_override,30,closure_override,closure,shuffle_matched_044,Red,Blue,4075,7640,7640, Blue,conflict,3,1,-0.7890625,44,3086,False
g030_exception_override,30,exception_override,closure,shuffle_matched_044,Red,Blue,4075,7640,5231, **,other,2,3,0.1328125,44,3086,False
g031_closure_update,31,closure_update,closure,shuffle_matched_044,Green,Yellow,6724,21730,5231, **,other,2,3,2.2421875,44,3086,False
g031_closure_override,31,closure_override,closure,shuffle_matched_044,Green,Yellow,6724,21730,5231, **,other,1,3,0.8203125,44,3086,False
g031_exception_override,31,exception_override,closure,shuffle_matched_044,Green,Yellow,6724,21730,5231, **,other,2,3,1.1875,44,3086,False
g033_closure_update,33,closure_update,closure,shuffle_matched_044,East,West,5571,4589,5571, East,clean,1,3,2.75,44,3086,False
g033_closure_override,33,closure_override,closure,shuffle_matched_044,East,West,5571,4589,5571, East,clean,1,3,0.8125,44,3086,False
g033_exception_override,33,exception_override,closure,shuffle_matched_044,East,West,5571,4589,5231, **,other,2,3,0.3671875,44,3086,False
g039_closure_update,39,closure_update,closure,shuffle_matched_044,East,West,5571,4589,5231, **,other,2,3,2.1875,44,3086,False
g039_closure_override,39,closure_override,closure,shuffle_matched_044,East,West,5571,4589,5231, **,other,2,3,0.578125,44,3086,False
g039_exception_override,39,exception_override,closure,shuffle_matched_044,East,West,5571,4589,5231, **,other,2,3,0.421875,44,3086,False
g040_closure_update,40,closure_update,closure,shuffle_matched_044,Copper,Silver,38315,15934,5231, **,other,2,3,2.03125,44,3086,False
g040_closure_override,40,closure_override,closure,shuffle_matched_044,Copper,Silver,38315,15934,38315, Copper,clean,1,3,1.3125,44,3086,True
g040_exception_override,40,exception_override,closure,shuffle_matched_044,Copper,Silver,38315,15934,5231, **,other,2,3,0.875,44,3086,False
g042_closure_update,42,closure_update,closure,shuffle_matched_044,Red,Blue,4075,7640,5231, **,other,2,3,1.1640625,44,3086,False
g042_closure_override,42,closure_override,closure,shuffle_matched_044,Red,Blue,4075,7640,5231, **,other,3,1,-0.734375,44,3086,False
g042_exception_override,42,exception_override,closure,shuffle_matched_044,Red,Blue,4075,7640,5231, **,other,3,2,-0.03125,44,3086,False
g045_closure_update,45,closure_update,closure,shuffle_matched_044,East,West,5571,4589,5231, **,other,2,4,2.953125,44,3086,False
g045_closure_override,45,closure_override,closure,shuffle_matched_044,East,West,5571,4589,5231, **,other,2,3,0.3203125,44,3086,False
g045_exception_override,45,exception_override,closure,shuffle_matched_044,East,West,5571,4589,5231, **,other,2,3,1.046875,44,3086,False
g053_closure_update,53,closure_update,closure,shuffle_matched_044,Gold,Iron,6863,17186,5231, **,other,2,3,1.734375,44,3086,False
g053_closure_override,53,closure_override,closure,shuffle_matched_044,Gold,Iron,6863,17186,5231, **,other,1,3,1.4375,44,3086,False
g053_exception_override,53,exception_override,closure,shuffle_matched_044,Gold,Iron,6863,17186,5231, **,other,2,3,0.9609375,44,3086,False
g064_closure_update,64,closure_update,closure,shuffle_matched_044,Copper,Silver,38315,15934,5231, **,other,2,3,1.6328125,44,3086,False
g064_closure_override,64,closure_override,closure,shuffle_matched_044,Copper,Silver,38315,15934,38315, Copper,clean,1,3,1.921875,44,3086,True
g064_exception_override,64,exception_override,closure,shuffle_matched_044,Copper,Silver,38315,15934,38315, Copper,clean,1,3,2.390625,44,3086,False
g067_closure_update,67,closure_update,closure,shuffle_matched_044,Green,Yellow,6724,21730,5231, **,other,2,3,2.171875,44,3086,False
g067_closure_override,67,closure_override,closure,shuffle_matched_044,Green,Yellow,6724,21730,6724, Green,clean,1,3,0.703125,44,3086,False
g067_exception_override,67,exception_override,closure,shuffle_matched_044,Green,Yellow,6724,21730,5231, **,other,2,3,0.03125,44,3086,False
g068_closure_update,68,closure_update,closure,shuffle_matched_044,North,South,4612,4316,5231, **,other,2,3,0.8203125,44,3086,False
g068_closure_override,68,closure_override,closure,shuffle_matched_044,North,South,4612,4316,5231, **,other,2,3,1.2578125,44,3086,False
g068_exception_override,68,exception_override,closure,shuffle_matched_044,North,South,4612,4316,5231, **,other,2,3,1.4375,44,3086,False
g069_closure_update,69,closure_update,closure,shuffle_matched_044,East,West,5571,4589,5231, **,other,2,4,2.7109375,44,3086,False
g069_closure_override,69,closure_override,closure,shuffle_matched_044,East,West,5571,4589,5231, **,other,2,3,0.59375,44,3086,False
g069_exception_override,69,exception_override,closure,shuffle_matched_044,East,West,5571,4589,5231, **,other,2,3,0.546875,44,3086,False
g073_closure_update,73,closure_update,closure,shuffle_matched_044,Green,Yellow,6724,21730,5231, **,other,2,3,1.4765625,44,3086,False
g073_closure_override,73,closure_override,closure,shuffle_matched_044,Green,Yellow,6724,21730,5231, **,other,2,3,0.1640625,44,3086,False
g073_exception_override,73,exception_override,closure,shuffle_matched_044,Green,Yellow,6724,21730,5231, **,other,2,3,0.3515625,44,3086,False
g077_closure_update,77,closure_update,closure,shuffle_matched_044,Gold,Iron,6863,17186,5231, **,other,2,3,2.1015625,44,3086,False
g077_closure_override,77,closure_override,closure,shuffle_matched_044,Gold,Iron,6863,17186,5231, **,other,2,3,0.609375,44,3086,False
g077_exception_override,77,exception_override,closure,shuffle_matched_044,Gold,Iron,6863,17186,5231, **,other,2,3,0.6484375,44,3086,False
g079_closure_update,79,closure_update,closure,shuffle_matched_044,Green,Yellow,6724,21730,5231, **,other,2,3,1.3984375,44,3086,False
g079_closure_override,79,closure_override,closure,shuffle_matched_044,Green,Yellow,6724,21730,5231, **,other,2,3,0.0390625,44,3086,False
g079_exception_override,79,exception_override,closure,shuffle_matched_044,Green,Yellow,6724,21730,5231, **,other,3,2,-0.5234375,44,3086,False
g080_closure_update,80,closure_update,closure,shuffle_matched_044,North,South,4612,4316,5231, **,other,2,3,0.203125,44,3086,False
g080_closure_override,80,closure_override,closure,shuffle_matched_044,North,South,4612,4316,4612, North,clean,1,3,0.9453125,44,3086,True
g080_exception_override,80,exception_override,closure,shuffle_matched_044,North,South,4612,4316,4612, North,clean,1,3,1.4921875,44,3086,True
g085_closure_update,85,closure_update,closure,shuffle_matched_044,Green,Yellow,6724,21730,5231, **,other,2,3,1.75,44,3086,False
g085_closure_override,85,closure_override,closure,shuffle_matched_044,Green,Yellow,6724,21730,6724, Green,clean,1,3,0.859375,44,3086,True
g085_exception_override,85,exception_override,closure,shuffle_matched_044,Green,Yellow,6724,21730,5231, **,other,2,3,0.546875,44,3086,False
g088_closure_update,88,closure_update,closure,shuffle_matched_044,Copper,Silver,38315,15934,5231, **,other,2,3,2.8046875,44,3086,False
g088_closure_override,88,closure_override,closure,shuffle_matched_044,Copper,Silver,38315,15934,38315, Copper,clean,1,3,1.765625,44,3086,True
g088_exception_override,88,exception_override,closure,shuffle_matched_044,Copper,Silver,38315,15934,38315, Copper,clean,1,3,1.234375,44,3086,False
g094_closure_update,94,closure_update,closure,shuffle_matched_044,Copper,Silver,38315,15934,5231, **,other,2,4,3.0703125,44,3086,False
g094_closure_override,94,closure_override,closure,shuffle_matched_044,Copper,Silver,38315,15934,5231, **,other,2,3,0.609375,44,3086,False
g094_exception_override,94,exception_override,closure,shuffle_matched_044,Copper,Silver,38315,15934,5231, **,other,2,3,0.5390625,44,3086,False
g000_closure_update,0,closure_update,closure,shuffle_matched_045,Red,Blue,4075,7640,5231, **,other,2,3,0.953125,45,3087,False
g000_closure_override,0,closure_override,closure,shuffle_matched_045,Red,Blue,4075,7640,5231, **,other,3,2,-0.7421875,45,3087,False
g000_exception_override,0,exception_override,closure,shuffle_matched_045,Red,Blue,4075,7640,5231, **,other,3,2,-0.609375,45,3087,False
g004_closure_update,4,closure_update,closure,shuffle_matched_045,Copper,Silver,38315,15934,5231, **,other,2,3,2.4765625,45,3087,False
g004_closure_override,4,closure_override,closure,shuffle_matched_045,Copper,Silver,38315,15934,38315, Copper,clean,1,3,1.9765625,45,3087,False
g004_exception_override,4,exception_override,closure,shuffle_matched_045,Copper,Silver,38315,15934,38315, Copper,clean,1,3,2.0859375,45,3087,False
g009_closure_update,9,closure_update,closure,shuffle_matched_045,East,West,5571,4589,5231, **,other,2,3,2.875,45,3087,False
g009_closure_override,9,closure_override,closure,shuffle_matched_045,East,West,5571,4589,5231, **,other,2,3,0.6015625,45,3087,False
g009_exception_override,9,exception_override,closure,shuffle_matched_045,East,West,5571,4589,5231, **,other,2,3,0.296875,45,3087,False
g010_closure_update,10,closure_update,closure,shuffle_matched_045,Copper,Silver,38315,15934,5231, **,other,2,4,3.296875,45,3087,False
g010_closure_override,10,closure_override,closure,shuffle_matched_045,Copper,Silver,38315,15934,38315, Copper,clean,1,3,0.96875,45,3087,False
g010_exception_override,10,exception_override,closure,shuffle_matched_045,Copper,Silver,38315,15934,38315, Copper,clean,1,3,1.3359375,45,3087,False
g011_closure_update,11,closure_update,closure,shuffle_matched_045,Gold,Iron,6863,17186,5231, **,other,2,3,2.1328125,45,3087,False
g011_closure_override,11,closure_override,closure,shuffle_matched_045,Gold,Iron,6863,17186,5231, **,other,2,3,0.21875,45,3087,False
g011_exception_override,11,exception_override,closure,shuffle_matched_045,Gold,Iron,6863,17186,5231, **,other,3,2,-0.578125,45,3087,False
g012_closure_update,12,closure_update,closure,shuffle_matched_045,Red,Blue,4075,7640,5231, **,other,2,3,1.0703125,45,3087,False
g012_closure_override,12,closure_override,closure,shuffle_matched_045,Red,Blue,4075,7640,7640, Blue,conflict,3,1,-1.015625,45,3087,False
g012_exception_override,12,exception_override,closure,shuffle_matched_045,Red,Blue,4075,7640,5231, **,other,3,2,-0.7109375,45,3087,False
g015_closure_update,15,closure_update,closure,shuffle_matched_045,East,West,5571,4589,5231, **,other,2,3,1.2265625,45,3087,False
g015_closure_override,15,closure_override,closure,shuffle_matched_045,East,West,5571,4589,5231, **,other,3,2,-1.1953125,45,3087,False
g015_exception_override,15,exception_override,closure,shuffle_matched_045,East,West,5571,4589,4589, West,conflict,3,1,-1.609375,45,3087,False
g018_closure_update,18,closure_update,closure,shuffle_matched_045,Red,Blue,4075,7640,5231, **,other,2,3,0.84375,45,3087,False
g018_closure_override,18,closure_override,closure,shuffle_matched_045,Red,Blue,4075,7640,5231, **,other,3,2,-0.890625,45,3087,False
g018_exception_override,18,exception_override,closure,shuffle_matched_045,Red,Blue,4075,7640,5231, **,other,3,2,-0.5,45,3087,False
g022_closure_update,22,closure_update,closure,shuffle_matched_045,Copper,Silver,38315,15934,5231, **,other,2,3,2.0234375,45,3087,False
g022_closure_override,22,closure_override,closure,shuffle_matched_045,Copper,Silver,38315,15934,38315, Copper,clean,1,3,1.3671875,45,3087,True
g022_exception_override,22,exception_override,closure,shuffle_matched_045,Copper,Silver,38315,15934,38315, Copper,clean,1,3,1.5625,45,3087,False
g026_closure_update,26,closure_update,closure,shuffle_matched_045,North,South,4612,4316,5231, **,other,3,2,-0.1796875,45,3087,False
g026_closure_override,26,closure_override,closure,shuffle_matched_045,North,South,4612,4316,5231, **,other,2,3,0.3359375,45,3087,False
g026_exception_override,26,exception_override,closure,shuffle_matched_045,North,South,4612,4316,5231, **,other,2,3,0.9921875,45,3087,False
g030_closure_update,30,closure_update,closure,shuffle_matched_045,Red,Blue,4075,7640,5231, **,other,2,3,1.0625,45,3087,False
g030_closure_override,30,closure_override,closure,shuffle_matched_045,Red,Blue,4075,7640,5231, **,other,3,2,-0.6015625,45,3087,False
g030_exception_override,30,exception_override,closure,shuffle_matched_045,Red,Blue,4075,7640,5231, **,other,3,2,-0.96875,45,3087,False
g031_closure_update,31,closure_update,closure,shuffle_matched_045,Green,Yellow,6724,21730,5231, **,other,2,3,2.2421875,45,3087,False
g031_closure_override,31,closure_override,closure,shuffle_matched_045,Green,Yellow,6724,21730,6724, Green,clean,1,3,0.765625,45,3087,False
g031_exception_override,31,exception_override,closure,shuffle_matched_045,Green,Yellow,6724,21730,5231, **,other,2,3,1.0390625,45,3087,False
g033_closure_update,33,closure_update,closure,shuffle_matched_045,East,West,5571,4589,5571, East,clean,1,3,2.75,45,3087,False
g033_closure_override,33,closure_override,closure,shuffle_matched_045,East,West,5571,4589,5571, East,clean,1,3,0.5234375,45,3087,False
g033_exception_override,33,exception_override,closure,shuffle_matched_045,East,West,5571,4589,5231, **,other,2,3,0.6640625,45,3087,False
g039_closure_update,39,closure_update,closure,shuffle_matched_045,East,West,5571,4589,5231, **,other,2,3,2.1875,45,3087,False
g039_closure_override,39,closure_override,closure,shuffle_matched_045,East,West,5571,4589,5571, East,clean,1,3,0.5625,45,3087,True
g039_exception_override,39,exception_override,closure,shuffle_matched_045,East,West,5571,4589,5231, **,other,3,2,-0.1171875,45,3087,False
g040_closure_update,40,closure_update,closure,shuffle_matched_045,Copper,Silver,38315,15934,5231, **,other,2,3,2.03125,45,3087,False
g040_closure_override,40,closure_override,closure,shuffle_matched_045,Copper,Silver,38315,15934,38315, Copper,clean,1,3,1.65625,45,3087,True
g040_exception_override,40,exception_override,closure,shuffle_matched_045,Copper,Silver,38315,15934,38315, Copper,clean,1,5,3.125,45,3087,False
g042_closure_update,42,closure_update,closure,shuffle_matched_045,Red,Blue,4075,7640,5231, **,other,2,3,1.1640625,45,3087,False
g042_closure_override,42,closure_override,closure,shuffle_matched_045,Red,Blue,4075,7640,5231, **,other,3,2,-0.5546875,45,3087,False
g042_exception_override,42,exception_override,closure,shuffle_matched_045,Red,Blue,4075,7640,5231, **,other,3,2,-0.015625,45,3087,False
g045_closure_update,45,closure_update,closure,shuffle_matched_045,East,West,5571,4589,5231, **,other,2,4,2.953125,45,3087,False
g045_closure_override,45,closure_override,closure,shuffle_matched_045,East,West,5571,4589,5231, **,other,2,3,0.7109375,45,3087,False
g045_exception_override,45,exception_override,closure,shuffle_matched_045,East,West,5571,4589,5231, **,other,2,3,0.625,45,3087,False
g053_closure_update,53,closure_update,closure,shuffle_matched_045,Gold,Iron,6863,17186,5231, **,other,2,3,1.734375,45,3087,False
g053_closure_override,53,closure_override,closure,shuffle_matched_045,Gold,Iron,6863,17186,5231, **,other,1,3,1.4375,45,3087,False
g053_exception_override,53,exception_override,closure,shuffle_matched_045,Gold,Iron,6863,17186,5231, **,other,2,4,1.2890625,45,3087,False
g064_closure_update,64,closure_update,closure,shuffle_matched_045,Copper,Silver,38315,15934,5231, **,other,2,3,1.6328125,45,3087,False
g064_closure_override,64,closure_override,closure,shuffle_matched_045,Copper,Silver,38315,15934,38315, Copper,clean,1,3,1.703125,45,3087,True
g064_exception_override,64,exception_override,closure,shuffle_matched_045,Copper,Silver,38315,15934,5231, **,other,2,3,0.3046875,45,3087,False
g067_closure_update,67,closure_update,closure,shuffle_matched_045,Green,Yellow,6724,21730,5231, **,other,2,3,2.1796875,45,3087,False
g067_closure_override,67,closure_override,closure,shuffle_matched_045,Green,Yellow,6724,21730,6724, Green,clean,1,3,0.8046875,45,3087,False
g067_exception_override,67,exception_override,closure,shuffle_matched_045,Green,Yellow,6724,21730,5231, **,other,2,3,0.0625,45,3087,False
g068_closure_update,68,closure_update,closure,shuffle_matched_045,North,South,4612,4316,5231, **,other,2,3,0.8203125,45,3087,False
g068_closure_override,68,closure_override,closure,shuffle_matched_045,North,South,4612,4316,5231, **,other,2,3,1.265625,45,3087,False
g068_exception_override,68,exception_override,closure,shuffle_matched_045,North,South,4612,4316,5231, **,other,2,3,1.5703125,45,3087,False
g069_closure_update,69,closure_update,closure,shuffle_matched_045,East,West,5571,4589,5231, **,other,2,4,2.7109375,45,3087,False
g069_closure_override,69,closure_override,closure,shuffle_matched_045,East,West,5571,4589,5231, **,other,2,3,0.3125,45,3087,False
g069_exception_override,69,exception_override,closure,shuffle_matched_045,East,West,5571,4589,5231, **,other,2,3,0.546875,45,3087,False
g073_closure_update,73,closure_update,closure,shuffle_matched_045,Green,Yellow,6724,21730,5231, **,other,2,3,1.5703125,45,3087,False
g073_closure_override,73,closure_override,closure,shuffle_matched_045,Green,Yellow,6724,21730,5231, **,other,2,3,0.2578125,45,3087,False
g073_exception_override,73,exception_override,closure,shuffle_matched_045,Green,Yellow,6724,21730,5231, **,other,2,3,0.5,45,3087,False
g077_closure_update,77,closure_update,closure,shuffle_matched_045,Gold,Iron,6863,17186,5231, **,other,2,3,2.1015625,45,3087,False
g077_closure_override,77,closure_override,closure,shuffle_matched_045,Gold,Iron,6863,17186,5231, **,other,2,3,0.6171875,45,3087,False
g077_exception_override,77,exception_override,closure,shuffle_matched_045,Gold,Iron,6863,17186,5231, **,other,2,3,0.875,45,3087,False
g079_closure_update,79,closure_update,closure,shuffle_matched_045,Green,Yellow,6724,21730,5231, **,other,2,3,1.3984375,45,3087,False
g079_closure_override,79,closure_override,closure,shuffle_matched_045,Green,Yellow,6724,21730,21730, Yellow,conflict,2,1,-0.203125,45,3087,False
g079_exception_override,79,exception_override,closure,shuffle_matched_045,Green,Yellow,6724,21730,5231, **,other,2,3,0.40625,45,3087,False
g080_closure_update,80,closure_update,closure,shuffle_matched_045,North,South,4612,4316,5231, **,other,2,3,0.203125,45,3087,False
g080_closure_override,80,closure_override,closure,shuffle_matched_045,North,South,4612,4316,5231, **,other,2,3,0.9296875,45,3087,False
g080_exception_override,80,exception_override,closure,shuffle_matched_045,North,South,4612,4316,5231, **,other,2,3,1.125,45,3087,False
g085_closure_update,85,closure_update,closure,shuffle_matched_045,Green,Yellow,6724,21730,5231, **,other,2,3,1.75,45,3087,False
g085_closure_override,85,closure_override,closure,shuffle_matched_045,Green,Yellow,6724,21730,6724, Green,clean,1,3,0.859375,45,3087,True
g085_exception_override,85,exception_override,closure,shuffle_matched_045,Green,Yellow,6724,21730,5231, **,other,3,2,-0.5,45,3087,False
g088_closure_update,88,closure_update,closure,shuffle_matched_045,Copper,Silver,38315,15934,5231, **,other,2,3,2.8046875,45,3087,False
g088_closure_override,88,closure_override,closure,shuffle_matched_045,Copper,Silver,38315,15934,38315, Copper,clean,1,3,1.3984375,45,3087,True
g088_exception_override,88,exception_override,closure,shuffle_matched_045,Copper,Silver,38315,15934,5231, **,other,2,3,0.3046875,45,3087,False
g094_closure_update,94,closure_update,closure,shuffle_matched_045,Copper,Silver,38315,15934,5231, **,other,2,4,3.0703125,45,3087,False
g094_closure_override,94,closure_override,closure,shuffle_matched_045,Copper,Silver,38315,15934,38315, Copper,clean,1,3,1.4453125,45,3087,True
g094_exception_override,94,exception_override,closure,shuffle_matched_045,Copper,Silver,38315,15934,38315, Copper,clean,1,3,1.375,45,3087,False
g000_closure_update,0,closure_update,closure,shuffle_matched_046,Red,Blue,4075,7640,5231, **,other,2,3,0.953125,46,3088,False
g000_closure_override,0,closure_override,closure,shuffle_matched_046,Red,Blue,4075,7640,5231, **,other,3,2,-1.1015625,46,3088,False
g000_exception_override,0,exception_override,closure,shuffle_matched_046,Red,Blue,4075,7640,5231, **,other,3,2,-1.34375,46,3088,False
g004_closure_update,4,closure_update,closure,shuffle_matched_046,Copper,Silver,38315,15934,5231, **,other,2,3,2.4765625,46,3088,False
g004_closure_override,4,closure_override,closure,shuffle_matched_046,Copper,Silver,38315,15934,38315, Copper,clean,1,3,2.3046875,46,3088,False
g004_exception_override,4,exception_override,closure,shuffle_matched_046,Copper,Silver,38315,15934,5231, **,other,2,3,0.7109375,46,3088,False
g009_closure_update,9,closure_update,closure,shuffle_matched_046,East,West,5571,4589,5231, **,other,2,3,2.875,46,3088,False
g009_closure_override,9,closure_override,closure,shuffle_matched_046,East,West,5571,4589,5231, **,other,2,3,0.6015625,46,3088,False
g009_exception_override,9,exception_override,closure,shuffle_matched_046,East,West,5571,4589,5231, **,other,2,3,0.296875,46,3088,False
g010_closure_update,10,closure_update,closure,shuffle_matched_046,Copper,Silver,38315,15934,5231, **,other,2,4,3.296875,46,3088,False
g010_closure_override,10,closure_override,closure,shuffle_matched_046,Copper,Silver,38315,15934,38315, Copper,clean,1,3,1.8359375,46,3088,False
g010_exception_override,10,exception_override,closure,shuffle_matched_046,Copper,Silver,38315,15934,5231, **,other,2,3,0.6875,46,3088,False
g011_closure_update,11,closure_update,closure,shuffle_matched_046,Gold,Iron,6863,17186,5231, **,other,2,3,2.109375,46,3088,False
g011_closure_override,11,closure_override,closure,shuffle_matched_046,Gold,Iron,6863,17186,5231, **,other,2,3,0.125,46,3088,False
g011_exception_override,11,exception_override,closure,shuffle_matched_046,Gold,Iron,6863,17186,17186, Iron,conflict,3,1,-0.59375,46,3088,False
g012_closure_update,12,closure_update,closure,shuffle_matched_046,Red,Blue,4075,7640,5231, **,other,2,3,1.0703125,46,3088,False
g012_closure_override,12,closure_override,closure,shuffle_matched_046,Red,Blue,4075,7640,7640, Blue,conflict,3,1,-1.015625,46,3088,False
g012_exception_override,12,exception_override,closure,shuffle_matched_046,Red,Blue,4075,7640,5231, **,other,3,2,-0.78125,46,3088,False
g015_closure_update,15,closure_update,closure,shuffle_matched_046,East,West,5571,4589,5231, **,other,2,3,1.2265625,46,3088,False
g015_closure_override,15,closure_override,closure,shuffle_matched_046,East,West,5571,4589,5231, **,other,3,2,-1.2265625,46,3088,False
g015_exception_override,15,exception_override,closure,shuffle_matched_046,East,West,5571,4589,5231, **,other,3,2,-0.921875,46,3088,False
g018_closure_update,18,closure_update,closure,shuffle_matched_046,Red,Blue,4075,7640,5231, **,other,2,3,0.84375,46,3088,False
g018_closure_override,18,closure_override,closure,shuffle_matched_046,Red,Blue,4075,7640,5231, **,other,3,2,-0.90625,46,3088,False
g018_exception_override,18,exception_override,closure,shuffle_matched_046,Red,Blue,4075,7640,5231, **,other,3,2,-0.6484375,46,3088,False
g022_closure_update,22,closure_update,closure,shuffle_matched_046,Copper,Silver,38315,15934,5231, **,other,2,3,2.0234375,46,3088,False
g022_closure_override,22,closure_override,closure,shuffle_matched_046,Copper,Silver,38315,15934,38315, Copper,clean,1,3,0.984375,46,3088,True
g022_exception_override,22,exception_override,closure,shuffle_matched_046,Copper,Silver,38315,15934,38315, Copper,clean,1,3,1.5625,46,3088,False
g026_closure_update,26,closure_update,closure,shuffle_matched_046,North,South,4612,4316,5231, **,other,3,2,-0.1796875,46,3088,False
g026_closure_override,26,closure_override,closure,shuffle_matched_046,North,South,4612,4316,5231, **,other,2,3,0.3984375,46,3088,False
g026_exception_override,26,exception_override,closure,shuffle_matched_046,North,South,4612,4316,5231, **,other,2,3,0.9921875,46,3088,False
g030_closure_update,30,closure_update,closure,shuffle_matched_046,Red,Blue,4075,7640,5231, **,other,2,3,1.0625,46,3088,False
g030_closure_override,30,closure_override,closure,shuffle_matched_046,Red,Blue,4075,7640,7640, Blue,conflict,3,1,-0.7890625,46,3088,False
g030_exception_override,30,exception_override,closure,shuffle_matched_046,Red,Blue,4075,7640,5231, **,other,3,2,-0.96875,46,3088,False
g031_closure_update,31,closure_update,closure,shuffle_matched_046,Green,Yellow,6724,21730,5231, **,other,2,3,2.2421875,46,3088,False
g031_closure_override,31,closure_override,closure,shuffle_matched_046,Green,Yellow,6724,21730,5231, **,other,2,3,0.78125,46,3088,False
g031_exception_override,31,exception_override,closure,shuffle_matched_046,Green,Yellow,6724,21730,6724, Green,clean,1,3,1.234375,46,3088,False
g033_closure_update,33,closure_update,closure,shuffle_matched_046,East,West,5571,4589,5571, East,clean,1,3,2.75,46,3088,False
g033_closure_override,33,closure_override,closure,shuffle_matched_046,East,West,5571,4589,5571, East,clean,1,3,0.5234375,46,3088,False
g033_exception_override,33,exception_override,closure,shuffle_matched_046,East,West,5571,4589,5231, **,other,2,3,0.3671875,46,3088,False
g039_closure_update,39,closure_update,closure,shuffle_matched_046,East,West,5571,4589,5231, **,other,2,3,2.1875,46,3088,False
g039_closure_override,39,closure_override,closure,shuffle_matched_046,East,West,5571,4589,5571, East,clean,1,3,0.4453125,46,3088,True
g039_exception_override,39,exception_override,closure,shuffle_matched_046,East,West,5571,4589,5231, **,other,3,2,-0.1171875,46,3088,False
g040_closure_update,40,closure_update,closure,shuffle_matched_046,Copper,Silver,38315,15934,5231, **,other,2,3,2.03125,46,3088,False
g040_closure_override,40,closure_override,closure,shuffle_matched_046,Copper,Silver,38315,15934,38315, Copper,clean,1,3,1.5859375,46,3088,True
g040_exception_override,40,exception_override,closure,shuffle_matched_046,Copper,Silver,38315,15934,5231, **,other,2,3,1.546875,46,3088,False
g042_closure_update,42,closure_update,closure,shuffle_matched_046,Red,Blue,4075,7640,5231, **,other,2,3,1.1640625,46,3088,False
g042_closure_override,42,closure_override,closure,shuffle_matched_046,Red,Blue,4075,7640,5231, **,other,3,1,-0.75,46,3088,False
g042_exception_override,42,exception_override,closure,shuffle_matched_046,Red,Blue,4075,7640,5231, **,other,3,2,-0.03125,46,3088,False
g045_closure_update,45,closure_update,closure,shuffle_matched_046,East,West,5571,4589,5231, **,other,2,4,2.953125,46,3088,False
g045_closure_override,45,closure_override,closure,shuffle_matched_046,East,West,5571,4589,5231, **,other,2,3,0.8203125,46,3088,False
g045_exception_override,45,exception_override,closure,shuffle_matched_046,East,West,5571,4589,5231, **,other,2,3,0.5859375,46,3088,False
g053_closure_update,53,closure_update,closure,shuffle_matched_046,Gold,Iron,6863,17186,5231, **,other,2,3,1.734375,46,3088,False
g053_closure_override,53,closure_override,closure,shuffle_matched_046,Gold,Iron,6863,17186,5231, **,other,1,3,1.4375,46,3088,False
g053_exception_override,53,exception_override,closure,shuffle_matched_046,Gold,Iron,6863,17186,5231, **,other,2,4,1.3125,46,3088,False
g064_closure_update,64,closure_update,closure,shuffle_matched_046,Copper,Silver,38315,15934,5231, **,other,2,3,1.6328125,46,3088,False
g064_closure_override,64,closure_override,closure,shuffle_matched_046,Copper,Silver,38315,15934,38315, Copper,clean,1,3,1.671875,46,3088,True
g064_exception_override,64,exception_override,closure,shuffle_matched_046,Copper,Silver,38315,15934,38315, Copper,clean,1,3,1.7421875,46,3088,False
g067_closure_update,67,closure_update,closure,shuffle_matched_046,Green,Yellow,6724,21730,5231, **,other,2,3,2.171875,46,3088,False
g067_closure_override,67,closure_override,closure,shuffle_matched_046,Green,Yellow,6724,21730,6724, Green,clean,1,3,0.6953125,46,3088,False
g067_exception_override,67,exception_override,closure,shuffle_matched_046,Green,Yellow,6724,21730,5231, **,other,2,3,1.03125,46,3088,False
g068_closure_update,68,closure_update,closure,shuffle_matched_046,North,South,4612,4316,5231, **,other,2,3,0.8203125,46,3088,False
g068_closure_override,68,closure_override,closure,shuffle_matched_046,North,South,4612,4316,5231, **,other,2,3,1.1484375,46,3088,False
g068_exception_override,68,exception_override,closure,shuffle_matched_046,North,South,4612,4316,5231, **,other,2,3,1.4296875,46,3088,False
g069_closure_update,69,closure_update,closure,shuffle_matched_046,East,West,5571,4589,5231, **,other,2,4,2.7109375,46,3088,False
g069_closure_override,69,closure_override,closure,shuffle_matched_046,East,West,5571,4589,5231, **,other,2,3,0.3125,46,3088,False
g069_exception_override,69,exception_override,closure,shuffle_matched_046,East,West,5571,4589,5231, **,other,2,3,0.453125,46,3088,False
g073_closure_update,73,closure_update,closure,shuffle_matched_046,Green,Yellow,6724,21730,5231, **,other,2,3,1.5703125,46,3088,False
g073_closure_override,73,closure_override,closure,shuffle_matched_046,Green,Yellow,6724,21730,5231, **,other,2,3,0.21875,46,3088,False
g073_exception_override,73,exception_override,closure,shuffle_matched_046,Green,Yellow,6724,21730,5231, **,other,3,2,-0.4140625,46,3088,False
g077_closure_update,77,closure_update,closure,shuffle_matched_046,Gold,Iron,6863,17186,5231, **,other,2,3,2.1015625,46,3088,False
g077_closure_override,77,closure_override,closure,shuffle_matched_046,Gold,Iron,6863,17186,5231, **,other,2,3,0.71875,46,3088,False
g077_exception_override,77,exception_override,closure,shuffle_matched_046,Gold,Iron,6863,17186,5231, **,other,2,3,0.1328125,46,3088,False
g079_closure_update,79,closure_update,closure,shuffle_matched_046,Green,Yellow,6724,21730,5231, **,other,2,3,1.3984375,46,3088,False
g079_closure_override,79,closure_override,closure,shuffle_matched_046,Green,Yellow,6724,21730,21730, Yellow,conflict,2,1,-0.1796875,46,3088,False
g079_exception_override,79,exception_override,closure,shuffle_matched_046,Green,Yellow,6724,21730,6724, Green,clean,1,3,0.6171875,46,3088,False
g080_closure_update,80,closure_update,closure,shuffle_matched_046,North,South,4612,4316,5231, **,other,2,3,0.203125,46,3088,False
g080_closure_override,80,closure_override,closure,shuffle_matched_046,North,South,4612,4316,4612, North,clean,1,3,1.0703125,46,3088,True
g080_exception_override,80,exception_override,closure,shuffle_matched_046,North,South,4612,4316,5231, **,other,2,3,1.1015625,46,3088,False
g085_closure_update,85,closure_update,closure,shuffle_matched_046,Green,Yellow,6724,21730,5231, **,other,2,3,1.75,46,3088,False
g085_closure_override,85,closure_override,closure,shuffle_matched_046,Green,Yellow,6724,21730,5231, **,other,1,3,0.8046875,46,3088,False
g085_exception_override,85,exception_override,closure,shuffle_matched_046,Green,Yellow,6724,21730,5231, **,other,2,3,0.359375,46,3088,False
g088_closure_update,88,closure_update,closure,shuffle_matched_046,Copper,Silver,38315,15934,5231, **,other,2,3,2.8046875,46,3088,False
g088_closure_override,88,closure_override,closure,shuffle_matched_046,Copper,Silver,38315,15934,38315, Copper,clean,1,3,1.3984375,46,3088,True
g088_exception_override,88,exception_override,closure,shuffle_matched_046,Copper,Silver,38315,15934,38315, Copper,clean,1,3,1.25,46,3088,False
g094_closure_update,94,closure_update,closure,shuffle_matched_046,Copper,Silver,38315,15934,5231, **,other,2,4,3.0703125,46,3088,False
g094_closure_override,94,closure_override,closure,shuffle_matched_046,Copper,Silver,38315,15934,38315, Copper,clean,1,3,1.6171875,46,3088,True
g094_exception_override,94,exception_override,closure,shuffle_matched_046,Copper,Silver,38315,15934,38315, Copper,clean,1,3,1.6171875,46,3088,False
g000_closure_update,0,closure_update,closure,shuffle_matched_047,Red,Blue,4075,7640,5231, **,other,2,3,0.953125,47,3089,False
g000_closure_override,0,closure_override,closure,shuffle_matched_047,Red,Blue,4075,7640,5231, **,other,3,2,-1.1015625,47,3089,False
g000_exception_override,0,exception_override,closure,shuffle_matched_047,Red,Blue,4075,7640,5231, **,other,3,2,-0.609375,47,3089,False
g004_closure_update,4,closure_update,closure,shuffle_matched_047,Copper,Silver,38315,15934,5231, **,other,2,3,2.4765625,47,3089,False
g004_closure_override,4,closure_override,closure,shuffle_matched_047,Copper,Silver,38315,15934,38315, Copper,clean,1,3,1.9765625,47,3089,False
g004_exception_override,4,exception_override,closure,shuffle_matched_047,Copper,Silver,38315,15934,38315, Copper,clean,1,4,2.734375,47,3089,False
g009_closure_update,9,closure_update,closure,shuffle_matched_047,East,West,5571,4589,5231, **,other,2,3,2.875,47,3089,False
g009_closure_override,9,closure_override,closure,shuffle_matched_047,East,West,5571,4589,5231, **,other,2,3,0.265625,47,3089,False
g009_exception_override,9,exception_override,closure,shuffle_matched_047,East,West,5571,4589,5231, **,other,2,3,0.90625,47,3089,False
g010_closure_update,10,closure_update,closure,shuffle_matched_047,Copper,Silver,38315,15934,5231, **,other,2,4,3.296875,47,3089,False
g010_closure_override,10,closure_override,closure,shuffle_matched_047,Copper,Silver,38315,15934,38315, Copper,clean,1,3,1.8046875,47,3089,False
g010_exception_override,10,exception_override,closure,shuffle_matched_047,Copper,Silver,38315,15934,38315, Copper,clean,1,3,1.3046875,47,3089,False
g011_closure_update,11,closure_update,closure,shuffle_matched_047,Gold,Iron,6863,17186,5231, **,other,2,3,2.1328125,47,3089,False
g011_closure_override,11,closure_override,closure,shuffle_matched_047,Gold,Iron,6863,17186,5231, **,other,2,3,0.125,47,3089,False
g011_exception_override,11,exception_override,closure,shuffle_matched_047,Gold,Iron,6863,17186,5231, **,other,3,2,-0.71875,47,3089,False
g012_closure_update,12,closure_update,closure,shuffle_matched_047,Red,Blue,4075,7640,5231, **,other,2,3,1.0703125,47,3089,False
g012_closure_override,12,closure_override,closure,shuffle_matched_047,Red,Blue,4075,7640,5231, **,other,3,1,-1.015625,47,3089,False
g012_exception_override,12,exception_override,closure,shuffle_matched_047,Red,Blue,4075,7640,5231, **,other,3,2,-0.96875,47,3089,False
g015_closure_update,15,closure_update,closure,shuffle_matched_047,East,West,5571,4589,5231, **,other,2,3,1.2265625,47,3089,False
g015_closure_override,15,closure_override,closure,shuffle_matched_047,East,West,5571,4589,5231, **,other,3,2,-1.2265625,47,3089,False
g015_exception_override,15,exception_override,closure,shuffle_matched_047,East,West,5571,4589,5231, **,other,3,2,-0.921875,47,3089,False
g018_closure_update,18,closure_update,closure,shuffle_matched_047,Red,Blue,4075,7640,5231, **,other,2,3,0.84375,47,3089,False
g018_closure_override,18,closure_override,closure,shuffle_matched_047,Red,Blue,4075,7640,7640, Blue,conflict,3,1,-1.078125,47,3089,False
g018_exception_override,18,exception_override,closure,shuffle_matched_047,Red,Blue,4075,7640,5231, **,other,3,2,-0.453125,47,3089,False
g022_closure_update,22,closure_update,closure,shuffle_matched_047,Copper,Silver,38315,15934,5231, **,other,2,3,2.0234375,47,3089,False
g022_closure_override,22,closure_override,closure,shuffle_matched_047,Copper,Silver,38315,15934,38315, Copper,clean,1,3,1.3671875,47,3089,True
g022_exception_override,22,exception_override,closure,shuffle_matched_047,Copper,Silver,38315,15934,38315, Copper,clean,1,4,2.0703125,47,3089,False
g026_closure_update,26,closure_update,closure,shuffle_matched_047,North,South,4612,4316,5231, **,other,3,2,-0.1796875,47,3089,False
g026_closure_override,26,closure_override,closure,shuffle_matched_047,North,South,4612,4316,5231, **,other,2,3,0.3359375,47,3089,False
g026_exception_override,26,exception_override,closure,shuffle_matched_047,North,South,4612,4316,5231, **,other,2,3,0.625,47,3089,False
g030_closure_update,30,closure_update,closure,shuffle_matched_047,Red,Blue,4075,7640,5231, **,other,2,3,1.0625,47,3089,False
g030_closure_override,30,closure_override,closure,shuffle_matched_047,Red,Blue,4075,7640,7640, Blue,conflict,3,1,-0.7890625,47,3089,False
g030_exception_override,30,exception_override,closure,shuffle_matched_047,Red,Blue,4075,7640,5231, **,other,3,2,-0.96875,47,3089,False
g031_closure_update,31,closure_update,closure,shuffle_matched_047,Green,Yellow,6724,21730,5231, **,other,2,3,2.171875,47,3089,False
g031_closure_override,31,closure_override,closure,shuffle_matched_047,Green,Yellow,6724,21730,5231, **,other,1,3,0.8203125,47,3089,False
g031_exception_override,31,exception_override,closure,shuffle_matched_047,Green,Yellow,6724,21730,5231, **,other,2,3,0.1640625,47,3089,False
g033_closure_update,33,closure_update,closure,shuffle_matched_047,East,West,5571,4589,5571, East,clean,1,3,2.75,47,3089,False
g033_closure_override,33,closure_override,closure,shuffle_matched_047,East,West,5571,4589,5571, East,clean,1,3,0.859375,47,3089,False
g033_exception_override,33,exception_override,closure,shuffle_matched_047,East,West,5571,4589,5231, **,other,2,3,0.3671875,47,3089,False
g039_closure_update,39,closure_update,closure,shuffle_matched_047,East,West,5571,4589,5231, **,other,2,3,2.1875,47,3089,False
g039_closure_override,39,closure_override,closure,shuffle_matched_047,East,West,5571,4589,5231, **,other,2,3,0.578125,47,3089,False
g039_exception_override,39,exception_override,closure,shuffle_matched_047,East,West,5571,4589,5231, **,other,3,2,-0.1015625,47,3089,False
g040_closure_update,40,closure_update,closure,shuffle_matched_047,Copper,Silver,38315,15934,5231, **,other,2,3,2.03125,47,3089,False
g040_closure_override,40,closure_override,closure,shuffle_matched_047,Copper,Silver,38315,15934,38315, Copper,clean,1,3,1.328125,47,3089,True
g040_exception_override,40,exception_override,closure,shuffle_matched_047,Copper,Silver,38315,15934,38315, Copper,clean,1,5,3.125,47,3089,False
g042_closure_update,42,closure_update,closure,shuffle_matched_047,Red,Blue,4075,7640,5231, **,other,2,3,1.1640625,47,3089,False
g042_closure_override,42,closure_override,closure,shuffle_matched_047,Red,Blue,4075,7640,5231, **,other,3,2,-0.5859375,47,3089,False
g042_exception_override,42,exception_override,closure,shuffle_matched_047,Red,Blue,4075,7640,5231, **,other,3,2,-0.015625,47,3089,False
g045_closure_update,45,closure_update,closure,shuffle_matched_047,East,West,5571,4589,5231, **,other,2,4,2.953125,47,3089,False
g045_closure_override,45,closure_override,closure,shuffle_matched_047,East,West,5571,4589,5231, **,other,2,3,0.8203125,47,3089,False
g045_exception_override,45,exception_override,closure,shuffle_matched_047,East,West,5571,4589,5231, **,other,2,3,0.765625,47,3089,False
g053_closure_update,53,closure_update,closure,shuffle_matched_047,Gold,Iron,6863,17186,5231, **,other,2,3,1.734375,47,3089,False
g053_closure_override,53,closure_override,closure,shuffle_matched_047,Gold,Iron,6863,17186,5231, **,other,1,3,1.4375,47,3089,False
g053_exception_override,53,exception_override,closure,shuffle_matched_047,Gold,Iron,6863,17186,5231, **,other,2,3,0.9609375,47,3089,False
g064_closure_update,64,closure_update,closure,shuffle_matched_047,Copper,Silver,38315,15934,5231, **,other,2,3,1.6328125,47,3089,False
g064_closure_override,64,closure_override,closure,shuffle_matched_047,Copper,Silver,38315,15934,38315, Copper,clean,1,3,0.9765625,47,3089,True
g064_exception_override,64,exception_override,closure,shuffle_matched_047,Copper,Silver,38315,15934,38315, Copper,clean,1,3,2.3828125,47,3089,False
g067_closure_update,67,closure_update,closure,shuffle_matched_047,Green,Yellow,6724,21730,5231, **,other,2,3,2.171875,47,3089,False
g067_closure_override,67,closure_override,closure,shuffle_matched_047,Green,Yellow,6724,21730,5231, **,other,2,3,0.8125,47,3089,False
g067_exception_override,67,exception_override,closure,shuffle_matched_047,Green,Yellow,6724,21730,5231, **,other,2,3,1.140625,47,3089,False
g068_closure_update,68,closure_update,closure,shuffle_matched_047,North,South,4612,4316,5231, **,other,2,3,0.8203125,47,3089,False
g068_closure_override,68,closure_override,closure,shuffle_matched_047,North,South,4612,4316,4612, North,clean,1,3,1.375,47,3089,True
g068_exception_override,68,exception_override,closure,shuffle_matched_047,North,South,4612,4316,5231, **,other,2,3,1.5859375,47,3089,False
g069_closure_update,69,closure_update,closure,shuffle_matched_047,East,West,5571,4589,5231, **,other,2,4,2.7109375,47,3089,False
g069_closure_override,69,closure_override,closure,shuffle_matched_047,East,West,5571,4589,5231, **,other,2,3,0.3125,47,3089,False
g069_exception_override,69,exception_override,closure,shuffle_matched_047,East,West,5571,4589,5231, **,other,2,3,0.8984375,47,3089,False
g073_closure_update,73,closure_update,closure,shuffle_matched_047,Green,Yellow,6724,21730,5231, **,other,2,3,1.4765625,47,3089,False
g073_closure_override,73,closure_override,closure,shuffle_matched_047,Green,Yellow,6724,21730,5231, **,other,2,3,0.1640625,47,3089,False
g073_exception_override,73,exception_override,closure,shuffle_matched_047,Green,Yellow,6724,21730,5231, **,other,3,2,-0.4453125,47,3089,False
g077_closure_update,77,closure_update,closure,shuffle_matched_047,Gold,Iron,6863,17186,5231, **,other,2,3,2.1015625,47,3089,False
g077_closure_override,77,closure_override,closure,shuffle_matched_047,Gold,Iron,6863,17186,5231, **,other,2,3,1.0234375,47,3089,False
g077_exception_override,77,exception_override,closure,shuffle_matched_047,Gold,Iron,6863,17186,5231, **,other,2,3,0.6484375,47,3089,False
g079_closure_update,79,closure_update,closure,shuffle_matched_047,Green,Yellow,6724,21730,5231, **,other,2,3,1.3984375,47,3089,False
g079_closure_override,79,closure_override,closure,shuffle_matched_047,Green,Yellow,6724,21730,21730, Yellow,conflict,3,1,-0.0390625,47,3089,False
g079_exception_override,79,exception_override,closure,shuffle_matched_047,Green,Yellow,6724,21730,5231, **,other,2,3,0.4375,47,3089,False
g080_closure_update,80,closure_update,closure,shuffle_matched_047,North,South,4612,4316,5231, **,other,2,3,0.203125,47,3089,False
g080_closure_override,80,closure_override,closure,shuffle_matched_047,North,South,4612,4316,5231, **,other,2,3,0.9140625,47,3089,False
g080_exception_override,80,exception_override,closure,shuffle_matched_047,North,South,4612,4316,5231, **,other,2,3,1.1015625,47,3089,False
g085_closure_update,85,closure_update,closure,shuffle_matched_047,Green,Yellow,6724,21730,5231, **,other,2,3,1.75,47,3089,False
g085_closure_override,85,closure_override,closure,shuffle_matched_047,Green,Yellow,6724,21730,6724, Green,clean,1,3,0.859375,47,3089,True
g085_exception_override,85,exception_override,closure,shuffle_matched_047,Green,Yellow,6724,21730,5231, **,other,2,3,0.5625,47,3089,False
g088_closure_update,88,closure_update,closure,shuffle_matched_047,Copper,Silver,38315,15934,5231, **,other,2,3,2.8046875,47,3089,False
g088_closure_override,88,closure_override,closure,shuffle_matched_047,Copper,Silver,38315,15934,38315, Copper,clean,1,3,1.8984375,47,3089,True
g088_exception_override,88,exception_override,closure,shuffle_matched_047,Copper,Silver,38315,15934,38315, Copper,clean,1,3,1.25,47,3089,False
g094_closure_update,94,closure_update,closure,shuffle_matched_047,Copper,Silver,38315,15934,5231, **,other,2,4,3.0703125,47,3089,False
g094_closure_override,94,closure_override,closure,shuffle_matched_047,Copper,Silver,38315,15934,38315, Copper,clean,1,3,1.734375,47,3089,True
g094_exception_override,94,exception_override,closure,shuffle_matched_047,Copper,Silver,38315,15934,5231, **,other,2,3,0.546875,47,3089,False
g000_closure_update,0,closure_update,closure,shuffle_matched_048,Red,Blue,4075,7640,5231, **,other,2,3,0.9375,48,3090,False
g000_closure_override,0,closure_override,closure,shuffle_matched_048,Red,Blue,4075,7640,5231, **,other,3,2,-1.1171875,48,3090,False
g000_exception_override,0,exception_override,closure,shuffle_matched_048,Red,Blue,4075,7640,5231, **,other,3,2,-0.5703125,48,3090,False
g004_closure_update,4,closure_update,closure,shuffle_matched_048,Copper,Silver,38315,15934,5231, **,other,2,3,2.4765625,48,3090,False
g004_closure_override,4,closure_override,closure,shuffle_matched_048,Copper,Silver,38315,15934,38315, Copper,clean,1,3,1.9765625,48,3090,False
g004_exception_override,4,exception_override,closure,shuffle_matched_048,Copper,Silver,38315,15934,38315, Copper,clean,1,4,2.734375,48,3090,False
g009_closure_update,9,closure_update,closure,shuffle_matched_048,East,West,5571,4589,5231, **,other,2,3,2.875,48,3090,False
g009_closure_override,9,closure_override,closure,shuffle_matched_048,East,West,5571,4589,5231, **,other,2,3,0.6015625,48,3090,False
g009_exception_override,9,exception_override,closure,shuffle_matched_048,East,West,5571,4589,5231, **,other,2,3,0.90625,48,3090,False
g010_closure_update,10,closure_update,closure,shuffle_matched_048,Copper,Silver,38315,15934,5231, **,other,2,4,3.296875,48,3090,False
g010_closure_override,10,closure_override,closure,shuffle_matched_048,Copper,Silver,38315,15934,38315, Copper,clean,1,3,1.8046875,48,3090,False
g010_exception_override,10,exception_override,closure,shuffle_matched_048,Copper,Silver,38315,15934,38315, Copper,clean,1,3,1.3046875,48,3090,False
g011_closure_update,11,closure_update,closure,shuffle_matched_048,Gold,Iron,6863,17186,5231, **,other,2,3,2.1328125,48,3090,False
g011_closure_override,11,closure_override,closure,shuffle_matched_048,Gold,Iron,6863,17186,5231, **,other,2,3,0.21875,48,3090,False
g011_exception_override,11,exception_override,closure,shuffle_matched_048,Gold,Iron,6863,17186,17186, Iron,conflict,3,1,-0.625,48,3090,False
g012_closure_update,12,closure_update,closure,shuffle_matched_048,Red,Blue,4075,7640,5231, **,other,2,3,1.0703125,48,3090,False
g012_closure_override,12,closure_override,closure,shuffle_matched_048,Red,Blue,4075,7640,5231, **,other,3,2,-0.796875,48,3090,False
g012_exception_override,12,exception_override,closure,shuffle_matched_048,Red,Blue,4075,7640,5231, **,other,3,2,-0.8125,48,3090,False
g015_closure_update,15,closure_update,closure,shuffle_matched_048,East,West,5571,4589,5231, **,other,2,3,1.2265625,48,3090,False
g015_closure_override,15,closure_override,closure,shuffle_matched_048,East,West,5571,4589,5231, **,other,3,2,-1.2265625,48,3090,False
g015_exception_override,15,exception_override,closure,shuffle_matched_048,East,West,5571,4589,4589, West,conflict,3,1,-1.4921875,48,3090,False
g018_closure_update,18,closure_update,closure,shuffle_matched_048,Red,Blue,4075,7640,5231, **,other,2,3,0.84375,48,3090,False
g018_closure_override,18,closure_override,closure,shuffle_matched_048,Red,Blue,4075,7640,7640, Blue,conflict,3,1,-1.078125,48,3090,False
g018_exception_override,18,exception_override,closure,shuffle_matched_048,Red,Blue,4075,7640,5231, **,other,3,2,-0.828125,48,3090,False
g022_closure_update,22,closure_update,closure,shuffle_matched_048,Copper,Silver,38315,15934,5231, **,other,2,3,2.0234375,48,3090,False
g022_closure_override,22,closure_override,closure,shuffle_matched_048,Copper,Silver,38315,15934,38315, Copper,clean,1,3,0.96875,48,3090,True
g022_exception_override,22,exception_override,closure,shuffle_matched_048,Copper,Silver,38315,15934,38315, Copper,clean,1,4,2.1015625,48,3090,False
g026_closure_update,26,closure_update,closure,shuffle_matched_048,North,South,4612,4316,5231, **,other,3,2,-0.1796875,48,3090,False
g026_closure_override,26,closure_override,closure,shuffle_matched_048,North,South,4612,4316,5231, **,other,2,3,0.3359375,48,3090,False
g026_exception_override,26,exception_override,closure,shuffle_matched_048,North,South,4612,4316,5231, **,other,2,3,0.9921875,48,3090,False
g030_closure_update,30,closure_update,closure,shuffle_matched_048,Red,Blue,4075,7640,5231, **,other,2,3,1.0625,48,3090,False
g030_closure_override,30,closure_override,closure,shuffle_matched_048,Red,Blue,4075,7640,7640, Blue,conflict,3,1,-0.6953125,48,3090,False
g030_exception_override,30,exception_override,closure,shuffle_matched_048,Red,Blue,4075,7640,5231, **,other,3,2,-0.96875,48,3090,False
g031_closure_update,31,closure_update,closure,shuffle_matched_048,Green,Yellow,6724,21730,5231, **,other,2,3,2.2421875,48,3090,False
g031_closure_override,31,closure_override,closure,shuffle_matched_048,Green,Yellow,6724,21730,6724, Green,clean,1,3,0.6640625,48,3090,False
g031_exception_override,31,exception_override,closure,shuffle_matched_048,Green,Yellow,6724,21730,5231, **,other,2,3,0.125,48,3090,False
g033_closure_update,33,closure_update,closure,shuffle_matched_048,East,West,5571,4589,5571, East,clean,1,3,2.75,48,3090,False
g033_closure_override,33,closure_override,closure,shuffle_matched_048,East,West,5571,4589,5571, East,clean,1,3,0.5234375,48,3090,False
g033_exception_override,33,exception_override,closure,shuffle_matched_048,East,West,5571,4589,5231, **,other,2,3,0.390625,48,3090,False
g039_closure_update,39,closure_update,closure,shuffle_matched_048,East,West,5571,4589,5231, **,other,2,3,2.1875,48,3090,False
g039_closure_override,39,closure_override,closure,shuffle_matched_048,East,West,5571,4589,5231, **,other,2,3,0.6171875,48,3090,False
g039_exception_override,39,exception_override,closure,shuffle_matched_048,East,West,5571,4589,5231, **,other,3,2,-0.03125,48,3090,False
g040_closure_update,40,closure_update,closure,shuffle_matched_048,Copper,Silver,38315,15934,5231, **,other,2,3,2.03125,48,3090,False
g040_closure_override,40,closure_override,closure,shuffle_matched_048,Copper,Silver,38315,15934,38315, Copper,clean,1,3,1.65625,48,3090,True
g040_exception_override,40,exception_override,closure,shuffle_matched_048,Copper,Silver,38315,15934,38315, Copper,clean,1,3,2.375,48,3090,False
g042_closure_update,42,closure_update,closure,shuffle_matched_048,Red,Blue,4075,7640,5231, **,other,2,3,1.1640625,48,3090,False
g042_closure_override,42,closure_override,closure,shuffle_matched_048,Red,Blue,4075,7640,5231, **,other,3,2,-0.5546875,48,3090,False
g042_exception_override,42,exception_override,closure,shuffle_matched_048,Red,Blue,4075,7640,5231, **,other,3,2,-0.015625,48,3090,False
g045_closure_update,45,closure_update,closure,shuffle_matched_048,East,West,5571,4589,5231, **,other,2,4,2.953125,48,3090,False
g045_closure_override,45,closure_override,closure,shuffle_matched_048,East,West,5571,4589,5231, **,other,2,3,0.765625,48,3090,False
g045_exception_override,45,exception_override,closure,shuffle_matched_048,East,West,5571,4589,5231, **,other,2,3,1.046875,48,3090,False
g053_closure_update,53,closure_update,closure,shuffle_matched_048,Gold,Iron,6863,17186,5231, **,other,2,3,1.734375,48,3090,False
g053_closure_override,53,closure_override,closure,shuffle_matched_048,Gold,Iron,6863,17186,6863, Gold,clean,1,3,1.4375,48,3090,False
g053_exception_override,53,exception_override,closure,shuffle_matched_048,Gold,Iron,6863,17186,5231, **,other,2,3,0.9609375,48,3090,False
g064_closure_update,64,closure_update,closure,shuffle_matched_048,Copper,Silver,38315,15934,5231, **,other,2,3,1.6328125,48,3090,False
g064_closure_override,64,closure_override,closure,shuffle_matched_048,Copper,Silver,38315,15934,38315, Copper,clean,1,3,1.625,48,3090,True
g064_exception_override,64,exception_override,closure,shuffle_matched_048,Copper,Silver,38315,15934,38315, Copper,clean,1,3,1.765625,48,3090,False
g067_closure_update,67,closure_update,closure,shuffle_matched_048,Green,Yellow,6724,21730,5231, **,other,2,3,2.171875,48,3090,False
g067_closure_override,67,closure_override,closure,shuffle_matched_048,Green,Yellow,6724,21730,5231, **,other,1,3,0.84375,48,3090,False
g067_exception_override,67,exception_override,closure,shuffle_matched_048,Green,Yellow,6724,21730,5231, **,other,2,3,0.0625,48,3090,False
g068_closure_update,68,closure_update,closure,shuffle_matched_048,North,South,4612,4316,5231, **,other,2,3,0.8203125,48,3090,False
g068_closure_override,68,closure_override,closure,shuffle_matched_048,North,South,4612,4316,4612, North,clean,1,3,1.328125,48,3090,True
g068_exception_override,68,exception_override,closure,shuffle_matched_048,North,South,4612,4316,5231, **,other,2,3,1.4140625,48,3090,False
g069_closure_update,69,closure_update,closure,shuffle_matched_048,East,West,5571,4589,5231, **,other,2,4,2.7109375,48,3090,False
g069_closure_override,69,closure_override,closure,shuffle_matched_048,East,West,5571,4589,5231, **,other,2,3,0.3984375,48,3090,False
g069_exception_override,69,exception_override,closure,shuffle_matched_048,East,West,5571,4589,5231, **,other,2,3,0.46875,48,3090,False
g073_closure_update,73,closure_update,closure,shuffle_matched_048,Green,Yellow,6724,21730,5231, **,other,2,3,1.4765625,48,3090,False
g073_closure_override,73,closure_override,closure,shuffle_matched_048,Green,Yellow,6724,21730,5231, **,other,2,3,0.234375,48,3090,False
g073_exception_override,73,exception_override,closure,shuffle_matched_048,Green,Yellow,6724,21730,5231, **,other,2,3,0.453125,48,3090,False
g077_closure_update,77,closure_update,closure,shuffle_matched_048,Gold,Iron,6863,17186,5231, **,other,2,3,2.1015625,48,3090,False
g077_closure_override,77,closure_override,closure,shuffle_matched_048,Gold,Iron,6863,17186,5231, **,other,2,3,0.734375,48,3090,False
g077_exception_override,77,exception_override,closure,shuffle_matched_048,Gold,Iron,6863,17186,5231, **,other,2,3,0.875,48,3090,False
g079_closure_update,79,closure_update,closure,shuffle_matched_048,Green,Yellow,6724,21730,5231, **,other,2,3,1.3984375,48,3090,False
g079_closure_override,79,closure_override,closure,shuffle_matched_048,Green,Yellow,6724,21730,21730, Yellow,conflict,2,1,-0.1796875,48,3090,False
g079_exception_override,79,exception_override,closure,shuffle_matched_048,Green,Yellow,6724,21730,5231, **,other,3,2,-0.5234375,48,3090,False
g080_closure_update,80,closure_update,closure,shuffle_matched_048,North,South,4612,4316,5231, **,other,2,3,0.203125,48,3090,False
g080_closure_override,80,closure_override,closure,shuffle_matched_048,North,South,4612,4316,5231, **,other,2,3,0.9140625,48,3090,False
g080_exception_override,80,exception_override,closure,shuffle_matched_048,North,South,4612,4316,4612, North,clean,1,3,1.3203125,48,3090,True
g085_closure_update,85,closure_update,closure,shuffle_matched_048,Green,Yellow,6724,21730,5231, **,other,2,4,1.890625,48,3090,False
g085_closure_override,85,closure_override,closure,shuffle_matched_048,Green,Yellow,6724,21730,5231, **,other,1,3,0.8203125,48,3090,False
g085_exception_override,85,exception_override,closure,shuffle_matched_048,Green,Yellow,6724,21730,5231, **,other,2,3,0.421875,48,3090,False
g088_closure_update,88,closure_update,closure,shuffle_matched_048,Copper,Silver,38315,15934,5231, **,other,2,3,2.8046875,48,3090,False
g088_closure_override,88,closure_override,closure,shuffle_matched_048,Copper,Silver,38315,15934,38315, Copper,clean,1,3,1.671875,48,3090,True
g088_exception_override,88,exception_override,closure,shuffle_matched_048,Copper,Silver,38315,15934,38315, Copper,clean,1,3,1.6953125,48,3090,False
g094_closure_update,94,closure_update,closure,shuffle_matched_048,Copper,Silver,38315,15934,5231, **,other,2,4,3.0703125,48,3090,False
g094_closure_override,94,closure_override,closure,shuffle_matched_048,Copper,Silver,38315,15934,38315, Copper,clean,1,3,0.859375,48,3090,True
g094_exception_override,94,exception_override,closure,shuffle_matched_048,Copper,Silver,38315,15934,38315, Copper,clean,1,3,1.359375,48,3090,False
g000_closure_update,0,closure_update,closure,shuffle_matched_049,Red,Blue,4075,7640,5231, **,other,2,3,0.9921875,49,3091,False
g000_closure_override,0,closure_override,closure,shuffle_matched_049,Red,Blue,4075,7640,5231, **,other,3,2,-0.65625,49,3091,False
g000_exception_override,0,exception_override,closure,shuffle_matched_049,Red,Blue,4075,7640,5231, **,other,3,2,-0.609375,49,3091,False
g004_closure_update,4,closure_update,closure,shuffle_matched_049,Copper,Silver,38315,15934,5231, **,other,2,3,2.4765625,49,3091,False
g004_closure_override,4,closure_override,closure,shuffle_matched_049,Copper,Silver,38315,15934,38315, Copper,clean,1,3,2.0234375,49,3091,False
g004_exception_override,4,exception_override,closure,shuffle_matched_049,Copper,Silver,38315,15934,38315, Copper,clean,1,3,2.0859375,49,3091,False
g009_closure_update,9,closure_update,closure,shuffle_matched_049,East,West,5571,4589,5231, **,other,2,3,2.875,49,3091,False
g009_closure_override,9,closure_override,closure,shuffle_matched_049,East,West,5571,4589,5231, **,other,2,3,0.421875,49,3091,False
g009_exception_override,9,exception_override,closure,shuffle_matched_049,East,West,5571,4589,5231, **,other,2,3,0.3203125,49,3091,False
g010_closure_update,10,closure_update,closure,shuffle_matched_049,Copper,Silver,38315,15934,5231, **,other,2,4,3.296875,49,3091,False
g010_closure_override,10,closure_override,closure,shuffle_matched_049,Copper,Silver,38315,15934,38315, Copper,clean,1,3,1.8359375,49,3091,False
g010_exception_override,10,exception_override,closure,shuffle_matched_049,Copper,Silver,38315,15934,5231, **,other,2,3,1.3046875,49,3091,False
g011_closure_update,11,closure_update,closure,shuffle_matched_049,Gold,Iron,6863,17186,5231, **,other,2,3,2.1328125,49,3091,False
g011_closure_override,11,closure_override,closure,shuffle_matched_049,Gold,Iron,6863,17186,5231, **,other,2,3,0.21875,49,3091,False
g011_exception_override,11,exception_override,closure,shuffle_matched_049,Gold,Iron,6863,17186,5231, **,other,3,2,-1.1484375,49,3091,False
g012_closure_update,12,closure_update,closure,shuffle_matched_049,Red,Blue,4075,7640,5231, **,other,2,3,1.0703125,49,3091,False
g012_closure_override,12,closure_override,closure,shuffle_matched_049,Red,Blue,4075,7640,5231, **,other,3,2,-0.859375,49,3091,False
g012_exception_override,12,exception_override,closure,shuffle_matched_049,Red,Blue,4075,7640,5231, **,other,3,2,-0.78125,49,3091,False
g015_closure_update,15,closure_update,closure,shuffle_matched_049,East,West,5571,4589,5231, **,other,2,3,1.2265625,49,3091,False
g015_closure_override,15,closure_override,closure,shuffle_matched_049,East,West,5571,4589,5231, **,other,3,2,-1.2265625,49,3091,False
g015_exception_override,15,exception_override,closure,shuffle_matched_049,East,West,5571,4589,5231, **,other,3,2,-1.3828125,49,3091,False
g018_closure_update,18,closure_update,closure,shuffle_matched_049,Red,Blue,4075,7640,5231, **,other,2,3,0.84375,49,3091,False
g018_closure_override,18,closure_override,closure,shuffle_matched_049,Red,Blue,4075,7640,5231, **,other,3,2,-0.875,49,3091,False
g018_exception_override,18,exception_override,closure,shuffle_matched_049,Red,Blue,4075,7640,5231, **,other,3,2,-0.453125,49,3091,False
g022_closure_update,22,closure_update,closure,shuffle_matched_049,Copper,Silver,38315,15934,5231, **,other,2,3,2.0234375,49,3091,False
g022_closure_override,22,closure_override,closure,shuffle_matched_049,Copper,Silver,38315,15934,38315, Copper,clean,1,3,0.953125,49,3091,True
g022_exception_override,22,exception_override,closure,shuffle_matched_049,Copper,Silver,38315,15934,38315, Copper,clean,1,3,1.5625,49,3091,False
g026_closure_update,26,closure_update,closure,shuffle_matched_049,North,South,4612,4316,5231, **,other,3,2,-0.1796875,49,3091,False
g026_closure_override,26,closure_override,closure,shuffle_matched_049,North,South,4612,4316,5231, **,other,2,3,0.296875,49,3091,False
g026_exception_override,26,exception_override,closure,shuffle_matched_049,North,South,4612,4316,5231, **,other,2,3,0.6484375,49,3091,False
g030_closure_update,30,closure_update,closure,shuffle_matched_049,Red,Blue,4075,7640,5231, **,other,2,3,1.0390625,49,3091,False
g030_closure_override,30,closure_override,closure,shuffle_matched_049,Red,Blue,4075,7640,7640, Blue,conflict,3,1,-0.796875,49,3091,False
g030_exception_override,30,exception_override,closure,shuffle_matched_049,Red,Blue,4075,7640,5231, **,other,2,3,0.1328125,49,3091,False
g031_closure_update,31,closure_update,closure,shuffle_matched_049,Green,Yellow,6724,21730,5231, **,other,2,3,2.2421875,49,3091,False
g031_closure_override,31,closure_override,closure,shuffle_matched_049,Green,Yellow,6724,21730,6724, Green,clean,1,3,0.8046875,49,3091,False
g031_exception_override,31,exception_override,closure,shuffle_matched_049,Green,Yellow,6724,21730,6724, Green,clean,1,3,1.21875,49,3091,False
g033_closure_update,33,closure_update,closure,shuffle_matched_049,East,West,5571,4589,5571, East,clean,1,3,2.75,49,3091,False
g033_closure_override,33,closure_override,closure,shuffle_matched_049,East,West,5571,4589,5571, East,clean,1,3,0.828125,49,3091,False
g033_exception_override,33,exception_override,closure,shuffle_matched_049,East,West,5571,4589,5231, **,other,2,3,0.28125,49,3091,False
g039_closure_update,39,closure_update,closure,shuffle_matched_049,East,West,5571,4589,5231, **,other,2,3,2.1875,49,3091,False
g039_closure_override,39,closure_override,closure,shuffle_matched_049,East,West,5571,4589,5231, **,other,2,3,0.5625,49,3091,False
g039_exception_override,39,exception_override,closure,shuffle_matched_049,East,West,5571,4589,5231, **,other,3,2,-0.0859375,49,3091,False
g040_closure_update,40,closure_update,closure,shuffle_matched_049,Copper,Silver,38315,15934,5231, **,other,2,3,2.03125,49,3091,False
g040_closure_override,40,closure_override,closure,shuffle_matched_049,Copper,Silver,38315,15934,38315, Copper,clean,1,3,1.484375,49,3091,True
g040_exception_override,40,exception_override,closure,shuffle_matched_049,Copper,Silver,38315,15934,38315, Copper,clean,1,3,2.375,49,3091,False
g042_closure_update,42,closure_update,closure,shuffle_matched_049,Red,Blue,4075,7640,5231, **,other,2,3,1.1640625,49,3091,False
g042_closure_override,42,closure_override,closure,shuffle_matched_049,Red,Blue,4075,7640,5231, **,other,3,1,-0.734375,49,3091,False
g042_exception_override,42,exception_override,closure,shuffle_matched_049,Red,Blue,4075,7640,5231, **,other,3,2,-0.015625,49,3091,False
g045_closure_update,45,closure_update,closure,shuffle_matched_049,East,West,5571,4589,5231, **,other,2,4,2.953125,49,3091,False
g045_closure_override,45,closure_override,closure,shuffle_matched_049,East,West,5571,4589,5231, **,other,2,3,0.75,49,3091,False
g045_exception_override,45,exception_override,closure,shuffle_matched_049,East,West,5571,4589,5231, **,other,2,3,1.046875,49,3091,False
g053_closure_update,53,closure_update,closure,shuffle_matched_049,Gold,Iron,6863,17186,5231, **,other,2,3,1.734375,49,3091,False
g053_closure_override,53,closure_override,closure,shuffle_matched_049,Gold,Iron,6863,17186,5231, **,other,1,3,1.59375,49,3091,False
g053_exception_override,53,exception_override,closure,shuffle_matched_049,Gold,Iron,6863,17186,5231, **,other,2,3,0.3984375,49,3091,False
g064_closure_update,64,closure_update,closure,shuffle_matched_049,Copper,Silver,38315,15934,5231, **,other,2,3,1.6328125,49,3091,False
g064_closure_override,64,closure_override,closure,shuffle_matched_049,Copper,Silver,38315,15934,38315, Copper,clean,1,3,1.703125,49,3091,True
g064_exception_override,64,exception_override,closure,shuffle_matched_049,Copper,Silver,38315,15934,38315, Copper,clean,1,3,2.3828125,49,3091,False
g067_closure_update,67,closure_update,closure,shuffle_matched_049,Green,Yellow,6724,21730,5231, **,other,2,3,2.171875,49,3091,False
g067_closure_override,67,closure_override,closure,shuffle_matched_049,Green,Yellow,6724,21730,5231, **,other,2,3,0.8125,49,3091,False
g067_exception_override,67,exception_override,closure,shuffle_matched_049,Green,Yellow,6724,21730,5231, **,other,2,3,0.0625,49,3091,False
g068_closure_update,68,closure_update,closure,shuffle_matched_049,North,South,4612,4316,5231, **,other,2,3,0.8203125,49,3091,False
g068_closure_override,68,closure_override,closure,shuffle_matched_049,North,South,4612,4316,4612, North,clean,1,3,1.328125,49,3091,True
g068_exception_override,68,exception_override,closure,shuffle_matched_049,North,South,4612,4316,4612, North,clean,1,3,1.7578125,49,3091,False
g069_closure_update,69,closure_update,closure,shuffle_matched_049,East,West,5571,4589,5231, **,other,2,4,2.7109375,49,3091,False
g069_closure_override,69,closure_override,closure,shuffle_matched_049,East,West,5571,4589,5231, **,other,2,3,0.3125,49,3091,False
g069_exception_override,69,exception_override,closure,shuffle_matched_049,East,West,5571,4589,5231, **,other,2,3,0.5234375,49,3091,False
g073_closure_update,73,closure_update,closure,shuffle_matched_049,Green,Yellow,6724,21730,5231, **,other,2,3,1.4765625,49,3091,False
g073_closure_override,73,closure_override,closure,shuffle_matched_049,Green,Yellow,6724,21730,5231, **,other,2,3,0.1640625,49,3091,False
g073_exception_override,73,exception_override,closure,shuffle_matched_049,Green,Yellow,6724,21730,5231, **,other,3,2,-0.4140625,49,3091,False
g077_closure_update,77,closure_update,closure,shuffle_matched_049,Gold,Iron,6863,17186,5231, **,other,2,3,2.1015625,49,3091,False
g077_closure_override,77,closure_override,closure,shuffle_matched_049,Gold,Iron,6863,17186,5231, **,other,2,3,0.734375,49,3091,False
g077_exception_override,77,exception_override,closure,shuffle_matched_049,Gold,Iron,6863,17186,5231, **,other,2,3,0.875,49,3091,False
g079_closure_update,79,closure_update,closure,shuffle_matched_049,Green,Yellow,6724,21730,5231, **,other,2,3,1.3984375,49,3091,False
g079_closure_override,79,closure_override,closure,shuffle_matched_049,Green,Yellow,6724,21730,21730, Yellow,conflict,2,1,-0.1796875,49,3091,False
g079_exception_override,79,exception_override,closure,shuffle_matched_049,Green,Yellow,6724,21730,5231, **,other,3,2,-0.5234375,49,3091,False
g080_closure_update,80,closure_update,closure,shuffle_matched_049,North,South,4612,4316,5231, **,other,2,3,0.203125,49,3091,False
g080_closure_override,80,closure_override,closure,shuffle_matched_049,North,South,4612,4316,4612, North,clean,1,3,0.9453125,49,3091,True
g080_exception_override,80,exception_override,closure,shuffle_matched_049,North,South,4612,4316,4612, North,clean,1,3,1.5078125,49,3091,True
g085_closure_update,85,closure_update,closure,shuffle_matched_049,Green,Yellow,6724,21730,5231, **,other,2,3,1.75,49,3091,False
g085_closure_override,85,closure_override,closure,shuffle_matched_049,Green,Yellow,6724,21730,6724, Green,clean,1,3,0.859375,49,3091,True
g085_exception_override,85,exception_override,closure,shuffle_matched_049,Green,Yellow,6724,21730,5231, **,other,3,2,-0.5,49,3091,False
g088_closure_update,88,closure_update,closure,shuffle_matched_049,Copper,Silver,38315,15934,5231, **,other,2,3,2.8046875,49,3091,False
g088_closure_override,88,closure_override,closure,shuffle_matched_049,Copper,Silver,38315,15934,38315, Copper,clean,1,3,1.3984375,49,3091,True
g088_exception_override,88,exception_override,closure,shuffle_matched_049,Copper,Silver,38315,15934,38315, Copper,clean,1,3,1.6953125,49,3091,False
g094_closure_update,94,closure_update,closure,shuffle_matched_049,Copper,Silver,38315,15934,5231, **,other,2,4,3.0703125,49,3091,False
g094_closure_override,94,closure_override,closure,shuffle_matched_049,Copper,Silver,38315,15934,38315, Copper,clean,1,3,1.6171875,49,3091,True
g094_exception_override,94,exception_override,closure,shuffle_matched_049,Copper,Silver,38315,15934,38315, Copper,clean,1,3,1.296875,49,3091,False
